Date,Year,Month,Month_Name,DayOfYear,WeekOfYear,Day_of_Week,Season,Season_Encoded,Is_Public_Holiday,Holiday_Name,Holiday_Category,Holiday_Cat_Encoded,Is_Friday,COVID_Period,Eid_Window,Weather_Code,Weather_Sunny,Weather_Cloudy,Weather_Rainy,Dhaka_demand,Dhaka_supply,Dhaka_load,National_MaxDemand_Gen_MW,National_MaxDemand_Sub_MW,Highest_Gen_MW,Minimum_Gen_MW,DayPeak_Gen_MW,EveningPeak_Gen_MW,MinGen_Forecast_MW,Max_Temp_Dhaka_C,Gas_LF_Limitation_MW,Coal_Limitation_MW,Kaptai_LowWater_MW,Plants_Shutdown_MW,Source_File,Source_Version,Holiday name,Holiday_cat
11/21/2019,2019,11,November,325,47,Thursday,Post_Monsoon,3,0,Weekday,Weekday,0,0,0,0,3,0,1,0,3214,3214,0,8785,8110,8785,5647,7294.7,8785,5475.9,29.6,1349,0,0,470,version 5.xlsx,5,No Holiday,0
11/22/2019,2019,11,November,326,47,Friday,Post_Monsoon,3,0,Weekday,Weekday,0,1,0,0,3,0,1,0,2686,2686,0,7886,7344,7886,5283.5,5725.9,7886,5200,29.3,1164,0,0,470,version 5.xlsx,5,No Holiday,0
11/23/2019,2019,11,November,327,47,Saturday,Post_Monsoon,3,0,Weekday,Weekday,0,0,0,0,3,0,1,0,3223,3223,0,8827,8197,8827,5200,6731.7,8946,5470,28.8,1114,0,0,470,version 5.xlsx,5,No Holiday,0
11/24/2019,2019,11,November,328,47,Sunday,Post_Monsoon,3,0,Weekday,Weekday,0,0,0,0,3,0,1,0,3248,3248,0,8855,8224,8855,5470,7062.8,8855,5500,29.1,1204,0,0,555,version 5.xlsx,5,No Holiday,0
11/25/2019,2019,11,November,329,48,Monday,Post_Monsoon,3,0,Weekday,Weekday,0,0,0,0,3,0,1,0,3346,3346,0,8982,8356,8978,5500,7110.7,8982,5609,29,1255,0,0,555,version 5.xlsx,5,No Holiday,0
11/26/2019,2019,11,November,330,48,Tuesday,Post_Monsoon,3,0,Weekday,Weekday,0,0,0,0,2,0,1,0,3196,3196,0,8904,8280,8904,5609,7208.42,8904,5687,29.8,1168,0,0,555,version 5.xlsx,5,No Holiday,0
11/27/2019,2019,11,November,331,48,Wednesday,Post_Monsoon,3,0,Weekday,Weekday,0,0,0,0,0,1,0,0,3442,3442,0,9185,8537,9185,5687,7267.2,9185,5752,30.5,1163,0,0,555,version 5.xlsx,5,No Holiday,0
11/28/2019,2019,11,November,332,48,Thursday,Post_Monsoon,3,0,Weekday,Weekday,0,0,0,0,0,1,0,0,3438,3438,0,9051,8496,9051,5752,7433.9,9051,5721.63,31,1198,0,0,555,version 5.xlsx,5,No Holiday,0
11/29/2019,2019,11,November,333,48,Friday,Post_Monsoon,3,0,Weekday,Weekday,0,1,0,0,0,1,0,0,2843,2843,0,8049,7520,8049,5597,6103.21,8049,5433,31.3,1118,0,0,555,version 5.xlsx,5,No Holiday,0
11/30/2019,2019,11,November,334,48,Saturday,Post_Monsoon,3,0,Weekday,Weekday,0,0,0,0,3,0,1,0,3318,3318,0,8989,8340,8989,5433,6870.89,8989,5630,30.9,1130,0,0,555,version 5.xlsx,5,No Holiday,0
12/1/2019,2019,12,December,335,48,Sunday,Winter,0,0,Weekday,Weekday,0,0,0,0,3,0,1,0,3241,3241,0,8778,8205,8778,5630,7011.5,8778,5471,29,1072,0,0,324,version 5.xlsx,5,No Holiday,0
12/2/2019,2019,12,December,336,49,Monday,Winter,0,0,Weekday,Weekday,0,0,0,0,2,0,1,0,3215,3215,0,8542,7999,8542,5471,6665.6,8542,5287,27.9,966,0,0,321,version 5.xlsx,5,No Holiday,0
12/3/2019,2019,12,December,337,49,Tuesday,Winter,0,0,Weekday,Weekday,0,0,0,0,2,0,1,0,3120,3120,0,8529,8056,8529,5287,6760.9,8529,5243,27,1193,0,0,348,version 5.xlsx,5,No Holiday,0
12/4/2019,2019,12,December,338,49,Wednesday,Winter,0,0,Weekday,Weekday,0,0,0,0,2,0,1,0,3154,3154,0,8708,8107,8708,5243,6876,8708,5196,27.3,1138,0,0,915,version 5.xlsx,5,No Holiday,0
12/5/2019,2019,12,December,339,49,Thursday,Winter,0,0,Weekday,Weekday,0,0,0,0,3,0,1,0,3195,3195,0,8692,8119,8692,5196,6912.96,8692,5338,31.5,1146,0,0,585,version 5.xlsx,5,No Holiday,0
12/6/2019,2019,12,December,340,49,Friday,Winter,0,0,Weekday,Weekday,0,1,0,0,3,0,1,0,3154,3154,0,7568,7109,7568,5302.4,5734.3,7568,4858,30.8,1186,0,0,585,version 5.xlsx,5,No Holiday,0
12/7/2019,2019,12,December,341,49,Saturday,Winter,0,0,Weekday,Weekday,0,0,0,0,2,0,1,0,3086,3086,0,8538,7984,8538,4858,6360.54,8538,5384,29.8,1076,0,0,585,version 5.xlsx,5,No Holiday,0
12/8/2019,2019,12,December,342,49,Sunday,Winter,0,0,Weekday,Weekday,0,0,0,0,3,0,1,0,3207,3207,0,8619,8173,8619,5384,6856.82,8619,5388,29.5,1116,0,0,585,version 5.xlsx,5,No Holiday,0
12/9/2019,2019,12,December,343,50,Monday,Winter,0,0,Weekday,Weekday,0,0,0,0,51,0,0,1,3202,3202,0,8721,8123,8721,5388,6965.25,8721,5279,27.4,1230,0,150,1387,version 5.xlsx,5,No Holiday,0
12/10/2019,2019,12,December,344,50,Tuesday,Winter,0,0,Weekday,Weekday,0,0,0,0,0,1,0,0,3096,3096,0,8538,8072,8538,5279,6768.03,8538,5134,27.9,1228,0,150,1387,version 5.xlsx,5,No Holiday,0
12/11/2019,2019,12,December,345,50,Wednesday,Winter,0,0,Weekday,Weekday,0,0,0,0,2,0,1,0,3060,3060,0,8528,8047,8528,5134,6797.37,8528,5146,26.8,1212,0,150,1387,version 5.xlsx,5,No Holiday,0
12/12/2019,2019,12,December,346,50,Thursday,Winter,0,0,Weekday,Weekday,0,0,0,0,3,0,1,0,3135,3135,0,8622,8071,8622,5146,6864.96,8622,5039,26.2,1092,0,150,1387,version 5.xlsx,5,No Holiday,0
12/13/2019,2019,12,December,347,50,Friday,Winter,0,0,Weekday,Weekday,0,1,0,0,0,1,0,0,2478,2478,0,7568,6960,7568,5039,5504.8,7568,4782,27.2,1237,0,150,1377,version 5.xlsx,5,No Holiday,0
12/14/2019,2019,12,December,348,50,Saturday,Winter,0,0,Weekday,Weekday,0,0,0,0,1,1,0,0,3018,3018,0,8523,7941,8523,4782,6711.3,8523,5307,27.7,1080,0,149,1387,version 5.xlsx,5,No Holiday,0
12/15/2019,2019,12,December,349,50,Sunday,Winter,0,0,Weekday,Weekday,0,0,0,0,0,1,0,0,2997,2997,0,8517,7900,8517,5307,6938.38,8517,5134,27.8,1168,0,148,1387,version 5.xlsx,5,No Holiday,0
12/16/2019,2019,12,December,350,51,Monday,Winter,0,1,Victory Day,National,1,0,0,0,3,0,1,0,2997,2997,0,7443,6807,7443,5134,5757.33,7443,4671,26.2,1172,0,149,1387,version 5.xlsx,5,Victory Day,1
12/17/2019,2019,12,December,351,51,Tuesday,Winter,0,0,Weekday,Weekday,0,0,0,0,2,0,1,0,3024,3024,0,8445,7899,8445,4671,6701.24,8445,5179,25.7,1160,0,147,1237,version 5.xlsx,5,No Holiday,0
12/18/2019,2019,12,December,352,51,Wednesday,Winter,0,0,Weekday,Weekday,0,0,0,0,0,1,0,0,2943,2943,0,8479,7877,8479,5179,6644.1,8479,4989,20,1490,0,147,1280,version 5.xlsx,5,No Holiday,0
12/19/2019,2019,12,December,353,51,Thursday,Winter,0,0,Weekday,Weekday,0,0,0,0,2,0,1,0,2896,2896,0,8487,7860,8487,4989,6824.84,8487,5075,16.2,1357,0,148,1220,version 5.xlsx,5,No Holiday,0
12/20/2019,2019,12,December,354,51,Friday,Winter,0,0,Weekday,Weekday,0,1,0,0,3,0,1,0,2384,2384,0,7597,7004,7597,5075,5827.3,7597,4596,17.3,1403,0,148,1220,version 5.xlsx,5,No Holiday,0
12/21/2019,2019,12,December,355,51,Saturday,Winter,0,0,Weekday,Weekday,0,0,0,0,3,0,1,0,2816,2816,0,8364,7845,8364,4596,6434.1,8364,5021,15.5,1257,0,148,1111,version 5.xlsx,5,No Holiday,0
12/22/2019,2019,12,December,356,51,Sunday,Winter,0,0,Weekday,Weekday,0,0,0,0,2,0,1,0,2909,2909,0,8600,7993,8600,5021,6911,8600,4939,15.5,1307,0,150,1076,version 5.xlsx,5,No Holiday,0
12/23/2019,2019,12,December,357,52,Monday,Winter,0,0,Weekday,Weekday,0,0,0,0,3,0,1,0,2911,2911,0,8483,7859,8483,4939,6609.89,8483,4925,22,1389,0,144,362,version 5.xlsx,5,No Holiday,0
12/24/2019,2019,12,December,358,52,Tuesday,Winter,0,0,Weekday,Weekday,0,0,0,0,2,0,1,0,2893,2893,0,8636,7874,8636,4925,6651.7,8636,4818,22.2,1369,0,147,363,version 5.xlsx,5,No Holiday,0
12/25/2019,2019,12,December,359,52,Wednesday,Winter,0,1,Christmas Day,Religious_Christian,4,0,0,0,3,0,1,0,2838,2838,0,8573,7759,8573,4818,6501.9,8573,4984,21.1,1408,0,186,363,version 5.xlsx,5,Christmas,1
12/26/2019,2019,12,December,360,52,Thursday,Winter,0,0,Weekday,Weekday,0,0,0,0,51,0,0,1,2881,2881,0,8555,7800,8555,4984,6512.8,8489,4418,21.8,1429,0,186,363,version 5.xlsx,5,No Holiday,0
12/27/2019,2019,12,December,361,52,Friday,Winter,0,0,Weekday,Weekday,0,1,0,0,53,0,0,1,2376,2376,0,7601,6901,7601,4418,5788.1,7601,4547,18.7,1404,0,189,363,version 5.xlsx,5,No Holiday,0
12/28/2019,2019,12,December,362,52,Saturday,Winter,0,0,Weekday,Weekday,0,0,0,0,3,0,1,0,2893,2893,0,8711,7924,8711,4547,6034.3,8711,5030,20.7,1469,0,186,363,version 5.xlsx,5,No Holiday,0
12/29/2019,2019,12,December,363,52,Sunday,Winter,0,0,Weekday,Weekday,0,0,0,0,0,1,0,0,2888,2888,0,8567,7868,8567,5030,6548.59,8567,5083,25.2,1299,0,190,363,version 5.xlsx,5,No Holiday,0
12/30/2019,2019,12,December,364,1,Monday,Winter,0,0,Weekday,Weekday,0,0,0,0,3,0,1,0,2961,2961,0,8702,8039,8702,5083,6708.5,8702,5073,26.5,1304,0,185,363,version 5.xlsx,5,No Holiday,0
12/31/2019,2019,12,December,365,1,Tuesday,Winter,0,0,Weekday,Weekday,0,0,0,0,0,1,0,0,2961,2961,0,8667,8039,8667,5073,6700.8,8667,5176,28,1329,0,185,543,version 5.xlsx,5,No Holiday,0
1/1/2020,2020,1,January,1,1,Wednesday,Winter,0,0,Weekday,Weekday,0,0,0,0,3,0,1,0,2844,2844,0,8436,7799,8436,5176,6749.72,8436,5041,28.5,1229,0,185,1098,version 5.xlsx,5,No Holiday,0
1/3/2020,2020,1,January,3,1,Friday,Winter,0,0,Weekday,Weekday,0,1,0,0,63,0,0,1,2375,2375,0,7537,6752,7537,4682,5527.5,7537,4592,22.5,1299,0,183,763,version 5.xlsx,5,No Holiday,0
1/4/2020,2020,1,January,4,1,Saturday,Winter,0,0,Weekday,Weekday,0,0,0,0,51,0,0,1,2791,2791,0,8397,7729,8397,4592,6108.49,8397,5007,23.9,1279,0,184,763,version 5.xlsx,5,No Holiday,0
1/5/2020,2020,1,January,5,1,Sunday,Winter,0,0,Weekday,Weekday,0,0,0,0,53,0,0,1,2803,2803,0,8221,7518,8221,5007,6764.71,8221,5117,22.8,1299,0,184,543,version 5.xlsx,5,No Holiday,0
1/6/2020,2020,1,January,6,2,Monday,Winter,0,0,Weekday,Weekday,0,0,0,0,3,0,1,0,2929,2929,0,8575,7979,8575,5117,6578.48,8575,5125,22.6,1349,0,184,543,version 5.xlsx,5,No Holiday,0
1/7/2020,2020,1,January,7,2,Tuesday,Winter,0,0,Weekday,Weekday,0,0,0,0,3,0,1,0,2856,2856,0,8584,7974,8584,5125,6668,8584,5183,18.6,1269,0,185,543,version 5.xlsx,5,No Holiday,0
1/8/2020,2020,1,January,8,2,Wednesday,Winter,0,0,Weekday,Weekday,0,0,0,0,3,0,1,0,2895,2895,0,8689,8054,8689,5183,6792.8,8689,5190,22.3,1284,0,184,953,version 5.xlsx,5,No Holiday,0
1/9/2020,2020,1,January,9,2,Thursday,Winter,0,0,Weekday,Weekday,0,0,0,0,53,0,0,1,2926,2926,0,8484,7869,8484,5190,6845.31,8484,5055,23,1034,0,185,953,version 5.xlsx,5,No Holiday,0
1/10/2020,2020,1,January,10,2,Friday,Winter,0,0,Weekday,Weekday,0,1,0,0,3,0,1,0,2428,2428,0,7680,7039,7680,5055,5895.79,7680,4780,24.4,1079,0,185,953,version 5.xlsx,5,No Holiday,0
1/11/2020,2020,1,January,11,2,Saturday,Winter,0,0,Weekday,Weekday,0,0,0,0,2,0,1,0,2856,2856,0,8653,7960,8653,4780,6786.02,8653,5133,17,1034,0,155,952,version 5.xlsx,5,No Holiday,0
1/12/2020,2020,1,January,12,2,Sunday,Winter,0,0,Weekday,Weekday,0,0,0,0,1,1,0,0,2736,2736,0,8561,7909,8561,5133,6493.12,8561,5029,17.1,934,0,190,953,version 5.xlsx,5,No Holiday,0
1/13/2020,2020,1,January,13,3,Monday,Winter,0,0,Weekday,Weekday,0,0,0,0,0,1,0,0,2970,2970,0,8827,8075,8827,5029,6893.3,8827,5219,23.6,927,0,190,863,version 5.xlsx,5,No Holiday,0
1/14/2020,2020,1,January,14,3,Tuesday,Winter,0,0,Weekday,Weekday,0,0,0,0,3,0,1,0,2984,2984,0,8727,8164,8727,5219,7100.66,8727,5294,24,1024,0,190,722,version 5.xlsx,5,No Holiday,0
1/15/2020,2020,1,January,15,3,Wednesday,Winter,0,0,Weekday,Weekday,0,0,0,0,0,1,0,0,2905,2905,0,8762,8083,8762,5294,7023,8762,5284,24,1204,0,187,580,version 5.xlsx,5,No Holiday,0
1/16/2020,2020,1,January,16,3,Thursday,Winter,0,0,Weekday,Weekday,0,0,0,0,0,1,0,0,3042,3042,0,8908,8295,8908,5284,6946.52,8908,5446,27.8,1204,0,189,580,version 5.xlsx,5,No Holiday,0
1/17/2020,2020,1,January,17,3,Friday,Winter,0,0,Weekday,Weekday,0,1,0,0,0,1,0,0,2482,2482,0,7918,7396,7918,5446,6165.1,7918,5109,29.6,1204,0,190,580,version 5.xlsx,5,No Holiday,0
1/18/2020,2020,1,January,18,3,Saturday,Winter,0,0,Weekday,Weekday,0,0,0,0,0,1,0,0,2990,2990,0,8805,8259,8805,5109,6586.38,8805,5472,29.6,1275,0,187,495,version 5.xlsx,5,No Holiday,0
1/19/2020,2020,1,January,19,3,Sunday,Winter,0,0,Weekday,Weekday,0,0,0,0,2,0,1,0,3037,3037,0,8978,8206,8978,5472,7148.7,8978,5518,28,1275,0,187,495,version 5.xlsx,5,No Holiday,0
1/20/2020,2020,1,January,20,4,Monday,Winter,0,0,Weekday,Weekday,0,0,0,0,53,0,0,1,3047,3047,0,8959,8339.4,8959,5518,7042.4,8959,5479,23.4,1580,0,194,495,version 5.xlsx,5,No Holiday,0
1/21/2020,2020,1,January,21,4,Tuesday,Winter,0,0,Weekday,Weekday,0,0,0,0,3,0,1,0,2978,2978,0,9009,8250,9009,5479,6999.4,9009,5382,23.7,1580,0,190,495,version 5.xlsx,5,No Holiday,0
1/22/2020,2020,1,January,22,4,Wednesday,Winter,0,0,Weekday,Weekday,0,0,0,0,0,1,0,0,3049,3049,0,9076,8310,9076,5382,7107.6,9076,5486,24.4,1580,0,196,495,version 5.xlsx,5,No Holiday,0
1/23/2020,2020,1,January,23,4,Thursday,Winter,0,0,Weekday,Weekday,0,0,0,0,3,0,1,0,2950,2950,0,8895,8177,8895,5486,7266,8895,5530,23.6,1580,0,193,495,version 5.xlsx,5,No Holiday,0
1/24/2020,2020,1,January,24,4,Friday,Winter,0,0,Weekday,Weekday,0,1,0,0,3,0,1,0,2431,2431,0,8121,7418,8121,5530,6011.76,8121,5130,24.7,1580,0,194,495,version 5.xlsx,5,No Holiday,0
1/25/2020,2020,1,January,25,4,Saturday,Winter,0,0,Weekday,Weekday,0,0,0,0,0,1,0,0,2854,2854,0,8866,8047,8866,5130,6786,8866,5567,23.9,1178,0,196,830,version 5.xlsx,5,No Holiday,0
1/26/2020,2020,1,January,26,4,Sunday,Winter,0,0,Weekday,Weekday,0,0,0,0,0,1,0,0,2952,2952,0,9019,8216,9019,5567,7308.5,9019,5589,23.6,1275,0,190,819,version 5.xlsx,5,No Holiday,0
1/27/2020,2020,1,January,27,5,Monday,Winter,0,0,Weekday,Weekday,0,0,0,0,3,0,1,0,3100,3100,0,9068,8460,9068,5589,7191.55,9068,5559,23,1275,0,190,657,version 5.xlsx,5,No Holiday,0
1/28/2020,2020,1,January,28,5,Tuesday,Winter,0,0,Weekday,Weekday,0,0,0,0,0,1,0,0,3011,3011,0,9196,8330,9196,5559,7366.5,9196,5736,24.3,1455,0,198,507,version 5.xlsx,5,No Holiday,0
1/29/2020,2020,1,January,29,5,Wednesday,Winter,0,0,Weekday,Weekday,0,0,0,0,51,0,0,1,3046,3046,0,9223,8313,9223,5736,7607.44,9223,5792,21.9,1455,0,198,528,version 5.xlsx,5,No Holiday,0
1/30/2020,2020,1,January,30,5,Thursday,Winter,0,0,Weekday,Weekday,0,0,0,0,53,0,0,1,2931,2931,0,9077,8203,9077,5792,7826.5,9077,5662,24.9,1410,0,198,105,version 5.xlsx,5,No Holiday,0
1/31/2020,2020,1,January,31,5,Friday,Winter,0,0,Weekday,Weekday,0,1,0,0,2,0,1,0,2438,2438,0,8250,7429,8250,5662,6681.08,8250,5350,24,1415,0,200,105,version 5.xlsx,5,No Holiday,0
2/1/2020,2020,2,February,32,5,Saturday,Winter,0,0,Weekday,Weekday,0,0,0,0,0,1,0,0,2652,2652,0,8731,7878,8731,5350,6394.33,8731,5467,25,1380,0,150,105,version 5.xlsx,5,No Holiday,0
2/2/2020,2020,2,February,33,5,Sunday,Winter,0,0,Weekday,Weekday,0,0,0,0,0,1,0,0,2899,2899,0,8940,8089,8940,5467,7275.68,8940,5478,23.8,1600,0,150,105,version 5.xlsx,5,No Holiday,0
2/3/2020,2020,2,February,34,6,Monday,Winter,0,0,Weekday,Weekday,0,0,0,0,0,1,0,0,2989,2989,0,8963,8154,8963,5478,7767.27,8963,5498,24,1488,0,150,800,version 5.xlsx,5,No Holiday,0
2/4/2020,2020,2,February,35,6,Tuesday,Winter,0,0,Weekday,Weekday,0,0,0,0,3,0,1,0,3015,3015,0,9126,8273,9126,5498,7643.3,9126,5624,25.7,1660,0,159,800,version 5.xlsx,5,No Holiday,0
2/5/2020,2020,2,February,36,6,Wednesday,Winter,0,0,Weekday,Weekday,0,0,0,0,3,0,1,0,3018,3018,0,9099,8276,9099,5624,7404.26,9099,5573,26,1545,0,158,780,version 5.xlsx,5,No Holiday,0
2/6/2020,2020,2,February,37,6,Thursday,Winter,0,0,Weekday,Weekday,0,0,0,0,3,0,1,0,3027,3027,0,9132,8316,9132,5573,7671.65,9132,5707,26.6,1765,0,160,645,version 5.xlsx,5,No Holiday,0
2/7/2020,2020,2,February,38,6,Friday,Winter,0,0,Weekday,Weekday,0,1,0,0,3,0,1,0,3018,3018,0,8128,7254,8128,5707,6397.7,8128,5180,25,1811,0,160,465,version 5.xlsx,5,No Holiday,0
2/8/2020,2020,2,February,39,6,Saturday,Winter,0,0,Weekday,Weekday,0,0,0,0,3,0,1,0,2904,2904,0,9014,8125,9014,5180,7232.6,9014,5446,24,2050,0,161,465,version 5.xlsx,5,No Holiday,0
2/9/2020,2020,2,February,40,6,Sunday,Winter,0,0,Weekday,Weekday,0,0,0,0,3,0,1,0,3043,3043,0,9214,8316,9214,5446,8035,9214,5725,27,2220,0,162,445,version 5.xlsx,5,No Holiday,0
2/10/2020,2020,2,February,41,7,Monday,Winter,0,0,Weekday,Weekday,0,0,0,0,0,1,0,0,2920,2920,0,9172,8225.4,9172,5725,7657.5,9172,5670,26.3,2105,0,161,200,version 5.xlsx,5,No Holiday,0
2/11/2020,2020,2,February,42,7,Tuesday,Winter,0,0,Weekday,Weekday,0,0,0,0,0,1,0,0,3014,3014,0,9224,8290,9224,5670,8030.57,9224,5734,27,1525,0,161,740,version 5.xlsx,5,No Holiday,0
2/12/2020,2020,2,February,43,7,Wednesday,Winter,0,0,Weekday,Weekday,0,0,0,0,2,0,1,0,3057,3057,0,9305,8371,9305,5734,8072.8,9305,5752,27.1,1735,0,162,740,version 5.xlsx,5,No Holiday,0
2/13/2020,2020,2,February,44,7,Thursday,Winter,0,0,Weekday,Weekday,0,0,0,0,1,1,0,0,3057,3057,0,9305,8371,9305,5734,8072.8,9305,5752,27.1,1735,0,162,740,version 5.xlsx,5,No Holiday,0
2/14/2020,2020,2,February,45,7,Friday,Winter,0,0,Weekday,Weekday,0,1,0,0,2,0,1,0,2475,2475,0,8313,7470,8313,5702,6342.85,8313,5440,27,1735,0,160,740,version 5.xlsx,5,No Holiday,0
2/15/2020,2020,2,February,46,7,Saturday,Winter,0,0,Weekday,Weekday,0,0,0,0,2,0,1,0,3082,3082,0,9249,8326,9265,5440,7846.4,9249,5738,28.6,1735,0,160,740,version 5.xlsx,5,No Holiday,0
2/16/2020,2020,2,February,47,7,Sunday,Winter,0,0,Weekday,Weekday,0,0,0,0,1,1,0,0,3116,3116,0,9127,8348,9127,5738,7680.6,9127,5693,28.7,1745,0,159,640,version 5.xlsx,5,No Holiday,0
2/17/2020,2020,2,February,48,8,Monday,Winter,0,0,Weekday,Weekday,0,0,0,0,0,1,0,0,3116,3116,0,9127,8348,9127,5738,7680.6,9127,5693,28.7,1745,0,159,640,version 5.xlsx,5,No Holiday,0
2/18/2020,2020,2,February,49,8,Tuesday,Winter,0,0,Weekday,Weekday,0,0,0,0,1,1,0,0,3125,3125,0,9361,8470,9361,5914,7981.1,9361,5812,28.8,1625,0,160,560,version 5.xlsx,5,No Holiday,0
2/19/2020,2020,2,February,50,8,Wednesday,Winter,0,0,Weekday,Weekday,0,0,0,0,3,0,1,0,3151,3151,0,9363,8513,9363,5812,7773.48,9363,5920,29.5,1616,0,160,486,version 5.xlsx,5,No Holiday,0
2/20/2020,2020,2,February,51,8,Thursday,Winter,0,0,Weekday,Weekday,0,0,0,0,3,0,1,0,3207,3207,0,9349,8489,9349,5920,8097.9,9349,5873,29.2,1750,0,161,570,version 5.xlsx,5,No Holiday,0
2/21/2020,2020,2,February,52,8,Friday,Winter,0,1,Martyrs' Day and International Mother Language Day,National,1,1,0,0,3,0,1,0,3192,3192,0,8048,7066,8048,5873,6904.2,8048,5326,30.3,1750,0,160,570,version 5.xlsx,5,International mother language day,1
2/22/2020,2020,2,February,53,8,Saturday,Winter,0,0,Weekday,Weekday,0,0,0,0,3,0,1,0,3192,3192,0,9422,8585,9422,5326,7865.6,9422,6054,31.7,1718,0,161,570,version 5.xlsx,5,No Holiday,0
2/23/2020,2020,2,February,54,8,Sunday,Winter,0,0,Weekday,Weekday,0,0,0,0,3,0,1,0,3353,3353,0,9729,8869,9729,6054,8304.07,9729,6288,32,1570,0,161,570,version 5.xlsx,5,No Holiday,0
2/24/2020,2020,2,February,55,9,Monday,Winter,0,0,Weekday,Weekday,0,0,0,0,3,0,1,0,3299,3299,0,9500,8750,9500,6288,7952.5,9500,6235,28.3,1570,0,162,570,version 5.xlsx,5,No Holiday,0
2/25/2020,2020,2,February,56,9,Tuesday,Winter,0,0,Weekday,Weekday,0,0,0,0,63,0,0,1,3299,3299,0,9500,8750,8995,6235,7952.5,9500,5716,24.7,1570,0,162,618,version 5.xlsx,5,No Holiday,0
2/26/2020,2020,2,February,57,9,Wednesday,Winter,0,0,Weekday,Weekday,0,0,0,0,53,0,0,1,3180,3180,0,9075,8410,9075,5716,7468.8,9075,5889,27,1930,0,163,663,version 5.xlsx,5,No Holiday,0
2/29/2020,2020,2,February,60,9,Saturday,Winter,0,0,Weekday,Weekday,0,0,0,0,0,1,0,0,3264,3264,0,9418,8762,9418,5662,7742.7,9418,6044,31.2,1930,0,164,438,version 5.xlsx,5,No Holiday,0
3/1/2020,2020,3,March,61,9,Sunday,Pre_Monsoon,1,0,Weekday,Weekday,0,0,0,0,0,1,0,0,3367,3367,0,9719,8896,9719,6044,8291.6,9719,6308,31.4,1750,0,162,618,version 5.xlsx,5,No Holiday,0
3/2/2020,2020,3,March,62,10,Monday,Pre_Monsoon,1,0,Weekday,Weekday,0,0,0,0,2,0,1,0,3437,3437,0,9756,8987,9756,6308,8214.4,9756,5676.1,30.9,1750,0,162,570,version 5.xlsx,5,No Holiday,0
3/3/2020,2020,3,March,63,10,Tuesday,Pre_Monsoon,1,0,Weekday,Weekday,0,0,0,0,63,0,0,1,3189,3189,0,9340,8465,9340,5676.1,7364.1,9340,6045,29.8,1750,0,162,570,version 5.xlsx,5,No Holiday,0
3/4/2020,2020,3,March,64,10,Wednesday,Pre_Monsoon,1,0,Weekday,Weekday,0,0,0,0,61,0,0,1,3490,3490,0,9315,8863,9315,6045,8194.6,9315,5894,30,1570,0,162,788,version 5.xlsx,5,No Holiday,0
3/5/2020,2020,3,March,65,10,Thursday,Pre_Monsoon,1,0,Weekday,Weekday,0,0,0,0,63,0,0,1,3487,3487,0,9481,8596,9481,5894,8137.5,9481,6470,30.1,1826,0,163,825,version 5.xlsx,5,No Holiday,0
3/6/2020,2020,3,March,66,10,Friday,Pre_Monsoon,1,0,Weekday,Weekday,0,1,0,0,65,0,0,1,2729,2729,0,8460,7758,8460,6364.8,6439.1,8460,5992,29.6,1948,0,163,825,version 5.xlsx,5,No Holiday,0
3/7/2020,2020,3,March,67,10,Saturday,Pre_Monsoon,1,0,Weekday,Weekday,0,0,0,0,53,0,0,1,3200,3200,0,9346,8558,9346,5992,7538.8,9346,6094,28,2041,0,163,788,version 5.xlsx,5,No Holiday,0
3/8/2020,2020,3,March,68,10,Sunday,Pre_Monsoon,1,0,Weekday,Weekday,0,0,0,0,61,0,0,1,3363,3363,0,9578,8805,9578,6094,8004.9,9578,6272,30.5,2076,0,164,788,version 5.xlsx,5,No Holiday,0
3/9/2020,2020,3,March,69,11,Monday,Pre_Monsoon,1,0,Weekday,Weekday,0,0,0,0,3,0,1,0,3375,3375,0,9589,8901,9589,6272,7925.8,9589,6266,29.4,1959,0,164,788,version 5.xlsx,5,No Holiday,0
3/10/2020,2020,3,March,70,11,Tuesday,Pre_Monsoon,1,0,Weekday,Weekday,0,0,0,0,0,1,0,0,3322,3322,0,9732,8901,9732,6266,8077.3,9732,6407,30.6,2084,0,165,825,version 5.xlsx,5,No Holiday,0
3/11/2020,2020,3,March,71,11,Wednesday,Pre_Monsoon,1,0,Weekday,Weekday,0,0,0,0,3,0,1,0,3477,3477,0,9954,9220,9954,6407,8257.6,9954,6769,32,2052,0,165,967,version 5.xlsx,5,No Holiday,0
3/12/2020,2020,3,March,72,11,Thursday,Pre_Monsoon,1,0,Weekday,Weekday,0,0,0,0,2,0,1,0,3615,3615,0,10623,9871,10623,6769,8799.3,10623,7270,33.1,2051,0,166,967,version 5.xlsx,5,No Holiday,0
3/13/2020,2020,3,March,73,11,Friday,Pre_Monsoon,1,0,Weekday,Weekday,0,1,0,0,2,0,1,0,3202,3202,0,9853,9134,9853,7199,7738.4,9853,7133,34,2012,0,165,825,version 5.xlsx,5,No Holiday,0
3/14/2020,2020,3,March,74,11,Saturday,Pre_Monsoon,1,0,Weekday,Weekday,0,0,0,0,3,0,1,0,3335,3335,0,9582,8994,9582,7133,7866.1,9582,7017,32.2,1853,0,165,825,version 5.xlsx,5,No Holiday,0
3/15/2020,2020,3,March,75,11,Sunday,Pre_Monsoon,1,0,Weekday,Weekday,0,0,0,0,3,0,1,0,3602,3602,0,10361,9907,10361,7017,8519.1,10361,7225,32.3,1811,0,165,790,version 5.xlsx,5,No Holiday,0
3/16/2020,2020,3,March,76,12,Monday,Pre_Monsoon,1,0,Weekday,Weekday,0,0,0,0,3,0,1,0,3687,3687,0,10610,10088,10610,7225,9230.1,10610,7276,32.5,1466,0,165,790,version 5.xlsx,5,No Holiday,0
3/17/2020,2020,3,March,77,12,Tuesday,Pre_Monsoon,1,1,Sheikh Mujibur Rahman's Birthday,National,1,0,0,0,2,0,1,0,3181,3181,0,9995,9543,9995,7276,8338.8,9995,6999,31.7,1627,0,164,790,version 5.xlsx,5,Father of nation's Birth,1
3/18/2020,2020,3,March,78,12,Wednesday,Pre_Monsoon,1,0,Weekday,Weekday,0,0,0,0,3,0,1,0,3678,3678,0,10790,10153,10790,6999,9428.9,10790,7334,31.7,1635,0,156,790,version 5.xlsx,5,No Holiday,0
3/19/2020,2020,3,March,79,12,Thursday,Pre_Monsoon,1,0,Weekday,Weekday,0,0,0,0,3,0,1,0,3702,3702,0,10593,10215,10593,7334,9219.8,10593,7421.1,32.5,1634,0,164,951,version 5.xlsx,5,No Holiday,0
3/20/2020,2020,3,March,80,12,Friday,Pre_Monsoon,1,0,Weekday,Weekday,0,1,0,0,55,0,0,1,3061,3061,0,9727,9147,9727,7223.3,7792.2,9727,6960,33.4,1537,0,164,1311,version 5.xlsx,5,No Holiday,0
3/21/2020,2020,3,March,81,12,Saturday,Pre_Monsoon,1,0,Weekday,Weekday,0,0,0,0,3,0,1,0,3587,3587,0,10529,9998,10529,6960,7808.8,10529,5786,33.6,1501,0,163,1324,version 5.xlsx,5,No Holiday,0
3/22/2020,2020,3,March,82,12,Sunday,Pre_Monsoon,1,0,Weekday,Weekday,0,0,0,0,51,0,0,1,3414,3414,0,10186,9539,10186,5786,8544.4,10186,6962,30.5,1534,0,156,1324,version 5.xlsx,5,No Holiday,0
3/23/2020,2020,3,March,83,13,Monday,Pre_Monsoon,1,0,Weekday,Weekday,0,0,0,0,3,0,1,0,3362,3362,0,10093,9629,10093,6962,8829.3,10093,6933,30.6,1559,0,155,1336,version 5.xlsx,5,No Holiday,0
3/24/2020,2020,3,March,84,13,Tuesday,Pre_Monsoon,1,0,Weekday,Weekday,0,0,0,0,1,1,0,0,3317,3317,0,10264,9812,10264,6933,8812.3,10264,6845,32.6,1637,0,152,964,version 5.xlsx,5,No Holiday,0
3/25/2020,2020,3,March,85,13,Wednesday,Pre_Monsoon,1,0,Weekday,Weekday,0,0,0,0,2,0,1,0,2991,2991,0,9939,9453,9939,6845,8801.1,9939,6555,33.3,1789,0,156,964,version 5.xlsx,5,No Holiday,0
3/26/2020,2020,3,March,86,13,Thursday,Pre_Monsoon,1,1,Independence Day,National,1,0,1,0,1,1,0,0,2686,2686,0,9492,8969,9492,6555,7486.4,9492,6418,35,1824,0,155,964,version 5.xlsx,5,Independence Day,1
3/27/2020,2020,3,March,87,13,Friday,Pre_Monsoon,1,1,COVID-19 General Holiday / Lockdown,Special_Event,5,1,1,0,0,1,0,0,2693,2693,0,9834,9266,9834,6418,7907.4,9834,6882.3,36.6,1663,0,155,964,version 5.xlsx,5,No Holiday,0
3/28/2020,2020,3,March,88,13,Saturday,Pre_Monsoon,1,1,COVID-19 General Holiday / Lockdown,Special_Event,5,0,1,0,0,1,0,0,2776,2776,0,10217,9585,10217,6882.3,7963.5,10217,7049,35.8,1615,0,151,1364,version 5.xlsx,5,No Holiday,0
3/29/2020,2020,3,March,89,13,Sunday,Pre_Monsoon,1,1,COVID-19 General Holiday / Lockdown,Special_Event,5,0,1,0,0,1,0,0,2705,2705,0,9915,9312,9915,7049,7840.6,9915,6928.1,35.3,1479,0,154,1449,version 5.xlsx,5,No Holiday,0
3/30/2020,2020,3,March,90,14,Monday,Pre_Monsoon,1,1,COVID-19 General Holiday / Lockdown,Special_Event,5,0,1,0,0,1,0,0,2645,2645,0,9700,9240,9700,6928.1,7587.6,9700,6673.1,34.8,1400,0,156,1383,version 5.xlsx,5,No Holiday,0
3/31/2020,2020,3,March,91,14,Tuesday,Pre_Monsoon,1,1,COVID-19 General Holiday / Lockdown,Special_Event,5,0,1,0,1,1,0,0,2625,2625,0,9663,9165,9663,6673.1,7886.4,9663,6763.1,36,1280,0,154,1345,version 5.xlsx,5,No Holiday,0
4/1/2020,2020,4,April,92,14,Wednesday,Pre_Monsoon,1,1,COVID-19 General Holiday / Lockdown,Special_Event,5,0,1,0,0,1,0,0,2755,2755,0,10113,9498,10113,6763.1,7793.1,10113,7285.8,36,1099,0,159,1349,version 5.xlsx,5,No Holiday,0
4/2/2020,2020,4,April,93,14,Thursday,Pre_Monsoon,1,1,COVID-19 General Holiday / Lockdown,Special_Event,5,0,1,0,51,0,0,1,2214,2214,0,8815,8270,8854.9,7285.8,8326.56,8815,6632.4,36.7,1111,0,193,1410,version 5.xlsx,5,No Holiday,0
4/3/2020,2020,4,April,94,14,Friday,Pre_Monsoon,1,1,COVID-19 General Holiday / Lockdown,Special_Event,5,1,1,0,51,0,0,1,2459,2459,0,8734,8259,8734,6632.4,7822.2,8734,6392.4,35.4,1287,0,196,1333,version 5.xlsx,5,No Holiday,0
4/4/2020,2020,4,April,95,14,Saturday,Pre_Monsoon,1,1,COVID-19 General Holiday / Lockdown,Special_Event,5,0,1,0,2,0,1,0,2762,2762,0,9828,9266,9828,6392.4,7905.3,9828,7231,36,931,0,195,1866,version 5.xlsx,5,No Holiday,0
4/5/2020,2020,4,April,96,14,Sunday,Pre_Monsoon,1,1,COVID-19 General Holiday / Lockdown,Special_Event,5,0,1,0,51,0,0,1,2731,2731,0,9454,8969,9454,7231,8389.7,9454,6853.5,36,1084,0,198,1726,version 5.xlsx,5,No Holiday,0
4/6/2020,2020,4,April,97,15,Monday,Pre_Monsoon,1,1,COVID-19 General Holiday / Lockdown,Special_Event,5,0,1,0,2,0,1,0,2681,2681,0,10009,9404,10009,6853.5,8234,10009,6891,37,898,85,194,1726,version 5.xlsx,5,No Holiday,0
4/7/2020,2020,4,April,98,15,Tuesday,Pre_Monsoon,1,1,COVID-19 General Holiday / Lockdown,Special_Event,5,0,1,0,1,1,0,0,2717,2717,0,10308,9729,10308,6891,8287.4,10308,7450.9,38,927,85,194,2092,version 5.xlsx,5,No Holiday,0
4/8/2020,2020,4,April,99,15,Wednesday,Pre_Monsoon,1,1,Mid-Sha'ban (estimated),Religious_Islamic,2,0,1,0,61,0,0,1,2636,2636,0,10158,9580,10158,7450.9,7941.2,10158,6852.9,32.4,785,85,193,2027,version 5.xlsx,5,No Holiday,0
4/9/2020,2020,4,April,100,15,Thursday,Pre_Monsoon,1,1,COVID-19 General Holiday / Lockdown,Special_Event,5,0,1,0,53,0,0,1,2617,2617,0,10019,9407,10019,6852.84,8034.3,10019,6518.4,35.9,985,85,194,1791,version 5.xlsx,5,Sab-E-Barat,1
4/10/2020,2020,4,April,101,15,Friday,Pre_Monsoon,1,1,COVID-19 General Holiday / Lockdown,Special_Event,5,1,1,0,2,0,1,0,2725,2725,0,10095,9498,10095,6518.4,7632,10095,7051.04,35.7,939,85,197,1726,version 5.xlsx,5,No Holiday,0
4/11/2020,2020,4,April,102,15,Saturday,Pre_Monsoon,1,1,COVID-19 General Holiday / Lockdown,Special_Event,5,0,1,0,51,0,0,1,2335,2335,0,9967,9407,8665.1,7051.04,8127.36,9967,4722.9,37,1169,85,198,1941,version 5.xlsx,5,No Holiday,0
4/12/2020,2020,4,April,103,15,Sunday,Pre_Monsoon,1,1,COVID-19 General Holiday / Lockdown,Special_Event,5,0,1,0,55,0,0,1,2295,2295,0,8865,8355,8865,6518.4,7632,8865,5923.6,31.9,1119,85,197,1601,version 5.xlsx,5,No Holiday,0
4/13/2020,2020,4,April,104,16,Monday,Pre_Monsoon,1,1,COVID-19 General Holiday / Lockdown,Special_Event,5,0,1,0,2,0,1,0,2632,2632,0,9967,9466,9967,5923.6,7472,9967,6852.8,35,1119,85,197,1631,version 5.xlsx,5,No Holiday,0
4/14/2020,2020,4,April,105,16,Tuesday,Pre_Monsoon,1,1,Bengali New Year's Day,National,1,0,1,0,51,0,0,1,2777,2777,0,10344,9736,10344,5012.9,7847.1,10344,7370.7,35.9,801,85,200,1746,version 5.xlsx,5,Pohela Baishakh,1
4/15/2020,2020,4,April,106,16,Wednesday,Pre_Monsoon,1,1,COVID-19 General Holiday / Lockdown,Special_Event,5,0,1,0,61,0,0,1,2327,2327,0,7769,7294,8758,5012.9,7001.03,7769,4939.3,33.5,865,85,195,1746,version 5.xlsx,5,No Holiday,0
4/16/2020,2020,4,April,107,16,Thursday,Pre_Monsoon,1,1,COVID-19 General Holiday / Lockdown,Special_Event,5,0,1,0,51,0,0,1,2546,2546,0,9358,8892,9358,4939.3,6516.4,9358,5702.9,34.6,716,85,193,1746,version 5.xlsx,5,No Holiday,0
4/17/2020,2020,4,April,108,16,Friday,Pre_Monsoon,1,1,COVID-19 General Holiday / Lockdown,Special_Event,5,1,1,0,65,0,0,1,2412,2412,0,8830,8291,8830,5558.5,5671.3,8830,5708.7,33.5,812,85,193,1521,version 5.xlsx,5,No Holiday,0
4/18/2020,2020,4,April,109,16,Saturday,Pre_Monsoon,1,1,COVID-19 General Holiday / Lockdown,Special_Event,5,0,1,0,65,0,0,1,2473,2473,0,8804,8313,8804,5708.7,6605.4,8804,4764.5,34.4,1077,85,199,1521,version 5.xlsx,5,No Holiday,0
4/19/2020,2020,4,April,110,16,Sunday,Pre_Monsoon,1,1,COVID-19 General Holiday / Lockdown,Special_Event,5,0,1,0,63,0,0,1,2600,2600,0,9455,8956,9455,4764.5,6723.6,9455,4311.8,34.6,993,85,197,1296,version 5.xlsx,5,No Holiday,0
4/20/2020,2020,4,April,111,17,Monday,Pre_Monsoon,1,1,COVID-19 General Holiday / Lockdown,Special_Event,5,0,1,0,63,0,0,1,2447,2447,0,8635,8129,8635,4311.8,6400.6,8635,5362,32.2,1399,85,198,1296,version 5.xlsx,5,No Holiday,0
4/21/2020,2020,4,April,112,17,Tuesday,Pre_Monsoon,1,1,COVID-19 General Holiday / Lockdown,Special_Event,5,0,1,0,63,0,0,1,2354,2354,0,8041,7576,8041,5362,5542.8,8041,5184.6,30.7,1359,85,194,1296,version 5.xlsx,5,No Holiday,0
4/22/2020,2020,4,April,113,17,Wednesday,Pre_Monsoon,1,1,COVID-19 General Holiday / Lockdown,Special_Event,5,0,1,0,63,0,0,1,2474,2474,0,8461,8091,8461,5184.6,6136.6,8461,5651.2,33.4,1322,85,195,1476,version 5.xlsx,5,No Holiday,0
4/23/2020,2020,4,April,114,17,Thursday,Pre_Monsoon,1,1,COVID-19 General Holiday / Lockdown,Special_Event,5,0,1,0,61,0,0,1,2272,2272,0,7017,6803,7297.5,5651.2,6715.4,7017,4717,32,1278,85,193,1476,version 5.xlsx,5,No Holiday,0
4/24/2020,2020,4,April,115,17,Friday,Pre_Monsoon,1,1,COVID-19 General Holiday / Lockdown,Special_Event,5,1,1,0,63,0,0,1,2124,2124,0,7189,6850,7189,4717,5768.6,7189,4292.2,31.1,1236,85,194,1566,version 5.xlsx,5,No Holiday,0
4/25/2020,2020,4,April,116,17,Saturday,Pre_Monsoon,1,1,COVID-19 General Holiday / Lockdown,Special_Event,5,0,1,0,63,0,0,1,2272,2272,0,7969,7526,7969,4292.2,6068.7,7969,4694,31.2,1191,85,193,1549,version 5.xlsx,5,Ramadan,3
4/26/2020,2020,4,April,117,17,Sunday,Pre_Monsoon,1,1,COVID-19 General Holiday / Lockdown,Special_Event,5,0,1,0,63,0,0,1,2079,2079,0,7256,6863,7256,4694,6076.5,7256,4535.6,30.7,1212,100,193,1549,version 5.xlsx,5,Ramadan,3
4/27/2020,2020,4,April,118,18,Monday,Pre_Monsoon,1,1,COVID-19 General Holiday / Lockdown,Special_Event,5,0,1,0,63,0,0,1,2542,2542,0,8999,8490,8999,4535.6,6353.6,8999,5248.2,31.6,1132,170,195,1549,version 5.xlsx,5,Ramadan,3
4/28/2020,2020,4,April,119,18,Tuesday,Pre_Monsoon,1,1,COVID-19 General Holiday / Lockdown,Special_Event,5,0,1,0,63,0,0,1,2191,2191,0,7640,7236,7640,5248.2,6279.8,7640,4783.07,29.8,1113,170,194,1519,version 5.xlsx,5,Ramadan,3
4/29/2020,2020,4,April,120,18,Wednesday,Pre_Monsoon,1,1,COVID-19 General Holiday / Lockdown,Special_Event,5,0,1,0,61,0,0,1,2529,2529,0,8743,8303,8743,4783.07,6501.4,8743,5418.2,31.3,1111,170,194,1529,version 5.xlsx,5,Ramadan,3
4/30/2020,2020,4,April,121,18,Thursday,Pre_Monsoon,1,1,COVID-19 General Holiday / Lockdown,Special_Event,5,0,1,0,63,0,0,1,2448,2448,0,8658,8072,8658,5418.2,6706.8,8658,5029.7,31.2,949,170,196,1669,version 5.xlsx,5,Ramadan,3
5/1/2020,2020,5,May,122,18,Friday,Pre_Monsoon,1,1,May Day,National,1,1,1,0,53,0,0,1,2354,2354,0,8056,7657,8056,5029.7,5636.8,8056,5286.5,28.8,1059,170,195,1667,version 5.xlsx,5,Ramadan +May Day,1
5/2/2020,2020,5,May,123,18,Saturday,Pre_Monsoon,1,1,COVID-19 General Holiday / Lockdown,Special_Event,5,0,1,0,63,0,0,1,2364,2364,0,7976,7518,7976,5286.5,6619.6,7976,5245.2,30.5,1019,170,194,1852,version 5.xlsx,5,Ramadan,3
5/3/2020,2020,5,May,124,18,Sunday,Pre_Monsoon,1,1,COVID-19 General Holiday / Lockdown,Special_Event,5,0,1,0,63,0,0,1,2698,2698,0,9279,8836,9279,5245.2,6923.4,9279,5911.59,33,925,170,192,1852,version 5.xlsx,5,Ramadan,3
5/4/2020,2020,5,May,125,19,Monday,Pre_Monsoon,1,1,COVID-19 General Holiday / Lockdown,Special_Event,5,0,1,0,51,0,0,1,3024,3024,0,10273,9613,10273,5911.59,7706.9,10273,7080.3,34.5,1014,170,192,1855,version 5.xlsx,5,Ramadan,3
5/5/2020,2020,5,May,126,19,Tuesday,Pre_Monsoon,1,1,COVID-19 General Holiday / Lockdown,Special_Event,5,0,1,0,51,0,0,1,2777,2777,0,8170,7796,9112,5802.6,8474.7,8170,4525.7,35.4,892,170,193,2526,version 5.xlsx,5,Ramadan,3
5/6/2020,2020,5,May,127,19,Wednesday,Pre_Monsoon,1,1,COVID-19 General Holiday / Lockdown,Special_Event,5,0,1,0,65,0,0,1,2793,2793,0,9126,8506,9126,5802.6,7706.9,9126,5802.6,30.7,667,170,154,3006,version 5.xlsx,5,Ramadan+baishakhi  purnima,1
5/7/2020,2020,5,May,128,19,Thursday,Pre_Monsoon,1,1,COVID-19 General Holiday / Lockdown,Special_Event,5,0,1,0,51,0,0,1,2557,2557,0,9126,8506,8644,5802.6,7838.1,9126,4921.7,33.4,967,170,157,3014,version 5.xlsx,5,Ramadan,3
5/8/2020,2020,5,May,129,19,Friday,Pre_Monsoon,1,1,COVID-19 General Holiday / Lockdown,Special_Event,5,1,1,0,51,0,0,1,2932,2932,0,9924,9478,9924,4921.7,6724.8,9924,6014.8,33.6,835,170,156,2695,version 5.xlsx,5,Ramadan,3
5/9/2020,2020,5,May,130,19,Saturday,Pre_Monsoon,1,1,COVID-19 General Holiday / Lockdown,Special_Event,5,0,1,0,53,0,0,1,3131,3131,0,10539,9973,10539,6014.8,8106.8,10539,7422.6,35.2,627,170,157,3039,version 5.xlsx,5,Ramadan,3
5/10/2020,2020,5,May,131,19,Sunday,Pre_Monsoon,1,1,COVID-19 General Holiday / Lockdown,Special_Event,5,0,1,0,63,0,0,1,2979,2979,0,10210,9763,10210,7422.6,8971.2,10210,6804.5,35.9,664,170,157,2727,version 5.xlsx,5,Ramadan,3
5/11/2020,2020,5,May,132,20,Monday,Pre_Monsoon,1,1,COVID-19 General Holiday / Lockdown,Special_Event,5,0,1,0,51,0,0,1,3309,3309,0,11068,10678,11068,6804.5,8619.2,11068,7893.8,35,902,170,194,2382,version 5.xlsx,5,Ramadan,3
5/12/2020,2020,5,May,133,20,Tuesday,Pre_Monsoon,1,1,COVID-19 General Holiday / Lockdown,Special_Event,5,0,1,0,3,0,1,0,3356,3356,0,11513,10940,11513,7893.8,9211.8,11513,8291,36.5,969,170,195,2343,version 5.xlsx,5,Ramadan,3
5/13/2020,2020,5,May,134,20,Wednesday,Pre_Monsoon,1,1,COVID-19 General Holiday / Lockdown,Special_Event,5,0,1,0,65,0,0,1,2958,2958,0,9803,9416,10576,8291,9204.3,9803,7208.49,35.4,899,170,196,2337,version 5.xlsx,5,Ramadan,3
5/14/2020,2020,5,May,135,20,Thursday,Pre_Monsoon,1,1,COVID-19 General Holiday / Lockdown,Special_Event,5,0,1,0,61,0,0,1,3087,3087,0,10285,9902,10285,7208.49,9040.7,10285,7121.4,35.3,996,170,193,2340,version 5.xlsx,5,Ramadan,3
5/15/2020,2020,5,May,136,20,Friday,Pre_Monsoon,1,1,COVID-19 General Holiday / Lockdown,Special_Event,5,1,1,0,63,0,0,1,2870,2870,0,10142,9675,10142,7121.4,8033.1,10142,7084.1,34.6,932,170,194,2334,version 5.xlsx,5,Ramadan,3
5/16/2020,2020,5,May,137,20,Saturday,Pre_Monsoon,1,1,COVID-19 General Holiday / Lockdown,Special_Event,5,0,1,0,53,0,0,1,3475,3475,0,11305,10830,11305,7084.1,8359.5,11305,7581.1,35,905,170,193,2312,version 5.xlsx,5,Ramadan,3
5/17/2020,2020,5,May,138,20,Sunday,Pre_Monsoon,1,1,COVID-19 General Holiday / Lockdown,Special_Event,5,0,1,0,3,0,1,0,3538,3538,0,11828,11273,11828,7581.1,9209.1,11828,8461.8,36,1104,170,198,2317,version 5.xlsx,5,Ramadan,3
5/18/2020,2020,5,May,139,21,Monday,Pre_Monsoon,1,1,COVID-19 General Holiday / Lockdown,Special_Event,5,0,1,0,3,0,1,0,3615,3615,0,11941,11499,11977,8461.8,9490.1,11941,9041.22,37,862,170,192,2316,version 5.xlsx,5,Ramadan,3
5/19/2020,2020,5,May,140,21,Tuesday,Pre_Monsoon,1,1,COVID-19 General Holiday / Lockdown,Special_Event,5,0,1,0,61,0,0,1,3446,3446,0,10788,10327,11508,9041.22,9442,10788,6732.6,34.5,875,170,230,2306,version 5.xlsx,5,Ramadan,3
5/20/2020,2020,5,May,141,21,Wednesday,Pre_Monsoon,1,1,Laylat al-Qadr (estimated),Religious_Islamic,2,0,1,0,63,0,0,1,2614,2614,0,9308,8893,9291,5502.7,7109.3,9308,2679.2,30,1054,170,200,2329,version 5.xlsx,5,Ramadan,3
5/21/2020,2020,5,May,142,21,Thursday,Pre_Monsoon,1,1,COVID-19 General Holiday / Lockdown,Special_Event,5,0,1,0,65,0,0,1,2847,2847,0,9308,7121,7530,5502.7,7109.3,9308,5502.7,30,1005,170,200,2338,version 5.xlsx,5,Ramadan+Sab-E-QADAR,1
5/22/2020,2020,5,May,143,21,Friday,Pre_Monsoon,1,1,Jumu'atul-Wida (estimated),Religious_Islamic,2,1,1,1,51,0,0,1,2942,2942,0,9308,8893,9398,5502.7,6143.1,9308,6833.6,31.8,850,170,199,2324,version 5.xlsx,5,Ramadan,3
5/23/2020,2020,5,May,144,21,Saturday,Pre_Monsoon,1,1,COVID-19 General Holiday / Lockdown,Special_Event,5,0,1,1,51,0,0,1,3027,3027,0,10242,9835,10318,6833.6,7249.5,10242,6636.3,34.8,904,170,199,2559,version 5.xlsx,5,Ramadan,3
5/24/2020,2020,5,May,145,21,Sunday,Pre_Monsoon,1,1,Eid al-Fitr (estimated),Religious_Islamic,2,0,1,1,51,0,0,1,2783,2783,0,9574,9256,9911,6422.8,6606.5,9574,5976.3,33.4,915,170,200,2533,version 5.xlsx,5,Eid-ul-Fitr,2
5/25/2020,2020,5,May,146,22,Monday,Pre_Monsoon,1,1,Eid al-Fitr (estimated),Religious_Islamic,2,0,1,1,51,0,0,1,2665,2665,0,8929,8462,8960,5788.9,6056.9,8929,5965.41,33.4,776,170,201,2544,version 5.xlsx,5,Eid-ul-Fitr,2
5/26/2020,2020,5,May,147,22,Tuesday,Pre_Monsoon,1,1,Eid al-Fitr (estimated),Religious_Islamic,2,0,1,1,51,0,0,1,2626,2626,0,8341,7945,8341,5830.81,5863.02,8341,3235.9,32.7,956,170,201,2542,version 5.xlsx,5,Eid-ul-Fitr,2
5/27/2020,2020,5,May,148,22,Wednesday,Pre_Monsoon,1,1,COVID-19 General Holiday / Lockdown,Special_Event,5,0,1,1,65,0,0,1,2601,2601,0,6958,8147,6958,5788.9,6056.9,6958,4366.7,27.6,935,170,200,2253,version 5.xlsx,5,No Holiday,0
5/28/2020,2020,5,May,149,22,Thursday,Pre_Monsoon,1,1,COVID-19 General Holiday / Lockdown,Special_Event,5,0,1,1,65,0,0,1,2601,2601,0,8468,8147,8468,5800,6522.5,8468,5802,31,768,170,200,2428,version 5.xlsx,5,No Holiday,0
5/29/2020,2020,5,May,150,22,Friday,Pre_Monsoon,1,1,COVID-19 General Holiday / Lockdown,Special_Event,5,1,1,0,63,0,0,1,2593,2593,0,9155,8660,9155,5800,6772.1,9155,6027.2,33.4,768,170,200,2375,version 5.xlsx,5,No Holiday,0
5/30/2020,2020,5,May,151,22,Saturday,Pre_Monsoon,1,1,COVID-19 General Holiday / Lockdown,Special_Event,5,0,1,0,63,0,0,1,2934,2934,0,9184,8941,9184,6027.2,7183.1,9184,6486.5,31.8,832,170,165,2374,version 5.xlsx,5,No Holiday,0
5/31/2020,2020,5,May,152,22,Sunday,Pre_Monsoon,1,1,COVID-19 General Holiday / Lockdown,Special_Event,5,0,1,0,63,0,0,1,3240,3240,0,10574,10001,10574,6486.5,8346.7,10574,7009.8,35,891,170,164,2019,version 5.xlsx,5,No Holiday,0
6/1/2020,2020,6,June,153,23,Monday,Monsoon,2,1,COVID-19 General Holiday / Lockdown,Special_Event,5,0,1,0,61,0,0,1,3400,3400,0,9834,9378,9834,7009.8,8859.9,9834,7635.7,35,1137,170,194,2056,version 5.xlsx,5,No Holiday,0
6/2/2020,2020,6,June,154,23,Tuesday,Monsoon,2,1,COVID-19 General Holiday / Lockdown,Special_Event,5,0,1,0,61,0,0,1,3422,3422,0,10228,9851,10228,7635.7,9165.1,10228,7917.2,35.3,1074,170,192,1964,version 5.xlsx,5,No Holiday,0
6/3/2020,2020,6,June,155,23,Wednesday,Monsoon,2,1,COVID-19 General Holiday / Lockdown,Special_Event,5,0,1,0,63,0,0,1,3232,3232,0,10238,9720,10262,7917.2,9280.3,10238,8043.4,34,1041,170,152,1945,version 5.xlsx,5,No Holiday,0
6/4/2020,2020,6,June,156,23,Thursday,Monsoon,2,1,COVID-19 General Holiday / Lockdown,Special_Event,5,0,1,0,65,0,0,1,3003,3003,0,9376,8763,9847,8043.4,9052.5,9376,6656.5,34.7,1076,170,152,1949,version 5.xlsx,5,No Holiday,0
6/5/2020,2020,6,June,157,23,Friday,Monsoon,2,1,COVID-19 General Holiday / Lockdown,Special_Event,5,1,1,0,61,0,0,1,3161,3161,0,10098,9612,10098,6656.5,7720.9,10098,7651.1,34,1132,170,126,1948,version 5.xlsx,5,No Holiday,0
6/6/2020,2020,6,June,158,23,Saturday,Monsoon,2,1,COVID-19 General Holiday / Lockdown,Special_Event,5,0,1,0,63,0,0,1,3313,3313,0,10677,10196,10677,7651.1,8998.5,10677,8325.2,34.7,1019,170,154,1953,version 5.xlsx,5,No Holiday,0
6/7/2020,2020,6,June,159,23,Sunday,Monsoon,2,1,COVID-19 General Holiday / Lockdown,Special_Event,5,0,1,0,61,0,0,1,3612,3612,0,11441,10899,11493,8325.2,9670.9,11441,8529.6,36.6,1034,170,153,1946,version 5.xlsx,5,No Holiday,0
6/8/2020,2020,6,June,160,24,Monday,Monsoon,2,1,COVID-19 General Holiday / Lockdown,Special_Event,5,0,1,0,61,0,0,1,3601,3601,0,11464,10882,11495,8529.6,9623.2,11464,8770,33,1062,170,124,1821,version 5.xlsx,5,No Holiday,0
6/9/2020,2020,6,June,161,24,Tuesday,Monsoon,2,1,COVID-19 General Holiday / Lockdown,Special_Event,5,0,1,0,51,0,0,1,3752,3752,0,11934,11320,11934,8770,10166.5,11934,8519.2,36.5,1112,170,123,1495,version 5.xlsx,5,No Holiday,0
6/10/2020,2020,6,June,162,24,Wednesday,Monsoon,2,1,COVID-19 General Holiday / Lockdown,Special_Event,5,0,1,0,63,0,0,1,3659,3659,0,11415,10999,11352,8519.2,9909.81,10804,8857.7,34,1163,170,124,1696,version 5.xlsx,5,No Holiday,0
6/11/2020,2020,6,June,163,24,Thursday,Monsoon,2,1,COVID-19 General Holiday / Lockdown,Special_Event,5,0,1,0,63,0,0,1,3563,3563,0,11211,10708,11261,8857.7,9492,11211,7827.7,31.4,1047,170,134,1695,version 5.xlsx,5,No Holiday,0
6/12/2020,2020,6,June,164,24,Friday,Monsoon,2,1,COVID-19 General Holiday / Lockdown,Special_Event,5,1,1,0,63,0,0,1,3137,3137,0,10167,9687,10698,7016,7773.9,10167,7512.4,31.7,986,170,132,2116,version 5.xlsx,5,No Holiday,0
6/13/2020,2020,6,June,165,24,Saturday,Monsoon,2,1,COVID-19 General Holiday / Lockdown,Special_Event,5,0,1,0,65,0,0,1,3412,3412,0,10714,10273,10741,7512.4,8525.7,10714,8073.9,28.7,948,170,167,2107,version 5.xlsx,5,No Holiday,0
6/14/2020,2020,6,June,166,24,Sunday,Monsoon,2,1,COVID-19 General Holiday / Lockdown,Special_Event,5,0,1,0,61,0,0,1,3660,3660,0,11410,10826,11410,8073.9,9617.1,11410,8441.1,33.6,990,170,132,2108,version 5.xlsx,5,No Holiday,0
6/15/2020,2020,6,June,167,25,Monday,Monsoon,2,1,COVID-19 General Holiday / Lockdown,Special_Event,5,0,1,0,63,0,0,1,3773,3773,0,11634,11143,11634,8441.1,9834,11634,8543.4,34,935,170,166,2109,version 5.xlsx,5,No Holiday,0
6/16/2020,2020,6,June,168,25,Tuesday,Monsoon,2,1,COVID-19 General Holiday / Lockdown,Special_Event,5,0,1,0,63,0,0,1,3683,3683,0,11389,10844,11389,8543.4,9786.2,11389,8204.9,33.6,1043,170,130,2112,version 5.xlsx,5,No Holiday,0
6/17/2020,2020,6,June,169,25,Wednesday,Monsoon,2,1,COVID-19 General Holiday / Lockdown,Special_Event,5,0,1,0,63,0,0,1,3442,3442,0,10355,9929,10574,8204.9,9118.2,10355,7402.4,29,1049,170,131,2110,version 5.xlsx,5,No Holiday,0
6/18/2020,2020,6,June,170,25,Thursday,Monsoon,2,1,COVID-19 General Holiday / Lockdown,Special_Event,5,0,1,0,65,0,0,1,3439,3439,0,10510,10042,10510,7402.4,8398.5,10510,7176.3,32,1072,170,131,2107,version 5.xlsx,5,No Holiday,0
6/19/2020,2020,6,June,171,25,Friday,Monsoon,2,1,COVID-19 General Holiday / Lockdown,Special_Event,5,1,1,0,61,0,0,1,3252,3252,0,10548,10033,10572,7175.2,7642.6,10548,7708.9,31.2,1007,170,129,2107,version 5.xlsx,5,No Holiday,0
6/20/2020,2020,6,June,172,25,Saturday,Monsoon,2,1,COVID-19 General Holiday / Lockdown,Special_Event,5,0,1,0,51,0,0,1,3613,3613,0,11332,10756,11332,7708.9,8764.97,11332,8276.1,33.5,899,170,129,2106,version 5.xlsx,5,No Holiday,0
6/21/2020,2020,6,June,173,25,Sunday,Monsoon,2,1,COVID-19 General Holiday / Lockdown,Special_Event,5,0,1,0,61,0,0,1,3464,3464,0,11090,10369,11090,8276.1,8868.7,11075,7985.1,31.2,740,170,132,2111,version 5.xlsx,5,No Holiday,0
6/22/2020,2020,6,June,174,26,Monday,Monsoon,2,1,COVID-19 General Holiday / Lockdown,Special_Event,5,0,1,0,51,0,0,1,3678,3678,0,11476,10971,11501,7985.1,9276.9,11476,8500.1,33.2,812,170,131,2108,version 5.xlsx,5,No Holiday,0
6/23/2020,2020,6,June,175,26,Tuesday,Monsoon,2,1,COVID-19 General Holiday / Lockdown,Special_Event,5,0,1,0,63,0,0,1,3751,3751,0,11673,11079,11693,8500.1,9747.46,11673,8976.9,33.4,832,170,132,2109,version 5.xlsx,5,No Holiday,0
6/24/2020,2020,6,June,176,26,Wednesday,Monsoon,2,1,COVID-19 General Holiday / Lockdown,Special_Event,5,0,1,0,63,0,0,1,3875,3875,0,12070,11385,12070,8976.9,10183.6,12070,8857.4,35.5,755,170,134,2090,version 5.xlsx,5,No Holiday,0
6/25/2020,2020,6,June,177,26,Thursday,Monsoon,2,1,COVID-19 General Holiday / Lockdown,Special_Event,5,0,1,0,53,0,0,1,3862,3862,0,11285,10872,11307,8857.4,9692,11285,7805.2,34.8,783,170,135,2089,version 5.xlsx,5,No Holiday,0
6/26/2020,2020,6,June,178,26,Friday,Monsoon,2,1,COVID-19 General Holiday / Lockdown,Special_Event,5,1,1,0,51,0,0,1,3489,3489,0,10790,10212,10810,7644.1,8089.8,10790,7639.5,33.4,693,170,163,2120,version 5.xlsx,5,No Holiday,0
6/27/2020,2020,6,June,179,26,Saturday,Monsoon,2,1,COVID-19 General Holiday / Lockdown,Special_Event,5,0,1,0,63,0,0,1,3649,3649,0,10753,10306,10794,7639.5,8659.7,10753,8074.94,32.6,760,170,127,2120,version 5.xlsx,5,No Holiday,0
6/28/2020,2020,6,June,180,26,Sunday,Monsoon,2,1,COVID-19 General Holiday / Lockdown,Special_Event,5,0,1,0,63,0,0,1,3539,3539,0,10619,10141,10619,8074.94,9429.28,10619,7928.2,32.8,889,170,127,2089,version 5.xlsx,5,No Holiday,0
6/29/2020,2020,6,June,181,27,Monday,Monsoon,2,1,COVID-19 General Holiday / Lockdown,Special_Event,5,0,1,0,61,0,0,1,3784,3784,0,11286,10764,11286,7928.2,9449.7,11286,8188.7,33.7,791,170,125,2089,version 5.xlsx,5,No Holiday,0
6/30/2020,2020,6,June,182,27,Tuesday,Monsoon,2,1,COVID-19 General Holiday / Lockdown,Special_Event,5,0,1,0,61,0,0,1,3770,3770,0,11367,10809,11367,8188.7,9891.8,11367,9038.8,34.1,930,170,122,1677,version 5.xlsx,5,No Holiday,0
7/1/2020,2020,7,July,183,27,Wednesday,Monsoon,2,1,COVID-19 General Holiday / Lockdown,Special_Event,5,0,1,0,63,0,0,1,3923,3923,0,12112,11514,12112,9038.8,10212.8,12112,9104.3,35.5,943,170,121,1677,version 5.xlsx,5,No Holiday,2
7/2/2020,2020,7,July,184,27,Thursday,Monsoon,2,1,COVID-19 General Holiday / Lockdown,Special_Event,5,0,1,0,61,0,0,1,3946,3946,0,12032,11501,12032,9104.3,10368.1,12032,8173.14,35.1,958,170,123,1677,version 5.xlsx,5,No Holiday,2
7/3/2020,2020,7,July,185,27,Friday,Monsoon,2,1,COVID-19 General Holiday / Lockdown,Special_Event,5,1,1,0,53,0,0,1,3521,3521,0,11491,10903,11588,8157.96,8841.66,11491,8889,35.4,933,170,124,1675,version 5.xlsx,5,No Holiday,2
7/4/2020,2020,7,July,186,27,Saturday,Monsoon,2,1,COVID-19 General Holiday / Lockdown,Special_Event,5,0,1,0,63,0,0,1,3864,3864,0,11743,11195,11766,8889,9795.9,11743,8580.9,33.6,926,170,125,1764,version 5.xlsx,5,No Holiday,0
7/5/2020,2020,7,July,187,27,Sunday,Monsoon,2,1,COVID-19 General Holiday / Lockdown,Special_Event,5,0,1,0,61,0,0,1,3745,3745,0,11415,11070,11527,8580.9,9726.9,11415,8405.2,31.4,937,170,121,1696,version 5.xlsx,5,No Holiday,0
7/6/2020,2020,7,July,188,28,Monday,Monsoon,2,1,COVID-19 General Holiday / Lockdown,Special_Event,5,0,1,0,61,0,0,1,3696,3696,0,11470,10983,11470,8405.2,9498.3,11470,8559.2,32.2,998,170,123,1696,version 5.xlsx,5,No Holiday,0
7/7/2020,2020,7,July,189,28,Tuesday,Monsoon,2,1,COVID-19 General Holiday / Lockdown,Special_Event,5,0,1,0,61,0,0,1,3895,3895,0,11843,11413,11904,8559.2,9863,11843,9175.4,33.2,998,170,157,1699,version 5.xlsx,5,No Holiday,0
7/8/2020,2020,7,July,190,28,Wednesday,Monsoon,2,1,COVID-19 General Holiday / Lockdown,Special_Event,5,0,1,0,61,0,0,1,3889,3889,0,11838,11391,12086,9175.4,9872.1,11838,9090.3,34,1000,170,125,1699,version 5.xlsx,5,No Holiday,0
7/9/2020,2020,7,July,191,28,Thursday,Monsoon,2,1,COVID-19 General Holiday / Lockdown,Special_Event,5,0,1,0,63,0,0,1,3887,3887,0,11305,10870,11329,9090.3,9901.8,11305,7612.9,34.2,946,170,125,1704,version 5.xlsx,5,No Holiday,0
7/10/2020,2020,7,July,192,28,Friday,Monsoon,2,1,COVID-19 General Holiday / Lockdown,Special_Event,5,1,1,0,61,0,0,1,3530,3530,0,10640,10289,10860,7437.1,8329.2,10640,7732.1,33.3,963,170,125,1701,version 5.xlsx,5,No Holiday,0
7/11/2020,2020,7,July,193,28,Saturday,Monsoon,2,1,COVID-19 General Holiday / Lockdown,Special_Event,5,0,1,0,61,0,0,1,3628,3628,0,10538,10143,10538,7732.1,9120.3,10538,8021.1,31.6,834,170,126,2151,version 5.xlsx,5,No Holiday,0
7/12/2020,2020,7,July,194,28,Sunday,Monsoon,2,1,COVID-19 General Holiday / Lockdown,Special_Event,5,0,1,0,65,0,0,1,3546,3546,0,10886,10507,10886,8021.1,9400.9,10886,8140.7,31.6,858,170,126,2041,version 5.xlsx,5,No Holiday,0
7/13/2020,2020,7,July,195,29,Monday,Monsoon,2,1,COVID-19 General Holiday / Lockdown,Special_Event,5,0,1,0,61,0,0,1,3911,3911,0,11407,10971,11452,8140.73,9516.7,11407,8656.1,33.2,913,170,122,2067,version 5.xlsx,5,No Holiday,0
7/14/2020,2020,7,July,196,29,Tuesday,Monsoon,2,1,COVID-19 General Holiday / Lockdown,Special_Event,5,0,1,0,55,0,0,1,3893,3893,0,11783,11373,11783,8656.1,9794.3,11783,8666.9,31.2,913,170,120,1991,version 5.xlsx,5,No Holiday,0
7/15/2020,2020,7,July,197,29,Wednesday,Monsoon,2,1,COVID-19 General Holiday / Lockdown,Special_Event,5,0,1,0,61,0,0,1,3934,3934,0,11903,11504,12017,8666.9,9895.1,11903,8960,34.2,1063,170,86,1497,version 5.xlsx,5,No Holiday,0
7/16/2020,2020,7,July,198,29,Thursday,Monsoon,2,1,COVID-19 General Holiday / Lockdown,Special_Event,5,0,1,0,51,0,0,1,3872,3872,0,11962,11536,12054,8960,10082.6,11962,8316.6,34.2,993,170,85,1853,version 5.xlsx,5,No Holiday,0
7/17/2020,2020,7,July,199,29,Friday,Monsoon,2,1,COVID-19 General Holiday / Lockdown,Special_Event,5,1,1,0,55,0,0,1,3587,3587,0,11543,11125,11794,8316.6,8814.5,11543,8998.44,34.4,994,170,83,1852,version 5.xlsx,5,No Holiday,0
7/18/2020,2020,7,July,200,29,Saturday,Monsoon,2,1,COVID-19 General Holiday / Lockdown,Special_Event,5,0,1,0,55,0,0,1,3942,3942,0,12103,11595,12109,8998.44,9760.7,12103,8976.2,34.6,1063,170,84,1487,version 5.xlsx,5,No Holiday,0
7/19/2020,2020,7,July,201,29,Sunday,Monsoon,2,1,COVID-19 General Holiday / Lockdown,Special_Event,5,0,1,0,55,0,0,1,3935,3935,0,11331,10764,11749,8976.2,9731.9,11331,8114.9,33.3,1063,170,86,1718,version 5.xlsx,5,No Holiday,0
7/20/2020,2020,7,July,202,30,Monday,Monsoon,2,1,COVID-19 General Holiday / Lockdown,Special_Event,5,0,1,0,63,0,0,1,3620,3620,0,10787,10256,10787,8114.9,9311.6,10787,8093.53,30.3,963,170,84,1820,version 5.xlsx,5,No Holiday,0
7/21/2020,2020,7,July,203,30,Tuesday,Monsoon,2,1,COVID-19 General Holiday / Lockdown,Special_Event,5,0,1,0,63,0,0,1,3614,3614,0,10747,10345,10747,8093.53,8782.3,10747,7892,28.5,1033,170,83,1944,version 5.xlsx,5,No Holiday,0
7/22/2020,2020,7,July,204,30,Wednesday,Monsoon,2,1,COVID-19 General Holiday / Lockdown,Special_Event,5,0,1,0,63,0,0,1,3806,3806,0,11483,11014,11483,7892,9143.5,11483,8300.8,30.4,930,170,82,1948,version 5.xlsx,5,No Holiday,0
7/23/2020,2020,7,July,205,30,Thursday,Monsoon,2,1,COVID-19 General Holiday / Lockdown,Special_Event,5,0,1,0,55,0,0,1,3814,3814,0,11580,11054,11580,8300.8,9474.2,11580,7724.1,32.5,996,170,83,1977,version 5.xlsx,5,No Holiday,0
7/24/2020,2020,7,July,206,30,Friday,Monsoon,2,1,COVID-19 General Holiday / Lockdown,Special_Event,5,1,1,0,61,0,0,1,3436,3436,0,10998,10558,11028,7677.9,8224.7,10998,8330.2,32.5,995,170,85,1834,version 5.xlsx,5,No Holiday,0
7/25/2020,2020,7,July,207,30,Saturday,Monsoon,2,1,COVID-19 General Holiday / Lockdown,Special_Event,5,0,1,0,53,0,0,1,3970,3970,0,12225,11724,12225,8330.2,9099.3,12225,9271.3,34.5,996,170,83,1733,version 5.xlsx,5,No Holiday,0
7/26/2020,2020,7,July,208,30,Sunday,Monsoon,2,1,COVID-19 General Holiday / Lockdown,Special_Event,5,0,1,0,61,0,0,1,4095,4095,0,12536,12070,12552,9271.3,10525.4,12536,9323.5,34.5,997,170,83,1677,version 5.xlsx,5,No Holiday,0
7/27/2020,2020,7,July,209,31,Monday,Monsoon,2,1,COVID-19 General Holiday / Lockdown,Special_Event,5,0,1,0,63,0,0,1,3870,3870,0,11885,11404,11885,9323.5,10052.3,11885,8881.6,34.4,997,170,85,1677,version 5.xlsx,5,No Holiday,0
7/28/2020,2020,7,July,210,31,Tuesday,Monsoon,2,1,COVID-19 General Holiday / Lockdown,Special_Event,5,0,1,0,63,0,0,1,3705,3705,0,11797,11287,11797,8881.6,10012.9,11797,8257.9,33,1188,170,84,1331,version 5.xlsx,5,No Holiday,0
7/29/2020,2020,7,July,211,31,Wednesday,Monsoon,2,1,COVID-19 General Holiday / Lockdown,Special_Event,5,0,1,1,63,0,0,1,3579,3579,0,11637,11187,11548,8257.9,9259.7,11548,8360.2,29.6,1253,170,88,1331,version 5.xlsx,5,No Holiday,0
7/30/2020,2020,7,July,212,31,Thursday,Monsoon,2,1,COVID-19 General Holiday / Lockdown,Special_Event,5,0,1,1,51,0,0,1,3158,3158,0,11169,10710,11248,8360.2,9204,11169,7092.1,33.7,1168,170,85,1331,version 5.xlsx,5,No Holiday,0
7/31/2020,2020,7,July,213,31,Friday,Monsoon,2,1,Eid al-Adha (estimated),Religious_Islamic,2,1,1,1,51,0,0,1,2822,2822,0,10415,10021,10539,7092.1,7640.3,10415,7181.87,35.1,962,170,87,1331,version 5.xlsx,5,Eid-ul-Adha,2
8/1/2020,2020,8,August,214,31,Saturday,Monsoon,2,1,Eid al-Adha (estimated),Religious_Islamic,2,0,1,1,63,0,0,1,2884,2884,0,10778,10328,10865,6840.9,6948.7,10778,8145.15,34.6,975,170,86,1331,version 5.xlsx,5,Eid-ul-Adha,2
8/2/2020,2020,8,August,215,31,Sunday,Monsoon,2,1,Eid al-Adha (estimated),Religious_Islamic,2,0,1,1,63,0,0,1,2898,2898,0,10872,10370,10946,8006.22,8016.67,10872,8580.9,34.4,2174,170,87,1331,version 5.xlsx,5,Eid-ul-Adha,2
8/3/2020,2020,8,August,216,32,Monday,Monsoon,2,1,COVID-19 General Holiday / Lockdown,Special_Event,5,0,1,1,51,0,0,1,3013,3013,0,11454,10957,11454,8580.9,8854.6,11454,8519.7,36.5,1643,170,85,1760,version 5.xlsx,5,Eid-ul-Adha,2
8/4/2020,2020,8,August,217,32,Tuesday,Monsoon,2,1,COVID-19 General Holiday / Lockdown,Special_Event,5,0,1,1,63,0,0,1,3041,3041,0,10910,10470,10959,8444.6,8472.3,10910,8092.4,32.1,979,170,129,1903,version 5.xlsx,5,No Holiday,0
8/5/2020,2020,8,August,218,32,Wednesday,Monsoon,2,1,COVID-19 General Holiday / Lockdown,Special_Event,5,0,1,0,63,0,0,1,3054,3054,0,10538,10181,10666,8079.3,8171.6,10538,8124.1,34.6,917,170,128,2266,version 5.xlsx,5,No Holiday,0
8/6/2020,2020,8,August,219,32,Thursday,Monsoon,2,1,COVID-19 General Holiday / Lockdown,Special_Event,5,0,1,0,63,0,0,1,3173,3173,0,11137,10754,11200,8124.1,8725.8,11137,8038.59,33.4,907,170,88,2257,version 5.xlsx,5,No Holiday,0
8/7/2020,2020,8,August,220,32,Friday,Monsoon,2,1,COVID-19 General Holiday / Lockdown,Special_Event,5,1,1,0,61,0,0,1,3225,3225,0,11323,10838,11364,7862.1,8458.31,11323,8458,34,951,170,83,2437,version 5.xlsx,5,No Holiday,0
8/8/2020,2020,8,August,221,32,Saturday,Monsoon,2,1,COVID-19 General Holiday / Lockdown,Special_Event,5,0,1,0,51,0,0,1,3581,3581,0,12023,11491,12023,8458,9665.7,12023,9079.2,34.3,981,170,88,2257,version 5.xlsx,5,No Holiday,0
8/9/2020,2020,8,August,222,32,Sunday,Monsoon,2,1,COVID-19 General Holiday / Lockdown,Special_Event,5,0,1,0,51,0,0,1,3728,3728,0,11974,11518,11974,9079.2,10271.6,11974,9161,32.7,1061,170,79,1702,version 5.xlsx,5,No Holiday,0
8/10/2020,2020,8,August,223,33,Monday,Monsoon,2,1,COVID-19 General Holiday / Lockdown,Special_Event,5,0,1,0,51,0,0,1,3837,3837,0,12246,11706,12246,9161,10363.3,12246,9322.6,33.8,1199,170,85,2034,version 5.xlsx,5,No Holiday,0
8/11/2020,2020,8,August,224,33,Tuesday,Monsoon,2,1,COVID-19 General Holiday / Lockdown,Special_Event,5,0,1,0,55,0,0,1,3848,3848,0,12246,11629,12246,9322.6,10051.7,12246,9148.9,34.5,1215,170,85,2033,version 5.xlsx,5,Jonmoastami,1
8/12/2020,2020,8,August,225,33,Wednesday,Monsoon,2,1,COVID-19 General Holiday / Lockdown,Special_Event,5,0,1,0,53,0,0,1,3949,3949,0,12238,11819,12284,9148.9,10458.18,12238,9307.9,33.8,1165,170,76,2213,version 5.xlsx,5,No Holiday,0
8/13/2020,2020,8,August,226,33,Thursday,Monsoon,2,1,COVID-19 General Holiday / Lockdown,Special_Event,5,0,1,0,51,0,0,1,4022,4022,0,12484,11902,12484,9307.9,10627.1,12484,9132,34.7,1090,170,75,2219,version 5.xlsx,5,No Holiday,0
8/14/2020,2020,8,August,227,33,Friday,Monsoon,2,1,COVID-19 General Holiday / Lockdown,Special_Event,5,1,1,0,53,0,0,1,3469,3469,0,11501,11034,12046,9067.7,9399.3,11501,7936.4,34.9,1054,170,73,2044,version 5.xlsx,5,No Holiday,0
8/15/2020,2020,8,August,228,33,Saturday,Monsoon,2,1,National Mourning Day,National,1,0,1,0,61,0,0,1,3308,3308,0,10589,10199,11100,7823.5,8063.2,10589,7835.2,30.6,1043,170,73,2044,version 5.xlsx,5,Jatiyo shokh dibosh,1
8/16/2020,2020,8,August,229,33,Sunday,Monsoon,2,1,COVID-19 General Holiday / Lockdown,Special_Event,5,0,1,0,63,0,0,1,3772,3772,0,11346,11025,11450,7835.2,9527.7,11346,8409.87,31,1132,170,75,2044,version 5.xlsx,5,No Holiday,0
8/17/2020,2020,8,August,230,34,Monday,Monsoon,2,1,COVID-19 General Holiday / Lockdown,Special_Event,5,0,1,0,63,0,0,1,3804,3804,0,11682,11161,11682,8409.87,9705.76,11682,8485,31.5,1225,170,72,1864,version 5.xlsx,5,No Holiday,0
8/18/2020,2020,8,August,231,34,Tuesday,Monsoon,2,1,COVID-19 General Holiday / Lockdown,Special_Event,5,0,1,0,63,0,0,1,3532,3532,0,11793,11004,11793,8485,9724.8,11793,8527.8,31.1,1312,170,74,1864,version 5.xlsx,5,No Holiday,0
8/19/2020,2020,8,August,232,34,Wednesday,Monsoon,2,1,COVID-19 General Holiday / Lockdown,Special_Event,5,0,1,0,65,0,0,1,3755,3755,0,11429,10946,11429,8527.8,9744.8,11429,8126.92,32,1314,170,107,1863,version 5.xlsx,5,No Holiday,0
8/20/2020,2020,8,August,233,34,Thursday,Monsoon,2,1,COVID-19 General Holiday / Lockdown,Special_Event,5,0,1,0,63,0,0,1,3611,3611,0,11132,10621,11132,8126.92,9170.8,11132,7367.7,28.2,1592,170,112,1452,version 5.xlsx,5,No Holiday,0
8/21/2020,2020,8,August,234,34,Friday,Monsoon,2,1,COVID-19 General Holiday / Lockdown,Special_Event,5,1,1,0,63,0,0,1,3172,3172,0,10401,9960,10401,7337.1,7789.9,10401,7618,30,1310,170,111,1451,version 5.xlsx,5,No Holiday,0
8/22/2020,2020,8,August,235,34,Saturday,Monsoon,2,1,COVID-19 General Holiday / Lockdown,Special_Event,5,0,1,0,63,0,0,1,3692,3692,0,11429,10879,11429,7618,8925.8,11429,8032.8,28.6,1648,170,113,1451,version 5.xlsx,5,Durga Puja,2
8/23/2020,2020,8,August,236,34,Sunday,Monsoon,2,1,COVID-19 General Holiday / Lockdown,Special_Event,5,0,1,0,63,0,0,1,3927,3927,0,11804,11322,11804,8032.8,9620.2,11804,8577,31,1661,170,152,1452,version 5.xlsx,5,Durga Puja,2
8/24/2020,2020,8,August,237,35,Monday,Monsoon,2,1,COVID-19 General Holiday / Lockdown,Special_Event,5,0,1,0,51,0,0,1,4075,4075,0,11975,11452,11975,8577,10151.1,11975,8832.8,34.3,1667,170,155,1454,version 5.xlsx,5,Durga Puja,2
8/25/2020,2020,8,August,238,35,Tuesday,Monsoon,2,1,COVID-19 General Holiday / Lockdown,Special_Event,5,0,1,0,63,0,0,1,3888,3888,0,11563,10932,11563,8832.8,10076.8,11563,8421.4,33.8,1818,170,162,1632,version 5.xlsx,5,Durga Puja,2
8/26/2020,2020,8,August,239,35,Wednesday,Monsoon,2,1,COVID-19 General Holiday / Lockdown,Special_Event,5,0,1,0,63,0,0,1,3843,3843,0,11239,10972,11302,8421.4,9440.5,11239,8491.6,31.7,1945,170,145,1633,version 5.xlsx,5,Durga Puja,2
8/27/2020,2020,8,August,240,35,Thursday,Monsoon,2,1,COVID-19 General Holiday / Lockdown,Special_Event,5,0,1,0,63,0,0,1,3836,3836,0,11595,11160,11595,8491.6,10145.1,11595,8180.1,33.3,1844,170,143,1661,version 5.xlsx,5,No Holiday,0
8/28/2020,2020,8,August,241,35,Friday,Monsoon,2,1,COVID-19 General Holiday / Lockdown,Special_Event,5,1,1,0,63,0,0,1,3479,3479,0,11251,10740,11286,8125.9,8644.4,11251,8540.1,33.9,1903,170,140,1631,version 5.xlsx,5,No Holiday,0
8/29/2020,2020,8,August,242,35,Saturday,Monsoon,2,1,Ashura (estimated),Religious_Islamic,2,0,1,0,51,0,0,1,3877,3877,0,12081,11678,12081,8540.1,9395.9,12081,8955.7,32.8,2025,170,141,1486,version 5.xlsx,5,No Holiday,0
8/30/2020,2020,8,August,243,35,Sunday,Monsoon,2,1,COVID-19 General Holiday / Lockdown,Special_Event,5,0,1,0,61,0,0,1,3864,3864,0,12177,11696,12200,8955.7,9575.3,12177,9522.8,34.4,2076,170,140,1491,version 5.xlsx,5,Ashura,1
8/31/2020,2020,8,August,244,36,Monday,Monsoon,2,1,COVID-19 General Holiday / Lockdown,Special_Event,5,0,1,0,61,0,0,1,4228,4228,0,12577,12021,12577,9522.8,10843.5,12577,9026.89,34.6,2076,170,143,1716,version 5.xlsx,5,No Holiday,0
9/1/2020,2020,9,September,245,36,Tuesday,Monsoon,2,0,Weekday,Weekday,0,0,0,0,65,0,0,1,3755,3755,0,11453,10957,11877,9026.89,9415.63,11453,8452.6,31,2105,170,151,1711,version 5.xlsx,5,No Holiday,0
9/2/2020,2020,9,September,246,36,Wednesday,Monsoon,2,0,Weekday,Weekday,0,0,0,0,63,0,0,1,3948,3948,0,11982,11563,12026,8452.6,10280.6,11982,9015.2,34.5,2106,170,152,1711,version 5.xlsx,5,No Holiday,0
9/3/2020,2020,9,September,247,36,Thursday,Monsoon,2,0,Weekday,Weekday,0,0,0,0,51,0,0,1,4129,4129,0,12427,11957,12427,9015.2,10641.73,12427,8804.3,35.4,1681,170,153,1612,version 5.xlsx,5,No Holiday,0
9/4/2020,2020,9,September,248,36,Friday,Monsoon,2,0,Weekday,Weekday,0,1,0,0,51,0,0,1,3766,3766,0,12101,11616,12106,8634.4,9075.7,12101,9300.7,35.8,1705,170,153,1611,version 5.xlsx,5,No Holiday,0
9/5/2020,2020,9,September,249,36,Saturday,Monsoon,2,0,Weekday,Weekday,0,0,0,0,51,0,0,1,4142,4142,0,12892,12196,12892,9300.7,10311.2,12892,9638,35.1,1645,170,154,1638,version 5.xlsx,5,No Holiday,0
9/6/2020,2020,9,September,250,36,Sunday,Monsoon,2,0,Weekday,Weekday,0,0,0,0,53,0,0,1,4088,4088,0,12097,11534,12245,9638,10834,12097,9047.5,34.6,1645,170,153,1458,version 5.xlsx,5,No Holiday,0
9/7/2020,2020,9,September,251,37,Monday,Monsoon,2,0,Weekday,Weekday,0,0,0,0,55,0,0,1,4021,4021,0,11771,11227,11771,9047.5,10047,11771,8985,33.6,1645,170,155,1458,version 5.xlsx,5,No Holiday,0
9/8/2020,2020,9,September,252,37,Tuesday,Monsoon,2,0,Weekday,Weekday,0,0,0,0,61,0,0,1,4125,4125,0,12016,11664,12016,8985,10390.4,12016,9122,34.5,1659,170,155,1336,version 5.xlsx,5,No Holiday,0
9/9/2020,2020,9,September,253,37,Wednesday,Monsoon,2,0,Weekday,Weekday,0,0,0,0,63,0,0,1,4074,4074,0,12493,12052,12493,9122,10370,12493,9121,34.1,1277,170,150,1604,version 5.xlsx,5,No Holiday,0
9/10/2020,2020,9,September,254,37,Thursday,Monsoon,2,0,Weekday,Weekday,0,0,0,0,63,0,0,1,3979,3979,0,11941,11454,11941,9121,9806,11941,8190,31.5,1298,170,184,1603,version 5.xlsx,5,No Holiday,0
9/11/2020,2020,9,September,255,37,Friday,Monsoon,2,0,Weekday,Weekday,0,1,0,0,61,0,0,1,3517,3517,0,11259,10878,11392,7994,8559,11259,8529,32.8,1271,170,185,1422,version 5.xlsx,5,No Holiday,0
9/12/2020,2020,9,September,256,37,Saturday,Monsoon,2,0,Weekday,Weekday,0,0,0,0,63,0,0,1,4039,4039,0,12229,11745,12229,8529,9638,12229,9316,34.4,1385,170,184,1461,version 5.xlsx,5,No Holiday,0
9/13/2020,2020,9,September,257,37,Sunday,Monsoon,2,0,Weekday,Weekday,0,0,0,0,61,0,0,1,4139,4139,0,12345,11793,12345,9316,10506,12345,9206,33.9,1177,170,145,1614,version 5.xlsx,5,No Holiday,0
9/14/2020,2020,9,September,258,38,Monday,Monsoon,2,0,Weekday,Weekday,0,0,0,0,63,0,0,1,4034,4034,0,12040,11519,12040,9206,10467,12040,9158,33.6,1325,170,190,1544,version 5.xlsx,5,No Holiday,0
9/15/2020,2020,9,September,259,38,Tuesday,Monsoon,2,0,Weekday,Weekday,0,0,0,0,63,0,0,1,4061,4061,0,12080,11591,12080,9158,10377,12080,8847,34,1355,170,189,1675,version 5.xlsx,5,No Holiday,0
9/16/2020,2020,9,September,260,38,Wednesday,Monsoon,2,0,Weekday,Weekday,0,0,0,0,63,0,0,1,4103,4103,0,11966,11454,11966,8847,10145,11966,9036,34,2469,170,154,1677,version 5.xlsx,5,No Holiday,0
9/17/2020,2020,9,September,261,38,Thursday,Monsoon,2,0,Weekday,Weekday,0,0,0,0,63,0,0,1,3910,3910,0,11554,10942,11554,9036,10144,11554,8229,34.5,1978,170,88,1678,version 5.xlsx,5,No Holiday,0
9/18/2020,2020,9,September,262,38,Friday,Monsoon,2,0,Weekday,Weekday,0,1,0,0,61,0,0,1,3609,3609,0,11625,11069,11639,8064,8622,11625,8678,34.7,1949,170,153,1552,version 5.xlsx,5,No Holiday,0
9/19/2020,2020,9,September,263,38,Saturday,Monsoon,2,0,Weekday,Weekday,0,0,0,0,3,0,1,0,4311,4311,0,12725,12223,12725,8678,9719,12725,9325,36.1,1732,170,122,2195,version 5.xlsx,5,No Holiday,0
9/20/2020,2020,9,September,264,38,Sunday,Monsoon,2,0,Weekday,Weekday,0,0,0,0,51,0,0,1,4274,4274,0,12220,11694,12220,9325,10888,12220,8954,35.7,1878,170,113,2143,version 5.xlsx,5,No Holiday,0
9/21/2020,2020,9,September,265,39,Monday,Monsoon,2,0,Weekday,Weekday,0,0,0,0,63,0,0,1,4202,4202,0,11925,11413,11925,8954,9987,11925,8475,32.2,1766,170,114,2136,version 5.xlsx,5,No Holiday,0
9/22/2020,2020,9,September,266,39,Tuesday,Monsoon,2,0,Weekday,Weekday,0,0,0,0,63,0,0,1,4107,4107,0,11422,11056,11422,8475,9497,11422,8503,32,1816,170,115,2134,version 5.xlsx,5,No Holiday,0
9/23/2020,2020,9,September,267,39,Wednesday,Monsoon,2,0,Weekday,Weekday,0,0,0,0,63,0,0,1,3981,3981,0,11384,10939,11384,8503,9468,11384,7827,30.7,1812,170,155,2134,version 5.xlsx,5,No Holiday,0
9/24/2020,2020,9,September,268,39,Thursday,Monsoon,2,0,Weekday,Weekday,0,0,0,0,63,0,0,1,4062,4062,0,11477,10978,11477,7827,9339,11477,7803,31,1791,170,187,2108,version 5.xlsx,5,No Holiday,0
9/25/2020,2020,9,September,269,39,Friday,Monsoon,2,0,Weekday,Weekday,0,1,0,0,63,0,0,1,3350,3350,0,10262,9767,10262,7634,7853,10262,7804,31.8,1744,170,117,2114,version 5.xlsx,5,No Holiday,0
9/26/2020,2020,9,September,270,39,Saturday,Monsoon,2,0,Weekday,Weekday,0,0,0,0,63,0,0,1,3812,3812,0,10714,10261,10714,7804,9250,10714,7876,31.7,1333,170,155,2545,version 5.xlsx,5,No Holiday,0
9/27/2020,2020,9,September,271,39,Sunday,Monsoon,2,0,Weekday,Weekday,0,0,0,0,63,0,0,1,3863,3863,0,11499,10979,11499,7876,9260,11499,8201,30.9,1196,170,186,2545,version 5.xlsx,5,No Holiday,0
9/28/2020,2020,9,September,272,40,Monday,Monsoon,2,0,Weekday,Weekday,0,0,0,0,53,0,0,1,4171,4171,0,12111,11743,12111,8201,9780,12111,8783,33.6,1251,170,188,2626,version 5.xlsx,5,No Holiday,0
9/29/2020,2020,9,September,273,40,Tuesday,Monsoon,2,0,Weekday,Weekday,0,0,0,0,61,0,0,1,4236,4236,0,12250,11819,12250,8783,10215,12250,9241,33.4,1120,170,153,2901,version 5.xlsx,5,No Holiday,0
9/30/2020,2020,9,September,274,40,Wednesday,Monsoon,2,0,Weekday,Weekday,0,0,0,0,65,0,0,1,4186,4186,0,12428,11913,12428,9241,10655,12428,9083,35.1,1140,170,187,2560,version 5.xlsx,5,No Holiday,0
10/1/2020,2020,10,October,275,40,Thursday,Post_Monsoon,3,0,Weekday,Weekday,0,0,0,0,63,0,0,1,3992,3992,0,12065,11538,12065,9083,10286,12065,8148,32.9,1154,170,186,2178,version 5.xlsx,5,No Holiday,0
10/2/2020,2020,10,October,276,40,Friday,Post_Monsoon,3,0,Weekday,Weekday,0,1,0,0,63,0,0,1,3550,3550,0,11238,10720,11238,8097,8595,11238,8517,33.8,1311,170,185,1986,version 5.xlsx,5,No Holiday,0
10/3/2020,2020,10,October,277,40,Saturday,Post_Monsoon,3,0,Weekday,Weekday,0,0,0,0,53,0,0,1,4072,4072,0,12091,11598,12091,8517,9624,12091,8930,33.3,1182,170,186,1986,version 5.xlsx,5,No Holiday,0
10/4/2020,2020,10,October,278,40,Sunday,Post_Monsoon,3,0,Weekday,Weekday,0,0,0,0,51,0,0,1,4241,4241,0,12317,11830,12317,8930,10180,12317,8982,34,1203,170,188,1626,version 5.xlsx,5,No Holiday,0
10/5/2020,2020,10,October,279,41,Monday,Post_Monsoon,3,0,Weekday,Weekday,0,0,0,0,63,0,0,1,4026,4026,0,12054,11547,12054,8982,10276,12054,8581,32.8,1142,170,151,1626,version 5.xlsx,5,No Holiday,0
10/6/2020,2020,10,October,280,41,Tuesday,Post_Monsoon,3,0,Weekday,Weekday,0,0,0,0,55,0,0,1,4076,4076,0,11944,11286,11944,8583,9668,11944,8442,32.4,1392,170,120,1626,version 5.xlsx,5,No Holiday,0
10/7/2020,2020,10,October,281,41,Wednesday,Post_Monsoon,3,0,Weekday,Weekday,0,0,0,0,61,0,0,1,4043,4043,0,11899,11307,11899,8442,9787,11899,8686,34.4,1326,170,110,1796,version 5.xlsx,5,No Holiday,0
10/8/2020,2020,10,October,282,41,Thursday,Post_Monsoon,3,0,Weekday,Weekday,0,0,0,0,51,0,0,1,4132,4132,0,12063,11499,12152,8686,10097,12063,8505,33.5,1370,170,114,1783,version 5.xlsx,5,No Holiday,0
10/9/2020,2020,10,October,283,41,Friday,Post_Monsoon,3,0,Weekday,Weekday,0,1,0,0,51,0,0,1,3705,3705,0,11909,11352,11909,8478,8938,11909,8776,34.7,1319,170,113,1613,version 5.xlsx,5,No Holiday,0
10/10/2020,2020,10,October,284,41,Saturday,Post_Monsoon,3,0,Weekday,Weekday,0,0,0,0,51,0,0,1,4179,4179,0,12650,12057,12650,8776,9646,12650,9451,35.3,1068,170,110,1613,version 5.xlsx,5,No Holiday,0
10/11/2020,2020,10,October,285,41,Sunday,Post_Monsoon,3,0,Weekday,Weekday,0,0,0,0,55,0,0,1,4332,4332,0,12759,12198,12759,9451,10648,12759,9260,35,1054,170,110,1613,version 5.xlsx,5,No Holiday,0
10/12/2020,2020,10,October,286,42,Monday,Post_Monsoon,3,0,Weekday,Weekday,0,0,0,0,51,0,0,1,4291,4291,0,12722,12029,12722,9260,10495,12722,9317,33,1235,170,107,1613,version 5.xlsx,5,No Holiday,0
10/13/2020,2020,10,October,287,42,Tuesday,Post_Monsoon,3,0,Weekday,Weekday,0,0,0,0,51,0,0,1,4261,4261,0,12727,12102,12727,9317,10723,12727,9233,34.6,1228,170,107,1613,version 5.xlsx,5,No Holiday,0
10/14/2020,2020,10,October,288,42,Wednesday,Post_Monsoon,3,0,Weekday,Weekday,0,0,0,0,53,0,0,1,4114,4114,0,12528,11936,12528,9233,10646,12528,9071,34.1,1276,170,107,1673,version 5.xlsx,5,No Holiday,0
10/15/2020,2020,10,October,289,42,Thursday,Post_Monsoon,3,0,Weekday,Weekday,0,0,0,0,51,0,0,1,4285,4285,0,12684,12106,12684,9071,10583,12684,8616,34.4,1274,170,109,1673,version 5.xlsx,5,No Holiday,0
10/16/2020,2020,10,October,290,42,Friday,Post_Monsoon,3,0,Weekday,Weekday,0,1,0,0,51,0,0,1,3665,3665,0,11984,11447,11984,8492,9142,11984,8859,35.5,1209,170,108,1673,version 5.xlsx,5,No Holiday,0
10/17/2020,2020,10,October,291,42,Saturday,Post_Monsoon,3,0,Weekday,Weekday,0,0,0,0,3,0,1,0,4203,4203,0,12637,12031,12637,8773,9771,12637,8928,35.7,1278,170,107,1718,version 5.xlsx,5,No Holiday,0
10/18/2020,2020,10,October,292,42,Sunday,Post_Monsoon,3,0,Weekday,Weekday,0,0,0,0,63,0,0,1,4227,4227,0,12512,11917,12512,8928,10327,12512,8862,34.4,1431,170,110,1538,version 5.xlsx,5,No Holiday,0
10/19/2020,2020,10,October,293,43,Monday,Post_Monsoon,3,0,Weekday,Weekday,0,0,0,0,61,0,0,1,4222,4222,0,12659,12058,12659,8862,10188,12659,8975,33.5,1351,170,112,1538,version 5.xlsx,5,No Holiday,0
10/20/2020,2020,10,October,294,43,Tuesday,Post_Monsoon,3,0,Weekday,Weekday,0,0,0,0,55,0,0,1,4226,4226,0,12538,11933,12538,8975,10568,12538,8976,34.2,1425,170,112,1538,version 5.xlsx,5,No Holiday,0
10/21/2020,2020,10,October,295,43,Wednesday,Post_Monsoon,3,0,Weekday,Weekday,0,0,0,0,63,0,0,1,4061,4061,0,12026,11433,12026,8976,9957,12026,8238,33,1440,170,112,1538,version 5.xlsx,5,No Holiday,0
10/22/2020,2020,10,October,296,43,Thursday,Post_Monsoon,3,0,Weekday,Weekday,0,0,0,0,65,0,0,1,3647,3647,0,9836,9354,10604,8238,9034,9836,6388,27.7,1477,170,109,1538,version 5.xlsx,5,No Holiday,0
10/23/2020,2020,10,October,297,43,Friday,Post_Monsoon,3,0,Weekday,Weekday,0,1,0,0,65,0,0,1,3647,3647,0,8212,7734,9451,6045,8818,8212,6220,25,1305,170,74,1551,version 5.xlsx,5,No Holiday,0
10/24/2020,2020,10,October,298,43,Saturday,Post_Monsoon,3,0,Weekday,Weekday,0,0,0,0,61,0,0,1,3509,3509,0,9790,9408,9790,6220,8031,9790,6872,26.8,1318,170,70,1911,version 5.xlsx,5,No Holiday,0
10/25/2020,2020,10,October,299,43,Sunday,Post_Monsoon,3,1,Durga Puja (Main Day),Religious_Hindu,3,0,0,0,51,0,0,1,3771,3771,0,10732,10230,10732,6872,8818,10732,7081,32.4,1327,170,70,1911,version 5.xlsx,5,No Holiday,0
10/26/2020,2020,10,October,300,44,Monday,Post_Monsoon,3,0,Weekday,Weekday,0,0,0,0,1,1,0,0,3697,3697,0,10705,10189,10705,7081,8505,10705,7336,32.5,1209,170,69,1911,version 5.xlsx,5,No Holiday,0
10/27/2020,2020,10,October,301,44,Tuesday,Post_Monsoon,3,0,Weekday,Weekday,0,0,0,0,0,1,0,0,3946,3946,0,11294,10665,11294,7336,9190,11294,7680,32.8,1432,170,72,1611,version 5.xlsx,5,No Holiday,0
10/28/2020,2020,10,October,302,44,Wednesday,Post_Monsoon,3,0,Weekday,Weekday,0,0,0,0,0,1,0,0,3966,3966,0,11381,10885,11381,7680,9518,11381,7802,33.4,1458,170,72,1636,version 5.xlsx,5,No Holiday,0
10/29/2020,2020,10,October,303,44,Thursday,Post_Monsoon,3,1,Prophet's Birthday (estimated),Religious_Islamic,2,0,0,0,3,0,1,0,4220,4220,0,12085,11453,12085,7802,9689,12085,7368,34.5,1390,170,72,1816,version 5.xlsx,5,No Holiday,0
10/30/2020,2020,10,October,304,44,Friday,Post_Monsoon,3,0,Weekday,Weekday,0,1,0,0,3,0,1,0,3549,3549,0,11107,10540,11107,7244,8265,11107,7322,35.2,1374,165,71,1651,version 5.xlsx,5,EID-E-MILADUNNOBI,1
10/31/2020,2020,10,October,305,44,Saturday,Post_Monsoon,3,0,Weekday,Weekday,0,0,0,0,61,0,0,1,3971,3971,0,11266,10665,11266,7322,8600,11266,7783,31.6,1352,87,70,1651,version 5.xlsx,5,No Holiday,0
11/1/2020,2020,11,November,306,44,Sunday,Post_Monsoon,3,0,Weekday,Weekday,0,0,0,0,63,0,0,1,3792,3792,0,11051,10487,11051,7783,9261,11051,7753,31.5,1200,95,71,1551,version 5.xlsx,5,No Holiday,0
11/2/2020,2020,11,November,307,45,Monday,Post_Monsoon,3,0,Weekday,Weekday,0,0,0,0,51,0,0,1,4000,4000,0,11572,10930,11572,7753,9280,11572,7846,31,1388,170,71,1965,version 5.xlsx,5,No Holiday,0
11/3/2020,2020,11,November,308,45,Tuesday,Post_Monsoon,3,0,Weekday,Weekday,0,0,0,0,51,0,0,1,4013,4013,0,11427,10755,11427,7846,9250,11427,7657,31.6,1424,170,72,1965,version 5.xlsx,5,No Holiday,0
11/4/2020,2020,11,November,309,45,Wednesday,Post_Monsoon,3,0,Weekday,Weekday,0,0,0,0,51,0,0,1,3697,3697,0,10322,9730,10322,7657,8623,10322,6924,32,1507,170,74,1965,version 5.xlsx,5,No Holiday,0
11/5/2020,2020,11,November,310,45,Thursday,Post_Monsoon,3,0,Weekday,Weekday,0,0,0,0,3,0,1,0,3379,3379,0,9602,9072,9602,6924,8281,9602,5806,32.4,1765,170,74,1965,version 5.xlsx,5,No Holiday,0
11/6/2020,2020,11,November,311,45,Friday,Post_Monsoon,3,0,Weekday,Weekday,0,1,0,0,0,1,0,0,3379,3379,0,7975,7446,7975,5806,8109,7975,5524,31,1688,170,70,1965,version 5.xlsx,5,No Holiday,0
11/7/2020,2020,11,November,312,45,Saturday,Post_Monsoon,3,0,Weekday,Weekday,0,0,0,0,0,1,0,0,3296,3296,0,9242,8796,9242,5524,7204,9242,5995,31,1443,170,70,2685,version 5.xlsx,5,No Holiday,0
11/8/2020,2020,11,November,313,45,Sunday,Post_Monsoon,3,0,Weekday,Weekday,0,0,0,0,0,1,0,0,3494,3494,0,9801,9222,9801,5995,8109,9801,6447,33.2,1415,170,69,2835,version 5.xlsx,5,No Holiday,0
11/9/2020,2020,11,November,314,46,Monday,Post_Monsoon,3,0,Weekday,Weekday,0,0,0,0,0,1,0,0,3600,3600,0,10008,9375,10008,6447,8288,10008,6551,32.5,1505,170,67,2850,version 5.xlsx,5,No Holiday,0
11/10/2020,2020,11,November,315,46,Tuesday,Post_Monsoon,3,0,Weekday,Weekday,0,0,0,0,0,1,0,0,3623,3623,0,10084,9594,10084,6551,8409,10084,6624,33,1906,170,68,2066,version 5.xlsx,5,No Holiday,0
11/11/2020,2020,11,November,316,46,Wednesday,Post_Monsoon,3,0,Weekday,Weekday,0,0,0,0,0,1,0,0,3530,3530,0,9996,9318,9996,6624,8245,9996,6630,34,1969,170,69,2096,version 5.xlsx,5,No Holiday,0
11/12/2020,2020,11,November,317,46,Thursday,Post_Monsoon,3,0,Weekday,Weekday,0,0,0,0,1,1,0,0,3693,3693,0,10193,9511,10193,6630,8484,10193,6280,33.5,1918,170,69,2096,version 5.xlsx,5,No Holiday,0
11/13/2020,2020,11,November,318,46,Friday,Post_Monsoon,3,0,Weekday,Weekday,0,1,0,0,0,1,0,0,2970,2970,0,8915,8327,8915,6243,6891,8915,6298,33.8,1808,109,72,2096,version 5.xlsx,5,No Holiday,0
11/14/2020,2020,11,November,319,46,Saturday,Post_Monsoon,3,0,Weekday,Weekday,0,0,0,0,0,1,0,0,3511,3511,0,9822,9248,9822,6298,7632,9822,6653,33,1900,170,72,2066,version 5.xlsx,5,No Holiday,0
11/15/2020,2020,11,November,320,46,Sunday,Post_Monsoon,3,0,Weekday,Weekday,0,0,0,0,0,1,0,0,3550,3550,0,9729,9180,9729,6653,8157,9729,6624,31.8,1892,170,72,1851,version 5.xlsx,5,No Holiday,0
11/16/2020,2020,11,November,321,47,Monday,Post_Monsoon,3,0,Weekday,Weekday,0,0,0,0,3,0,1,0,3541,3541,0,9719,9170,9719,6624,8109,9719,6530,30.5,2013,170,74,2192,version 5.xlsx,5,No Holiday,0
11/17/2020,2020,11,November,322,47,Tuesday,Post_Monsoon,3,0,Weekday,Weekday,0,0,0,0,0,1,0,0,3563,3563,0,9633,9087,9633,6530,7960,9633,6346,31.4,1911,170,72,2342,version 5.xlsx,5,No Holiday,0
11/18/2020,2020,11,November,323,47,Wednesday,Post_Monsoon,3,0,Weekday,Weekday,0,0,0,0,3,0,1,0,3368,3368,0,9429,8802,9429,6346,7952,9429,6301,30.6,1860,170,72,2192,version 5.xlsx,5,No Holiday,0
11/19/2020,2020,11,November,324,47,Thursday,Post_Monsoon,3,0,Weekday,Weekday,0,0,0,0,51,0,0,1,3311,3311,0,9284,8850,9429,6346,7892,9284,6208,29.9,1952,105,69,1932,version 5.xlsx,5,No Holiday,0
11/20/2020,2020,11,November,325,47,Friday,Post_Monsoon,3,0,Weekday,Weekday,0,1,0,0,51,0,0,1,2708,2708,0,8454,7877,8454,6031,6631,8454,5883,29.9,2422,170,73,1872,version 5.xlsx,5,No Holiday,0
11/21/2020,2020,11,November,326,47,Saturday,Post_Monsoon,3,0,Weekday,Weekday,0,0,0,0,63,0,0,1,3294,3294,0,9321,8701,9321,5883,7371,9321,6066,27.2,1665,170,116,1912,version 5.xlsx,5,No Holiday,0
11/22/2020,2020,11,November,327,47,Sunday,Post_Monsoon,3,0,Weekday,Weekday,0,0,0,0,3,0,1,0,3223,3223,0,8989,8569,8989,6066,7488,8989,5537,27.4,1769,110,69,1922,version 5.xlsx,5,No Holiday,0
11/23/2020,2020,11,November,328,48,Monday,Post_Monsoon,3,0,Weekday,Weekday,0,0,0,0,0,1,0,0,3156,3156,0,8867,8407,8867,5537,7154,8867,5543,27.4,1680,170,70,1902,version 5.xlsx,5,No Holiday,0
11/24/2020,2020,11,November,329,48,Tuesday,Post_Monsoon,3,0,Weekday,Weekday,0,0,0,0,3,0,1,0,3042,3042,0,8762,8259,8762,5543,7246,8762,5605,27.4,1573,170,103,1485,version 5.xlsx,5,No Holiday,0
11/25/2020,2020,11,November,330,48,Wednesday,Post_Monsoon,3,0,Weekday,Weekday,0,0,0,0,3,0,1,0,3133,3133,0,8900,8324,8900,5605,7387,8900,5537,27.4,1501,170,103,2019,version 5.xlsx,5,No Holiday,0
11/26/2020,2020,11,November,331,48,Thursday,Post_Monsoon,3,0,Weekday,Weekday,0,0,0,0,3,0,1,0,3127,3127,0,8926,8439,8926,5537,7437,8926,5587,27.4,1501,170,104,2019,version 5.xlsx,5,No Holiday,0
11/27/2020,2020,11,November,332,48,Friday,Post_Monsoon,3,0,Weekday,Weekday,0,1,0,0,3,0,1,0,3133,3133,0,7828,7234,7828,5587,6082,7828,5330,27.8,1403,170,105,1619,version 5.xlsx,5,No Holiday,0
11/28/2020,2020,11,November,333,48,Saturday,Post_Monsoon,3,0,Weekday,Weekday,0,0,0,0,3,0,1,0,3168,3168,0,9056,8553,9056,5330,6841,9056,5683,29.8,1378,170,103,1619,version 5.xlsx,5,No Holiday,0
11/29/2020,2020,11,November,334,48,Sunday,Post_Monsoon,3,0,Weekday,Weekday,0,0,0,0,0,1,0,0,3150,3150,0,9055,8431,9055,5683,7473,9055,5628,29.7,1527,170,106,1619,version 5.xlsx,5,No Holiday,0
11/30/2020,2020,11,November,335,49,Monday,Post_Monsoon,3,0,Weekday,Weekday,0,0,0,0,0,1,0,0,3185,3185,0,9074,8456,9074,5628,7479,9074,5633,30.7,1698,170,105,1449,version 5.xlsx,5,No Holiday,0
12/1/2020,2020,12,December,336,49,Tuesday,Winter,0,0,Weekday,Weekday,0,0,0,0,0,1,0,0,3189,3189,0,8968,8436,8968,5633,7608,8968,5635,30.2,1697,170,141,1449,version 5.xlsx,5,No Holiday,0
12/2/2020,2020,12,December,337,49,Wednesday,Winter,0,0,Weekday,Weekday,0,0,0,0,0,1,0,0,3142,3142,0,8991,8429,8991,5635,7396,8991,5721,29.8,1905,81,140,1449,version 5.xlsx,5,No Holiday,0
12/3/2020,2020,12,December,338,49,Thursday,Winter,0,0,Weekday,Weekday,0,0,0,0,1,1,0,0,3200,3200,0,8928,8496,8928,5721,7491,8928,5707,29.2,1862,75,144,1809,version 5.xlsx,5,No Holiday,0
12/4/2020,2020,12,December,339,49,Friday,Winter,0,0,Weekday,Weekday,0,1,0,0,1,1,0,0,2601,2601,0,7922,7551,7922,5707,6202,7922,5281,29.1,1687,76,145,2219,version 5.xlsx,5,No Holiday,0
12/5/2020,2020,12,December,340,49,Saturday,Winter,0,0,Weekday,Weekday,0,0,0,0,2,0,1,0,3109,3109,0,9098,8548,9098,5281,6764,9098,5622,27.7,1726,85,156,2493,version 5.xlsx,5,No Holiday,0
12/6/2020,2020,12,December,341,49,Sunday,Winter,0,0,Weekday,Weekday,0,0,0,0,0,1,0,0,3087,3087,0,8996,8394,8996,5622,7331,8996,5593,27.8,2025,85,144,2493,version 5.xlsx,5,No Holiday,0
12/7/2020,2020,12,December,342,50,Monday,Winter,0,0,Weekday,Weekday,0,0,0,0,0,1,0,0,3085,3085,0,8991,8415,8991,5593,7377,8991,5684,28.2,2253,85,184,2656,version 5.xlsx,5,No Holiday,0
12/8/2020,2020,12,December,343,50,Tuesday,Winter,0,0,Weekday,Weekday,0,0,0,0,2,0,1,0,3089,3089,0,8940,8446,8940,5684,7331,8940,5661,26.5,2481,85,183,2468,version 5.xlsx,5,No Holiday,0
12/9/2020,2020,12,December,344,50,Wednesday,Winter,0,0,Weekday,Weekday,0,0,0,0,3,0,1,0,2980,2980,0,8815,8299,8815,5661,7249,8815,5534,21.6,2217,85,182,2303,version 5.xlsx,5,No Holiday,0
12/10/2020,2020,12,December,345,50,Thursday,Winter,0,0,Weekday,Weekday,0,0,0,0,3,0,1,0,3089,3089,0,8884,8369,8884,5534,7454,8884,5487,23.6,2325,85,182,2303,version 5.xlsx,5,No Holiday,0
12/11/2020,2020,12,December,346,50,Friday,Winter,0,0,Weekday,Weekday,0,1,0,0,3,0,1,0,2498,2498,0,7871,7514,7871,5487,6316,7871,5083,20.7,2218,85,181,2524,version 5.xlsx,5,No Holiday,0
12/12/2020,2020,12,December,347,50,Saturday,Winter,0,0,Weekday,Weekday,0,0,0,0,3,0,1,0,3001,3001,0,8743,8294,8743,5083,6644,8743,5400,22.7,2286,85,183,2541,version 5.xlsx,5,No Holiday,0
12/13/2020,2020,12,December,348,50,Sunday,Winter,0,0,Weekday,Weekday,0,0,0,0,3,0,1,0,2968,2968,0,8699,8230,8699,5400,7111,8699,5589,25.7,2298,85,184,2466,version 5.xlsx,5,No Holiday,0
12/14/2020,2020,12,December,349,51,Monday,Winter,0,0,Weekday,Weekday,0,0,0,0,1,1,0,0,3050,3050,0,8877,8396,8877,5589,7260,8877,5649,26.7,2539,85,182,2276,version 5.xlsx,5,No Holiday,0
12/15/2020,2020,12,December,350,51,Tuesday,Winter,0,0,Weekday,Weekday,0,0,0,0,2,0,1,0,3014,3014,0,8816,8413,8816,5649,7160,8816,5537,24.5,2462,85,186,2228,version 5.xlsx,5,No Holiday,0
12/16/2020,2020,12,December,351,51,Wednesday,Winter,0,1,Victory Day,National,1,0,0,0,2,0,1,0,2305,2305,0,7679,7263,7679,5537,6211,7679,4961,26.8,2512,85,184,2113,version 5.xlsx,5,Victory Day,1
12/17/2020,2020,12,December,352,51,Thursday,Winter,0,0,Weekday,Weekday,0,0,0,0,2,0,1,0,2708,2708,0,8546,8050,8546,4961,6877,8546,5405,26,2550,85,184,2113,version 5.xlsx,5,No Holiday,0
12/18/2020,2020,12,December,353,51,Friday,Winter,0,0,Weekday,Weekday,0,1,0,0,3,0,1,0,2351,2351,0,7888,7408,7888,5405,5988,7888,4945,24.2,2306,85,186,2113,version 5.xlsx,5,No Holiday,0
12/19/2020,2020,12,December,354,51,Saturday,Winter,0,0,Weekday,Weekday,0,0,0,0,3,0,1,0,2798,2798,0,8602,8069,8602,4945,6253,8602,5335,24,2495,85,185,2113,version 5.xlsx,5,No Holiday,0
12/20/2020,2020,12,December,355,51,Sunday,Winter,0,0,Weekday,Weekday,0,0,0,0,0,1,0,0,2938,2938,0,8763,8215,8763,5335,7251,8763,5558,24.6,2247,85,195,2454,version 5.xlsx,5,No Holiday,0
12/21/2020,2020,12,December,356,52,Monday,Winter,0,0,Weekday,Weekday,0,0,0,0,3,0,1,0,3004,3004,0,8862,8478,8862,5558,7108,8862,5505,24.9,2316,85,190,2825,version 5.xlsx,5,No Holiday,0
12/22/2020,2020,12,December,357,52,Tuesday,Winter,0,0,Weekday,Weekday,0,0,0,0,3,0,1,0,3076,3076,0,8860,8499,8860,5505,7089,8860,5555,25.4,2790,85,190,2675,version 5.xlsx,5,No Holiday,0
12/23/2020,2020,12,December,358,52,Wednesday,Winter,0,0,Weekday,Weekday,0,0,0,0,1,1,0,0,2957,2957,0,8950,8447,8950,5555,6930,8950,5510,26,3125,85,182,2254,version 5.xlsx,5,No Holiday,0
12/24/2020,2020,12,December,359,52,Thursday,Winter,0,0,Weekday,Weekday,0,0,0,0,1,1,0,0,2998,2998,0,8838,8385,8838,5510,7129,8838,5614,27,3040,85,181,2254,version 5.xlsx,5,No Holiday,0
12/25/2020,2020,12,December,360,52,Friday,Winter,0,1,Christmas Day,Religious_Christian,4,1,0,0,0,1,0,0,2396,2396,0,7815,7367,7815,5614,6248,7815,5081,26.7,3193,85,183,1913,version 5.xlsx,5,Christmas,1
12/26/2020,2020,12,December,361,52,Saturday,Winter,0,0,Weekday,Weekday,0,0,0,0,0,1,0,0,2953,2953,0,8775,8310,8775,5081,6305,8775,5545,26.4,3201,85,183,1913,version 5.xlsx,5,No Holiday,0
12/27/2020,2020,12,December,362,52,Sunday,Winter,0,0,Weekday,Weekday,0,0,0,0,0,1,0,0,3033,3033,0,8843,8384,8843,5545,7231,8843,5588,25,3311,85,184,1913,version 5.xlsx,5,No Holiday,0
12/28/2020,2020,12,December,363,53,Monday,Winter,0,0,Weekday,Weekday,0,0,0,0,0,1,0,0,2957,2957,0,8808,8367,8808,5588,7026,8808,5419,25.4,3367,85,184,1913,version 5.xlsx,5,No Holiday,0
12/29/2020,2020,12,December,364,53,Tuesday,Winter,0,0,Weekday,Weekday,0,0,0,0,0,1,0,0,2981,2981,0,8945,8384,8945,5419,7434,8945,5616,25.8,3493,85,185,1763,version 5.xlsx,5,No Holiday,0
12/30/2020,2020,12,December,365,53,Wednesday,Winter,0,0,Weekday,Weekday,0,0,0,0,0,1,0,0,2960,2960,0,8911,8329,8911,5616,7367,8911,5571,26.6,3589,85,185,1490,version 5.xlsx,5,No Holiday,0
12/31/2020,2020,12,December,366,53,Thursday,Winter,0,0,Weekday,Weekday,0,0,0,0,2,0,1,0,2939,2939,0,8853,8348,8853,5571,7275,8853,5422,26.3,3702,170,184,1629,version 5.xlsx,5,No Holiday,0
1/1/2021,2021,1,January,1,53,Friday,Winter,0,0,Weekday,Weekday,0,1,0,0,0,1,0,0,2386,2386,0,7934,7417,7934,5422,6102,7934,5153,27.4,3710,170,185,1199,version 5.xlsx,5,No Holiday,0
1/2/2021,2021,1,January,2,53,Saturday,Winter,0,0,Weekday,Weekday,0,0,0,0,0,1,0,0,2868,2868,0,8946,8407,8946,5153,6500,8946,5435,27,3932,170,187,1444,version 5.xlsx,5,No Holiday,0
1/3/2021,2021,1,January,3,53,Sunday,Winter,0,0,Weekday,Weekday,0,0,0,0,1,1,0,0,2918,2918,0,8863,8318,8863,5435,7151,8863,5580,27.4,4174,170,195,1262,version 5.xlsx,5,No Holiday,0
1/4/2021,2021,1,January,4,1,Monday,Winter,0,0,Weekday,Weekday,0,0,0,0,0,1,0,0,3027,3027,0,8921,8478,8921,5580,7183,8921,5551,28.2,4217,170,195,1099,version 5.xlsx,5,No Holiday,0
1/5/2021,2021,1,January,5,1,Tuesday,Winter,0,0,Weekday,Weekday,0,0,0,0,0,1,0,0,3040,3040,0,8993,8619,8993,5551,7342,8993,5622,29.2,3768,170,185,1409,version 5.xlsx,5,No Holiday,0
1/6/2021,2021,1,January,6,1,Wednesday,Winter,0,0,Weekday,Weekday,0,0,0,0,1,1,0,0,3041,3041,0,9073,8635,9073,5622,7533,9073,5765,30,3709,170,195,1599,version 5.xlsx,5,No Holiday,0
1/7/2021,2021,1,January,7,1,Thursday,Winter,0,0,Weekday,Weekday,0,0,0,0,0,1,0,0,3108,3108,0,9116,8753,9116,5765,7752,9116,5922,30.2,3763,170,195,1599,version 5.xlsx,5,No Holiday,0
1/8/2021,2021,1,January,8,1,Friday,Winter,0,0,Weekday,Weekday,0,1,0,0,3,0,1,0,2560,2560,0,8158,7846,8158,5922,6485,8158,5529,29.4,3547,170,184,1599,version 5.xlsx,5,No Holiday,0
1/9/2021,2021,1,January,9,1,Saturday,Winter,0,0,Weekday,Weekday,0,0,0,0,2,0,1,0,3069,3069,0,9141,8767,9141,5529,7014,9141,5757,27.6,3410,170,182,1599,version 5.xlsx,5,No Holiday,0
1/10/2021,2021,1,January,10,1,Sunday,Winter,0,0,Weekday,Weekday,0,0,0,0,1,1,0,0,3127,3127,0,9200,8750,9200,5757,7635,9200,5886,28.2,3438,170,182,1589,version 5.xlsx,5,No Holiday,0
1/11/2021,2021,1,January,11,2,Monday,Winter,0,0,Weekday,Weekday,0,0,0,0,51,0,0,1,3226,3226,0,9283,8918,9283,5886,7746,9283,5981,28.1,3778,170,183,1589,version 5.xlsx,5,No Holiday,0
1/12/2021,2021,1,January,12,2,Tuesday,Winter,0,0,Weekday,Weekday,0,0,0,0,2,0,1,0,3125,3125,0,9245,8859,9245,5981,7666,9245,5886,26.5,3824,170,184,1589,version 5.xlsx,5,No Holiday,0
1/13/2021,2021,1,January,13,2,Wednesday,Winter,0,0,Weekday,Weekday,0,0,0,0,1,1,0,0,3039,3039,0,9243,8788,9243,5886,7599,9243,5855,22.9,3785,170,183,1409,version 5.xlsx,5,No Holiday,0
1/14/2021,2021,1,January,14,2,Thursday,Winter,0,0,Weekday,Weekday,0,0,0,0,2,0,1,0,3031,3031,0,9125,8791,9125,5855,7847,9125,5857,24.1,3985,170,186,1599,version 5.xlsx,5,No Holiday,0
1/15/2021,2021,1,January,15,2,Friday,Winter,0,0,Weekday,Weekday,0,1,0,0,0,1,0,0,3031,3031,0,8182,7819,8182,5857,6647,8182,5310,24.3,3787,170,184,1599,version 5.xlsx,5,No Holiday,0
1/16/2021,2021,1,January,16,2,Saturday,Winter,0,0,Weekday,Weekday,0,0,0,0,1,1,0,0,2990,2990,0,9165,8771,9165,5310,7421,9165,5531,23.6,3867,170,185,1599,version 5.xlsx,5,No Holiday,0
1/17/2021,2021,1,January,17,2,Sunday,Winter,0,0,Weekday,Weekday,0,0,0,0,1,1,0,0,3102,3102,0,9232,8817,9232,5531,7797,9232,5746,23.2,3835,170,186,1599,version 5.xlsx,5,No Holiday,0
1/18/2021,2021,1,January,18,3,Monday,Winter,0,0,Weekday,Weekday,0,0,0,0,3,0,1,0,3087,3087,0,9297,8927,9297,5746,7758,9297,5711,23.9,3843,170,185,1599,version 5.xlsx,5,No Holiday,0
1/19/2021,2021,1,January,19,3,Tuesday,Winter,0,0,Weekday,Weekday,0,0,0,0,3,0,1,0,3078,3078,0,9380,8954,9380,5711,7888,9380,5941,24,3778,170,186,1599,version 5.xlsx,5,No Holiday,0
1/20/2021,2021,1,January,20,3,Wednesday,Winter,0,0,Weekday,Weekday,0,0,0,0,53,0,0,1,3045,3045,0,9241,8797,9241,5941,8147,9241,5735,22.5,4011,170,185,1409,version 5.xlsx,5,No Holiday,0
1/21/2021,2021,1,January,21,3,Thursday,Winter,0,0,Weekday,Weekday,0,0,0,0,3,0,1,0,3062,3062,0,9279,8844,9279,5735,8118,9279,5661,25.7,4009,170,183,1409,version 5.xlsx,5,No Holiday,0
1/22/2021,2021,1,January,22,3,Friday,Winter,0,0,Weekday,Weekday,0,1,0,0,0,1,0,0,2451,2451,0,8189,7806,8189,5661,6681,8189,5304,23.6,3884,170,183,1589,version 5.xlsx,5,No Holiday,0
1/23/2021,2021,1,January,23,3,Saturday,Winter,0,0,Weekday,Weekday,0,0,0,0,0,1,0,0,2986,2986,0,9242,8810,9242,5304,7711,9242,5644,22,3687,170,183,1954,version 5.xlsx,5,No Holiday,0
1/24/2021,2021,1,January,24,3,Sunday,Winter,0,0,Weekday,Weekday,0,0,0,0,0,1,0,0,3048,3048,0,9104,8822,9104,5644,7846,9104,5675,24.6,3633,170,182,1690,version 5.xlsx,5,No Holiday,0
1/25/2021,2021,1,January,25,4,Monday,Winter,0,0,Weekday,Weekday,0,0,0,0,0,1,0,0,3017,3017,0,9278,8815,9278,5675,7893,9278,5815,26,3546,170,161,2102,version 5.xlsx,5,No Holiday,0
1/26/2021,2021,1,January,26,4,Tuesday,Winter,0,0,Weekday,Weekday,0,0,0,0,0,1,0,0,2995,2995,0,9240,8872,9240,5815,7917,9240,5748,24.3,2981,170,163,2876,version 5.xlsx,5,No Holiday,0
1/27/2021,2021,1,January,27,4,Wednesday,Winter,0,0,Weekday,Weekday,0,0,0,0,3,0,1,0,3025,3025,0,9272,8781,9272,5748,7919,9272,5741,23.8,2905,170,163,2876,version 5.xlsx,5,No Holiday,0
1/28/2021,2021,1,January,28,4,Thursday,Winter,0,0,Weekday,Weekday,0,0,0,0,2,0,1,0,2987,2987,0,9240,8844,9240,5741,8054,9240,5736,24,2980,170,172,2876,version 5.xlsx,5,No Holiday,0
1/29/2021,2021,1,January,29,4,Friday,Winter,0,0,Weekday,Weekday,0,1,0,0,3,0,1,0,2448,2448,0,8348,7939,8348,5736,6916,8348,5459,25.4,2901,170,175,2876,version 5.xlsx,5,No Holiday,0
1/30/2021,2021,1,January,30,4,Saturday,Winter,0,0,Weekday,Weekday,0,0,0,0,3,0,1,0,2895,2895,0,9075,8596,9075,5459,7578,9075,5628,23.8,2769,170,176,2876,version 5.xlsx,5,No Holiday,0
1/31/2021,2021,1,January,31,4,Sunday,Winter,0,0,Weekday,Weekday,0,0,0,0,0,1,0,0,2964,2964,0,9188,8790,9188,5628,7989,9188,5589,22.1,2940,170,188,2876,version 5.xlsx,5,No Holiday,0
2/1/2021,2021,2,February,32,5,Monday,Winter,0,0,Weekday,Weekday,0,0,0,0,0,1,0,0,3025,3025,0,9074,8746,9074,5589,7901,9074,5579,22.4,2879,170,183,2876,version 5.xlsx,5,No Holiday,0
2/2/2021,2021,2,February,33,5,Tuesday,Winter,0,0,Weekday,Weekday,0,0,0,0,0,1,0,0,2981,2981,0,9234,8750,9234,5579,7990,9234,5643,25.4,2786,170,160,2431,version 5.xlsx,5,No Holiday,0
2/3/2021,2021,2,February,34,5,Wednesday,Winter,0,0,Weekday,Weekday,0,0,0,0,0,1,0,0,3063,3063,0,9179,8852,9179,5643,7975,9179,5794,26.8,3270,170,195,2019,version 5.xlsx,5,No Holiday,0
2/4/2021,2021,2,February,35,5,Thursday,Winter,0,0,Weekday,Weekday,0,0,0,0,2,0,1,0,3036,3036,0,9193,8793,9193,5794,8234,9193,5859,28.3,2772,170,160,2019,version 5.xlsx,5,No Holiday,0
2/5/2021,2021,2,February,36,5,Friday,Winter,0,0,Weekday,Weekday,0,1,0,0,0,1,0,0,2454,2454,0,8291,7836,8291,5859,6894,8291,5490,29.5,2806,170,160,2019,version 5.xlsx,5,No Holiday,0
2/6/2021,2021,2,February,37,5,Saturday,Winter,0,0,Weekday,Weekday,0,0,0,0,1,1,0,0,3050,3050,0,9277,8885,9277,5490,7523,9277,5790,28.7,2793,170,160,2019,version 5.xlsx,5,No Holiday,0
2/7/2021,2021,2,February,38,5,Sunday,Winter,0,0,Weekday,Weekday,0,0,0,0,3,0,1,0,3007,3007,0,9201,8718,9201,5790,8127,9201,5839,26.4,2815,170,160,2019,version 5.xlsx,5,No Holiday,0
2/8/2021,2021,2,February,39,6,Monday,Winter,0,0,Weekday,Weekday,0,0,0,0,0,1,0,0,2560,2560,0,8158,7846,8158,5922,6485,8158,5529,29.4,3547,170,184,1599,version 5.xlsx,5,No Holiday,0
2/9/2021,2021,2,February,40,6,Tuesday,Winter,0,0,Weekday,Weekday,0,0,0,0,0,1,0,0,3069,3069,0,9141,8767,9141,5529,7014,9141,5757,27.6,3410,170,182,1599,version 5.xlsx,5,No Holiday,0
2/10/2021,2021,2,February,41,6,Wednesday,Winter,0,0,Weekday,Weekday,0,0,0,0,0,1,0,0,3136,3136,0,9495,9048,9495,5888,8282,9495,5993,28.6,2762,170,160,1605,version 5.xlsx,5,No Holiday,0
2/11/2021,2021,2,February,42,6,Thursday,Winter,0,0,Weekday,Weekday,0,0,0,0,2,0,1,0,3135,3135,0,9283,8997,9283,5993,8337,9283,6000,29,3012,170,160,1605,version 5.xlsx,5,No Holiday,0
2/12/2021,2021,2,February,43,6,Friday,Winter,0,0,Weekday,Weekday,0,1,0,0,3,0,1,0,3135,3135,0,8150,7800,8150,6000,7139,8150,5581,28.2,3179,170,160,1625,version 5.xlsx,5,No Holiday,0
2/13/2021,2021,2,February,44,6,Saturday,Winter,0,0,Weekday,Weekday,0,0,0,0,2,0,1,0,2942,2942,0,9370,8804,9370,5581,7956,9370,5977,29.6,3283,170,160,1625,version 5.xlsx,5,No Holiday,0
2/14/2021,2021,2,February,45,6,Sunday,Winter,0,0,Weekday,Weekday,0,0,0,0,0,1,0,0,3189,3189,0,9370,8973,9370,5977,8389,9370,6019,29.8,3284,170,160,1625,version 5.xlsx,5,No Holiday,0
2/15/2021,2021,2,February,46,7,Monday,Winter,0,0,Weekday,Weekday,0,0,0,0,1,1,0,0,3215,3215,0,9418,9009,9418,6019,8346,9418,6129,30,3121,170,160,1985,version 5.xlsx,5,No Holiday,0
2/16/2021,2021,2,February,47,7,Tuesday,Winter,0,0,Weekday,Weekday,0,0,0,0,2,0,1,0,3260,3260,0,9545,9113,9545,6129,8313,9545,6195,30,2888,170,160,1985,version 5.xlsx,5,No Holiday,0
2/17/2021,2021,2,February,48,7,Wednesday,Winter,0,0,Weekday,Weekday,0,0,0,0,2,0,1,0,3343,3343,0,9519,9074,9519,6195,8201,9519,6093,29.4,2808,170,160,1985,version 5.xlsx,5,No Holiday,0
2/18/2021,2021,2,February,49,7,Thursday,Winter,0,0,Weekday,Weekday,0,0,0,0,1,1,0,0,3292,3292,0,9529,9166,9529,6093,8441,9529,6242,31.8,2873,170,160,1620,version 5.xlsx,5,No Holiday,0
2/19/2021,2021,2,February,50,7,Friday,Winter,0,0,Weekday,Weekday,0,1,0,0,3,0,1,0,2704,2704,0,8526,8145,8526,6242,7330,8526,5984,31.2,2986,170,160,1620,version 5.xlsx,5,No Holiday,0
2/20/2021,2021,2,February,51,7,Saturday,Winter,0,0,Weekday,Weekday,0,0,0,0,3,0,1,0,3027,3027,0,9150,8887,9150,5984,7557,9150,5905,26.1,2992,170,160,1550,version 5.xlsx,5,No Holiday,0
2/21/2021,2021,2,February,52,7,Sunday,Winter,0,1,Martyrs' Day and International Mother Language Day,National,1,0,0,0,0,1,0,0,2560,2560,0,8450,8046,8450,5905,7264,8450,5627,31.9,2669,170,160,1851,version 5.xlsx,5,International mother language day,1
2/22/2021,2021,2,February,53,8,Monday,Winter,0,0,Weekday,Weekday,0,0,0,0,0,1,0,0,3280,3280,0,9576,9211,9576,5627,8379,9576,6290,30.8,2370,170,160,1836,version 5.xlsx,5,No Holiday,0
2/23/2021,2021,2,February,54,8,Tuesday,Winter,0,0,Weekday,Weekday,0,0,0,0,0,1,0,0,3380,3380,0,9640,9339,9640,6290,8446,9640,6401,30.9,2710,170,160,1731,version 5.xlsx,5,No Holiday,0
2/24/2021,2021,2,February,55,8,Wednesday,Winter,0,0,Weekday,Weekday,0,0,0,0,2,0,1,0,3409,3409,0,9709,9436,9709,6401,8665,9709,5856,31.3,2527,170,160,1743,version 5.xlsx,5,No Holiday,0
2/25/2021,2021,2,February,56,8,Thursday,Winter,0,0,Weekday,Weekday,0,0,0,0,2,0,1,0,3533,3533,0,10039,9602,10039,5856,8807,10039,6537,32.8,2613,170,160,1689,version 5.xlsx,5,No Holiday,0
2/26/2021,2021,2,February,57,8,Friday,Winter,0,0,Weekday,Weekday,0,1,0,0,1,1,0,0,2980,2980,0,9102,8677,9102,6537,7755,9102,6678,33.4,2449,170,160,1652,version 5.xlsx,5,No Holiday,0
2/27/2021,2021,2,February,58,8,Saturday,Winter,0,0,Weekday,Weekday,0,0,0,0,2,0,1,0,3595,3595,0,10386,9959,10386,6678,8686,10386,7236,34.2,2509,170,160,1638,version 5.xlsx,5,No Holiday,0
2/28/2021,2021,2,February,59,8,Sunday,Winter,0,0,Weekday,Weekday,0,0,0,0,2,0,1,0,3865,3865,0,10603,10308,10603,7236,9477,10603,7475,33.6,2689,170,160,1658,version 5.xlsx,5,No Holiday,0
3/1/2021,2021,3,March,60,9,Monday,Pre_Monsoon,1,0,Weekday,Weekday,0,0,0,0,2,0,1,0,3884,3884,0,10988,10458,10988,7475,9520,10988,7631,33.5,2715,86,160,1815,version 5.xlsx,5,No Holiday,0
3/2/2021,2021,3,March,61,9,Tuesday,Pre_Monsoon,1,0,Weekday,Weekday,0,0,0,0,3,0,1,0,3747,3747,0,10798,10421,10798,7631,9540,10798,7437,33.7,2664,85,160,1725,version 5.xlsx,5,No Holiday,0
3/3/2021,2021,3,March,62,9,Wednesday,Pre_Monsoon,1,0,Weekday,Weekday,0,0,0,0,51,0,0,1,3639,3639,0,10755,10312,10755,7437,9209,10755,6990,33.4,2694,62,160,1678,version 5.xlsx,5,No Holiday,0
3/4/2021,2021,3,March,63,9,Thursday,Pre_Monsoon,1,0,Weekday,Weekday,0,0,0,0,0,1,0,0,3643,3643,0,10640,10224,10640,6990,9014,10640,7363,32.4,2675,85,160,1652,version 5.xlsx,5,No Holiday,0
3/5/2021,2021,3,March,64,9,Friday,Pre_Monsoon,1,0,Weekday,Weekday,0,1,0,0,51,0,0,1,3185,3185,0,9947,9348,9947,7363,7951,9947,7300,32.5,2423,85,160,1311,version 5.xlsx,5,No Holiday,0
3/6/2021,2021,3,March,65,9,Saturday,Pre_Monsoon,1,0,Weekday,Weekday,0,0,0,0,2,0,1,0,3879,3879,0,10781,10345,10781,7300,8314,10781,7628,33,2036,85,160,1455,version 5.xlsx,5,No Holiday,0
3/7/2021,2021,3,March,66,9,Sunday,Pre_Monsoon,1,0,Weekday,Weekday,0,0,0,0,3,0,1,0,3999,3999,0,10951,10654,10951,7628,9720,10951,7805,33.2,1894,170,160,1204,version 5.xlsx,5,No Holiday,0
3/8/2021,2021,3,March,67,10,Monday,Pre_Monsoon,1,0,Weekday,Weekday,0,0,0,0,51,0,0,1,4092,4092,0,11416,10941,11416,7805,9652,11416,7915,32.2,1985,170,160,1023,version 5.xlsx,5,No Holiday,0
3/9/2021,2021,3,March,68,10,Tuesday,Pre_Monsoon,1,0,Weekday,Weekday,0,0,0,0,51,0,0,1,4007,4007,0,11147,10643,11147,7915,9091,11147,7989,31.3,2224,170,160,1997,version 5.xlsx,5,No Holiday,0
3/10/2021,2021,3,March,69,10,Wednesday,Pre_Monsoon,1,0,Weekday,Weekday,0,0,0,0,53,0,0,1,4036,4036,0,11397,10915,11397,7989,9260,11397,7685,30.8,2245,170,160,1997,version 5.xlsx,5,No Holiday,0
3/11/2021,2021,3,March,70,10,Thursday,Pre_Monsoon,1,0,Weekday,Weekday,0,0,0,0,3,0,1,0,4074,4074,0,11615,11029,11615,7685,9693,11615,7804,32.6,1622,170,160,2385,version 5.xlsx,5,No Holiday,0
3/12/2021,2021,3,March,71,10,Friday,Pre_Monsoon,1,0,Weekday,Weekday,0,1,0,0,1,1,0,0,3552,3552,0,10869,10365,10869,7804,8639,10869,8017,33.7,1289,170,160,2198,version 5.xlsx,5,No Holiday,0
3/13/2021,2021,3,March,72,10,Saturday,Pre_Monsoon,1,0,Weekday,Weekday,0,0,0,0,3,0,1,0,3205,3205,0,9432,8885,9432,8017,9212,9432,7189,33.7,2211,170,160,1091,version 5.xlsx,5,No Holiday,0
3/14/2021,2021,3,March,73,10,Sunday,Pre_Monsoon,1,0,Weekday,Weekday,0,0,0,0,0,1,0,0,3808,3808,0,10957,10459,10957,7189,9132,10957,7672,31.2,2242,170,160,1001,version 5.xlsx,5,No Holiday,0
3/15/2021,2021,3,March,74,11,Monday,Pre_Monsoon,1,0,Weekday,Weekday,0,0,0,0,2,0,1,0,3931,3931,0,11505,10871,11505,7672,9445,11505,7932,32.5,2220,170,160,981,version 5.xlsx,5,No Holiday,0
3/16/2021,2021,3,March,75,11,Tuesday,Pre_Monsoon,1,0,Weekday,Weekday,0,0,0,0,0,1,0,0,4012,4012,0,11595,11089,11595,7932,9886,11595,8081,35.2,2030,170,160,1170,version 5.xlsx,5,No Holiday,0
3/17/2021,2021,3,March,76,11,Wednesday,Pre_Monsoon,1,1,Sheikh Mujibur Rahman's Birthday,National,1,0,0,0,0,1,0,0,3650,3650,0,10952,10636,10952,8081,9616,10952,7942,34.8,1597,170,160,1205,version 5.xlsx,5,Father of nation's Birth,1
3/18/2021,2021,3,March,77,11,Thursday,Pre_Monsoon,1,0,Weekday,Weekday,0,0,0,0,3,0,1,0,3995,3995,0,11701,11153,11701,7942,10120,11701,8189,35.5,1571,170,160,1194,version 5.xlsx,5,No Holiday,0
3/19/2021,2021,3,March,78,11,Friday,Pre_Monsoon,1,0,Weekday,Weekday,0,1,0,0,3,0,1,0,3458,3458,0,10846,10360,10846,8189,8737,10846,8133,35,1703,170,160,1215,version 5.xlsx,5,No Holiday,0
3/20/2021,2021,3,March,79,11,Saturday,Pre_Monsoon,1,0,Weekday,Weekday,0,0,0,0,3,0,1,0,4167,4167,0,12176,11574,12176,8133,9578,12176,8679,35.2,1813,170,160,1533,version 5.xlsx,5,No Holiday,0
3/21/2021,2021,3,March,80,11,Sunday,Pre_Monsoon,1,0,Weekday,Weekday,0,0,0,0,3,0,1,0,4375,4375,0,12525,11910,12525,8679,10584,12525,9207,37.1,1593,170,190,1554,version 5.xlsx,5,No Holiday,0
3/22/2021,2021,3,March,81,12,Monday,Pre_Monsoon,1,0,Weekday,Weekday,0,0,0,0,1,1,0,0,4250,4250,0,12565,11869,12565,9207,10862,12565,9127,36.8,1358,170,190,1682,version 5.xlsx,5,No Holiday,0
3/23/2021,2021,3,March,82,12,Tuesday,Pre_Monsoon,1,0,Weekday,Weekday,0,0,0,0,1,1,0,0,4331,4331,0,12643,12076,12643,9127,11146,12643,9488,37.7,1041,170,160,2081,version 5.xlsx,5,No Holiday,0
3/24/2021,2021,3,March,83,12,Wednesday,Pre_Monsoon,1,0,Weekday,Weekday,0,0,0,0,1,1,0,0,4324,4324,0,12790,12125,12790,9488,11126,12790,9560,37.6,2341,295,160,1863,version 5.xlsx,5,No Holiday,0
3/25/2021,2021,3,March,84,12,Thursday,Pre_Monsoon,1,0,Weekday,Weekday,0,0,0,0,1,1,0,0,4324,4324,0,12717,12125,12717,9560,11023,12717,8760,37.4,2327,294,160,1677,version 5.xlsx,5,No Holiday,0
3/26/2021,2021,3,March,85,12,Friday,Pre_Monsoon,1,1,Independence Day,National,1,1,0,0,3,0,1,0,3606,3606,0,11129,10469,11129,8760,9413,11129,8585,37.6,1684,294,160,1544,version 5.xlsx,5,Independence Day,1
3/27/2021,2021,3,March,86,12,Saturday,Pre_Monsoon,1,0,Weekday,Weekday,0,0,0,0,0,1,0,0,4299,4299,0,12446,11859,12446,8585,10425,12446,9015,36.7,1930,294,160,1579,version 5.xlsx,5,No Holiday,0
3/28/2021,2021,3,March,87,12,Sunday,Pre_Monsoon,1,1,Mid-Sha'ban (estimated),Religious_Islamic,2,0,0,0,3,0,1,0,4327,4327,0,12634,11927,12634,9015,10542,12634,9206,36.8,1164,294,160,1615,version 5.xlsx,5,No Holiday,0
3/29/2021,2021,3,March,88,13,Monday,Pre_Monsoon,1,0,Weekday,Weekday,0,0,0,0,51,0,0,1,4054,4054,0,12050,11562,12050,9206,11016,12050,7935,35,1428,294,160,1624,version 5.xlsx,5,No Holiday,0
3/30/2021,2021,3,March,89,13,Tuesday,Pre_Monsoon,1,0,Weekday,Weekday,0,0,0,0,61,0,0,1,3873,3873,0,11407,10886,11407,7935,8688,11407,9059,35.2,1103,294,160,1639,version 5.xlsx,5,Sab-E-Barat,1
3/31/2021,2021,3,March,90,13,Wednesday,Pre_Monsoon,1,0,Weekday,Weekday,0,0,0,0,3,0,1,0,4450,4450,0,12403,11877,12403,9059,9878,12403,9266,35.3,1276,294,127,1450,version 5.xlsx,5,No Holiday,0
4/1/2021,2021,4,April,91,13,Thursday,Pre_Monsoon,1,0,Weekday,Weekday,0,0,0,0,3,0,1,0,4555,4555,0,12893,12228,12893,9266,11079,12893,9558,35.3,1237,444,124,1690,version 5.xlsx,5,No Holiday,0
4/2/2021,2021,4,April,92,13,Friday,Pre_Monsoon,1,0,Weekday,Weekday,0,1,0,0,3,0,1,0,3792,3792,0,11995,11243,11995,9352,9745,11995,9463,37,882,294,125,2071,version 5.xlsx,5,No Holiday,0
4/3/2021,2021,4,April,93,13,Saturday,Pre_Monsoon,1,0,Weekday,Weekday,0,0,0,0,3,0,1,0,4377,4377,0,13018,12263,13018,9365,10126,13018,9606,34.9,1151,295,159,1872,version 5.xlsx,5,No Holiday,0
4/4/2021,2021,4,April,94,13,Sunday,Pre_Monsoon,1,0,Weekday,Weekday,0,0,0,0,3,0,1,0,4055,4055,0,11958,11243,11756.2,9606,11262,11958,6383,36.6,1393,294,170,1916,version 5.xlsx,5,No Holiday,0
4/5/2021,2021,4,April,95,14,Monday,Pre_Monsoon,1,0,Weekday,Weekday,0,0,0,0,1,1,0,0,3765,3765,0,11347,10853,11347,8789,8996,11347,8101,33.7,1106,294,160,1443,version 5.xlsx,5,No Holiday,0
4/6/2021,2021,4,April,96,14,Tuesday,Pre_Monsoon,1,0,Weekday,Weekday,0,0,0,0,1,1,0,0,3967,3967,0,11958,11398,11958,8101,9994,11958,8789,34.5,1743,294,160,1665,version 5.xlsx,5,No Holiday,0
4/7/2021,2021,4,April,97,14,Wednesday,Pre_Monsoon,1,0,Weekday,Weekday,0,0,0,0,1,1,0,0,4193,4193,0,12651,11973,12651,8789,10450,12651,9403,36.2,2049,294,160,1351,version 5.xlsx,5,No Holiday,0
4/8/2021,2021,4,April,98,14,Thursday,Pre_Monsoon,1,0,Weekday,Weekday,0,0,0,0,51,0,0,1,4207,4207,0,12854,11986,12854,9403,10322,12854,7301,33.5,1849,294,130,1353,version 5.xlsx,5,No Holiday,0
4/9/2021,2021,4,April,99,14,Friday,Pre_Monsoon,1,0,Weekday,Weekday,0,1,0,0,51,0,0,1,3717,3717,0,11655,11048,11655,7301,8629,11655,8974,34.7,1754,294,158,1629,version 5.xlsx,5,No Holiday,0
4/10/2021,2021,4,April,100,14,Saturday,Pre_Monsoon,1,0,Weekday,Weekday,0,0,0,0,61,0,0,1,4337,4337,0,13064,12496,13064,8722,9503,13064,9843,35,2297,295,160,1636,version 5.xlsx,5,No Holiday,0
4/11/2021,2021,4,April,101,14,Sunday,Pre_Monsoon,1,0,Weekday,Weekday,0,0,0,0,2,0,1,0,4366,4366,0,12798,12201,12798,9843,11266,12798,9921,35.8,2364,294,159,1587,version 5.xlsx,5,No Holiday,0
4/12/2021,2021,4,April,102,15,Monday,Pre_Monsoon,1,0,Weekday,Weekday,0,0,0,0,51,0,0,1,4398,4398,0,13377,12729,13377,9921,10900,13377,10030,37,1813,218,195,1708,version 5.xlsx,5,No Holiday,0
4/13/2021,2021,4,April,103,15,Tuesday,Pre_Monsoon,1,0,Weekday,Weekday,0,0,0,0,53,0,0,1,4246,4246,0,13308,12717,13308,10030,11347,13308,9531,36.9,2048,219,160,1582,version 5.xlsx,5,Ramadan,3
4/14/2021,2021,4,April,104,15,Wednesday,Pre_Monsoon,1,1,Bengali New Year's Day,National,1,0,0,0,3,0,1,0,4013,4013,0,13058,12460,13058,9531,10094,13058,9520,37,1784,220,160,1584,version 5.xlsx,5,Ramadan+pohela baishakh,1
4/15/2021,2021,4,April,105,15,Thursday,Pre_Monsoon,1,0,Weekday,Weekday,0,0,0,0,51,0,0,1,4189,4189,0,13380,12738,13380,9520,10902,13380,9140,35.5,1782,217,195,1806,version 5.xlsx,5,Ramadan,3
4/16/2021,2021,4,April,106,15,Friday,Pre_Monsoon,1,0,Weekday,Weekday,0,1,0,0,51,0,0,1,3979,3979,0,12705,12290,12712,9126,9873,12705,4853,36.1,1403,220,195,1736,version 5.xlsx,5,Ramadan,3
4/17/2021,2021,4,April,107,15,Saturday,Pre_Monsoon,1,0,Weekday,Weekday,0,0,0,0,2,0,1,0,3844,3844,0,11940,11455,11940,8761,8237,11940,7957,33,1188,219,160,1715,version 5.xlsx,5,Ramadan,3
4/18/2021,2021,4,April,108,15,Sunday,Pre_Monsoon,1,0,Weekday,Weekday,0,0,0,0,51,0,0,1,4043,4043,0,12661,12120,12661,7957,9873,12661,8761,34.3,1566,219,169,1735,version 5.xlsx,5,Ramadan,3
4/19/2021,2021,4,April,109,16,Monday,Pre_Monsoon,1,0,Weekday,Weekday,0,0,0,0,2,0,1,0,4291,4291,0,12961,12524,12961,8761,10158,12961,9565,36.9,1476,220,169,1805,version 5.xlsx,5,Ramadan,3
4/20/2021,2021,4,April,110,16,Tuesday,Pre_Monsoon,1,0,Weekday,Weekday,0,0,0,0,3,0,1,0,4292,4292,0,13228,12685,13296,9565,10747,13228,10015,36.9,1417,223,195,1823,version 5.xlsx,5,Ramadan,3
4/21/2021,2021,4,April,111,16,Wednesday,Pre_Monsoon,1,0,Weekday,Weekday,0,0,0,0,3,0,1,0,4343,4343,0,12542,11938,12542,10015,11129,12542,8089,36.5,1561,221,195,1825,version 5.xlsx,5,Ramadan,3
4/22/2021,2021,4,April,112,16,Thursday,Pre_Monsoon,1,0,Weekday,Weekday,0,0,0,0,63,0,0,1,4049,4049,0,12409,11790,12409,8089,9864,12409,8277,33,1404,218,175,1794,version 5.xlsx,5,Ramadan,3
4/23/2021,2021,4,April,113,16,Friday,Pre_Monsoon,1,0,Weekday,Weekday,0,1,0,0,3,0,1,0,3584,3584,0,11853,11326,11853,8277,9072,11853,7962,34.9,1364,221,195,1795,version 5.xlsx,5,Ramadan,3
4/24/2021,2021,4,April,114,16,Saturday,Pre_Monsoon,1,0,Weekday,Weekday,0,0,0,0,3,0,1,0,4142,4142,0,13007,12410,13007,7962,10005,13007,9129,38,1349,226,195,1734,version 5.xlsx,5,Ramadan,3
4/25/2021,2021,4,April,115,16,Sunday,Pre_Monsoon,1,0,Weekday,Weekday,0,0,0,0,3,0,1,0,4299,4299,0,13520,12734,13520,9129,11145,13520,9950,39.5,1272,221,195,1942,version 5.xlsx,5,Ramadan,3
4/26/2021,2021,4,April,116,17,Monday,Pre_Monsoon,1,0,Weekday,Weekday,0,0,0,0,3,0,1,0,4451,4451,0,13777,13065,13777,9950,11508,13777,10354,39.4,1494,219,195,1500,version 5.xlsx,5,Ramadan,3
4/27/2021,2021,4,April,117,17,Tuesday,Pre_Monsoon,1,0,Weekday,Weekday,0,0,0,0,3,0,1,0,4588,4543,45,14097,13371,13792,10354,11614,13792,10603,38,1517,220,195,1502,version 5.xlsx,5,Ramadan,3
4/28/2021,2021,4,April,118,17,Wednesday,Pre_Monsoon,1,0,Weekday,Weekday,0,0,0,0,51,0,0,1,4566,4566,0,12949,12298,13260,10603,11773,12949,9243,37.1,1950,294,195,1539,version 5.xlsx,5,Ramadan,3
4/29/2021,2021,4,April,119,17,Thursday,Pre_Monsoon,1,0,Weekday,Weekday,0,0,0,0,1,1,0,0,4605,4605,0,13788,12967,13788,9243,11323,13788,9403,36.7,1976,221,195,1469,version 5.xlsx,5,Ramadan,3
4/30/2021,2021,4,April,120,17,Friday,Pre_Monsoon,1,0,Weekday,Weekday,0,1,0,0,2,0,1,0,4154,4154,0,13289,12555,13289,9396,10454,13289,8081,37.2,1809,221,195,1464,version 5.xlsx,5,Ramadan,3
5/1/2021,2021,5,May,121,17,Saturday,Pre_Monsoon,1,1,May Day,National,1,0,0,0,2,0,1,0,3746,3746,0,11665,11227,11665,8040,8860,11665,8818,36.2,1281,220,205,1500,version 5.xlsx,5,Ramadan+May,1
5/2/2021,2021,5,May,122,17,Sunday,Pre_Monsoon,1,0,Weekday,Weekday,0,0,0,0,53,0,0,1,4370,4370,0,12738,12237,12738,8818,11158,12738,8411,36.2,1512,224,210,1479,version 5.xlsx,5,Ramadan,3
5/3/2021,2021,5,May,123,18,Monday,Pre_Monsoon,1,0,Weekday,Weekday,0,0,0,0,65,0,0,1,4312,4312,0,12943,12405,12943,8411,10219,12943,7650,34.5,1640,221,209,1472,version 5.xlsx,5,Ramadan,3
5/4/2021,2021,5,May,124,18,Tuesday,Pre_Monsoon,1,0,Weekday,Weekday,0,0,0,0,55,0,0,1,3967,3967,0,11394,10917,11394,7650,9490,11394,7825,31.4,1608,223,208,1453,version 5.xlsx,5,Ramadan,3
5/5/2021,2021,5,May,125,18,Wednesday,Pre_Monsoon,1,0,Weekday,Weekday,0,0,0,0,61,0,0,1,4161,4161,0,11620,11121,11620,7825,9733,11620,8254,34.5,1832,221,207,1508,version 5.xlsx,5,Ramadan,3
5/6/2021,2021,5,May,126,18,Thursday,Pre_Monsoon,1,0,Weekday,Weekday,0,0,0,0,63,0,0,1,4209,4209,0,12527,12067,12527,8254,9841,12527,8176,33.6,1857,224,207,1452,version 5.xlsx,5,Ramadan,3
5/7/2021,2021,5,May,127,18,Friday,Pre_Monsoon,1,1,Jumu'atul-Wida (estimated),Religious_Islamic,2,1,0,0,55,0,0,1,4020,4020,0,11125,10752,11204,8176,9641,11125,8185,36.3,1383,221,207,1454,version 5.xlsx,5,Ramadan,3
5/8/2021,2021,5,May,128,18,Saturday,Pre_Monsoon,1,0,Weekday,Weekday,0,0,0,0,63,0,0,1,4349,4349,0,12734,12144,12734,8185,9510,12734,8936,35.5,1579,224,210,1456,version 5.xlsx,5,Ramadan,3
5/9/2021,2021,5,May,129,18,Sunday,Pre_Monsoon,1,1,Laylat al-Qadr (estimated),Religious_Islamic,2,0,0,0,61,0,0,1,3817,3817,0,10978,10588,11358,8936,10714,10978,7793,34.7,1730,221,207,1430,version 5.xlsx,5,Ramadan,3
5/10/2021,2021,5,May,130,19,Monday,Pre_Monsoon,1,0,Weekday,Weekday,0,0,0,0,63,0,0,1,3576,3576,0,10812,10326,10886,7793,9904,10812,6501,35.2,1725,294,207,1424,version 5.xlsx,5,Ramadan +Sab-E-Qadar,1
5/11/2021,2021,5,May,131,19,Tuesday,Pre_Monsoon,1,0,Weekday,Weekday,0,0,0,1,65,0,0,1,2908,2908,0,9453,9125,9949,6501,8443,9453,6558,32,1781,294,207,1323,version 5.xlsx,5,Ramadan,3
5/12/2021,2021,5,May,132,19,Wednesday,Pre_Monsoon,1,0,Weekday,Weekday,0,0,0,1,63,0,0,1,3002,3002,0,10111,9701,10111,6558,8111,10111,6502,33.3,1730,294,208,1468,version 5.xlsx,5,Ramadan,3
5/13/2021,2021,5,May,133,19,Thursday,Pre_Monsoon,1,1,Eid al-Fitr (estimated),Religious_Islamic,2,0,0,1,63,0,0,1,2526,2526,0,9099,8659,9385,6502,7235,9099,6732,34.5,1328,295,208,1439,version 5.xlsx,5,Eid-ul-Fitr,2
5/14/2021,2021,5,May,134,19,Friday,Pre_Monsoon,1,1,Eid al-Fitr (estimated),Religious_Islamic,2,1,0,1,63,0,0,1,2625,2625,0,9780,9368,9961,6470,6995,9780,6568,34.6,1271,294,208,1499,version 5.xlsx,5,Eid-ul-Fitr,2
5/15/2021,2021,5,May,135,19,Saturday,Pre_Monsoon,1,1,Eid al-Fitr (estimated),Religious_Islamic,2,0,0,1,53,0,0,1,2402,2402,0,8766,8375,9208,6568,7607,8766,7153,36.2,1355,294,207,1524,version 5.xlsx,5,Eid-ul-Fitr,2
5/16/2021,2021,5,May,136,19,Sunday,Pre_Monsoon,1,0,Weekday,Weekday,0,0,0,1,51,0,0,1,3050,3050,0,10787,10306,10845,7153,8466,10787,8256,36.4,1184,294,209,1966,version 5.xlsx,5,No Holiday,0
5/17/2021,2021,5,May,137,20,Monday,Pre_Monsoon,1,0,Weekday,Weekday,0,0,0,1,51,0,0,1,3310,3310,0,11192,10721,11491,8256,9442,11192,8788,36.7,1206,294,209,2075,version 5.xlsx,5,No Holiday,0
5/18/2021,2021,5,May,138,20,Tuesday,Pre_Monsoon,1,0,Weekday,Weekday,0,0,0,0,63,0,0,1,3073,3073,0,10978,10535,11234,8788,10113,10978,8781,35.7,1591,294,210,2105,version 5.xlsx,5,No Holiday,0
5/19/2021,2021,5,May,139,20,Wednesday,Pre_Monsoon,1,0,Weekday,Weekday,0,0,0,0,63,0,0,1,3819,3819,0,12768,12059,12865,8781,10283,12768,9867,35.8,1156,294,200,2158,version 5.xlsx,5,No Holiday,0
5/20/2021,2021,5,May,140,20,Thursday,Pre_Monsoon,1,0,Weekday,Weekday,0,0,0,0,3,0,1,0,3820,3820,0,11980,11434,12395,9867,10760,11980,8870,35.9,1081,294,205,1817,version 5.xlsx,5,No Holiday,0
5/21/2021,2021,5,May,141,20,Friday,Pre_Monsoon,1,0,Weekday,Weekday,0,1,0,0,51,0,0,1,3778,3778,0,12519,11954,12561,8870,9546,12519,9349,37,1256,294,205,1840,version 5.xlsx,5,No Holiday,0
5/22/2021,2021,5,May,142,20,Saturday,Pre_Monsoon,1,0,Weekday,Weekday,0,0,0,0,2,0,1,0,4259,4259,0,13417,12710,13417,9349,10561,13417,10560,37.3,953,294,205,1756,version 5.xlsx,5,No Holiday,0
5/23/2021,2021,5,May,143,20,Sunday,Pre_Monsoon,1,0,Weekday,Weekday,0,0,0,0,51,0,0,1,4570,4570,0,13357,12679,13357,10560,12021,13357,10785,37.8,1414,294,205,1727,version 5.xlsx,5,No Holiday,0
5/24/2021,2021,5,May,144,21,Monday,Pre_Monsoon,1,0,Weekday,Weekday,0,0,0,0,61,0,0,1,4695,4695,0,12353,11730,13012,10785,11835,12353,7904,38.1,1263,294,205,1722,version 5.xlsx,5,No Holiday,0
5/25/2021,2021,5,May,145,21,Tuesday,Pre_Monsoon,1,0,Weekday,Weekday,0,0,0,0,65,0,0,1,4275,4275,0,11907,11312,11907,7904,10365,11907,8403,34.6,1317,294,205,1522,version 5.xlsx,5,No Holiday,0
5/26/2021,2021,5,May,146,21,Wednesday,Pre_Monsoon,1,0,Weekday,Weekday,0,0,0,0,61,0,0,1,3827,3827,0,11529,11008,11529,8403,8780,11529,8441,30,1601,294,205,1616,version 5.xlsx,5,Buddho Purnima,1
5/27/2021,2021,5,May,147,21,Thursday,Pre_Monsoon,1,0,Weekday,Weekday,0,0,0,0,61,0,0,1,4013,4013,0,11749,11344,11953,8441,9506,11749,8812,32.1,1441,294,205,1625,version 5.xlsx,5,No Holiday,0
5/28/2021,2021,5,May,148,21,Friday,Pre_Monsoon,1,0,Weekday,Weekday,0,1,0,0,53,0,0,1,3748,3748,0,11780,11198,12044,8754,9064,11780,9215,33.7,1435,294,205,1839,version 5.xlsx,5,No Holiday,0
5/29/2021,2021,5,May,149,21,Saturday,Pre_Monsoon,1,0,Weekday,Weekday,0,0,0,0,53,0,0,1,4453,4453,0,13171,12600,13272,9215,10341,13171,10128,35.5,1457,295,210,1844,version 5.xlsx,5,No Holiday,0
5/30/2021,2021,5,May,150,21,Sunday,Pre_Monsoon,1,0,Weekday,Weekday,0,0,0,0,61,0,0,1,4121,4121,0,12994,12319,13016,10128,11332,12994,9893,35.4,1759,294,210,1754,version 5.xlsx,5,No Holiday,0
5/31/2021,2021,5,May,151,22,Monday,Pre_Monsoon,1,0,Weekday,Weekday,0,0,0,0,63,0,0,1,4079,4079,0,11840,11348,12706,9868,10075,11840,8088,35.4,1892,294,210,1751,version 5.xlsx,5,No Holiday,0
6/1/2021,2021,6,June,152,22,Tuesday,Monsoon,2,0,Weekday,Weekday,0,0,0,0,63,0,0,1,3896,3896,0,11612,11026,11612,7967,9351,11612,8407,30.1,1591,294,210,2131,version 5.xlsx,5,No Holiday,0
6/2/2021,2021,6,June,153,22,Wednesday,Monsoon,2,0,Weekday,Weekday,0,0,0,0,63,0,0,1,4333,4333,0,13014,12380,13014,8407,10311,13014,9686,34,1642,294,210,2213,version 5.xlsx,5,No Holiday,0
6/3/2021,2021,6,June,154,22,Thursday,Monsoon,2,0,Weekday,Weekday,0,0,0,0,55,0,0,1,4248,4248,0,12754,12192,12754,9686,11290,12754,9086,34.4,1597,294,210,1502,version 5.xlsx,5,No Holiday,0
6/4/2021,2021,6,June,155,22,Friday,Monsoon,2,0,Weekday,Weekday,0,1,0,0,51,0,0,1,4025,4025,0,12215,11697,12275,9086,9954,12215,8452,35.9,1167,294,210,1501,version 5.xlsx,5,No Holiday,0
6/5/2021,2021,6,June,156,22,Saturday,Monsoon,2,0,Weekday,Weekday,0,0,0,0,65,0,0,1,3988,3988,0,11262,11035,11821,8346,9887,11262,8658,34,1609,294,210,1518,version 5.xlsx,5,No Holiday,0
6/6/2021,2021,6,June,157,22,Sunday,Monsoon,2,0,Weekday,Weekday,0,0,0,0,65,0,0,1,3728,3728,0,10227,9892,10906,8658,10141,10227,8378,34.4,1603,294,210,1502,version 5.xlsx,5,No Holiday,0
6/7/2021,2021,6,June,158,23,Monday,Monsoon,2,0,Weekday,Weekday,0,0,0,0,63,0,0,1,4008,4008,0,10869,10619,11066,8378,10513,10869,8374,34.5,1587,295,210,1505,version 5.xlsx,5,No Holiday,0
6/8/2021,2021,6,June,159,23,Tuesday,Monsoon,2,0,Weekday,Weekday,0,0,0,0,65,0,0,1,4082,4082,0,12411,11765,12411,8374,9916,12411,9143,31.1,1242,294,210,1843,version 5.xlsx,5,No Holiday,0
6/9/2021,2021,6,June,160,23,Wednesday,Monsoon,2,0,Weekday,Weekday,0,0,0,0,55,0,0,1,4226,4226,0,12803,12236,12803,9143,10589,12803,9754,32.7,1287,293,205,1845,version 5.xlsx,5,No Holiday,0
6/10/2021,2021,6,June,161,23,Thursday,Monsoon,2,0,Weekday,Weekday,0,0,0,0,61,0,0,1,4400,4400,0,12223,11822,12223,9754,11218,12223,8543,34.5,1275,294,205,1825,version 5.xlsx,5,No Holiday,0
6/11/2021,2021,6,June,162,23,Friday,Monsoon,2,0,Weekday,Weekday,0,1,0,0,65,0,0,1,3635,3635,0,11584,11046,11653,8541,9153,11584,8472,33.5,1087,294,205,1863,version 5.xlsx,5,No Holiday,0
6/12/2021,2021,6,June,163,23,Saturday,Monsoon,2,0,Weekday,Weekday,0,0,0,0,63,0,0,1,4337,4337,0,12668,12044,12668,8472,10068,12668,9302,33.8,1528,294,205,1865,version 5.xlsx,5,No Holiday,0
6/13/2021,2021,6,June,164,23,Sunday,Monsoon,2,0,Weekday,Weekday,0,0,0,0,55,0,0,1,4427,4427,0,12792,12244,12792,9302,10836,12792,9441,33.7,1609,295,205,1865,version 5.xlsx,5,No Holiday,0
6/14/2021,2021,6,June,165,24,Monday,Monsoon,2,0,Weekday,Weekday,0,0,0,0,53,0,0,1,4358,4358,0,12749,12191,12776,9441,10959,12749,9623,33.6,1630,294,205,1866,version 5.xlsx,5,No Holiday,0
6/15/2021,2021,6,June,166,24,Tuesday,Monsoon,2,0,Weekday,Weekday,0,0,0,0,61,0,0,1,4299,4299,0,12352,11797,12406,9623,10948,12352,8918,33.2,1639,294,205,1865,version 5.xlsx,5,No Holiday,0
6/16/2021,2021,6,June,167,24,Wednesday,Monsoon,2,0,Weekday,Weekday,0,0,0,0,61,0,0,1,4105,4105,0,11896,11285,11896,8918,9945,11896,8550,29.4,1285,294,205,1863,version 5.xlsx,5,No Holiday,0
6/17/2021,2021,6,June,168,24,Thursday,Monsoon,2,0,Weekday,Weekday,0,0,0,0,63,0,0,1,4093,4093,0,11600,11090,11600,8550,9766,11600,7634,30.6,1303,294,205,1611,version 5.xlsx,5,No Holiday,0
6/18/2021,2021,6,June,169,24,Friday,Monsoon,2,0,Weekday,Weekday,0,1,0,0,63,0,0,1,3478,3478,0,10628,10139,10703,7369,8115,10628,7676,31,1185,294,205,1705,version 5.xlsx,5,No Holiday,0
6/19/2021,2021,6,June,170,24,Saturday,Monsoon,2,0,Weekday,Weekday,0,0,0,0,63,0,0,1,3723,3723,0,10821,10232,10821,7676,8530,10821,7929,27,1269,294,205,1558,version 5.xlsx,5,No Holiday,0
6/20/2021,2021,6,June,171,24,Sunday,Monsoon,2,0,Weekday,Weekday,0,0,0,0,63,0,0,1,4053,4053,0,11276,10901,11276,7929,9409,11276,8241,27.9,1370,294,205,1570,version 5.xlsx,5,Eid-ul-Adha,2
6/21/2021,2021,6,June,172,25,Monday,Monsoon,2,0,Weekday,Weekday,0,0,0,0,63,0,0,1,4166,4166,0,12356,11566,12356,8241,10314,12356,8623,31.6,1385,294,179,1453,version 5.xlsx,5,Eid-ul-Adha,2
6/22/2021,2021,6,June,173,25,Tuesday,Monsoon,2,0,Weekday,Weekday,0,0,0,0,61,0,0,1,4084,4084,0,12106,11623,12145,8623,9884,12106,8988,29.9,1359,294,181,1046,version 5.xlsx,5,Eid-ul-Adha,2
6/23/2021,2021,6,June,174,25,Wednesday,Monsoon,2,0,Weekday,Weekday,0,0,0,0,51,0,0,1,4267,4267,0,12611,11981,12611,8988,10676,12611,9434,33.7,1281,294,206,1045,version 5.xlsx,5,No Holiday,0
6/24/2021,2021,6,June,175,25,Thursday,Monsoon,2,0,Weekday,Weekday,0,0,0,0,53,0,0,1,4272,4272,0,12604,11999,12604,9434,10725,12604,9074,32.7,1317,294,204,1046,version 5.xlsx,5,No Holiday,0
6/25/2021,2021,6,June,176,25,Friday,Monsoon,2,0,Weekday,Weekday,0,1,0,0,51,0,0,1,3866,3866,0,12025,11499,12105,9062,9590,12025,9213,34.1,1067,294,205,1042,version 5.xlsx,5,No Holiday,0
6/26/2021,2021,6,June,177,25,Saturday,Monsoon,2,0,Weekday,Weekday,0,0,0,0,55,0,0,1,4360,4360,0,12938,12262,12938,9213,10063,12938,9637,32.9,1021,294,205,1045,version 5.xlsx,5,No Holiday,0
6/27/2021,2021,6,June,178,25,Sunday,Monsoon,2,0,Weekday,Weekday,0,0,0,0,55,0,0,1,4330,4330,0,12792,12113,12815,9637,10888,12792,9856,34,1289,294,205,1042,version 5.xlsx,5,No Holiday,0
6/28/2021,2021,6,June,179,26,Monday,Monsoon,2,0,Weekday,Weekday,0,0,0,0,63,0,0,1,4411,4411,0,12335,11881,12544,9856,10694,12335,8946,32.1,1191,295,205,1043,version 5.xlsx,5,No Holiday,0
6/29/2021,2021,6,June,180,26,Tuesday,Monsoon,2,0,Weekday,Weekday,0,0,0,0,63,0,0,1,3895,3895,0,11425,10896,12147,8946,9751,11425,8675,31.5,1222,294,206,1049,version 5.xlsx,5,No Holiday,0
6/30/2021,2021,6,June,181,26,Wednesday,Monsoon,2,0,Weekday,Weekday,0,0,0,0,65,0,0,1,3435,3435,0,10217,9804,10567,8675,9931,10217,7754,32.6,1115,295,206,1047,version 5.xlsx,5,No Holiday,0
7/1/2021,2021,7,July,182,26,Thursday,Monsoon,2,0,Weekday,Weekday,0,0,0,0,63,0,0,1,3492,3492,0,10097,9625,10097,7754,8476,10097,6911,28,1010,295,204,1233,version 5.xlsx,5,No Holiday,0
7/2/2021,2021,7,July,183,26,Friday,Monsoon,2,0,Weekday,Weekday,0,1,0,0,63,0,0,1,3023,3023,0,9942,9500,9969,6911,9422,9942,7594,29.5,913,294,203,1234,version 5.xlsx,5,No Holiday,0
7/3/2021,2021,7,July,184,26,Saturday,Monsoon,2,0,Weekday,Weekday,0,0,0,0,61,0,0,1,3842,3842,0,11515,11000,11515,7594,9422,11515,8335,33,1007,294,202,1245,version 5.xlsx,5,No Holiday,0
7/4/2021,2021,7,July,185,26,Sunday,Monsoon,2,0,Weekday,Weekday,0,0,0,0,55,0,0,1,3890,3890,0,11704,11288,11704,8335,9453,11704,8654,29.6,1397,294,177,1320,version 5.xlsx,5,No Holiday,0
7/5/2021,2021,7,July,186,27,Monday,Monsoon,2,0,Weekday,Weekday,0,0,0,0,55,0,0,1,4087,4087,0,12477,11862,12477,8654,10231,12477,9364,33.7,990,294,175,1296,version 5.xlsx,5,No Holiday,0
7/6/2021,2021,7,July,187,27,Tuesday,Monsoon,2,0,Weekday,Weekday,0,0,0,0,63,0,0,1,4037,4037,0,12433,11798,12433,9364,10488,12433,9247,34.5,1201,294,176,1645,version 5.xlsx,5,No Holiday,0
7/7/2021,2021,7,July,188,27,Wednesday,Monsoon,2,0,Weekday,Weekday,0,0,0,0,63,0,0,1,3934,3934,0,11698,11209,11741,9247,10165,11698,8693,31.1,1170,294,175,1645,version 5.xlsx,5,No Holiday,0
7/8/2021,2021,7,July,189,27,Thursday,Monsoon,2,0,Weekday,Weekday,0,0,0,0,63,0,0,1,4011,4011,0,12358,11769,12358,8693,10115,12358,8845,32.6,1164,294,178,1645,version 5.xlsx,5,No Holiday,0
7/9/2021,2021,7,July,190,27,Friday,Monsoon,2,0,Weekday,Weekday,0,1,0,0,51,0,0,1,3737,3737,0,12113,11572,12439,8751,9162,12113,9523,33.2,1174,294,176,1567,version 5.xlsx,5,No Holiday,0
7/10/2021,2021,7,July,191,27,Saturday,Monsoon,2,0,Weekday,Weekday,0,0,0,0,51,0,0,1,4254,4254,0,12898,12453,12958,9523,10100,12898,9806,34.5,1117,294,177,1569,version 5.xlsx,5,No Holiday,0
7/11/2021,2021,7,July,192,27,Sunday,Monsoon,2,0,Weekday,Weekday,0,0,0,0,61,0,0,1,4477,4477,0,12900,12348,12912,9806,10745,12900,10089,34.8,1222,294,177,1056,version 5.xlsx,5,No Holiday,0
7/12/2021,2021,7,July,193,28,Monday,Monsoon,2,0,Weekday,Weekday,0,0,0,0,63,0,0,1,4330,4330,0,13022,12405,13022,10089,11176,13022,9837,35.8,1233,294,153,947,version 5.xlsx,5,No Holiday,0
7/13/2021,2021,7,July,194,28,Tuesday,Monsoon,2,0,Weekday,Weekday,0,0,0,0,63,0,0,1,4298,4298,0,12838,12242,12884,9837,10878,12838,9708,34,1601,294,153,1300,version 5.xlsx,5,No Holiday,0
7/14/2021,2021,7,July,195,28,Wednesday,Monsoon,2,0,Weekday,Weekday,0,0,0,0,53,0,0,1,4359,4359,0,13077,12483,13165,9708,10846,13077,10230,33.8,1607,294,142,1300,version 5.xlsx,5,No Holiday,0
7/15/2021,2021,7,July,196,28,Thursday,Monsoon,2,0,Weekday,Weekday,0,0,0,0,53,0,0,1,4465,4465,0,13525,12759,13525,10230,11549,13525,9916,35.7,1621,294,142,1190,version 5.xlsx,5,No Holiday,0
7/16/2021,2021,7,July,197,28,Friday,Monsoon,2,0,Weekday,Weekday,0,1,0,0,61,0,0,1,4008,4008,0,12830,12169,12864,9765,10643,12830,9712,34.7,1433,295,143,1037,version 5.xlsx,5,No Holiday,0
7/17/2021,2021,7,July,198,28,Saturday,Monsoon,2,0,Weekday,Weekday,0,0,0,0,61,0,0,1,4313,4313,0,13056,12501,13056,9712,10670,13056,9707,33.4,1901,223,111,880,version 5.xlsx,5,No Holiday,0
7/18/2021,2021,7,July,199,28,Sunday,Monsoon,2,0,Weekday,Weekday,0,0,0,1,51,0,0,1,4126,4126,0,12953,12339,12953,9707,11210,12953,9616,34.8,1697,219,107,1241,version 5.xlsx,5,No Holiday,0
7/19/2021,2021,7,July,200,29,Monday,Monsoon,2,0,Weekday,Weekday,0,0,0,1,61,0,0,1,3368,3368,0,11940,11427,12268,9616,10232,11940,7804,31.9,1341,218,107,1494,version 5.xlsx,5,No Holiday,0
7/20/2021,2021,7,July,201,29,Tuesday,Monsoon,2,1,Eid al-Adha (estimated),Religious_Islamic,2,0,0,1,63,0,0,1,2949,2949,0,10960,10411,11271,7624,8011,10960,7441,32.6,1368,221,108,2066,version 5.xlsx,5,No Holiday,0
7/21/2021,2021,7,July,202,29,Wednesday,Monsoon,2,1,Eid al-Adha (estimated),Religious_Islamic,2,0,0,1,51,0,0,1,3010,3010,0,11298,10819,11389,7114,7208,11298,8278,32.5,1328,223,108,1878,version 5.xlsx,5,No Holiday,0
7/22/2021,2021,7,July,203,29,Thursday,Monsoon,2,1,Eid al-Adha (estimated),Religious_Islamic,2,0,0,1,61,0,0,1,2909,2909,0,10908,10347,11208,8251,8576,10908,7820,34.8,1336,225,107,1895,version 5.xlsx,5,No Holiday,0
7/23/2021,2021,7,July,204,29,Friday,Monsoon,2,0,Weekday,Weekday,0,1,0,1,61,0,0,1,2763,2763,0,10303,9844,10902,7324,7507,10303,7343,31,1230,221,107,1961,version 5.xlsx,5,No Holiday,0
7/24/2021,2021,7,July,205,29,Saturday,Monsoon,2,0,Weekday,Weekday,0,0,0,1,65,0,0,1,2796,2796,0,10620,10012,10637,7334,7609,10620,7807,31.1,1247,219,106,1566,version 5.xlsx,5,No Holiday,0
7/25/2021,2021,7,July,206,29,Sunday,Monsoon,2,0,Weekday,Weekday,0,0,0,0,61,0,0,1,2926,2926,0,11285,10649,11332,7807,8451,11285,8322,34,1180,211,109,1775,version 5.xlsx,5,No Holiday,0
7/26/2021,2021,7,July,207,30,Monday,Monsoon,2,0,Weekday,Weekday,0,0,0,0,61,0,0,1,3149,3149,0,11354,10858,11419,8322,9002,11354,8171,35.2,969,289,109,1775,version 5.xlsx,5,No Holiday,0
7/27/2021,2021,7,July,208,30,Tuesday,Monsoon,2,0,Weekday,Weekday,0,0,0,0,63,0,0,1,2883,2883,0,10551,10053,10752,8120,8473,10551,7385,34,886,294,136,1701,version 5.xlsx,5,No Holiday,0
7/28/2021,2021,7,July,209,30,Wednesday,Monsoon,2,0,Weekday,Weekday,0,0,0,0,53,0,0,1,2831,2831,0,10400,9940,10487,7385,8068,10400,6927,31,856,291,111,1635,version 5.xlsx,5,No Holiday,0
7/29/2021,2021,7,July,210,30,Thursday,Monsoon,2,0,Weekday,Weekday,0,0,0,0,65,0,0,1,2709,2709,0,9309,8861,9680,6682,6782,9309,6958,28.5,856,292,111,1651,version 5.xlsx,5,No Holiday,0
7/30/2021,2021,7,July,211,30,Friday,Monsoon,2,0,Weekday,Weekday,0,1,0,0,61,0,0,1,2753,2753,0,10204,9659,10295,6793,7206,10204,7252,31.2,851,294,110,1635,version 5.xlsx,5,No Holiday,0
7/31/2021,2021,7,July,212,30,Saturday,Monsoon,2,0,Weekday,Weekday,0,0,0,0,61,0,0,1,2938,2938,0,10777,10156,10844,7252,7841,10777,8249,32.2,861,288,108,2044,version 5.xlsx,5,No Holiday,0
8/1/2021,2021,8,August,213,30,Sunday,Monsoon,2,0,Weekday,Weekday,0,0,0,0,63,0,0,1,3498,3498,0,11508,10959,11583,8249,9171,11508,8488,31.5,931,289,105,1612,version 5.xlsx,5,No Holiday,0
8/2/2021,2021,8,August,214,31,Monday,Monsoon,2,0,Weekday,Weekday,0,0,0,0,61,0,0,1,3628,3628,0,11788,11022,11824,8488,9739,11788,8777,33,1096,292,112,1654,version 5.xlsx,5,No Holiday,0
8/3/2021,2021,8,August,215,31,Tuesday,Monsoon,2,0,Weekday,Weekday,0,0,0,0,61,0,0,1,3905,3905,0,12060,11544,12060,8777,10153,12060,8984,34.4,1326,293,110,1363,version 5.xlsx,5,No Holiday,0
8/4/2021,2021,8,August,216,31,Wednesday,Monsoon,2,0,Weekday,Weekday,0,0,0,0,63,0,0,1,3941,3941,0,11997,11412,12194,8984,10077,11997,9461,34.2,1316,294,110,1473,version 5.xlsx,5,No Holiday,0
8/5/2021,2021,8,August,217,31,Thursday,Monsoon,2,0,Weekday,Weekday,0,0,0,0,51,0,0,1,4027,4027,0,12438,11803,12438,9461,10725,12438,9018,35.6,1336,292,112,1593,version 5.xlsx,5,No Holiday,0
8/6/2021,2021,8,August,218,31,Friday,Monsoon,2,0,Weekday,Weekday,0,1,0,0,63,0,0,1,3559,3559,0,12179,11416,12179,8983,9711,12179,8816,34.4,1328,289,112,1238,version 5.xlsx,5,No Holiday,0
8/7/2021,2021,8,August,219,31,Saturday,Monsoon,2,0,Weekday,Weekday,0,0,0,0,61,0,0,1,3960,3960,0,12159,11558,12159,8816,10128,12159,9118,32.8,1278,290,113,1228,version 5.xlsx,5,No Holiday,0
8/8/2021,2021,8,August,220,31,Sunday,Monsoon,2,0,Weekday,Weekday,0,0,0,0,61,0,0,1,3884,3884,0,12290,11649,12290,9118,10130,12290,9504,32.4,1196,293,110,1228,version 5.xlsx,5,No Holiday,0
8/9/2021,2021,8,August,221,32,Monday,Monsoon,2,0,Weekday,Weekday,0,0,0,0,61,0,0,1,4067,4067,0,12524,11978,12524,9504,10702,12524,9658,33.7,1196,289,107,1216,version 5.xlsx,5,No Holiday,0
8/10/2021,2021,8,August,222,32,Tuesday,Monsoon,2,0,Weekday,Weekday,0,0,0,0,61,0,0,1,3900,3900,0,12673,11943,12673,9658,10905,12673,9794,34.4,1399,293,110,1215,version 5.xlsx,5,No Holiday,0
8/11/2021,2021,8,August,223,32,Wednesday,Monsoon,2,0,Weekday,Weekday,0,0,0,0,63,0,0,1,4108,4108,0,12768,12143,12768,9794,11012,12768,9889,33.2,1344,294,109,1217,version 5.xlsx,5,No Holiday,0
8/12/2021,2021,8,August,224,32,Thursday,Monsoon,2,0,Weekday,Weekday,0,0,0,0,53,0,0,1,4166,4166,0,12748,12138,12748,9889,11313,12748,8636,33.8,1632,289,112,1397,version 5.xlsx,5,No Holiday,0
8/13/2021,2021,8,August,225,32,Friday,Monsoon,2,0,Weekday,Weekday,0,1,0,0,53,0,0,1,3751,3751,0,11840,11304,11998,8636,9304,11840,9046,32.5,1467,294,113,1396,version 5.xlsx,5,No Holiday,0
8/14/2021,2021,8,August,226,32,Saturday,Monsoon,2,0,Weekday,Weekday,0,0,0,0,61,0,0,1,4206,4206,0,12706,12044,12706,9046,10835,12706,9182,34,1535,289,113,1395,version 5.xlsx,5,No Holiday,0
8/15/2021,2021,8,August,227,32,Sunday,Monsoon,2,1,National Mourning Day,National,1,0,0,0,51,0,0,1,3771,3771,0,12487,11759,12584,9182,9887,12487,9738,33.8,1481,289,111,1407,version 5.xlsx,5,Jatiyo shokh dibosh,1
8/16/2021,2021,8,August,228,33,Monday,Monsoon,2,0,Weekday,Weekday,0,0,0,0,61,0,0,1,4325,4325,0,12987,12325,12987,9738,10707,12987,9487,32.8,1396,288,109,1396,version 5.xlsx,5,No Holiday,0
8/17/2021,2021,8,August,229,33,Tuesday,Monsoon,2,0,Weekday,Weekday,0,0,0,0,53,0,0,1,4275,4275,0,12675,12148,12675,9487,10648,12675,9172,32.4,1608,287,107,1476,version 5.xlsx,5,No Holiday,0
8/18/2021,2021,8,August,230,33,Wednesday,Monsoon,2,1,Ashura (estimated),Religious_Islamic,2,0,0,0,53,0,0,1,4279,4279,0,12526,11895,12526,9172,10515,12526,9323,32.1,1742,292,107,1475,version 5.xlsx,5,No Holiday,0
8/19/2021,2021,8,August,231,33,Thursday,Monsoon,2,0,Weekday,Weekday,0,0,0,0,55,0,0,1,4213,4213,0,12531,11889,12531,9323,10634,12531,8456,31.4,1584,291,107,1476,version 5.xlsx,5,No Holiday,0
8/20/2021,2021,8,August,232,33,Friday,Monsoon,2,0,Weekday,Weekday,0,1,0,0,55,0,0,1,3727,3727,0,11651,11063,11651,8414,8811,11651,9084,31.6,1324,289,107,1486,version 5.xlsx,5,Ashura,1
8/21/2021,2021,8,August,233,33,Saturday,Monsoon,2,0,Weekday,Weekday,0,0,0,0,61,0,0,1,4257,4257,0,12686,12112,12686,9084,10166,12686,9676,33.3,1511,289,106,1476,version 5.xlsx,5,No Holiday,0
8/22/2021,2021,8,August,234,33,Sunday,Monsoon,2,0,Weekday,Weekday,0,0,0,0,55,0,0,1,4534,4534,0,13271,12665,13271,9676,11340,13271,10099,34.5,1621,289,107,1475,version 5.xlsx,5,No Holiday,0
8/23/2021,2021,8,August,235,34,Monday,Monsoon,2,0,Weekday,Weekday,0,0,0,0,63,0,0,1,4297,4297,0,12491,11820,12491,10099,11327,12491,9254,33,1880,291,110,1586,version 5.xlsx,5,No Holiday,0
8/24/2021,2021,8,August,236,34,Tuesday,Monsoon,2,0,Weekday,Weekday,0,0,0,0,63,0,0,1,4436,4436,0,12864,12265,12864,9254,11120,12864,9650,34.2,1937,287,106,1585,version 5.xlsx,5,No Holiday,0
8/25/2021,2021,8,August,237,34,Wednesday,Monsoon,2,0,Weekday,Weekday,0,0,0,0,65,0,0,1,4510,4510,0,12919,12303,12919,9650,11048,12919,9513,32.6,2008,292,108,1585,version 5.xlsx,5,No Holiday,0
8/26/2021,2021,8,August,238,34,Thursday,Monsoon,2,0,Weekday,Weekday,0,0,0,0,63,0,0,1,4241,4241,0,12416,11915,12416,9513,11031,12416,8871,32.2,2510,290,107,1216,version 5.xlsx,5,No Holiday,0
8/27/2021,2021,8,August,239,34,Friday,Monsoon,2,0,Weekday,Weekday,0,1,0,0,63,0,0,1,3850,3850,0,12120,11596,12153,8617,9423,12120,9230,33.2,1895,292,104,1575,version 5.xlsx,5,No Holiday,0
8/28/2021,2021,8,August,240,34,Saturday,Monsoon,2,0,Weekday,Weekday,0,0,0,0,63,0,0,1,4446,4446,0,12743,12173,12743,9230,10251,12743,9836,34,1908,292,108,1988,version 5.xlsx,5,No Holiday,0
8/29/2021,2021,8,August,241,34,Sunday,Monsoon,2,0,Weekday,Weekday,0,0,0,0,61,0,0,1,4320,4320,0,12893,12147,12893,9836,10869,12893,9622,32.8,1933,290,99,2207,version 5.xlsx,5,No Holiday,0
8/30/2021,2021,8,August,242,35,Monday,Monsoon,2,0,Weekday,Weekday,0,0,0,0,61,0,0,1,4306,4306,0,12868,12234,12868,9622,10470,12868,9804,32.5,2127,204,103,3062,version 5.xlsx,5,Janmo-astami,1
8/31/2021,2021,8,August,243,35,Tuesday,Monsoon,2,0,Weekday,Weekday,0,0,0,0,51,0,0,1,4403,4403,0,13185,12413,13185,9804,11410,13185,9966,33.4,2208,202,98,2539,version 5.xlsx,5,No Holiday,0
9/1/2021,2021,9,September,244,35,Wednesday,Monsoon,2,0,Weekday,Weekday,0,0,0,0,61,0,0,1,4358,4358,0,13075,12420,13141,9966,11135,13075,9850,33.6,1867,201,94,2973,version 5.xlsx,5,No Holiday,0
9/2/2021,2021,9,September,245,35,Thursday,Monsoon,2,0,Weekday,Weekday,0,0,0,0,61,0,0,1,4430,4430,0,12964,12388,12964,9850,11166,12964,9181,34.5,1869,206,80,2896,version 5.xlsx,5,No Holiday,0
9/3/2021,2021,9,September,246,35,Friday,Monsoon,2,0,Weekday,Weekday,0,1,0,0,61,0,0,1,3972,3972,0,12602,11981,12615,9051,9805,12602,9992,35.8,1855,211,73,2516,version 5.xlsx,5,No Holiday,0
9/4/2021,2021,9,September,247,35,Saturday,Monsoon,2,0,Weekday,Weekday,0,0,0,0,53,0,0,1,4344,4344,0,13343,12652,13343,9938,10530,13343,10120,34.5,1959,202,121,2448,version 5.xlsx,5,No Holiday,0
9/5/2021,2021,9,September,248,35,Sunday,Monsoon,2,0,Weekday,Weekday,0,0,0,0,63,0,0,1,4572,4572,0,13148,12423,13148,10120,11723,13148,9847,35.4,2158,205,125,2562,version 5.xlsx,5,No Holiday,0
9/6/2021,2021,9,September,249,36,Monday,Monsoon,2,0,Weekday,Weekday,0,0,0,0,63,0,0,1,4547,4547,0,13082,12409,13082,9847,11421,13082,9634,34.8,2512,209,85,2152,version 5.xlsx,5,No Holiday,0
9/7/2021,2021,9,September,250,36,Tuesday,Monsoon,2,0,Weekday,Weekday,0,0,0,0,61,0,0,1,4463,4463,0,13060,12400,13060,9634,11003,13060,9638,32,2627,204,0,2142,version 5.xlsx,5,No Holiday,0
9/8/2021,2021,9,September,251,36,Wednesday,Monsoon,2,0,Weekday,Weekday,0,0,0,0,61,0,0,1,4494,4494,0,13130,12592,13130,9638,11201,13130,9736,33.1,2618,205,0,2152,version 5.xlsx,5,No Holiday,0
9/9/2021,2021,9,September,252,36,Thursday,Monsoon,2,0,Weekday,Weekday,0,0,0,0,51,0,0,1,4429,4429,0,13314,12707,13314,9736,11320,13314,9309,32,2554,205,0,2148,version 5.xlsx,5,No Holiday,0
9/10/2021,2021,9,September,253,36,Friday,Monsoon,2,0,Weekday,Weekday,0,1,0,0,51,0,0,1,4059,4059,0,12581,11936,12750,9309,10074,12581,9781.5,34.4,2421,145,0,2279.5,version 5.xlsx,5,No Holiday,0
9/11/2021,2021,9,September,254,36,Saturday,Monsoon,2,0,Weekday,Weekday,0,0,0,0,53,0,0,1,4637,4637,0,13509,12768,13509,9207,10978,13509,10254,36.8,2288,85,0,2411,version 5.xlsx,5,No Holiday,0
9/12/2021,2021,9,September,255,36,Sunday,Monsoon,2,0,Weekday,Weekday,0,0,0,0,53,0,0,1,4591,4591,0,13025,12497,13105,10254,11415,13025,10028,34.9,2780,9,0,2453,version 5.xlsx,5,No Holiday,0
9/13/2021,2021,9,September,256,37,Monday,Monsoon,2,0,Weekday,Weekday,0,0,0,0,63,0,0,1,4359,4359,0,12951,12292,12951,10028,11105,12951,9433,33.5,2614,8,0,2529,version 5.xlsx,5,No Holiday,0
9/14/2021,2021,9,September,257,37,Tuesday,Monsoon,2,0,Weekday,Weekday,0,0,0,0,63,0,0,1,4253,4253,0,12442,11828,12442,9433,10553,12442,9339,31.8,2354,8,0,2591,version 5.xlsx,5,No Holiday,0
9/15/2021,2021,9,September,258,37,Wednesday,Monsoon,2,0,Weekday,Weekday,0,0,0,0,63,0,0,1,4636,4636,0,13085,12409,13085,9339,11168,13085,9348,35.3,2378,8,0,2805,version 5.xlsx,5,No Holiday,0
9/16/2021,2021,9,September,259,37,Thursday,Monsoon,2,0,Weekday,Weekday,0,0,0,0,63,0,0,1,4565,4565,0,13020,12448,13020,9348,11051,13020,8814,33.2,2297,7,0,2758,version 5.xlsx,5,No Holiday,0
9/17/2021,2021,9,September,260,37,Friday,Monsoon,2,0,Weekday,Weekday,0,1,0,0,61,0,0,1,3777,3777,0,11735,11238,12082,8491,8941,11735,8939,32.5,2157,6,0,2884,version 5.xlsx,5,No Holiday,0
9/18/2021,2021,9,September,261,37,Saturday,Monsoon,2,0,Weekday,Weekday,0,0,0,0,61,0,0,1,4517,4517,0,12647,12111,12647,8939,10002,12647,9076,33.4,2419,8,0,2795,version 5.xlsx,5,No Holiday,0
9/19/2021,2021,9,September,262,37,Sunday,Monsoon,2,0,Weekday,Weekday,0,0,0,0,63,0,0,1,4349,4349,0,12370,11833,12370,9076,10431,12370,9021,31.1,2334,7,0,2601,version 5.xlsx,5,No Holiday,0
9/20/2021,2021,9,September,263,38,Monday,Monsoon,2,0,Weekday,Weekday,0,0,0,0,55,0,0,1,4364,4364,0,12571,11926,12571,9021,10671,12571,9046,30.8,2425,5,0,2618,version 5.xlsx,5,No Holiday,0
9/21/2021,2021,9,September,264,38,Tuesday,Monsoon,2,0,Weekday,Weekday,0,0,0,0,61,0,0,1,4452,4452,0,12403,11898,12523,9046,10511,12403,9183,32.7,2480,5,0,2575,version 5.xlsx,5,No Holiday,0
9/22/2021,2021,9,September,265,38,Wednesday,Monsoon,2,0,Weekday,Weekday,0,0,0,0,53,0,0,1,4486,4486,0,12491,11955,12491,9183,10870,12491,9408,33.6,2451,5,0,2615,version 5.xlsx,5,No Holiday,0
9/23/2021,2021,9,September,266,38,Thursday,Monsoon,2,0,Weekday,Weekday,0,0,0,0,51,0,0,1,4557,4557,0,13052,12472,13052,9408,11229,13052,9117,34.3,2354,7,0,2513,version 5.xlsx,5,No Holiday,0
9/24/2021,2021,9,September,267,38,Friday,Monsoon,2,0,Weekday,Weekday,0,1,0,0,3,0,1,0,4125,4125,0,12696,12116,12762,9117,9875,12696,9880,35.7,2231,6,0,2519,version 5.xlsx,5,No Holiday,0
9/25/2021,2021,9,September,268,38,Saturday,Monsoon,2,0,Weekday,Weekday,0,0,0,0,63,0,0,1,4387,4387,0,13052,12508,13052,9880,10961,13052,10085,35,2163,6,0,2557,version 5.xlsx,5,No Holiday,0
9/26/2021,2021,9,September,269,38,Sunday,Monsoon,2,0,Weekday,Weekday,0,0,0,0,63,0,0,1,4802,4802,0,12936,12336,12936,10085,11506,12936,9805,35.5,2251,8,0,2584,version 5.xlsx,5,No Holiday,0
9/27/2021,2021,9,September,270,39,Monday,Monsoon,2,0,Weekday,Weekday,0,0,0,0,61,0,0,1,4560,4560,0,12716,12168,12716,9805,11458,12716,9181,35.9,2210,13,0,2562,version 5.xlsx,5,No Holiday,0
9/28/2021,2021,9,September,271,39,Tuesday,Monsoon,2,0,Weekday,Weekday,0,0,0,0,55,0,0,1,4314,4314,0,12371,11857,12371,9181,10875,12371,9031,32.2,2162,8,0,2605,version 5.xlsx,5,No Holiday,0
9/29/2021,2021,9,September,272,39,Wednesday,Monsoon,2,0,Weekday,Weekday,0,0,0,0,53,0,0,1,4425,4425,0,12503,11899,12503,9031,10236,12503,9254,31.2,2078,5,0,2619,version 5.xlsx,5,No Holiday,0
9/30/2021,2021,9,September,273,39,Thursday,Monsoon,2,0,Weekday,Weekday,0,0,0,0,61,0,0,1,4607,4607,0,13065,12623,13065,9254,10926,13065,9093,35,2101,6,0,2919,version 5.xlsx,5,No Holiday,0
10/1/2021,2021,10,October,274,39,Friday,Post_Monsoon,3,0,Weekday,Weekday,0,1,0,0,51,0,0,1,3992,3992,0,12308,11807,12425,8983,9693,12308,9633,33.8,2015,10,0,2516,version 5.xlsx,5,No Holiday,0
10/2/2021,2021,10,October,275,39,Saturday,Post_Monsoon,3,0,Weekday,Weekday,0,0,0,0,51,0,0,1,4562,4562,0,13178,12619,13178,9633,10805,13178,9621,35.2,1950,4,0,2446,version 5.xlsx,5,No Holiday,0
10/3/2021,2021,10,October,276,39,Sunday,Post_Monsoon,3,0,Weekday,Weekday,0,0,0,0,63,0,0,1,4196,4196,0,11569,11131,12173,9621,10430,11569,8660,33.1,1903,3,0,2620,version 5.xlsx,5,No Holiday,0
10/4/2021,2021,10,October,277,40,Monday,Post_Monsoon,3,0,Weekday,Weekday,0,0,0,0,63,0,0,1,4550,4550,0,12425,11837,12425,8660,10354,12425,9235,33.4,2257,6,0,2483,version 5.xlsx,5,No Holiday,0
10/5/2021,2021,10,October,278,40,Tuesday,Post_Monsoon,3,0,Weekday,Weekday,0,0,0,0,61,0,0,1,4309,4309,0,12406,11943,12406,9235,10505,12406,9024,32.6,2348,5,0,2554,version 5.xlsx,5,No Holiday,0
10/6/2021,2021,10,October,279,40,Wednesday,Post_Monsoon,3,0,Weekday,Weekday,0,0,0,0,53,0,0,1,4358,4358,0,12829,12329,12829,9024,10784,12829,9243,32.5,2382,5,0,2470,version 5.xlsx,5,No Holiday,0
10/7/2021,2021,10,October,280,40,Thursday,Post_Monsoon,3,0,Weekday,Weekday,0,0,0,0,51,0,0,1,4567,4567,0,12972,12396,12972,9243,11291,12972,8955,34.6,2397,9,0,2515,version 5.xlsx,5,No Holiday,0
10/8/2021,2021,10,October,281,40,Friday,Post_Monsoon,3,0,Weekday,Weekday,0,1,0,0,61,0,0,1,3962,3962,0,12349,11818,12457,8924,9556,12349,9555,35.2,2159,13,0,2532,version 5.xlsx,5,No Holiday,0
10/9/2021,2021,10,October,282,40,Saturday,Post_Monsoon,3,0,Weekday,Weekday,0,0,0,0,55,0,0,1,3962,3962,0,12349,11818,12457,8924,9556,12349,9555,35.2,2159,13,0,2532,version 5.xlsx,5,No Holiday,0
10/10/2021,2021,10,October,283,40,Sunday,Post_Monsoon,3,0,Weekday,Weekday,0,0,0,0,51,0,0,1,4667,4667,0,13390,12751,13390,10009,11533,13390,10027,35.3,2398,4,0,2497,version 5.xlsx,5,No Holiday,0
10/11/2021,2021,10,October,284,41,Monday,Post_Monsoon,3,0,Weekday,Weekday,0,0,0,0,3,0,1,0,4596,4596,0,13482,12837,13482,10027,11837,13482,9960,35.7,2408,6,0,2498,version 5.xlsx,5,Durga Puja,2
10/12/2021,2021,10,October,285,41,Tuesday,Post_Monsoon,3,0,Weekday,Weekday,0,0,0,0,51,0,0,1,4653,4653,0,13420,12916,13420,9960,11973,13420,9867,35.2,2390,5,0,2646,version 5.xlsx,5,Durga Puja,2
10/13/2021,2021,10,October,286,41,Wednesday,Post_Monsoon,3,0,Weekday,Weekday,0,0,0,0,3,0,1,0,4699,4699,0,13445,12878,13445,9867,11513,13445,10473,33.6,2338,5,0,2488,version 5.xlsx,5,Durga Puja,2
10/14/2021,2021,10,October,287,41,Thursday,Post_Monsoon,3,0,Weekday,Weekday,0,0,0,0,55,0,0,1,4554,4554,0,13102,12501,13102,10473,11987,13102,9582,35.9,2279,7,0,2510,version 5.xlsx,5,Durga Puja,2
10/15/2021,2021,10,October,288,41,Friday,Post_Monsoon,3,1,Durga Puja (Main Day),Religious_Hindu,3,1,0,0,65,0,0,1,4140,4140,0,11744,11251,12296,9548,10398,11744,9068,37.4,1880,9,0,2607,version 5.xlsx,5,Durga Puja,2
10/16/2021,2021,10,October,289,41,Saturday,Post_Monsoon,3,0,Weekday,Weekday,0,0,0,0,51,0,0,1,4441,4441,0,12829,12294,12829,9068,10815,12829,9764,35.5,1957,9,0,2459,version 5.xlsx,5,No Holiday,0
10/17/2021,2021,10,October,290,41,Sunday,Post_Monsoon,3,0,Weekday,Weekday,0,0,0,0,63,0,0,1,4342,4342,0,12100,11687,12100,9764,11277,12100,9287,35.1,1838,10,0,2573,version 5.xlsx,5,No Holiday,0
10/18/2021,2021,10,October,291,42,Monday,Post_Monsoon,3,1,Prophet's Birthday (estimated),Religious_Islamic,2,0,0,0,63,0,0,1,4240,4240,0,11556,11121,11556,9287,10248,11556,8058,31.3,2028,5,0,2672,version 5.xlsx,5,No Holiday,0
10/19/2021,2021,10,October,292,42,Tuesday,Post_Monsoon,3,0,Weekday,Weekday,0,0,0,0,63,0,0,1,4120,4120,0,11009,10742,11009,8058,9437,11009,8096,29.5,1929,6,0,2658,version 5.xlsx,5,No Holiday,0
10/20/2021,2021,10,October,293,42,Wednesday,Post_Monsoon,3,0,Weekday,Weekday,0,0,0,0,63,0,0,1,3748,3748,0,10550,10124,10550,8096,9154,10550,7981,31.2,1676,5,0,2533,version 5.xlsx,5,EID-E-MILADUNNOBI,1
10/21/2021,2021,10,October,294,42,Thursday,Post_Monsoon,3,0,Weekday,Weekday,0,0,0,0,61,0,0,1,4236,4236,0,11874,11278,11874,7981,9930,11874,7573,32.3,1678,7,0,2447,version 5.xlsx,5,No Holiday,0
10/22/2021,2021,10,October,295,42,Friday,Post_Monsoon,3,0,Weekday,Weekday,0,1,0,0,51,0,0,1,3423,3423,0,10215,9830,10215,7486,8300,10215,7677,32.2,1697,8,0,2461,version 5.xlsx,5,No Holiday,0
10/23/2021,2021,10,October,296,42,Saturday,Post_Monsoon,3,0,Weekday,Weekday,0,0,0,0,0,1,0,0,4143,4143,0,11457,11088,11457,7677,8710,11457,7831,31.8,1887,5,0,2461,version 5.xlsx,5,No Holiday,0
10/24/2021,2021,10,October,297,42,Sunday,Post_Monsoon,3,0,Weekday,Weekday,0,0,0,0,2,0,1,0,4254,4254,0,11618,11188,11618,7831,9809,11618,7877,32.8,2042,5,0,2455,version 5.xlsx,5,No Holiday,0
10/25/2021,2021,10,October,298,43,Monday,Post_Monsoon,3,0,Weekday,Weekday,0,0,0,0,0,1,0,0,4387,4387,0,13052,12508,13052,8053,10961,13052,10085,35,2163,6,0,2557,version 5.xlsx,5,No Holiday,0
10/26/2021,2021,10,October,299,43,Tuesday,Post_Monsoon,3,0,Weekday,Weekday,0,0,0,0,1,1,0,0,4248,4248,0,11827,11343,11827,8053,9962,11827,8234,31.8,2075,7,0,2869,version 5.xlsx,5,No Holiday,0
10/27/2021,2021,10,October,300,43,Wednesday,Post_Monsoon,3,0,Weekday,Weekday,0,0,0,0,3,0,1,0,4325,4325,0,11784,11315,11784,8234,9839,11784,8070,32.4,2120,5,0,2324,version 5.xlsx,5,No Holiday,0
10/28/2021,2021,10,October,301,43,Thursday,Post_Monsoon,3,0,Weekday,Weekday,0,0,0,0,51,0,0,1,4379,4379,0,11926,11374,11926,8070,9973,11926,7757,32,2199,5,0,2364,version 5.xlsx,5,No Holiday,0
10/29/2021,2021,10,October,302,43,Friday,Post_Monsoon,3,0,Weekday,Weekday,0,1,0,0,3,0,1,0,3597,3597,0,10780,10337,10780,7690,8438,10780,7764,34.2,2093,4,0,2419,version 5.xlsx,5,No Holiday,0
10/30/2021,2021,10,October,303,43,Saturday,Post_Monsoon,3,0,Weekday,Weekday,0,0,0,0,3,0,1,0,4194,4194,0,11641,11105,11641,7764,9475,11641,7775,34,2147,5,0,2370,version 5.xlsx,5,No Holiday,0
10/31/2021,2021,10,October,304,43,Sunday,Post_Monsoon,3,0,Weekday,Weekday,0,0,0,0,3,0,1,0,4007,4007,0,10779,10382,10779,7775,9445,10779,7312,32.7,2086,3,0,2515,version 5.xlsx,5,No Holiday,0
11/1/2021,2021,11,November,305,44,Monday,Post_Monsoon,3,0,Weekday,Weekday,0,0,0,0,0,1,0,0,3896,3896,0,10331,9937,10331,7312,9044,10331,6986,31.1,1887,3,0,2567,version 5.xlsx,5,No Holiday,0
11/2/2021,2021,11,November,306,44,Tuesday,Post_Monsoon,3,0,Weekday,Weekday,0,0,0,0,3,0,1,0,3794,3794,0,10274,9813,10274,6986,8757,10274,7085,30.4,2124,6,0,2492,version 5.xlsx,5,No Holiday,0
11/3/2021,2021,11,November,307,44,Wednesday,Post_Monsoon,3,0,Weekday,Weekday,0,0,0,0,3,0,1,0,3840,3840,0,10389,9907,10389,7085,8791,10389,6838,31,2359,5,0,2500,version 5.xlsx,5,No Holiday,0
11/4/2021,2021,11,November,308,44,Thursday,Post_Monsoon,3,0,Weekday,Weekday,0,0,0,0,3,0,1,0,3641,3641,0,10114,9581,10114,6838,8919,10114,6471,31.4,2428,5,0,2551,version 5.xlsx,5,No Holiday,0
11/5/2021,2021,11,November,309,44,Friday,Post_Monsoon,3,0,Weekday,Weekday,0,1,0,0,3,0,1,0,3010,3010,0,8681,8374,8681,6407,7413,8681,6094,31.2,2231,4,0,2564,version 5.xlsx,5,No Holiday,0
11/6/2021,2021,11,November,310,44,Saturday,Post_Monsoon,3,0,Weekday,Weekday,0,0,0,0,3,0,1,0,3560,3560,0,9659,9224,9659,6094,7845,9659,6465,30.1,2314,3,0,2516,version 5.xlsx,5,No Holiday,0
11/7/2021,2021,11,November,311,44,Sunday,Post_Monsoon,3,0,Weekday,Weekday,0,0,0,0,3,0,1,0,3633,3633,0,9785,9373,9785,6465,8399,9785,6364,30.5,2507,4,0,2484,version 5.xlsx,5,No Holiday,0
11/8/2021,2021,11,November,312,45,Monday,Post_Monsoon,3,0,Weekday,Weekday,0,0,0,0,3,0,1,0,3560,3560,0,9659,9224,9659,6094,7845,9659,6465,30.1,2314,3,0,2516,version 5.xlsx,5,No Holiday,0
11/9/2021,2021,11,November,313,45,Tuesday,Post_Monsoon,3,0,Weekday,Weekday,0,0,0,0,2,0,1,0,3822,3822,0,10228,10040,10228,6601,8626,10228,6738,31.6,2553,3,0,2584,version 5.xlsx,5,No Holiday,0
11/10/2021,2021,11,November,314,45,Wednesday,Post_Monsoon,3,0,Weekday,Weekday,0,0,0,0,3,0,1,0,3809,3809,0,10254,9874,10254,6738,8827,10254,6869,31.9,2289,3,0,2506,version 5.xlsx,5,No Holiday,0
11/11/2021,2021,11,November,315,45,Thursday,Post_Monsoon,3,0,Weekday,Weekday,0,0,0,0,3,0,1,0,3811,3811,0,10067,10021,10067,6869,8739,10067,6830,32.2,2243,3,0,2559,version 5.xlsx,5,No Holiday,0
11/12/2021,2021,11,November,316,45,Friday,Post_Monsoon,3,0,Weekday,Weekday,0,1,0,0,51,0,0,1,3049,3049,0,8907,8633,8907,6821,7487,8907,6283,29.2,2115,3,0,2576,version 5.xlsx,5,No Holiday,0
11/13/2021,2021,11,November,317,45,Saturday,Post_Monsoon,3,0,Weekday,Weekday,0,0,0,0,63,0,0,1,3244,3244,0,9174,8792,9174,6283,7938,9174,6147,29.2,1993,4,0,2584,version 5.xlsx,5,No Holiday,0
11/14/2021,2021,11,November,318,45,Sunday,Post_Monsoon,3,0,Weekday,Weekday,0,0,0,0,51,0,0,1,3339,3339,0,9240,8966,9240,6147,8043,9240,6141,23.6,2030,3,0,2588,version 5.xlsx,5,No Holiday,0
11/15/2021,2021,11,November,319,46,Monday,Post_Monsoon,3,0,Weekday,Weekday,0,0,0,0,61,0,0,1,3519,3519,0,9519,9399,9519,6141,8203,9519,6310,24.6,1825,4,0,2572,version 5.xlsx,5,No Holiday,0
11/16/2021,2021,11,November,320,46,Tuesday,Post_Monsoon,3,0,Weekday,Weekday,0,0,0,0,3,0,1,0,3519,3519,0,9504,8532,9504,6310,8298,9504,6312,29.5,2049,4,0,2531,version 5.xlsx,5,No Holiday,0
11/17/2021,2021,11,November,321,46,Wednesday,Post_Monsoon,3,0,Weekday,Weekday,0,0,0,0,1,1,0,0,3549,3549,0,9614,9262,9614,6312,8059,9614,6316,30.4,2307,2,0,2577,version 5.xlsx,5,No Holiday,0
11/18/2021,2021,11,November,322,46,Thursday,Post_Monsoon,3,0,Weekday,Weekday,0,0,0,0,3,0,1,0,3656,3656,0,9747,9401,9747,6316,8362,9747,6270,31.2,2244,8,0,2724,version 5.xlsx,5,No Holiday,0
11/19/2021,2021,11,November,323,46,Friday,Post_Monsoon,3,0,Weekday,Weekday,0,1,0,0,0,1,0,0,2845,2845,0,8271,8046,8271,6270,7051,8271,5815,30.8,1863,5,0,2657,version 5.xlsx,5,No Holiday,0
11/20/2021,2021,11,November,324,46,Saturday,Post_Monsoon,3,0,Weekday,Weekday,0,0,0,0,2,0,1,0,3552,3552,0,9598,9439,9598,5815,7762,9598,6240,30.4,2096,6,0,2782,version 5.xlsx,5,No Holiday,0
11/21/2021,2021,11,November,325,46,Sunday,Post_Monsoon,3,0,Weekday,Weekday,0,0,0,0,3,0,1,0,3364,3364,0,9464,9255,9464,6240,8129,9464,6348,30,2282,0,0,2857,version 5.xlsx,5,No Holiday,0
11/22/2021,2021,11,November,326,47,Monday,Post_Monsoon,3,0,Weekday,Weekday,0,0,0,0,3,0,1,0,3762,3762,0,9734,9681,9734,6348,8210,9734,6450,31.5,2432,0,0,2812,version 5.xlsx,5,No Holiday,0
11/23/2021,2021,11,November,327,47,Tuesday,Post_Monsoon,3,0,Weekday,Weekday,0,0,0,0,53,0,0,1,3818,3818,0,10026,9849,10026,6450,8396,10026,6582,31.8,2355,0,0,3109,version 5.xlsx,5,No Holiday,0
11/24/2021,2021,11,November,328,47,Wednesday,Post_Monsoon,3,0,Weekday,Weekday,0,0,0,0,0,1,0,0,3721,3721,0,9668,9356,9668,6582,7982,9668,6354,31.4,2348,0,0,3120,version 5.xlsx,5,No Holiday,0
11/25/2021,2021,11,November,329,47,Thursday,Post_Monsoon,3,0,Weekday,Weekday,0,0,0,0,0,1,0,0,3603,3603,0,9664,9209,9664,6354,8221,9664,6255,30.2,2272,0,0,3788,version 5.xlsx,5,No Holiday,0
11/26/2021,2021,11,November,330,47,Friday,Post_Monsoon,3,0,Weekday,Weekday,0,1,0,0,0,1,0,0,2801,2801,0,8261,7930,8261,6255,6648,8261,5609,29.6,1898,0,0,3798,version 5.xlsx,5,No Holiday,0
11/27/2021,2021,11,November,331,47,Saturday,Post_Monsoon,3,0,Weekday,Weekday,0,0,0,0,0,1,0,0,3454,3454,0,9338,8971,9338,5609,7520,9338,5959,29.4,2007,0,0,3788,version 5.xlsx,5,No Holiday,0
11/28/2021,2021,11,November,332,47,Sunday,Post_Monsoon,3,0,Weekday,Weekday,0,0,0,0,2,0,1,0,3376,3376,0,9173,8861,9173,5959,7811,9173,5965,29.9,2134,0,0,3778,version 5.xlsx,5,No Holiday,0
11/29/2021,2021,11,November,333,48,Monday,Post_Monsoon,3,0,Weekday,Weekday,0,0,0,0,3,0,1,0,3554,3554,0,9456,9239,9456,5965,8035,9456,6111,29.5,1936,0,0,4270,version 5.xlsx,5,No Holiday,0
11/30/2021,2021,11,November,334,48,Tuesday,Post_Monsoon,3,0,Weekday,Weekday,0,0,0,0,3,0,1,0,3484,3484,0,9396,9106,9396,6111,7986,9396,6127,30,1803,0,0,3900,version 5.xlsx,5,No Holiday,0
12/1/2021,2021,12,December,335,48,Wednesday,Winter,0,0,Weekday,Weekday,0,0,0,0,3,0,1,0,3481,3481,0,9537,9099,9537,6127,8254,9537,6013,31.2,1807,0,0,4037,version 5.xlsx,5,No Holiday,0
12/2/2021,2021,12,December,336,48,Thursday,Winter,0,0,Weekday,Weekday,0,0,0,0,3,0,1,0,3546,3546,0,9588,9175,9588,6013,8400,9588,6104,30.5,2214,0,0,4032,version 5.xlsx,5,No Holiday,0
12/3/2021,2021,12,December,337,48,Friday,Winter,0,0,Weekday,Weekday,0,1,0,0,3,0,1,0,2812,2812,0,8300,7953,8300,6104,6698,8300,5694,30.4,2041,0,0,4002,version 5.xlsx,5,No Holiday,0
12/4/2021,2021,12,December,338,48,Saturday,Winter,0,0,Weekday,Weekday,0,0,0,0,55,0,0,1,3413,3413,0,9409,9006,9409,5694,7235,9409,6053,26.7,1749,0,0,4164,version 5.xlsx,5,No Holiday,0
12/5/2021,2021,12,December,339,48,Sunday,Winter,0,0,Weekday,Weekday,0,0,0,0,65,0,0,1,3309,3309,0,9231,8791,9231,6053,7990,9231,5334,24.2,1496,0,0,4444,version 5.xlsx,5,No Holiday,0
12/6/2021,2021,12,December,340,49,Monday,Winter,0,0,Weekday,Weekday,0,0,0,0,65,0,0,1,2971,2971,0,8671,8178,8671,5334,7593,8671,5648,21.4,1643,0,0,4435,version 5.xlsx,5,No Holiday,0
12/7/2021,2021,12,December,341,49,Tuesday,Winter,0,0,Weekday,Weekday,0,0,0,0,53,0,0,1,3321,3321,0,9321,8929,9321,5648,8001,9321,5912,23.3,1646,0,0,4359,version 5.xlsx,5,No Holiday,0
12/8/2021,2021,12,December,342,49,Wednesday,Winter,0,0,Weekday,Weekday,0,0,0,0,1,1,0,0,3357,3357,0,9460,9056,9460,5912,8037,9460,5983,28,1595,0,0,4298,version 5.xlsx,5,No Holiday,0
12/9/2021,2021,12,December,343,49,Thursday,Winter,0,0,Weekday,Weekday,0,0,0,0,51,0,0,1,3525,3525,0,9444,9277,9444,5983,8186,9444,6056,28.8,1828,0,0,4050,version 5.xlsx,5,No Holiday,0
12/10/2021,2021,12,December,344,49,Friday,Winter,0,0,Weekday,Weekday,0,1,0,0,51,0,0,1,2687,2687,0,8214,7964,8214,6056,6751,8214,5515,27.8,2013,0,0,3847,version 5.xlsx,5,No Holiday,0
12/11/2021,2021,12,December,345,49,Saturday,Winter,0,0,Weekday,Weekday,0,0,0,0,1,1,0,0,3175,3175,0,9326,8674,9326,5515,7253,9326,5857,27.6,2455,0,0,4000,version 5.xlsx,5,No Holiday,0
12/12/2021,2021,12,December,346,49,Sunday,Winter,0,0,Weekday,Weekday,0,0,0,0,0,1,0,0,3177,3177,0,9246,8708,9246,5857,7833,9246,5777,26.7,2483,0,0,4032,version 5.xlsx,5,No Holiday,0
12/13/2021,2021,12,December,347,50,Monday,Winter,0,0,Weekday,Weekday,0,0,0,0,0,1,0,0,3227,3227,0,9313,8816,9313,5777,7769,9313,5814,26.9,2651,0,0,3490,version 5.xlsx,5,No Holiday,0
12/14/2021,2021,12,December,348,50,Tuesday,Winter,0,0,Weekday,Weekday,0,0,0,0,3,0,1,0,3299,3299,0,9221,8896,9221,5814,7638,9221,5793,26.7,2491,0,0,3212,version 5.xlsx,5,No Holiday,0
12/15/2021,2021,12,December,349,50,Wednesday,Winter,0,0,Weekday,Weekday,0,0,0,0,3,0,1,0,3197,3197,0,9137,8783,9137,5793,7828,9137,5785,26.8,2294,0,0,3321,version 5.xlsx,5,No Holiday,0
12/16/2021,2021,12,December,350,50,Thursday,Winter,0,1,Victory Day,National,1,0,0,0,3,0,1,0,3183,3183,0,7802,7430,7802,5785,6480,7802,5167,27.2,2353,0,0,3396,version 5.xlsx,5,Victory Day,1
12/17/2021,2021,12,December,351,50,Friday,Winter,0,0,Weekday,Weekday,0,1,0,0,1,1,0,0,2569,2569,0,7955,7721,7955,5167,6418,7955,5267,27,2306,0,158,3724,version 5.xlsx,5,No Holiday,0
12/18/2021,2021,12,December,352,50,Saturday,Winter,0,0,Weekday,Weekday,0,0,0,0,3,0,1,0,3183,3183,0,9047,8746,9047,5267,6938,9047,5611,27,2208,0,153,3707,version 5.xlsx,5,No Holiday,0
12/19/2021,2021,12,December,353,50,Sunday,Winter,0,0,Weekday,Weekday,0,0,0,0,0,1,0,0,3179,3179,0,9061,8712,9061,5611,7644,9061,5684,24.2,2295,0,153,3531,version 5.xlsx,5,No Holiday,0
12/20/2021,2021,12,December,354,51,Monday,Winter,0,0,Weekday,Weekday,0,0,0,0,0,1,0,0,3242,3242,0,9082,8790,9082,5684,7604,9082,5799,24,2160,0,184,4258,version 5.xlsx,5,No Holiday,0
12/21/2021,2021,12,December,355,51,Tuesday,Winter,0,0,Weekday,Weekday,0,0,0,0,2,0,1,0,3278,3278,0,9336,8979,9336,5799,7803,9336,5832,24.6,2292,0,144,3358,version 5.xlsx,5,No Holiday,0
12/22/2021,2021,12,December,356,51,Wednesday,Winter,0,0,Weekday,Weekday,0,0,0,0,3,0,1,0,3258,3258,0,9312,8889,9312,5832,7959,9312,5853,24.2,2342,0,146,3406,version 5.xlsx,5,No Holiday,0
12/23/2021,2021,12,December,357,51,Thursday,Winter,0,0,Weekday,Weekday,0,0,0,0,1,1,0,0,3226,3226,0,9245,8855,9245,5853,7927,9245,5837,25.3,2768,0,144,3817,version 5.xlsx,5,No Holiday,0
12/24/2021,2021,12,December,358,51,Friday,Winter,0,0,Weekday,Weekday,0,1,0,0,1,1,0,0,2590,2590,0,8150,7806,8150,5837,6700,8150,5452,26.4,2832,0,144,3007,version 5.xlsx,5,No Holiday,0
12/25/2021,2021,12,December,359,51,Saturday,Winter,0,1,Christmas Day,Religious_Christian,4,0,0,0,2,0,1,0,3143,3143,0,9013,8604,9013,5452,7631,9013,5837,27,2792,0,144,3058,version 5.xlsx,5,Christmas,1
12/26/2021,2021,12,December,360,51,Sunday,Winter,0,0,Weekday,Weekday,0,0,0,0,0,1,0,0,3211,3211,0,9149,8752,9149,5837,7598,9149,5861,26.5,2818,0,144,3037,version 5.xlsx,5,No Holiday,0
12/27/2021,2021,12,December,361,52,Monday,Winter,0,0,Weekday,Weekday,0,0,0,0,3,0,1,0,3298,3298,0,9446,8994,9446,5861,7888,9446,5991,27.2,3931,160,144,3309,version 5.xlsx,5,No Holiday,0
12/28/2021,2021,12,December,362,52,Tuesday,Winter,0,0,Weekday,Weekday,0,0,0,0,3,0,1,0,3339,3339,0,9368,9004,9368,5991,7942,9368,5943,26.1,4241,160,150,3149,version 5.xlsx,5,No Holiday,0
12/29/2021,2021,12,December,363,52,Wednesday,Winter,0,0,Weekday,Weekday,0,0,0,0,3,0,1,0,3294,3294,0,9398,9048,9398,5943,8046,9398,5947,25.1,3983,159,144,3114,version 5.xlsx,5,No Holiday,0
12/30/2021,2021,12,December,364,52,Thursday,Winter,0,0,Weekday,Weekday,0,0,0,0,53,0,0,1,3283,3283,0,9302,9018,9302,5947,8088,9302,5879,26.1,3901,160,144,3021,version 5.xlsx,5,No Holiday,0
12/31/2021,2021,12,December,365,52,Friday,Winter,0,0,Weekday,Weekday,0,1,0,0,0,1,0,0,3233,3233,0,8193,7922,8193,5879,6768,8193,5492,27.1,4107,147,150,3052,version 5.xlsx,5,No Holiday,0
1/1/2022,2022,1,January,1,52,Saturday,Winter,0,0,Weekday,Weekday,0,0,0,0,3,0,1,0,3061,3061,0,8985,8654,8985,5492,7339,8985,5745,26.4,4000,160,144,3068,version 5.xlsx,5,No Holiday,0
1/2/2022,2022,1,January,2,52,Sunday,Winter,0,0,Weekday,Weekday,0,0,0,0,3,0,1,0,3233,3233,0,9156,8709,9156,5745,7659,9156,5706,23,4044,159,144,3038,version 5.xlsx,5,No Holiday,0
1/3/2022,2022,1,January,3,1,Monday,Winter,0,0,Weekday,Weekday,0,0,0,0,3,0,1,0,3233,3233,0,9342,8709,9342,5706,7761,9342,5837,23,4029,160,144,3201,version 5.xlsx,5,No Holiday,0
1/4/2022,2022,1,January,4,1,Tuesday,Winter,0,0,Weekday,Weekday,0,0,0,0,0,1,0,0,3259,3259,0,9406,8991,9406,5837,7954,9406,5648,25.5,4045,160,144,2899,version 5.xlsx,5,No Holiday,0
1/5/2022,2022,1,January,5,1,Wednesday,Winter,0,0,Weekday,Weekday,0,0,0,0,1,1,0,0,3152,3152,0,9239,8800,9239,5648,7756,9239,5805,23.8,3844,160,144,2628,version 5.xlsx,5,No Holiday,0
1/6/2022,2022,1,January,6,1,Thursday,Winter,0,0,Weekday,Weekday,0,0,0,0,3,0,1,0,3267,3267,0,9338,8931,9338,5805,8136,9338,5848,26.5,3915,160,152,3207,version 5.xlsx,5,No Holiday,0
1/7/2022,2022,1,January,7,1,Friday,Winter,0,0,Weekday,Weekday,0,1,0,0,0,1,0,0,2722,2722,0,8218,8001,8218,5848,6932,8218,5475,27.8,3790,160,152,3382,version 5.xlsx,5,No Holiday,0
1/8/2022,2022,1,January,8,1,Saturday,Winter,0,0,Weekday,Weekday,0,0,0,0,0,1,0,0,3495,3495,0,9513,9319,9513,5475,7280,9513,6018,28.5,3890,160,157,3092,version 5.xlsx,5,No Holiday,0
1/9/2022,2022,1,January,9,1,Sunday,Winter,0,0,Weekday,Weekday,0,0,0,0,0,1,0,0,3552,3552,0,9537,9407,9537,6018,8149,9537,6007,28.6,3827,160,148,3172,version 5.xlsx,5,No Holiday,0
1/10/2022,2022,1,January,10,2,Monday,Winter,0,0,Weekday,Weekday,0,0,0,0,3,0,1,0,3671,3671,0,9612,9589,9612,6007,8242,9612,6210,28.1,3790,159,144,3182,version 5.xlsx,5,No Holiday,0
1/11/2022,2022,1,January,11,2,Tuesday,Winter,0,0,Weekday,Weekday,0,0,0,0,55,0,0,1,3594,3594,0,9726,9552.5,9726,6210,8457,9726,5854,27.8,3853,160,145,3172,version 5.xlsx,5,No Holiday,0
1/12/2022,2022,1,January,12,2,Wednesday,Winter,0,0,Weekday,Weekday,0,0,0,0,53,0,0,1,3645,3645,0,9583,9416,9583,5854,8347,9583,5763,24.7,3907,160,151,3142,version 5.xlsx,5,No Holiday,0
1/13/2022,2022,1,January,13,2,Thursday,Winter,0,0,Weekday,Weekday,0,0,0,0,53,0,0,1,3664,3664,0,9643,9579,9643,5763,8555,9643,6166,26.6,4638,160,149,2410,version 5.xlsx,5,No Holiday,0
1/14/2022,2022,1,January,14,2,Friday,Winter,0,0,Weekday,Weekday,0,1,0,0,3,0,1,0,3553,3553,0,8349,8040,8349,6166,7236,8349,5708,22.4,4488,159,150,2481,version 5.xlsx,5,No Holiday,0
1/15/2022,2022,1,January,15,2,Saturday,Winter,0,0,Weekday,Weekday,0,0,0,0,3,0,1,0,3553,3553,0,9604,9489,9604,5708,7688,9604,6079,24.2,4471,159,153,2502,version 5.xlsx,5,No Holiday,0
1/16/2022,2022,1,January,16,2,Sunday,Winter,0,0,Weekday,Weekday,0,0,0,0,0,1,0,0,3524,3524,0,9676,9530,9676,6079,8286,9676,6021,24.4,4880,160,165,2448,version 5.xlsx,5,No Holiday,0
1/17/2022,2022,1,January,17,3,Monday,Winter,0,0,Weekday,Weekday,0,0,0,0,2,0,1,0,3704,3704,0,9771,9631,9771,6021,8276,9771,6164,26.4,4984,159,154,2140,version 5.xlsx,5,No Holiday,0
1/18/2022,2022,1,January,18,3,Tuesday,Winter,0,0,Weekday,Weekday,0,0,0,0,3,0,1,0,3560,3560,0,9829,9542,9829,6164,8453,9829,6262,25.7,4978,74,154,2215,version 5.xlsx,5,No Holiday,0
1/19/2022,2022,1,January,19,3,Wednesday,Winter,0,0,Weekday,Weekday,0,0,0,0,51,0,0,1,3568,3568,0,9853,9640,9853,6262,8575,9853,6237,24.6,4969,159,154,2180,version 5.xlsx,5,No Holiday,0
1/20/2022,2022,1,January,20,3,Thursday,Winter,0,0,Weekday,Weekday,0,0,0,0,3,0,1,0,3581,3581,0,9783,9562,9783,6237,8645,9783,6097,24.4,5211,160,154,2077,version 5.xlsx,5,No Holiday,0
1/21/2022,2022,1,January,21,3,Friday,Winter,0,0,Weekday,Weekday,0,1,0,0,2,0,1,0,3568,3568,0,8615,8497,8615,6097,7503,8615,5754,24.8,5116,159,154,2097,version 5.xlsx,5,No Holiday,0
1/22/2022,2022,1,January,22,3,Saturday,Winter,0,0,Weekday,Weekday,0,0,0,0,51,0,0,1,3521,3521,0,9673,9530,9673,5754,8154,9673,6205,24.3,5115,159,154,2037,version 5.xlsx,5,No Holiday,0
1/23/2022,2022,1,January,23,3,Sunday,Winter,0,0,Weekday,Weekday,0,0,0,0,51,0,0,1,3587,3587,0,9735,9512,9735,6205,8883,9735,5596,24.4,5192,159,154,2107,version 5.xlsx,5,No Holiday,0
1/24/2022,2022,1,January,24,4,Monday,Winter,0,0,Weekday,Weekday,0,0,0,0,61,0,0,1,3538,3538,0,9894,9675,9894,5596,8804,9894,6289,25,5169,159,152,2087,version 5.xlsx,5,No Holiday,0
1/25/2022,2022,1,January,25,4,Tuesday,Winter,0,0,Weekday,Weekday,0,0,0,0,3,0,1,0,3576,3576,0,10021,9770,10021,6289,8842,10021,6434,26.5,5314,159,151,2100,version 5.xlsx,5,No Holiday,0
1/26/2022,2022,1,January,26,4,Wednesday,Winter,0,0,Weekday,Weekday,0,0,0,0,53,0,0,1,3434,3434,0,9699,9490,9699,6434,8795,9699,6218,26.2,5389,159,147,2070,version 5.xlsx,5,No Holiday,0
1/27/2022,2022,1,January,27,4,Thursday,Winter,0,0,Weekday,Weekday,0,0,0,0,51,0,0,1,3538,3538,0,9959,9746,9959,6218,8843,9959,6256,23.2,5327,159,146,2030,version 5.xlsx,5,No Holiday,0
1/28/2022,2022,1,January,28,4,Friday,Winter,0,0,Weekday,Weekday,0,1,0,0,3,0,1,0,3501,3501,0,8683,8408,8683,6256,7718,8683,5727,21.6,5233,160,146,2110,version 5.xlsx,5,No Holiday,0
1/29/2022,2022,1,January,29,4,Saturday,Winter,0,0,Weekday,Weekday,0,0,0,0,0,1,0,0,3501,3501,0,9869,9700,9869,5727,8280,9869,6191,21.6,5042,160,148,2100,version 5.xlsx,5,No Holiday,0
1/30/2022,2022,1,January,30,4,Sunday,Winter,0,0,Weekday,Weekday,0,0,0,0,3,0,1,0,3506,3506,0,9867,9627,9867,6191,8945,9867,6119,22.8,5370,159,147,2040,version 5.xlsx,5,No Holiday,0
1/31/2022,2022,1,January,31,5,Monday,Winter,0,0,Weekday,Weekday,0,0,0,0,2,0,1,0,3540,3540,0,9801,9657,9801,6119,8869,9801,6140,24,5276,159,147,2060,version 5.xlsx,5,No Holiday,0
2/1/2022,2022,2,February,32,5,Tuesday,Winter,0,0,Weekday,Weekday,0,0,0,0,53,0,0,1,3593,3593,0,9775,9648,9775,6140,8977,9775,6103,25.8,5198,159,184,2010,version 5.xlsx,5,No Holiday,0
2/2/2022,2022,2,February,33,5,Wednesday,Winter,0,0,Weekday,Weekday,0,0,0,0,3,0,1,0,3590,3590,0,10011,9830,10011,6103,8934,10011,6186,27.7,5132,160,184,1880,version 5.xlsx,5,No Holiday,0
2/3/2022,2022,2,February,34,5,Thursday,Winter,0,0,Weekday,Weekday,0,0,0,0,63,0,0,1,3605,3605,0,9784,9662,9784,6186,9086,9784,5908,26.6,5075,159,184,2040,version 5.xlsx,5,No Holiday,0
2/4/2022,2022,2,February,35,5,Friday,Winter,0,0,Weekday,Weekday,0,1,0,0,63,0,0,1,3565,3565,0,9448,9390,9448,5908,8023,9448,4663,25.7,4944,159,184,2450,version 5.xlsx,5,No Holiday,0
2/5/2022,2022,2,February,36,5,Saturday,Winter,0,0,Weekday,Weekday,0,0,0,0,63,0,0,1,3347,3347,0,9073,9031,9073,5871,7466,9073,5797,24,4853,160,184,2060,version 5.xlsx,5,No Holiday,0
2/6/2022,2022,2,February,37,5,Sunday,Winter,0,0,Weekday,Weekday,0,0,0,0,1,1,0,0,3565,3565,0,9448,9390,9448,5797,8023,9448,5871,23,5216,159,184,2108,version 5.xlsx,5,No Holiday,0
2/7/2022,2022,2,February,38,6,Monday,Winter,0,0,Weekday,Weekday,0,0,0,0,3,0,1,0,3678,3678,0,9478,9524,9478,5871,8198,9478,5844,23.6,4562,159,184,2458,version 5.xlsx,5,No Holiday,0
2/8/2022,2022,2,February,39,6,Tuesday,Winter,0,0,Weekday,Weekday,0,0,0,0,3,0,1,0,3347,3347,0,9671,9292,9671,5844,8339,9671,5915,25.2,4705,160,195,2427,version 5.xlsx,5,No Holiday,0
2/9/2022,2022,2,February,40,6,Wednesday,Winter,0,0,Weekday,Weekday,0,0,0,0,51,0,0,1,3368,3368,0,9748,9327,9748,5915,8610,9748,5950,26.5,4484,159,184,2437,version 5.xlsx,5,No Holiday,0
2/10/2022,2022,2,February,41,6,Thursday,Winter,0,0,Weekday,Weekday,0,0,0,0,53,0,0,1,3290,3290,0,9596,9061,9596,5950,8698,9596,5954,20.7,4301,159,184,2417,version 5.xlsx,5,No Holiday,0
2/11/2022,2022,2,February,42,6,Friday,Winter,0,0,Weekday,Weekday,0,1,0,0,51,0,0,1,2663,2663,0,8555,8152,8555,5954,7479,8555,5534,25.8,3916,159,184,2447,version 5.xlsx,5,No Holiday,0
2/12/2022,2022,2,February,43,6,Saturday,Winter,0,0,Weekday,Weekday,0,0,0,0,0,1,0,0,3313,3313,0,9667,9235.4,9667,5534,7982,9667,6095,24.6,4438,159,184,2427,version 5.xlsx,5,No Holiday,0
2/13/2022,2022,2,February,44,6,Sunday,Winter,0,0,Weekday,Weekday,0,0,0,0,0,1,0,0,3209,3209,0,9873,9232.09,9873,6095,8773,9873,6188,27.2,4494,160,184,2447,version 5.xlsx,5,No Holiday,0
2/14/2022,2022,2,February,45,7,Monday,Winter,0,0,Weekday,Weekday,0,0,0,0,0,1,0,0,3473,3473,0,10004,9442.34,10004,6188,8748,10004,6308,27.4,4468,160,184,2457,version 5.xlsx,5,No Holiday,0
2/15/2022,2022,2,February,46,7,Tuesday,Winter,0,0,Weekday,Weekday,0,0,0,0,0,1,0,0,3447,3447,0,9913,9427.6,9913,6308,8913,9913,6239,27.5,4404,159,200,2547,version 5.xlsx,5,No Holiday,0
2/16/2022,2022,2,February,47,7,Wednesday,Winter,0,0,Weekday,Weekday,0,0,0,0,1,1,0,0,3496,3496,0,9951,9497.73,9951,6239,8992,9951,6343,28,4317,159,184,2458,version 5.xlsx,5,No Holiday,0
2/17/2022,2022,2,February,48,7,Thursday,Winter,0,0,Weekday,Weekday,0,0,0,0,0,1,0,0,3504,3504,0,10099,9633.47,10099,6343,9145,10099,6364,27.8,4577,159,158,2078,version 5.xlsx,5,No Holiday,0
2/18/2022,2022,2,February,49,7,Friday,Winter,0,0,Weekday,Weekday,0,1,0,0,0,1,0,0,2776,2776,0,8785,8357.64,8785,6364,7737,8785,5917,28,4747,159,156,2098,version 5.xlsx,5,No Holiday,0
2/19/2022,2022,2,February,50,7,Saturday,Winter,0,0,Weekday,Weekday,0,0,0,0,2,0,1,0,3358,3358,0,10000,9409.26,10000,5917,8582,10000,6317,27.7,4517,159,158,2118,version 5.xlsx,5,No Holiday,0
2/20/2022,2022,2,February,51,7,Sunday,Winter,0,0,Weekday,Weekday,0,0,0,0,61,0,0,1,3095,3095,0,9542,9006,9542,6317,9002,9542,6020,27.6,4779,159,170,2118,version 5.xlsx,5,No Holiday,0
2/21/2022,2022,2,February,52,8,Monday,Winter,0,1,Martyrs' Day and International Mother Language Day,National,1,0,0,0,51,0,0,1,3358,3358,0,8561,8169,8561,6020,7730,8561,5726,27.8,4812,159,160,2148,version 5.xlsx,5,No Holiday,0
2/22/2022,2022,2,February,53,8,Tuesday,Winter,0,0,Weekday,Weekday,0,0,0,0,3,0,1,0,3458,3458,0,9947,9604,9947,5726,8832,9947,6502,28.8,4644,160,160,2108,version 5.xlsx,5,International mother language day,1
2/23/2022,2022,2,February,54,8,Wednesday,Winter,0,0,Weekday,Weekday,0,0,0,0,3,0,1,0,3566,3566,0,10262,9831,10262,6502,9090,10262,6544,28.7,4606,159,162,2068,version 5.xlsx,5,No Holiday,0
2/24/2022,2022,2,February,55,8,Thursday,Winter,0,0,Weekday,Weekday,0,0,0,0,51,0,0,1,3546,3546,0,10225,9810,10225,6544,9254,10225,6215,30.3,4458,159,184,2128,version 5.xlsx,5,No Holiday,0
2/25/2022,2022,2,February,56,8,Friday,Winter,0,0,Weekday,Weekday,0,1,0,0,51,0,0,1,2889,2889,0,8937,8499,8937,6215,7966,8937,6227,30.6,4255,159,184,2671,version 5.xlsx,5,No Holiday,0
2/26/2022,2022,2,February,57,8,Saturday,Winter,0,0,Weekday,Weekday,0,0,0,0,1,1,0,0,3700,3700,0,10361,9985,10381,6227,9028,10361,6754,30.8,4262,159,184,2273,version 5.xlsx,5,No Holiday,0
2/27/2022,2022,2,February,58,8,Sunday,Winter,0,0,Weekday,Weekday,0,0,0,0,53,0,0,1,3739,3739,0,9939,9617,9939,6754,9422,9939,6716,32,3974,159,184,2783,version 5.xlsx,5,No Holiday,0
2/28/2022,2022,2,February,59,9,Monday,Winter,0,0,Weekday,Weekday,0,0,0,0,51,0,0,1,3947,3947,0,10737,10337,10737,6716,9529,10737,7038,31,3985,159,184,2663,version 5.xlsx,5,No Holiday,0
3/1/2022,2022,3,March,60,9,Tuesday,Pre_Monsoon,1,0,Weekday,Weekday,0,0,0,0,0,1,0,0,3661,3661,0,10490,10087,10490,7038,9499,10490,6945,31.1,3979,77,184,2675,version 5.xlsx,5,No Holiday,0
3/2/2022,2022,3,March,61,9,Wednesday,Pre_Monsoon,1,0,Weekday,Weekday,0,0,0,0,3,0,1,0,3861,3861,0,10667,10300,10667,6945,9491,10667,6983,30.8,4182,74,184,3045,version 5.xlsx,5,No Holiday,0
3/3/2022,2022,3,March,62,9,Thursday,Pre_Monsoon,1,0,Weekday,Weekday,0,0,0,0,0,1,0,0,3847,3847,0,10844,10405,10844,6983,9486,10844,6980,31.2,3766,79,184,3429,version 5.xlsx,5,No Holiday,0
3/4/2022,2022,3,March,63,9,Friday,Pre_Monsoon,1,0,Weekday,Weekday,0,1,0,0,0,1,0,0,3097,3097,0,9443,9181,9443,6980,8104,9443,6823,31.4,3327,159,184,3609,version 5.xlsx,5,No Holiday,0
3/5/2022,2022,3,March,64,9,Saturday,Pre_Monsoon,1,0,Weekday,Weekday,0,0,0,0,3,0,1,0,3814,3814,0,10895,10418,10895,6823,9171,10895,7301,32.5,3185,159,184,3419,version 5.xlsx,5,No Holiday,0
3/6/2022,2022,3,March,65,9,Sunday,Pre_Monsoon,1,0,Weekday,Weekday,0,0,0,0,1,1,0,0,3837,3837,0,11024,10565,11024,7301,9857,11024,7432,31.6,2627,159,184,3489,version 5.xlsx,5,No Holiday,0
3/7/2022,2022,3,March,66,10,Monday,Pre_Monsoon,1,0,Weekday,Weekday,0,0,0,0,0,1,0,0,4077,4077,0,11424,10963,11424,7432,10123,11424,7763,34.2,2673,159,184,3437,version 5.xlsx,5,No Holiday,0
3/8/2022,2022,3,March,67,10,Tuesday,Pre_Monsoon,1,0,Weekday,Weekday,0,0,0,0,0,1,0,0,4173,4173,0,11802,11354,11802,7763,10327,11802,8037,34.1,2672,159,184,3583,version 5.xlsx,5,No Holiday,0
3/9/2022,2022,3,March,68,10,Wednesday,Pre_Monsoon,1,0,Weekday,Weekday,0,0,0,0,0,1,0,0,4112,4112,0,11895,11229,11895,8037,10381,11895,8001,34,2866,159,184,3096,version 5.xlsx,5,No Holiday,0
3/10/2022,2022,3,March,69,10,Thursday,Pre_Monsoon,1,0,Weekday,Weekday,0,0,0,0,3,0,1,0,4112,4112,0,11722,11148,11722,8001,10466,11722,8066,33.3,2997,159,184,3118,version 5.xlsx,5,No Holiday,0
3/11/2022,2022,3,March,70,10,Friday,Pre_Monsoon,1,0,Weekday,Weekday,0,1,0,0,3,0,1,0,3323,3323,0,10372,9891,10372,8066,8958,10372,7575,32.8,2691,160,202,3369,version 5.xlsx,5,No Holiday,0
3/12/2022,2022,3,March,71,10,Saturday,Pre_Monsoon,1,0,Weekday,Weekday,0,0,0,0,3,0,1,0,4026,4026,0,11669,11158,11669,7575,9715,11669,8149,33.4,2894,160,184,3399,version 5.xlsx,5,No Holiday,0
3/13/2022,2022,3,March,72,10,Sunday,Pre_Monsoon,1,0,Weekday,Weekday,0,0,0,0,3,0,1,0,4068,4068,0,11621,11059,11621,8149,10708,11621,8350,34.2,2755,160,184,3842,version 5.xlsx,5,No Holiday,0
3/14/2022,2022,3,March,73,11,Monday,Pre_Monsoon,1,0,Weekday,Weekday,0,0,0,0,3,0,1,0,4258,4258,0,11899,11286,11899,8350,10873,11899,8783,34.5,2486,82,149,3862,version 5.xlsx,5,No Holiday,0
3/15/2022,2022,3,March,74,11,Tuesday,Pre_Monsoon,1,0,Weekday,Weekday,0,0,0,0,0,1,0,0,4175,4175,0,12170,11493,12170,8783,10955,12170,8859,35,2443,91,149,3738,version 5.xlsx,5,No Holiday,0
3/16/2022,2022,3,March,75,11,Wednesday,Pre_Monsoon,1,0,Weekday,Weekday,0,0,0,0,0,1,0,0,4488,4488,0,12631,12127,12631,8859,11132,12631,9296,36.4,2072,83,149,3360,version 5.xlsx,5,No Holiday,0
3/17/2022,2022,3,March,76,11,Thursday,Pre_Monsoon,1,1,Sheikh Mujibur Rahman's Birthday,National,1,0,0,0,2,0,1,0,4346,4346,0,12597,12100,12597,9296,11164,12597,9142,36.3,1806,77,149,3625,version 5.xlsx,5,Father of nation's Birth,1
3/18/2022,2022,3,March,77,11,Friday,Pre_Monsoon,1,0,Weekday,Weekday,0,1,0,0,3,0,1,0,3587,3587,0,11521,11079,11521,9142,10217,11521,8104,36.5,1789,80,149,2946,version 5.xlsx,5,No Holiday,0
3/19/2022,2022,3,March,78,11,Saturday,Pre_Monsoon,1,1,Mid-Sha'ban,Religious_Islamic,2,0,0,0,2,0,1,0,3820,3820,0,12075,11572,12075,8104,9622,12075,9095,36.5,1804,87,195,2783,version 5.xlsx,5,Sab-E-Barat,1
3/20/2022,2022,3,March,79,11,Sunday,Pre_Monsoon,1,0,Weekday,Weekday,0,0,0,0,2,0,1,0,4618,4618,0,13038,12507,13038,9095,11430,13038,9572,35.6,1799,80,195,2713,version 5.xlsx,5,No Holiday,0
3/21/2022,2022,3,March,80,12,Monday,Pre_Monsoon,1,0,Weekday,Weekday,0,0,0,0,2,0,1,0,4634,4634,0,13024,12453,13024,9572,11435,13024,9683,34.6,2198,74,160,2693,version 5.xlsx,5,No Holiday,0
3/22/2022,2022,3,March,81,12,Tuesday,Pre_Monsoon,1,0,Weekday,Weekday,0,0,0,0,3,0,1,0,4617,4617,0,13096,12576,13096,9683,11773,13096,10247,35.1,2201,74,160,2713,version 5.xlsx,5,No Holiday,0
3/23/2022,2022,3,March,82,12,Wednesday,Pre_Monsoon,1,0,Weekday,Weekday,0,0,0,0,3,0,1,0,4853,4853,0,13412,12860,13412,10247,12003,13412,10558,36.5,2403,74,160,2741,version 5.xlsx,5,No Holiday,0
3/24/2022,2022,3,March,83,12,Thursday,Pre_Monsoon,1,0,Weekday,Weekday,0,0,0,0,2,0,1,0,4847,4847,0,13284,12877.42,13284,10558,11630,13284,9849,33.7,2054,74,160,2840,version 5.xlsx,5,No Holiday,0
3/25/2022,2022,3,March,84,12,Friday,Pre_Monsoon,1,0,Weekday,Weekday,0,1,0,0,61,0,0,1,4194,4194,0,12418,12066.73,12418,9686,10407,12418,9708,32.6,1931,75,163,2740,version 5.xlsx,5,No Holiday,0
3/26/2022,2022,3,March,85,12,Saturday,Pre_Monsoon,1,1,Independence Day,National,1,0,0,0,55,0,0,1,4200,4200,0,12593,12214.19,12617,9622,10189,12593,10110,32.8,1837,75,162,2730,version 5.xlsx,5,Independence Day,1
3/27/2022,2022,3,March,86,12,Sunday,Pre_Monsoon,1,0,Weekday,Weekday,0,0,0,0,61,0,0,1,4657,4657,0,13108,12759.38,13108,10110,12116,13108,10353,34,1749,74,158,2830,version 5.xlsx,5,No Holiday,0
3/28/2022,2022,3,March,87,13,Monday,Pre_Monsoon,1,0,Weekday,Weekday,0,0,0,0,3,0,1,0,4742,4742,0,13347,12887.03,13347,10353,11642,13347,10314,34.4,2208,74,159,2459,version 5.xlsx,5,No Holiday,0
3/29/2022,2022,3,March,88,13,Tuesday,Pre_Monsoon,1,0,Weekday,Weekday,0,0,0,0,51,0,0,1,4273,4273,0,12769,12358.13,12769,10314,11507,12769,10068,33.8,2022,75,160,3516,version 5.xlsx,5,No Holiday,0
3/30/2022,2022,3,March,89,13,Wednesday,Pre_Monsoon,1,0,Weekday,Weekday,0,0,0,0,51,0,0,1,4656,4656,0,13283,12714.24,13283,10068,11517,13283,10184,34.1,2016,74,161,3092,version 5.xlsx,5,No Holiday,0
3/31/2022,2022,3,March,90,13,Thursday,Pre_Monsoon,1,0,Weekday,Weekday,0,0,0,0,55,0,0,1,5025,5025,0,13662,13239.73,13662,10184,11586,13662,9738,34.4,1970,74,161,2687,version 5.xlsx,5,No Holiday,0
4/1/2022,2022,4,April,91,13,Friday,Pre_Monsoon,1,0,Weekday,Weekday,0,1,0,0,55,0,0,1,4136,4136,0,12585,12092.53,12585,9354,10180,12585,10170,34.5,1817,74,163,2769,version 5.xlsx,5,No Holiday,0
4/2/2022,2022,4,April,92,13,Saturday,Pre_Monsoon,1,0,Weekday,Weekday,0,0,0,0,51,0,0,1,4713,4713,0,13718,13205.55,13730,10080,10811,13718,10322,33.4,2069,75,163,2758,version 5.xlsx,5,No Holiday,0
4/3/2022,2022,4,April,93,13,Sunday,Pre_Monsoon,1,0,Weekday,Weekday,0,0,0,0,53,0,0,1,4912,4801,111,13601,13259.35,13142,10322,11724,13130,9875,33,2803,0,160,2756,version 5.xlsx,5,Ramadan,3
4/4/2022,2022,4,April,94,14,Monday,Pre_Monsoon,1,0,Weekday,Weekday,0,0,0,0,63,0,0,1,4875,4825,50,13712,13214.25,13144,9875,11058,13012,10597,33.4,3242,0,155,2738,version 5.xlsx,5,Ramadan,3
4/5/2022,2022,4,April,95,14,Tuesday,Pre_Monsoon,1,0,Weekday,Weekday,0,0,0,0,3,0,1,0,4947,4902,45,13986,13438,13431,10597,11914,13406,10715,34.2,3400,0,158,2640,version 5.xlsx,5,Ramadan,3
4/6/2022,2022,4,April,96,14,Wednesday,Pre_Monsoon,1,0,Weekday,Weekday,0,0,0,0,51,0,0,1,4897,4865,32,14040,13416,13687,10715,11856,13635,10537,34.1,3624,0,158,2108,version 5.xlsx,5,Ramadan,3
4/7/2022,2022,4,April,97,14,Thursday,Pre_Monsoon,1,0,Weekday,Weekday,0,0,0,0,3,0,1,0,5038,5018,20,14351,13556,14008,10537,12345,14001,10167,35,3882,0,128,1637,version 5.xlsx,5,Ramadan,3
4/8/2022,2022,4,April,98,14,Friday,Pre_Monsoon,1,0,Weekday,Weekday,0,1,0,0,51,0,0,1,4623,4623,0,13442,13011,13442,10167,10673,13442,10153,34.8,3525,0,163,1677,version 5.xlsx,5,Ramadan,3
4/9/2022,2022,4,April,99,14,Saturday,Pre_Monsoon,1,0,Weekday,Weekday,0,0,0,0,63,0,0,1,4973,4973,0,13906,13313,13963,10153,11642,13906,10122,34.2,3445,0,161,1685,version 5.xlsx,5,Ramadan,3
4/10/2022,2022,4,April,100,14,Sunday,Pre_Monsoon,1,0,Weekday,Weekday,0,0,0,0,63,0,0,1,4703,4703,0,12853,12466,12853,10122,11613,12853,9421,33.8,3353,0,161,1748,version 5.xlsx,5,Ramadan,3
4/11/2022,2022,4,April,101,15,Monday,Pre_Monsoon,1,0,Weekday,Weekday,0,0,0,0,61,0,0,1,4922,4922,0,13832,13473,13832,9421,11129,13832,10211,33.8,2110,0,162,1666,version 5.xlsx,5,Ramadan,3
4/12/2022,2022,4,April,102,15,Tuesday,Pre_Monsoon,1,0,Weekday,Weekday,0,0,0,0,51,0,0,1,4982,4982,0,14423,13924,14423,10211,11626,14423,10229,33.7,1465,0,161,2931,version 5.xlsx,5,Ramadan,3
4/13/2022,2022,4,April,103,15,Wednesday,Pre_Monsoon,1,1,Pahela Baishakh Eve,National,1,0,0,0,51,0,0,1,4848,4848,0,14178,13677,14178,10229,11832,14178,10230,34.5,1785,0,161,2839,version 5.xlsx,5,Ramadan,3
4/14/2022,2022,4,April,104,15,Thursday,Pre_Monsoon,1,1,Bengali New Year's Day,National,1,0,0,0,51,0,0,1,4606,4606,0,13465,12808,13465,10192,10842,13465,10279,34.2,1854,0,162,2236,version 5.xlsx,5,Ramadan+pohela baishakh,1
4/15/2022,2022,4,April,105,15,Friday,Pre_Monsoon,1,0,Weekday,Weekday,0,1,0,0,3,0,1,0,4611,4611,0,13860,13427,13860,10279,11031,13860,10790,35.7,1776,0,162,2194,version 5.xlsx,5,Ramadan,3
4/16/2022,2022,4,April,106,15,Saturday,Pre_Monsoon,1,0,Weekday,Weekday,0,0,0,0,63,0,0,1,4921,4921,0,14782,14178,14782,10790,11701,14782,10867,34.5,1919,0,129,2031,version 5.xlsx,5,Ramadan,3
4/17/2022,2022,4,April,107,15,Sunday,Pre_Monsoon,1,0,Weekday,Weekday,0,0,0,0,65,0,0,1,4938,4938,0,14387,13870,14387,10867,12346,14387,11358,34,2005,0,160,1656,version 5.xlsx,5,Ramadan,3
4/18/2022,2022,4,April,108,16,Monday,Pre_Monsoon,1,0,Weekday,Weekday,0,0,0,0,63,0,0,1,5103,5103,0,14470,13991,14509,11358,12320,14470,10567,34.5,2292,0,166,1155,version 5.xlsx,5,Ramadan,3
4/19/2022,2022,4,April,109,16,Tuesday,Pre_Monsoon,1,0,Weekday,Weekday,0,0,0,0,61,0,0,1,5097,5097,0,14419,13826,14455,10567,12322,14419,4262,35.7,2088,0,166,1490,version 5.xlsx,5,Ramadan,3
4/20/2022,2022,4,April,110,16,Wednesday,Pre_Monsoon,1,0,Weekday,Weekday,0,0,0,0,65,0,0,1,3710,3710,0,13046,12554,13476,8612,9731,13046,7077,24.5,1979,0,168,1510,version 5.xlsx,5,Ramadan,3
4/21/2022,2022,4,April,111,16,Thursday,Pre_Monsoon,1,0,Weekday,Weekday,0,0,0,0,61,0,0,1,4498,4498,0,13046,12554,13056,7077,9731,13046,8612,31.9,2769,0,173,1153,version 5.xlsx,5,Ramadan,3
4/22/2022,2022,4,April,112,16,Friday,Pre_Monsoon,1,0,Weekday,Weekday,0,1,0,0,65,0,0,1,4498,4498,0,13046,12554,12096,8612,9263,13046,7281,34.4,2756,0,177,1153,version 5.xlsx,5,Ramadan,3
4/23/2022,2022,4,April,113,16,Saturday,Pre_Monsoon,1,0,Weekday,Weekday,0,0,0,0,61,0,0,1,4821,4821,0,13766,13281,13874,7281,10383,13766,10324,34.2,2966,0,172,1153,version 5.xlsx,5,Ramadan,3
4/24/2022,2022,4,April,114,16,Sunday,Pre_Monsoon,1,0,Weekday,Weekday,0,0,0,0,1,1,0,0,5029,5029,0,13975,13467,14078,10324,11995,13975,10977,36.4,3198,0,173,1155,version 5.xlsx,5,Ramadan,3
4/25/2022,2022,4,April,115,17,Monday,Pre_Monsoon,1,0,Weekday,Weekday,0,0,0,0,3,0,1,0,5058,5058,0,14714,14294,14714,10977,12633,14714,11491,36,3000,0,174,1154,version 5.xlsx,5,Ramadan,3
4/26/2022,2022,4,April,116,17,Tuesday,Pre_Monsoon,1,0,Weekday,Weekday,0,0,0,0,3,0,1,0,5055,5055,0,14716,14206,14716,11491,12895,14716,10409,35.5,3035,0,172,1154,version 5.xlsx,5,Ramadan,3
4/27/2022,2022,4,April,117,17,Wednesday,Pre_Monsoon,1,0,Weekday,Weekday,0,0,0,0,51,0,0,1,5129,5129,0,14635,14236,14635,10409,12323,14635,11088,35.4,3087,0,172,1154,version 5.xlsx,5,Ramadan,3
4/28/2022,2022,4,April,118,17,Thursday,Pre_Monsoon,1,0,Weekday,Weekday,0,0,0,0,51,0,0,1,4867,4867,0,14544,14123,14666,11088,12764,14544,10975,35,3073,0,173,1155,version 5.xlsx,5,Ramadan,3
4/29/2022,2022,4,April,119,17,Friday,Pre_Monsoon,1,1,Jumu'atul-Wida; Laylat al-Qadr,Religious_Islamic,2,1,0,0,61,0,0,1,4541,4541,0,13079,12589,14172,10975,11516,13079,7683,35.6,3070,0,195,1155,version 5.xlsx,5,Ramadan+Sab-E-QADAR,1
4/30/2022,2022,4,April,120,17,Saturday,Pre_Monsoon,1,0,Weekday,Weekday,0,0,0,0,61,0,0,1,3676,3676,0,11464,11271,11464,7683,9186,11464,7413,35,2616,85,195,1153,version 5.xlsx,5,Ramadan,3
5/1/2022,2022,5,May,121,17,Sunday,Pre_Monsoon,1,1,May Day,National,1,0,0,1,65,0,0,1,3515,3515,0,11978,11741,12006,7413,8519,11978,6408,35.6,2232,85,195,1154,version 5.xlsx,5,Ramadan+May Day,2
5/2/2022,2022,5,May,122,18,Monday,Pre_Monsoon,1,0,Weekday,Weekday,0,0,0,1,63,0,0,1,3019,3019,0,10798,10347,10882,6408,7540,10798,6953,33.4,2274,85,195,1153,version 5.xlsx,5,Eid-ul-Fitr,2
5/3/2022,2022,5,May,123,18,Tuesday,Pre_Monsoon,1,1,Eid al-Fitr,Religious_Islamic,2,0,0,1,53,0,0,1,2265,2265,0,10543,10155,10281,6014,7540,10543,5611,29.1,3185,85,195,1153,version 5.xlsx,5,Eid-ul-Fitr,2
5/4/2022,2022,5,May,124,18,Wednesday,Pre_Monsoon,1,1,Eid al-Fitr,Religious_Islamic,2,0,0,1,61,0,0,1,2560,2560,0,9610,9241,9610,5495,6447,9610,6436,31.9,3150,85,195,1153,version 5.xlsx,5,Eid-ul-Fitr,2
5/5/2022,2022,5,May,125,18,Thursday,Pre_Monsoon,1,1,Eid al-Fitr,Religious_Islamic,2,0,0,1,51,0,0,1,2828,2828,0,10543,10155,10543,6436,7943,10543,7393,33.3,2520,85,196,1153,version 5.xlsx,5,No Holiday,0
5/6/2022,2022,5,May,126,18,Friday,Pre_Monsoon,1,0,Weekday,Weekday,0,1,0,1,63,0,0,1,2715,2715,0,10543,10067,10602,7393,7708,10543,8032,33.2,2070,85,196,1345,version 5.xlsx,5,No Holiday,0
5/7/2022,2022,5,May,127,18,Saturday,Pre_Monsoon,1,0,Weekday,Weekday,0,0,0,1,51,0,0,1,3423,3423,0,11937,11453,11947,8032,9541,11937,9139,35.2,1861,85,197,1334,version 5.xlsx,5,No Holiday,0
5/8/2022,2022,5,May,128,18,Sunday,Pre_Monsoon,1,0,Weekday,Weekday,0,0,0,0,51,0,0,1,3857,3857,0,12734,12346,12789,9139,10901,12734,9377,35,2081,85,198,1334,version 5.xlsx,5,No Holiday,0
5/9/2022,2022,5,May,129,19,Monday,Pre_Monsoon,1,0,Weekday,Weekday,0,0,0,0,61,0,0,1,3874,3874,0,11820,11397,12205,9377,10378,11820,8622,30.6,2780,85,200,2040,version 5.xlsx,5,No Holiday,0
5/10/2022,2022,5,May,130,19,Tuesday,Pre_Monsoon,1,0,Weekday,Weekday,0,0,0,0,63,0,0,1,3793,3793,0,11472,11196,11472,8622,9695,11472,8706,31.8,2536,85,200,2039,version 5.xlsx,5,No Holiday,0
5/11/2022,2022,5,May,131,19,Wednesday,Pre_Monsoon,1,0,Weekday,Weekday,0,0,0,0,65,0,0,1,3918,3918,0,11566,11280,11566,8706,10204,11566,8850,31.9,2450,85,200,1633,version 5.xlsx,5,No Holiday,0
5/12/2022,2022,5,May,132,19,Thursday,Pre_Monsoon,1,0,Weekday,Weekday,0,0,0,0,61,0,0,1,4194,4194,0,12736,12226,12736,8850,10744,12736,8519,33.7,2693,85,200,1733,version 5.xlsx,5,No Holiday,0
5/13/2022,2022,5,May,133,19,Friday,Pre_Monsoon,1,0,Weekday,Weekday,0,1,0,0,63,0,0,1,3668,3668,0,10889,10628,11502,8257,8827,10889,8841,33.4,2552,85,200,1733,version 5.xlsx,5,No Holiday,0
5/14/2022,2022,5,May,134,19,Saturday,Pre_Monsoon,1,0,Weekday,Weekday,0,0,0,0,51,0,0,1,4713,4713,0,13297,12925,13297,8841,10184,13297,9536,33.9,2611,85,200,1734,version 5.xlsx,5,No Holiday,0
5/15/2022,2022,5,May,135,19,Sunday,Pre_Monsoon,1,0,Weekday,Weekday,0,0,0,0,51,0,0,1,4736,4736,0,13701,13244,13739,9536,10853,13701,10032,34.8,2462,85,200,1746,version 5.xlsx,5,Baishakhi Purima,1
5/16/2022,2022,5,May,136,20,Monday,Pre_Monsoon,1,0,Weekday,Weekday,0,0,0,0,53,0,0,1,4885,4885,0,13954,13370,13954,10066,11587,13954,8165,35.2,2822,85,230,1345,version 5.xlsx,5,No Holiday,0
5/17/2022,2022,5,May,137,20,Tuesday,Pre_Monsoon,1,0,Weekday,Weekday,0,0,0,0,61,0,0,1,4929,4929,0,13256,12981,13454,8165,11026,13256,10470,35.2,2761,185,200,1345,version 5.xlsx,5,No Holiday,0
5/18/2022,2022,5,May,138,20,Wednesday,Pre_Monsoon,1,0,Weekday,Weekday,0,0,0,0,63,0,0,1,5199,5199,0,13760,13335,13760,10470,11832,13760,10311,35.7,2539,184,200,1757,version 5.xlsx,5,No Holiday,0
5/19/2022,2022,5,May,139,20,Thursday,Pre_Monsoon,1,0,Weekday,Weekday,0,0,0,0,63,0,0,1,4909,4909,0,12907,12552,12907,8165,11857,12907,7503,35.5,2579,184,197,1745,version 5.xlsx,5,No Holiday,0
5/20/2022,2022,5,May,140,20,Friday,Pre_Monsoon,1,0,Weekday,Weekday,0,1,0,0,63,0,0,1,4182,4182,0,11749,11587,12001,7503,10951,11749,4396,32.4,3052,184,200,1333,version 5.xlsx,5,No Holiday,0
5/21/2022,2022,5,May,141,20,Saturday,Pre_Monsoon,1,0,Weekday,Weekday,0,0,0,0,65,0,0,1,4453,4453,0,10998,10894,11367,8751,10951,10998,8751,30.8,3288,184,200,1333,version 5.xlsx,5,No Holiday,0
5/22/2022,2022,5,May,142,20,Sunday,Pre_Monsoon,1,0,Weekday,Weekday,0,0,0,0,63,0,0,1,4759,4759,0,13456,13089,13456,8751,10951,13456,9232,34.5,3403,184,195,1360,version 5.xlsx,5,No Holiday,0
5/23/2022,2022,5,May,143,21,Monday,Pre_Monsoon,1,0,Weekday,Weekday,0,0,0,0,63,0,0,1,4907,4907,0,13810,13356,13810,9232,11466,13810,10276,35.2,3132,184,160,1360,version 5.xlsx,5,No Holiday,0
5/24/2022,2022,5,May,144,21,Tuesday,Pre_Monsoon,1,0,Weekday,Weekday,0,0,0,0,2,0,1,0,4923,4923,0,13923,13337,13923,10276,11993,13923,9931,35,2771,184,160,1475,version 5.xlsx,5,No Holiday,0
5/25/2022,2022,5,May,145,21,Wednesday,Pre_Monsoon,1,0,Weekday,Weekday,0,0,0,0,61,0,0,1,4798,4798,0,13024,12598,13024,9931,11624,13024,9258,32.8,2586,184,155,1700,version 5.xlsx,5,No Holiday,0
5/26/2022,2022,5,May,146,21,Thursday,Pre_Monsoon,1,0,Weekday,Weekday,0,0,0,0,53,0,0,1,4810,4810,0,13361,12998,13361,9258,11753,13361,9050,34.4,3093,184,167,1586,version 5.xlsx,5,No Holiday,0
5/27/2022,2022,5,May,147,21,Friday,Pre_Monsoon,1,0,Weekday,Weekday,0,1,0,0,61,0,0,1,4109,4109,0,11869,11552,12083,9050,10118,11869,9098,35.4,3119,184,167,1586,version 5.xlsx,5,No Holiday,0
5/28/2022,2022,5,May,148,21,Saturday,Pre_Monsoon,1,0,Weekday,Weekday,0,0,0,0,63,0,0,1,4822,4822,0,12348,12012,12348,9098,10702,12348,9409,34,3236,184,162,1581,version 5.xlsx,5,No Holiday,0
5/29/2022,2022,5,May,149,21,Sunday,Pre_Monsoon,1,0,Weekday,Weekday,0,0,0,0,63,0,0,1,4763,4763,0,13303,12820,13303,9409,11023,13303,9847,32.6,2844,184,162,1910,version 5.xlsx,5,No Holiday,0
5/30/2022,2022,5,May,150,22,Monday,Pre_Monsoon,1,0,Weekday,Weekday,0,0,0,0,51,0,0,1,4779,4779,0,13713,13110,13713,9847,11410,13713,10101,31.3,2369,184,162,1910,version 5.xlsx,5,No Holiday,0
5/31/2022,2022,5,May,151,22,Tuesday,Pre_Monsoon,1,0,Weekday,Weekday,0,0,0,0,53,0,0,1,4829,4829,0,13655,13194,13655,10101,11563,13655,10307,34.2,2544,184,162,1910,version 5.xlsx,5,No Holiday,0
6/1/2022,2022,6,June,152,22,Wednesday,Monsoon,2,0,Weekday,Weekday,0,0,0,0,63,0,0,1,4741,4741,0,13797,13278,13797,10307,11886,13797,10247,33.8,2677,184,162,1910,version 5.xlsx,5,No Holiday,0
6/2/2022,2022,6,June,153,22,Thursday,Monsoon,2,0,Weekday,Weekday,0,0,0,0,53,0,0,1,4721,4721,0,13474,12826,13474,10247,11829,13474,9574,33.7,2345,184,162,1910,version 5.xlsx,5,No Holiday,0
6/3/2022,2022,6,June,154,22,Friday,Monsoon,2,0,Weekday,Weekday,0,1,0,0,63,0,0,1,4146,4146,0,12725,12304,12725,9394,9939,12725,9265,33.2,2128,184,162,2006,version 5.xlsx,5,No Holiday,0
6/4/2022,2022,6,June,155,22,Saturday,Monsoon,2,0,Weekday,Weekday,0,0,0,0,51,0,0,1,4554,4554,0,13036,12639,13036,9265,10222,13036,10057,32.8,2157,143,170,2081,version 5.xlsx,5,No Holiday,0
6/5/2022,2022,6,June,156,22,Sunday,Monsoon,2,0,Weekday,Weekday,0,0,0,0,51,0,0,1,4941,4941,0,13833,13357,13833,10057,11791,13833,10636,35.1,2416,99,195,2378,version 5.xlsx,5,No Holiday,0
6/6/2022,2022,6,June,157,23,Monday,Monsoon,2,0,Weekday,Weekday,0,0,0,0,53,0,0,1,5077,5077,0,14004,13431,14004,10636,11848,14004,10664,35.1,2305,99,195,1965,version 5.xlsx,5,No Holiday,0
6/7/2022,2022,6,June,158,23,Tuesday,Monsoon,2,0,Weekday,Weekday,0,0,0,0,61,0,0,1,4837,4837,0,13555,13109,13587,10664,11900,13555,10756,34.7,2734,184,195,1964,version 5.xlsx,5,No Holiday,0
6/8/2022,2022,6,June,159,23,Wednesday,Monsoon,2,0,Weekday,Weekday,0,0,0,0,55,0,0,1,5190,5190,0,13985,13450,14038,10756,12226,13985,10338,35.7,2310,184,195,1963,version 5.xlsx,5,No Holiday,0
6/9/2022,2022,6,June,160,23,Thursday,Monsoon,2,0,Weekday,Weekday,0,0,0,0,61,0,0,1,4394,4394,0,12051,11721,13310,10338,10677,12051,8452,33,2363,184,198,2127,version 5.xlsx,5,No Holiday,0
6/10/2022,2022,6,June,161,23,Friday,Monsoon,2,0,Weekday,Weekday,0,1,0,0,53,0,0,1,4170,4170,0,12700,12290,12766,8452,9684,12700,9800,33,2055,184,198,2126,version 5.xlsx,5,No Holiday,0
6/11/2022,2022,6,June,162,23,Saturday,Monsoon,2,0,Weekday,Weekday,0,0,0,0,61,0,0,1,4773,4773,0,13803,13203,13857,9800,11160,13803,10325,34,2244,184,198,2127,version 5.xlsx,5,No Holiday,0
6/12/2022,2022,6,June,163,23,Sunday,Monsoon,2,0,Weekday,Weekday,0,0,0,0,65,0,0,1,4857,4857,0,13492,12907,13546,10325,11802,13492,10512,34.2,2084,184,198,2462,version 5.xlsx,5,No Holiday,0
6/13/2022,2022,6,June,164,24,Monday,Monsoon,2,0,Weekday,Weekday,0,0,0,0,63,0,0,1,5140,5140,0,12914,12347,13041,10512,11768,12914,10280,34.4,1960,184,198,2693,version 5.xlsx,5,No Holiday,0
6/14/2022,2022,6,June,165,24,Tuesday,Monsoon,2,0,Weekday,Weekday,0,0,0,0,63,0,0,1,4696,4696,0,13200,12535,13200,10280,11633,13200,10479,33.6,1847,184,198,3093,version 5.xlsx,5,No Holiday,0
6/15/2022,2022,6,June,166,24,Wednesday,Monsoon,2,0,Weekday,Weekday,0,0,0,0,65,0,0,1,4769,4769,0,13264,12770,13306,10479,11406,13264,10104,33.3,1427,184,198,2299,version 5.xlsx,5,No Holiday,0
6/16/2022,2022,6,June,167,24,Thursday,Monsoon,2,0,Weekday,Weekday,0,0,0,0,65,0,0,1,4786,4786,0,12989,12508,12989,10104,11489,12989,8284,32.6,1697,184,164,1963,version 5.xlsx,5,No Holiday,0
6/17/2022,2022,6,June,168,24,Friday,Monsoon,2,0,Weekday,Weekday,0,1,0,0,65,0,0,1,4375,4375,0,12133,9302,12316,8231,10591,12133,8424,28.8,1409,184,164,1964,version 5.xlsx,5,No Holiday,0
6/18/2022,2022,6,June,169,24,Saturday,Monsoon,2,0,Weekday,Weekday,0,0,0,0,65,0,0,1,4288,4288,0,11850,11567,11850,8424,9978,11850,9042,32.1,1380,184,131,1976,version 5.xlsx,5,No Holiday,0
6/19/2022,2022,6,June,170,24,Sunday,Monsoon,2,0,Weekday,Weekday,0,0,0,0,65,0,0,1,4375,4375,0,12133,11519,12133,9042,10591,12133,8586,31.6,1269,184,130,1975,version 5.xlsx,5,No Holiday,0
6/20/2022,2022,6,June,171,25,Monday,Monsoon,2,0,Weekday,Weekday,0,0,0,0,63,0,0,1,4410,4410,0,12439,12002,12439,8586,10336,12439,9143,31.1,949,184,126,2004,version 5.xlsx,5,No Holiday,0
6/21/2022,2022,6,June,172,25,Tuesday,Monsoon,2,0,Weekday,Weekday,0,0,0,0,61,0,0,1,4668,4668,0,13023,12449,13023,9143,10785,13023,9506,30.9,826,184,113,2370,version 5.xlsx,5,No Holiday,0
6/22/2022,2022,6,June,173,25,Wednesday,Monsoon,2,0,Weekday,Weekday,0,0,0,0,53,0,0,1,4729,4729,0,13082,12564,13082,9506,11018,13082,9732,32.4,948,184,106,2369,version 5.xlsx,5,No Holiday,0
6/23/2022,2022,6,June,174,25,Thursday,Monsoon,2,0,Weekday,Weekday,0,0,0,0,53,0,0,1,4775,4775,0,13194,12732,13212,9732,11338,13194,9303,33.2,898,184,149,2328,version 5.xlsx,5,No Holiday,0
6/24/2022,2022,6,June,175,25,Friday,Monsoon,2,0,Weekday,Weekday,0,1,0,0,53,0,0,1,4241,4241,0,12570,12164,12804,9272,9942,12570,9902,33.8,733,184,104,2327,version 5.xlsx,5,No Holiday,0
6/25/2022,2022,6,June,176,25,Saturday,Monsoon,2,0,Weekday,Weekday,0,0,0,0,53,0,0,1,4708,4708,0,13319,12873,13319,9902,11756,13319,10295,33.3,673,184,0,2328,version 5.xlsx,5,No Holiday,0
6/26/2022,2022,6,June,177,25,Sunday,Monsoon,2,0,Weekday,Weekday,0,0,0,0,51,0,0,1,4868,4868,0,13696,13220,13696,10295,11933,13696,10574,34.5,1137,184,0,2327,version 5.xlsx,5,No Holiday,0
6/27/2022,2022,6,June,178,26,Monday,Monsoon,2,0,Weekday,Weekday,0,0,0,0,63,0,0,1,4841,4841,0,13523,12951,13573,10574,12067,13523,10607,34.7,1407,184,0,2327,version 5.xlsx,5,No Holiday,0
6/28/2022,2022,6,June,179,26,Tuesday,Monsoon,2,0,Weekday,Weekday,0,0,0,0,63,0,0,1,4794,4794,0,13332,12737,13457,10607,11825,13332,10384,33.3,1664,184,0,2327,version 5.xlsx,5,No Holiday,0
6/29/2022,2022,6,June,180,26,Wednesday,Monsoon,2,0,Weekday,Weekday,0,0,0,0,63,0,0,1,4840,4840,0,13485,12857,13485,10384,11705,13485,10144,32.7,1565,184,0,1962,version 5.xlsx,5,No Holiday,0
6/30/2022,2022,6,June,181,26,Thursday,Monsoon,2,0,Weekday,Weekday,0,0,0,0,63,0,0,1,4656,4656,0,13126,12625,13126,10144,11448,13126,10047,30,1828,184,0,1962,version 5.xlsx,5,No Holiday,0
7/1/2022,2022,7,July,182,26,Friday,Monsoon,2,0,Weekday,Weekday,0,1,0,0,65,0,0,1,4398,4398,0,13119,12643,13203,10047,10833,13119,10359,32.4,1779,184,0,1962,version 5.xlsx,5,No Holiday,0
7/2/2022,2022,7,July,183,26,Saturday,Monsoon,2,0,Weekday,Weekday,0,0,0,0,51,0,0,1,4713,4573,140,13107,12741,13107,10359,11582,13107,11004,34.3,1769,184,0,1962,version 5.xlsx,5,No Holiday,0
7/3/2022,2022,7,July,184,26,Sunday,Monsoon,2,0,Weekday,Weekday,0,0,0,0,63,0,0,1,4787,4387,400,13615,13050,12252,11004,11251,12115,10741,32,3650,184,0,1973,version 5.xlsx,5,No Holiday,0
7/4/2022,2022,7,July,185,27,Monday,Monsoon,2,0,Weekday,Weekday,0,0,0,0,51,0,0,1,4825,4525,300,13636,12948,12242,10741,10831,12236,10737,34.7,3483,184,0,1993,version 5.xlsx,5,No Holiday,0
7/5/2022,2022,7,July,186,27,Tuesday,Monsoon,2,0,Weekday,Weekday,0,0,0,0,53,0,0,1,4891,4791,100,13678,12978,13228,10737,11001,13228,10793,34.6,2845,85,0,1973,version 5.xlsx,5,No Holiday,0
7/6/2022,2022,7,July,187,27,Wednesday,Monsoon,2,0,Weekday,Weekday,0,0,0,0,53,0,0,1,4802,4802,0,13864,13302,13614,10793,11838,13614,11043,31,3128,85,0,1963,version 5.xlsx,5,No Holiday,0
7/7/2022,2022,7,July,188,27,Thursday,Monsoon,2,0,Weekday,Weekday,0,0,0,0,51,0,0,1,4264,4264,0,13619,13031,13619,11043,12231,13619,10034,34.7,2601,85,0,2008,version 5.xlsx,5,No Holiday,0
7/8/2022,2022,7,July,189,27,Friday,Monsoon,2,0,Weekday,Weekday,0,1,0,1,51,0,0,1,3618,3618,0,12785,12164,13071,9692,10139,12785,9066,34,2422,85,0,1973,version 5.xlsx,5,No Holiday,0
7/9/2022,2022,7,July,190,27,Saturday,Monsoon,2,0,Weekday,Weekday,0,0,0,1,53,0,0,1,3126,3126,0,11760,11273,12204,8857,9147,11760,8130,35.6,1879,85,0,1973,version 5.xlsx,5,Eid-ul-Adha,2
7/10/2022,2022,7,July,191,27,Sunday,Monsoon,2,1,Eid al-Adha,Religious_Islamic,2,0,0,1,51,0,0,1,3251,3251,0,12102,11638,12264,7802,8066,12102,9096,35.6,2014,85,0,1973,version 5.xlsx,5,Eid-ul-Adha,2
7/11/2022,2022,7,July,192,28,Monday,Monsoon,2,1,Eid al-Adha,Religious_Islamic,2,0,0,1,55,0,0,1,3091,3091,0,11800,11248,11847,8756,8845,11800,9175,34,2032,85,0,1868,version 5.xlsx,5,Eid-ul-Adha,2
7/12/2022,2022,7,July,193,28,Tuesday,Monsoon,2,1,Eid al-Adha,Religious_Islamic,2,0,0,1,51,0,0,1,3234,3234,0,12181,11731,12319,9101,9713,12181,9446,34,1477,85,0,1858,version 5.xlsx,5,Eid-ul-Adha,2
7/13/2022,2022,7,July,194,28,Wednesday,Monsoon,2,0,Weekday,Weekday,0,0,0,1,51,0,0,1,3408,3408,0,12068,11825,12469,9446,10304,12068,10035,36,1257,85,0,2108,version 5.xlsx,5,No Holiday,0
7/14/2022,2022,7,July,195,28,Thursday,Monsoon,2,0,Weekday,Weekday,0,0,0,1,53,0,0,1,3590,3590,0,12300,12000,12557,9889,10504,12300,10091,36.3,1180,85,0,2108,version 5.xlsx,5,No Holiday,0
7/15/2022,2022,7,July,196,28,Friday,Monsoon,2,0,Weekday,Weekday,0,1,0,0,63,0,0,1,3547,3547,0,12626,12241,12818,9724,10342,12626,10450,35.4,1292,85,0,1858,version 5.xlsx,5,No Holiday,0
7/16/2022,2022,7,July,197,28,Saturday,Monsoon,2,0,Weekday,Weekday,0,0,0,0,51,0,0,1,4136,4136,0,13538,13033,13538,10450,11305,13538,10783,35.2,1575,85,0,1860,version 5.xlsx,5,No Holiday,0
7/17/2022,2022,7,July,198,28,Sunday,Monsoon,2,0,Weekday,Weekday,0,0,0,0,51,0,0,1,4411,4411,0,13765,13143,13765,10783,12104,13765,11150,35.1,1790,85,0,2193,version 5.xlsx,5,No Holiday,0
7/18/2022,2022,7,July,199,29,Monday,Monsoon,2,0,Weekday,Weekday,0,0,0,0,53,0,0,1,4902,4804,98,14006,13674,13281,11150,12258,13221,10633,33.8,3134,85,0,2207,version 5.xlsx,5,No Holiday,0
7/19/2022,2022,7,July,200,29,Tuesday,Monsoon,2,0,Weekday,Weekday,0,0,0,0,61,0,0,1,4801,4038,763,14124,13485,12616,10633,10923,11739,11182,34.4,3409,85,0,2357,version 5.xlsx,5,No Holiday,0
7/20/2022,2022,7,July,201,29,Wednesday,Monsoon,2,0,Weekday,Weekday,0,0,0,0,63,0,0,1,4539,4339,200,13664,13151,12567,11054,11155,12494,10866,31.8,3632,85,0,2022,version 5.xlsx,5,No Holiday,0
7/21/2022,2022,7,July,202,29,Thursday,Monsoon,2,0,Weekday,Weekday,0,0,0,0,53,0,0,1,4642,4262,380,13797,13276,12239,10866,10903,12239,10908,35.5,3728,85,0,1859,version 5.xlsx,5,No Holiday,0
7/22/2022,2022,7,July,203,29,Friday,Monsoon,2,0,Weekday,Weekday,0,1,0,0,53,0,0,1,4186,4114,72,13206,12628,12866,10615,11066,12794,11010,35.6,3402,85,0,1859,version 5.xlsx,5,No Holiday,0
7/23/2022,2022,7,July,204,29,Saturday,Monsoon,2,0,Weekday,Weekday,0,0,0,0,63,0,0,1,4584,4184,400,13914,13328,12134,10662,10740,12131,10428,34.4,3636,85,0,1860,version 5.xlsx,5,No Holiday,0
7/24/2022,2022,7,July,205,29,Sunday,Monsoon,2,0,Weekday,Weekday,0,0,0,0,63,0,0,1,4478,4261,217,12579,11997,11737,10428,10467,11737,10096,29.4,3088,85,0,1859,version 5.xlsx,5,No Holiday,0
7/25/2022,2022,7,July,206,30,Monday,Monsoon,2,0,Weekday,Weekday,0,0,0,0,63,0,0,1,4571,4168,403,13266,12843,11763,10096,10531,11689,10312,33.5,3107,85,0,2224,version 5.xlsx,5,No Holiday,0
7/26/2022,2022,7,July,207,30,Tuesday,Monsoon,2,0,Weekday,Weekday,0,0,0,0,63,0,0,1,4676,4399,276,13421,13006,12042,10312,10464,12042,10386,31.2,4042,85,0,2088,version 5.xlsx,5,No Holiday,0
7/27/2022,2022,7,July,208,30,Wednesday,Monsoon,2,0,Weekday,Weekday,0,0,0,0,51,0,0,1,4805,4660,145,13500,13328,12736,10386,10638,12572,10761,33.7,2817,85,0,2470,version 5.xlsx,5,No Holiday,0
7/28/2022,2022,7,July,209,30,Thursday,Monsoon,2,0,Weekday,Weekday,0,0,0,0,51,0,0,1,4775,4632,143,13500,13129,12792,10599,10806,12784,10521,34.9,2751,85,0,2466,version 5.xlsx,5,No Holiday,0
7/29/2022,2022,7,July,210,30,Friday,Monsoon,2,0,Weekday,Weekday,0,1,0,0,51,0,0,1,4302,4302,0,13500,12718,12992,10519,10605,12961,10748,35,2600,85,0,2475,version 5.xlsx,5,No Holiday,0
7/30/2022,2022,7,July,211,30,Saturday,Monsoon,2,0,Weekday,Weekday,0,0,0,0,63,0,0,1,4701,4434,267,13500,13240,12893,10748,11036,12836,10816,34.6,2580,85,0,2452,version 5.xlsx,5,No Holiday,0
7/31/2022,2022,7,July,212,30,Sunday,Monsoon,2,0,Weekday,Weekday,0,0,0,0,61,0,0,1,4850,4640,210,13800,13335,12628,10641,10641,12620,10381,32.6,2778,85,0,2455,version 5.xlsx,5,No Holiday,0
8/1/2022,2022,8,August,213,31,Monday,Monsoon,2,0,Weekday,Weekday,0,0,0,0,63,0,0,1,4655,4535,120,13800,12652,12755,10364,10429,12755,10520,33.2,2598,85,0,2376,version 5.xlsx,5,No Holiday,0
8/2/2022,2022,8,August,214,31,Tuesday,Monsoon,2,0,Weekday,Weekday,0,0,0,0,63,0,0,1,4581,4191,390,13800,13087,12455,10520,10830,12392,10862,32.1,2555,85,0,2356,version 5.xlsx,5,No Holiday,0
8/3/2022,2022,8,August,215,31,Wednesday,Monsoon,2,0,Weekday,Weekday,0,0,0,0,63,0,0,1,4718,4473,245,13800,13226,12583,10725,10779,12496,10656,34.2,2542,85,0,2351,version 5.xlsx,5,No Holiday,0
8/4/2022,2022,8,August,216,31,Thursday,Monsoon,2,0,Weekday,Weekday,0,0,0,0,55,0,0,1,4455,4210,245,13800,13060,12549,10656,10681,12499,10621,34.8,2773,85,0,2340,version 5.xlsx,5,No Holiday,0
8/5/2022,2022,8,August,217,31,Friday,Monsoon,2,0,Weekday,Weekday,0,1,0,0,61,0,0,1,4406,4336,70,13450,12945,12951,10438,10438,12885,10552,35.4,2393,85,0,2347,version 5.xlsx,5,No Holiday,0
8/6/2022,2022,8,August,218,31,Saturday,Monsoon,2,0,Weekday,Weekday,0,0,0,0,63,0,0,1,4547,4167,380,13800,12991,12170,10552,10629,12132,10290,34,2499,85,0,2352,version 5.xlsx,5,No Holiday,0
8/7/2022,2022,8,August,219,31,Sunday,Monsoon,2,0,Weekday,Weekday,0,0,0,0,53,0,0,1,4992,4822,170,14200,13501,13227,10149,10149,13227,11166,35.4,2653,85,0,2377,version 5.xlsx,5,No Holiday,0
8/8/2022,2022,8,August,220,32,Monday,Monsoon,2,0,Weekday,Weekday,0,0,0,0,61,0,0,1,4788,4565,223,13900,13374,13047,10946,10946,12970,10442,34.5,2659,15,0,2396,version 5.xlsx,5,No Holiday,0
8/9/2022,2022,8,August,221,32,Tuesday,Monsoon,2,1,Ashura,Religious_Islamic,2,0,0,0,55,0,0,1,4504,4395,109,13400,12830,12815,10292,10618,12815,10360,33.6,3026,0,0,2192,version 5.xlsx,5,Ashura,1
8/10/2022,2022,8,August,222,32,Wednesday,Monsoon,2,0,Weekday,Weekday,0,0,0,0,53,0,0,1,4629,4398,231,13700,12941,12397,10270,10291,12397,10280,33.2,3013,0,0,2054,version 5.xlsx,5,No Holiday,0
8/11/2022,2022,8,August,223,32,Thursday,Monsoon,2,0,Weekday,Weekday,0,0,0,0,53,0,0,1,4612,4422,190,13450,12957,12452,10280,10459,12452,9620,33,3177,0,0,2051,version 5.xlsx,5,No Holiday,0
8/12/2022,2022,8,August,224,32,Friday,Monsoon,2,0,Weekday,Weekday,0,1,0,0,51,0,0,1,4252,4222,30,13250,12670,12933,9620,9923,12739,10415,34.5,3109,0,0,1991,version 5.xlsx,5,No Holiday,0
8/13/2022,2022,8,August,225,32,Saturday,Monsoon,2,0,Weekday,Weekday,0,0,0,0,53,0,0,1,4558,4558,0,13200,12846,13000,10378,10554,12811,10268,33.6,2980,0,0,2100,version 5.xlsx,5,No Holiday,0
8/14/2022,2022,8,August,226,32,Sunday,Monsoon,2,0,Weekday,Weekday,0,0,0,0,61,0,0,1,4348,4288,60,12750,12331,12486,10268,10279,12482,9926,31.8,3094,0,0,2094,version 5.xlsx,5,No Holiday,0
8/15/2022,2022,8,August,227,33,Monday,Monsoon,2,1,National Mourning Day,National,1,0,0,0,51,0,0,1,4209,4209,0,13110,12585,13081,9910,10622,13051,10559,32.8,2388,0,0,2098,version 5.xlsx,5,Jatiyo shokh dibosh,1
8/16/2022,2022,8,August,228,33,Tuesday,Monsoon,2,0,Weekday,Weekday,0,0,0,0,53,0,0,1,4847,4847,0,14100,13385,13526,10559,11564,13526,11212,35,3071,0,0,2078,version 5.xlsx,5,No Holiday,0
8/17/2022,2022,8,August,229,33,Wednesday,Monsoon,2,0,Weekday,Weekday,0,0,0,0,51,0,0,1,4798,4798,0,14200,13562,13584,11212,11231,13413,10556,35.4,3056,0,0,2083,version 5.xlsx,5,No Holiday,0
8/18/2022,2022,8,August,230,33,Thursday,Monsoon,2,0,Weekday,Weekday,0,0,0,0,65,0,0,1,4964,4846,118,13450,12885,12982,10556,11356,12946,10433,37.1,3072,0,0,2100,version 5.xlsx,5,Janmo-astami,1
8/19/2022,2022,8,August,231,33,Friday,Monsoon,2,0,Weekday,Weekday,0,1,0,0,53,0,0,1,4319,4319,0,12759,12209,12948,10433,10658,12644,10502,34,2881,0,0,2076,version 5.xlsx,5,No Holiday,0
8/20/2022,2022,8,August,232,33,Saturday,Monsoon,2,0,Weekday,Weekday,0,0,0,0,61,0,0,1,4795,4735,60,13950,13236,13478,10502,10924,13432,10977,34.3,3012,0,0,2089,version 5.xlsx,5,No Holiday,0
8/21/2022,2022,8,August,233,33,Sunday,Monsoon,2,0,Weekday,Weekday,0,0,0,0,51,0,0,1,4834,4764,70,14100,13400,13387,10977,11224,13387,11011,35.3,3019,0,0,2092,version 5.xlsx,5,No Holiday,0
8/22/2022,2022,8,August,234,34,Monday,Monsoon,2,0,Weekday,Weekday,0,0,0,0,55,0,0,1,4912,4782,130,14450,13827,13480,11008,11163,13371,10759,34.5,2924,0,0,2079,version 5.xlsx,5,No Holiday,0
8/23/2022,2022,8,August,235,34,Tuesday,Monsoon,2,0,Weekday,Weekday,0,0,0,0,63,0,0,1,4859,4774,85,14200,13605,13646,10759,11433,13646,10752,33.9,2480,0,0,2073,version 5.xlsx,5,No Holiday,0
8/24/2022,2022,8,August,236,34,Wednesday,Monsoon,2,0,Weekday,Weekday,0,0,0,0,51,0,0,1,4849,4699,150,14100,13556,13472,10753,11401,13472,11115,32.9,2826,0,0,2070,version 5.xlsx,5,No Holiday,0
8/25/2022,2022,8,August,237,34,Thursday,Monsoon,2,0,Weekday,Weekday,0,0,0,0,51,0,0,1,4880,4749,131,14561,13951,13985,11115,11848,13985,11149,33.4,2410,0,0,2073,version 5.xlsx,5,No Holiday,0
8/26/2022,2022,8,August,238,34,Friday,Monsoon,2,0,Weekday,Weekday,0,1,0,0,51,0,0,1,4683,4637,46,14112,13701,13855,11149,11430,13777,11380,35,2344,0,0,2066,version 5.xlsx,5,No Holiday,0
8/27/2022,2022,8,August,239,34,Saturday,Monsoon,2,0,Weekday,Weekday,0,0,0,0,53,0,0,1,4907,4761,146,13915,13436,13466,11367,11759,13461,11101,33.6,2341,0,0,1875,version 5.xlsx,5,No Holiday,0
8/28/2022,2022,8,August,240,34,Sunday,Monsoon,2,0,Weekday,Weekday,0,0,0,0,61,0,0,1,4860,4762,98,14150,13557,13696,11101,11639,13537,11108,32.6,2575,0,0,1875,version 5.xlsx,5,No Holiday,0
8/29/2022,2022,8,August,241,35,Monday,Monsoon,2,0,Weekday,Weekday,0,0,0,0,51,0,0,1,4853,4676,177,14300,13537,13423,11108,11841,13423,11624,35.2,3160,0,0,1883,version 5.xlsx,5,No Holiday,0
8/30/2022,2022,8,August,242,35,Tuesday,Monsoon,2,0,Weekday,Weekday,0,0,0,0,3,0,1,0,4963,4566,397,14700,13962,13422,11624,11717,13338,11567,36.1,2969,0,0,1875,version 5.xlsx,5,No Holiday,0
8/31/2022,2022,8,August,243,35,Wednesday,Monsoon,2,0,Weekday,Weekday,0,0,0,0,3,0,1,0,5013,4686,327,14745,13989,13750,11567,11822,13581,11508,35.6,2866,0,0,1731,version 5.xlsx,5,No Holiday,0
9/1/2022,2022,9,September,244,35,Thursday,Monsoon,2,0,Weekday,Weekday,0,0,0,0,51,0,0,1,5002,4665,337,14695,14027,13732,11508,11914,13712,10835,35.1,3067,0,0,1922,version 5.xlsx,5,No Holiday,0
9/2/2022,2022,9,September,245,35,Friday,Monsoon,2,0,Weekday,Weekday,0,1,0,0,61,0,0,1,4651,4601,50,13492,12982,13262,10825,11272,13262,10129,34.7,2503,0,0,2071,version 5.xlsx,5,No Holiday,0
9/3/2022,2022,9,September,246,35,Saturday,Monsoon,2,0,Weekday,Weekday,0,0,0,0,63,0,0,1,4938,4864,74,13762,13262,13584,10129,11292,13584,10301,33.8,2561,0,0,2041,version 5.xlsx,5,No Holiday,0
9/4/2022,2022,9,September,247,35,Sunday,Monsoon,2,0,Weekday,Weekday,0,0,0,0,65,0,0,1,4731,4640,91,13831,13293,13540,10301,11374,13540,10580,30.6,2532,0,0,2041,version 5.xlsx,5,No Holiday,0
9/5/2022,2022,9,September,248,36,Monday,Monsoon,2,0,Weekday,Weekday,0,0,0,0,63,0,0,1,4711,4711,0,13522,13000,13417,10580,11806,13417,10615,34,2560,0,0,2263,version 5.xlsx,5,No Holiday,0
9/6/2022,2022,9,September,249,36,Tuesday,Monsoon,2,0,Weekday,Weekday,0,0,0,0,55,0,0,1,4705,4555,150,13800,13294,13342,9749,10112,12580,10924,32.5,2696,0,0,2270,version 5.xlsx,5,No Holiday,0
9/7/2022,2022,9,September,250,36,Wednesday,Monsoon,2,0,Weekday,Weekday,0,0,0,0,51,0,0,1,4892,4732,160,14300,13779,13761,10924,11805,13631,11547,35,2455,0,0,2270,version 5.xlsx,5,No Holiday,0
9/8/2022,2022,9,September,251,36,Thursday,Monsoon,2,0,Weekday,Weekday,0,0,0,0,51,0,0,1,4859,4652,207,14370,13816,13608,11547,11999,13287,10481,35.5,2742,0,0,2270,version 5.xlsx,5,No Holiday,0
9/9/2022,2022,9,September,252,36,Friday,Monsoon,2,0,Weekday,Weekday,0,1,0,0,63,0,0,1,4558,4558,0,13141,12602,13278,10481,11629,12912,10634,36.6,2288,0,0,2195,version 5.xlsx,5,No Holiday,0
9/10/2022,2022,9,September,253,36,Saturday,Monsoon,2,0,Weekday,Weekday,0,0,0,0,63,0,0,1,4778,4702,76,13560,13021,13320,10634,11351,13320,10443,34.9,2460,0,0,2399,version 5.xlsx,5,No Holiday,0
9/11/2022,2022,9,September,254,36,Sunday,Monsoon,2,0,Weekday,Weekday,0,0,0,0,63,0,0,1,4619,4619,0,13264,12734,12987,10443,11469,12987,9578,32.5,2723,0,0,2033,version 5.xlsx,5,No Holiday,0
9/12/2022,2022,9,September,255,37,Monday,Monsoon,2,0,Weekday,Weekday,0,0,0,0,63,0,0,1,4335,4305,30,12252,11834,12165,9578,10815,12165,9163,28.8,2559,0,0,2040,version 5.xlsx,5,No Holiday,0
9/13/2022,2022,9,September,256,37,Tuesday,Monsoon,2,0,Weekday,Weekday,0,0,0,0,63,0,0,1,4352,4352,0,11790,11494,11790,9163,9641,11790,8905,26.5,2348,0,0,2055,version 5.xlsx,5,No Holiday,0
9/14/2022,2022,9,September,257,37,Wednesday,Monsoon,2,0,Weekday,Weekday,0,0,0,0,65,0,0,1,4285,4265,20,11975,11588,11915,8905,10133,11915,8864,27.4,2344,0,0,2097,version 5.xlsx,5,No Holiday,0
9/15/2022,2022,9,September,258,37,Thursday,Monsoon,2,0,Weekday,Weekday,0,0,0,0,61,0,0,1,4733,4733,0,12683,12252,12683,8864,10903,12683,9123,32.7,2904,0,0,2032,version 5.xlsx,5,No Holiday,0
9/16/2022,2022,9,September,259,37,Friday,Monsoon,2,0,Weekday,Weekday,0,1,0,0,65,0,0,1,4306,4306,0,12558,12112,12515,9123,10156,12502,9700,31.7,2964,0,0,2033,version 5.xlsx,5,No Holiday,0
9/17/2022,2022,9,September,260,37,Saturday,Monsoon,2,0,Weekday,Weekday,0,0,0,0,65,0,0,1,4777,4737,40,13669,13189,13431,9700,11391,13431,10466,34.6,2893,0,0,2376,version 5.xlsx,5,No Holiday,0
9/18/2022,2022,9,September,261,37,Sunday,Monsoon,2,0,Weekday,Weekday,0,0,0,0,61,0,0,1,4795,4795,0,13960,13399,13498,10466,11732,13498,10447,32,3095,0,0,2374,version 5.xlsx,5,No Holiday,0
9/19/2022,2022,9,September,262,38,Monday,Monsoon,2,0,Weekday,Weekday,0,0,0,0,65,0,0,1,4829,4800,29,13964,13437,13543,10447,11712,13543,10459,34.3,2805,0,0,2739,version 5.xlsx,5,No Holiday,0
9/20/2022,2022,9,September,263,38,Tuesday,Monsoon,2,0,Weekday,Weekday,0,0,0,0,53,0,0,1,4801,4726,75,14031,13519,13575,10459,11336,13575,10377,33,3198,0,0,2194,version 5.xlsx,5,No Holiday,0
9/21/2022,2022,9,September,264,38,Wednesday,Monsoon,2,0,Weekday,Weekday,0,0,0,0,53,0,0,1,4762,4662,100,13832,13349,13430,10377,11629,13421,10903,34.4,3572,0,0,2018,version 5.xlsx,5,No Holiday,0
9/22/2022,2022,9,September,265,38,Thursday,Monsoon,2,0,Weekday,Weekday,0,0,0,0,63,0,0,1,4836,4673,163,14234,13627,13177,10903,11587,13138,10677,34.6,3639,0,0,1994,version 5.xlsx,5,No Holiday,0
9/23/2022,2022,9,September,266,38,Friday,Monsoon,2,0,Weekday,Weekday,0,1,0,0,53,0,0,1,4587,4587,0,13487,13029,13332,10535,10990,13332,10585,34.9,3302,0,0,2024,version 5.xlsx,5,No Holiday,0
9/24/2022,2022,9,September,267,38,Saturday,Monsoon,2,0,Weekday,Weekday,0,0,0,0,3,0,1,0,4673,4531,142,13651,13149,12964,10585,11098,12902,10810,34.2,3376,0,0,2024,version 5.xlsx,5,No Holiday,0
9/25/2022,2022,9,September,268,38,Sunday,Monsoon,2,0,Weekday,Weekday,0,0,0,0,51,0,0,1,4550,4442,108,13649,13148,12916,10810,11208,12911,10614,33.6,3328,0,0,2214,version 5.xlsx,5,No Holiday,0
9/26/2022,2022,9,September,269,39,Monday,Monsoon,2,0,Weekday,Weekday,0,0,0,0,63,0,0,1,4803,4443,360,14200,13568,12934,10614,10982,12929,10614,33.8,3586,0,0,2184,version 5.xlsx,5,No Holiday,0
9/27/2022,2022,9,September,270,39,Tuesday,Monsoon,2,0,Weekday,Weekday,0,0,0,0,63,0,0,1,4927,4718,209,14200,13635,12921,10614,11311,12847,10994,33.3,3524,0,0,1940,version 5.xlsx,5,No Holiday,0
9/28/2022,2022,9,September,271,39,Wednesday,Monsoon,2,0,Weekday,Weekday,0,0,0,0,63,0,0,1,4890,4545,345,14500,13713,12904,10994,11534,12904,10599,32.2,3463,0,0,1929,version 5.xlsx,5,No Holiday,0
9/29/2022,2022,9,September,272,39,Thursday,Monsoon,2,0,Weekday,Weekday,0,0,0,0,61,0,0,1,4835,4643,192,14429,13758,12993,10599,10966,12983,10467,33.3,3110,0,0,1929,version 5.xlsx,5,No Holiday,0
9/30/2022,2022,9,September,273,39,Friday,Monsoon,2,0,Weekday,Weekday,0,1,0,0,3,0,1,0,4663,4570,93,13921,13306,13010,10467,10869,13010,10525,35.6,3364,0,0,1820,version 5.xlsx,5,No Holiday,0
10/1/2022,2022,10,October,274,39,Saturday,Post_Monsoon,3,0,Weekday,Weekday,0,0,0,0,63,0,0,1,4867,4377,490,14300,13513,12773,10525,11274,12773,8531,34.4,3294,0,0,1831,version 5.xlsx,5,Durga Puja,2
10/2/2022,2022,10,October,275,39,Sunday,Post_Monsoon,3,0,Weekday,Weekday,0,0,0,0,63,0,0,1,4504,4256,248,13372,12736,12369,8531,10572,12369,9678,31.5,3965,0,0,1820,version 5.xlsx,5,Durga Puja,2
10/3/2022,2022,10,October,276,40,Monday,Post_Monsoon,3,0,Weekday,Weekday,0,0,0,0,63,0,0,1,4407,4387,20,12683,12156,12087,9678,10146,12087,9533,29.5,3909,0,0,1820,version 5.xlsx,5,Durga Puja,2
10/4/2022,2022,10,October,277,40,Tuesday,Post_Monsoon,3,0,Weekday,Weekday,0,0,0,0,63,0,0,1,4501,4167,2002,13200,12535,10514,9533,10161,11990,9293,29.5,779,0,0,1875,version 5.xlsx,5,Durga Puja,2
10/5/2022,2022,10,October,278,40,Wednesday,Post_Monsoon,3,0,Weekday,Weekday,0,0,0,0,53,0,0,1,4620,3908,712,13282,12694,11790,9279,9390,11790,9738,34,849,0,0,1874,version 5.xlsx,5,Durga Puja,2
10/6/2022,2022,10,October,279,40,Thursday,Post_Monsoon,3,0,Weekday,Weekday,0,0,0,0,61,0,0,1,4596,4167,429,13275,12698,11990,9738,9821,11990,9231,33.7,3521,0,0,1874,version 5.xlsx,5,No Holiday,0
10/7/2022,2022,10,October,280,40,Friday,Post_Monsoon,3,0,Weekday,Weekday,0,1,0,0,3,0,1,0,4331,4124,207,12950,12531,11931,9231,9241,11904,9669,34.3,3617,0,0,1844,version 5.xlsx,5,No Holiday,0
10/8/2022,2022,10,October,281,40,Saturday,Post_Monsoon,3,0,Weekday,Weekday,0,0,0,0,63,0,0,1,4763,4163,600,13872,13250,12289,9561,9737,12289,9522,35.5,4004,0,0,1844,version 5.xlsx,5,No Holiday,0
10/9/2022,2022,10,October,282,40,Sunday,Post_Monsoon,3,1,Prophet's Birthday,Religious_Islamic,2,0,0,0,61,0,0,1,4515,4159,356,13452,12826,12383,9440,9703,12383,9990,34.4,3704,0,0,2023,version 5.xlsx,5,EID-E-MILADUNNOBI,1
10/10/2022,2022,10,October,283,41,Monday,Post_Monsoon,3,0,Weekday,Weekday,0,0,0,0,63,0,0,1,4867,4485,382,13923,13358,12901,9839,10256,12901,9961,32.3,4098,0,0,2512,version 5.xlsx,5,No Holiday,0
10/11/2022,2022,10,October,284,41,Tuesday,Post_Monsoon,3,0,Weekday,Weekday,0,0,0,0,63,0,0,1,4690,4476,214,13003,12490,12388,9961,10233,12388,9719,34.1,3263,0,0,2847,version 5.xlsx,5,No Holiday,0
10/12/2022,2022,10,October,285,41,Wednesday,Post_Monsoon,3,0,Weekday,Weekday,0,0,0,0,61,0,0,1,4530,4386,144,12714,12207,12281,9719,10559,12281,9623,32.1,2920,0,0,2859,version 5.xlsx,5,No Holiday,0
10/13/2022,2022,10,October,286,41,Thursday,Post_Monsoon,3,0,Weekday,Weekday,0,0,0,0,61,0,0,1,4584,4584,0,12856,12414,12747,9623,10656,12747,9364,33.3,2903,0,0,3054,version 5.xlsx,5,No Holiday,0
10/14/2022,2022,10,October,287,41,Friday,Post_Monsoon,3,0,Weekday,Weekday,0,1,0,0,61,0,0,1,4190,4183,7,12596,11986,12391,9364,9778,12363,9697,33.7,2842,0,0,3049,version 5.xlsx,5,No Holiday,0
10/15/2022,2022,10,October,288,41,Saturday,Post_Monsoon,3,0,Weekday,Weekday,0,0,0,0,1,1,0,0,4783,4409,374,13354,12665,12348,9512,10119,12348,9442,33.7,3129,0,0,3049,version 5.xlsx,5,No Holiday,0
10/16/2022,2022,10,October,289,41,Sunday,Post_Monsoon,3,0,Weekday,Weekday,0,0,0,0,1,1,0,0,4682,4338,344,13177,12678,12309,9442,10481,12309,9601,34.1,3186,0,0,3054,version 5.xlsx,5,No Holiday,0
10/17/2022,2022,10,October,290,42,Monday,Post_Monsoon,3,0,Weekday,Weekday,0,0,0,0,2,0,1,0,4779,4411,368,13593,12947,12385,9601,9896,12385,9668,34.3,3048,0,0,3054,version 5.xlsx,5,No Holiday,0
10/18/2022,2022,10,October,291,42,Tuesday,Post_Monsoon,3,0,Weekday,Weekday,0,0,0,0,61,0,0,1,4900,4692,208,13660,13119,12255,9668,10351,12255,9665,33.4,2885,0,0,3049,version 5.xlsx,5,No Holiday,0
10/19/2022,2022,10,October,292,42,Wednesday,Post_Monsoon,3,0,Weekday,Weekday,0,0,0,0,3,0,1,0,4709,4564,145,13019,12528,12314,9393,10144,12314,9346,33.3,2822,0,0,3213,version 5.xlsx,5,No Holiday,0
10/20/2022,2022,10,October,293,42,Thursday,Post_Monsoon,3,0,Weekday,Weekday,0,0,0,0,51,0,0,1,4687,4357,330,13150,12583,12286,9346,10122,12286,9072,34.4,2914,0,0,3318,version 5.xlsx,5,No Holiday,0
10/21/2022,2022,10,October,294,42,Friday,Post_Monsoon,3,0,Weekday,Weekday,0,1,0,0,0,1,0,0,4463,4453,10,12500,12075,12276,9072,9451,12276,9319,34.4,2804,0,0,3214,version 5.xlsx,5,No Holiday,0
10/22/2022,2022,10,October,295,42,Saturday,Post_Monsoon,3,0,Weekday,Weekday,0,0,0,0,3,0,1,0,4666,4506,160,12952,12373,12318,9281,9750,12318,9259,34.8,2917,0,0,3192,version 5.xlsx,5,No Holiday,0
10/23/2022,2022,10,October,296,42,Sunday,Post_Monsoon,3,0,Weekday,Weekday,0,0,0,0,61,0,0,1,4746,4578,168,13060,12476,11939,8928,9817,11939,8027,30.3,3203,0,0,3241,version 5.xlsx,5,No Holiday,0
10/24/2022,2022,10,October,297,43,Monday,Post_Monsoon,3,1,Puja Extended Holiday,Religious_Hindu,3,0,0,0,65,0,0,1,4143,4143,0,10800,10419,9759,8027,8146,10800,2828,23.3,806,0,0,2295,version 5.xlsx,5,No Holiday,0
10/25/2022,2022,10,October,298,43,Tuesday,Post_Monsoon,3,0,Weekday,Weekday,0,0,0,0,63,0,0,1,3596,3596,0,9032,8848,9032,7595,9263,9032,6593,27.3,3109,0,0,2788,version 5.xlsx,5,No Holiday,0
10/26/2022,2022,10,October,299,43,Wednesday,Post_Monsoon,3,0,Weekday,Weekday,0,0,0,0,3,0,1,0,4143,4143,0,10800,10419,10833,6593,9263,10800,7595,32.1,3252,0,0,2492,version 5.xlsx,5,No Holiday,0
10/27/2022,2022,10,October,300,43,Thursday,Post_Monsoon,3,0,Weekday,Weekday,0,0,0,0,51,0,0,1,4245,4245,0,11028,10633,11028,7595,9524,11028,7289,30.8,4015,0,0,2489,version 5.xlsx,5,No Holiday,0
10/28/2022,2022,10,October,301,43,Friday,Post_Monsoon,3,0,Weekday,Weekday,0,1,0,0,0,1,0,0,3434,3434,0,10071,9283,10071,7289,8594,10071,7120,31.7,3880,0,0,2679,version 5.xlsx,5,No Holiday,0
10/29/2022,2022,10,October,302,43,Saturday,Post_Monsoon,3,0,Weekday,Weekday,0,0,0,0,1,1,0,0,4148,4148,0,11060,10649,11060,7120,9040,11060,7713,31.4,3738,0,0,3008,version 5.xlsx,5,No Holiday,0
10/30/2022,2022,10,October,303,43,Sunday,Post_Monsoon,3,0,Weekday,Weekday,0,0,0,0,0,1,0,0,4103,4038,65,11300,10860,11230,7713,9865,11230,8172,32.5,4021,0,0,2903,version 5.xlsx,5,No Holiday,0
10/31/2022,2022,10,October,304,44,Monday,Post_Monsoon,3,0,Weekday,Weekday,0,0,0,0,1,1,0,0,4337,4168,169,11815,11327,11431,8172,9836,11431,8587,32.8,3977,0,0,3102,version 5.xlsx,5,No Holiday,0
11/1/2022,2022,11,November,305,44,Tuesday,Post_Monsoon,3,0,Weekday,Weekday,0,0,0,0,0,1,0,0,4619,4517,102,12350,11866,11710,8587,9755,11710,8712,33.3,3836,0,0,2919,version 5.xlsx,5,No Holiday,0
11/2/2022,2022,11,November,306,44,Wednesday,Post_Monsoon,3,0,Weekday,Weekday,0,0,0,0,0,1,0,0,4528,4528,0,12160,11715,11816,8712,9829,11816,8666,33.2,3485,0,0,3000,version 5.xlsx,5,No Holiday,0
11/3/2022,2022,11,November,307,44,Thursday,Post_Monsoon,3,0,Weekday,Weekday,0,0,0,0,3,0,1,0,4305,4305,0,11389,10937,11389,8666,9802,11389,7698,30.2,3554,0,0,2844,version 5.xlsx,5,No Holiday,0
11/4/2022,2022,11,November,308,44,Friday,Post_Monsoon,3,0,Weekday,Weekday,0,1,0,0,0,1,0,0,3866,3866,0,10312,10017,10312,7698,8891,10312,7474,31.4,3530,0,0,2949,version 5.xlsx,5,No Holiday,0
11/5/2022,2022,11,November,309,44,Saturday,Post_Monsoon,3,0,Weekday,Weekday,0,0,0,0,1,1,0,0,4272,4272,0,11297,10815,11297,7474,8994,11297,8214,31.7,3519,0,0,2753,version 5.xlsx,5,No Holiday,0
11/6/2022,2022,11,November,310,44,Sunday,Post_Monsoon,3,0,Weekday,Weekday,0,0,0,0,51,0,0,1,4262,4242,20,11233,10821,11166,8214,10385,11166,8017,32.4,4230,0,0,2274,version 5.xlsx,5,No Holiday,0
11/7/2022,2022,11,November,311,45,Monday,Post_Monsoon,3,0,Weekday,Weekday,0,0,0,0,1,1,0,0,4249,4249,0,11227,10886,11227,8017,9550,11227,7802,32.1,4466,0,0,2053,version 5.xlsx,5,No Holiday,0
11/8/2022,2022,11,November,312,45,Tuesday,Post_Monsoon,3,0,Weekday,Weekday,0,0,0,0,1,1,0,0,4176,4176,0,11169,10638,11169,7802,9794,11169,7795,31.7,4247,0,0,2031,version 5.xlsx,5,No Holiday,0
11/9/2022,2022,11,November,313,45,Wednesday,Post_Monsoon,3,0,Weekday,Weekday,0,0,0,0,3,0,1,0,4139,4139,0,11069,10608,11069,7795,9343,11069,7720,31.5,4355,0,0,2041,version 5.xlsx,5,No Holiday,0
11/10/2022,2022,11,November,314,45,Thursday,Post_Monsoon,3,0,Weekday,Weekday,0,0,0,0,1,1,0,0,4221,4221,0,10950,10504,10951,7720,9955,10950,7469,32.3,4306,0,0,2035,version 5.xlsx,5,No Holiday,0
11/11/2022,2022,11,November,315,45,Friday,Post_Monsoon,3,0,Weekday,Weekday,0,1,0,0,3,0,1,0,3603,3603,0,9673,9572,9673,7469,8523,9673,7074,31.5,4236,0,0,2079,version 5.xlsx,5,No Holiday,0
11/12/2022,2022,11,November,316,45,Saturday,Post_Monsoon,3,0,Weekday,Weekday,0,0,0,0,3,0,1,0,4095,4095,0,10514,10141,10514,7074,8930,10514,7286,30.7,4011,0,0,2470,version 5.xlsx,5,No Holiday,0
11/13/2022,2022,11,November,317,45,Sunday,Post_Monsoon,3,0,Weekday,Weekday,0,0,0,0,0,1,0,0,3959,3959,0,10373,10183,10373,7286,9009,10373,6923,30.4,3652,0,0,2405,version 5.xlsx,5,No Holiday,0
11/14/2022,2022,11,November,318,46,Monday,Post_Monsoon,3,0,Weekday,Weekday,0,0,0,0,0,1,0,0,4004,4004,0,10531,10256,10531,6923,9073,10531,7019,30.3,3437,85,0,2405,version 5.xlsx,5,No Holiday,0
11/15/2022,2022,11,November,319,46,Tuesday,Post_Monsoon,3,0,Weekday,Weekday,0,0,0,0,0,1,0,0,4123,4123,0,10610,10412,10610,7019,9306,10610,7153,30.4,3615,85,0,2765,version 5.xlsx,5,No Holiday,0
11/16/2022,2022,11,November,320,46,Wednesday,Post_Monsoon,3,0,Weekday,Weekday,0,0,0,0,0,1,0,0,4013,4013,0,10559,10233,10559,7153,9141,10559,7056,30.7,3402,85,0,2765,version 5.xlsx,5,No Holiday,0
11/17/2022,2022,11,November,321,46,Thursday,Post_Monsoon,3,0,Weekday,Weekday,0,0,0,0,0,1,0,0,4131,4131,0,10671,10337,10671,7056,9295,10671,6877,30.7,3265,85,0,2766,version 5.xlsx,5,No Holiday,0
11/18/2022,2022,11,November,322,46,Friday,Post_Monsoon,3,0,Weekday,Weekday,0,1,0,0,2,0,1,0,3385,3385,0,9115,8751,9115,6877,8157,9115,6293,29.6,3021,85,0,2811,version 5.xlsx,5,No Holiday,0
11/19/2022,2022,11,November,323,46,Saturday,Post_Monsoon,3,0,Weekday,Weekday,0,0,0,0,3,0,1,0,3874,3874,0,10131,9878,10131,6293,8315,10131,6770,30.5,3142,85,184,2816,version 5.xlsx,5,No Holiday,0
11/20/2022,2022,11,November,324,46,Sunday,Post_Monsoon,3,0,Weekday,Weekday,0,0,0,0,3,0,1,0,3990,3990,0,10549,10201,10549,6770,9012,10549,7024,32.2,3337,85,184,2798,version 5.xlsx,5,No Holiday,0
11/21/2022,2022,11,November,325,47,Monday,Post_Monsoon,3,0,Weekday,Weekday,0,0,0,0,3,0,1,0,3986,3986,0,10526,10280,10526,7024,9135,10526,6884,30.5,3412,85,184,2793,version 5.xlsx,5,No Holiday,0
11/22/2022,2022,11,November,326,47,Tuesday,Post_Monsoon,3,0,Weekday,Weekday,0,0,0,0,3,0,1,0,3964,3964,0,10512,10171,10512,6884,9024,10512,6735,28.9,3277,85,184,3107,version 5.xlsx,5,No Holiday,0
11/23/2022,2022,11,November,327,47,Wednesday,Post_Monsoon,3,0,Weekday,Weekday,0,0,0,0,3,0,1,0,3884,3872,12,10245,9996,10156,6735,8684,10156,6604,29.5,3223,85,184,3259,version 5.xlsx,5,No Holiday,0
11/24/2022,2022,11,November,328,47,Thursday,Post_Monsoon,3,0,Weekday,Weekday,0,0,0,0,3,0,1,0,3953,3953,0,10107,9738,10107,6604,9081,10107,6674,30.2,3253,199,154,3259,version 5.xlsx,5,No Holiday,0
11/25/2022,2022,11,November,329,47,Friday,Post_Monsoon,3,0,Weekday,Weekday,0,1,0,0,3,0,1,0,3341,3341,0,9187,8952,9187,6674,8214,9187,6286,31.2,3396,200,154,3059,version 5.xlsx,5,No Holiday,0
11/26/2022,2022,11,November,330,47,Saturday,Post_Monsoon,3,0,Weekday,Weekday,0,0,0,0,0,1,0,0,3933,3933,0,10259,9993,10259,6286,8155,10259,6639,31.1,3176,199,154,3059,version 5.xlsx,5,No Holiday,0
11/27/2022,2022,11,November,331,47,Sunday,Post_Monsoon,3,0,Weekday,Weekday,0,0,0,0,0,1,0,0,3722,3722,0,10076,9586,10076,6639,8916,10076,6771,30.5,3201,198,184,2841,version 5.xlsx,5,No Holiday,0
11/28/2022,2022,11,November,332,48,Monday,Post_Monsoon,3,0,Weekday,Weekday,0,0,0,0,0,1,0,0,3781,3672,109,10284,9721,10070,6771,8456,10070,7048,30.6,3331,199,184,2867,version 5.xlsx,5,No Holiday,0
11/29/2022,2022,11,November,333,48,Tuesday,Post_Monsoon,3,0,Weekday,Weekday,0,0,0,0,3,0,1,0,3788,3788,0,10254,9744,10254,7048,8535,10254,7167,29.8,3351,199,184,2521,version 5.xlsx,5,No Holiday,0
11/30/2022,2022,11,November,334,48,Wednesday,Post_Monsoon,3,0,Weekday,Weekday,0,0,0,0,3,0,1,0,3790,3728,62,10390,9866,10296,7167,8691,10296,7382,31.7,3256,199,184,2500,version 5.xlsx,5,No Holiday,0
12/1/2022,2022,12,December,335,48,Thursday,Winter,0,0,Weekday,Weekday,0,0,0,0,0,1,0,0,3864,3752,112,10550,10110,10346,7382,9246,10346,6923,30.4,3234,199,184,2491,version 5.xlsx,5,No Holiday,0
12/2/2022,2022,12,December,336,48,Friday,Winter,0,0,Weekday,Weekday,0,1,0,0,0,1,0,0,3276,3276,0,8976,8842,8976,6923,8089,8976,6288,29.6,3113,199,184,2609,version 5.xlsx,5,No Holiday,0
12/3/2022,2022,12,December,337,48,Saturday,Winter,0,0,Weekday,Weekday,0,0,0,0,0,1,0,0,3686,3686,0,10096,9708,10055,6288,8152,10055,6493,29.3,3016,199,195,2436,version 5.xlsx,5,No Holiday,0
12/4/2022,2022,12,December,338,48,Sunday,Winter,0,0,Weekday,Weekday,0,0,0,0,0,1,0,0,3675,3675,0,9888,9657,9888,6493,8449,9888,6604,29.2,2837,199,184,2435,version 5.xlsx,5,No Holiday,0
12/5/2022,2022,12,December,339,49,Monday,Winter,0,0,Weekday,Weekday,0,0,0,0,0,1,0,0,3652,3652,0,9905,9615,9905,6604,8784,9905,6667,29.6,2950,199,184,2437,version 5.xlsx,5,No Holiday,0
12/6/2022,2022,12,December,340,49,Tuesday,Winter,0,0,Weekday,Weekday,0,0,0,0,0,1,0,0,3683,3683,0,9981,9656,9981,6667,8555,9981,6536,29.3,3011,199,184,2415,version 5.xlsx,5,No Holiday,0
12/7/2022,2022,12,December,341,49,Wednesday,Winter,0,0,Weekday,Weekday,0,0,0,0,3,0,1,0,3690,3690,0,10076,9708,10076,6536,8634,10076,6500,28.2,2469,199,184,3182,version 5.xlsx,5,No Holiday,0
12/8/2022,2022,12,December,342,49,Thursday,Winter,0,0,Weekday,Weekday,0,0,0,0,3,0,1,0,3655,3655,0,10035,9647,10035,6500,8746,10035,6402,29,2294,199,184,3154,version 5.xlsx,5,No Holiday,0
12/9/2022,2022,12,December,343,49,Friday,Winter,0,0,Weekday,Weekday,0,1,0,0,3,0,1,0,2977,2977,0,8874,8442,8874,6402,7716,8874,6021,29,2201,199,184,2842,version 5.xlsx,5,No Holiday,0
12/10/2022,2022,12,December,344,49,Saturday,Winter,0,0,Weekday,Weekday,0,0,0,0,3,0,1,0,3457,3457,0,9822,9362,9822,6021,7995,9822,6264,28.9,2330,199,184,2848,version 5.xlsx,5,No Holiday,0
12/11/2022,2022,12,December,345,49,Sunday,Winter,0,0,Weekday,Weekday,0,0,0,0,3,0,1,0,3493,3493,0,9653,9389,9653,6264,8665,9653,6286,29.5,3249,199,184,2843,version 5.xlsx,5,No Holiday,0
12/12/2022,2022,12,December,346,50,Monday,Winter,0,0,Weekday,Weekday,0,0,0,0,0,1,0,0,3503,3503,0,9747,9506,9747,6286,8459,9747,6336,27.6,3036,199,184,2954,version 5.xlsx,5,No Holiday,0
12/13/2022,2022,12,December,347,50,Tuesday,Winter,0,0,Weekday,Weekday,0,0,0,0,0,1,0,0,3542,3542,0,9740,9397,9740,6336,8656,9740,6338,27.9,2790,199,184,3075,version 5.xlsx,5,No Holiday,0
12/14/2022,2022,12,December,348,50,Wednesday,Winter,0,0,Weekday,Weekday,0,0,0,0,0,1,0,0,3580,3580,0,9994,9486,9994,6338,8677,9994,6285,27.8,3041,199,184,3072,version 5.xlsx,5,No Holiday,0
12/15/2022,2022,12,December,349,50,Thursday,Winter,0,0,Weekday,Weekday,0,0,0,0,0,1,0,0,3515,3515,0,9741,9410,9741,6285,8591,9741,6158,26.1,3038,199,184,3083,version 5.xlsx,5,No Holiday,0
12/16/2022,2022,12,December,350,50,Friday,Winter,0,1,Victory Day,National,1,1,0,0,2,0,1,0,3315,3315,0,8108,7634,8108,6158,7172,8108,5506,25.4,3002,199,184,3262,version 5.xlsx,5,Victory Day,1
12/17/2022,2022,12,December,351,50,Saturday,Winter,0,0,Weekday,Weekday,0,0,0,0,1,1,0,0,3246,3246,0,9329,8937,9329,5506,7560,9329,5929,27,3014,199,184,3099,version 5.xlsx,5,No Holiday,0
12/18/2022,2022,12,December,352,50,Sunday,Winter,0,0,Weekday,Weekday,0,0,0,0,3,0,1,0,3315,3315,0,9577,9082,9577,5929,8247,9577,6098,27,3048,199,184,2948,version 5.xlsx,5,No Holiday,0
12/19/2022,2022,12,December,353,51,Monday,Winter,0,0,Weekday,Weekday,0,0,0,0,3,0,1,0,3377,3377,0,9589,9128,9589,6098,8135,9589,6244,27.7,2860,200,184,2948,version 5.xlsx,5,No Holiday,0
12/20/2022,2022,12,December,354,51,Tuesday,Winter,0,0,Weekday,Weekday,0,0,0,0,3,0,1,0,3411,3411,0,9633,9223,9633,6244,8366,9633,6286,27,2867,359,184,2948,version 5.xlsx,5,No Holiday,0
12/21/2022,2022,12,December,355,51,Wednesday,Winter,0,0,Weekday,Weekday,0,0,0,0,2,0,1,0,3535,3535,0,9768,9486,9771,6286,8380,9768,6347,27.6,2940,199,184,3359,version 5.xlsx,5,No Holiday,0
12/22/2022,2022,12,December,356,51,Thursday,Winter,0,0,Weekday,Weekday,0,0,0,0,2,0,1,0,3527,3527,0,9764,9394,9764,6347,8513,9764,6203,27,3049,199,184,3138,version 5.xlsx,5,No Holiday,0
12/23/2022,2022,12,December,357,51,Friday,Winter,0,0,Weekday,Weekday,0,1,0,0,1,1,0,0,2785,2785,0,8619,8175,8619,6203,7748,8619,5766,27,3048,199,200,3149,version 5.xlsx,5,No Holiday,0
12/24/2022,2022,12,December,358,51,Saturday,Winter,0,0,Weekday,Weekday,0,0,0,0,0,1,0,0,3253,3253,0,9382,8986,9382,5766,7531,9382,6121,27.3,3090,199,200,3137,version 5.xlsx,5,No Holiday,0
12/25/2022,2022,12,December,359,51,Sunday,Winter,0,1,Christmas Day,Religious_Christian,4,0,0,0,1,1,0,0,3294,3294,0,9459,9049,9459,6121,8348,9459,6243,28,3245,200,200,3138,version 5.xlsx,5,Christmas,1
12/26/2022,2022,12,December,360,52,Monday,Winter,0,0,Weekday,Weekday,0,0,0,0,53,0,0,1,3470,3470,0,9664,9330,9664,6243,8717,9664,5809,28.9,2896,200,200,3148,version 5.xlsx,5,No Holiday,0
12/27/2022,2022,12,December,361,52,Tuesday,Winter,0,0,Weekday,Weekday,0,0,0,0,63,0,0,1,3601,3601,0,9835,9539,9835,5809,8503,9835,6214,24.7,2609,200,184,3075,version 5.xlsx,5,No Holiday,0
12/28/2022,2022,12,December,362,52,Wednesday,Winter,0,0,Weekday,Weekday,0,0,0,0,51,0,0,1,3534,3534,0,9684,9474,9684,6214,8567,9684,6154,24.5,2416,199,184,3021,version 5.xlsx,5,No Holiday,0
12/29/2022,2022,12,December,363,52,Thursday,Winter,0,0,Weekday,Weekday,0,0,0,0,3,0,1,0,3480,3480,0,9633,9240,9633,6154,8714,9633,6199,24.2,2343,199,184,3075,version 5.xlsx,5,No Holiday,0
12/30/2022,2022,12,December,364,52,Friday,Winter,0,0,Weekday,Weekday,0,1,0,0,3,0,1,0,2853,2853,0,8671,8314,8671,6199,7880,8671,5746,22.2,2265,199,200,3075,version 5.xlsx,5,No Holiday,0
12/31/2022,2022,12,December,365,52,Saturday,Winter,0,0,Weekday,Weekday,0,0,0,0,3,0,1,0,3301,3301,0,9581,9134,9581,5746,7763,9581,5988,22.6,2455,199,184,3800,version 5.xlsx,5,No Holiday,0
1/1/2023,2023,1,January,1,52,Sunday,Winter,0,0,Weekday,Weekday,0,0,0,0,1,1,0,0,3119,3119,0,9239,8874,9239,5988,8127,9239,5954,24.4,2522,199,207,3816,version 5.xlsx,5,No Holiday,0
1/2/2023,2023,1,January,2,1,Monday,Winter,0,0,Weekday,Weekday,0,0,0,0,0,1,0,0,3354,3354,0,9425,9036,9425,5954,8126,9425,6081,26,2528,199,184,3259,version 5.xlsx,5,No Holiday,0
1/3/2023,2023,1,January,3,1,Tuesday,Winter,0,0,Weekday,Weekday,0,0,0,0,0,1,0,0,3397,3397,0,9706,9334,9706,6081,8371,9706,6129,29.6,2538,199,200,3259,version 5.xlsx,5,No Holiday,0
1/4/2023,2023,1,January,4,1,Wednesday,Winter,0,0,Weekday,Weekday,0,0,0,0,0,1,0,0,3491,3491,0,9797,9420,9797,6129,8640,9797,6104,17,2391,199,200,3739,version 5.xlsx,5,No Holiday,0
1/5/2023,2023,1,January,5,1,Thursday,Winter,0,0,Weekday,Weekday,0,0,0,0,0,1,0,0,3430,3430,0,9839,9398,9839,6104,8652,9839,6092,20.2,2816,199,200,3739,version 5.xlsx,5,No Holiday,0
1/6/2023,2023,1,January,6,1,Friday,Winter,0,0,Weekday,Weekday,0,1,0,0,0,1,0,0,2880,2880,0,8810,8486,8810,6092,7986,8810,5671,18.8,2607,199,200,3434,version 5.xlsx,5,No Holiday,0
1/7/2023,2023,1,January,7,1,Saturday,Winter,0,0,Weekday,Weekday,0,0,0,0,0,1,0,0,3349,3349,0,9795,9270,9795,5671,7958,9795,6079,15.4,2612,199,200,3449,version 5.xlsx,5,No Holiday,0
1/8/2023,2023,1,January,8,1,Sunday,Winter,0,0,Weekday,Weekday,0,0,0,0,0,1,0,0,3325,3191,134,9861,9338,9340,6079,8582,9340,6187,21.2,2761,199,200,3798,version 5.xlsx,5,No Holiday,0
1/9/2023,2023,1,January,9,2,Monday,Winter,0,0,Weekday,Weekday,0,0,0,0,0,1,0,0,3352,2951,401,9972,9445,8939,6187,7776,8939,6338,28.5,2736,199,200,3635,version 5.xlsx,5,No Holiday,0
1/10/2023,2023,1,January,10,2,Tuesday,Winter,0,0,Weekday,Weekday,0,0,0,0,0,1,0,0,3342,3342,0,9800,9430,9606,6338,8152,9606,6489,28.2,3009,109,200,3559,version 5.xlsx,5,No Holiday,0
1/11/2023,2023,1,January,11,2,Wednesday,Winter,0,0,Weekday,Weekday,0,0,0,0,0,1,0,0,3338,3338,0,9767,9374,9767,6489,8503,9767,6318,26,3037,109,200,3180,version 5.xlsx,5,No Holiday,0
1/12/2023,2023,1,January,12,2,Thursday,Winter,0,0,Weekday,Weekday,0,0,0,0,0,1,0,0,3262,3142,120,9808,9307,9375,6318,8733,9375,6467,23.4,3430,109,200,3164,version 5.xlsx,5,No Holiday,0
1/13/2023,2023,1,January,13,2,Friday,Winter,0,0,Weekday,Weekday,0,1,0,0,3,0,1,0,2849,2849,0,8929,8508,8929,6467,8148,8929,6078,23.4,3521,39,200,2960,version 5.xlsx,5,No Holiday,0
1/14/2023,2023,1,January,14,2,Saturday,Winter,0,0,Weekday,Weekday,0,0,0,0,51,0,0,1,3296,3243,53,9700,9197,9446,6078,8153,9446,6452,25.6,4085,28,200,2794,version 5.xlsx,5,No Holiday,0
1/15/2023,2023,1,January,15,2,Sunday,Winter,0,0,Weekday,Weekday,0,0,0,0,3,0,1,0,3073,3073,0,9660,9230,9122,6452,8501,9122,6445,27.1,3871,28,200,3241,version 5.xlsx,5,No Holiday,0
1/16/2023,2023,1,January,16,3,Monday,Winter,0,0,Weekday,Weekday,0,0,0,0,1,1,0,0,3322,3008,314,9970,9393,9017,6445,7973,8937,6615,24,3847,26,200,3229,version 5.xlsx,5,No Holiday,0
1/17/2023,2023,1,January,17,3,Tuesday,Winter,0,0,Weekday,Weekday,0,0,0,0,1,1,0,0,3343,3241,102,10094,9604,9472,6615,7983,9472,6590,23.8,3913,26,200,2934,version 5.xlsx,5,No Holiday,0
1/18/2023,2023,1,January,18,3,Wednesday,Winter,0,0,Weekday,Weekday,0,0,0,0,3,0,1,0,3376,3295,81,10094,9617,9460,6590,8263,9460,6695,23.4,3600,27,200,3022,version 5.xlsx,5,No Holiday,0
1/19/2023,2023,1,January,19,3,Thursday,Winter,0,0,Weekday,Weekday,0,0,0,0,0,1,0,0,3440,3399,41,10000,9569,9554,6695,8415,9554,6521,24,3639,27,200,3013,version 5.xlsx,5,No Holiday,0
1/20/2023,2023,1,January,20,3,Friday,Winter,0,0,Weekday,Weekday,0,1,0,0,0,1,0,0,2892,2892,0,9239,8784,9186,6521,8171,9186,6207,25.1,3468,28,200,3011,version 5.xlsx,5,No Holiday,0
1/21/2023,2023,1,January,21,3,Saturday,Winter,0,0,Weekday,Weekday,0,0,0,0,0,1,0,0,3232,3232,0,9801,9418,9768,6207,8385,9768,6595,26.1,3532,24,200,3001,version 5.xlsx,5,No Holiday,0
1/22/2023,2023,1,January,22,3,Sunday,Winter,0,0,Weekday,Weekday,0,0,0,0,0,1,0,0,3295,3295,0,10000,9527,9673,6595,8728,9673,6606,27.8,3502,25,200,2926,version 5.xlsx,5,No Holiday,0
1/24/2023,2023,1,January,24,4,Tuesday,Winter,0,0,Weekday,Weekday,0,0,0,0,3,0,1,0,3446,3416,30,10293,9812,10098,6929,8675,10098,6996,28.7,3500,26,200,2926,version 5.xlsx,5,No Holiday,0
1/25/2023,2023,1,January,25,4,Wednesday,Winter,0,0,Weekday,Weekday,0,0,0,0,3,0,1,0,3552,3447,105,10336,9796,10048,6996,9231,10048,7101,28.5,3701,32,200,2926,version 5.xlsx,5,No Holiday,0
1/26/2023,2023,1,January,26,4,Thursday,Winter,0,0,Weekday,Weekday,0,0,0,0,3,0,1,0,3665,3643,22,10485,9976,10308,7101,8821,10308,7006,28.5,3728,29,200,2926,version 5.xlsx,5,No Holiday,0
1/27/2023,2023,1,January,27,4,Friday,Winter,0,0,Weekday,Weekday,0,1,0,0,0,1,0,0,3097,3097,0,9405,9007,9356,7006,8508,9356,6711,28.6,3489,28,200,3143,version 5.xlsx,5,No Holiday,0
1/28/2023,2023,1,January,28,4,Saturday,Winter,0,0,Weekday,Weekday,0,0,0,0,0,1,0,0,3508,3508,0,10209,9772,10111,6711,8603,10111,6898,28.6,3421,29,200,3186,version 5.xlsx,5,No Holiday,0
1/29/2023,2023,1,January,29,4,Sunday,Winter,0,0,Weekday,Weekday,0,0,0,0,2,0,1,0,3633,3633,0,10455,10023,10300,6898,9332,10300,6777,26.3,3530,28,200,3228,version 5.xlsx,5,No Holiday,0
1/30/2023,2023,1,January,30,5,Monday,Winter,0,0,Weekday,Weekday,0,0,0,0,3,0,1,0,3645,3645,0,10496,10024,10330,6777,9051,10330,6945,29.3,3488,30,200,3215,version 5.xlsx,5,No Holiday,0
1/31/2023,2023,1,January,31,5,Tuesday,Winter,0,0,Weekday,Weekday,0,0,0,0,3,0,1,0,3648,3618,30,10350,9820,10187,6945,9296,10187,7246,29.6,3703,29,200,3100,version 5.xlsx,5,No Holiday,0
2/1/2023,2023,2,February,32,5,Wednesday,Winter,0,0,Weekday,Weekday,0,0,0,0,3,0,1,0,3619,3563,56,10581,10072,10342,7246,9139,10342,6972,25.7,3673,30,200,3105,version 5.xlsx,5,No Holiday,0
2/2/2023,2023,2,February,33,5,Thursday,Winter,0,0,Weekday,Weekday,0,0,0,0,3,0,1,0,3608,3608,0,10569,10052,10365,6972,9402,10365,6817,25.5,3634,28,200,3100,version 5.xlsx,5,No Holiday,0
2/3/2023,2023,2,February,34,5,Friday,Winter,0,0,Weekday,Weekday,0,1,0,0,3,0,1,0,2988,2988,0,9390,9065,9323,6817,8735,9323,6484,27.1,3599,27,200,3200,version 5.xlsx,5,No Holiday,0
2/4/2023,2023,2,February,35,5,Saturday,Winter,0,0,Weekday,Weekday,0,0,0,0,3,0,1,0,3524,3524,0,10452,9935,10264,6484,9132,10264,6823,26.5,3595,27,200,3156,version 5.xlsx,5,No Holiday,0
2/5/2023,2023,2,February,36,5,Sunday,Winter,0,0,Weekday,Weekday,0,0,0,0,2,0,1,0,3636,3636,0,10465,9954,10294,6823,9343,10294,6731,27,3616,28,200,3150,version 5.xlsx,5,No Holiday,0
2/6/2023,2023,2,February,37,6,Monday,Winter,0,0,Weekday,Weekday,0,0,0,0,3,0,1,0,3491,3491,0,10286,9800,10170,6731,9220,10170,6796,27.2,3678,109,200,3013,version 5.xlsx,5,No Holiday,0
2/7/2023,2023,2,February,38,6,Tuesday,Winter,0,0,Weekday,Weekday,0,0,0,0,1,1,0,0,3493,3493,0,10349,9835,10311,6796,8798,10311,7030,28.3,3504,109,200,2914,version 5.xlsx,5,No Holiday,0
2/8/2023,2023,2,February,39,6,Wednesday,Winter,0,0,Weekday,Weekday,0,0,0,0,51,0,0,1,3627,3617,10,10496,10022,10436,7030,9258,10436,7150,28.7,3609,109,200,2845,version 5.xlsx,5,No Holiday,0
2/9/2023,2023,2,February,40,6,Thursday,Winter,0,0,Weekday,Weekday,0,0,0,0,51,0,0,1,3662,3632,30,10533,10114,10386,7150,9255,10386,7128,28.5,3801,109,200,2961,version 5.xlsx,5,No Holiday,0
2/10/2023,2023,2,February,41,6,Friday,Winter,0,0,Weekday,Weekday,0,1,0,0,0,1,0,0,3073,3073,0,9722,9197,9703,7128,8729,9703,6670,29.5,3479,159,200,3684,version 5.xlsx,5,No Holiday,0
2/11/2023,2023,2,February,42,6,Saturday,Winter,0,0,Weekday,Weekday,0,0,0,0,0,1,0,0,3532,3532,0,10376,9843,10349,6670,8527,10349,7227,30.5,3613,159,200,3324,version 5.xlsx,5,No Holiday,0
2/12/2023,2023,2,February,43,6,Sunday,Winter,0,0,Weekday,Weekday,0,0,0,0,3,0,1,0,3639,3579,60,10600,10085,10355,7227,8780,10355,7371,30,4222,109,200,2841,version 5.xlsx,5,No Holiday,0
2/13/2023,2023,2,February,44,7,Monday,Winter,0,0,Weekday,Weekday,0,0,0,0,0,1,0,0,3586,3586,0,10432,10019,10383,7371,8953,10383,7071,28,3912,108,170,2719,version 5.xlsx,5,No Holiday,0
2/14/2023,2023,2,February,45,7,Tuesday,Winter,0,0,Weekday,Weekday,0,0,0,0,0,1,0,0,3599,3599,0,10574,10174,10499,7071,9257,10499,7097,27.5,3861,109,230,2831,version 5.xlsx,5,No Holiday,0
2/15/2023,2023,2,February,46,7,Wednesday,Winter,0,0,Weekday,Weekday,0,0,0,0,0,1,0,0,3756,3756,0,10838,10319,10328,7097,9168,10328,7185,27.2,4123,109,170,2738,version 5.xlsx,5,No Holiday,0
2/16/2023,2023,2,February,47,7,Thursday,Winter,0,0,Weekday,Weekday,0,0,0,0,0,1,0,0,3614,3614,0,10538,10118,10495,7185,9432,10495,7182,28.2,3678,109,170,2831,version 5.xlsx,5,No Holiday,0
2/17/2023,2023,2,February,48,7,Friday,Winter,0,0,Weekday,Weekday,0,1,0,0,0,1,0,0,3131,3131,0,9670,9348,9646,7182,8927,9646,6729,29.4,3628,159,200,2726,version 5.xlsx,5,No Holiday,0
2/18/2023,2023,2,February,49,7,Saturday,Winter,0,0,Weekday,Weekday,0,0,0,0,51,0,0,1,3655,3655,0,10586,10121,10586,6729,9326,10586,7280,30.1,3518,159,200,2288,version 5.xlsx,5,No Holiday,0
2/19/2023,2023,2,February,50,7,Sunday,Winter,0,0,Weekday,Weekday,0,0,0,0,51,0,0,1,3871,3871,0,10898,10544,10817,7280,9792,10817,7375,29.5,3457,109,170,2511,version 5.xlsx,5,No Holiday,0
2/20/2023,2023,2,February,51,8,Monday,Winter,0,0,Weekday,Weekday,0,0,0,0,0,1,0,0,3788,3788,0,10862,10298,10801,7375,9413,10801,7630,29.5,3801,109,170,2477,version 5.xlsx,5,No Holiday,0
2/21/2023,2023,2,February,52,8,Tuesday,Winter,0,1,Martyrs' Day and International Mother Language Day,National,1,0,0,0,51,0,0,1,3208,3208,0,10067,9721,10067,7630,8806,10067,7163,29.9,4068,109,170,2500,version 5.xlsx,5,International mother language day,1
2/22/2023,2023,2,February,53,8,Wednesday,Winter,0,0,Weekday,Weekday,0,0,0,0,3,0,1,0,4101,4101,0,11200,10841,11090,7163,9316,11090,7887,31,3076,159,200,2434,version 5.xlsx,5,No Holiday,0
2/23/2023,2023,2,February,54,8,Thursday,Winter,0,0,Weekday,Weekday,0,0,0,0,3,0,1,0,4011,4011,0,11395,10923,11395,7887,10259,11395,8141,33.3,2400,109,170,2850,version 5.xlsx,5,No Holiday,0
2/24/2023,2023,2,February,55,8,Friday,Winter,0,0,Weekday,Weekday,0,1,0,0,51,0,0,1,3672,3672,0,10679,10276,10679,8141,9513,10679,7644,32.4,2694,159,200,3738,version 5.xlsx,5,No Holiday,0
2/25/2023,2023,2,February,56,8,Saturday,Winter,0,0,Weekday,Weekday,0,0,0,0,3,0,1,0,4023,4023,0,11551,11066,11470,7644,9843,11470,7892,32,2888,159,200,3627,version 5.xlsx,5,No Holiday,0
2/26/2023,2023,2,February,57,8,Sunday,Winter,0,0,Weekday,Weekday,0,0,0,0,0,1,0,0,3977,3977,0,11233,10729,11233,7892,9878,11233,7905,32.6,2664,109,200,3117,version 5.xlsx,5,No Holiday,0
2/27/2023,2023,2,February,58,9,Monday,Winter,0,0,Weekday,Weekday,0,0,0,0,1,1,0,0,4213,4213,0,11795,11285,11708,7905,10493,11708,8381,32.8,2400,109,200,2624,version 5.xlsx,5,No Holiday,0
2/28/2023,2023,2,February,59,9,Tuesday,Winter,0,0,Weekday,Weekday,0,0,0,0,0,1,0,0,4168,4168,0,11562,11176,11540,8381,10457,11540,8092,32.6,2268,109,200,2212,version 5.xlsx,5,No Holiday,0
3/1/2023,2023,3,March,60,9,Wednesday,Pre_Monsoon,1,0,Weekday,Weekday,0,0,0,0,0,1,0,0,4249,4249,0,11892,11498,11822,8092,10772,11822,8170,32.7,2191,109,200,2211,version 5.xlsx,5,No Holiday,0
3/2/2023,2023,3,March,61,9,Thursday,Pre_Monsoon,1,0,Weekday,Weekday,0,0,0,0,0,1,0,0,4293,4293,0,11865,11515,11818,8170,10639,11818,8203,34.1,2400,109,200,2211,version 5.xlsx,5,No Holiday,0
3/3/2023,2023,3,March,62,9,Friday,Pre_Monsoon,1,0,Weekday,Weekday,0,1,0,0,0,1,0,0,3674,3674,0,10693,10603,10693,8203,9824,10693,7915,34.2,2659,159,200,2297,version 5.xlsx,5,No Holiday,0
3/4/2023,2023,3,March,63,9,Saturday,Pre_Monsoon,1,0,Weekday,Weekday,0,0,0,0,0,1,0,0,4269,4269,0,12065,11703,11872,7915,10249,11872,8502,33.7,1990,158,200,2236,version 5.xlsx,5,No Holiday,0
3/5/2023,2023,3,March,64,9,Sunday,Pre_Monsoon,1,0,Weekday,Weekday,0,0,0,0,0,1,0,0,4381,4352,29,12308,11869,12052,8502,11096,12052,8777,34,2425,109,200,2223,version 5.xlsx,5,No Holiday,0
3/6/2023,2023,3,March,65,10,Monday,Pre_Monsoon,1,0,Weekday,Weekday,0,0,0,0,0,1,0,0,4552,4552,0,12521,12063,12465,8777,10869,12465,8854,32.7,2450,109,200,2594,version 5.xlsx,5,No Holiday,0
3/7/2023,2023,3,March,66,10,Tuesday,Pre_Monsoon,1,0,Weekday,Weekday,0,0,0,0,3,0,1,0,3868,3868,0,11568,11148,11553,8854,11350,11503,7839,34.4,2095,109,205,3154,version 5.xlsx,5,No Holiday,0
3/8/2023,2023,3,March,67,10,Wednesday,Pre_Monsoon,1,1,Mid-Sha'ban,Religious_Islamic,2,0,0,0,3,0,1,0,3524,3524,0,11040,10472,11020,7839,9421,11020,8274,32.7,1794,158,205,2546,version 5.xlsx,5,Sab-E-Barat,1
3/9/2023,2023,3,March,68,10,Thursday,Pre_Monsoon,1,0,Weekday,Weekday,0,0,0,0,3,0,1,0,4375,4375,0,12264,11928,12096,8274,10842,12096,8757,33.5,1681,159,205,2266,version 5.xlsx,5,No Holiday,0
3/10/2023,2023,3,March,69,10,Friday,Pre_Monsoon,1,0,Weekday,Weekday,0,1,0,0,3,0,1,0,3788,3788,0,10978,10801,10945,8757,9948,10945,8379,31.6,2211,159,205,2211,version 5.xlsx,5,No Holiday,0
3/11/2023,2023,3,March,70,10,Saturday,Pre_Monsoon,1,0,Weekday,Weekday,0,0,0,0,51,0,0,1,4353,4353,0,12221,11847,12172,8379,10238,12172,8688,33.7,2231,159,205,1997,version 5.xlsx,5,No Holiday,0
3/12/2023,2023,3,March,71,10,Sunday,Pre_Monsoon,1,0,Weekday,Weekday,0,0,0,0,1,1,0,0,4618,4618,0,12829,12459,12748,8688,11332,12748,9159,34.9,2161,159,205,2139,version 5.xlsx,5,No Holiday,0
3/13/2023,2023,3,March,72,11,Monday,Pre_Monsoon,1,0,Weekday,Weekday,0,0,0,0,1,1,0,0,4580,4570,10,13046,12606,12921,9159,11475,12921,9283,34.8,2142,149,205,2140,version 5.xlsx,5,No Holiday,0
3/15/2023,2023,3,March,74,11,Wednesday,Pre_Monsoon,1,0,Weekday,Weekday,0,0,0,0,61,0,0,1,4633,4633,0,12920,12433,12920,9283,11515,12920,9322,34.3,2263,159,205,2109,version 5.xlsx,5,No Holiday,0
3/16/2023,2023,3,March,75,11,Thursday,Pre_Monsoon,1,0,Weekday,Weekday,0,0,0,0,63,0,0,1,4710,4710,0,12926,12503,12891,9006,11295,12891,7806,31.4,2263,159,205,2095,version 5.xlsx,5,No Holiday,0
3/17/2023,2023,3,March,76,11,Friday,Pre_Monsoon,1,1,Sheikh Mujibur Rahman's Birthday,National,1,1,0,0,55,0,0,1,3564,3564,0,10220,9731,10220,7806,9637,10220,8023,28.5,2507,159,205,2095,version 5.xlsx,5,Father of nation's Birth,1
3/18/2023,2023,3,March,77,11,Saturday,Pre_Monsoon,1,0,Weekday,Weekday,0,0,0,0,3,0,1,0,4371,4360,11,10324,9953,12345,8023,9999,12345,7911,32.5,1894,159,205,2096,version 5.xlsx,5,No Holiday,0
3/19/2023,2023,3,March,78,11,Sunday,Pre_Monsoon,1,0,Weekday,Weekday,0,0,0,0,61,0,0,1,3433,3433,0,9675,9230,9848,7822,8684,9675,6507,24.7,2033,189,230,2097,version 5.xlsx,5,No Holiday,0
3/20/2023,2023,3,March,79,12,Monday,Pre_Monsoon,1,0,Weekday,Weekday,0,0,0,0,65,0,0,1,4053,4053,0,10324,9953,10324,6507,9336,10324,6793,28.2,2000,189,230,2097,version 5.xlsx,5,No Holiday,0
3/21/2023,2023,3,March,80,12,Tuesday,Pre_Monsoon,1,0,Weekday,Weekday,0,0,0,0,61,0,0,1,4020,4020,0,10376,9977,10376,6793,9259,10376,7464,30,2061,189,230,2328,version 5.xlsx,5,No Holiday,0
3/22/2023,2023,3,March,81,12,Wednesday,Pre_Monsoon,1,0,Weekday,Weekday,0,0,0,0,63,0,0,1,4282,4282,0,11259,10850,11259,7464,9758,11259,7985,31.3,2005,189,205,2096,version 5.xlsx,5,No Holiday,0
3/23/2023,2023,3,March,82,12,Thursday,Pre_Monsoon,1,0,Weekday,Weekday,0,0,0,0,51,0,0,1,4291,4291,0,11742,11308,11742,7985,10194,11742,7613,32.6,2015,199,205,2096,version 5.xlsx,5,Ramadan,3
3/24/2023,2023,3,March,83,12,Friday,Pre_Monsoon,1,0,Weekday,Weekday,0,1,0,0,51,0,0,1,3687,3687,0,10892,10476,10892,7613,9543,10892,7813,32.7,1906,190,205,2099,version 5.xlsx,5,Ramadan,3
3/25/2023,2023,3,March,84,12,Saturday,Pre_Monsoon,1,0,Weekday,Weekday,0,0,0,0,55,0,0,1,3873,3873,0,11194,10839,11201,7813,10555,11194,7896,32.4,1977,189,205,2099,version 5.xlsx,5,Ramadan,3
3/26/2023,2023,3,March,85,12,Sunday,Pre_Monsoon,1,1,Independence Day,National,1,0,0,0,61,0,0,1,3675,3675,0,10776,10247,10782,7896,9974,10776,7755,33.6,2021,189,205,2102,version 5.xlsx,5,Ramadan+Independence Day,1
3/27/2023,2023,3,March,86,13,Monday,Pre_Monsoon,1,0,Weekday,Weekday,0,0,0,0,63,0,0,1,4156,4156,0,12118,11620,12072,7755,10788,12072,8951,32.5,2086,199,205,2099,version 5.xlsx,5,Ramadan,3
3/28/2023,2023,3,March,87,13,Tuesday,Pre_Monsoon,1,0,Weekday,Weekday,0,0,0,0,51,0,0,1,4338,4338,0,12678,12220,12575,8951,11375,12575,8622,34.4,2242,109,205,2099,version 5.xlsx,5,Ramadan,3
3/29/2023,2023,3,March,88,13,Wednesday,Pre_Monsoon,1,0,Weekday,Weekday,0,0,0,0,55,0,0,1,3952,3952,0,11153,10794,11153,8622,10302,11153,8357,29.7,2437,189,230,2099,version 5.xlsx,5,Ramadan,3
3/30/2023,2023,3,March,89,13,Thursday,Pre_Monsoon,1,0,Weekday,Weekday,0,0,0,0,65,0,0,1,4171,4171,0,12155,11714,12128,8357,11163,12128,6307,32.5,2574,189,205,2099,version 5.xlsx,5,Ramadan,3
3/31/2023,2023,3,March,90,13,Friday,Pre_Monsoon,1,0,Weekday,Weekday,0,1,0,0,63,0,0,1,3685,3685,0,10794,10391,10798,8001,9176,10794,5602,31.6,2155,189,205,2110,version 5.xlsx,5,Ramadan,3
4/2/2023,2023,4,April,92,13,Sunday,Pre_Monsoon,1,0,Weekday,Weekday,0,0,0,0,53,0,0,1,4076,4076,0,11412,10923,11412,7408,10102,11412,8001,32,2175,189,205,2099,version 5.xlsx,5,Ramadan,3
4/3/2023,2023,4,April,93,14,Monday,Pre_Monsoon,1,0,Weekday,Weekday,0,0,0,0,51,0,0,1,4312,4312,0,12363,11765,12363,8001,10525,12363,8871,32,2841,189,205,1735,version 5.xlsx,5,Ramadan,3
4/4/2023,2023,4,April,94,14,Tuesday,Pre_Monsoon,1,0,Weekday,Weekday,0,0,0,0,51,0,0,1,4614,4614,0,13378,12890,13362,8871,11485,13362,9961,33.4,2820,139,205,1734,version 5.xlsx,5,Ramadan,3
4/5/2023,2023,4,April,95,14,Wednesday,Pre_Monsoon,1,0,Weekday,Weekday,0,0,0,0,61,0,0,1,4741,4741,0,13291,12818,13253,9961,11833,13253,9998,34.7,2744,139,205,1735,version 5.xlsx,5,Ramadan,3
4/6/2023,2023,4,April,96,14,Thursday,Pre_Monsoon,1,0,Weekday,Weekday,0,0,0,0,3,0,1,0,4614,4614,0,13283,12693,13265,9998,12314,13265,9482,35.8,2721,189,205,1736,version 5.xlsx,5,Ramadan,3
4/7/2023,2023,4,April,97,14,Friday,Pre_Monsoon,1,0,Weekday,Weekday,0,1,0,0,3,0,1,0,4259,4259,0,12860,12389,12837,9482,11282,12813,9298,36.5,2659,189,205,1740,version 5.xlsx,5,Ramadan,3
4/8/2023,2023,4,April,98,14,Saturday,Pre_Monsoon,1,0,Weekday,Weekday,0,0,0,0,3,0,1,0,4746,4746,0,13951,13375,13871,9298,11695,13871,10069,37.4,2105,109,205,2135,version 5.xlsx,5,Ramadan,3
4/9/2023,2023,4,April,99,14,Sunday,Pre_Monsoon,1,0,Weekday,Weekday,0,0,0,0,3,0,1,0,4879,4879,0,14323,13764,14176,10069,12331,14176,10517,37.7,2356,119,205,2138,version 5.xlsx,5,Ramadan,3
4/10/2023,2023,4,April,100,15,Monday,Pre_Monsoon,1,0,Weekday,Weekday,0,0,0,0,2,0,1,0,4905,4905,0,14598,14075,14380,10517,12718,14380,10889,37.5,2407,129,205,2139,version 5.xlsx,5,Ramadan,3
4/11/2023,2023,4,April,101,15,Tuesday,Pre_Monsoon,1,0,Weekday,Weekday,0,0,0,0,2,0,1,0,4994,4994,0,14896,14365,14800,10889,12948,14800,10887,38.5,2314,159,205,2264,version 5.xlsx,5,Ramadan,3
4/12/2023,2023,4,April,102,15,Wednesday,Pre_Monsoon,1,0,Weekday,Weekday,0,0,0,0,0,1,0,0,5144,5102,42,15154,14624,14932,10887,13242,14932,10941,38.9,2011,119,205,2262,version 5.xlsx,5,Ramadan,3
4/13/2023,2023,4,April,103,15,Thursday,Pre_Monsoon,1,1,Pahela Baishakh Eve,National,1,0,0,0,0,1,0,0,5281,5281,0,15636,14863,15304,10941,13188,15304,11036,39.5,2047,109,205,2273,version 5.xlsx,5,Ramadan,3
4/14/2023,2023,4,April,104,15,Friday,Pre_Monsoon,1,1,Bengali New Year's Day,National,1,1,0,0,3,0,1,0,4809,4809,0,15031,14460,14830,11036,12440,14830,11475,40.2,1907,99,205,3252,version 5.xlsx,5,Ramadan+pohela baishakh,1
4/15/2023,2023,4,April,105,15,Saturday,Pre_Monsoon,1,0,Weekday,Weekday,0,0,0,0,3,0,1,0,5220,5160,60,15000,14239,14104,11475,12715,13969,12010,40.4,1658,109,205,3465,version 5.xlsx,5,Ramadan,3
4/16/2023,2023,4,April,106,15,Sunday,Pre_Monsoon,1,0,Weekday,Weekday,0,0,0,0,3,0,1,0,5382,5372,10,16000,15273,14845,12010,13053,14599,11818,40.6,1609,95,205,3241,version 5.xlsx,5,Ramadan,3
4/17/2023,2023,4,April,107,16,Monday,Pre_Monsoon,1,0,Weekday,Weekday,0,0,0,0,63,0,0,1,5312,5237,75,16221,15499,15604,11702,13392,15604,11656,38.1,1428,109,205,3245,version 5.xlsx,5,Ramadan,3
4/18/2023,2023,4,April,108,16,Tuesday,Pre_Monsoon,1,0,Weekday,Weekday,0,0,0,0,65,0,0,1,5266,5266,0,16131,15385,15626,11656,13307,15626,12354,37.1,1229,159,205,3472,version 5.xlsx,5,Ramadan,3
4/19/2023,2023,4,April,109,16,Wednesday,Pre_Monsoon,1,1,Laylat al-Qadr,Religious_Islamic,2,0,0,0,3,0,1,0,5107,5107,0,16096,15370,15648,12354,13415,15648,11566,37.6,1214,46,160,2858,version 5.xlsx,5,Ramadan+Sab-E-QADAR,2
4/20/2023,2023,4,April,110,16,Thursday,Pre_Monsoon,1,0,Weekday,Weekday,0,0,0,1,65,0,0,1,4310,4310,0,14558,13960,14457,11566,12898,14457,10000,37.3,1433,72,205,2499,version 5.xlsx,5,Eid-ul-Fitr,2
4/21/2023,2023,4,April,111,16,Friday,Pre_Monsoon,1,1,Jumu'atul-Wida,Religious_Islamic,2,1,0,1,65,0,0,1,3011,3011,0,9781,9415,12807,10000,10948,9781,8382,36,1303,45,205,2168,version 5.xlsx,5,Eid-ul-Fitr,2
4/22/2023,2023,4,April,112,16,Saturday,Pre_Monsoon,1,1,Eid al-Fitr,Religious_Islamic,2,0,0,1,65,0,0,1,3011,3011,0,11606,11150,11764,8056,9040,11584,8501,36.2,1016,68,230,2105,version 5.xlsx,5,Eid-ul-Fitr,2
4/23/2023,2023,4,April,113,16,Sunday,Pre_Monsoon,1,1,Eid al-Fitr,Religious_Islamic,2,0,0,1,51,0,0,1,2433,2433,0,9442,9005,11014,7252,8226,9442,7059,30.3,1445,114,230,2281,version 5.xlsx,5,Eid-ul-Fitr,2
4/24/2023,2023,4,April,114,17,Monday,Pre_Monsoon,1,1,Eid al-Fitr,Religious_Islamic,2,0,0,1,3,0,1,0,2662,2662,0,10231,9725,10231,7059,9061,10231,7813,35.1,999,113,205,2114,version 5.xlsx,5,No Holiday,0
4/25/2023,2023,4,April,115,17,Tuesday,Pre_Monsoon,1,0,Weekday,Weekday,0,0,0,1,3,0,1,0,3041,3041,0,11857,11279,11836,7813,9719,11836,9128,35.2,650,10,205,2933,version 5.xlsx,5,No Holiday,0
4/26/2023,2023,4,April,116,17,Wednesday,Pre_Monsoon,1,0,Weekday,Weekday,0,0,0,1,3,0,1,0,3460,3460,0,12155,11541,12194,9128,10655,12155,9512,37.5,521,10,205,2820,version 5.xlsx,5,No Holiday,0
4/27/2023,2023,4,April,117,17,Thursday,Pre_Monsoon,1,0,Weekday,Weekday,0,0,0,0,51,0,0,1,3058,3058,0,11857,11279,11551,9512,11335,11836,7561,37.3,747,11,205,2962,version 5.xlsx,5,No Holiday,0
4/28/2023,2023,4,April,118,17,Friday,Pre_Monsoon,1,0,Weekday,Weekday,0,1,0,0,53,0,0,1,3594,3594,0,12100,11555,12006,7561,9539,12006,9111,34.8,562,9,205,2773,version 5.xlsx,5,No Holiday,0
4/29/2023,2023,4,April,119,17,Saturday,Pre_Monsoon,1,0,Weekday,Weekday,0,0,0,0,51,0,0,1,3058,3058,0,9235,8917,11670,9111,11099,9235,8596,36.6,738,10,205,2823,version 5.xlsx,5,No Holiday,0
4/30/2023,2023,4,April,120,17,Sunday,Pre_Monsoon,1,0,Weekday,Weekday,0,0,0,0,51,0,0,1,4281,4281,0,11801,11282,12171,8596,11349,11712,8365,35.5,1135,10,205,2803,version 5.xlsx,5,No Holiday,0
5/1/2023,2023,5,May,121,18,Monday,Pre_Monsoon,1,1,May Day,National,1,0,0,0,61,0,0,1,3605,3605,0,11274,10860,11274,8365,9578,11274,9212,34.1,1082,10,205,2785,version 5.xlsx,5,May Day,1
5/2/2023,2023,5,May,122,18,Tuesday,Pre_Monsoon,1,0,Weekday,Weekday,0,0,0,0,3,0,1,0,4414,4389,25,13542,12976,13336,9212,11833,13336,10618,35.7,1443,10,205,2731,version 5.xlsx,5,No Holiday,0
5/3/2023,2023,5,May,123,18,Wednesday,Pre_Monsoon,1,0,Weekday,Weekday,0,0,0,0,55,0,0,1,4265,4265,0,12413,11904,12898,10618,12598,12366,9762,34.8,1544,10,205,2732,version 5.xlsx,5,No Holiday,0
5/4/2023,2023,5,May,124,18,Thursday,Pre_Monsoon,1,0,Weekday,Weekday,0,0,0,0,65,0,0,1,4579,4579,0,12411,11981,12411,9762,11374,12411,9352,32.5,1642,10,205,2740,version 5.xlsx,5,Buddho Purnima,1
5/5/2023,2023,5,May,125,18,Friday,Pre_Monsoon,1,0,Weekday,Weekday,0,1,0,0,61,0,0,1,4301,4301,0,12938,12498,12938,9352,10675,12938,10043,35,1456,10,205,2739,version 5.xlsx,5,No Holiday,0
5/6/2023,2023,5,May,126,18,Saturday,Pre_Monsoon,1,0,Weekday,Weekday,0,0,0,0,51,0,0,1,4834,4819,15,14163,13556,14097,10043,12047,14097,10825,37,1561,12,205,2750,version 5.xlsx,5,No Holiday,0
5/7/2023,2023,5,May,127,18,Sunday,Pre_Monsoon,1,0,Weekday,Weekday,0,0,0,0,1,1,0,0,5055,5055,0,14802,14091,14331,10825,12796,14331,11358,37.7,1550,10,205,2750,version 5.xlsx,5,No Holiday,0
5/9/2023,2023,5,May,129,19,Tuesday,Pre_Monsoon,1,0,Weekday,Weekday,0,0,0,0,2,0,1,0,5232,5060,172,15300,14672,13908,11741,12970,13752,11392,39.8,1376,10,203,2751,version 5.xlsx,5,No Holiday,0
5/10/2023,2023,5,May,130,19,Wednesday,Pre_Monsoon,1,0,Weekday,Weekday,0,0,0,0,63,0,0,1,5064,5041,23,14500,13805,14035,11392,13382,14035,11368,39,1237,11,205,2849,version 5.xlsx,5,No Holiday,0
5/11/2023,2023,5,May,131,19,Thursday,Pre_Monsoon,1,0,Weekday,Weekday,0,0,0,0,2,0,1,0,5136,5076,60,14300,13607,13501,11368,12836,13501,10860,38.4,1192,10,205,2716,version 5.xlsx,5,No Holiday,0
5/12/2023,2023,5,May,132,19,Friday,Pre_Monsoon,1,0,Weekday,Weekday,0,1,0,0,3,0,1,0,4720,4720,0,14130,13483,13806,10784,11764,13806,9941,37.3,1160,10,203,2716,version 5.xlsx,5,No Holiday,0
5/13/2023,2023,5,May,133,19,Saturday,Pre_Monsoon,1,0,Weekday,Weekday,0,0,0,0,3,0,1,0,5141,4291,850,14400,13631,12349,9766,10749,12349,9616,35.5,2205,10,200,2715,version 5.xlsx,5,No Holiday,0
5/14/2023,2023,5,May,134,19,Sunday,Pre_Monsoon,1,0,Weekday,Weekday,0,0,0,0,3,0,1,0,4594,3884,710,12732,12096,11025,9616,9774,11025,8943,33,3411,10,205,2715,version 5.xlsx,5,No Holiday,0
5/15/2023,2023,5,May,135,20,Monday,Pre_Monsoon,1,0,Weekday,Weekday,0,0,0,0,63,0,0,1,5142,4511,631,13585,12950,11496,8943,9984,11496,8843,34.9,3229,10,205,2716,version 5.xlsx,5,No Holiday,0
5/17/2023,2023,5,May,137,20,Wednesday,Pre_Monsoon,1,0,Weekday,Weekday,0,0,0,0,65,0,0,1,4429,4429,0,11950,11369,11950,8469,9376,11950,4959,31.1,2562,12,205,2714,version 5.xlsx,5,No Holiday,0
5/18/2023,2023,5,May,138,20,Thursday,Pre_Monsoon,1,0,Weekday,Weekday,0,0,0,0,53,0,0,1,4519,4519,0,11823,11271,11823,8609,9855,11823,8700,32.1,2585,11,205,2639,version 5.xlsx,5,No Holiday,0
5/19/2023,2023,5,May,139,20,Friday,Pre_Monsoon,1,0,Weekday,Weekday,0,1,0,0,63,0,0,1,4354,4354,0,12641,12231,12641,8700,10278,12641,8609,34.4,2169,10,205,2254,version 5.xlsx,5,No Holiday,0
5/20/2023,2023,5,May,140,20,Saturday,Pre_Monsoon,1,0,Weekday,Weekday,0,0,0,0,63,0,0,1,4951,4861,90,14250,13654,13626,8609,10970,13626,10714,35.1,1781,12,205,2246,version 5.xlsx,5,No Holiday,0
5/21/2023,2023,5,May,141,20,Sunday,Pre_Monsoon,1,0,Weekday,Weekday,0,0,0,0,65,0,0,1,5192,5192,0,12900,12480,12533,10627,11795,12533,8863,35.4,1795,13,205,2234,version 5.xlsx,5,No Holiday,0
5/22/2023,2023,5,May,142,21,Monday,Pre_Monsoon,1,0,Weekday,Weekday,0,0,0,0,65,0,0,1,4837,4837,0,14251,13676,13937,8863,11750,13937,11299,35.6,1329,11,205,2236,version 5.xlsx,5,No Holiday,0
5/23/2023,2023,5,May,143,21,Tuesday,Pre_Monsoon,1,0,Weekday,Weekday,0,0,0,0,63,0,0,1,4718,4718,0,12900,12480,12609,8925,12221,12646,8101,34.8,2002,8,205,2235,version 5.xlsx,5,No Holiday,0
5/24/2023,2023,5,May,144,21,Wednesday,Pre_Monsoon,1,0,Weekday,Weekday,0,0,0,0,63,0,0,1,4718,4718,0,12700,12098,12646,8101,10034,12646,8925,32.2,1203,12,205,2234,version 5.xlsx,5,No Holiday,0
5/25/2023,2023,5,May,145,21,Thursday,Pre_Monsoon,1,0,Weekday,Weekday,0,0,0,0,63,0,0,1,4667,4667,0,13563,12914,13507,8925,11747,13507,8035,33.6,1218,11,205,2234,version 5.xlsx,5,No Holiday,0
5/26/2023,2023,5,May,146,21,Friday,Pre_Monsoon,1,0,Weekday,Weekday,0,1,0,0,53,0,0,1,4374,4374,0,12600,12056,12548,8035,10284,12548,9541,35.6,1225,12,205,2235,version 5.xlsx,5,No Holiday,0
5/27/2023,2023,5,May,147,21,Saturday,Pre_Monsoon,1,0,Weekday,Weekday,0,0,0,0,65,0,0,1,4404,4404,0,12821,12294,12821,9541,10780,12821,9649,33.1,1343,10,205,2234,version 5.xlsx,5,No Holiday,0
5/28/2023,2023,5,May,148,21,Sunday,Pre_Monsoon,1,0,Weekday,Weekday,0,0,0,0,2,0,1,0,4755,4737,18,14218,13577,14136,9649,11786,14136,10960,35,1391,12,205,2234,version 5.xlsx,5,No Holiday,0
5/29/2023,2023,5,May,149,22,Monday,Pre_Monsoon,1,0,Weekday,Weekday,0,0,0,0,0,1,0,0,4993,4933,60,14950,14203,14336,10960,11934,14336,11306,36.3,1485,10,205,2234,version 5.xlsx,5,No Holiday,0
5/30/2023,2023,5,May,150,22,Tuesday,Pre_Monsoon,1,0,Weekday,Weekday,0,0,0,0,3,0,1,0,5158,5105,53,15000,14316,14511,11306,11850,14511,11312,37.2,1107,11,205,2235,version 5.xlsx,5,No Holiday,0
5/31/2023,2023,5,May,151,22,Wednesday,Pre_Monsoon,1,0,Weekday,Weekday,0,0,0,0,51,0,0,1,5320,5050,270,15600,14750,14368,11312,12326,14368,11619,37.8,1045,13,205,2235,version 5.xlsx,5,No Holiday,0
6/1/2023,2023,6,June,152,22,Thursday,Monsoon,2,0,Weekday,Weekday,0,0,0,0,63,0,0,1,5473,5203,270,15700,14950,14334,11619,12349,14334,11281,37.4,1221,12,205,2234,version 5.xlsx,5,No Holiday,0
6/2/2023,2023,6,June,153,22,Friday,Monsoon,2,0,Weekday,Weekday,0,1,0,0,51,0,0,1,5050,5050,0,14770,14210,14377,11153,11960,14377,11234,37.5,1121,10,205,2236,version 5.xlsx,5,No Holiday,0
6/3/2023,2023,6,June,154,22,Saturday,Monsoon,2,0,Weekday,Weekday,0,0,0,0,53,0,0,1,5321,4981,340,15500,14689,13635,11234,11647,13635,11134,37.1,1295,13,205,2236,version 5.xlsx,5,No Holiday,0
6/4/2023,2023,6,June,155,22,Sunday,Monsoon,2,0,Weekday,Weekday,0,0,0,0,53,0,0,1,5332,4876,456,15700,14823,13781,11134,11905,13781,11221,37.6,1415,85,205,2234,version 5.xlsx,5,No Holiday,0
6/5/2023,2023,6,June,156,23,Monday,Monsoon,2,0,Weekday,Weekday,0,0,0,0,1,1,0,0,5389,5099,290,15700,14826,13859,11221,12099,13859,11293,38.6,3140,0,205,1835,version 5.xlsx,5,No Holiday,0
6/6/2023,2023,6,June,157,23,Tuesday,Monsoon,2,0,Weekday,Weekday,0,0,0,0,51,0,0,1,5581,5081,500,15800,14982,13763,11293,12166,13763,11344,38.7,3244,0,205,1835,version 5.xlsx,5,No Holiday,0
6/7/2023,2023,6,June,158,23,Wednesday,Monsoon,2,0,Weekday,Weekday,0,0,0,0,63,0,0,1,5725,5725,0,15500,14673,13898,11344,12407,13898,11271,37.5,2734,0,205,1836,version 5.xlsx,5,No Holiday,0
6/8/2023,2023,6,June,159,23,Thursday,Monsoon,2,0,Weekday,Weekday,0,0,0,0,53,0,0,1,5045,5002,43,15147,14583,14655,11271,12677,14655,11187,33.3,2588,0,205,1834,version 5.xlsx,5,No Holiday,0
6/9/2023,2023,6,June,160,23,Friday,Monsoon,2,0,Weekday,Weekday,0,1,0,0,65,0,0,1,4103,4103,0,12699,12098,12699,11089,11089,12699,10176,32.1,2466,0,205,1725,version 5.xlsx,5,No Holiday,0
6/10/2023,2023,6,June,161,23,Saturday,Monsoon,2,0,Weekday,Weekday,0,0,0,0,53,0,0,1,4790,4765,25,13950,13246,13897,10176,11798,13897,10875,32.7,2644,0,200,1733,version 5.xlsx,5,No Holiday,0
6/11/2023,2023,6,June,162,23,Sunday,Monsoon,2,0,Weekday,Weekday,0,0,0,0,51,0,0,1,5081,4991,90,14100,13621,13792,10875,12356,13792,10606,31.9,2604,0,200,1734,version 5.xlsx,5,No Holiday,0
6/12/2023,2023,6,June,163,24,Monday,Monsoon,2,0,Weekday,Weekday,0,0,0,0,51,0,0,1,4752,4652,100,13850,13116,13565,10606,11364,13565,10690,31.9,2980,0,170,2061,version 5.xlsx,5,No Holiday,0
6/13/2023,2023,6,June,164,24,Tuesday,Monsoon,2,0,Weekday,Weekday,0,0,0,0,63,0,0,1,5235,5055,180,14400,13589,13439,10690,12230,13439,10443,35.1,3151,0,175,1895,version 5.xlsx,5,No Holiday,0
6/14/2023,2023,6,June,165,24,Wednesday,Monsoon,2,0,Weekday,Weekday,0,0,0,0,61,0,0,1,5422,5369,53,15000,14381,14129,10443,11976,14129,10800,36.8,3036,0,180,1890,version 5.xlsx,5,No Holiday,0
6/15/2023,2023,6,June,166,24,Thursday,Monsoon,2,0,Weekday,Weekday,0,0,0,0,65,0,0,1,5340,5320,20,14125,13518,13863,10723,11687,13863,10686,34.1,3053,0,205,1910,version 5.xlsx,5,No Holiday,0
6/16/2023,2023,6,June,167,24,Friday,Monsoon,2,0,Weekday,Weekday,0,1,0,0,65,0,0,1,4832,4802,0,11974,11512,12522,10686,11780,11974,10806,35.5,2788,0,200,1781,version 5.xlsx,5,No Holiday,0
6/17/2023,2023,6,June,168,24,Saturday,Monsoon,2,0,Weekday,Weekday,0,0,0,0,63,0,0,1,3903,3903,0,11886,11499,12410,10806,12045,11886,10534,35.6,2754,0,200,1723,version 5.xlsx,5,No Holiday,0
6/18/2023,2023,6,June,169,24,Sunday,Monsoon,2,0,Weekday,Weekday,0,0,0,0,65,0,0,1,4832,4802,30,13267,12770,13141,10534,11466,13141,10195,32.6,2743,0,200,1722,version 5.xlsx,5,No Holiday,0
6/19/2023,2023,6,June,170,25,Monday,Monsoon,2,0,Weekday,Weekday,0,0,0,0,63,0,0,1,5046,5026,20,13540,12970,13456,10195,11449,13456,10600,34.7,2882,0,195,1722,version 5.xlsx,5,No Holiday,0
6/20/2023,2023,6,June,171,25,Tuesday,Monsoon,2,0,Weekday,Weekday,0,0,0,0,63,0,0,1,4737,4737,0,13596,12956,13596,10600,11950,13596,10667,35,2874,0,165,1724,version 5.xlsx,5,No Holiday,0
6/21/2023,2023,6,June,172,25,Wednesday,Monsoon,2,0,Weekday,Weekday,0,0,0,0,65,0,0,1,5079,5044,35,14168,13522,14131,10667,11970,14131,10976,35.5,3017,0,165,1745,version 5.xlsx,5,No Holiday,0
6/22/2023,2023,6,June,173,25,Thursday,Monsoon,2,0,Weekday,Weekday,0,0,0,0,61,0,0,1,5111,5061,50,14250,13637,13892,10954,11719,13892,10590,33.6,3034,0,162,1744,version 5.xlsx,5,No Holiday,0
6/23/2023,2023,6,June,174,25,Friday,Monsoon,2,0,Weekday,Weekday,0,1,0,0,63,0,0,1,4690,4672,18,13860,13116,13733,10590,11519,13733,10901,35.5,2606,0,170,1744,version 5.xlsx,5,No Holiday,0
6/24/2023,2023,6,June,175,25,Saturday,Monsoon,2,0,Weekday,Weekday,0,0,0,0,51,0,0,1,5065,5004,61,14500,13788,13906,10714,11858,13906,10908,34.1,2729,0,165,1858,version 5.xlsx,5,No Holiday,0
6/25/2023,2023,6,June,176,25,Sunday,Monsoon,2,0,Weekday,Weekday,0,0,0,0,61,0,0,1,4984,4898,86,14600,13928,13768,10908,11781,13727,10866,34,2883,0,170,1858,version 5.xlsx,5,No Holiday,0
6/26/2023,2023,6,June,177,26,Monday,Monsoon,2,0,Weekday,Weekday,0,0,0,0,63,0,0,1,4409,4409,0,13395,12733,13364,10866,11796,13364,9448,32,2574,0,160,1840,version 5.xlsx,5,No Holiday,0
6/27/2023,2023,6,June,178,26,Tuesday,Monsoon,2,0,Weekday,Weekday,0,0,0,1,65,0,0,1,3429,3429,0,11566,11172,11668,9383,9530,11566,7678,28.2,2346,0,160,1838,version 5.xlsx,5,Eid-ul-Adha,2
6/28/2023,2023,6,June,179,26,Wednesday,Monsoon,2,0,Weekday,Weekday,0,0,0,1,65,0,0,1,2747,2747,0,10301,9924,11257,7589,7917,10301,7955,26.4,2466,0,160,1765,version 5.xlsx,5,Eid-ul-Adha,2
6/29/2023,2023,6,June,180,26,Thursday,Monsoon,2,1,Eid al-Adha,Religious_Islamic,2,0,0,1,63,0,0,1,2762,2762,0,10896,10456,10904,7361,7361,10896,8445,27.3,2039,0,170,1738,version 5.xlsx,5,Eid-ul-Adha,2
6/30/2023,2023,6,June,181,26,Friday,Monsoon,2,1,Eid al-Adha,Religious_Islamic,2,1,0,1,63,0,0,1,2604,2604,0,9504,9141,10066,8343,8674,9504,8071,33.8,2204,85,195,1739,version 5.xlsx,5,Eid-ul-Adha,2
7/1/2023,2023,7,July,182,26,Saturday,Monsoon,2,1,Eid al-Adha,Religious_Islamic,2,0,0,1,65,0,0,1,2615,2615,0,11031,10530,11198,8071,8701,11031,8750,31.8,2360,85,165,1739,version 5.xlsx,5,No Holiday,0
7/2/2023,2023,7,July,183,26,Sunday,Monsoon,2,0,Weekday,Weekday,0,0,0,1,63,0,0,1,3025,3025,0,11720,11237,11876,8750,9606,11720,9324,33.3,2720,85,170,1729,version 5.xlsx,5,No Holiday,0
7/3/2023,2023,7,July,184,27,Monday,Monsoon,2,0,Weekday,Weekday,0,0,0,1,61,0,0,1,3369,3369,0,12454,11910,12605,9324,9951,12454,9961,33.5,925,85,170,3485,version 5.xlsx,5,No Holiday,0
7/4/2023,2023,7,July,185,27,Tuesday,Monsoon,2,0,Weekday,Weekday,0,0,0,0,51,0,0,1,3843,3843,0,13440,12847,13474,9961,11051,13402,10481,36,1274,85,200,2232,version 5.xlsx,5,No Holiday,0
7/6/2023,2023,7,July,187,27,Thursday,Monsoon,2,0,Weekday,Weekday,0,0,0,0,55,0,0,1,3920,3920,0,13087,12587,13196,10625,11699,13087,10080,33,1279,179,170,2750,version 5.xlsx,5,No Holiday,0
7/7/2023,2023,7,July,188,27,Friday,Monsoon,2,0,Weekday,Weekday,0,1,0,0,63,0,0,1,3940,3940,0,13049,12476,13053,10080,10746,12899,10556,32.5,1249,179,170,3033,version 5.xlsx,5,No Holiday,0
7/8/2023,2023,7,July,189,27,Saturday,Monsoon,2,0,Weekday,Weekday,0,0,0,0,63,0,0,1,4441,4441,0,14085,13433,14087,10556,11681,14085,11409,34,1244,179,170,2802,version 5.xlsx,5,No Holiday,0
7/9/2023,2023,7,July,190,27,Sunday,Monsoon,2,0,Weekday,Weekday,0,0,0,0,63,0,0,1,4776,4776,0,14850,14172,14210,11409,12030,14210,10967,34.4,1504,179,170,2185,version 5.xlsx,5,No Holiday,0
7/10/2023,2023,7,July,191,28,Monday,Monsoon,2,0,Weekday,Weekday,0,0,0,0,63,0,0,1,4943,4908,35,14765,14100,14459,10967,12062,14459,11675,34.1,1808,139,170,2185,version 5.xlsx,5,No Holiday,0
7/11/2023,2023,7,July,192,28,Tuesday,Monsoon,2,0,Weekday,Weekday,0,0,0,0,61,0,0,1,4899,4887,12,14921,14322,14691,11487,12178,14691,11475,33.4,2161,139,170,2185,version 5.xlsx,5,No Holiday,0
7/12/2023,2023,7,July,193,28,Wednesday,Monsoon,2,0,Weekday,Weekday,0,0,0,0,53,0,0,1,4905,4905,0,14780,14122,14601,11475,12805,14601,11050,33.1,1977,209,170,2186,version 5.xlsx,5,No Holiday,0
7/13/2023,2023,7,July,194,28,Thursday,Monsoon,2,0,Weekday,Weekday,0,0,0,0,61,0,0,1,5010,5010,0,14870,14231,14709,11050,12004,14709,11261,33.7,1506,189,170,1825,version 5.xlsx,5,No Holiday,0
7/14/2023,2023,7,July,195,28,Friday,Monsoon,2,0,Weekday,Weekday,0,1,0,0,61,0,0,1,4526,4526,0,13902,13259,13775,11075,11879,13730,10930,35.1,1568,189,170,1825,version 5.xlsx,5,No Holiday,0
7/15/2023,2023,7,July,196,28,Saturday,Monsoon,2,0,Weekday,Weekday,0,0,0,0,51,0,0,1,4918,4918,0,14545,14028,14545,10930,12219,14545,11227,32.7,1497,189,170,1834,version 5.xlsx,5,No Holiday,0
7/16/2023,2023,7,July,197,28,Sunday,Monsoon,2,0,Weekday,Weekday,0,0,0,0,53,0,0,1,4853,4831,22,14485,13882,14316,11227,12457,14316,11440,31.6,1851,189,170,1864,version 5.xlsx,5,No Holiday,0
7/17/2023,2023,7,July,198,29,Monday,Monsoon,2,0,Weekday,Weekday,0,0,0,0,63,0,0,1,5055,5018,37,15066,14455,14701,11440,12432,14701,11586,34,1857,189,170,1844,version 5.xlsx,5,No Holiday,0
7/18/2023,2023,7,July,199,29,Tuesday,Monsoon,2,0,Weekday,Weekday,0,0,0,0,63,0,0,1,5200,5100,100,15200,14549,14574,11586,12428,14518,11652,35.2,2129,189,170,1624,version 5.xlsx,5,No Holiday,0
7/19/2023,2023,7,July,200,29,Wednesday,Monsoon,2,0,Weekday,Weekday,0,0,0,0,51,0,0,1,5296,5158,138,15600,14903,14448,11652,12586,14448,11991,35.4,2184,124,170,1614,version 5.xlsx,5,No Holiday,0
7/20/2023,2023,7,July,201,29,Thursday,Monsoon,2,0,Weekday,Weekday,0,0,0,0,51,0,0,1,5244,5162,82,15499,14712,15059,11757,12359,15059,11682,35.2,1541,189,170,1613,version 5.xlsx,5,No Holiday,0
7/21/2023,2023,7,July,202,29,Friday,Monsoon,2,0,Weekday,Weekday,0,1,0,0,63,0,0,1,4593,4593,0,14533,13766,14318,11545,12290,14218,11701,35.8,1405,189,170,1614,version 5.xlsx,5,No Holiday,0
7/22/2023,2023,7,July,203,29,Saturday,Monsoon,2,0,Weekday,Weekday,0,0,0,0,53,0,0,1,5093,5093,0,15300,14677,14926,11701,12607,14909,12192,36,1404,189,160,1614,version 5.xlsx,5,No Holiday,0
7/23/2023,2023,7,July,204,29,Sunday,Monsoon,2,0,Weekday,Weekday,0,0,0,0,51,0,0,1,5303,5251,52,15300,14614,14476,12192,13242,14476,12254,35.2,1317,114,160,1614,version 5.xlsx,5,No Holiday,0
7/24/2023,2023,7,July,205,30,Monday,Monsoon,2,0,Weekday,Weekday,0,0,0,0,51,0,0,1,5184,5139,45,15550,14893,15018,12254,13419,15018,12460,36.1,1419,109,160,1697,version 5.xlsx,5,No Holiday,0
7/25/2023,2023,7,July,206,30,Tuesday,Monsoon,2,0,Weekday,Weekday,0,0,0,0,51,0,0,1,5241,5241,0,15520,14906,15118,12460,13129,15118,12359,36.6,1092,159,160,1667,version 5.xlsx,5,No Holiday,0
7/26/2023,2023,7,July,207,30,Wednesday,Monsoon,2,0,Weekday,Weekday,0,0,0,0,63,0,0,1,5148,5148,0,14906,14651,15164,12359,13334,15164,12071,36.6,1096,139,155,1577,version 5.xlsx,5,No Holiday,0
7/27/2023,2023,7,July,208,30,Thursday,Monsoon,2,0,Weekday,Weekday,0,0,0,0,61,0,0,1,5091,5091,0,15160,14598,14804,12071,13417,14804,11378,33.9,1087,139,150,1577,version 5.xlsx,5,No Holiday,0
7/28/2023,2023,7,July,209,30,Friday,Monsoon,2,0,Weekday,Weekday,0,1,0,0,53,0,0,1,4513,4513,0,14300,13675,14156,11234,11909,14098,11678,35.1,924,179,120,1577,version 5.xlsx,5,No Holiday,0
7/29/2023,2023,7,July,210,30,Saturday,Monsoon,2,1,Ashura,Religious_Islamic,2,0,0,0,55,0,0,1,4920,4895,25,15175,14464,15060,11678,12587,15049,12232,34.2,899,149,120,1577,version 5.xlsx,5,Ashura,1
7/30/2023,2023,7,July,211,30,Sunday,Monsoon,2,0,Weekday,Weekday,0,0,0,0,53,0,0,1,4920,4895,25,15175,14464,15060,11678,12587,15049,12232,34.2,899,149,120,1577,version 5.xlsx,5,No Holiday,0
7/31/2023,2023,7,July,212,31,Monday,Monsoon,2,0,Weekday,Weekday,0,0,0,0,65,0,0,1,4936,4896,40,15220,14391,14801,12165,13198,14801,12246,37.1,2071,139,98,1692,version 5.xlsx,5,No Holiday,0
8/1/2023,2023,8,August,213,31,Tuesday,Monsoon,2,0,Weekday,Weekday,0,0,0,0,65,0,0,1,5003,4993,10,13970,13401,13870,12246,12897,13870,11306,36.8,2263,119,100,1692,version 5.xlsx,5,No Holiday,0
8/2/2023,2023,8,August,214,31,Wednesday,Monsoon,2,0,Weekday,Weekday,0,0,0,0,61,0,0,1,4915,4915,0,14600,13953,14373,11306,12196,14373,11412,30.5,2379,149,100,1692,version 5.xlsx,5,No Holiday,0
8/3/2023,2023,8,August,215,31,Thursday,Monsoon,2,0,Weekday,Weekday,0,0,0,0,63,0,0,1,4899,4889,10,14842,14133,14623,11412,12729,14623,10956,31.7,2710,159,126,1679,version 5.xlsx,5,No Holiday,0
8/4/2023,2023,8,August,216,31,Friday,Monsoon,2,0,Weekday,Weekday,0,1,0,0,65,0,0,1,4210,4210,0,13395,12804,13554,10838,11626,13395,11130,31.8,2514,159,126,1729,version 5.xlsx,5,No Holiday,0
8/5/2023,2023,8,August,217,31,Saturday,Monsoon,2,0,Weekday,Weekday,0,0,0,0,63,0,0,1,4788,4773,15,14217,13624,14049,11130,12395,14049,10988,32.8,2644,159,96,1729,version 5.xlsx,5,No Holiday,0
8/6/2023,2023,8,August,218,31,Sunday,Monsoon,2,0,Weekday,Weekday,0,0,0,0,63,0,0,1,4665,4640,25,13640,13140,13501,10988,11786,13501,10104,28.6,2676,189,0,1729,version 5.xlsx,5,No Holiday,0
8/7/2023,2023,8,August,219,32,Monday,Monsoon,2,0,Weekday,Weekday,0,0,0,0,63,0,0,1,4420,4420,0,12729,12161,12729,10104,11453,12729,9525,28.7,2720,169,0,1729,version 5.xlsx,5,No Holiday,0
8/8/2023,2023,8,August,220,32,Tuesday,Monsoon,2,0,Weekday,Weekday,0,0,0,0,63,0,0,1,4653,4653,0,13253,12587,13253,9525,10921,13253,10285,29.4,2812,179,0,1727,version 5.xlsx,5,No Holiday,0
8/9/2023,2023,8,August,221,32,Wednesday,Monsoon,2,0,Weekday,Weekday,0,0,0,0,51,0,0,1,4725,4665,60,13776,13181,13661,10285,12258,13661,10895,33.8,2841,139,0,1727,version 5.xlsx,5,No Holiday,0
8/10/2023,2023,8,August,222,32,Thursday,Monsoon,2,0,Weekday,Weekday,0,0,0,0,51,0,0,1,4765,4765,0,14047,13390,13879,10895,12235,13879,10689,33.3,2962,149,0,1727,version 5.xlsx,5,No Holiday,0
8/11/2023,2023,8,August,223,32,Friday,Monsoon,2,0,Weekday,Weekday,0,1,0,0,63,0,0,1,4232,4232,0,13333,12778,13396,10486,11365,13333,10801,31,2885,139,0,1727,version 5.xlsx,5,No Holiday,0
8/12/2023,2023,8,August,224,32,Saturday,Monsoon,2,0,Weekday,Weekday,0,0,0,0,63,0,0,1,4887,4862,25,13889,13315,13800,10801,11989,13800,10524,31.9,2700,149,0,1727,version 5.xlsx,5,No Holiday,0
8/13/2023,2023,8,August,225,32,Sunday,Monsoon,2,0,Weekday,Weekday,0,0,0,0,63,0,0,1,4673,4673,0,13665,12904,13665,10524,11620,13665,10599,29.2,2571,149,0,1738,version 5.xlsx,5,No Holiday,0
8/14/2023,2023,8,August,226,33,Monday,Monsoon,2,0,Weekday,Weekday,0,0,0,0,63,0,0,1,4656,4636,20,14100,13441,13972,10599,12295,13972,10875,31.5,2153,179,0,1739,version 5.xlsx,5,No Holiday,0
8/15/2023,2023,8,August,227,33,Tuesday,Monsoon,2,1,National Mourning Day,National,1,0,0,0,53,0,0,1,4322,4322,0,13904,13238,13781,10791,11476,13781,11437,34.1,1826,159,0,1729,version 5.xlsx,5,Jatiyo shokh dibosh,1
8/16/2023,2023,8,August,228,33,Wednesday,Monsoon,2,0,Weekday,Weekday,0,0,0,0,65,0,0,1,4902,4902,0,14750,14047,14311,11437,12424,14311,11389,32,1751,159,0,1729,version 5.xlsx,5,No Holiday,0
8/17/2023,2023,8,August,229,33,Thursday,Monsoon,2,0,Weekday,Weekday,0,0,0,0,53,0,0,1,5018,4973,45,14847,14253,14392,11389,12309,14392,11235,35.8,1946,139,0,1729,version 5.xlsx,5,No Holiday,0
8/18/2023,2023,8,August,230,33,Friday,Monsoon,2,0,Weekday,Weekday,0,1,0,0,53,0,0,1,4439,4439,0,13957,13347,13937,10810,11453,13805,11068,34.4,2110,179,0,1729,version 5.xlsx,5,No Holiday,0
8/19/2023,2023,8,August,231,33,Saturday,Monsoon,2,0,Weekday,Weekday,0,0,0,0,53,0,0,1,4861,4851,10,14700,13934,14036,11068,12284,14036,11660,32.6,2234,179,0,1729,version 5.xlsx,5,No Holiday,0
8/20/2023,2023,8,August,232,33,Sunday,Monsoon,2,0,Weekday,Weekday,0,0,0,0,51,0,0,1,5085,5075,10,15200,14424,14651,11564,12738,14651,11506,35,2174,149,0,1729,version 5.xlsx,5,No Holiday,0
8/21/2023,2023,8,August,233,34,Monday,Monsoon,2,0,Weekday,Weekday,0,0,0,0,51,0,0,1,5176,5141,35,15360,14582,14701,11506,12786,14701,11931,34.8,2320,159,0,1730,version 5.xlsx,5,No Holiday,0
8/22/2023,2023,8,August,234,34,Tuesday,Monsoon,2,0,Weekday,Weekday,0,0,0,0,53,0,0,1,4827,4827,0,14513,13784,14244,11931,13210,14244,11048,32.5,2172,149,0,1729,version 5.xlsx,5,No Holiday,0
8/23/2023,2023,8,August,235,34,Wednesday,Monsoon,2,0,Weekday,Weekday,0,0,0,0,61,0,0,1,4881,4861,20,14180,13561,14030,11048,12511,14030,11145,31.8,2439,85,0,1727,version 5.xlsx,5,No Holiday,0
8/24/2023,2023,8,August,236,34,Thursday,Monsoon,2,0,Weekday,Weekday,0,0,0,0,63,0,0,1,4750,4750,0,14225,13520,14182,11145,12731,14182,10182,33.2,2399,85,0,1729,version 5.xlsx,5,No Holiday,0
8/25/2023,2023,8,August,237,34,Friday,Monsoon,2,0,Weekday,Weekday,0,1,0,0,65,0,0,1,4017,4017,0,12278,11761,12436,9846,10484,12278,9748,31.7,2135,85,0,2112,version 5.xlsx,5,No Holiday,0
8/26/2023,2023,8,August,238,34,Saturday,Monsoon,2,0,Weekday,Weekday,0,0,0,0,63,0,0,1,4593,4563,30,13560,12960,13496,9748,10904,13496,10484,32,2118,85,0,2112,version 5.xlsx,5,No Holiday,0
8/27/2023,2023,8,August,239,34,Sunday,Monsoon,2,0,Weekday,Weekday,0,0,0,0,63,0,0,1,4933,4933,0,14350,13670,14251,10484,12365,14251,11070,34.7,2293,85,0,2113,version 5.xlsx,5,No Holiday,0
8/28/2023,2023,8,August,240,35,Monday,Monsoon,2,0,Weekday,Weekday,0,0,0,0,53,0,0,1,4954,4939,15,14550,13940,14347,11070,11818,14347,11711,34.7,2120,85,0,2112,version 5.xlsx,5,No Holiday,0
8/29/2023,2023,8,August,241,35,Tuesday,Monsoon,2,0,Weekday,Weekday,0,0,0,0,51,0,0,1,4940,4930,10,15000,14397,14716,11711,13382,14716,12235,34.4,2096,85,0,2113,version 5.xlsx,5,No Holiday,0
8/30/2023,2023,8,August,242,35,Wednesday,Monsoon,2,0,Weekday,Weekday,0,0,0,0,3,0,1,0,5141,5116,25,15300,14507,14889,12235,13320,14889,12224,36.2,2022,85,0,2112,version 5.xlsx,5,No Holiday,0
8/31/2023,2023,8,August,243,35,Thursday,Monsoon,2,0,Weekday,Weekday,0,0,0,0,53,0,0,1,5079,5039,40,15300,14526,14815,12224,13301,14815,11318,33.2,1869,85,0,2113,version 5.xlsx,5,No Holiday,0
9/1/2023,2023,9,September,244,35,Friday,Monsoon,2,0,Weekday,Weekday,0,1,0,0,53,0,0,1,4439,4439,0,14380,13704,14315,11318,12420,14239,11844,35.4,1932,85,0,2152,version 5.xlsx,5,No Holiday,0
9/2/2023,2023,9,September,245,35,Saturday,Monsoon,2,0,Weekday,Weekday,0,0,0,0,55,0,0,1,4997,4987,10,15100,14215,14757,11844,12764,14757,10304,32.6,2024,85,0,2152,version 5.xlsx,5,No Holiday,0
9/3/2023,2023,9,September,246,35,Sunday,Monsoon,2,0,Weekday,Weekday,0,0,0,0,61,0,0,1,4976,4896,80,15100,14399,14498,10304,13214,14498,11369,35.4,2074,85,0,2447,version 5.xlsx,5,No Holiday,0
9/4/2023,2023,9,September,247,36,Monday,Monsoon,2,0,Weekday,Weekday,0,0,0,0,53,0,0,1,5169,5109,60,15200,14475,14462,11369,13081,14462,12081,34.2,2097,85,0,2067,version 5.xlsx,5,No Holiday,0
9/5/2023,2023,9,September,248,36,Tuesday,Monsoon,2,0,Weekday,Weekday,0,0,0,0,63,0,0,1,5117,5075,42,15350,14500,14489,12081,13711,14489,11652,37.3,1842,85,0,2362,version 5.xlsx,5,No Holiday,0
9/6/2023,2023,9,September,249,36,Wednesday,Monsoon,2,0,Weekday,Weekday,0,0,0,0,53,0,0,1,4731,4681,50,14700,13965,14180,11652,12621,14180,11403,36,1614,85,0,2238,version 5.xlsx,5,Janmo-astami,1
9/7/2023,2023,9,September,250,36,Thursday,Monsoon,2,0,Weekday,Weekday,0,0,0,0,63,0,0,1,4903,4903,0,14500,13875,14125,11403,12594,14125,10465,33.5,1516,85,0,2906,version 5.xlsx,5,No Holiday,0
9/8/2023,2023,9,September,251,36,Friday,Monsoon,2,0,Weekday,Weekday,0,1,0,0,63,0,0,1,4265,4265,0,13300,12680,13259,10221,10585,13259,10895,32.5,1384,85,0,2742,version 5.xlsx,5,No Holiday,0
9/9/2023,2023,9,September,252,36,Saturday,Monsoon,2,0,Weekday,Weekday,0,0,0,0,51,0,0,1,4905,4900,5,15000,14154,14763,10895,12009,14763,11792,33.8,1323,85,0,2552,version 5.xlsx,5,No Holiday,0
9/10/2023,2023,9,September,253,36,Sunday,Monsoon,2,0,Weekday,Weekday,0,0,0,0,63,0,0,1,5021,4941,80,15370,14611,14709,11792,12987,14709,11974,35,1292,85,0,2552,version 5.xlsx,5,No Holiday,0
9/11/2023,2023,9,September,254,37,Monday,Monsoon,2,0,Weekday,Weekday,0,0,0,0,65,0,0,1,5044,5017,27,15175,14474,14728,11974,13311,14728,11926,33.2,1459,85,0,2645,version 5.xlsx,5,No Holiday,0
9/12/2023,2023,9,September,255,37,Tuesday,Monsoon,2,0,Weekday,Weekday,0,0,0,0,63,0,0,1,4891,4891,0,14800,14148,14441,11926,13299,14441,11253,33.4,1505,85,0,2644,version 5.xlsx,5,No Holiday,0
9/13/2023,2023,9,September,256,37,Wednesday,Monsoon,2,0,Weekday,Weekday,0,0,0,0,63,0,0,1,4929,4929,0,14830,14163,14531,11253,12668,14531,11461,34.4,1373,85,0,2308,version 5.xlsx,5,No Holiday,0
9/14/2023,2023,9,September,257,37,Thursday,Monsoon,2,0,Weekday,Weekday,0,0,0,0,61,0,0,1,4909,4894,15,14450,13864,14157,11461,12610,14157,10795,33.1,1402,85,0,2311,version 5.xlsx,5,No Holiday,0
9/15/2023,2023,9,September,258,37,Friday,Monsoon,2,0,Weekday,Weekday,0,1,0,0,61,0,0,1,4426,4426,0,14050,13463,13974,10711,11455,13926,11548,35,1338,85,0,2310,version 5.xlsx,5,No Holiday,0
9/16/2023,2023,9,September,259,37,Saturday,Monsoon,2,0,Weekday,Weekday,0,0,0,0,3,0,1,0,5091,5091,0,15350,14674,14938,11548,12605,14938,12330,36,1237,85,0,2595,version 5.xlsx,5,No Holiday,0
9/17/2023,2023,9,September,260,37,Sunday,Monsoon,2,0,Weekday,Weekday,0,0,0,0,61,0,0,1,5472,5447,25,14900,14351,14277,12330,13849,14277,11514,36,1283,85,0,2672,version 5.xlsx,5,No Holiday,0
9/18/2023,2023,9,September,261,38,Monday,Monsoon,2,0,Weekday,Weekday,0,0,0,0,53,0,0,1,5146,5146,0,14650,14022,14465,11514,12998,14465,10881,32.5,1270,85,0,2670,version 5.xlsx,5,No Holiday,0
9/19/2023,2023,9,September,262,38,Tuesday,Monsoon,2,0,Weekday,Weekday,0,0,0,0,63,0,0,1,4721,4721,0,13890,13242,13694,10881,12559,13694,10628,32.4,1401,85,0,2580,version 5.xlsx,5,No Holiday,0
9/20/2023,2023,9,September,263,38,Wednesday,Monsoon,2,0,Weekday,Weekday,0,0,0,0,63,0,0,1,4764,4764,0,13250,12742,13204,10628,11865,13204,10455,31.4,1485,85,0,2492,version 5.xlsx,5,No Holiday,0
9/21/2023,2023,9,September,264,38,Thursday,Monsoon,2,0,Weekday,Weekday,0,0,0,0,63,0,0,1,4705,4705,0,12861,12341,12861,10455,11696,12861,9824,32.8,1349,85,0,2424,version 5.xlsx,5,No Holiday,0
9/22/2023,2023,9,September,265,38,Friday,Monsoon,2,0,Weekday,Weekday,0,1,0,0,63,0,0,1,4097,4097,0,12183,11638,12234,9737,10398,12183,9950,32.5,1297,85,0,2424,version 5.xlsx,5,No Holiday,0
9/23/2023,2023,9,September,266,38,Saturday,Monsoon,2,0,Weekday,Weekday,0,0,0,0,63,0,0,1,4656,4656,0,13240,12752,13201,9950,10699,13201,10278,32.5,1473,85,0,2414,version 5.xlsx,5,No Holiday,0
9/24/2023,2023,9,September,267,38,Sunday,Monsoon,2,0,Weekday,Weekday,0,0,0,0,53,0,0,1,4692,4692,0,12852,12324,12852,10278,11824,12852,10389,33.4,1462,85,0,2454,version 5.xlsx,5,No Holiday,0
9/25/2023,2023,9,September,268,39,Monday,Monsoon,2,0,Weekday,Weekday,0,0,0,0,63,0,0,1,4927,4927,0,14120,13436,14022,10389,12262,14022,10877,34.4,1086,85,0,2424,version 5.xlsx,5,No Holiday,0
9/26/2023,2023,9,September,269,39,Tuesday,Monsoon,2,0,Weekday,Weekday,0,0,0,0,3,0,1,0,5017,4995,22,14750,14134,14632,10877,12429,14632,11405,32.5,1288,85,0,2234,version 5.xlsx,5,No Holiday,0
9/27/2023,2023,9,September,270,39,Wednesday,Monsoon,2,0,Weekday,Weekday,0,0,0,0,51,0,0,1,5078,5078,0,14900,14328,14693,11405,12661,14693,11348,33.2,1359,85,0,2234,version 5.xlsx,5,No Holiday,0
9/28/2023,2023,9,September,271,39,Thursday,Monsoon,2,1,Prophet's Birthday,Religious_Islamic,2,0,0,0,3,0,1,0,4863,4863,0,14700,14093,14539,11214,12235,14539,11153,36.2,1283,85,0,1674,version 5.xlsx,5,EID-E-MILADUNNOBI,1
9/29/2023,2023,9,September,272,39,Friday,Monsoon,2,0,Weekday,Weekday,0,1,0,0,65,0,0,1,4257,4257,0,13485,12861,13529,11006,11852,13402,10305,35.6,1316,85,0,1741,version 5.xlsx,5,No Holiday,0
9/30/2023,2023,9,September,273,39,Saturday,Monsoon,2,0,Weekday,Weekday,0,0,0,0,63,0,0,1,4849,4830,19,13900,13295,13735,10304,11277,13735,11065,33.5,1376,85,0,2055,version 5.xlsx,5,No Holiday,0
10/1/2023,2023,10,October,274,39,Sunday,Post_Monsoon,3,0,Weekday,Weekday,0,0,0,0,53,0,0,1,5125,5125,0,14200,13773,13998,11065,12530,13998,11016,33.6,1324,85,0,2062,version 5.xlsx,5,No Holiday,0
10/2/2023,2023,10,October,275,40,Monday,Post_Monsoon,3,0,Weekday,Weekday,0,0,0,0,61,0,0,1,5090,5090,0,14200,13687,14022,11016,12293,14022,10668,33.6,1223,85,0,2038,version 5.xlsx,5,No Holiday,0
10/3/2023,2023,10,October,276,40,Tuesday,Post_Monsoon,3,0,Weekday,Weekday,0,0,0,0,63,0,0,1,4804,4804,0,13360,12866,13294,10668,12053,13294,10027,32.2,1933,85,0,1967,version 5.xlsx,5,No Holiday,0
10/4/2023,2023,10,October,277,40,Wednesday,Post_Monsoon,3,0,Weekday,Weekday,0,0,0,0,63,0,0,1,4660,4660,0,12582,12099,12561,10027,11245,12561,8825,30,2107,85,0,2081,version 5.xlsx,5,No Holiday,0
10/5/2023,2023,10,October,278,40,Thursday,Post_Monsoon,3,0,Weekday,Weekday,0,0,0,0,65,0,0,1,4091,4091,0,11300,10770,11300,8825,10985,11300,8008,29.3,2249,85,0,2162,version 5.xlsx,5,No Holiday,0
10/6/2023,2023,10,October,279,40,Friday,Post_Monsoon,3,0,Weekday,Weekday,0,1,0,0,65,0,0,1,3788,3788,0,11396,10926,11396,8008,9326,11396,9215,28.6,2539,85,0,1950,version 5.xlsx,5,No Holiday,0
10/7/2023,2023,10,October,280,40,Saturday,Post_Monsoon,3,0,Weekday,Weekday,0,0,0,0,65,0,0,1,4826,4826,0,13458,12900,13458,9215,11030,13458,10344,32.8,2144,85,0,1953,version 5.xlsx,5,No Holiday,0
10/8/2023,2023,10,October,281,40,Sunday,Post_Monsoon,3,0,Weekday,Weekday,0,0,0,0,51,0,0,1,4879,4879,0,14060,13437,14021,10344,11991,14021,10564,34.1,1682,85,0,2310,version 5.xlsx,5,No Holiday,0
10/9/2023,2023,10,October,282,41,Monday,Post_Monsoon,3,0,Weekday,Weekday,0,0,0,0,55,0,0,1,5020,5020,0,14220,13613,14220,10564,11911,14220,10751,34,1715,85,0,1724,version 5.xlsx,5,No Holiday,0
10/10/2023,2023,10,October,283,41,Tuesday,Post_Monsoon,3,0,Weekday,Weekday,0,0,0,0,51,0,0,1,4964,4964,0,14085,13519,14017,10751,12224,14017,10773,34.1,1735,85,0,1651,version 5.xlsx,5,No Holiday,0
10/11/2023,2023,10,October,284,41,Wednesday,Post_Monsoon,3,0,Weekday,Weekday,0,0,0,0,51,0,0,1,5005,5005,0,14470,13831,14356,10773,12238,14356,10918,34.6,1753,85,0,2005,version 5.xlsx,5,No Holiday,0
10/12/2023,2023,10,October,285,41,Thursday,Post_Monsoon,3,0,Weekday,Weekday,0,0,0,0,63,0,0,1,5012,4957,55,14200,13654,13944,10918,11976,13944,9727,35,1753,85,0,2014,version 5.xlsx,5,No Holiday,0
10/13/2023,2023,10,October,286,41,Friday,Post_Monsoon,3,0,Weekday,Weekday,0,1,0,0,1,1,0,0,4210,4210,0,12852,12304,12852,9613,10593,12852,9972,34.7,1727,85,0,2096,version 5.xlsx,5,No Holiday,0
10/14/2023,2023,10,October,287,41,Saturday,Post_Monsoon,3,0,Weekday,Weekday,0,0,0,0,0,1,0,0,4774,4774,0,13720,13223,13639,9972,11230,13639,10321,34.2,1750,85,0,2006,version 5.xlsx,5,No Holiday,0
10/15/2023,2023,10,October,288,41,Sunday,Post_Monsoon,3,0,Weekday,Weekday,0,0,0,0,1,1,0,0,5008,4993,15,13852,13319,13826,10321,11898,13826,10163,32.2,1752,85,0,1956,version 5.xlsx,5,No Holiday,0
10/16/2023,2023,10,October,289,42,Monday,Post_Monsoon,3,0,Weekday,Weekday,0,0,0,0,1,1,0,0,5026,5026,0,13742,13177,13742,10163,11862,13742,10151,33.3,1858,85,0,1956,version 5.xlsx,5,No Holiday,0
10/17/2023,2023,10,October,290,42,Tuesday,Post_Monsoon,3,0,Weekday,Weekday,0,0,0,0,0,1,0,0,4993,4993,0,13832,13235,13832,10151,11754,13832,10120,33.5,1857,85,0,1963,version 5.xlsx,5,No Holiday,0
10/18/2023,2023,10,October,291,42,Wednesday,Post_Monsoon,3,0,Weekday,Weekday,0,0,0,0,0,1,0,0,4841,4841,0,13313,12798,13313,10120,11833,13313,9946,32.8,1850,85,0,1961,version 5.xlsx,5,No Holiday,0
10/19/2023,2023,10,October,292,42,Thursday,Post_Monsoon,3,0,Weekday,Weekday,0,0,0,0,0,1,0,0,4942,4942,0,13370,12759,13351,9946,11503,13351,9025,33.3,1868,85,0,1592,version 5.xlsx,5,No Holiday,0
10/20/2023,2023,10,October,293,42,Friday,Post_Monsoon,3,0,Weekday,Weekday,0,1,0,0,0,1,0,0,4047,4047,0,11780,11347,11630,8998,10165,11630,8974,33.6,1857,85,0,1600,version 5.xlsx,5,Durga Puja,2
10/21/2023,2023,10,October,294,42,Saturday,Post_Monsoon,3,0,Weekday,Weekday,0,0,0,0,0,1,0,0,4741,4741,0,13180,12544,13108,8974,11390,13108,9499,34.6,2028,85,0,1831,version 5.xlsx,5,Durga Puja,2
10/22/2023,2023,10,October,295,42,Sunday,Post_Monsoon,3,0,Weekday,Weekday,0,0,0,0,3,0,1,0,4716,4716,0,12948,12371,12918,9499,11420,12918,9754,32.4,2765,85,0,1786,version 5.xlsx,5,Durga Puja,2
10/23/2023,2023,10,October,296,43,Monday,Post_Monsoon,3,0,Weekday,Weekday,0,0,0,0,61,0,0,1,4420,4420,0,12144,11718,12144,9754,11359,12144,9157,31,2862,85,0,1786,version 5.xlsx,5,Durga Puja,2
10/24/2023,2023,10,October,297,43,Tuesday,Post_Monsoon,3,1,Durga Puja (Main Day),Religious_Hindu,3,0,0,0,3,0,1,0,4346,4346,0,11269,10770,11269,9157,10238,11269,8504,29.9,2793,85,0,1786,version 5.xlsx,5,Durga Puja,2
10/25/2023,2023,10,October,298,43,Wednesday,Post_Monsoon,3,0,Weekday,Weekday,0,0,0,0,3,0,1,0,4711,4693,18,12425,11947,12390,8504,10768,12390,9206,33,2839,85,0,1555,version 5.xlsx,5,No Holiday,0
10/26/2023,2023,10,October,299,43,Thursday,Post_Monsoon,3,0,Weekday,Weekday,0,0,0,0,51,0,0,1,4731,4731,0,12730,12116,12688,9206,11245,12688,8976,33,2874,85,0,1555,version 5.xlsx,5,No Holiday,0
10/27/2023,2023,10,October,300,43,Friday,Post_Monsoon,3,0,Weekday,Weekday,0,1,0,0,1,1,0,0,3836,3836,0,10967,10593,10943,8976,9860,10943,8411,32.3,2702,85,0,1555,version 5.xlsx,5,No Holiday,0
10/28/2023,2023,10,October,301,43,Saturday,Post_Monsoon,3,0,Weekday,Weekday,0,0,0,0,0,1,0,0,4355,4355,0,11798,11399,11798,8411,10299,11798,8502,33,2795,85,0,1555,version 5.xlsx,5,No Holiday,0
10/29/2023,2023,10,October,302,43,Sunday,Post_Monsoon,3,0,Weekday,Weekday,0,0,0,0,3,0,1,0,4438,4438,0,11825,11642,11825,8502,10675,11825,8476,32.5,2804,85,0,1557,version 5.xlsx,5,No Holiday,0
10/30/2023,2023,10,October,303,44,Monday,Post_Monsoon,3,0,Weekday,Weekday,0,0,0,0,2,0,1,0,4568,4568,0,11977,11770,11977,8476,10823,11977,8643,31.6,3260,85,0,1578,version 5.xlsx,5,No Holiday,0
10/31/2023,2023,10,October,304,44,Tuesday,Post_Monsoon,3,0,Weekday,Weekday,0,0,0,0,1,1,0,0,4483,4483,0,12466,11987,12466,8643,11078,12466,8872,34.6,3149,85,0,1606,version 5.xlsx,5,No Holiday,0
11/1/2023,2023,11,November,305,44,Wednesday,Post_Monsoon,3,0,Weekday,Weekday,0,0,0,0,3,0,1,0,4657,4657,0,12570,12243,12524,8872,10963,12524,9243,34.3,3379,85,0,1607,version 5.xlsx,5,No Holiday,0
11/2/2023,2023,11,November,306,44,Thursday,Post_Monsoon,3,0,Weekday,Weekday,0,0,0,0,0,1,0,0,4640,4640,0,12650,12400,12608,9243,11209,12608,9084,34.3,3255,85,0,1607,version 5.xlsx,5,No Holiday,0
11/3/2023,2023,11,November,307,44,Friday,Post_Monsoon,3,0,Weekday,Weekday,0,1,0,0,2,0,1,0,3805,3805,0,11040,10606,11014,8889,9790,11014,8659,32.7,3148,85,0,1832,version 5.xlsx,5,No Holiday,0
11/4/2023,2023,11,November,308,44,Saturday,Post_Monsoon,3,0,Weekday,Weekday,0,0,0,0,51,0,0,1,4574,4574,0,12270,11910,12247,8659,10302,12247,8894,32.5,3209,85,0,1832,version 5.xlsx,5,No Holiday,0
11/5/2023,2023,11,November,309,44,Sunday,Post_Monsoon,3,0,Weekday,Weekday,0,0,0,0,2,0,1,0,4659,4659,0,12197,11826,12197,8894,10908,12197,8534,32,3171,85,0,1837,version 5.xlsx,5,No Holiday,0
11/6/2023,2023,11,November,310,45,Monday,Post_Monsoon,3,0,Weekday,Weekday,0,0,0,0,0,1,0,0,4472,4472,0,11741,11484,11725,8534,10465,11725,8279,31.4,3205,85,0,1868,version 5.xlsx,5,No Holiday,0
11/7/2023,2023,11,November,311,45,Tuesday,Post_Monsoon,3,0,Weekday,Weekday,0,0,0,0,3,0,1,0,4308,4308,0,11253,10830,11253,8279,10318,11253,7970,30.1,3327,85,0,1840,version 5.xlsx,5,No Holiday,0
11/8/2023,2023,11,November,312,45,Wednesday,Post_Monsoon,3,0,Weekday,Weekday,0,0,0,0,1,1,0,0,4420,4420,0,11315,10954,11315,7970,9911,11315,7938,30.1,3432,85,0,1745,version 5.xlsx,5,No Holiday,0
11/9/2023,2023,11,November,313,45,Thursday,Post_Monsoon,3,0,Weekday,Weekday,0,0,0,0,0,1,0,0,4417,4417,0,11740,11099,11740,7938,10048,11740,7748,30.2,3786,85,0,1711,version 5.xlsx,5,No Holiday,0
11/10/2023,2023,11,November,314,45,Friday,Post_Monsoon,3,0,Weekday,Weekday,0,1,0,0,3,0,1,0,4417,4417,0,9556,9187,9556,7737,8735,9556,7369,31.6,3262,85,0,1695,version 5.xlsx,5,No Holiday,0
11/11/2023,2023,11,November,315,45,Saturday,Post_Monsoon,3,0,Weekday,Weekday,0,0,0,0,3,0,1,0,4349,4349,0,11207,10994,11207,7369,9414,11207,7754,31.6,3447,85,0,1601,version 5.xlsx,5,No Holiday,0
11/12/2023,2023,11,November,316,45,Sunday,Post_Monsoon,3,0,Weekday,Weekday,0,0,0,0,0,1,0,0,4490,4490,0,11680,11185,11680,7754,10201,11680,7806,31.6,3600,85,0,1602,version 5.xlsx,5,No Holiday,0
11/13/2023,2023,11,November,317,46,Monday,Post_Monsoon,3,0,Weekday,Weekday,0,0,0,0,3,0,1,0,4477,4477,0,11553,11207,11553,7806,10157,11553,7882,31.9,3379,189,0,1821,version 5.xlsx,5,No Holiday,0
11/14/2023,2023,11,November,318,46,Tuesday,Post_Monsoon,3,0,Weekday,Weekday,0,0,0,0,3,0,1,0,4524,4524,0,11657,11292,11657,7882,10298,11657,8060,31.8,3500,189,0,1823,version 5.xlsx,5,No Holiday,0
11/15/2023,2023,11,November,319,46,Wednesday,Post_Monsoon,3,0,Weekday,Weekday,0,0,0,0,3,0,1,0,4547,4547,0,11892,11526,11892,8060,10345,11892,8260,32.6,3411,189,0,1821,version 5.xlsx,5,No Holiday,0
11/16/2023,2023,11,November,320,46,Thursday,Post_Monsoon,3,0,Weekday,Weekday,0,0,0,0,55,0,0,1,4402,4402,0,11088,10675,11088,8260,9805,11088,6877,27.4,3574,189,0,1824,version 5.xlsx,5,No Holiday,0
11/17/2023,2023,11,November,321,46,Friday,Post_Monsoon,3,0,Weekday,Weekday,0,1,0,0,65,0,0,1,4270,4270,0,11033,10661,8827,6845,9557,11033,5719,22.6,3942,189,0,1821,version 5.xlsx,5,No Holiday,0
11/18/2023,2023,11,November,322,46,Saturday,Post_Monsoon,3,0,Weekday,Weekday,0,0,0,0,3,0,1,0,4108,4108,0,10596,10100,10596,7338,8588,10596,7338,29.4,3307,189,0,1791,version 5.xlsx,5,No Holiday,0
11/19/2023,2023,11,November,323,46,Sunday,Post_Monsoon,3,0,Weekday,Weekday,0,0,0,0,51,0,0,1,4270,4270,0,11033,10661,11033,7338,9557,11033,7592,30.2,3669,189,0,1801,version 5.xlsx,5,No Holiday,0
11/20/2023,2023,11,November,324,47,Monday,Post_Monsoon,3,0,Weekday,Weekday,0,0,0,0,3,0,1,0,4350,4350,0,11253,10972,11253,7592,9710,11253,7812,31.8,3066,189,0,2143,version 5.xlsx,5,No Holiday,0
11/21/2023,2023,11,November,325,47,Tuesday,Post_Monsoon,3,0,Weekday,Weekday,0,0,0,0,3,0,1,0,4371,4371,0,11034,10883,11034,7812,9707,11034,7580,29.4,3017,189,0,2143,version 5.xlsx,5,No Holiday,0
11/22/2023,2023,11,November,326,47,Wednesday,Post_Monsoon,3,0,Weekday,Weekday,0,0,0,0,0,1,0,0,4211,4211,0,10696,10461,10696,7580,9436,10696,7341,29.6,2733,189,0,2153,version 5.xlsx,5,No Holiday,0
11/23/2023,2023,11,November,327,47,Thursday,Post_Monsoon,3,0,Weekday,Weekday,0,0,0,0,0,1,0,0,4066,4066,0,10409,10327,10409,7341,9340,10409,7277,29.2,2922,189,0,2153,version 5.xlsx,5,No Holiday,0
11/24/2023,2023,11,November,328,47,Friday,Post_Monsoon,3,0,Weekday,Weekday,0,1,0,0,1,1,0,0,4066,4066,0,9061,8783,9061,7277,8215,9061,6700,29.2,2615,189,0,2153,version 5.xlsx,5,No Holiday,0
11/25/2023,2023,11,November,329,47,Saturday,Post_Monsoon,3,0,Weekday,Weekday,0,0,0,0,0,1,0,0,3890,3890,0,10583,10154,10583,6700,8140,10583,7092,30.1,2667,189,0,2155,version 5.xlsx,5,No Holiday,0
11/26/2023,2023,11,November,330,47,Sunday,Post_Monsoon,3,0,Weekday,Weekday,0,0,0,0,0,1,0,0,4125,4125,0,10721,10481,10721,7092,9325,10721,7273,31.4,2793,189,0,2154,version 5.xlsx,5,No Holiday,0
11/27/2023,2023,11,November,331,48,Monday,Post_Monsoon,3,0,Weekday,Weekday,0,0,0,0,3,0,1,0,4337,4337,0,10831,10746,10831,7273,9553,10831,7508,32.4,2732,189,0,2155,version 5.xlsx,5,No Holiday,0
11/28/2023,2023,11,November,332,48,Tuesday,Post_Monsoon,3,0,Weekday,Weekday,0,0,0,0,3,0,1,0,4343,4343,0,10847,10745,10847,7508,9651,10847,7400,32.5,2522,189,0,2151,version 5.xlsx,5,No Holiday,0
11/29/2023,2023,11,November,333,48,Wednesday,Post_Monsoon,3,0,Weekday,Weekday,0,0,0,0,3,0,1,0,4237,4237,0,10786,10576,10786,7400,9568,10786,7398,29.2,2738,189,0,2518,version 5.xlsx,5,No Holiday,0
11/30/2023,2023,11,November,334,48,Thursday,Post_Monsoon,3,0,Weekday,Weekday,0,0,0,0,3,0,1,0,4214,4214,0,10725,10550,10725,7398,9608,10725,7375,22.6,2695,189,0,2519,version 5.xlsx,5,No Holiday,0
12/1/2023,2023,12,December,335,48,Friday,Winter,0,0,Weekday,Weekday,0,1,0,0,3,0,1,0,4214,4214,0,9203,8805,9203,7361,8306,9203,6874,31.7,2514,189,0,2518,version 5.xlsx,5,No Holiday,0
12/2/2023,2023,12,December,336,48,Saturday,Winter,0,0,Weekday,Weekday,0,0,0,0,3,0,1,0,3797,3797,0,10636,10117,10636,6874,8833,10636,7314,30.3,2740,189,0,2518,version 5.xlsx,5,No Holiday,0
12/3/2023,2023,12,December,337,48,Sunday,Winter,0,0,Weekday,Weekday,0,0,0,0,3,0,1,0,4217,4217,0,10876,10511,10876,7314,9413,10876,7224,30.8,2869,189,0,2518,version 5.xlsx,5,No Holiday,0
12/4/2023,2023,12,December,338,49,Monday,Winter,0,0,Weekday,Weekday,0,0,0,0,3,0,1,0,4082,4082,0,10921,10273,10921,7224,9415,10921,7347,30.3,2776,189,0,2418,version 5.xlsx,5,No Holiday,0
12/5/2023,2023,12,December,339,49,Tuesday,Winter,0,0,Weekday,Weekday,0,0,0,0,53,0,0,1,4122,4122,0,10838,10404,10838,7347,9039,10838,7309,27.1,2741,189,0,2223,version 5.xlsx,5,No Holiday,0
12/6/2023,2023,12,December,340,49,Wednesday,Winter,0,0,Weekday,Weekday,0,0,0,0,53,0,0,1,4172,4172,0,10827,10418,10827,7309,9153,10827,6835,27,2828,189,0,2243,version 5.xlsx,5,No Holiday,0
12/7/2023,2023,12,December,341,49,Thursday,Winter,0,0,Weekday,Weekday,0,0,0,0,63,0,0,1,3721,3721,0,9839,9528,9839,6835,9214,9839,6539,21,2800,189,0,2248,version 5.xlsx,5,No Holiday,0
12/8/2023,2023,12,December,342,49,Friday,Winter,0,0,Weekday,Weekday,0,1,0,0,51,0,0,1,3715,3715,0,8619,8211,8619,6539,8019,8619,6263,23.5,2893,189,0,2208,version 5.xlsx,5,No Holiday,0
12/9/2023,2023,12,December,343,49,Saturday,Winter,0,0,Weekday,Weekday,0,0,0,0,2,0,1,0,3578,3578,0,9849,9545,9849,6263,8067,9849,6672,26.3,2975,189,0,2188,version 5.xlsx,5,No Holiday,0
12/10/2023,2023,12,December,344,49,Sunday,Winter,0,0,Weekday,Weekday,0,0,0,0,0,1,0,0,3715,3715,0,9773,9735,9773,6672,8640,9773,6576,25.2,3164,189,0,2238,version 5.xlsx,5,No Holiday,0
12/11/2023,2023,12,December,345,50,Monday,Winter,0,0,Weekday,Weekday,0,0,0,0,1,1,0,0,3704,3704,0,9966,9684,9966,6576,8635,9966,6609,23.9,3271,189,0,2228,version 5.xlsx,5,No Holiday,0
12/12/2023,2023,12,December,346,50,Tuesday,Winter,0,0,Weekday,Weekday,0,0,0,0,3,0,1,0,3692,3692,0,10074,9549,10074,6609,8810,10074,6602,24.1,3298,139,0,2258,version 5.xlsx,5,No Holiday,0
12/13/2023,2023,12,December,347,50,Wednesday,Winter,0,0,Weekday,Weekday,0,0,0,0,2,0,1,0,3770,3770,0,10083,9720,10083,6602,9003,10083,6526,25.7,2963,189,0,2208,version 5.xlsx,5,No Holiday,0
12/14/2023,2023,12,December,348,50,Thursday,Winter,0,0,Weekday,Weekday,0,0,0,0,3,0,1,0,3650,3650,0,9911,9555,9911,6526,8870,9911,6439,25.6,2718,199,0,2518,version 5.xlsx,5,No Holiday,0
12/15/2023,2023,12,December,349,50,Friday,Winter,0,0,Weekday,Weekday,0,1,0,0,3,0,1,0,2805,2805,0,8466,8165,8466,6439,7625,8466,5848,26.2,2377,189,0,2518,version 5.xlsx,5,No Holiday,0
12/16/2023,2023,12,December,350,50,Saturday,Winter,0,1,Victory Day,National,1,0,0,0,0,1,0,0,3429,3429,0,8192,7847,8192,5848,7199,8192,5635,26,2023,189,0,2518,version 5.xlsx,5,Victory Day,1
12/17/2023,2023,12,December,351,50,Sunday,Winter,0,0,Weekday,Weekday,0,0,0,0,0,1,0,0,3429,3429,0,9648,9163,9648,5635,8567,9648,6274,26.7,2119,189,0,2546,version 5.xlsx,5,No Holiday,0
12/18/2023,2023,12,December,352,51,Monday,Winter,0,0,Weekday,Weekday,0,0,0,0,3,0,1,0,3686,3686,0,10111,9620,10111,6274,8756,10111,6353,26.9,2215,189,0,2546,version 5.xlsx,5,No Holiday,0
12/19/2023,2023,12,December,353,51,Tuesday,Winter,0,0,Weekday,Weekday,0,0,0,0,3,0,1,0,3735,3735,0,10180,9745,10180,6353,8790,10180,6533,26.5,2289,189,0,2546,version 5.xlsx,5,No Holiday,0
12/20/2023,2023,12,December,354,51,Wednesday,Winter,0,0,Weekday,Weekday,0,0,0,0,3,0,1,0,3774,3774,0,10093,9764,10093,6533,9048,10093,6620,27.5,2341,189,0,2546,version 5.xlsx,5,No Holiday,0
12/21/2023,2023,12,December,355,51,Thursday,Winter,0,0,Weekday,Weekday,0,0,0,0,3,0,1,0,3874,3874,0,10145,9882,10145,6620,9235,10145,6628,28.1,2320,189,0,2546,version 5.xlsx,5,No Holiday,0
12/22/2023,2023,12,December,356,51,Friday,Winter,0,0,Weekday,Weekday,0,1,0,0,3,0,1,0,3774,3774,0,8694,8402,8737,6628,8173,8694,6197,27.5,2264,189,0,2589,version 5.xlsx,5,No Holiday,0
12/23/2023,2023,12,December,357,51,Saturday,Winter,0,0,Weekday,Weekday,0,0,0,0,51,0,0,1,3630,3630,0,9910,9526,9910,6197,8475,9910,6565,26.9,2268,189,0,2549,version 5.xlsx,5,No Holiday,0
12/24/2023,2023,12,December,358,51,Sunday,Winter,0,0,Weekday,Weekday,0,0,0,0,3,0,1,0,3813,3813,0,10203,9881,10203,6565,9141,10203,6658,26.8,2387,189,0,2249,version 5.xlsx,5,No Holiday,0
12/25/2023,2023,12,December,359,52,Monday,Winter,0,1,Christmas Day,Religious_Christian,4,0,0,0,3,0,1,0,3649,3649,0,9985,9656,9985,6658,9015,9985,6544,26.7,2342,189,0,2271,version 5.xlsx,5,Christmas,1
12/26/2023,2023,12,December,360,52,Tuesday,Winter,0,0,Weekday,Weekday,0,0,0,0,2,0,1,0,3769,3769,0,10225,9859,10225,6544,9194,10225,6680,26.7,2366,189,0,2236,version 5.xlsx,5,No Holiday,0
12/27/2023,2023,12,December,361,52,Wednesday,Winter,0,0,Weekday,Weekday,0,0,0,0,3,0,1,0,3929,3929,0,10396,10052,10396,6680,9540,10396,6840,27,2487,189,0,2090,version 5.xlsx,5,No Holiday,0
12/28/2023,2023,12,December,362,52,Thursday,Winter,0,0,Weekday,Weekday,0,0,0,0,1,1,0,0,3912,3912,0,10487,9997,10487,6840,9618,10487,6765,27.9,2456,189,0,2199,version 5.xlsx,5,No Holiday,0
12/29/2023,2023,12,December,363,52,Friday,Winter,0,0,Weekday,Weekday,0,1,0,0,0,1,0,0,4237,4237,0,10786,10576,10786,7400,9568,10786,7398,29.2,2326,189,0,2158,version 5.xlsx,5,No Holiday,0
12/30/2023,2023,12,December,364,52,Saturday,Winter,0,0,Weekday,Weekday,0,0,0,0,0,1,0,0,3781,3781,0,10262,9784,10262,6281,8923,10262,6752,28.1,2298,189,0,2221,version 5.xlsx,5,No Holiday,0
12/31/2023,2023,12,December,365,52,Sunday,Winter,0,0,Weekday,Weekday,0,0,0,0,0,1,0,0,3882,3882,0,10204,9929,10204,6752,9514,10204,6598,23.7,4403,189,0,2493,version 5.xlsx,5,No Holiday,0
1/1/2024,2024,1,January,1,1,Monday,Winter,0,0,Weekday,Weekday,0,0,0,0,0,1,0,0,3505,3505,0,9944,9415,9944,6598,9084,9944,6514,25.3,5053,189,0,2471,version 5.xlsx,5,No Holiday,0
1/2/2024,2024,1,January,2,1,Tuesday,Winter,0,0,Weekday,Weekday,0,0,0,0,0,1,0,0,3705,3705,0,10056,9753,10056,6514,9294,10056,6464,23.5,4940,189,0,2473,version 5.xlsx,5,No Holiday,0
1/3/2024,2024,1,January,3,1,Wednesday,Winter,0,0,Weekday,Weekday,0,0,0,0,0,1,0,0,3739,3739,0,10131,9816,10131,6464,9287,10131,6481,22.2,5053,189,0,2473,version 5.xlsx,5,No Holiday,0
1/4/2024,2024,1,January,4,1,Thursday,Winter,0,0,Weekday,Weekday,0,0,0,0,3,0,1,0,3740,3740,0,10107,9853,10107,6481,9508,10107,6576,25.5,4802,189,0,2472,version 5.xlsx,5,No Holiday,0
1/5/2024,2024,1,January,5,1,Friday,Winter,0,0,Weekday,Weekday,0,1,0,0,0,1,0,0,3015,3015,0,9168,8721,9230,6576,8731,9168,6149,22.6,4452,189,0,2473,version 5.xlsx,5,No Holiday,0
1/6/2024,2024,1,January,6,1,Saturday,Winter,0,0,Weekday,Weekday,0,0,0,0,0,1,0,0,3039,3039,0,9113,8715,9219,6149,8712,9113,5639,26.7,4545,189,0,2498,version 5.xlsx,5,No Holiday,0
1/7/2024,2024,1,January,7,1,Sunday,Winter,0,1,National Election Day,Special_Event,5,0,0,0,2,0,1,0,3039,3039,0,7468,7122,7468,5639,8731,7468,4997,27,4495,189,0,2473,version 5.xlsx,5,National Election ,1
1/8/2024,2024,1,January,8,2,Monday,Winter,0,0,Weekday,Weekday,0,0,0,0,0,1,0,0,3248,3248,0,9566,9147,9566,4997,8810,9566,6272,25.7,4159,189,0,2569,version 5.xlsx,5,No Holiday,0
1/9/2024,2024,1,January,9,2,Tuesday,Winter,0,0,Weekday,Weekday,0,0,0,0,0,1,0,0,3442,3442,0,9759,9339,9759,6272,9189,9759,6495,23.5,4214,189,0,2569,version 5.xlsx,5,No Holiday,0
1/10/2024,2024,1,January,10,2,Wednesday,Winter,0,0,Weekday,Weekday,0,0,0,0,0,1,0,0,3625,3625,0,10086,9693,10086,6495,9280,10086,6716,23,4332,189,0,2569,version 5.xlsx,5,No Holiday,0
1/11/2024,2024,1,January,11,2,Thursday,Winter,0,0,Weekday,Weekday,0,0,0,0,3,0,1,0,3710,3710,0,10280,9792,10280,6716,9530,10280,6656,22.6,4335,189,0,2569,version 5.xlsx,5,No Holiday,0
1/12/2024,2024,1,January,12,2,Friday,Winter,0,0,Weekday,Weekday,0,1,0,0,3,0,1,0,2990,2990,0,9084,8667,9589,6656,8852,9084,6118,18.5,4043,189,0,2309,version 5.xlsx,5,No Holiday,0
1/13/2024,2024,1,January,13,2,Saturday,Winter,0,0,Weekday,Weekday,0,0,0,0,0,1,0,0,3621,3621,0,10286,9851,10286,6118,8914,10286,6652,17.6,4324,189,0,2569,version 5.xlsx,5,No Holiday,0
1/14/2024,2024,1,January,14,2,Sunday,Winter,0,0,Weekday,Weekday,0,0,0,0,3,0,1,0,3687,3687,0,10437,9954,10437,6652,9557,10437,6722,18.1,4665,159,0,2569,version 5.xlsx,5,No Holiday,0
1/15/2024,2024,1,January,15,3,Monday,Winter,0,0,Weekday,Weekday,0,0,0,0,2,0,1,0,3717,3717,0,10368,9857,10368,6722,9335,10368,6811,18.1,4401,189,0,2569,version 5.xlsx,5,No Holiday,0
1/16/2024,2024,1,January,16,3,Tuesday,Winter,0,0,Weekday,Weekday,0,0,0,0,3,0,1,0,3765,3765,0,10517,10039,10517,6811,9725,10517,6792,18.5,4348,189,0,2318,version 5.xlsx,5,No Holiday,0
1/17/2024,2024,1,January,17,3,Wednesday,Winter,0,0,Weekday,Weekday,0,0,0,0,0,1,0,0,3764,3764,0,10515,10041,10515,6792,9843,10515,6736,18.2,4503,189,0,2099,version 5.xlsx,5,No Holiday,0
1/18/2024,2024,1,January,18,3,Thursday,Winter,0,0,Weekday,Weekday,0,0,0,0,3,0,1,0,3872,3872,0,10544,10142,10544,6736,9746,10544,6937,23.1,5195,189,0,2400,version 5.xlsx,5,No Holiday,0
1/19/2024,2024,1,January,19,3,Friday,Winter,0,0,Weekday,Weekday,0,1,0,0,51,0,0,1,3116,3116,0,9530,9060,9530,6937,9087,9530,6485,22.3,5854,189,0,2404,version 5.xlsx,5,No Holiday,0
1/20/2024,2024,1,January,20,3,Saturday,Winter,0,0,Weekday,Weekday,0,0,0,0,3,0,1,0,3541,3437,104,10440,9782,9794,6485,9019,9794,6956,23,5224,189,0,2442,version 5.xlsx,5,No Holiday,0
1/21/2024,2024,1,January,21,3,Sunday,Winter,0,0,Weekday,Weekday,0,0,0,0,3,0,1,0,3587,3587,0,10276,9714,10276,6956,9133,10276,6937,23.6,5221,189,0,2399,version 5.xlsx,5,No Holiday,0
1/22/2024,2024,1,January,22,4,Monday,Winter,0,0,Weekday,Weekday,0,0,0,0,3,0,1,0,3702,3702,0,10616,10076,10558,6937,9918,10558,6763,17.4,4800,189,0,2397,version 5.xlsx,5,No Holiday,0
1/23/2024,2024,1,January,23,4,Tuesday,Winter,0,0,Weekday,Weekday,0,0,0,0,3,0,1,0,3772,3772,0,10713,10172,10713,6763,9797,10713,6840,22.6,4258,189,0,2389,version 5.xlsx,5,No Holiday,0
1/24/2024,2024,1,January,24,4,Wednesday,Winter,0,0,Weekday,Weekday,0,0,0,0,51,0,0,1,3712,3712,0,10455,9898,10455,6840,9737,10455,6843,23.4,4200,159,0,2387,version 5.xlsx,5,No Holiday,0
1/25/2024,2024,1,January,25,4,Thursday,Winter,0,0,Weekday,Weekday,0,0,0,0,3,0,1,0,3781,3781,0,10692,10115,10692,6843,9795,10692,7047,23.6,4120,189,0,2619,version 5.xlsx,5,No Holiday,0
1/26/2024,2024,1,January,26,4,Friday,Winter,0,0,Weekday,Weekday,0,1,0,0,3,0,1,0,2959,2959,0,9227,8791,9831,7047,9186,9227,6284,24,4210,189,0,2647,version 5.xlsx,5,No Holiday,0
1/27/2024,2024,1,January,27,4,Saturday,Winter,0,0,Weekday,Weekday,0,0,0,0,3,0,1,0,3676,3676,0,10580,10143,10580,6939,9930,10580,7013,26.2,4438,189,0,3032,version 5.xlsx,5,No Holiday,0
1/28/2024,2024,1,January,28,4,Sunday,Winter,0,0,Weekday,Weekday,0,0,0,0,2,0,1,0,3676,3676,0,10580,10143,10580,6939,9930,10580,7013,26.2,4438,189,0,3032,version 5.xlsx,5,No Holiday,0
1/29/2024,2024,1,January,29,5,Monday,Winter,0,0,Weekday,Weekday,0,0,0,0,2,0,1,0,3587,3587,0,10276,9714,10276,6956,9133,10276,6937,23.6,5221,189,0,2399,version 5.xlsx,5,No Holiday,0
1/30/2024,2024,1,January,30,5,Tuesday,Winter,0,0,Weekday,Weekday,0,0,0,0,53,0,0,1,3587,3587,0,10276,9714,10276,6956,9133,10276,6937,23.6,5221,189,0,2399,version 5.xlsx,5,No Holiday,0
1/31/2024,2024,1,January,31,5,Wednesday,Winter,0,0,Weekday,Weekday,0,0,0,0,51,0,0,1,3829,3829,0,10704,10124,10704,7119,10109,10704,6958,26.6,4388,189,0,3044,version 5.xlsx,5,No Holiday,0
2/1/2024,2024,2,February,32,5,Thursday,Winter,0,0,Weekday,Weekday,0,0,0,0,61,0,0,1,3613,3613,0,10424,9833,10424,6958,9975,10424,7025,26.4,4305,189,0,3045,version 5.xlsx,5,No Holiday,0
2/2/2024,2024,2,February,33,5,Friday,Winter,0,0,Weekday,Weekday,0,1,0,0,51,0,0,1,3024,3024,0,9311,8924,9578,7025,9253,9311,6526,27.4,4374,189,0,3047,version 5.xlsx,5,No Holiday,0
2/3/2024,2024,2,February,34,5,Saturday,Winter,0,0,Weekday,Weekday,0,0,0,0,1,1,0,0,3596,3596,0,10550,10018,10550,6526,9520,10550,7008,27.5,4024,189,0,3236,version 5.xlsx,5,No Holiday,0
2/4/2024,2024,2,February,35,5,Sunday,Winter,0,0,Weekday,Weekday,0,0,0,0,0,1,0,0,3499,3499,0,10425,9947,10346,7008,9642,10346,7082,27.8,4260,189,0,3236,version 5.xlsx,5,No Holiday,0
2/5/2024,2024,2,February,36,6,Monday,Winter,0,0,Weekday,Weekday,0,0,0,0,2,0,1,0,3622,3622,0,10465,10007,10437,7082,9761,10437,6988,28.1,3864,189,0,3237,version 5.xlsx,5,No Holiday,0
2/6/2024,2024,2,February,37,6,Tuesday,Winter,0,0,Weekday,Weekday,0,0,0,0,53,0,0,1,3853,3853,0,10888,10308,10888,6988,9431,10888,7294,25.4,3707,189,0,2994,version 5.xlsx,5,No Holiday,0
2/7/2024,2024,2,February,38,6,Wednesday,Winter,0,0,Weekday,Weekday,0,0,0,0,3,0,1,0,3851,3843,8,10980,10488,10886,7294,9964,10886,7297,26.3,4021,189,0,2596,version 5.xlsx,5,No Holiday,0
2/8/2024,2024,2,February,39,6,Thursday,Winter,0,0,Weekday,Weekday,0,0,0,0,3,0,1,0,3867,3867,0,10850,10262,10783,7297,10172,10783,7165,25.4,2682,189,0,2208,version 5.xlsx,5,No Holiday,0
2/9/2024,2024,2,February,40,6,Friday,Winter,0,0,Weekday,Weekday,0,1,0,0,3,0,1,0,3780,3780,0,9345,8942,9670,7165,9108,9282,6604,26.4,2559,189,0,2180,version 5.xlsx,5,No Holiday,0
2/10/2024,2024,2,February,41,6,Saturday,Winter,0,0,Weekday,Weekday,0,0,0,0,0,1,0,0,3705,3705,0,10645,10283,10615,6604,9394,10615,7140,27.4,2976,189,0,2181,version 5.xlsx,5,No Holiday,0
2/11/2024,2024,2,February,42,6,Sunday,Winter,0,0,Weekday,Weekday,0,0,0,0,3,0,1,0,3780,3780,0,10740,10305,10644,7140,10031,10644,7115,28.6,3018,189,0,2117,version 5.xlsx,5,No Holiday,0
2/12/2024,2024,2,February,43,7,Monday,Winter,0,0,Weekday,Weekday,0,0,0,0,3,0,1,0,3840,3840,0,10900,10417,10798,7115,10051,10798,7288,29.3,2971,189,0,2116,version 5.xlsx,5,No Holiday,0
2/13/2024,2024,2,February,44,7,Tuesday,Winter,0,0,Weekday,Weekday,0,0,0,0,3,0,1,0,3908,3908,0,10930,10486,10836,7288,10295,10836,7431,30,2893,189,0,2116,version 5.xlsx,5,No Holiday,0
2/14/2024,2024,2,February,45,7,Wednesday,Winter,0,0,Weekday,Weekday,0,0,0,0,3,0,1,0,3985,3985,0,11043,10561,10980,7431,10428,10980,7492,29.6,3002,189,0,2115,version 5.xlsx,5,No Holiday,0
2/15/2024,2024,2,February,46,7,Thursday,Winter,0,0,Weekday,Weekday,0,0,0,0,51,0,0,1,4128,4108,20,11040,10538,11024,7492,10886,10944,6950,29.3,3115,189,190,2895,version 5.xlsx,5,No Holiday,0
2/16/2024,2024,2,February,47,7,Friday,Winter,0,0,Weekday,Weekday,0,1,0,0,0,1,0,0,3295,3295,0,9925,9484,10014,6950,9592,9854,7228,30.4,2858,189,190,2900,version 5.xlsx,5,No Holiday,0
2/17/2024,2024,2,February,48,7,Saturday,Winter,0,0,Weekday,Weekday,0,0,0,0,0,1,0,0,3947,3947,0,11275,10732,11152,7228,9958,11152,7628,28.8,3121,189,190,2740,version 5.xlsx,5,No Holiday,0
2/18/2024,2024,2,February,49,7,Sunday,Winter,0,0,Weekday,Weekday,0,0,0,0,2,0,1,0,4116,4088,28,11350,10862,11192,7628,10561,11192,7644,29.2,2910,189,190,2740,version 5.xlsx,5,No Holiday,0
2/19/2024,2024,2,February,50,8,Monday,Winter,0,0,Weekday,Weekday,0,0,0,0,0,1,0,0,4209,4199,10,11600,11075,11426,7644,10733,11426,7763,30.2,2638,189,190,2961,version 5.xlsx,5,No Holiday,0
2/20/2024,2024,2,February,51,8,Tuesday,Winter,0,0,Weekday,Weekday,0,0,0,0,51,0,0,1,4245,4221,24,11600,11044,11433,7763,10688,11433,7627,29,2794,189,190,2958,version 5.xlsx,5,No Holiday,0
2/21/2024,2024,2,February,52,8,Wednesday,Winter,0,1,Martyrs' Day and International Mother Language Day,National,1,0,0,0,3,0,1,0,3341,3341,0,9940,9771,10042,7627,9810,9940,7368,31.6,2840,189,190,2600,version 5.xlsx,5,International mother language day,1
2/22/2024,2024,2,February,53,8,Thursday,Winter,0,0,Weekday,Weekday,0,0,0,0,63,0,0,1,3825,3825,0,10598,10190,10598,7368,10067,10598,7210,29,2679,189,190,2691,version 5.xlsx,5,No Holiday,0
2/23/2024,2024,2,February,54,8,Friday,Winter,0,0,Weekday,Weekday,0,1,0,0,63,0,0,1,3324,3324,0,9893,9564,9893,7210,9346,9893,7133,28,2916,189,190,2280,version 5.xlsx,5,No Holiday,0
2/24/2024,2024,2,February,55,8,Saturday,Winter,0,0,Weekday,Weekday,0,0,0,0,3,0,1,0,4026,4026,0,11132,10808,11132,7133,9774,11132,7439,29,3104,189,190,2280,version 5.xlsx,5,No Holiday,0
2/25/2024,2024,2,February,56,8,Sunday,Winter,0,0,Weekday,Weekday,0,0,0,0,61,0,0,1,3577,3577,0,10307,9838,10307,7439,10066,10307,6491,26.8,3042,189,190,2328,version 5.xlsx,5,No Holiday,0
2/26/2024,2024,2,February,57,9,Monday,Winter,0,1,Mid-Sha'ban,Religious_Islamic,2,0,0,0,3,0,1,0,4026,4026,0,9551,9248,9551,6491,8230,9551,7118,29,2904,189,190,2328,version 5.xlsx,5,Sab-E-Barat,1
2/27/2024,2024,2,February,58,9,Tuesday,Winter,0,0,Weekday,Weekday,0,0,0,0,3,0,1,0,4034,4034,0,11075,10752,11041,7118,10663,11041,7604,29.2,2992,189,190,1878,version 5.xlsx,5,No Holiday,0
2/28/2024,2024,2,February,59,9,Wednesday,Winter,0,0,Weekday,Weekday,0,0,0,0,3,0,1,0,4115,4115,0,11424,10952,11403,7604,10864,11403,7937,30.1,3199,189,190,1878,version 5.xlsx,5,No Holiday,0
2/29/2024,2024,2,February,60,9,Thursday,Winter,0,0,Weekday,Weekday,0,0,0,0,1,1,0,0,4284,4284,0,11437,11139,11385,7937,11039,11385,7900,30.5,3091,189,190,1849,version 5.xlsx,5,No Holiday,0
3/1/2024,2024,3,March,61,9,Friday,Pre_Monsoon,1,0,Weekday,Weekday,0,1,0,0,0,1,0,0,3426,3426,0,10170,9903,10151,7900,9834,10151,7303,31,3622,189,190,1851,version 5.xlsx,5,No Holiday,0
3/2/2024,2024,3,March,62,9,Saturday,Pre_Monsoon,1,0,Weekday,Weekday,0,0,0,0,0,1,0,0,4160,4145,15,11470,11069,11397,7303,9950,11397,7913,30.5,3070,189,190,1897,version 5.xlsx,5,No Holiday,0
3/3/2024,2024,3,March,63,9,Sunday,Pre_Monsoon,1,0,Weekday,Weekday,0,0,0,0,3,0,1,0,4366,4366,0,11930,11419,11834,7913,10943,11834,8132,31.4,2968,189,190,1898,version 5.xlsx,5,No Holiday,0
3/4/2024,2024,3,March,64,10,Monday,Pre_Monsoon,1,0,Weekday,Weekday,0,0,0,0,55,0,0,1,4288,4288,0,11629,11223,11603,8132,10649,11603,8285,29.9,2816,189,190,1901,version 5.xlsx,5,No Holiday,0
3/5/2024,2024,3,March,65,10,Tuesday,Pre_Monsoon,1,0,Weekday,Weekday,0,0,0,0,3,0,1,0,4375,4360,15,12040,11619,11921,8285,11147,11921,8334,30.5,2805,189,190,1902,version 5.xlsx,5,No Holiday,0
3/6/2024,2024,3,March,66,10,Wednesday,Pre_Monsoon,1,0,Weekday,Weekday,0,0,0,0,0,1,0,0,4256,4256,0,11800,11409,11749,8334,11027,11749,8254,29.7,2845,189,190,1896,version 5.xlsx,5,No Holiday,0
3/7/2024,2024,3,March,67,10,Thursday,Pre_Monsoon,1,0,Weekday,Weekday,0,0,0,0,0,1,0,0,4274,4274,0,11750,11423,11663,8254,11037,11663,8246,30.6,2594,189,190,1906,version 5.xlsx,5,No Holiday,0
3/8/2024,2024,3,March,68,10,Friday,Pre_Monsoon,1,0,Weekday,Weekday,0,1,0,0,0,1,0,0,3490,3490,0,10535,10201,10494,8246,9803,10494,7865,31,2632,189,200,1951,version 5.xlsx,5,No Holiday,0
3/9/2024,2024,3,March,69,10,Saturday,Pre_Monsoon,1,0,Weekday,Weekday,0,0,0,0,0,1,0,0,4175,4155,20,11825,11282,11724,7865,9964,11724,8334,30.5,2804,189,200,1960,version 5.xlsx,5,No Holiday,0
3/10/2024,2024,3,March,70,10,Sunday,Pre_Monsoon,1,0,Weekday,Weekday,0,0,0,0,0,1,0,0,4312,4312,0,12045,11575,11961,8334,11183,11961,8420,30.3,2873,159,200,1767,version 5.xlsx,5,No Holiday,0
3/11/2024,2024,3,March,71,11,Monday,Pre_Monsoon,1,0,Weekday,Weekday,0,0,0,0,0,1,0,0,4376,4376,0,12400,11862,12244,8420,11155,12244,8544,31.9,2905,159,200,1750,version 5.xlsx,5,Ramadan,3
3/12/2024,2024,3,March,72,11,Tuesday,Pre_Monsoon,1,0,Weekday,Weekday,0,0,0,0,1,1,0,0,4323,4323,0,12300,11684,12206,8544,11355,12206,9209,33.1,2921,159,200,1726,version 5.xlsx,5,Ramadan,3
3/13/2024,2024,3,March,73,11,Wednesday,Pre_Monsoon,1,0,Weekday,Weekday,0,0,0,0,3,0,1,0,4566,4566,0,12780,12215,12621,9209,11515,12621,9821,33.1,2855,159,200,1727,version 5.xlsx,5,Ramadan,3
3/14/2024,2024,3,March,74,11,Thursday,Pre_Monsoon,1,0,Weekday,Weekday,0,0,0,0,53,0,0,1,4511,4511,0,12576,12097,12482,9821,11763,12482,8798,31.7,2835,159,200,1778,version 5.xlsx,5,Ramadan,3
3/15/2024,2024,3,March,75,11,Friday,Pre_Monsoon,1,0,Weekday,Weekday,0,1,0,0,51,0,0,1,4152,4152,0,12300,11735,12216,8798,10657,12216,9286,34.5,2287,159,200,1952,version 5.xlsx,5,Ramadan,3
3/16/2024,2024,3,March,76,11,Saturday,Pre_Monsoon,1,0,Weekday,Weekday,0,0,0,0,51,0,0,1,4413,4413,0,12800,12308,12774,9286,11257,12774,9013,34.6,2217,159,200,1948,version 5.xlsx,5,Ramadan,3
3/17/2024,2024,3,March,77,11,Sunday,Pre_Monsoon,1,1,Sheikh Mujibur Rahman's Birthday,National,1,0,0,0,3,0,1,0,4472,4472,0,13000,12527,12925,9013,11100,12925,9609,34,2890,159,200,1951,version 5.xlsx,5,Ramadan+ Father of nation Birth,1
3/18/2024,2024,3,March,78,12,Monday,Pre_Monsoon,1,0,Weekday,Weekday,0,0,0,0,3,0,1,0,4620,4610,10,13450,12838,13327,9609,11439,13327,9978,33.3,3002,159,200,1729,version 5.xlsx,5,Ramadan,3
3/19/2024,2024,3,March,79,12,Tuesday,Pre_Monsoon,1,0,Weekday,Weekday,0,0,0,0,63,0,0,1,4071,4071,0,12411,11850,12411,9978,11492,12411,8117,34.3,3101,159,200,1770,version 5.xlsx,5,Ramadan,3
3/20/2024,2024,3,March,80,12,Wednesday,Pre_Monsoon,1,0,Weekday,Weekday,0,0,0,0,55,0,0,1,4085,4085,0,10668,10374,10898,8117,9947,10668,8058,27.5,3105,159,200,1769,version 5.xlsx,5,Ramadan,3
3/21/2024,2024,3,March,81,12,Thursday,Pre_Monsoon,1,0,Weekday,Weekday,0,0,0,0,63,0,0,1,3931,3931,0,10246,9998,10333,8058,10124,10246,7249,26.8,3367,189,200,1821,version 5.xlsx,5,Ramadan,3
3/22/2024,2024,3,March,82,12,Friday,Pre_Monsoon,1,0,Weekday,Weekday,0,1,0,0,51,0,0,1,3612,3612,0,10354,10026,10354,7249,9066,10354,7730,29.4,3060,159,200,1859,version 5.xlsx,5,Ramadan,3
3/23/2024,2024,3,March,83,12,Saturday,Pre_Monsoon,1,0,Weekday,Weekday,0,0,0,0,1,1,0,0,4215,4215,0,11281,10801,11281,7730,10399,11281,7652,31.9,3041,159,205,1834,version 5.xlsx,5,Ramadan,3
3/24/2024,2024,3,March,84,12,Sunday,Pre_Monsoon,1,0,Weekday,Weekday,0,0,0,0,51,0,0,1,4101,4101,0,11263,11041,11328,7652,10526,11263,8513,32.7,3182,159,200,1835,version 5.xlsx,5,Ramadan,3
3/25/2024,2024,3,March,85,13,Monday,Pre_Monsoon,1,0,Weekday,Weekday,0,0,0,0,63,0,0,1,4596,4596,0,12925,12377,12883,8513,11228,12883,7965,33.1,3164,159,200,1835,version 5.xlsx,5,Ramadan,3
3/26/2024,2024,3,March,86,13,Tuesday,Pre_Monsoon,1,1,Independence Day,National,1,0,0,0,3,0,1,0,4089,4089,0,12107,11614,12107,7965,9801,12107,9037,32.2,3167,159,200,1766,version 5.xlsx,5,Ramadan+Independence Day,1
3/27/2024,2024,3,March,87,13,Wednesday,Pre_Monsoon,1,0,Weekday,Weekday,0,0,0,0,65,0,0,1,4324,4324,0,11935,11633,12152,9037,11821,11935,9405,33.2,3056,159,200,1767,version 5.xlsx,5,Ramadan,3
3/28/2024,2024,3,March,88,13,Thursday,Pre_Monsoon,1,0,Weekday,Weekday,0,0,0,0,63,0,0,1,4517,4517,0,12695,12277,12652,9405,11585,12652,9493,32.3,2941,159,200,1746,version 5.xlsx,5,Ramadan,3
3/29/2024,2024,3,March,89,13,Friday,Pre_Monsoon,1,0,Weekday,Weekday,0,1,0,0,51,0,0,1,4384,4384,0,13250,12717,13189,9493,11214,13189,10116,32.7,2945,159,200,1736,version 5.xlsx,5,Ramadan,3
3/30/2024,2024,3,March,90,13,Saturday,Pre_Monsoon,1,0,Weekday,Weekday,0,0,0,0,63,0,0,1,4999,4934,65,14050,13546,13406,10116,11576,13353,5627,34.4,3010,159,200,1734,version 5.xlsx,5,Ramadan,3
3/31/2024,2024,3,March,91,13,Sunday,Pre_Monsoon,1,0,Weekday,Weekday,0,0,0,0,53,0,0,1,4830,4820,10,13950,13398,13898,10116,10854,13898,10843,32.8,2911,134,175,1736,version 5.xlsx,5,Ramadan,3
4/1/2024,2024,4,April,92,14,Monday,Pre_Monsoon,1,0,Weekday,Weekday,0,0,0,0,0,1,0,0,5084,4954,130,14650,14042,13757,10843,12049,13757,11162,37.7,2919,109,170,1746,version 5.xlsx,5,Ramadan,3
4/2/2024,2024,4,April,93,14,Tuesday,Pre_Monsoon,1,0,Weekday,Weekday,0,0,0,0,1,1,0,0,5296,5096,200,15000,14378,14008,11162,12147,13707,11640,36.5,2945,109,170,1738,version 5.xlsx,5,Ramadan,3
4/3/2024,2024,4,April,94,14,Wednesday,Pre_Monsoon,1,0,Weekday,Weekday,0,0,0,0,51,0,0,1,5457,5232,225,15250,14598,14091,11640,12415,13967,11689,36,2834,109,200,1741,version 5.xlsx,5,Ramadan,3
4/4/2024,2024,4,April,95,14,Thursday,Pre_Monsoon,1,0,Weekday,Weekday,0,0,0,0,3,0,1,0,5415,5205,210,15500,14770,14291,11689,12402,14245,11832,35.5,2731,109,170,1962,version 5.xlsx,5,Ramadan,3
4/5/2024,2024,4,April,96,14,Friday,Pre_Monsoon,1,1,Jumu'atul-Wida,Religious_Islamic,2,1,0,0,51,0,0,1,4986,4936,50,15300,14606,14438,11832,12385,14438,11791,34,2457,109,170,1964,version 5.xlsx,5,Ramadan,3
4/6/2024,2024,4,April,97,14,Saturday,Pre_Monsoon,1,0,Weekday,Weekday,0,0,0,0,3,0,1,0,5297,5247,50,15700,15024,14779,11791,12670,14695,12065,36.6,2443,139,170,1973,version 5.xlsx,5,Ramadan,3
4/7/2024,2024,4,April,98,14,Sunday,Pre_Monsoon,1,1,Laylat al-Qadr,Religious_Islamic,2,0,0,0,61,0,0,1,4702,4702,0,13850,13200,13572,11881,11881,13572,10717,30.7,2420,129,200,2126,version 5.xlsx,5,Ramadan+Sab-E-QADAR,1
4/8/2024,2024,4,April,99,15,Monday,Pre_Monsoon,1,0,Weekday,Weekday,0,0,0,1,51,0,0,1,3741,3741,0,12800,12232,12700,10717,11791,12700,8851,30.4,2533,139,200,1902,version 5.xlsx,5,Ramadan,3
4/9/2024,2024,4,April,100,15,Tuesday,Pre_Monsoon,1,0,Weekday,Weekday,0,0,0,1,3,0,1,0,3338,3338,0,12729,12124,12729,8851,10541,12729,8885,35.2,2213,159,170,1911,version 5.xlsx,5,Ramadan,3
4/10/2024,2024,4,April,101,15,Wednesday,Pre_Monsoon,1,1,Eid al-Fitr,Religious_Islamic,2,0,0,1,3,0,1,0,3049,3049,0,11948,11373,11948,8885,10049,11948,9132,35.4,1741,189,170,1952,version 5.xlsx,5,Eid-ul-Fitr,2
4/11/2024,2024,4,April,102,15,Thursday,Pre_Monsoon,1,1,Eid al-Fitr,Religious_Islamic,2,0,0,1,3,0,1,0,2799,2799,0,10929,10333,11049,8472,8894,10929,8664,36,1822,159,230,1906,version 5.xlsx,5,Eid-ul-Fitr,2
4/12/2024,2024,4,April,103,15,Friday,Pre_Monsoon,1,1,Eid al-Fitr,Religious_Islamic,2,1,0,1,51,0,0,1,2895,2895,0,11762,11230,11987,8664,9637,11762,9604,36.9,1464,159,200,1967,version 5.xlsx,5,Eid-ul-Fitr,2
4/13/2024,2024,4,April,104,15,Saturday,Pre_Monsoon,1,1,Pahela Baishakh Eve,National,1,0,0,1,51,0,0,1,3161,3161,0,12700,12060,12653,9604,10399,12653,10002,37.6,1628,159,200,1900,version 5.xlsx,5,No Holiday,0
4/14/2024,2024,4,April,105,15,Sunday,Pre_Monsoon,1,1,Bengali New Year's Day,National,1,0,0,1,53,0,0,1,3242,3242,0,12880,12075,12823,10002,10915,12743,10659,37.5,1501,159,200,1898,version 5.xlsx,5,Pohela Baishakh,1
4/15/2024,2024,4,April,106,16,Monday,Pre_Monsoon,1,0,Weekday,Weekday,0,0,0,0,51,0,0,1,3861,3861,0,14350,13539,14093,10659,12011,14093,11589,37.8,1067,189,170,1905,version 5.xlsx,5,No Holiday,0
4/16/2024,2024,4,April,107,16,Tuesday,Pre_Monsoon,1,0,Weekday,Weekday,0,0,0,0,53,0,0,1,3696,3696,0,12830,12226,13362,11589,13091,12780,11377,38.4,892,129,170,1951,version 5.xlsx,5,No Holiday,0
4/17/2024,2024,4,April,108,16,Wednesday,Pre_Monsoon,1,0,Weekday,Weekday,0,0,0,0,61,0,0,1,3755,3755,0,13100,12527,13591,11377,13087,12847,10862,36.3,1103,129,170,1901,version 5.xlsx,5,No Holiday,0
4/18/2024,2024,4,April,109,16,Thursday,Pre_Monsoon,1,0,Weekday,Weekday,0,0,0,0,3,0,1,0,4780,4780,0,15080,14386,14761,10862,13065,14761,11574,36.8,1004,0,200,1901,version 5.xlsx,5,No Holiday,0
4/19/2024,2024,4,April,110,16,Friday,Pre_Monsoon,1,0,Weekday,Weekday,0,1,0,0,3,0,1,0,4532,4532,0,14520,13934,14513,11411,12100,14308,12059,38.4,1227,0,200,1901,version 5.xlsx,5,No Holiday,0
4/20/2024,2024,4,April,111,16,Saturday,Pre_Monsoon,1,0,Weekday,Weekday,0,0,0,0,0,1,0,0,5155,5115,40,15750,15053,15358,12059,13325,15358,13060,40.4,1046,0,200,1901,version 5.xlsx,5,No Holiday,0
4/21/2024,2024,4,April,112,16,Sunday,Pre_Monsoon,1,0,Weekday,Weekday,0,0,0,0,3,0,1,0,5284,5264,20,16000,15248,15666,13060,14295,15666,12877,38.2,1058,0,175,1901,version 5.xlsx,5,No Holiday,0
4/22/2024,2024,4,April,113,17,Monday,Pre_Monsoon,1,0,Weekday,Weekday,0,0,0,0,3,0,1,0,5500,5410,90,16700,15892,16233,12877,14062,16233,13122,37.8,1017,0,160,2017,version 5.xlsx,5,No Holiday,0
4/23/2024,2024,4,April,114,17,Tuesday,Pre_Monsoon,1,0,Weekday,Weekday,0,0,0,0,3,0,1,0,5527,5403,124,16720,16033,15947,13122,13971,15947,12982,38.4,1019,0,170,2008,version 5.xlsx,5,No Holiday,0
4/24/2024,2024,4,April,115,17,Wednesday,Pre_Monsoon,1,0,Weekday,Weekday,0,0,0,0,3,0,1,0,5532,5412,120,16774,15959,15936,12982,14140,15936,13053,39.2,942,0,200,2008,version 5.xlsx,5,No Holiday,0
4/25/2024,2024,4,April,116,17,Thursday,Pre_Monsoon,1,0,Weekday,Weekday,0,0,0,0,1,1,0,0,5823,5663,160,16750,15973,15784,13053,14197,15784,12736,39.1,942,0,200,2006,version 5.xlsx,5,No Holiday,0
4/26/2024,2024,4,April,117,17,Friday,Pre_Monsoon,1,0,Weekday,Weekday,0,1,0,0,2,0,1,0,5176,5176,0,15870,15161,15550,12647,13837,15550,12445,38.2,634,0,170,2010,version 5.xlsx,5,No Holiday,0
4/27/2024,2024,4,April,118,17,Saturday,Pre_Monsoon,1,0,Weekday,Weekday,0,0,0,0,51,0,0,1,5644,5544,100,16750,15915,15810,12445,13673,15810,12941,37.4,807,0,200,2012,version 5.xlsx,5,No Holiday,0
4/28/2024,2024,4,April,119,17,Sunday,Pre_Monsoon,1,0,Weekday,Weekday,0,0,0,0,61,0,0,1,5830,5640,190,17150,16246,15816,12941,13453,15816,13181,39,1026,0,200,2009,version 5.xlsx,5,No Holiday,0
4/29/2024,2024,4,April,120,18,Monday,Pre_Monsoon,1,0,Weekday,Weekday,0,0,0,0,1,1,0,0,5774,5414,360,17200,16417,15595,11993,13036,15595,13148,40.5,1035,0,200,2010,version 5.xlsx,5,No Holiday,0
4/30/2024,2024,4,April,121,18,Tuesday,Pre_Monsoon,1,0,Weekday,Weekday,0,0,0,0,1,1,0,0,5814,5674,140,17000,16074,16477,13148,14301,16477,12871,38.6,995,0,200,2017,version 5.xlsx,5,No Holiday,0
5/1/2024,2024,5,May,122,18,Wednesday,Pre_Monsoon,1,1,May Day,National,1,0,0,0,1,1,0,0,4938,4868,70,15850,15191,15559,12686,13007,15559,13298,39.5,855,0,200,2010,version 5.xlsx,5,May Day,1
5/2/2024,2024,5,May,123,18,Thursday,Pre_Monsoon,1,0,Weekday,Weekday,0,0,0,0,63,0,0,1,5482,5321,161,15850,14991,15360,13298,14149,15360,11149,38.3,843,0,200,2007,version 5.xlsx,5,No Holiday,0
5/3/2024,2024,5,May,124,18,Friday,Pre_Monsoon,1,0,Weekday,Weekday,0,1,0,0,3,0,1,0,4964,4964,0,15075,14488,14994,11149,13172,14929,12323,38.1,629,0,200,2006,version 5.xlsx,5,No Holiday,0
5/4/2024,2024,5,May,125,18,Saturday,Pre_Monsoon,1,0,Weekday,Weekday,0,0,0,0,53,0,0,1,5505,5477,28,15600,14885,15229,12323,13800,15229,10874,36.9,683,0,200,2009,version 5.xlsx,5,No Holiday,0
5/5/2024,2024,5,May,126,18,Sunday,Pre_Monsoon,1,0,Weekday,Weekday,0,0,0,0,63,0,0,1,5525,5490,35,14400,13887,14353,10874,13207,14353,9606,36.7,825,0,200,2077,version 5.xlsx,5,No Holiday,0
5/6/2024,2024,5,May,127,19,Monday,Pre_Monsoon,1,0,Weekday,Weekday,0,0,0,0,63,0,0,1,4235,4235,0,13638,13173,11237,9606,11237,13638,7282,29.8,870,0,200,2077,version 5.xlsx,5,No Holiday,0
5/7/2024,2024,5,May,128,19,Tuesday,Pre_Monsoon,1,0,Weekday,Weekday,0,0,0,0,51,0,0,1,4721,4721,0,13638,13173,13638,9604,11356,13638,6874,32.6,705,0,200,2043,version 5.xlsx,5,No Holiday,0
5/8/2024,2024,5,May,129,19,Wednesday,Pre_Monsoon,1,0,Weekday,Weekday,0,0,0,0,63,0,0,1,4567,4567,0,12781,12345,12781,9080,10663,12781,9604,30.4,702,0,200,2029,version 5.xlsx,5,No Holiday,0
5/9/2024,2024,5,May,130,19,Thursday,Pre_Monsoon,1,0,Weekday,Weekday,0,0,0,0,53,0,0,1,4579,4579,0,12487,11958,12574,9604,12241,12487,9080,34.2,704,0,200,2051,version 5.xlsx,5,No Holiday,0
5/10/2024,2024,5,May,131,19,Friday,Pre_Monsoon,1,0,Weekday,Weekday,0,1,0,0,61,0,0,1,4289,4289,0,12787,12316,12787,9080,10639,12787,8796,34.8,702,0,200,2049,version 5.xlsx,5,No Holiday,0
5/11/2024,2024,5,May,132,19,Saturday,Pre_Monsoon,1,0,Weekday,Weekday,0,0,0,0,53,0,0,1,4717,4717,0,13341,12816,13341,8796,10559,13341,10196,31.4,709,0,200,1997,version 5.xlsx,5,No Holiday,0
5/12/2024,2024,5,May,133,19,Sunday,Pre_Monsoon,1,0,Weekday,Weekday,0,0,0,0,53,0,0,1,4892,4892,0,14202,13572,14165,10196,12356,14165,10826,34.2,702,0,200,1871,version 5.xlsx,5,No Holiday,0
5/13/2024,2024,5,May,134,20,Monday,Pre_Monsoon,1,0,Weekday,Weekday,0,0,0,0,3,0,1,0,5191,5191,0,15150,14479,15019,10826,12870,15019,12270,34,981,0,200,1939,version 5.xlsx,5,No Holiday,0
5/14/2024,2024,5,May,135,20,Tuesday,Pre_Monsoon,1,0,Weekday,Weekday,0,0,0,0,53,0,0,1,5371,5321,50,15700,15043,15435,12270,13701,15435,12482,35.3,997,0,200,1852,version 5.xlsx,5,No Holiday,0
5/15/2024,2024,5,May,136,20,Wednesday,Pre_Monsoon,1,0,Weekday,Weekday,0,0,0,0,3,0,1,0,5530,5430,100,16100,15416,15687,12482,13995,15687,13000,36.3,1136,0,200,1845,version 5.xlsx,5,No Holiday,0
5/16/2024,2024,5,May,137,20,Thursday,Pre_Monsoon,1,0,Weekday,Weekday,0,0,0,0,3,0,1,0,5615,5410,205,15850,15180,15001,13000,14488,14965,12760,37.7,1172,0,200,1847,version 5.xlsx,5,No Holiday,0
5/17/2024,2024,5,May,138,20,Friday,Pre_Monsoon,1,0,Weekday,Weekday,0,1,0,0,3,0,1,0,5190,5190,0,15700,15116,15577,12654,13667,15498,12101,37.3,1170,0,200,1858,version 5.xlsx,5,No Holiday,0
5/18/2024,2024,5,May,139,20,Saturday,Pre_Monsoon,1,0,Weekday,Weekday,0,0,0,0,55,0,0,1,5154,5154,0,14628,14111,14740,11925,11925,14628,11810,31.4,1399,0,200,2024,version 5.xlsx,5,No Holiday,0
5/19/2024,2024,5,May,140,20,Sunday,Pre_Monsoon,1,0,Weekday,Weekday,0,0,0,0,51,0,0,1,5151,5061,90,14300,13661,14206,11810,13540,14206,10691,35.4,1539,0,200,2074,version 5.xlsx,5,No Holiday,0
5/20/2024,2024,5,May,141,21,Monday,Pre_Monsoon,1,0,Weekday,Weekday,0,0,0,0,63,0,0,1,5110,5010,100,14376,13767,14219,10691,12911,14219,11354,33.4,1364,0,205,1843,version 5.xlsx,5,No Holiday,0
5/21/2024,2024,5,May,142,21,Tuesday,Pre_Monsoon,1,0,Weekday,Weekday,0,0,0,0,63,0,0,1,5338,5313,25,15550,14922,15428,10853,12563,15428,12609,34.9,1350,0,205,1837,version 5.xlsx,5,No Holiday,0
5/22/2024,2024,5,May,143,21,Wednesday,Pre_Monsoon,1,0,Weekday,Weekday,0,0,0,0,51,0,0,1,5338,5313,25,15550,14922,15428,10853,12563,15428,12609,34.9,1350,0,205,1837,version 5.xlsx,5,No Holiday,0
5/23/2024,2024,5,May,144,21,Thursday,Pre_Monsoon,1,0,Weekday,Weekday,0,0,0,0,3,0,1,0,5552,5452,100,16400,15533,16067,12609,14166,16067,11969,38,1354,0,205,1829,version 5.xlsx,5,Buddho Purnima,1
5/24/2024,2024,5,May,145,21,Friday,Pre_Monsoon,1,0,Weekday,Weekday,0,1,0,0,3,0,1,0,5245,5245,0,15850,15112,15601,11731,13454,15601,12955,38.9,1473,0,200,1821,version 5.xlsx,5,No Holiday,0
5/25/2024,2024,5,May,146,21,Saturday,Pre_Monsoon,1,0,Weekday,Weekday,0,0,0,0,51,0,0,1,5944,5869,75,14900,14471,14707,12749,13726,14623,12391,38.8,2992,0,200,1818,version 5.xlsx,5,No Holiday,0
5/26/2024,2024,5,May,147,21,Sunday,Pre_Monsoon,1,0,Weekday,Weekday,0,0,0,0,61,0,0,1,5182,5157,25,13560,12870,14173,12391,12667,13435,5553,34.8,3089,0,200,1818,version 5.xlsx,5,No Holiday,0
5/27/2024,2024,5,May,148,22,Monday,Pre_Monsoon,1,0,Weekday,Weekday,0,0,0,0,65,0,0,1,5175,5157,0,13560,12870,11828,11296,12459,13435,3651,27.1,350,0,230,1988,version 5.xlsx,5,No Holiday,0
5/28/2024,2024,5,May,149,22,Tuesday,Pre_Monsoon,1,0,Weekday,Weekday,0,0,0,0,63,0,0,1,4616,4616,0,12451,11907,12675,11253,12459,12451,11296,34.4,267,0,170,1904,version 5.xlsx,5,No Holiday,0
5/29/2024,2024,5,May,150,22,Wednesday,Pre_Monsoon,1,0,Weekday,Weekday,0,0,0,0,51,0,0,1,5175,5175,0,14700,14097,14920,11296,12459,14585,11253,27.7,685,0,205,2523,version 5.xlsx,5,No Holiday,0
5/30/2024,2024,5,May,151,22,Thursday,Pre_Monsoon,1,0,Weekday,Weekday,0,0,0,0,63,0,0,1,5440,5394,46,14600,13961,14695,11253,12485,14552,11003,27.1,742,0,175,2425,version 5.xlsx,5,No Holiday,0
5/31/2024,2024,5,May,152,22,Friday,Pre_Monsoon,1,0,Weekday,Weekday,0,1,0,0,51,0,0,1,4901,4806,95,14200,13654,14231,11003,11614,14028,11903,27.1,2245,0,165,1846,version 5.xlsx,5,No Holiday,0
6/1/2024,2024,6,June,153,22,Saturday,Monsoon,2,0,Weekday,Weekday,0,0,0,0,51,0,0,1,5559,5419,140,15750,15151,15336,11903,13435,15336,12504,36.5,2549,0,170,2251,version 5.xlsx,5,No Holiday,0
6/2/2024,2024,6,June,154,22,Sunday,Monsoon,2,0,Weekday,Weekday,0,0,0,0,53,0,0,1,5557,5217,340,15950,15264,15199,12504,13660,15199,12345,36.6,2646,0,170,2841,version 5.xlsx,5,No Holiday,0
6/4/2024,2024,6,June,156,23,Tuesday,Monsoon,2,0,Weekday,Weekday,0,0,0,0,63,0,0,1,5257,5217,40,15080,14607,14937,11768,13555,14937,12071,36,3656,0,130,1840,version 5.xlsx,5,No Holiday,0
6/5/2024,2024,6,June,157,23,Wednesday,Monsoon,2,0,Weekday,Weekday,0,0,0,0,61,0,0,1,5856,5576,280,16250,15547,15714,12071,13612,15714,11044,35.4,3521,0,146,1886,version 5.xlsx,5,No Holiday,0
6/6/2024,2024,6,June,158,23,Thursday,Monsoon,2,0,Weekday,Weekday,0,0,0,0,65,0,0,1,5655,5572,83,15725,15110,15340,11044,13503,15340,11850,34.5,3553,0,156,1761,version 5.xlsx,5,No Holiday,0
6/7/2024,2024,6,June,159,23,Friday,Monsoon,2,0,Weekday,Weekday,0,1,0,0,63,0,0,1,4663,4663,0,14093,13647,14901,11585,12826,13936,11237,35.5,3360,0,112,1745,version 5.xlsx,5,No Holiday,0
6/8/2024,2024,6,June,160,23,Saturday,Monsoon,2,0,Weekday,Weekday,0,0,0,0,65,0,0,1,5578,5423,155,16400,15631,15745,11237,12681,15745,12608,35.6,3466,0,117,1744,version 5.xlsx,5,No Holiday,0
6/9/2024,2024,6,June,161,23,Sunday,Monsoon,2,0,Weekday,Weekday,0,0,0,0,61,0,0,1,5471,5381,90,15900,15295,15520,12608,13656,15520,10963,33.5,3777,0,116,1731,version 5.xlsx,5,No Holiday,0
6/10/2024,2024,6,June,162,24,Monday,Monsoon,2,0,Weekday,Weekday,0,0,0,0,51,0,0,1,5195,5145,50,15450,14842,15257,10963,13193,15257,12517,30.5,3439,0,115,1740,version 5.xlsx,5,No Holiday,0
6/11/2024,2024,6,June,163,24,Tuesday,Monsoon,2,0,Weekday,Weekday,0,0,0,0,51,0,0,1,5721,5536,185,16700,16019,15798,12517,14167,15798,12936,36.5,3734,0,115,1740,version 5.xlsx,5,No Holiday,0
6/12/2024,2024,6,June,164,24,Wednesday,Monsoon,2,0,Weekday,Weekday,0,0,0,0,61,0,0,1,5607,5397,210,16450,15780,15726,12936,13954,15708,12555,35.9,3599,0,118,1735,version 5.xlsx,5,No Holiday,0
6/13/2024,2024,6,June,165,24,Thursday,Monsoon,2,0,Weekday,Weekday,0,0,0,0,61,0,0,1,4683,4673,10,14100,13641,15064,12555,13723,13978,10702,35,3580,0,118,1736,version 5.xlsx,5,No Holiday,0
6/14/2024,2024,6,June,166,24,Friday,Monsoon,2,0,Weekday,Weekday,0,1,0,0,61,0,0,1,4703,4703,0,14510,14020,14753,10682,11929,14426,10854,32.5,3796,0,118,1738,version 5.xlsx,5,No Holiday,0
6/15/2024,2024,6,June,167,24,Saturday,Monsoon,2,0,Weekday,Weekday,0,0,0,1,51,0,0,1,4032,4032,0,13723,13172,14406,10854,11757,13723,9956,33.5,3311,0,118,1734,version 5.xlsx,5,No Holiday,0
6/16/2024,2024,6,June,168,24,Sunday,Monsoon,2,0,Weekday,Weekday,0,0,0,1,63,0,0,1,3590,3590,0,12872,12410,13545,9737,10337,12872,9617,35.5,2546,0,117,1738,version 5.xlsx,5,Eid-ul-Adha,2
6/17/2024,2024,6,June,169,25,Monday,Monsoon,2,1,Eid al-Adha,Religious_Islamic,2,0,0,1,55,0,0,1,3594,3594,0,12967,12545,13025,9234,9234,12967,9691,34.8,1801,0,115,1746,version 5.xlsx,5,Eid-ul-Adha,2
6/18/2024,2024,6,June,170,25,Tuesday,Monsoon,2,1,Eid al-Adha,Religious_Islamic,2,0,0,1,65,0,0,1,3318,3318,0,11633,11261,12671,9490,9490,11633,9072,32,1563,0,115,1745,version 5.xlsx,5,Eid-ul-Adha,2
6/19/2024,2024,6,June,171,25,Wednesday,Monsoon,2,1,Eid al-Adha,Religious_Islamic,2,0,0,1,65,0,0,1,2862,2862,0,10636,10232,11550,8846,8846,10636,8396,30.2,1510,0,115,1743,version 5.xlsx,5,No Holiday,0
6/20/2024,2024,6,June,172,25,Thursday,Monsoon,2,0,Weekday,Weekday,0,0,0,1,63,0,0,1,2997,2997,0,10979,10675,11156,8396,9352,10979,8961,30.1,942,0,115,1725,version 5.xlsx,5,No Holiday,0
6/21/2024,2024,6,June,173,25,Friday,Monsoon,2,0,Weekday,Weekday,0,1,0,1,63,0,0,1,3570,3570,0,12815,12390,12886,8961,10199,12708,10115,34.8,887,0,115,1737,version 5.xlsx,5,No Holiday,0
6/22/2024,2024,6,June,174,25,Saturday,Monsoon,2,0,Weekday,Weekday,0,0,0,0,61,0,0,1,3939,3939,0,13436,12995,13818,10115,10825,13436,11109,33.2,1747,0,115,1730,version 5.xlsx,5,No Holiday,0
6/23/2024,2024,6,June,175,25,Sunday,Monsoon,2,0,Weekday,Weekday,0,0,0,0,53,0,0,1,3939,3939,0,13436,12995,13818,10115,10825,13436,11109,33.2,1747,0,115,1730,version 5.xlsx,5,No Holiday,0
6/24/2024,2024,6,June,176,26,Monday,Monsoon,2,0,Weekday,Weekday,0,0,0,0,53,0,0,1,4968,4788,180,15200,14481,14254,12024,13225,13771,12257,35.7,2782,0,85,2382,version 5.xlsx,5,No Holiday,0
6/25/2024,2024,6,June,177,26,Tuesday,Monsoon,2,0,Weekday,Weekday,0,0,0,0,61,0,0,1,5257,5002,255,15600,14915,13792,12257,12757,13792,12476,37.2,3363,0,85,1802,version 5.xlsx,5,No Holiday,0
6/26/2024,2024,6,June,178,26,Wednesday,Monsoon,2,0,Weekday,Weekday,0,0,0,0,65,0,0,1,5247,4897,350,15400,14706,13874,12476,12981,13874,12300,32,3556,0,104,1737,version 5.xlsx,5,No Holiday,0
6/27/2024,2024,6,June,179,26,Thursday,Monsoon,2,0,Weekday,Weekday,0,0,0,0,61,0,0,1,5063,4933,130,14800,14230,14393,12300,13362,14215,11182,34.2,3528,0,124,3363,version 5.xlsx,5,No Holiday,0
6/28/2024,2024,6,June,180,26,Friday,Monsoon,2,0,Weekday,Weekday,0,1,0,0,63,0,0,1,4951,4933,18,14800,13885,13594,10954,11737,13496,11627,33,3450,0,92,3835,version 5.xlsx,5,No Holiday,0
6/29/2024,2024,6,June,181,26,Saturday,Monsoon,2,0,Weekday,Weekday,0,0,0,0,63,0,0,1,5050,4949,101,14000,13305,13796,11427,11427,13796,11601,31.9,3291,0,93,3819,version 5.xlsx,5,No Holiday,0
6/30/2024,2024,6,June,182,26,Sunday,Monsoon,2,0,Weekday,Weekday,0,0,0,0,63,0,0,1,4858,4858,0,13493,12754,13493,11601,12647,13493,11049,32.2,2263,79,87,3962,version 5.xlsx,5,No Holiday,0
7/2/2024,2024,7,July,184,27,Tuesday,Monsoon,2,0,Weekday,Weekday,0,0,0,0,65,0,0,1,4780,4780,0,13800,13236,13729,11107,12548,13729,11080,29,2168,77,60,2026,version 5.xlsx,5,No Holiday,0
7/3/2024,2024,7,July,185,27,Wednesday,Monsoon,2,0,Weekday,Weekday,0,0,0,0,61,0,0,1,5023,4975,48,14350,13678,14132,11080,12359,14132,11302,31,2177,77,58,1822,version 5.xlsx,5,No Holiday,0
7/4/2024,2024,7,July,186,27,Thursday,Monsoon,2,0,Weekday,Weekday,0,0,0,0,63,0,0,1,4887,4877,10,14250,13667,14123,11302,12826,14123,10790,31.2,2262,77,64,1835,version 5.xlsx,5,No Holiday,0
7/5/2024,2024,7,July,187,27,Friday,Monsoon,2,0,Weekday,Weekday,0,1,0,0,63,0,0,1,4355,4355,0,13229,12730,13229,10655,11167,13229,10963,31.1,2238,117,64,1838,version 5.xlsx,5,No Holiday,0
7/6/2024,2024,7,July,188,27,Saturday,Monsoon,2,0,Weekday,Weekday,0,0,0,0,55,0,0,1,5083,5013,70,14620,14040,14551,10963,12608,14521,11993,33.7,2197,78,64,1833,version 5.xlsx,5,No Holiday,0
7/7/2024,2024,7,July,189,27,Sunday,Monsoon,2,0,Weekday,Weekday,0,0,0,0,53,0,0,1,5189,5089,100,15400,14707,15064,11993,13535,15064,12560,34.8,2791,79,64,2387,version 5.xlsx,5,No Holiday,0
7/8/2024,2024,7,July,190,28,Monday,Monsoon,2,0,Weekday,Weekday,0,0,0,0,51,0,0,1,5252,5142,110,15500,14815,14895,12560,13459,14895,12564,35,2760,101,64,2366,version 5.xlsx,5,No Holiday,0
7/9/2024,2024,7,July,191,28,Tuesday,Monsoon,2,0,Weekday,Weekday,0,0,0,0,53,0,0,1,5193,5003,190,15450,14768,15047,12564,13415,15047,12664,33.1,2984,99,64,2227,version 5.xlsx,5,No Holiday,0
7/10/2024,2024,7,July,192,28,Wednesday,Monsoon,2,0,Weekday,Weekday,0,0,0,0,61,0,0,1,5306,4745,561,15500,14725,14096,12361,12618,14096,12389,35.1,4173,79,64,2209,version 5.xlsx,5,No Holiday,0
7/11/2024,2024,7,July,193,28,Thursday,Monsoon,2,0,Weekday,Weekday,0,0,0,0,63,0,0,1,5173,4973,200,14350,13800,13911,12312,12870,13911,10824,34.4,4098,77,64,2033,version 5.xlsx,5,No Holiday,0
7/12/2024,2024,7,July,194,28,Friday,Monsoon,2,0,Weekday,Weekday,0,1,0,0,53,0,0,1,4379,4379,0,13587,13022,13801,10668,11263,13587,11407,31,3985,78,34,1918,version 5.xlsx,5,No Holiday,0
7/13/2024,2024,7,July,195,28,Saturday,Monsoon,2,0,Weekday,Weekday,0,0,0,0,51,0,0,1,5127,4989,138,15400,14666,14973,11407,12802,14973,12389,32.7,3554,79,34,1892,version 5.xlsx,5,No Holiday,0
7/14/2024,2024,7,July,196,28,Sunday,Monsoon,2,0,Weekday,Weekday,0,0,0,0,51,0,0,1,5323,5138,185,15700,15038,15172,12389,13745,15172,12819,34.5,3101,78,34,1919,version 5.xlsx,5,No Holiday,0
7/15/2024,2024,7,July,197,29,Monday,Monsoon,2,0,Weekday,Weekday,0,0,0,0,53,0,0,1,5406,5147,259,15700,15062,15062,12819,13510,15062,12812,34.9,3505,79,40,1923,version 5.xlsx,5,No Holiday,0
7/16/2024,2024,7,July,198,29,Tuesday,Monsoon,2,0,Weekday,Weekday,0,0,0,0,61,0,0,1,5472,5122,350,16000,15235,15110,12812,13557,15074,12724,34,3456,78,30,1858,version 5.xlsx,5,No Holiday,0
7/17/2024,2024,7,July,199,29,Wednesday,Monsoon,2,1,Ashura,Religious_Islamic,2,0,0,0,51,0,0,1,5300,5040,260,15800,15015,15146,12472,13196,15146,13078,35.4,3394,119,30,1858,version 5.xlsx,5,Ashura,1
7/24/2024,2024,7,July,206,30,Wednesday,Monsoon,2,0,Weekday,Weekday,0,0,0,0,53,0,0,1,4995,4987,8,14600,13930,14605,11428,13319,14401,12075,34.3,3685,147,27,1957,version 5.xlsx,5,No Holiday,0
7/25/2024,2024,7,July,207,30,Thursday,Monsoon,2,0,Weekday,Weekday,0,0,0,0,51,0,0,1,5153,5020,133,15400,14641,15051,12075,13459,15051,12248,35.4,3721,129,30,1855,version 5.xlsx,5,No Holiday,0
7/26/2024,2024,7,July,208,30,Friday,Monsoon,2,0,Weekday,Weekday,0,1,0,0,53,0,0,1,4648,4648,0,14700,14189,14626,12248,12921,14269,12402,35.5,3645,130,29,1816,version 5.xlsx,5,No Holiday,0
7/27/2024,2024,7,July,209,30,Saturday,Monsoon,2,0,Weekday,Weekday,0,0,0,0,53,0,0,1,5132,5042,90,15500,14935,15193,12402,13395,15113,12907,35.7,3638,129,30,1834,version 5.xlsx,5,No Holiday,0
7/28/2024,2024,7,July,210,30,Sunday,Monsoon,2,0,Weekday,Weekday,0,0,0,0,51,0,0,1,5304,5164,140,15950,15304,15223,12907,13868,15223,12926,35.7,3689,199,33,1814,version 5.xlsx,5,No Holiday,0
7/29/2024,2024,7,July,211,31,Monday,Monsoon,2,0,Weekday,Weekday,0,0,0,0,53,0,0,1,5217,5017,200,15750,15012,14985,12926,13617,14985,12576,33.8,3650,129,32,1821,version 5.xlsx,5,No Holiday,0
7/30/2024,2024,7,July,212,31,Tuesday,Monsoon,2,0,Weekday,Weekday,0,0,0,0,63,0,0,1,5190,5058,132,15750,15086,15156,12576,13575,15156,12697,31.4,3599,129,30,1813,version 5.xlsx,5,No Holiday,0
7/31/2024,2024,7,July,213,31,Wednesday,Monsoon,2,0,Weekday,Weekday,0,0,0,0,63,0,0,1,5157,4997,160,15300,14706,14757,12697,13359,14682,11219,35.3,3744,299,30,1848,version 5.xlsx,5,No Holiday,0
8/1/2024,2024,8,August,214,31,Thursday,Monsoon,2,0,Weekday,Weekday,0,0,0,0,65,0,0,1,4659,4659,0,12374,12027,13500,11219,12249,12374,9524,28.8,3853,298,32,1857,version 5.xlsx,5,No Holiday,0
8/2/2024,2024,8,August,215,31,Friday,Monsoon,2,0,Weekday,Weekday,0,1,0,0,65,0,0,1,3973,3973,0,11816,11357,12084,9462,10003,11816,9444,28.5,3618,295,30,1871,version 5.xlsx,5,No Holiday,0
8/3/2024,2024,8,August,216,31,Saturday,Monsoon,2,0,Weekday,Weekday,0,0,0,0,63,0,0,1,4682,4682,0,13370,12846,13370,9444,11437,13370,10539,31,3692,294,28,1870,version 5.xlsx,5,No Holiday,0
8/4/2024,2024,8,August,217,31,Sunday,Monsoon,2,0,Weekday,Weekday,0,0,0,0,63,0,0,1,4157,4077,80,13090,12643,12949,10539,12542,12949,10311,33.3,3526,297,27,1870,version 5.xlsx,5,No Holiday,0
8/5/2024,2024,8,August,218,32,Monday,Monsoon,2,1,Anti-Discrimination Movement (Govt. Closure),Special_Event,5,0,0,0,63,0,0,1,3630,3630,0,12059,11544,12393,10311,10439,12059,9991,32.4,3257,298,29,1938,version 5.xlsx,5,No Holiday,0
8/6/2024,2024,8,August,219,32,Tuesday,Monsoon,2,0,Weekday,Weekday,0,0,0,0,55,0,0,1,4002,4002,0,13064,12625,13202,9991,11098,13064,11112,33.6,2985,297,17,1872,version 5.xlsx,5,No Holiday,0
8/7/2024,2024,8,August,220,32,Wednesday,Monsoon,2,0,Weekday,Weekday,0,0,0,0,63,0,0,1,4418,4370,48,13790,13227,13760,11112,12249,13740,11274,33.5,3070,297,18,1872,version 5.xlsx,5,No Holiday,0
8/8/2024,2024,8,August,221,32,Thursday,Monsoon,2,0,Weekday,Weekday,0,0,0,0,55,0,0,1,4660,4530,130,13790,13342,13746,11274,12555,13746,10689,33,3224,297,25,1737,version 5.xlsx,5,No Holiday,0
8/9/2024,2024,8,August,222,32,Friday,Monsoon,2,0,Weekday,Weekday,0,1,0,0,65,0,0,1,4253,4223,30,13380,12805,13251,10489,11034,13251,10927,33,3243,297,17,1726,version 5.xlsx,5,No Holiday,0
8/10/2024,2024,8,August,223,32,Saturday,Monsoon,2,0,Weekday,Weekday,0,0,0,0,61,0,0,1,4924,4853,71,14130,13653,13972,10927,11950,13972,11654,33.1,3482,296,18,1756,version 5.xlsx,5,No Holiday,0
8/11/2024,2024,8,August,224,32,Sunday,Monsoon,2,0,Weekday,Weekday,0,0,0,0,55,0,0,1,4950,4832,118,14500,13864,14167,11654,12782,14167,11810,32,4162,297,18,2491,version 5.xlsx,5,No Holiday,0
8/12/2024,2024,8,August,225,33,Monday,Monsoon,2,0,Weekday,Weekday,0,0,0,0,61,0,0,1,4944,4904,40,14550,13984,14219,11810,12880,14219,11934,33,4128,298,19,2495,version 5.xlsx,5,No Holiday,0
8/13/2024,2024,8,August,226,33,Tuesday,Monsoon,2,0,Weekday,Weekday,0,0,0,0,63,0,0,1,5276,4956,320,15000,14422,14012,11934,12967,13982,12343,34.2,4198,298,22,3247,version 5.xlsx,5,No Holiday,0
8/14/2024,2024,8,August,227,33,Wednesday,Monsoon,2,0,Weekday,Weekday,0,0,0,0,63,0,0,1,5212,5082,130,15450,14718,14416,12343,13188,14389,12648,35.5,4109,299,17,3224,version 5.xlsx,5,No Holiday,0
8/15/2024,2024,8,August,228,33,Thursday,Monsoon,2,1,National Mourning Day,National,1,0,0,0,61,0,0,1,5252,4872,380,15530,14801,14198,12648,13449,14198,11409,34.9,4114,299,15,3223,version 5.xlsx,5,No Holiday,0
8/16/2024,2024,8,August,229,33,Friday,Monsoon,2,0,Weekday,Weekday,0,1,0,0,51,0,0,1,4442,4422,20,13725,13137,13639,11409,12075,13570,11005,32.2,4088,297,15,3223,version 5.xlsx,5,No Holiday,0
8/17/2024,2024,8,August,230,33,Saturday,Monsoon,2,0,Weekday,Weekday,0,0,0,0,61,0,0,1,4809,4714,95,14060,13565,13635,11005,11882,13635,11087,32.7,4028,359,0,2870,version 5.xlsx,5,No Holiday,0
8/18/2024,2024,8,August,231,33,Sunday,Monsoon,2,0,Weekday,Weekday,0,0,0,0,61,0,0,1,4889,4778,111,14250,13693,13903,11087,12471,13903,10938,31,4075,346,0,2524,version 5.xlsx,5,No Holiday,0
8/19/2024,2024,8,August,232,34,Monday,Monsoon,2,0,Weekday,Weekday,0,0,0,0,65,0,0,1,4664,4664,0,13450,12813,13322,10938,12123,13322,10594,28,4540,296,0,2814,version 5.xlsx,5,No Holiday,0
8/20/2024,2024,8,August,233,34,Tuesday,Monsoon,2,0,Weekday,Weekday,0,0,0,0,65,0,0,1,4966,4921,45,13890,13306,13843,10594,11860,13843,10722,32.4,4188,298,0,2710,version 5.xlsx,5,No Holiday,0
8/21/2024,2024,8,August,234,34,Wednesday,Monsoon,2,0,Weekday,Weekday,0,0,0,0,65,0,0,1,4902,4842,60,13576,13004,13497,10722,11898,13497,10277,32.4,3992,24,0,4210,version 5.xlsx,5,No Holiday,0
8/22/2024,2024,8,August,235,34,Thursday,Monsoon,2,0,Weekday,Weekday,0,0,0,0,65,0,0,1,4733,4703,30,13040,12515,13009,10277,11704,13009,9745,28,4081,21,0,4270,version 5.xlsx,5,No Holiday,0
8/23/2024,2024,8,August,236,34,Friday,Monsoon,2,0,Weekday,Weekday,0,1,0,0,63,0,0,1,4144,4144,0,12545,12064,12686,9678,10406,12512,10462,32.1,3676,23,0,4219,version 5.xlsx,5,No Holiday,0
8/24/2024,2024,8,August,237,34,Saturday,Monsoon,2,0,Weekday,Weekday,0,0,0,0,61,0,0,1,4969,4869,100,14100,13512,13710,10462,11729,13710,10821,33.7,3804,23,0,4164,version 5.xlsx,5,No Holiday,0
8/25/2024,2024,8,August,238,34,Sunday,Monsoon,2,0,Weekday,Weekday,0,0,0,0,63,0,0,1,4970,4810,160,13250,12869,12861,10821,11902,12861,10029,31.4,3901,24,0,4326,version 5.xlsx,5,No Holiday,0
8/26/2024,2024,8,August,239,35,Monday,Monsoon,2,0,Weekday,Weekday,0,0,0,0,53,0,0,1,4689,4629,60,13225,12737,13033,10029,11031,13033,10428,30,4070,25,0,4360,version 5.xlsx,5,Janmo-astami,1
8/27/2024,2024,8,August,240,35,Tuesday,Monsoon,2,0,Weekday,Weekday,0,0,0,0,61,0,0,1,5009,4898,111,14220,13668,13827,10428,11888,13827,11361,33,4016,24,0,3606,version 5.xlsx,5,No Holiday,0
8/28/2024,2024,8,August,241,35,Wednesday,Monsoon,2,0,Weekday,Weekday,0,0,0,0,63,0,0,1,4910,4780,130,14470,13849,13957,11361,12799,13957,11578,31.6,3973,24,0,3051,version 5.xlsx,5,No Holiday,0
8/29/2024,2024,8,August,242,35,Thursday,Monsoon,2,0,Weekday,Weekday,0,0,0,0,51,0,0,1,5226,5072,154,15000,14405,14388,11578,12673,14388,11397,35,4014,25,0,3088,version 5.xlsx,5,No Holiday,0
8/30/2024,2024,8,August,243,35,Friday,Monsoon,2,0,Weekday,Weekday,0,1,0,0,63,0,0,1,4611,4586,25,14150,13800,13869,11397,12219,13793,11705,35.2,3834,25,0,2929,version 5.xlsx,5,No Holiday,0
8/31/2024,2024,8,August,244,35,Saturday,Monsoon,2,0,Weekday,Weekday,0,0,0,0,51,0,0,1,5320,5165,155,15300,14692,14612,11705,12809,14612,12047,34.3,4196,24,0,2943,version 5.xlsx,5,No Holiday,0
9/1/2024,2024,9,September,245,35,Sunday,Monsoon,2,0,Weekday,Weekday,0,0,0,0,63,0,0,1,5295,5090,205,15150,14509,14479,12047,12883,14479,12138,32.6,3930,24,0,2975,version 5.xlsx,5,No Holiday,0
9/2/2024,2024,9,September,246,36,Monday,Monsoon,2,0,Weekday,Weekday,0,0,0,0,61,0,0,1,5330,5129,201,15350,14638,14630,12138,12699,14630,11212,33.2,3795,25,0,2965,version 5.xlsx,5,No Holiday,0
9/3/2024,2024,9,September,247,36,Tuesday,Monsoon,2,0,Weekday,Weekday,0,0,0,0,63,0,0,1,5081,4922,159,14980,14337,14363,11212,12366,14363,11709,31.4,4283,23,0,2752,version 5.xlsx,5,No Holiday,0
9/4/2024,2024,9,September,248,36,Wednesday,Monsoon,2,0,Weekday,Weekday,0,0,0,0,53,0,0,1,5164,4864,300,15350,14615,14107,11709,12911,14107,11990,35.5,4825,25,0,2752,version 5.xlsx,5,No Holiday,0
9/5/2024,2024,9,September,249,36,Thursday,Monsoon,2,0,Weekday,Weekday,0,0,0,0,63,0,0,1,5235,4835,400,15350,14643,13976,11873,12252,13976,10798,32.8,4322,20,0,3362,version 5.xlsx,5,No Holiday,0
9/6/2024,2024,9,September,250,36,Friday,Monsoon,2,0,Weekday,Weekday,0,1,0,0,63,0,0,1,4642,4567,75,14650,14013,14253,10638,11706,14253,11542,35,4237,85,0,3098,version 5.xlsx,5,No Holiday,0
9/7/2024,2024,9,September,251,36,Saturday,Monsoon,2,0,Weekday,Weekday,0,0,0,0,61,0,0,1,5409,5184,225,15500,14933,14373,11542,12451,14373,12595,34.3,4169,85,0,2580,version 5.xlsx,5,No Holiday,0
9/8/2024,2024,9,September,252,36,Sunday,Monsoon,2,0,Weekday,Weekday,0,0,0,0,63,0,0,1,5437,5116,321,15664,15229,14548,12504,12897,14548,12420,35.5,4015,85,0,2732,version 5.xlsx,5,No Holiday,0
9/9/2024,2024,9,September,253,37,Monday,Monsoon,2,0,Weekday,Weekday,0,0,0,0,51,0,0,1,5504,4984,520,16100,15353,14034,12420,12701,14034,12308,34.7,4122,85,0,3745,version 5.xlsx,5,No Holiday,0
9/10/2024,2024,9,September,254,37,Tuesday,Monsoon,2,0,Weekday,Weekday,0,0,0,0,51,0,0,1,5407,5257,150,15900,15218,14654,12321,12869,14650,12629,34.1,3761,85,0,3835,version 5.xlsx,5,No Holiday,0
9/11/2024,2024,9,September,255,37,Wednesday,Monsoon,2,0,Weekday,Weekday,0,0,0,0,63,0,0,1,5466,5175,291,15900,15097,14811,12515,12861,14811,12688,34.6,3735,85,0,3249,version 5.xlsx,5,No Holiday,0
9/12/2024,2024,9,September,256,37,Thursday,Monsoon,2,0,Weekday,Weekday,0,0,0,0,63,0,0,1,5550,5415,135,15300,14803,14826,12649,13260,14826,11980,36.5,3526,85,0,3137,version 5.xlsx,5,No Holiday,0
9/13/2024,2024,9,September,257,37,Friday,Monsoon,2,0,Weekday,Weekday,0,1,0,0,61,0,0,1,4490,4490,0,12380,11861,13302,11871,12454,12199,7837,34.5,3607,0,0,3331,version 5.xlsx,5,No Holiday,0
9/14/2024,2024,9,September,258,37,Saturday,Monsoon,2,0,Weekday,Weekday,0,0,0,0,65,0,0,1,4433,4433,0,11456,11040,11456,7847,10079,11456,8695,26.4,3636,0,0,3283,version 5.xlsx,5,No Holiday,0
9/15/2024,2024,9,September,259,37,Sunday,Monsoon,2,0,Weekday,Weekday,0,0,0,0,63,0,0,1,4455,4455,0,11948,11370,11948,8695,10333,11948,9207,26.4,3595,0,0,3280,version 5.xlsx,5,No Holiday,0
9/16/2024,2024,9,September,260,38,Monday,Monsoon,2,1,Prophet's Birthday,Religious_Islamic,2,0,0,0,63,0,0,1,4613,4593,20,13480,12981,13328,9207,10996,13328,10774,33.2,4728,0,0,3202,version 5.xlsx,5,Eid miladunnobi,1
9/17/2024,2024,9,September,261,38,Tuesday,Monsoon,2,0,Weekday,Weekday,0,0,0,0,51,0,0,1,5337,5222,115,15150,14574,14752,10778,13091,14752,12280,34.8,4016,0,0,2872,version 5.xlsx,5,No Holiday,0
9/18/2024,2024,9,September,262,38,Wednesday,Monsoon,2,0,Weekday,Weekday,0,0,0,0,3,0,1,0,5450,5360,90,15720,15040,15344,12280,13406,15344,12619,35.5,3848,0,0,2878,version 5.xlsx,5,No Holiday,0
9/19/2024,2024,9,September,263,38,Thursday,Monsoon,2,0,Weekday,Weekday,0,0,0,0,61,0,0,1,5690,5440,250,16300,15633,15717,12619,13785,15717,12855,37,3696,0,0,2880,version 5.xlsx,5,No Holiday,0
9/20/2024,2024,9,September,264,38,Friday,Monsoon,2,0,Weekday,Weekday,0,1,0,0,3,0,1,0,5156,5066,90,15300,14696,14817,12419,13456,14817,11396,37.8,3667,0,0,2882,version 5.xlsx,5,No Holiday,0
9/21/2024,2024,9,September,265,38,Saturday,Monsoon,2,0,Weekday,Weekday,0,0,0,0,63,0,0,1,4920,4883,37,12880,12546,13417,11396,12198,12841,11543,33.8,3624,0,0,2720,version 5.xlsx,5,No Holiday,0
9/22/2024,2024,9,September,266,38,Sunday,Monsoon,2,0,Weekday,Weekday,0,0,0,0,3,0,1,0,5540,5390,150,16100,15391,15383,11543,13296,15383,12955,36.6,3640,0,0,2663,version 5.xlsx,5,No Holiday,0
9/23/2024,2024,9,September,267,39,Monday,Monsoon,2,0,Weekday,Weekday,0,0,0,0,63,0,0,1,5619,5439,180,16100,15415,15185,12955,13438,15185,11903,36.6,3639,0,0,2664,version 5.xlsx,5,No Holiday,0
9/24/2024,2024,9,September,268,39,Tuesday,Monsoon,2,0,Weekday,Weekday,0,0,0,0,63,0,0,1,5371,5276,95,15050,14487,14784,11903,13428,14784,11447,35.2,3685,0,0,2701,version 5.xlsx,5,No Holiday,0
9/25/2024,2024,9,September,269,39,Wednesday,Monsoon,2,0,Weekday,Weekday,0,0,0,0,63,0,0,1,4900,4900,0,13239,12773,13462,11447,11990,13239,10371,28.6,3455,0,0,2751,version 5.xlsx,5,No Holiday,0
9/26/2024,2024,9,September,270,39,Thursday,Monsoon,2,0,Weekday,Weekday,0,0,0,0,63,0,0,1,4641,4641,0,12475,12103,12475,10371,11579,12475,9747,28.2,3753,0,0,2696,version 5.xlsx,5,No Holiday,0
9/27/2024,2024,9,September,271,39,Friday,Monsoon,2,0,Weekday,Weekday,0,1,0,0,61,0,0,1,4216,4186,30,12372,11925,12430,9747,10955,12343,10428,31.2,3667,0,0,3058,version 5.xlsx,5,No Holiday,0
9/28/2024,2024,9,September,272,39,Saturday,Monsoon,2,0,Weekday,Weekday,0,0,0,0,61,0,0,1,5206,5127,79,14700,14140,14513,10428,12299,14513,11659,34.3,3800,0,0,3022,version 5.xlsx,5,No Holiday,0
9/29/2024,2024,9,September,273,39,Sunday,Monsoon,2,0,Weekday,Weekday,0,0,0,0,61,0,0,1,5276,5206,70,14910,14620,14896,11659,12678,14896,12189,33.8,4419,0,0,2719,version 5.xlsx,5,No Holiday,0
9/30/2024,2024,9,September,274,40,Monday,Monsoon,2,0,Weekday,Weekday,0,0,0,0,61,0,0,1,5427,5307,120,15022,14845,15064,12189,13176,15064,11677,31.8,4073,0,0,2724,version 5.xlsx,5,No Holiday,0
10/1/2024,2024,10,October,275,40,Tuesday,Post_Monsoon,3,0,Weekday,Weekday,0,0,0,0,63,0,0,1,5308,5248,60,15200,14596,14677,11677,12738,14677,12111,35.2,3978,0,0,3083,version 5.xlsx,5,No Holiday,0
10/2/2024,2024,10,October,276,40,Wednesday,Post_Monsoon,3,0,Weekday,Weekday,0,0,0,0,63,0,0,1,5043,4993,50,14344,13842,14082,12111,12704,14082,10963,33.5,3972,0,0,3128,version 5.xlsx,5,No Holiday,0
10/3/2024,2024,10,October,277,40,Thursday,Post_Monsoon,3,0,Weekday,Weekday,0,0,0,0,63,0,0,1,4827,4827,0,13390,12914,13390,10963,12037,13390,9642,28,4079,0,0,3205,version 5.xlsx,5,No Holiday,0
10/4/2024,2024,10,October,278,40,Friday,Post_Monsoon,3,0,Weekday,Weekday,0,1,0,0,65,0,0,1,3982,3982,0,11528,11233,12218,9526,10526,11528,9075,31.4,4023,0,0,3293,version 5.xlsx,5,No Holiday,0
10/5/2024,2024,10,October,279,40,Saturday,Post_Monsoon,3,0,Weekday,Weekday,0,0,0,0,65,0,0,1,4781,4781,0,13204,12743,13204,9075,10767,13204,10241,27.4,4772,0,0,2953,version 5.xlsx,5,No Holiday,0
10/6/2024,2024,10,October,280,40,Sunday,Post_Monsoon,3,0,Weekday,Weekday,0,0,0,0,55,0,0,1,5002,4957,45,14030,13365,13928,10241,12188,13928,10945,33.8,4485,0,0,2790,version 5.xlsx,5,No Holiday,0
10/7/2024,2024,10,October,281,41,Monday,Post_Monsoon,3,0,Weekday,Weekday,0,0,0,0,63,0,0,1,5164,5089,75,13781,14052,14347,10945,12514,14347,11476,33,4546,0,0,2791,version 5.xlsx,5,No Holiday,0
10/8/2024,2024,10,October,282,41,Tuesday,Post_Monsoon,3,0,Weekday,Weekday,0,0,0,0,63,0,0,1,4785,4742,43,13386,13261,13705,11476,12552,13705,11003,34.5,4534,0,0,2787,version 5.xlsx,5,No Holiday,0
10/9/2024,2024,10,October,283,41,Wednesday,Post_Monsoon,3,0,Weekday,Weekday,0,0,0,0,63,0,0,1,4966,4966,0,13510,13013,13510,11003,12644,13510,10335,33,4751,0,0,2839,version 5.xlsx,5,Durga Puja,2
10/10/2024,2024,10,October,284,41,Thursday,Post_Monsoon,3,0,Weekday,Weekday,0,0,0,0,63,0,0,1,4852,4832,20,13018,13401,13804,10335,11785,13804,10527,32.8,4602,0,0,2984,version 5.xlsx,5,Durga Puja,2
10/11/2024,2024,10,October,285,41,Friday,Post_Monsoon,3,0,Weekday,Weekday,0,1,0,0,65,0,0,1,3885,3885,0,12635,12096,12798,10527,11253,12635,10039,34,4840,0,0,2841,version 5.xlsx,5,Durga Puja,2
10/12/2024,2024,10,October,286,41,Saturday,Post_Monsoon,3,0,Weekday,Weekday,0,0,0,0,63,0,0,1,4790,4790,0,13610,13430,13950,10039,12025,13950,10710,32.5,4619,0,0,2898,version 5.xlsx,5,Durga Puja,2
10/13/2024,2024,10,October,287,41,Sunday,Post_Monsoon,3,1,Durga Puja (Main Day),Religious_Hindu,3,0,0,0,0,1,0,0,4833,4833,0,13790,13286,13719,10710,11998,13719,10899,35,4619,0,0,2910,version 5.xlsx,5,Durga Puja,2
10/14/2024,2024,10,October,288,42,Monday,Post_Monsoon,3,0,Weekday,Weekday,0,0,0,0,0,1,0,0,4906,4886,20,14220,13544,14122,10899,12573,14122,10950,34,4544,0,0,2775,version 5.xlsx,5,No Holiday,0
10/15/2024,2024,10,October,289,42,Tuesday,Post_Monsoon,3,0,Weekday,Weekday,0,0,0,0,53,0,0,1,5050,4983,67,14270,13633,14092,10950,12276,14092,11109,34,4583,0,0,2749,version 5.xlsx,5,No Holiday,0
10/16/2024,2024,10,October,290,42,Wednesday,Post_Monsoon,3,0,Weekday,Weekday,0,0,0,0,51,0,0,1,5108,4961,147,12784,13754,13863,11109,11984,13863,11344,32.6,4583,0,0,2667,version 5.xlsx,5,No Holiday,0
10/17/2024,2024,10,October,291,42,Thursday,Post_Monsoon,3,0,Weekday,Weekday,0,0,0,0,63,0,0,1,5072,4994,78,12632,13449,13818,11344,11757,13818,10182,31.5,4482,0,0,3182,version 5.xlsx,5,No Holiday,0
10/18/2024,2024,10,October,292,42,Friday,Post_Monsoon,3,0,Weekday,Weekday,0,1,0,0,63,0,0,1,5016,3984,0,11814,11437,12197,10182,10995,11814,9957,31,4230,0,0,3050,version 5.xlsx,5,No Holiday,0
10/19/2024,2024,10,October,293,42,Saturday,Post_Monsoon,3,0,Weekday,Weekday,0,0,0,0,63,0,0,1,4939,4912,27,13545,13051,13501,9957,11819,13501,10147,32.8,4562,0,0,3055,version 5.xlsx,5,No Holiday,0
10/20/2024,2024,10,October,294,42,Sunday,Post_Monsoon,3,0,Weekday,Weekday,0,0,0,0,3,0,1,0,5016,4981,35,13730,13305,13654,10147,12174,13654,10246,33.1,4594,0,0,3052,version 5.xlsx,5,No Holiday,0
10/21/2024,2024,10,October,295,43,Monday,Post_Monsoon,3,0,Weekday,Weekday,0,0,0,0,3,0,1,0,5062,5030,32,13900,13379,13785,10246,12143,13785,10536,33.4,4755,0,0,3042,version 5.xlsx,5,No Holiday,0
10/22/2024,2024,10,October,296,43,Tuesday,Post_Monsoon,3,0,Weekday,Weekday,0,0,0,0,3,0,1,0,5095,5061,34,13397,13669,13994,10536,12254,13994,11162,35,4879,0,0,3051,version 5.xlsx,5,No Holiday,0
10/23/2024,2024,10,October,297,43,Wednesday,Post_Monsoon,3,0,Weekday,Weekday,0,0,0,0,63,0,0,1,5087,5087,0,13125,12986,13391,11162,12328,13391,9874,32.4,4839,0,0,3070,version 5.xlsx,5,No Holiday,0
10/24/2024,2024,10,October,298,43,Thursday,Post_Monsoon,3,0,Weekday,Weekday,0,0,0,0,61,0,0,1,4421,4421,0,11009,11065,11358,9874,10943,11243,8574,27.8,4978,0,0,3162,version 5.xlsx,5,No Holiday,0
10/25/2024,2024,10,October,299,43,Friday,Post_Monsoon,3,0,Weekday,Weekday,0,1,0,0,65,0,0,1,3962,3962,0,11329,10817,11329,8574,9989,11329,9122,32.5,4974,0,0,3357,version 5.xlsx,5,No Holiday,0
10/26/2024,2024,10,October,300,43,Saturday,Post_Monsoon,3,0,Weekday,Weekday,0,0,0,0,63,0,0,1,4887,4848,39,13360,12901,13296,9122,11199,13296,10402,33.5,4981,0,0,3327,version 5.xlsx,5,No Holiday,0
10/27/2024,2024,10,October,301,43,Sunday,Post_Monsoon,3,0,Weekday,Weekday,0,0,0,0,3,0,1,0,5096,4972,124,13820,13369,13638,10402,11771,13638,10552,33.4,4904,0,0,3152,version 5.xlsx,5,No Holiday,0
10/28/2024,2024,10,October,302,44,Monday,Post_Monsoon,3,0,Weekday,Weekday,0,0,0,0,0,1,0,0,5111,5081,30,14000,13357,13404,10552,11920,13404,10626,34,4997,0,0,2974,version 5.xlsx,5,No Holiday,0
10/29/2024,2024,10,October,303,44,Tuesday,Post_Monsoon,3,0,Weekday,Weekday,0,0,0,0,1,1,0,0,5200,5030,170,14000,13370,13176,10626,11859,13176,10925,34.2,5005,0,0,2974,version 5.xlsx,5,No Holiday,0
10/30/2024,2024,10,October,304,44,Wednesday,Post_Monsoon,3,0,Weekday,Weekday,0,0,0,0,51,0,0,1,5150,5065,85,13900,13330,12933,10925,11700,12933,10591,33.8,5003,0,0,3003,version 5.xlsx,5,No Holiday,0
10/31/2024,2024,10,October,305,44,Thursday,Post_Monsoon,3,0,Weekday,Weekday,0,0,0,0,55,0,0,1,5032,4874,158,14000,13391,12638,10591,11812,12638,10425,33.7,4990,0,0,3024,version 5.xlsx,5,No Holiday,0
11/1/2024,2024,11,November,306,44,Friday,Post_Monsoon,3,0,Weekday,Weekday,0,1,0,0,3,0,1,0,4284,4284,0,12540,11886,12310,10233,11199,12302,9970,33.9,4767,0,0,3196,version 5.xlsx,5,No Holiday,0
11/2/2024,2024,11,November,307,44,Saturday,Post_Monsoon,3,0,Weekday,Weekday,0,0,0,0,1,1,0,0,4791,4791,0,13195,12623,13195,9970,11305,13195,10205,33,4774,0,0,3264,version 5.xlsx,5,No Holiday,0
11/3/2024,2024,11,November,308,44,Sunday,Post_Monsoon,3,0,Weekday,Weekday,0,0,0,0,0,1,0,0,4969,4969,0,13400,12880,13041,10205,11422,13041,9945,32.8,4808,0,0,3277,version 5.xlsx,5,No Holiday,0
11/4/2024,2024,11,November,309,45,Monday,Post_Monsoon,3,0,Weekday,Weekday,0,0,0,0,0,1,0,0,4953,4933,20,13360,12826,13253,9945,11947,13253,10034,32.2,4795,0,0,2714,version 5.xlsx,5,No Holiday,0
11/5/2024,2024,11,November,310,45,Tuesday,Post_Monsoon,3,0,Weekday,Weekday,0,0,0,0,51,0,0,1,5005,5005,0,12820,12575,12750,10034,11963,12750,8435,33.2,4575,0,0,3812,version 5.xlsx,5,No Holiday,0
11/6/2024,2024,11,November,311,45,Wednesday,Post_Monsoon,3,0,Weekday,Weekday,0,0,0,0,53,0,0,1,4830,4813,17,12580,12452,12536,8435,10719,12536,8983,31.5,4848,0,0,4048,version 5.xlsx,5,No Holiday,0
11/7/2024,2024,11,November,312,45,Thursday,Post_Monsoon,3,0,Weekday,Weekday,0,0,0,0,0,1,0,0,4849,4849,0,12393,12319,12630,8983,11095,12630,8669,32,4785,0,0,4306,version 5.xlsx,5,No Holiday,0
11/8/2024,2024,11,November,313,45,Friday,Post_Monsoon,3,0,Weekday,Weekday,0,1,0,0,0,1,0,0,3810,3810,0,11600,10694,10899,8669,9603,10899,8390,32.5,4783,0,0,4292,version 5.xlsx,5,No Holiday,0
11/9/2024,2024,11,November,314,45,Saturday,Post_Monsoon,3,0,Weekday,Weekday,0,0,0,0,0,1,0,0,4617,4617,0,12135,11765,12270,8390,10293,12270,8759,32.2,4650,0,0,4259,version 5.xlsx,5,No Holiday,0
11/10/2024,2024,11,November,315,45,Sunday,Post_Monsoon,3,0,Weekday,Weekday,0,0,0,0,0,1,0,0,4576,4576,0,12092,11678,12195,8759,11126,12195,8891,32.5,4181,0,0,4858,version 5.xlsx,5,No Holiday,0
11/11/2024,2024,11,November,316,46,Monday,Post_Monsoon,3,0,Weekday,Weekday,0,0,0,0,1,1,0,0,4516,4516,0,12196,11886,12314,8891,10878,12314,9198,33,3627,0,0,5004,version 5.xlsx,5,No Holiday,0
11/12/2024,2024,11,November,317,46,Tuesday,Post_Monsoon,3,0,Weekday,Weekday,0,0,0,0,3,0,1,0,4690,4690,0,12505,11935,12505,9198,10768,12505,8836,32.9,3050,0,150,4779,version 5.xlsx,5,No Holiday,0
11/13/2024,2024,11,November,318,46,Wednesday,Post_Monsoon,3,0,Weekday,Weekday,0,0,0,0,3,0,1,0,4780,4780,0,12414,12047,12414,8836,11037,12414,8748,31.5,3562,0,96,4716,version 5.xlsx,5,No Holiday,0
11/14/2024,2024,11,November,319,46,Thursday,Post_Monsoon,3,0,Weekday,Weekday,0,0,0,0,0,1,0,0,4787,4787,0,11705,11877,12251,8748,10905,12251,8351,31.8,3490,0,96,4711,version 5.xlsx,5,No Holiday,0
11/15/2024,2024,11,November,320,46,Friday,Post_Monsoon,3,0,Weekday,Weekday,0,1,0,0,1,1,0,0,5032,4874,158,14000,13391,12638,8748,11812,12638,10425,33.7,4990,0,0,3024,version 5.xlsx,5,No Holiday,0
11/16/2024,2024,11,November,321,46,Saturday,Post_Monsoon,3,0,Weekday,Weekday,0,0,0,0,0,1,0,0,4270,4270,0,10854,11017,11246,7630,9431,11246,7794,30.5,3620,0,135,4699,version 5.xlsx,5,No Holiday,0
11/17/2024,2024,11,November,322,46,Sunday,Post_Monsoon,3,0,Weekday,Weekday,0,0,0,0,3,0,1,0,4239,4239,0,10754,10817,11186,7794,9858,11186,7425,30.4,3636,0,140,4733,version 5.xlsx,5,No Holiday,0
11/18/2024,2024,11,November,323,47,Monday,Post_Monsoon,3,0,Weekday,Weekday,0,0,0,0,0,1,0,0,4263,4263,0,10690,10759,10934,7425,9704,10934,7562,30.1,3651,0,150,4739,version 5.xlsx,5,No Holiday,0
11/19/2024,2024,11,November,324,47,Tuesday,Post_Monsoon,3,0,Weekday,Weekday,0,0,0,0,0,1,0,0,4300,4300,0,11273,10844,11273,7562,9599,11273,7657,30.4,3821,0,138,4104,version 5.xlsx,5,No Holiday,0
11/20/2024,2024,11,November,325,47,Wednesday,Post_Monsoon,3,0,Weekday,Weekday,0,0,0,0,0,1,0,0,4240,4240,0,10710,10832,11087,7657,9693,11087,7499,30.7,4289,0,138,4269,version 5.xlsx,5,No Holiday,0
11/21/2024,2024,11,November,326,47,Thursday,Post_Monsoon,3,0,Weekday,Weekday,0,0,0,0,1,1,0,0,4249,4249,0,10589,10758,11166,7499,9875,11166,7259,30.5,4230,0,137,3866,version 5.xlsx,5,No Holiday,0
11/22/2024,2024,11,November,327,47,Friday,Post_Monsoon,3,0,Weekday,Weekday,0,1,0,0,3,0,1,0,3234,3234,0,9036,8888,9183,7259,8530,9183,6915,29.8,4018,0,134,4256,version 5.xlsx,5,No Holiday,0
11/23/2024,2024,11,November,328,47,Saturday,Post_Monsoon,3,0,Weekday,Weekday,0,0,0,0,0,1,0,0,3957,3957,0,10248,10055,10471,6915,8993,10471,7309,29.2,4143,0,136,4360,version 5.xlsx,5,No Holiday,0
11/24/2024,2024,11,November,329,47,Sunday,Post_Monsoon,3,0,Weekday,Weekday,0,0,0,0,3,0,1,0,4017,4017,0,10418,10395,10624,7309,9361,10624,7125,29.5,4160,0,134,5090,version 5.xlsx,5,No Holiday,0
11/25/2024,2024,11,November,330,48,Monday,Post_Monsoon,3,0,Weekday,Weekday,0,0,0,0,3,0,1,0,4038,4038,0,10377,10314,10545,7125,9398,10545,7150,28.2,4186,0,134,4602,version 5.xlsx,5,No Holiday,0
11/26/2024,2024,11,November,331,48,Tuesday,Post_Monsoon,3,0,Weekday,Weekday,0,0,0,0,3,0,1,0,4103,4103,0,10440,10440,10676,7150,9465,10676,7131,29.2,3981,0,134,4616,version 5.xlsx,5,No Holiday,0
11/27/2024,2024,11,November,332,48,Wednesday,Post_Monsoon,3,0,Weekday,Weekday,0,0,0,0,3,0,1,0,4236,4236,0,10468,10439,10666,7131,9652,10666,7235,29.1,3690,0,134,4413,version 5.xlsx,5,No Holiday,0
11/28/2024,2024,11,November,333,48,Thursday,Post_Monsoon,3,0,Weekday,Weekday,0,0,0,0,3,0,1,0,4215,4215,0,10497,10524,10800,7235,9675,10800,7303,30.7,4066,0,134,4502,version 5.xlsx,5,No Holiday,0
11/29/2024,2024,11,November,334,48,Friday,Post_Monsoon,3,0,Weekday,Weekday,0,1,0,0,3,0,1,0,3324,3324,0,9889,9029,9366,7303,8936,9366,7064,31.7,4042,0,180,4597,version 5.xlsx,5,No Holiday,0
11/30/2024,2024,11,November,335,48,Saturday,Post_Monsoon,3,0,Weekday,Weekday,0,0,0,0,3,0,1,0,4053,4053,0,10675,10601,10812,7064,9424,10812,7244,30.7,3977,0,136,4424,version 5.xlsx,5,No Holiday,0
12/1/2024,2024,12,December,336,48,Sunday,Winter,0,0,Weekday,Weekday,0,0,0,0,51,0,0,1,4153,4153,0,10694,10639,10745,7244,9875,10745,7433,30.6,3966,0,147,4450,version 5.xlsx,5,No Holiday,0
12/2/2024,2024,12,December,337,49,Monday,Winter,0,0,Weekday,Weekday,0,0,0,0,3,0,1,0,4118,4118,0,10749,10483,10749,7433,9603,10749,7279,29.7,4518,0,182,3949,version 5.xlsx,5,No Holiday,0
12/3/2024,2024,12,December,338,49,Tuesday,Winter,0,0,Weekday,Weekday,0,0,0,0,1,1,0,0,4236,4236,0,10494,10733,11049,7279,9920,11049,7375,29.6,4763,0,153,4154,version 5.xlsx,5,No Holiday,0
12/4/2024,2024,12,December,339,49,Wednesday,Winter,0,0,Weekday,Weekday,0,0,0,0,1,1,0,0,4171,4171,0,10632,10520,10889,7375,9595,10889,7202,29.1,3602,0,184,5147,version 5.xlsx,5,No Holiday,0
12/5/2024,2024,12,December,340,49,Thursday,Winter,0,0,Weekday,Weekday,0,0,0,0,2,0,1,0,4134,4134,0,10745,10496,10745,7202,9596,10745,7163,29,3641,0,184,5157,version 5.xlsx,5,No Holiday,0
12/6/2024,2024,12,December,341,49,Friday,Winter,0,0,Weekday,Weekday,0,1,0,0,0,1,0,0,3886,3886,0,8930,8755,9404,7163,8679,8930,6403,28,3198,0,184,5217,version 5.xlsx,5,No Holiday,0
12/7/2024,2024,12,December,342,49,Saturday,Winter,0,0,Weekday,Weekday,0,0,0,0,0,1,0,0,3706,3706,0,10236,9872,10236,6403,8463,10236,6833,27.5,3626,0,183,5303,version 5.xlsx,5,No Holiday,0
12/8/2024,2024,12,December,343,49,Sunday,Winter,0,0,Weekday,Weekday,0,0,0,0,2,0,1,0,3886,3886,0,10201,10036,10201,6833,9411,10201,6809,27.3,3365,0,184,5761,version 5.xlsx,5,No Holiday,0
12/9/2024,2024,12,December,344,50,Monday,Winter,0,0,Weekday,Weekday,0,0,0,0,3,0,1,0,3909,3909,0,10267,10060,10267,6809,9380,10267,6955,26.4,3849,0,200,5507,version 5.xlsx,5,No Holiday,0
12/10/2024,2024,12,December,345,50,Tuesday,Winter,0,0,Weekday,Weekday,0,0,0,0,3,0,1,0,3954,3954,0,10406,10225,10406,6955,9549,10406,6771,26.2,4459,0,180,5582,version 5.xlsx,5,No Holiday,0
12/11/2024,2024,12,December,346,50,Wednesday,Winter,0,0,Weekday,Weekday,0,0,0,0,3,0,1,0,3842,3842,0,10162,9978,10162,6771,9155,10162,6734,25.4,4415,0,190,5483,version 5.xlsx,5,No Holiday,0
12/12/2024,2024,12,December,347,50,Thursday,Winter,0,0,Weekday,Weekday,0,0,0,0,3,0,1,0,3903,3903,0,10354,10063,10354,6734,9207,10354,6590,21.2,4679,0,190,4929,version 5.xlsx,5,No Holiday,0
12/13/2024,2024,12,December,348,50,Friday,Winter,0,0,Weekday,Weekday,0,1,0,0,3,0,1,0,3813,3813,0,8931,8619,9396,6590,8609,8931,6258,25.4,4736,0,190,5185,version 5.xlsx,5,No Holiday,0
12/14/2024,2024,12,December,349,50,Saturday,Winter,0,0,Weekday,Weekday,0,0,0,0,3,0,1,0,3813,3813,0,10123,9871,10123,6258,8976,10123,6617,24.8,3462,0,190,5333,version 5.xlsx,5,No Holiday,0
12/15/2024,2024,12,December,350,50,Sunday,Winter,0,0,Weekday,Weekday,0,0,0,0,3,0,1,0,3808,3808,0,10291,10092,10291,6617,9450,10291,6569,26.7,3704,0,190,5887,version 5.xlsx,5,No Holiday,0
12/16/2024,2024,12,December,351,51,Monday,Winter,0,1,Victory Day,National,1,0,0,0,1,1,0,0,3758,3758,0,8653,8473,8653,6569,8054,8653,6024,28.2,2972,0,190,6414,version 5.xlsx,5,Victory Day,1
12/17/2024,2024,12,December,352,51,Tuesday,Winter,0,0,Weekday,Weekday,0,0,0,0,3,0,1,0,3648,3648,0,10320,9896,10320,6024,9387,10320,6975,29.6,2924,0,190,6298,version 5.xlsx,5,No Holiday,0
12/18/2024,2024,12,December,353,51,Wednesday,Winter,0,0,Weekday,Weekday,0,0,0,0,3,0,1,0,3758,3758,0,10454,9894,10454,6975,9480,10454,7031,27.9,2824,0,190,6040,version 5.xlsx,5,No Holiday,0
12/19/2024,2024,12,December,354,51,Thursday,Winter,0,0,Weekday,Weekday,0,0,0,0,3,0,1,0,3930,3930,0,10513,10235,10513,7031,9782,10513,6989,27,3047,0,190,5763,version 5.xlsx,5,No Holiday,0
12/20/2024,2024,12,December,355,51,Friday,Winter,0,0,Weekday,Weekday,0,1,0,0,3,0,1,0,3079,3079,0,9144,8866,9235,6989,8835,9144,6512,27,3373,0,190,5854,version 5.xlsx,5,No Holiday,0
12/21/2024,2024,12,December,356,51,Saturday,Winter,0,0,Weekday,Weekday,0,0,0,0,51,0,0,1,3739,3739,0,10282,9840,10282,6512,8792,10282,6909,22.7,3103,0,190,5826,version 5.xlsx,5,No Holiday,0
12/22/2024,2024,12,December,357,51,Sunday,Winter,0,0,Weekday,Weekday,0,0,0,0,3,0,1,0,3972,3972,0,10614,10212,10614,6909,9688,10614,6945,26.5,3177,0,190,5821,version 5.xlsx,5,No Holiday,0
12/23/2024,2024,12,December,358,52,Monday,Winter,0,0,Weekday,Weekday,0,0,0,0,3,0,1,0,4004,4004,0,10454,10273,10454,6945,9411,10454,7010,27.2,3341,0,190,6580,version 5.xlsx,5,No Holiday,0
12/24/2024,2024,12,December,359,52,Tuesday,Winter,0,0,Weekday,Weekday,0,0,0,0,0,1,0,0,3891,3891,0,10482,10263,10482,7010,9563,10482,6910,26.9,2886,0,190,6139,version 5.xlsx,5,No Holiday,0
12/25/2024,2024,12,December,360,52,Wednesday,Winter,0,1,Christmas Day,Religious_Christian,4,0,0,0,3,0,1,0,3886,3886,0,10341,10101,10341,6910,9712,10341,6950,26.7,2964,0,190,6296,version 5.xlsx,5,Christmas,1
12/26/2024,2024,12,December,361,52,Thursday,Winter,0,0,Weekday,Weekday,0,0,0,0,3,0,1,0,3958,3958,0,10424,10271,10424,6950,9856,10424,6981,28.5,2904,0,190,5986,version 5.xlsx,5,No Holiday,0
12/27/2024,2024,12,December,362,52,Friday,Winter,0,0,Weekday,Weekday,0,1,0,0,0,1,0,0,3886,3886,0,9091,8619,9293,6981,8937,9091,6518,28,2965,0,190,5974,version 5.xlsx,5,No Holiday,0
12/28/2024,2024,12,December,363,52,Saturday,Winter,0,0,Weekday,Weekday,0,0,0,0,2,0,1,0,3798,3798,0,10411,10010,10411,6518,8685,10411,7009,28.1,2903,0,205,5424,version 5.xlsx,5,No Holiday,0
12/29/2024,2024,12,December,364,52,Sunday,Winter,0,0,Weekday,Weekday,0,0,0,0,0,1,0,0,3891,3891,0,10501,9964,10501,7009,9900,10501,7106,28.2,2914,0,184,5427,version 5.xlsx,5,No Holiday,0
12/30/2024,2024,12,December,365,1,Monday,Winter,0,0,Weekday,Weekday,0,0,0,0,0,1,0,0,4031,4031,0,10613,10332,10613,7106,9932,10613,7101,28.5,2928,0,205,5418,version 5.xlsx,5,No Holiday,0
