household_id,substation,period_start,period_end,days,energy_before_kwh,bill_before_tk,energy_after_kwh,bill_after_tk,bill_saving_tk,bill_saving_pct,energy_saving_kwh,incentive_received_tk,discomfort_cost_tk,net_benefit_tk,gained,qoe,n_dr_events,n_shift_slots,n_curtail_slots,energy_shifted_kwh,energy_curtailed_kwh,peak_before_kw,peak_after_kw,peak_reduction_pct,participated,tariff_class,slab_before,slab_after,eff_rate_before,eff_rate_after,surcharge_tk,J1_before_tk,J1_after_tk,marginal_rate_tk_per_kwh,income_band,monthly_income_bdt,household_size,w_h,equation,id
DHNC0001,Dhanmondi,2026-06-14,2026-07-13,30,741.8844889317587,9581.274447114316,741.8844889317587,9581.274447114316,0.0,0.0,0.0,0.0,0.0,0.0,False,1.0,0,0,0,0.0,0.0,4.522244194721653,4.522244194721653,0.0,False,LT-A,601-above,601-above,12.914779308717476,12.914779308717476,0.0,12871.695882966014,12871.695882966014,17.35,upper-middle,174354.85781382807,4,597.3547737671756,"(20),(21) + BERC slab bill",MB-DHNC0001-2026-06-14
DHNC0002,Dhanmondi,2026-06-14,2026-07-13,30,206.54885510342336,1827.18877051321,196.54625506863383,1733.7897864875572,93.39898402565292,5.111622046550753,10.00260003478951,9.62170711033571,169.4598384652609,-66.43914732927229,False,0.9515727161509516,30,0,150,0.0,10.00260003478946,0.9056059902486512,0.9056059902486512,0.0,True,LT-A,201-300,76-200,8.84627886026431,8.821281208752202,0.0,1879.594581441152,1778.9492140142322,9.1,upper-middle,112596.5940120374,5,597.3547737671756,"(20),(21) + BERC slab bill",MB-DHNC0002-2026-06-14
DHNC0003,Dhanmondi,2026-06-14,2026-07-13,30,176.71666423334503,1499.4542282826044,175.0195342200155,1484.3073429136382,15.146885368966196,1.0101599024009311,1.6971300133295415,5.091390039988598,25.944626661839727,-5.706351252884936,False,0.9903963215880504,10,0,40,0.0,1.6971300133295324,0.9728447772494944,0.9728447772494944,0.0,True,LT-A,76-200,76-200,8.485075444286647,8.480809582361982,0.0,1502.0916459834327,1482.5746508301424,8.5,upper-middle,122947.57133679508,4,597.3547737671756,"(20),(21) + BERC slab bill",MB-DHNC0003-2026-06-14
DHNC0004,Dhanmondi,2026-06-14,2026-07-13,30,125.77903603831048,1040.619936641921,125.77903603831048,1040.619936641921,0.0,0.0,0.0,0.0,0.0,0.0,False,1.0,0,0,0,0.0,0.0,0.7631324280611624,0.7631324280611624,0.0,False,LT-A,76-200,76-200,8.273397295913153,8.273397295913153,0.0,1069.1218063256392,1069.1218063256392,8.5,middle,53546.14581260672,4,597.3547737671756,"(20),(21) + BERC slab bill",MB-DHNC0004-2026-06-14
DHNC0005,Dhanmondi,2026-06-14,2026-07-13,30,196.82248550892285,1730.9410931671366,196.82248550892285,1730.9410931671366,0.0,0.0,0.0,0.0,0.0,0.0,False,1.0,0,0,0,0.0,0.0,0.9916189913789256,0.9916189913789256,0.0,False,LT-A,76-200,76-200,8.794427571074776,8.794427571074776,0.0,1672.9911268258438,1672.9911268258438,8.5,middle,59531.87269822272,5,597.3547737671756,"(20),(21) + BERC slab bill",MB-DHNC0005-2026-06-14
DHNC0006,Dhanmondi,2026-06-14,2026-07-13,30,114.42690706294437,860.6101455367783,114.42690706294437,860.6101455367783,0.0,0.0,0.0,0.0,0.0,0.0,False,1.0,0,0,0,0.0,0.0,0.2689426569645353,0.2689426569645353,0.0,False,LT-A,76-200,76-200,7.52104699520866,7.52104699520866,0.0,972.6287100350272,972.6287100350272,8.5,lower-middle,10736.852167504176,4,597.3547737671756,"(20),(21) + BERC slab bill",MB-DHNC0006-2026-06-14
DHNC0007,Dhanmondi,2026-06-14,2026-07-13,30,149.25384920148198,1234.040554123227,149.25384920148198,1234.040554123227,0.0,0.0,0.0,0.0,0.0,0.0,False,1.0,0,0,0,0.0,0.0,1.2511246302574692,1.2511246302574692,0.0,False,LT-A,76-200,76-200,8.268065183748531,8.268065183748531,0.0,1268.6577182125968,1268.6577182125968,8.5,lower-middle,24775.58637255295,4,597.3547737671756,"(20),(21) + BERC slab bill",MB-DHNC0007-2026-06-14
DHNC0008,Dhanmondi,2026-06-14,2026-07-13,30,188.3564219134829,1595.4187055778348,188.3564219134829,1595.4187055778348,0.0,0.0,0.0,0.0,0.0,0.0,False,1.0,0,0,0,0.0,0.0,0.922622061291981,0.922622061291981,0.0,False,LT-A,76-200,76-200,8.47021136508238,8.47021136508238,0.0,1601.029586264605,1601.029586264605,8.5,middle,43471.247693859405,5,597.3547737671756,"(20),(21) + BERC slab bill",MB-DHNC0008-2026-06-14
DHNC0009,Dhanmondi,2026-06-14,2026-07-13,30,398.077109371363,3724.025751760138,379.6504673311165,3537.8982405116085,186.1275112485296,4.998018908987338,18.426642040246463,23.925582428075483,344.0572383124281,-134.00414463582308,False,0.9537108725760558,22,0,88,0.0,18.4266420402464,2.560466022218713,2.560466022218713,0.0,True,LT-A,301-400,301-400,9.355036157796311,9.318830200269424,0.0,3829.5017921525114,3628.311913297264,9.62,upper-middle,177614.14505977277,4,597.3547737671756,"(20),(21) + BERC slab bill",MB-DHNC0009-2026-06-14
DHNC0010,Dhanmondi,2026-06-14,2026-07-13,30,196.77862878463787,1738.4788519028932,196.77862878463787,1738.4788519028932,0.0,0.0,0.0,0.0,0.0,0.0,False,1.0,0,0,0,0.0,0.0,0.9831174001378662,0.9831174001378662,0.0,False,LT-A,76-200,76-200,8.834693394502468,8.834693394502468,0.0,1672.6183446694224,1672.6183446694224,8.5,upper-middle,156299.7761650142,6,597.3547737671756,"(20),(21) + BERC slab bill",MB-DHNC0010-2026-06-14
DHNC0011,Dhanmondi,2026-06-14,2026-07-13,30,495.66845075302064,5321.328438092982,495.66845075302064,5321.328438092982,0.0,0.0,0.0,0.0,0.0,0.0,False,1.0,0,0,0,0.0,0.0,2.681841055030918,2.681841055030918,0.0,False,LT-A,401-600,401-600,10.735660964519342,10.735660964519342,0.0,7439.983445802839,7439.983445802839,15.01,upper-middle,199144.37502718804,4,597.3547737671756,"(20),(21) + BERC slab bill",MB-DHNC0011-2026-06-14
DHNC0012,Dhanmondi,2026-06-14,2026-07-13,30,157.25263141484473,1350.9276553774891,157.25263141484473,1350.9276553774891,0.0,0.0,0.0,0.0,0.0,0.0,False,1.0,0,0,0,0.0,0.0,0.9674737262491748,0.9674737262491748,0.0,False,LT-A,76-200,76-200,8.590811124893907,8.590811124893907,0.0,1336.64736702618,1336.64736702618,8.5,upper-middle,104924.43749387428,4,597.3547737671756,"(20),(21) + BERC slab bill",MB-DHNC0012-2026-06-14
DHNC0013,Dhanmondi,2026-06-14,2026-07-13,30,185.82639660692385,1551.8819097167952,185.82639660692385,1551.8819097167952,0.0,0.0,0.0,0.0,0.0,0.0,False,1.0,0,0,0,0.0,0.0,1.0613030785431088,1.0613030785431088,0.0,False,LT-A,76-200,76-200,8.351245775913478,8.351245775913478,0.0,1579.5243711588523,1579.5243711588523,8.5,middle,56263.97878643399,5,597.3547737671756,"(20),(21) + BERC slab bill",MB-DHNC0013-2026-06-14
DHNC0014,Dhanmondi,2026-06-14,2026-07-13,30,139.96076086458442,1190.551600716416,139.96076086458442,1190.551600716416,0.0,0.0,0.0,0.0,0.0,0.0,False,1.0,0,0,0,0.0,0.0,0.8231676560421688,0.8231676560421688,0.0,False,LT-A,76-200,76-200,8.50632415372695,8.50632415372695,0.0,1189.6664673489672,1189.6664673489672,8.5,middle,52192.10494958036,4,597.3547737671756,"(20),(21) + BERC slab bill",MB-DHNC0014-2026-06-14
DHNC0015,Dhanmondi,2026-06-14,2026-07-13,30,578.3988813460238,6582.442029454009,565.2921817756007,6375.873890874355,206.56813857965332,3.138168747333237,13.106699570423077,32.114023267544056,238.1917993162063,0.4903625309910921,True,0.9773396872069982,12,0,36,0.0,13.106699570423247,3.202978446236219,3.202978446236219,0.0,True,LT-A,401-600,401-600,11.380454288112809,11.278899826365071,0.0,8681.76720900382,8452.921625184223,15.01,upper-middle,83791.43714369864,5,597.3547737671756,"(20),(21) + BERC slab bill",MB-DHNC0015-2026-06-14
DHNC0016,Dhanmondi,2026-06-14,2026-07-13,30,205.91342095875007,1776.774647260857,205.91342095875007,1776.774647260857,0.0,0.0,0.0,0.0,0.0,0.0,False,1.0,0,0,0,0.0,0.0,0.8430372817850791,0.8430372817850791,0.0,False,LT-A,201-300,201-300,8.628746193366348,8.628746193366348,0.0,1873.812130724626,1873.812130724626,9.1,upper-middle,140591.20841218322,5,597.3547737671756,"(20),(21) + BERC slab bill",MB-DHNC0016-2026-06-14
DHNC0017,Dhanmondi,2026-06-14,2026-07-13,30,445.1689550528317,4513.519726110155,413.0106840326919,4006.6892956972406,506.8304304129142,11.229161744457716,32.158271020139864,30.71925122311422,713.6561870317428,-176.1065053957143,False,0.9277616494700908,30,0,60,0.0,32.15827102013982,3.889339225488028,3.889339225488028,0.0,True,LT-A,401-600,401-600,10.138891481268049,9.701175903188236,0.0,6681.986015343003,6168.57111610759,15.01,upper-middle,125784.29300369692,5,597.3547737671756,"(20),(21) + BERC slab bill",MB-DHNC0017-2026-06-14
DHNC0018,Dhanmondi,2026-06-14,2026-07-13,30,166.20105462023224,1407.5957324855729,166.20105462023224,1407.5957324855729,0.0,0.0,0.0,0.0,0.0,0.0,False,1.0,0,0,0,0.0,0.0,0.8779939686360916,0.8779939686360916,0.0,False,LT-A,76-200,76-200,8.469234661006906,8.469234661006906,0.0,1412.708964271974,1412.708964271974,8.5,middle,48210.72684411221,5,597.3547737671756,"(20),(21) + BERC slab bill",MB-DHNC0018-2026-06-14
DHNC0019,Dhanmondi,2026-06-14,2026-07-13,30,159.37148827089507,1367.5805328177385,159.37148827089507,1367.5805328177385,0.0,0.0,0.0,0.0,0.0,0.0,False,1.0,0,0,0,0.0,0.0,1.0075919079701725,1.0075919079701725,0.0,False,LT-A,76-200,76-200,8.581086539727636,8.581086539727636,0.0,1354.6576503026076,1354.6576503026076,8.5,middle,41001.29658024218,4,597.3547737671756,"(20),(21) + BERC slab bill",MB-DHNC0019-2026-06-14
DHNC0020,Dhanmondi,2026-06-14,2026-07-13,30,275.89435902555635,2560.323010489191,275.89435902555635,2560.323010489191,0.0,0.0,0.0,0.0,0.0,0.0,False,1.0,0,0,0,0.0,0.0,1.8755679711321624,1.8755679711321624,0.0,False,LT-A,201-300,201-300,9.280084665493382,9.280084665493382,0.0,2510.6386671325627,2510.6386671325627,9.1,upper-middle,196485.8508143802,5,597.3547737671756,"(20),(21) + BERC slab bill",MB-DHNC0020-2026-06-14
DHNC0021,Dhanmondi,2026-06-14,2026-07-13,30,657.973080885311,8039.176691028153,626.8082461668581,7471.431314544739,567.7453764834145,7.062232841791214,31.16483471845288,29.824572493425062,783.5541478212623,-185.98419884442276,False,0.9526350915807674,30,0,150,0.0,31.164834718453083,3.292968961196623,3.292968961196623,0.0,True,LT-A,601-above,601-above,12.218093603785949,11.919803800021835,0.0,11415.832953360152,10845.298498501566,17.35,upper-middle,154326.830346587,4,597.3547737671756,"(20),(21) + BERC slab bill",MB-DHNC0021-2026-06-14
DHNC0022,Dhanmondi,2026-06-14,2026-07-13,30,133.95380611275883,1066.6485395563727,133.95380611275883,1066.6485395563727,0.0,0.0,0.0,0.0,0.0,0.0,False,1.0,0,0,0,0.0,0.0,0.6353992997170809,0.6353992997170809,0.0,False,LT-A,76-200,76-200,7.9628087510891294,7.9628087510891294,0.0,1138.60735195845,1138.60735195845,8.5,middle,39560.95363024633,5,597.3547737671756,"(20),(21) + BERC slab bill",MB-DHNC0022-2026-06-14
DHNC0023,Dhanmondi,2026-06-14,2026-07-13,30,272.03224092858227,2381.833012072604,272.03224092858227,2381.833012072604,0.0,0.0,0.0,0.0,0.0,0.0,False,1.0,0,0,0,0.0,0.0,1.0955845399535906,1.0955845399535906,0.0,False,LT-A,201-300,201-300,8.755701176971579,8.755701176971579,0.0,2475.493392450099,2475.493392450099,9.1,lower-middle,15421.258152628776,3,597.3547737671756,"(20),(21) + BERC slab bill",MB-DHNC0023-2026-06-14
DHNC0024,Dhanmondi,2026-06-14,2026-07-13,30,431.1169525704052,4292.308920985871,423.5590098485405,4173.191964717923,119.1169562679479,2.775125426913325,7.557942721864606,22.673828165593445,144.9843186553932,-3.1935342218518485,False,0.9824689271048088,10,0,30,0.0,7.557942721864482,2.596500948654084,2.596500948654084,0.0,True,LT-A,401-600,401-600,9.95625176740156,9.85268136831797,0.0,6471.065458081782,6334.946909661001,15.01,upper-middle,101357.95179186048,4,597.3547737671756,"(20),(21) + BERC slab bill",MB-DHNC0024-2026-06-14
DHNC0025,Dhanmondi,2026-06-14,2026-07-13,30,567.3292533741046,6475.196377802576,550.0859167077014,6203.432770271728,271.76360753084737,4.196994062797415,17.243336666403252,16.54238416803209,332.57358699004686,-44.267595291167424,False,0.9696061210243414,30,0,150,0.0,17.243336666403255,3.3153360078658327,3.3153360078658327,0.0,True,LT-A,401-600,401-600,11.413471699709346,11.277207035947514,0.0,8515.612093145312,8240.247225614568,15.01,upper-middle,148933.5771814863,5,597.3547737671756,"(20),(21) + BERC slab bill",MB-DHNC0025-2026-06-14
DHNC0026,Dhanmondi,2026-06-14,2026-07-13,30,470.1141317899835,4906.218364076035,469.5319487322474,4897.042867994584,9.175496081450548,0.1870176865472339,0.5821830577361311,1.7465491732082912,11.373644103198382,-0.451598848539545,False,0.998761613364994,10,0,20,0.0,0.582183057736097,3.371064558176016,3.371064558176016,0.0,True,LT-A,401-600,401-600,10.436228209935656,10.429626527474372,0.0,7056.413118167653,7045.928001297825,15.01,upper-middle,102517.59120326016,5,597.3547737671756,"(20),(21) + BERC slab bill",MB-DHNC0026-2026-06-14
DHNC0027,Dhanmondi,2026-06-14,2026-07-13,30,275.0476850721528,2480.6058208644195,275.0476850721528,2480.6058208644195,0.0,0.0,0.0,0.0,0.0,0.0,False,1.0,0,0,0,0.0,0.0,1.171931715874175,1.171931715874175,0.0,False,LT-A,201-300,201-300,9.018820937226527,9.018820937226527,0.0,2502.9339341565897,2502.9339341565897,9.1,upper-middle,155912.04588368593,6,597.3547737671756,"(20),(21) + BERC slab bill",MB-DHNC0027-2026-06-14
DHNC0028,Dhanmondi,2026-06-14,2026-07-13,30,623.2412291604629,7412.195412230733,574.0001806487462,6579.028167114565,833.1672451161685,11.240492172418632,49.24104851171671,47.129659261204765,833.2676570248256,47.02924735254771,True,0.920991991210134,30,0,120,0.0,49.241048511716656,3.276827232807648,3.276827232807648,0.0,True,LT-A,601-above,401-600,11.892979901562883,11.461717938274546,0.0,10813.235325934029,9911.773474994545,17.35,upper-middle,105057.52740933542,6,597.3547737671756,"(20),(21) + BERC slab bill",MB-DHNC0028-2026-06-14
DHNC0029,Dhanmondi,2026-06-14,2026-07-13,30,624.4129303924487,7384.589879424435,624.4129303924487,7384.589879424435,0.0,0.0,0.0,0.0,0.0,0.0,False,1.0,0,0,0,0.0,0.0,3.1068196972156823,3.1068196972156823,0.0,False,LT-A,601-above,601-above,11.82645252843044,11.82645252843044,0.0,10833.564342308986,10833.564342308986,17.35,upper-middle,144519.6067555219,6,597.3547737671756,"(20),(21) + BERC slab bill",MB-DHNC0029-2026-06-14
DHNC0030,Dhanmondi,2026-06-14,2026-07-13,30,404.32435633914633,3866.6970180831154,404.32435633914633,3866.6970180831154,0.0,0.0,0.0,0.0,0.0,0.0,False,1.0,0,0,0,0.0,0.0,2.1577045951524205,2.1577045951524205,0.0,False,LT-A,401-600,401-600,9.563354167167065,9.563354167167065,0.0,6068.908588650584,6068.908588650584,15.01,upper-middle,106153.87130008996,5,597.3547737671756,"(20),(21) + BERC slab bill",MB-DHNC0030-2026-06-14
DHNC0031,Dhanmondi,2026-06-14,2026-07-13,30,441.85756643749727,4453.573395838175,441.85756643749727,4453.573395838175,0.0,0.0,0.0,0.0,0.0,0.0,False,1.0,0,0,0,0.0,0.0,2.7046567135470405,2.7046567135470405,0.0,False,LT-A,401-600,401-600,10.079205911862896,10.079205911862896,0.0,6632.282072226834,6632.282072226834,15.01,upper-middle,164420.88079508737,6,597.3547737671756,"(20),(21) + BERC slab bill",MB-DHNC0031-2026-06-14
DHNC0032,Dhanmondi,2026-06-14,2026-07-13,30,349.49508962096536,3291.5195902613714,349.49508962096536,3291.5195902613714,0.0,0.0,0.0,0.0,0.0,0.0,False,1.0,0,0,0,0.0,0.0,1.860625109777431,1.860625109777431,0.0,False,LT-A,301-400,301-400,9.417927999592475,9.417927999592475,0.0,3362.1427621536864,3362.1427621536864,9.62,upper-middle,151810.27950763196,5,597.3547737671756,"(20),(21) + BERC slab bill",MB-DHNC0032-2026-06-14
DHNC0033,Dhanmondi,2026-06-14,2026-07-13,30,384.79949945318106,3584.391703976581,377.74518157108906,3513.1360390495706,71.25566492701091,1.987943026649647,7.054317882091993,19.050836018630733,128.3215126649159,-38.015011719274256,False,0.9816675492246832,11,0,44,0.0,7.05431788209202,1.7967119512109364,1.7967119512109364,0.0,True,LT-A,301-400,301-400,9.314959372530833,9.300280216515276,0.0,3701.7711847396,3614.857810695244,9.62,upper-middle,192056.4880951592,6,597.3547737671756,"(20),(21) + BERC slab bill",MB-DHNC0033-2026-06-14
DHNC0034,Dhanmondi,2026-06-14,2026-07-13,30,320.73820057350525,2935.116753992977,314.295201685589,2870.0360222261347,65.08073176684184,2.217313218573164,6.442998887916247,19.328996663748647,126.81402249199336,-42.40429406140288,False,0.9799119690875748,10,0,50,0.0,6.442998887916216,1.4470815531004906,1.4470815531004906,0.0,True,LT-A,301-400,301-400,9.151129328358008,9.13165713900153,0.0,3085.501489517121,3004.190843551618,9.62,upper-middle,154781.5376330074,6,597.3547737671756,"(20),(21) + BERC slab bill",MB-DHNC0034-2026-06-14
DHNC0035,Dhanmondi,2026-06-14,2026-07-13,30,541.4722637248677,6061.066702435777,541.4722637248677,6061.066702435777,0.0,0.0,0.0,0.0,0.0,0.0,False,1.0,0,0,0,0.0,0.0,2.7252667279185627,2.7252667279185627,0.0,False,LT-A,401-600,401-600,11.193678990574334,11.193678990574334,0.0,8127.498678510266,8127.498678510266,15.01,upper-middle,166744.4203574104,4,597.3547737671756,"(20),(21) + BERC slab bill",MB-DHNC0035-2026-06-14
DHNC0036,Dhanmondi,2026-06-14,2026-07-13,30,353.040811548088,3322.042927447237,346.27089435776094,3253.6599939077432,68.38293353949393,2.058460261741456,6.769917190327078,20.309751570981284,149.14953201916745,-60.45684690869223,False,0.9808239813390386,10,0,50,0.0,6.769917190327096,2.338062951529534,2.338062951529534,0.0,True,LT-A,301-400,301-400,9.409798580736432,9.39628495182191,0.0,3396.2526070926065,3310.816252150679,9.62,upper-middle,105475.6400832551,6,597.3547737671756,"(20),(21) + BERC slab bill",MB-DHNC0036-2026-06-14
DHNC0037,Dhanmondi,2026-06-14,2026-07-13,30,89.70684034796955,726.4371901056282,89.70684034796955,726.4371901056282,0.0,0.0,0.0,0.0,0.0,0.0,False,1.0,0,0,0,0.0,0.0,0.7117994791378291,0.7117994791378291,0.0,False,LT-A,76-200,76-200,8.097901868885415,8.097901868885415,0.0,762.508142957741,762.508142957741,8.5,middle,38741.55515039892,5,597.3547737671756,"(20),(21) + BERC slab bill",MB-DHNC0037-2026-06-14
DHNC0038,Dhanmondi,2026-06-14,2026-07-13,30,122.61475577696297,998.5269253093944,122.61475577696297,998.5269253093944,0.0,0.0,0.0,0.0,0.0,0.0,False,1.0,0,0,0,0.0,0.0,0.7351805302782848,0.7351805302782848,0.0,False,LT-A,76-200,76-200,8.143611419213862,8.143611419213862,0.0,1042.225424104185,1042.225424104185,8.5,middle,43616.96248348577,5,597.3547737671756,"(20),(21) + BERC slab bill",MB-DHNC0038-2026-06-14
DHNC0039,Dhanmondi,2026-06-14,2026-07-13,30,267.8041982701952,2434.251334471715,267.8041982701952,2434.251334471715,0.0,0.0,0.0,0.0,0.0,0.0,False,1.0,0,0,0,0.0,0.0,1.7540977811110463,1.7540977811110463,0.0,False,LT-A,201-300,201-300,9.089668310635409,9.089668310635409,0.0,2437.018204258776,2437.018204258776,9.1,middle,36637.73077401458,4,597.3547737671756,"(20),(21) + BERC slab bill",MB-DHNC0039-2026-06-14
DHNC0040,Dhanmondi,2026-06-14,2026-07-13,30,241.854593958359,2169.5889652721203,241.854593958359,2169.5889652721203,0.0,0.0,0.0,0.0,0.0,0.0,False,1.0,0,0,0,0.0,0.0,1.7412662609423442,1.7412662609423442,0.0,False,LT-A,201-300,201-300,8.970633676057716,8.970633676057716,0.0,2200.8768050210656,2200.8768050210656,9.1,middle,33680.82766666332,5,597.3547737671756,"(20),(21) + BERC slab bill",MB-DHNC0040-2026-06-14
DHNC0041,Dhanmondi,2026-06-14,2026-07-13,30,231.4015167126776,2087.354222189634,231.4015167126776,2087.354222189634,0.0,0.0,0.0,0.0,0.0,0.0,False,1.0,0,0,0,0.0,0.0,1.2714816312702506,1.2714816312702506,0.0,False,LT-A,201-300,201-300,9.020486347033854,9.020486347033854,0.0,2105.7538020853654,2105.7538020853654,9.1,middle,53533.12907194808,5,597.3547737671756,"(20),(21) + BERC slab bill",MB-DHNC0041-2026-06-14
DHNC0042,Dhanmondi,2026-06-14,2026-07-13,30,586.5865757346617,6689.853136866135,561.3964135849394,6292.843586305437,397.0095505606978,5.934503231063113,25.19016214972225,39.93562261255644,502.7730335643347,-65.82786039108043,False,0.9570563610014884,18,0,72,0.0,25.19016214972232,2.7947687083347503,2.723573119321302,2.5474590724135338,True,LT-A,401-600,401-600,11.404715712233148,11.209269304235283,0.0,8804.66450177727,8386.62454529738,15.01,upper-middle,177588.57713129412,4,597.3547737671756,"(20),(21) + BERC slab bill",MB-DHNC0042-2026-06-14
DHNC0043,Dhanmondi,2026-06-14,2026-07-13,30,444.5260782543428,4540.90353632757,444.5260782543428,4540.90353632757,0.0,0.0,0.0,0.0,0.0,0.0,False,1.0,0,0,0,0.0,0.0,3.781173037500453,3.781173037500453,0.0,False,LT-A,401-600,401-600,10.215156676880987,10.215156676880987,0.0,6672.336434597685,6672.336434597685,15.01,upper-middle,142262.97519142774,4,597.3547737671756,"(20),(21) + BERC slab bill",MB-DHNC0043-2026-06-14
DHNC0044,Dhanmondi,2026-06-14,2026-07-13,30,240.7948369243756,2120.028766812409,240.7948369243756,2120.028766812409,0.0,0.0,0.0,0.0,0.0,0.0,False,1.0,0,0,0,0.0,0.0,1.601118112256346,1.601118112256346,0.0,False,LT-A,201-300,201-300,8.804294950386451,8.804294950386451,0.0,2191.233016011818,2191.233016011818,9.1,upper-middle,80180.76947656665,5,597.3547737671756,"(20),(21) + BERC slab bill",MB-DHNC0044-2026-06-14
DHNC0045,Dhanmondi,2026-06-14,2026-07-13,30,358.13514373014027,3335.310176818147,338.81707403788386,3140.178354856665,195.13182196148185,5.850485010891421,19.31806969225641,18.53936204523313,310.47120959181217,-96.80002558509722,False,0.946059273906912,30,0,150,0.0,19.31806969225625,1.5801558631935804,1.5801558631935804,0.0,True,LT-A,301-400,301-400,9.312993251875188,9.268064083764427,0.0,3445.260082683949,3240.8808901992097,9.62,upper-middle,150447.38829950657,5,597.3547737671756,"(20),(21) + BERC slab bill",MB-DHNC0045-2026-06-14
DHNC0046,Dhanmondi,2026-06-14,2026-07-13,30,211.6008884640585,1837.310039274079,211.6008884640585,1837.310039274079,0.0,0.0,0.0,0.0,0.0,0.0,False,1.0,0,0,0,0.0,0.0,1.3667714567211422,1.3667714567211422,0.0,False,LT-A,201-300,201-300,8.682903236420746,8.682903236420746,0.0,1925.5680850229328,1925.5680850229328,9.1,middle,32234.677972628106,4,597.3547737671756,"(20),(21) + BERC slab bill",MB-DHNC0046-2026-06-14
DHNC0047,Dhanmondi,2026-06-14,2026-07-13,30,166.57813096673863,1359.1524588781424,166.57813096673863,1359.1524588781424,0.0,0.0,0.0,0.0,0.0,0.0,False,1.0,0,0,0,0.0,0.0,0.9413984127095424,0.9413984127095424,0.0,False,LT-A,76-200,76-200,8.159249062228524,8.159249062228524,0.0,1415.9141132172786,1415.9141132172786,8.5,middle,39173.47894215197,4,597.3547737671756,"(20),(21) + BERC slab bill",MB-DHNC0047-2026-06-14
DHNC0048,Dhanmondi,2026-06-14,2026-07-13,30,254.3248654332369,2256.5626392145787,254.3248654332369,2256.5626392145787,0.0,0.0,0.0,0.0,0.0,0.0,False,1.0,0,0,0,0.0,0.0,1.318344304216851,1.318344304216851,0.0,False,LT-A,201-300,201-300,8.87275664284958,8.87275664284958,0.0,2314.3562754424565,2314.3562754424565,9.1,middle,37696.0701599607,4,597.3547737671756,"(20),(21) + BERC slab bill",MB-DHNC0048-2026-06-14
DHNC0049,Dhanmondi,2026-06-14,2026-07-13,30,125.29698922599816,1018.0514488420338,125.29698922599816,1018.0514488420338,0.0,0.0,0.0,0.0,0.0,0.0,False,1.0,0,0,0,0.0,0.0,0.799211508859545,0.799211508859545,0.0,False,LT-A,76-200,76-200,8.12510703673633,8.12510703673633,0.0,1065.0244084209842,1065.0244084209842,8.5,middle,52127.79319011733,5,597.3547737671756,"(20),(21) + BERC slab bill",MB-DHNC0049-2026-06-14
DHNC0050,Dhanmondi,2026-06-14,2026-07-13,30,147.13363333260193,1248.4439974934724,147.13363333260193,1248.4439974934724,0.0,0.0,0.0,0.0,0.0,0.0,False,1.0,0,0,0,0.0,0.0,0.609624165543079,0.609624165543079,0.0,False,LT-A,76-200,76-200,8.485102754659167,8.485102754659167,0.0,1250.6358833271167,1250.6358833271167,8.5,middle,52322.32573249229,5,597.3547737671756,"(20),(21) + BERC slab bill",MB-DHNC0050-2026-06-14
DHNC0051,Dhanmondi,2026-06-14,2026-07-13,30,649.498883370988,7865.667417810974,616.7765848405268,7269.548944332296,596.1184734786784,7.57873988072304,32.72229853046122,31.36798916014225,577.5976466930884,49.888815945732176,True,0.9496191612206816,30,0,150,0.0,32.72229853046099,3.289320262604461,3.1973572887785133,2.795804801115106,True,LT-A,601-above,601-above,12.110363264963729,11.786356880282517,0.0,11268.805626486635,10669.705757823,17.35,upper-middle,102642.37060160656,4,597.3547737671756,"(20),(21) + BERC slab bill",MB-DHNC0051-2026-06-14
DHNC0052,Dhanmondi,2026-06-14,2026-07-13,30,150.49813153630498,1257.696633961522,150.49813153630498,1257.696633961522,0.0,0.0,0.0,0.0,0.0,0.0,False,1.0,0,0,0,0.0,0.0,0.7707490196024964,0.7707490196024964,0.0,False,LT-A,76-200,76-200,8.356892016683444,8.356892016683444,0.0,1279.2341180585925,1279.2341180585925,8.5,middle,37964.12933085576,4,597.3547737671756,"(20),(21) + BERC slab bill",MB-DHNC0052-2026-06-14
DHNC0053,Dhanmondi,2026-06-14,2026-07-13,30,513.7550022660504,5622.680893214087,513.7550022660504,5622.680893214087,0.0,0.0,0.0,0.0,0.0,0.0,False,1.0,0,0,0,0.0,0.0,4.090200695867592,4.090200695867592,0.0,False,LT-A,401-600,401-600,10.944284471029553,10.944284471029553,0.0,7711.462584013417,7711.462584013417,15.01,upper-middle,116973.28594294217,6,597.3547737671756,"(20),(21) + BERC slab bill",MB-DHNC0053-2026-06-14
DHNC0054,Dhanmondi,2026-06-14,2026-07-13,30,421.104037435801,4130.972372006941,400.8508070738537,3811.771334887471,319.2010371194706,7.727019412729546,20.25323036194732,19.428652035834386,289.4628636924224,49.16682546288257,True,0.9519044498236736,30,0,60,0.0,20.253230361947235,2.118022367630691,2.118022367630691,0.0,True,LT-A,401-600,401-600,9.809861708193012,9.509202096193311,0.0,6320.771601911372,5997.341962142709,15.01,upper-middle,103119.96323648612,4,597.3547737671756,"(20),(21) + BERC slab bill",MB-DHNC0054-2026-06-14
DHNC0055,Dhanmondi,2026-06-14,2026-07-13,30,136.12540807363925,1160.2900770572303,136.12540807363925,1160.2900770572303,0.0,0.0,0.0,0.0,0.0,0.0,False,1.0,0,0,0,0.0,0.0,0.8014233717856606,0.8014233717856606,0.0,False,LT-A,76-200,76-200,8.523684839420666,8.523684839420666,0.0,1157.065968625934,1157.065968625934,8.5,middle,56853.40933719749,4,597.3547737671756,"(20),(21) + BERC slab bill",MB-DHNC0055-2026-06-14
DHNC0056,Dhanmondi,2026-06-14,2026-07-13,30,182.08517895680384,1571.848132189474,182.08517895680384,1571.848132189474,0.0,0.0,0.0,0.0,0.0,0.0,False,1.0,0,0,0,0.0,0.0,1.0352773503428032,1.0352773503428032,0.0,False,LT-A,76-200,76-200,8.632488054188993,8.632488054188993,0.0,1547.7240211328324,1547.7240211328324,8.5,middle,46247.68036695517,4,597.3547737671756,"(20),(21) + BERC slab bill",MB-DHNC0056-2026-06-14
DHNC0057,Dhanmondi,2026-06-14,2026-07-13,30,307.2130744885073,2860.190945408412,307.2130744885073,2860.190945408412,0.0,0.0,0.0,0.0,0.0,0.0,False,1.0,0,0,0,0.0,0.0,1.9898865958128031,1.9898865958128031,0.0,False,LT-A,301-400,301-400,9.31012115994891,9.31012115994891,0.0,2955.389776579441,2955.389776579441,9.62,upper-middle,129693.24868113289,6,597.3547737671756,"(20),(21) + BERC slab bill",MB-DHNC0057-2026-06-14
DHNC0058,Dhanmondi,2026-06-14,2026-07-13,30,122.32622612310952,931.1115681487524,122.32622612310952,931.1115681487524,0.0,0.0,0.0,0.0,0.0,0.0,False,1.0,0,0,0,0.0,0.0,0.3168325636205756,0.3168325636205756,0.0,False,LT-A,76-200,76-200,7.611708442731476,7.611708442731476,0.0,1039.7729220464312,1039.7729220464312,8.5,middle,25958.75429682545,4,597.3547737671756,"(20),(21) + BERC slab bill",MB-DHNC0058-2026-06-14
DHNC0059,Dhanmondi,2026-06-14,2026-07-13,30,186.75369561814352,1613.078053391931,186.75369561814352,1613.078053391931,0.0,0.0,0.0,0.0,0.0,0.0,False,1.0,0,0,0,0.0,0.0,0.9512570634449838,0.9512570634449838,0.0,False,LT-A,76-200,76-200,8.637462557582808,8.637462557582808,0.0,1587.40641275422,1587.40641275422,8.5,middle,41228.7419215112,5,597.3547737671756,"(20),(21) + BERC slab bill",MB-DHNC0059-2026-06-14
DHNC0060,Dhanmondi,2026-06-14,2026-07-13,30,221.00999712624505,1953.665252541272,221.00999712624505,1953.665252541272,0.0,0.0,0.0,0.0,0.0,0.0,False,1.0,0,0,0,0.0,0.0,1.5588965110607325,1.5588965110607325,0.0,False,LT-A,201-300,201-300,8.83971439276252,8.83971439276252,0.0,2011.1909738488296,2011.1909738488296,9.1,middle,33370.29055587796,5,597.3547737671756,"(20),(21) + BERC slab bill",MB-DHNC0060-2026-06-14
DHNC0061,Dhanmondi,2026-06-14,2026-07-13,30,420.374005677121,4090.312196474266,410.3956970956724,3933.049064076345,157.2631323979208,3.84477088407768,9.97830858144863,9.627467438619025,179.69108014560604,-12.800480309066216,False,0.9762632597480048,30,0,120,0.0,9.978308581448632,2.0980278784337933,2.0980278784337933,0.0,True,LT-A,401-600,401-600,9.730173943285957,9.583553365471722,0.0,6309.813825213586,6150.411945967424,15.01,upper-middle,168489.3703277356,6,597.3547737671756,"(20),(21) + BERC slab bill",MB-DHNC0061-2026-06-14
DHNC0062,Dhanmondi,2026-06-14,2026-07-13,30,541.7017373274599,6069.3226411494325,537.1430663854577,5997.475707768006,71.84693338142642,1.183771857740945,4.558670942002209,13.67601282600684,77.13890014603327,8.3840460614,True,0.991584536973256,10,0,30,0.0,4.558670942002279,3.134362305600136,3.134362305600136,0.0,True,LT-A,401-600,401-600,11.204177913648657,11.165508936243391,0.0,8130.943077285174,8048.841413619714,15.01,upper-middle,156196.8953638039,5,597.3547737671756,"(20),(21) + BERC slab bill",MB-DHNC0062-2026-06-14
DHNC0063,Dhanmondi,2026-06-14,2026-07-13,30,192.55977707048777,1661.8059203541034,192.55977707048777,1661.8059203541034,0.0,0.0,0.0,0.0,0.0,0.0,False,1.0,0,0,0,0.0,0.0,1.0765110476120967,1.0765110476120967,0.0,False,LT-A,76-200,76-200,8.630078127613269,8.630078127613269,0.0,1636.758105099146,1636.758105099146,8.5,middle,29241.158177920846,5,597.3547737671756,"(20),(21) + BERC slab bill",MB-DHNC0063-2026-06-14
DHNC0064,Dhanmondi,2026-06-14,2026-07-13,30,436.5674191334551,4300.3171692528185,428.40219460697546,4171.629148103237,128.6880211495818,2.992523948458932,8.16522452647962,7.886623557779615,214.67529081454427,-78.10064610718285,False,0.9812967615799484,30,0,90,0.0,8.165224526479584,1.9434235199937748,1.9434235199937748,0.0,True,LT-A,401-600,401-600,9.850293404369342,9.737646540140558,0.0,6552.87696119316,6422.430317492921,15.01,upper-middle,124625.2915806154,6,597.3547737671756,"(20),(21) + BERC slab bill",MB-DHNC0064-2026-06-14
DHNC0065,Dhanmondi,2026-06-14,2026-07-13,30,641.0435271182372,7745.1391452764865,634.902498542688,7633.264957201419,111.87418807506764,1.4444438760444498,6.141028575549171,18.423085726647184,121.55310877104728,8.744165030667531,True,0.9904202627188896,10,0,20,0.0,6.141028575549061,3.668633538892279,3.668633538892279,0.0,True,LT-A,601-above,601-above,12.0820799487582,12.022735734577036,0.0,11122.105195501415,10997.13526398899,17.35,upper-middle,138327.82890473545,5,597.3547737671756,"(20),(21) + BERC slab bill",MB-DHNC0065-2026-06-14
DHNC0066,Dhanmondi,2026-06-14,2026-07-13,30,63.09386822946161,526.0870709409764,63.09386822946161,526.0870709409764,0.0,0.0,0.0,0.0,0.0,0.0,False,1.0,0,0,0,0.0,0.0,0.6378323315962104,0.6378323315962104,0.0,False,LT-A,1-75,1-75,8.33816479642186,8.33816479642186,0.0,389.9201056580727,389.9201056580727,6.18,lower-middle,24999.62412370888,5,597.3547737671756,"(20),(21) + BERC slab bill",MB-DHNC0066-2026-06-14
DHNC0067,Dhanmondi,2026-06-14,2026-07-13,30,75.1916472500326,573.255901706541,75.1916472500326,573.255901706541,0.0,0.0,0.0,0.0,0.0,0.0,False,1.0,0,0,0,0.0,0.0,0.8324575360206663,0.8324575360206663,0.0,False,LT-A,76-200,76-200,7.623930618254841,7.623930618254841,0.0,639.1290016252772,639.1290016252772,8.5,lower-middle,16075.723411627623,4,597.3547737671756,"(20),(21) + BERC slab bill",MB-DHNC0067-2026-06-14
DHNC0068,Dhanmondi,2026-06-14,2026-07-13,30,23.22873740460795,151.80572714214003,23.22873740460795,151.80572714214003,0.0,0.0,0.0,0.0,0.0,0.0,False,1.0,0,0,0,0.0,0.0,0.0936449438394168,0.0936449438394168,0.0,False,LT-A,lifeline 0-50,lifeline 0-50,6.535255209868871,6.535255209868871,0.0,123.57688299251416,123.57688299251416,5.32,lower-middle,16464.430652637795,5,597.3547737671756,"(20),(21) + BERC slab bill",MB-DHNC0068-2026-06-14
DHNC0069,Dhanmondi,2026-06-14,2026-07-13,30,230.4342175547793,2050.3374987359166,230.4342175547793,2050.3374987359166,0.0,0.0,0.0,0.0,0.0,0.0,False,1.0,0,0,0,0.0,0.0,1.1890448001695697,1.1890448001695697,0.0,False,LT-A,201-300,201-300,8.897712850516681,8.897712850516681,0.0,2096.951379748492,2096.951379748492,9.1,middle,37386.9339515951,5,597.3547737671756,"(20),(21) + BERC slab bill",MB-DHNC0069-2026-06-14
DHNC0070,Dhanmondi,2026-06-14,2026-07-13,30,299.6852394551699,2728.5861529941485,299.6852394551699,2728.5861529941485,0.0,0.0,0.0,0.0,0.0,0.0,False,1.0,0,0,0,0.0,0.0,1.4783867503475456,1.4783867503475456,0.0,False,LT-A,201-300,201-300,9.104839991301338,9.104839991301338,0.0,2727.1356790420464,2727.1356790420464,9.1,upper-middle,192713.4802004682,5,597.3547737671756,"(20),(21) + BERC slab bill",MB-DHNC0070-2026-06-14
DHNC0071,Dhanmondi,2026-06-14,2026-07-13,30,136.53075810234316,1118.7450160634123,136.53075810234316,1118.7450160634123,0.0,0.0,0.0,0.0,0.0,0.0,False,1.0,0,0,0,0.0,0.0,1.4443860398529669,1.4443860398529669,0.0,False,LT-A,76-200,76-200,8.194087776358817,8.194087776358817,0.0,1160.5114438699177,1160.5114438699177,8.5,middle,34131.21836943714,5,597.3547737671756,"(20),(21) + BERC slab bill",MB-DHNC0071-2026-06-14
DHNC0072,Dhanmondi,2026-06-14,2026-07-13,30,153.79687796322426,1288.0684558217763,153.79687796322426,1288.0684558217763,0.0,0.0,0.0,0.0,0.0,0.0,False,1.0,0,0,0,0.0,0.0,0.9944238077557326,0.9944238077557326,0.0,False,LT-A,76-200,76-200,8.375127459542956,8.375127459542956,0.0,1307.273462687406,1307.273462687406,8.5,middle,47198.435917628696,4,597.3547737671756,"(20),(21) + BERC slab bill",MB-DHNC0072-2026-06-14
DHNC0073,Dhanmondi,2026-06-14,2026-07-13,30,73.4460231550191,523.5445142529189,73.4460231550191,523.5445142529189,0.0,0.0,0.0,0.0,0.0,0.0,False,1.0,0,0,0,0.0,0.0,0.6633339823234214,0.6633339823234214,0.0,False,LT-A,1-75,1-75,7.128289480669332,7.128289480669332,0.0,453.8964230980181,453.8964230980181,6.18,lower-middle,16316.833378094476,3,597.3547737671756,"(20),(21) + BERC slab bill",MB-DHNC0073-2026-06-14
DHNC0074,Dhanmondi,2026-06-14,2026-07-13,30,117.37901300795616,946.9601510960088,117.37901300795616,946.9601510960088,0.0,0.0,0.0,0.0,0.0,0.0,False,1.0,0,0,0,0.0,0.0,0.7462881801220801,0.7462881801220801,0.0,False,LT-A,76-200,76-200,8.067542287408926,8.067542287408926,0.0,997.7216105676272,997.7216105676272,8.5,lower-middle,15288.983507680385,4,597.3547737671756,"(20),(21) + BERC slab bill",MB-DHNC0074-2026-06-14
DHNC0075,Dhanmondi,2026-06-14,2026-07-13,30,424.2818280677285,4228.031261261435,407.8994718573703,3969.837136208084,258.19412505335094,6.106722233087714,16.38235621035824,15.707191092969031,337.934742305907,-64.03342615958701,False,0.9613880323723336,30,0,120,0.0,16.382356210358257,2.605297385589501,2.605297385589501,0.0,True,LT-A,401-600,401-600,9.965148119863644,9.732390969106753,0.0,6368.470239296605,6106.863881486157,15.01,upper-middle,139977.14360622162,4,597.3547737671756,"(20),(21) + BERC slab bill",MB-DHNC0075-2026-06-14
DHNC0076,Dhanmondi,2026-06-14,2026-07-13,30,123.63919120523688,1010.3204215067392,123.63919120523688,1010.3204215067392,0.0,0.0,0.0,0.0,0.0,0.0,False,1.0,0,0,0,0.0,0.0,1.314783036934591,1.314783036934591,0.0,False,LT-A,76-200,76-200,8.17152240853502,8.17152240853502,0.0,1050.9331252445136,1050.9331252445136,8.5,lower-middle,21889.38236982401,3,597.3547737671756,"(20),(21) + BERC slab bill",MB-DHNC0076-2026-06-14
DHNC0077,Dhanmondi,2026-06-14,2026-07-13,30,191.89553268386084,1604.717129203458,191.89553268386084,1604.717129203458,0.0,0.0,0.0,0.0,0.0,0.0,False,1.0,0,0,0,0.0,0.0,0.7408720534525541,0.7408720534525541,0.0,False,LT-A,76-200,76-200,8.36245172964582,8.36245172964582,0.0,1631.1120278128171,1631.1120278128171,8.5,middle,27843.81114353309,4,597.3547737671756,"(20),(21) + BERC slab bill",MB-DHNC0077-2026-06-14
DHNC0078,Dhanmondi,2026-06-14,2026-07-13,30,273.0102025259504,2470.394265135456,273.0102025259504,2470.394265135456,0.0,0.0,0.0,0.0,0.0,0.0,False,1.0,0,0,0,0.0,0.0,1.8883483512547865,1.8883483512547865,0.0,False,LT-A,201-300,201-300,9.048725074296952,9.048725074296952,0.0,2484.392842986147,2484.392842986147,9.1,upper-middle,115013.71448270915,4,597.3547737671756,"(20),(21) + BERC slab bill",MB-DHNC0078-2026-06-14
DHNC0079,Dhanmondi,2026-06-14,2026-07-13,30,306.173609098205,2768.3885455009686,301.4190990563546,2720.363239568237,48.02530593273104,1.7347747667421578,4.754510041850438,4.577631122734347,62.8629246301786,-10.259987574713207,False,0.984471195751148,30,0,120,0.0,4.754510041850529,1.1191541082594143,1.1191541082594143,0.0,True,LT-A,301-400,301-400,9.041891473451615,9.025185358475332,0.0,2945.390119524732,2895.074101799395,9.62,upper-middle,129571.53251648652,5,597.3547737671756,"(20),(21) + BERC slab bill",MB-DHNC0079-2026-06-14
DHNC0080,Dhanmondi,2026-06-14,2026-07-13,30,250.5259306320336,2188.498587189081,250.5259306320336,2188.498587189081,0.0,0.0,0.0,0.0,0.0,0.0,False,1.0,0,0,0,0.0,0.0,1.2065862998479695,1.2065862998479695,0.0,False,LT-A,201-300,201-300,8.735617034403894,8.735617034403894,0.0,2279.7859687515065,2279.7859687515065,9.1,middle,46459.29470414681,4,597.3547737671756,"(20),(21) + BERC slab bill",MB-DHNC0080-2026-06-14
DHNC0081,Dhanmondi,2026-06-14,2026-07-13,30,274.73326518153254,2474.488078809544,274.73326518153254,2474.488078809544,0.0,0.0,0.0,0.0,0.0,0.0,False,1.0,0,0,0,0.0,0.0,1.278246582089067,1.278246582089067,0.0,False,LT-A,201-300,201-300,9.006874639569048,9.006874639569048,0.0,2500.0727131519466,2500.0727131519466,9.1,middle,34772.93484212256,4,597.3547737671756,"(20),(21) + BERC slab bill",MB-DHNC0081-2026-06-14
DHNC0082,Dhanmondi,2026-06-14,2026-07-13,30,409.5268214075858,3988.649478794257,409.5268214075858,3988.649478794257,0.0,0.0,0.0,0.0,0.0,0.0,False,1.0,0,0,0,0.0,0.0,3.077012025537877,3.077012025537877,0.0,False,LT-A,401-600,401-600,9.739653840217004,9.739653840217004,0.0,6146.997589327863,6146.997589327863,15.01,upper-middle,75220.55508087776,5,597.3547737671756,"(20),(21) + BERC slab bill",MB-DHNC0082-2026-06-14
DHNC0083,Dhanmondi,2026-06-14,2026-07-13,30,146.50897687551063,1175.6076186139326,146.50897687551063,1175.6076186139326,0.0,0.0,0.0,0.0,0.0,0.0,False,1.0,0,0,0,0.0,0.0,0.6314812020861154,0.6314812020861154,0.0,False,LT-A,76-200,76-200,8.024133699417284,8.024133699417284,0.0,1245.3263034418403,1245.3263034418403,8.5,middle,49012.57213054981,5,597.3547737671756,"(20),(21) + BERC slab bill",MB-DHNC0083-2026-06-14
DHNC0084,Dhanmondi,2026-06-14,2026-07-13,30,352.78281064136,3256.3694502883773,348.53834867535164,3213.4961399697268,42.87331031865051,1.3165984687288397,4.244461966008316,4.158081695682142,69.27910148284637,-22.24770946851372,False,0.9879686259137966,30,0,60,0.0,4.244461966008459,1.6981349128710093,1.6981349128710093,0.0,True,LT-A,301-400,301-400,9.230521873694158,9.219921286087686,0.0,3393.7706383698837,3348.7808325612004,9.62,upper-middle,95335.18356135538,6,597.3547737671756,"(20),(21) + BERC slab bill",MB-DHNC0084-2026-06-14
DHNC0085,Dhanmondi,2026-06-14,2026-07-13,30,310.9052122174596,2828.2923286085597,301.88372613331154,2737.16629767258,91.12603093597954,3.2219452711527525,9.02148608414808,8.673545139262897,174.3997506391306,-74.60017456388815,False,0.9709831622963012,30,0,120,0.0,9.02148608414803,1.6229157285343612,1.6229157285343612,0.0,True,LT-A,301-400,301-400,9.096960158488232,9.066955455769914,0.0,2990.908141531961,2895.4479002631942,9.62,upper-middle,180325.8797727904,4,597.3547737671756,"(20),(21) + BERC slab bill",MB-DHNC0085-2026-06-14
DHNC0086,Dhanmondi,2026-06-14,2026-07-13,30,539.8436450995874,5985.129268592047,513.2157650084825,5565.460564416189,419.6687041758578,7.011856976559195,26.627880091104885,25.53409031417283,534.1969920934324,-88.9941976034018,False,0.9506748290309268,30,0,120,0.0,26.627880091104856,2.563661904354952,2.563661904354952,0.0,True,LT-A,401-600,401-600,11.08678285448362,10.844289953415991,0.0,8103.053112944807,7677.83454246315,15.01,upper-middle,164119.03066891507,6,597.3547737671756,"(20),(21) + BERC slab bill",MB-DHNC0086-2026-06-14
DHNC0087,Dhanmondi,2026-06-14,2026-07-13,30,88.55859844515962,692.5559411230495,88.55859844515962,692.5559411230495,0.0,0.0,0.0,0.0,0.0,0.0,False,1.0,0,0,0,0.0,0.0,0.8637849199766358,0.8637849199766358,0.0,False,LT-A,76-200,76-200,7.820312801719852,7.820312801719852,0.0,752.7480867838568,752.7480867838568,8.5,middle,50487.08734509231,5,597.3547737671756,"(20),(21) + BERC slab bill",MB-DHNC0087-2026-06-14
DHNC0088,Dhanmondi,2026-06-14,2026-07-13,30,139.24796596601095,1122.2294062466478,139.24796596601095,1122.2294062466478,0.0,0.0,0.0,0.0,0.0,0.0,False,1.0,0,0,0,0.0,0.0,0.6174283178350306,0.6174283178350306,0.0,False,LT-A,76-200,76-200,8.059215791493665,8.059215791493665,0.0,1183.607710711093,1183.607710711093,8.5,middle,55421.88139955043,5,597.3547737671756,"(20),(21) + BERC slab bill",MB-DHNC0088-2026-06-14
DHNC0089,Dhanmondi,2026-06-14,2026-07-13,30,276.61450220386786,2495.351848557957,274.4744610505328,2474.903755337841,20.44809322011633,0.8194472948547561,2.140041153335062,6.4201234600050725,41.720123108134175,-14.851906428012768,False,0.9922634527969983,10,0,30,0.0,2.1400411533350243,1.85709812678959,1.85709812678959,0.0,True,LT-A,201-300,201-300,9.021044915131949,9.01688173779561,0.0,2517.191970055197,2491.297472099843,9.1,upper-middle,129932.3732876731,6,597.3547737671756,"(20),(21) + BERC slab bill",MB-DHNC0089-2026-06-14
DHNC0090,Dhanmondi,2026-06-14,2026-07-13,30,229.822608205294,1983.181341401584,229.822608205294,1983.181341401584,0.0,0.0,0.0,0.0,0.0,0.0,False,1.0,0,0,0,0.0,0.0,0.9576792143850454,0.9576792143850454,0.0,False,LT-A,201-300,201-300,8.629182989821718,8.629182989821718,0.0,2091.3857346681752,2091.3857346681752,9.1,middle,37951.39612120647,5,597.3547737671756,"(20),(21) + BERC slab bill",MB-DHNC0090-2026-06-14
DHNC0091,Dhanmondi,2026-06-14,2026-07-13,30,258.93270217081755,2321.965789242161,258.93270217081755,2321.965789242161,0.0,0.0,0.0,0.0,0.0,0.0,False,1.0,0,0,0,0.0,0.0,1.1266393845116296,1.1266393845116296,0.0,False,LT-A,201-300,201-300,8.967448954015719,8.967448954015719,0.0,2356.287589754439,2356.287589754439,9.1,middle,28375.88590199275,5,597.3547737671756,"(20),(21) + BERC slab bill",MB-DHNC0091-2026-06-14
DHNC0092,Dhanmondi,2026-06-14,2026-07-13,30,98.60577813484387,794.3986198534816,98.60577813484387,794.3986198534816,0.0,0.0,0.0,0.0,0.0,0.0,False,1.0,0,0,0,0.0,0.0,1.175593797826386,1.175593797826386,0.0,False,LT-A,76-200,76-200,8.056309020422086,8.056309020422086,0.0,838.149114146173,838.149114146173,8.5,lower-middle,22567.968364117936,5,597.3547737671756,"(20),(21) + BERC slab bill",MB-DHNC0092-2026-06-14
DHNC0093,Dhanmondi,2026-06-14,2026-07-13,30,171.4582587207953,1502.404469083098,171.4582587207953,1502.404469083098,0.0,0.0,0.0,0.0,0.0,0.0,False,1.0,0,0,0,0.0,0.0,1.0168275362828154,1.0168275362828154,0.0,False,LT-A,76-200,76-200,8.762508614587249,8.762508614587249,0.0,1457.3951991267604,1457.3951991267604,8.5,upper-middle,154112.80220261024,4,597.3547737671756,"(20),(21) + BERC slab bill",MB-DHNC0093-2026-06-14
DHNC0094,Dhanmondi,2026-06-14,2026-07-13,30,161.62611818797333,1365.657514827662,161.62611818797333,1365.657514827662,0.0,0.0,0.0,0.0,0.0,0.0,False,1.0,0,0,0,0.0,0.0,0.9657980823887328,0.9657980823887328,0.0,False,LT-A,76-200,76-200,8.449485331568653,8.449485331568653,0.0,1373.8220045977732,1373.8220045977732,8.5,middle,27333.35229850928,4,597.3547737671756,"(20),(21) + BERC slab bill",MB-DHNC0094-2026-06-14
DHNC0095,Dhanmondi,2026-06-14,2026-07-13,30,325.6271144175251,3011.612352731421,323.5539308026445,2990.6711250375124,20.941227693908782,0.695349375722804,2.073183614880577,6.219550844641966,40.53066732079038,-13.369888782239627,False,0.9936332586474282,10,0,30,0.0,2.073183614880655,1.541534604039834,1.541534604039834,0.0,True,LT-A,301-400,301-400,9.248653503927429,9.243192062660205,0.0,3132.5328406965914,3106.3692634767976,9.62,upper-middle,181525.43008280644,6,597.3547737671756,"(20),(21) + BERC slab bill",MB-DHNC0095-2026-06-14
DHNC0096,Dhanmondi,2026-06-14,2026-07-13,30,143.68775835431532,1185.708243312264,143.68775835431532,1185.708243312264,0.0,0.0,0.0,0.0,0.0,0.0,False,1.0,0,0,0,0.0,0.0,0.7859930622080519,0.7859930622080519,0.0,False,LT-A,76-200,76-200,8.25197815661138,8.25197815661138,0.0,1221.3459460116796,1221.3459460116796,8.5,middle,58503.74792024447,4,597.3547737671756,"(20),(21) + BERC slab bill",MB-DHNC0096-2026-06-14
DHNC0097,Dhanmondi,2026-06-14,2026-07-13,30,388.7135700900934,3657.8891414800337,388.7135700900934,3657.8891414800337,0.0,0.0,0.0,0.0,0.0,0.0,False,1.0,0,0,0,0.0,0.0,1.887761949014336,1.887761949014336,0.0,False,LT-A,301-400,301-400,9.41024297307715,9.41024297307715,0.0,3739.424544266699,3739.424544266699,9.62,upper-middle,71772.06258148629,6,597.3547737671756,"(20),(21) + BERC slab bill",MB-DHNC0097-2026-06-14
DHNC0098,Dhanmondi,2026-06-14,2026-07-13,30,375.3941728735684,3512.942310195914,368.9239503749462,3447.586592737332,65.3557174585826,1.860426721751026,6.470222498622206,19.410667495866598,126.31278576436024,-41.54640080991104,False,0.9827641903732977,10,0,50,0.0,6.470222498622197,1.6515744590922738,1.6515744590922738,0.0,True,LT-A,301-400,301-400,9.358009697660018,9.344979064746182,0.0,3611.2919430437273,3529.6377351111164,9.62,upper-middle,156153.7893329358,4,597.3547737671756,"(20),(21) + BERC slab bill",MB-DHNC0098-2026-06-14
DHNC0099,Dhanmondi,2026-06-14,2026-07-13,30,377.74136314827007,3532.483829160676,366.2892570220519,3416.806105179746,115.6777239809303,3.2746851670207224,11.452106126218212,11.005537545154478,198.8438914483677,-72.16062992228294,False,0.9696826790935172,30,0,120,0.0,11.452106126218334,2.0760980991822704,2.0760980991822704,0.0,True,LT-A,301-400,301-400,9.351593904674177,9.328163574762016,0.0,3633.8719134863577,3512.697115006983,9.62,upper-middle,79930.86904805066,6,597.3547737671756,"(20),(21) + BERC slab bill",MB-DHNC0099-2026-06-14
DHNC0100,Dhanmondi,2026-06-14,2026-07-13,30,312.6194029235564,2830.150318930843,312.6194029235564,2830.150318930843,0.0,0.0,0.0,0.0,0.0,0.0,False,1.0,0,0,0,0.0,0.0,1.3826132404676084,1.3826132404676084,0.0,False,LT-A,301-400,301-400,9.053021957254805,9.053021957254805,0.0,3007.398656124612,3007.398656124612,9.62,middle,55701.91565579143,4,597.3547737671756,"(20),(21) + BERC slab bill",MB-DHNC0100-2026-06-14
DHNC0101,Dhanmondi,2026-06-14,2026-07-13,30,125.84105324269852,1035.2464001910844,125.84105324269852,1035.2464001910844,0.0,0.0,0.0,0.0,0.0,0.0,False,1.0,0,0,0,0.0,0.0,0.6799512318739235,0.6799512318739235,0.0,False,LT-A,76-200,76-200,8.226619004805183,8.226619004805183,0.0,1069.6489525629372,1069.6489525629372,8.5,middle,58343.4708719024,4,597.3547737671756,"(20),(21) + BERC slab bill",MB-DHNC0101-2026-06-14
DHNC0102,Dhanmondi,2026-06-14,2026-07-13,30,227.9174838633324,1991.883288314141,227.9174838633324,1991.883288314141,0.0,0.0,0.0,0.0,0.0,0.0,False,1.0,0,0,0,0.0,0.0,1.0130939955126856,1.0130939955126856,0.0,False,LT-A,201-300,201-300,8.739493147039772,8.739493147039772,0.0,2074.049103156324,2074.049103156324,9.1,middle,28329.887947583044,5,597.3547737671756,"(20),(21) + BERC slab bill",MB-DHNC0102-2026-06-14
DHNC0103,Dhanmondi,2026-06-14,2026-07-13,30,182.7025392819645,1523.3443930915332,182.7025392819645,1523.3443930915332,0.0,0.0,0.0,0.0,0.0,0.0,False,1.0,0,0,0,0.0,0.0,0.8367026554190634,0.8367026554190634,0.0,False,LT-A,76-200,76-200,8.337839195220809,8.337839195220809,0.0,1552.9715838966986,1552.9715838966986,8.5,middle,57259.13851682858,5,597.3547737671756,"(20),(21) + BERC slab bill",MB-DHNC0103-2026-06-14
DHNC0104,Dhanmondi,2026-06-14,2026-07-13,30,319.6251644563124,2952.7109661732115,319.6251644563124,2952.7109661732115,0.0,0.0,0.0,0.0,0.0,0.0,False,1.0,0,0,0,0.0,0.0,1.430351739471404,1.430351739471404,0.0,False,LT-A,301-400,301-400,9.238042853089558,9.238042853089558,0.0,3074.794082069724,3074.794082069724,9.62,upper-middle,96400.63855611792,5,597.3547737671756,"(20),(21) + BERC slab bill",MB-DHNC0104-2026-06-14
DHNC0105,Dhanmondi,2026-06-14,2026-07-13,30,187.5986226071353,1551.3776167686824,187.5986226071353,1551.3776167686824,0.0,0.0,0.0,0.0,0.0,0.0,False,1.0,0,0,0,0.0,0.0,1.1254614668133551,1.1254614668133551,0.0,False,LT-A,76-200,76-200,8.269664218257837,8.269664218257837,0.0,1594.58829216065,1594.58829216065,8.5,middle,35841.58937921624,5,597.3547737671756,"(20),(21) + BERC slab bill",MB-DHNC0105-2026-06-14
DHNC0106,Dhanmondi,2026-06-14,2026-07-13,30,113.68956414820126,923.6809000226962,113.68956414820126,923.6809000226962,0.0,0.0,0.0,0.0,0.0,0.0,False,1.0,0,0,0,0.0,0.0,0.6812977102039717,0.6812977102039717,0.0,False,LT-A,76-200,76-200,8.12458827635773,8.12458827635773,0.0,966.3612952597106,966.3612952597106,8.5,lower-middle,12879.522623318326,4,597.3547737671756,"(20),(21) + BERC slab bill",MB-DHNC0106-2026-06-14
DHNC0107,Dhanmondi,2026-06-14,2026-07-13,30,449.009329793266,4610.419632206767,444.69981073272976,4542.499457053187,67.9201751535802,1.4731885722313385,4.309519060536218,12.928557181608609,92.12535130531704,-11.276618970128212,False,0.9904021614372236,10,0,20,0.0,4.309519060536203,2.8753624723808864,2.8753624723808864,0.0,True,LT-A,401-600,401-600,10.267981813049428,10.214754644416267,0.0,6739.630040196923,6662.015601916663,15.01,upper-middle,64271.16672555324,5,597.3547737671756,"(20),(21) + BERC slab bill",MB-DHNC0107-2026-06-14
DHNC0108,Dhanmondi,2026-06-14,2026-07-13,30,69.55073368864824,524.3222609056384,69.55073368864824,524.3222609056384,0.0,0.0,0.0,0.0,0.0,0.0,False,1.0,0,0,0,0.0,0.0,0.6783694919701949,0.6783694919701949,0.0,False,LT-A,1-75,1-75,7.538702082609603,7.538702082609603,0.0,429.823534195846,429.823534195846,6.18,lower-middle,23602.93921834348,4,597.3547737671756,"(20),(21) + BERC slab bill",MB-DHNC0108-2026-06-14
DHNC0109,Dhanmondi,2026-06-14,2026-07-13,30,320.82976655817487,2958.254832004124,320.82976655817487,2958.254832004124,0.0,0.0,0.0,0.0,0.0,0.0,False,1.0,0,0,0,0.0,0.0,1.4504629464167051,1.4504629464167051,0.0,False,LT-A,301-400,301-400,9.220637049173911,9.220637049173911,0.0,3086.382354289641,3086.382354289641,9.62,upper-middle,78043.99174262353,4,597.3547737671756,"(20),(21) + BERC slab bill",MB-DHNC0109-2026-06-14
DHNC0110,Dhanmondi,2026-06-14,2026-07-13,30,212.33231444808823,1864.3422645514831,212.33231444808823,1864.3422645514831,0.0,0.0,0.0,0.0,0.0,0.0,False,1.0,0,0,0,0.0,0.0,1.1822873022027829,1.1822873022027829,0.0,False,LT-A,201-300,201-300,8.780303974915151,8.780303974915151,0.0,1932.224061477603,1932.224061477603,9.1,middle,52961.88037280864,5,597.3547737671756,"(20),(21) + BERC slab bill",MB-DHNC0110-2026-06-14
DHNC0111,Dhanmondi,2026-06-14,2026-07-13,30,172.3465258360821,1473.9056530870323,172.3465258360821,1473.9056530870323,0.0,0.0,0.0,0.0,0.0,0.0,False,1.0,0,0,0,0.0,0.0,0.9404599829223522,0.9404599829223522,0.0,False,LT-A,76-200,76-200,8.551989347837837,8.551989347837837,0.0,1464.9454696066975,1464.9454696066975,8.5,middle,51205.31236870124,4,597.3547737671756,"(20),(21) + BERC slab bill",MB-DHNC0111-2026-06-14
DHNC0112,Dhanmondi,2026-06-14,2026-07-13,30,174.34417141018622,1527.680549835912,174.34417141018622,1527.680549835912,0.0,0.0,0.0,0.0,0.0,0.0,False,1.0,0,0,0,0.0,0.0,1.1537196491849602,1.1537196491849602,0.0,False,LT-A,76-200,76-200,8.762441195935821,8.762441195935821,0.0,1481.9254569865832,1481.9254569865832,8.5,middle,26349.87272826708,4,597.3547737671756,"(20),(21) + BERC slab bill",MB-DHNC0112-2026-06-14
DHNC0113,Dhanmondi,2026-06-14,2026-07-13,30,491.31541311088574,5277.418388334115,459.0746072992277,4769.287168339478,508.1312199946369,9.628405076199297,32.24080581165805,30.83911823620572,683.775300783491,-144.80496255264836,False,0.9343785988566544,30,0,90,0.0,32.240805811658056,3.0068384590450066,3.0068384590450066,0.0,True,LT-A,401-600,401-600,10.741406126298436,10.38891520573872,0.0,7374.644350794397,6859.870737325205,15.01,upper-middle,99300.8204041532,5,597.3547737671756,"(20),(21) + BERC slab bill",MB-DHNC0113-2026-06-14
DHNC0114,Dhanmondi,2026-06-14,2026-07-13,30,154.7281126268614,1293.738135194738,154.7281126268614,1293.738135194738,0.0,0.0,0.0,0.0,0.0,0.0,False,1.0,0,0,0,0.0,0.0,0.696458307991284,0.696458307991284,0.0,False,LT-A,76-200,76-200,8.361364416786275,8.361364416786275,0.0,1315.1889573283215,1315.1889573283215,8.5,middle,57235.23012462056,5,597.3547737671756,"(20),(21) + BERC slab bill",MB-DHNC0114-2026-06-14
DHNC0115,Dhanmondi,2026-06-14,2026-07-13,30,276.27879879111384,2459.2720624490926,276.27879879111384,2459.2720624490926,0.0,0.0,0.0,0.0,0.0,0.0,False,1.0,0,0,0,0.0,0.0,0.9819170001913284,0.9819170001913284,0.0,False,LT-A,201-300,201-300,8.901414343807376,8.901414343807376,0.0,2514.1370689991363,2514.1370689991363,9.1,lower-middle,21228.989157116936,4,597.3547737671756,"(20),(21) + BERC slab bill",MB-DHNC0115-2026-06-14
DHNC0116,Dhanmondi,2026-06-14,2026-07-13,30,194.0721989559309,1601.6837456816831,194.0721989559309,1601.6837456816831,0.0,0.0,0.0,0.0,0.0,0.0,False,1.0,0,0,0,0.0,0.0,0.699770504499517,0.699770504499517,0.0,False,LT-A,76-200,76-200,8.253030337670296,8.253030337670296,0.0,1649.6136911254132,1649.6136911254132,8.5,lower-middle,11795.02671914664,4,597.3547737671756,"(20),(21) + BERC slab bill",MB-DHNC0116-2026-06-14
DHNC0117,Dhanmondi,2026-06-14,2026-07-13,30,467.1984284849003,4864.926792136272,467.1984284849003,4864.926792136272,0.0,0.0,0.0,0.0,0.0,0.0,False,1.0,0,0,0,0.0,0.0,2.638256655005639,2.638256655005639,0.0,False,LT-A,401-600,401-600,10.412977646164116,10.412977646164116,0.0,7012.648411558354,7012.648411558354,15.01,upper-middle,77981.71386030191,4,597.3547737671756,"(20),(21) + BERC slab bill",MB-DHNC0117-2026-06-14
DHNC0118,Dhanmondi,2026-06-14,2026-07-13,30,341.36000661012395,3155.337846768862,341.36000661012395,3155.337846768862,0.0,0.0,0.0,0.0,0.0,0.0,False,1.0,0,0,0,0.0,0.0,2.1252071206320147,2.1252071206320147,0.0,False,LT-A,301-400,301-400,9.243431525863118,9.243431525863118,0.0,3283.883263589392,3283.883263589392,9.62,upper-middle,79320.61611333897,6,597.3547737671756,"(20),(21) + BERC slab bill",MB-DHNC0118-2026-06-14
DHNC0119,Dhanmondi,2026-06-14,2026-07-13,30,402.81525057410425,3816.50567667317,395.66825850908685,3728.380999200287,88.12467747288338,2.3090409117300528,7.1469920650174,0.0,152.1443870577041,-64.01970958482073,False,0.9822573945379892,15,0,45,0.0,7.146992065017365,2.6918850538047177,2.6918850538047177,0.0,True,LT-A,401-600,301-400,9.474580893433831,9.422997470783118,0.0,6046.256911117304,5938.980560221394,15.01,upper-middle,172149.11517222284,4,597.3547737671756,"(20),(21) + BERC slab bill",MB-DHNC0119-2026-06-14
DHNC0120,Dhanmondi,2026-06-14,2026-07-13,30,208.2391378774392,1787.288322418931,207.23678737972676,1777.7108634132887,9.577459005642368,0.5358653601384332,1.0023504977124276,3.0070514931372023,19.259220144733806,-6.674709645954236,False,0.9951865412624674,10,0,30,0.0,1.0023504977124007,0.8757192936260122,0.8757192936260122,0.0,True,LT-A,201-300,201-300,8.58286458845625,8.578162622044179,0.0,1894.9761546846964,1882.8477136623765,9.1,upper-middle,86962.46928898283,5,597.3547737671756,"(20),(21) + BERC slab bill",MB-DHNC0120-2026-06-14
DHNC0121,Dhanmondi,2026-06-14,2026-07-13,30,201.26326844563383,1750.211759998031,201.26326844563383,1750.211759998031,0.0,0.0,0.0,0.0,0.0,0.0,False,1.0,0,0,0,0.0,0.0,0.980790266136546,0.980790266136546,0.0,False,LT-A,201-300,201-300,8.696131060153217,8.696131060153217,0.0,1831.4957428552675,1831.4957428552675,9.1,middle,55536.216113784445,5,597.3547737671756,"(20),(21) + BERC slab bill",MB-DHNC0121-2026-06-14
DHNC0122,Dhanmondi,2026-06-14,2026-07-13,30,774.3666950791597,10127.812127604591,738.2394657144825,9469.664326653588,658.1478009510065,6.498420316833722,36.12722936467719,34.587499783017776,615.7426792569069,76.99262147711738,True,0.9533460961140844,30,0,150,0.0,36.1272293646772,4.309447436951095,4.309447436951095,0.0,True,LT-A,601-above,601-above,13.078832279285043,12.827361264801334,0.0,13435.262159623426,12773.867230363254,17.35,upper-middle,70682.44995396018,6,597.3547737671756,"(20),(21) + BERC slab bill",MB-DHNC0122-2026-06-14
DHNC0123,Dhanmondi,2026-06-14,2026-07-13,30,161.09481302468106,1403.2648462452785,161.09481302468106,1403.2648462452785,0.0,0.0,0.0,0.0,0.0,0.0,False,1.0,0,0,0,0.0,0.0,1.4084606705359426,1.4084606705359426,0.0,False,LT-A,76-200,76-200,8.710800924610073,8.710800924610073,0.0,1369.3059107097886,1369.3059107097886,8.5,middle,30132.38591456253,5,597.3547737671756,"(20),(21) + BERC slab bill",MB-DHNC0123-2026-06-14
DHNC0124,Dhanmondi,2026-06-14,2026-07-13,30,541.5601708204397,6070.610662215539,534.8948283333748,5965.561531948153,105.04913026738632,1.7304540862952893,6.6653424870648905,19.99602746119433,137.22096136545187,-12.175803636871224,False,0.9876923325491844,10,0,40,0.0,6.665342487064777,3.1673615288603747,3.1673615288603747,0.0,True,LT-A,401-600,401-600,11.209485093814845,11.152774743655026,0.0,8128.818164014798,8008.775345822762,15.01,upper-middle,116793.82222525164,5,597.3547737671756,"(20),(21) + BERC slab bill",MB-DHNC0124-2026-06-14
DHNC0125,Dhanmondi,2026-06-14,2026-07-13,30,151.38680043394024,1297.8651038729167,151.38680043394024,1297.8651038729167,0.0,0.0,0.0,0.0,0.0,0.0,False,1.0,0,0,0,0.0,0.0,0.8681061253983784,0.8681061253983784,0.0,False,LT-A,76-200,76-200,8.57317216661342,8.57317216661342,0.0,1286.7878036884922,1286.7878036884922,8.5,middle,56069.69557721629,4,597.3547737671756,"(20),(21) + BERC slab bill",MB-DHNC0125-2026-06-14
DHNC0126,Dhanmondi,2026-06-14,2026-07-13,30,145.76305529479862,1262.6407185060775,145.76305529479862,1262.6407185060775,0.0,0.0,0.0,0.0,0.0,0.0,False,1.0,0,0,0,0.0,0.0,1.4788227158229676,1.4788227158229676,0.0,False,LT-A,76-200,76-200,8.662282194568773,8.662282194568773,0.0,1238.9859700057882,1238.9859700057882,8.5,middle,44014.58397167955,5,597.3547737671756,"(20),(21) + BERC slab bill",MB-DHNC0126-2026-06-14
DHNC0127,Dhanmondi,2026-06-14,2026-07-13,30,421.67282805492425,4107.699696559634,406.7563907704696,3872.609186737986,235.09050982164763,5.72316691063238,14.916437284454672,14.318212591458192,221.03233136031895,28.376391052786857,True,0.9646255668090812,30,0,120,0.0,14.916437284454696,2.358010065497659,2.358010065497659,0.0,True,LT-A,401-600,401-600,9.74143796627226,9.52070889261892,0.0,6329.309149104414,6091.09521287329,15.01,upper-middle,193475.89984484648,6,597.3547737671756,"(20),(21) + BERC slab bill",MB-DHNC0127-2026-06-14
DHNC0128,Dhanmondi,2026-06-14,2026-07-13,30,40.70580839446334,279.43828569147223,40.70580839446334,279.43828569147223,0.0,0.0,0.0,0.0,0.0,0.0,False,1.0,0,0,0,0.0,0.0,0.5372044126176874,0.5372044126176874,0.0,False,LT-A,lifeline 0-50,lifeline 0-50,6.864825849508996,6.864825849508996,0.0,216.55490065854485,216.55490065854485,5.32,lower-middle,12683.130690239224,4,597.3547737671756,"(20),(21) + BERC slab bill",MB-DHNC0128-2026-06-14
DHNC0129,Dhanmondi,2026-06-14,2026-07-13,30,368.01852512194097,3421.065492256725,368.01852512194097,3421.065492256725,0.0,0.0,0.0,0.0,0.0,0.0,False,1.0,0,0,0,0.0,0.0,1.360999615608951,1.360999615608951,0.0,False,LT-A,301-400,301-400,9.295905664322667,9.295905664322667,0.0,3540.338211673072,3540.338211673072,9.62,upper-middle,127110.07724594354,5,597.3547737671756,"(20),(21) + BERC slab bill",MB-DHNC0129-2026-06-14
DHNC0130,Dhanmondi,2026-06-14,2026-07-13,30,291.6511099615775,2639.926275682873,291.6511099615775,2639.926275682873,0.0,0.0,0.0,0.0,0.0,0.0,False,1.0,0,0,0,0.0,0.0,1.2133883557043317,1.2133883557043317,0.0,False,LT-A,201-300,201-300,9.05165859314117,9.05165859314117,0.0,2654.0251006503554,2654.0251006503554,9.1,upper-middle,117043.0415260297,5,597.3547737671756,"(20),(21) + BERC slab bill",MB-DHNC0130-2026-06-14
DHNC0131,Dhanmondi,2026-06-14,2026-07-13,30,92.34181344449864,736.7287349921503,92.34181344449864,736.7287349921503,0.0,0.0,0.0,0.0,0.0,0.0,False,1.0,0,0,0,0.0,0.0,0.5898951703101828,0.5898951703101828,0.0,False,LT-A,76-200,76-200,7.978278826362401,7.978278826362401,0.0,784.9054142782385,784.9054142782385,8.5,lower-middle,10855.34010447135,4,597.3547737671756,"(20),(21) + BERC slab bill",MB-DHNC0131-2026-06-14
DHNC0132,Dhanmondi,2026-06-14,2026-07-13,30,267.4003681184043,2373.5037373713526,267.4003681184043,2373.5037373713526,0.0,0.0,0.0,0.0,0.0,0.0,False,1.0,0,0,0,0.0,0.0,0.915791085474901,0.915791085474901,0.0,False,LT-A,201-300,201-300,8.876217164818451,8.876217164818451,0.0,2433.343349877479,2433.343349877479,9.1,upper-middle,199670.40133154308,6,597.3547737671756,"(20),(21) + BERC slab bill",MB-DHNC0132-2026-06-14
DHNC0133,Dhanmondi,2026-06-14,2026-07-13,30,133.54810465178795,1159.1568340172075,133.54810465178795,1159.1568340172075,0.0,0.0,0.0,0.0,0.0,0.0,False,1.0,0,0,0,0.0,0.0,0.6885241749247835,0.6885241749247835,0.0,False,LT-A,76-200,76-200,8.679695133372217,8.679695133372217,0.0,1135.1588895401976,1135.1588895401976,8.5,middle,50477.70537038784,5,597.3547737671756,"(20),(21) + BERC slab bill",MB-DHNC0133-2026-06-14
DHNC0134,Dhanmondi,2026-06-14,2026-07-13,30,115.35518579447488,899.3284432156883,115.35518579447488,899.3284432156883,0.0,0.0,0.0,0.0,0.0,0.0,False,1.0,0,0,0,0.0,0.0,0.728351248386059,0.728351248386059,0.0,False,LT-A,76-200,76-200,7.796168304197409,7.796168304197409,0.0,980.5190792530364,980.5190792530364,8.5,middle,44273.66948967376,4,597.3547737671756,"(20),(21) + BERC slab bill",MB-DHNC0134-2026-06-14
DHNC0135,Dhanmondi,2026-06-14,2026-07-13,30,295.40846620307053,2608.544444570339,295.40846620307053,2608.544444570339,0.0,0.0,0.0,0.0,0.0,0.0,False,1.0,0,0,0,0.0,0.0,1.2232286083000776,1.2232286083000776,0.0,False,LT-A,201-300,201-300,8.83029683643923,8.83029683643923,0.0,2688.2170424479427,2688.2170424479427,9.1,lower-middle,12016.518148096233,4,597.3547737671756,"(20),(21) + BERC slab bill",MB-DHNC0135-2026-06-14
DHNC0136,Dhanmondi,2026-06-14,2026-07-13,30,116.77221535066712,950.756972004704,116.77221535066712,950.756972004704,0.0,0.0,0.0,0.0,0.0,0.0,False,1.0,0,0,0,0.0,0.0,0.8027958701016208,0.8027958701016208,0.0,False,LT-A,76-200,76-200,8.141979401089374,8.141979401089374,0.0,992.5638304806704,992.5638304806704,8.5,middle,42216.70883679408,4,597.3547737671756,"(20),(21) + BERC slab bill",MB-DHNC0136-2026-06-14
DHNC0137,Dhanmondi,2026-06-14,2026-07-13,30,229.1168175173366,2035.729961378151,229.1168175173366,2035.729961378151,0.0,0.0,0.0,0.0,0.0,0.0,False,1.0,0,0,0,0.0,0.0,1.6506936583080898,1.6506936583080898,0.0,False,LT-A,201-300,201-300,8.885118008520319,8.885118008520319,0.0,2084.963039407763,2084.963039407763,9.1,upper-middle,166337.5309832687,6,597.3547737671756,"(20),(21) + BERC slab bill",MB-DHNC0137-2026-06-14
DHNC0138,Dhanmondi,2026-06-14,2026-07-13,30,142.7903953391316,1162.0437784017497,142.7903953391316,1162.0437784017497,0.0,0.0,0.0,0.0,0.0,0.0,False,1.0,0,0,0,0.0,0.0,0.9926962791241454,0.9926962791241454,0.0,False,LT-A,76-200,76-200,8.138108838776304,8.138108838776304,0.0,1213.7183603826188,1213.7183603826188,8.5,middle,40651.31900756202,4,597.3547737671756,"(20),(21) + BERC slab bill",MB-DHNC0138-2026-06-14
DHNC0139,Dhanmondi,2026-06-14,2026-07-13,30,140.011083685044,1181.5809718890175,140.011083685044,1181.5809718890175,0.0,0.0,0.0,0.0,0.0,0.0,False,1.0,0,0,0,0.0,0.0,1.2207766548256245,1.2207766548256245,0.0,False,LT-A,76-200,76-200,8.43919596070689,8.43919596070689,0.0,1190.0942113228737,1190.0942113228737,8.5,lower-middle,14946.549838235462,5,597.3547737671756,"(20),(21) + BERC slab bill",MB-DHNC0139-2026-06-14
DHNC0140,Dhanmondi,2026-06-14,2026-07-13,30,200.59952118619543,1755.7854749340977,200.59952118619543,1755.7854749340977,0.0,0.0,0.0,0.0,0.0,0.0,False,1.0,0,0,0,0.0,0.0,1.1192668364678084,1.1192668364678084,0.0,False,LT-A,201-300,201-300,8.752690258439783,8.752690258439783,0.0,1825.4556427943787,1825.4556427943787,9.1,middle,45456.46366414768,4,597.3547737671756,"(20),(21) + BERC slab bill",MB-DHNC0140-2026-06-14
DHNC0141,Dhanmondi,2026-06-14,2026-07-13,30,458.2905911169027,4718.563681297945,429.8548833879456,4270.402709635717,448.1609716622279,9.497826074458136,28.435707728957084,27.225995320023905,502.46591931860695,-27.078952336355144,False,0.937952669594075,30,0,120,0.0,28.435707728957144,2.227857710348002,2.227857710348002,0.0,True,LT-A,401-600,401-600,10.296008193836808,9.934521799492185,0.0,6878.941772664711,6424.895804333041,15.01,upper-middle,70174.81340823162,5,597.3547737671756,"(20),(21) + BERC slab bill",MB-DHNC0141-2026-06-14
DHNC0142,Dhanmondi,2026-06-14,2026-07-13,30,182.87998459457563,1582.2139925065874,182.87998459457563,1582.2139925065874,0.0,0.0,0.0,0.0,0.0,0.0,False,1.0,0,0,0,0.0,0.0,1.1544578227660356,1.1544578227660356,0.0,False,LT-A,76-200,76-200,8.65165204390288,8.65165204390288,0.0,1554.479869053893,1554.479869053893,8.5,middle,33061.08590087226,4,597.3547737671756,"(20),(21) + BERC slab bill",MB-DHNC0142-2026-06-14
DHNC0143,Dhanmondi,2026-06-14,2026-07-13,30,81.94383717146094,608.426296755289,81.94383717146094,608.426296755289,0.0,0.0,0.0,0.0,0.0,0.0,False,1.0,0,0,0,0.0,0.0,0.5614341776240442,0.5614341776240442,0.0,False,LT-A,76-200,76-200,7.424918306939977,7.424918306939977,0.0,696.5226159574179,696.5226159574179,8.5,lower-middle,11995.91351094237,4,597.3547737671756,"(20),(21) + BERC slab bill",MB-DHNC0143-2026-06-14
DHNC0144,Dhanmondi,2026-06-14,2026-07-13,30,246.03424934100116,2236.673532453266,242.1179545410951,2199.253335640164,37.42019681310239,1.6730289990984308,3.9162947999060407,11.748884399718198,71.47025288102805,-22.30117166820745,False,0.98408231857802,10,0,30,0.0,3.916294799906066,1.081796149672319,1.081796149672319,0.0,True,LT-A,201-300,201-300,9.090903150452268,9.083396313208487,0.0,2238.9116690031105,2191.5245019242475,9.1,upper-middle,134930.99992835874,5,597.3547737671756,"(20),(21) + BERC slab bill",MB-DHNC0144-2026-06-14
DHNC0145,Dhanmondi,2026-06-14,2026-07-13,30,276.6241913219139,2487.043378080888,276.6241913219139,2487.043378080888,0.0,0.0,0.0,0.0,0.0,0.0,False,1.0,0,0,0,0.0,0.0,1.4238470909785188,1.4238470909785188,0.0,False,LT-A,201-300,201-300,8.990693714081782,8.990693714081782,0.0,2517.280141029415,2517.280141029415,9.1,middle,31459.562443619987,4,597.3547737671756,"(20),(21) + BERC slab bill",MB-DHNC0145-2026-06-14
DHNC0146,Dhanmondi,2026-06-14,2026-07-13,30,41.18644797174788,252.11749837018368,41.18644797174788,252.11749837018368,0.0,0.0,0.0,0.0,0.0,0.0,False,1.0,0,0,0,0.0,0.0,0.1688275993995364,0.1688275993995364,0.0,False,LT-A,lifeline 0-50,lifeline 0-50,6.121370275560674,6.121370275560674,0.0,219.11190320969877,219.11190320969877,5.32,lower-middle,23389.768064950345,5,597.3547737671756,"(20),(21) + BERC slab bill",MB-DHNC0146-2026-06-14
DHNC0147,Dhanmondi,2026-06-14,2026-07-13,30,321.4607804578542,3010.9557534047854,321.4607804578542,3010.9557534047854,0.0,0.0,0.0,0.0,0.0,0.0,False,1.0,0,0,0,0.0,0.0,1.6166045452996751,1.6166045452996751,0.0,False,LT-A,301-400,301-400,9.366479323282622,9.366479323282622,0.0,3092.452708004559,3092.452708004559,9.62,upper-middle,79048.09692468209,5,597.3547737671756,"(20),(21) + BERC slab bill",MB-DHNC0147-2026-06-14
DHNC0148,Dhanmondi,2026-06-14,2026-07-13,30,195.00369110682632,1676.795583128425,195.00369110682632,1676.795583128425,0.0,0.0,0.0,0.0,0.0,0.0,False,1.0,0,0,0,0.0,0.0,0.8453655058433606,0.8453655058433606,0.0,False,LT-A,76-200,76-200,8.59878894399926,8.59878894399926,0.0,1657.531374408023,1657.531374408023,8.5,middle,58115.81179844599,4,597.3547737671756,"(20),(21) + BERC slab bill",MB-DHNC0148-2026-06-14
DHNC0149,Dhanmondi,2026-06-14,2026-07-13,30,430.8325077828637,4323.066238911824,430.8325077828637,4323.066238911824,0.0,0.0,0.0,0.0,0.0,0.0,False,1.0,0,0,0,0.0,0.0,2.9583157319067195,2.9583157319067195,0.0,False,LT-A,401-600,401-600,10.034215526490904,10.034215526490904,0.0,6466.795941820785,6466.795941820785,15.01,upper-middle,115837.25944743412,6,597.3547737671756,"(20),(21) + BERC slab bill",MB-DHNC0149-2026-06-14
DHNC0150,Dhanmondi,2026-06-14,2026-07-13,30,320.272319299007,2889.124467239269,320.272319299007,2889.124467239269,0.0,0.0,0.0,0.0,0.0,0.0,False,1.0,0,0,0,0.0,0.0,1.5288066960492408,1.5288066960492408,0.0,False,LT-A,301-400,301-400,9.020837247386266,9.020837247386266,0.0,3081.019711656448,3081.019711656448,9.62,upper-middle,150942.08383172465,5,597.3547737671756,"(20),(21) + BERC slab bill",MB-DHNC0150-2026-06-14
DHNC0151,Dhanmondi,2026-06-14,2026-07-13,30,444.5688377726652,4470.153087716089,432.9432105434995,4286.927389770824,183.2256979452659,4.098868525303244,11.625627229165673,11.14838700053808,244.0795899106564,-49.7055049648524,False,0.9738496578225968,30,0,120,0.0,11.625627229165596,2.156045276081118,2.156045276081118,0.0,True,LT-A,401-600,401-600,10.055030195350644,9.90182380822923,0.0,6672.978254967701,6487.329203257389,15.01,upper-middle,127209.47928057212,4,597.3547737671756,"(20),(21) + BERC slab bill",MB-DHNC0151-2026-06-14
DHNC0152,Dhanmondi,2026-06-14,2026-07-13,30,67.20627665050526,477.8024891851286,67.20627665050526,477.8024891851286,0.0,0.0,0.0,0.0,0.0,0.0,False,1.0,0,0,0,0.0,0.0,0.8674896319499349,0.8674896319499349,0.0,False,LT-A,1-75,1-75,7.109492044468683,7.109492044468683,0.0,415.3347897001224,415.3347897001224,6.18,lower-middle,22224.829500437707,5,597.3547737671756,"(20),(21) + BERC slab bill",MB-DHNC0152-2026-06-14
DHNC0153,Dhanmondi,2026-06-14,2026-07-13,30,45.246899873122096,302.5601326912601,45.246899873122096,302.5601326912601,0.0,0.0,0.0,0.0,0.0,0.0,False,1.0,0,0,0,0.0,0.0,0.4931228214059026,0.4931228214059026,0.0,False,LT-A,lifeline 0-50,lifeline 0-50,6.6868698969360585,6.6868698969360585,0.0,240.7135073250096,240.7135073250096,5.32,lower-middle,12013.797017809453,4,597.3547737671756,"(20),(21) + BERC slab bill",MB-DHNC0153-2026-06-14
DHNC0154,Dhanmondi,2026-06-14,2026-07-13,30,153.86444099116545,1236.8319058461518,153.86444099116545,1236.8319058461518,0.0,0.0,0.0,0.0,0.0,0.0,False,1.0,0,0,0,0.0,0.0,0.6875231662527604,0.6875231662527604,0.0,False,LT-A,76-200,76-200,8.038451885820505,8.038451885820505,0.0,1307.8477484249065,1307.8477484249065,8.5,lower-middle,10588.159136947655,4,597.3547737671756,"(20),(21) + BERC slab bill",MB-DHNC0154-2026-06-14
DHNC0155,Dhanmondi,2026-06-14,2026-07-13,30,219.3618826517549,1851.2477887375185,219.3618826517549,1851.2477887375185,0.0,0.0,0.0,0.0,0.0,0.0,False,1.0,0,0,0,0.0,0.0,0.7443248021868961,0.7443248021868961,0.0,False,LT-A,201-300,201-300,8.43924097641176,8.43924097641176,0.0,1996.1931321309696,1996.1931321309696,9.1,middle,30955.72341596209,4,597.3547737671756,"(20),(21) + BERC slab bill",MB-DHNC0155-2026-06-14
DHNC0156,Dhanmondi,2026-06-14,2026-07-13,30,95.23959968379536,808.8920671778735,95.23959968379536,808.8920671778735,0.0,0.0,0.0,0.0,0.0,0.0,False,1.0,0,0,0,0.0,0.0,0.8644688300963509,0.8644688300963509,0.0,False,LT-A,76-200,76-200,8.493232540492329,8.493232540492329,0.0,809.5365973122605,809.5365973122605,8.5,middle,41901.58429061521,4,597.3547737671756,"(20),(21) + BERC slab bill",MB-DHNC0156-2026-06-14
DHNC0157,Dhanmondi,2026-06-14,2026-07-13,30,199.53514267074084,1763.0983783363615,199.53514267074084,1763.0983783363615,0.0,0.0,0.0,0.0,0.0,0.0,False,1.0,0,0,0,0.0,0.0,0.9259105048448532,0.9259105048448532,0.0,False,LT-A,76-200,76-200,8.836029356721916,8.836029356721916,0.0,1696.0487127012968,1696.0487127012968,8.5,middle,49862.31474200881,5,597.3547737671756,"(20),(21) + BERC slab bill",MB-DHNC0157-2026-06-14
DHNC0158,Dhanmondi,2026-06-14,2026-07-13,30,363.1475405120884,3347.8335867126043,360.7019618921176,3323.130797072279,24.702789640325136,0.7378738817356203,2.445578619970832,7.33673585991292,52.04376302822143,-20.00423752798337,False,0.9932656059944056,10,0,20,0.0,2.445578619970974,2.324365353044163,2.324365353044163,0.0,True,LT-A,301-400,301-400,9.218935042191651,9.212954594536404,0.0,3493.479339726291,3462.6161375422585,9.62,upper-middle,176484.38687158463,5,597.3547737671756,"(20),(21) + BERC slab bill",MB-DHNC0158-2026-06-14
DHNC0159,Dhanmondi,2026-06-14,2026-07-13,30,245.39837034503063,2124.9473386467675,245.39837034503063,2124.9473386467675,0.0,0.0,0.0,0.0,0.0,0.0,False,1.0,0,0,0,0.0,0.0,1.0624375682733445,1.0624375682733445,0.0,False,LT-A,201-300,201-300,8.659174613340289,8.659174613340289,0.0,2233.125170139778,2233.125170139778,9.1,middle,28667.42908371985,4,597.3547737671756,"(20),(21) + BERC slab bill",MB-DHNC0159-2026-06-14
DHNC0160,Dhanmondi,2026-06-14,2026-07-13,30,480.6523330655176,5106.297965279089,479.876201359036,5094.065741519086,12.232223760002851,0.239551703468489,0.7761317064816353,2.328395119445124,19.21391202377927,-4.653293144331292,False,0.9983852534293725,10,0,30,0.0,0.7761317064817083,3.105748483976048,3.105748483976048,0.0,True,LT-A,401-600,401-600,10.623682886780143,10.615374813529844,0.0,7214.59151931342,7200.613387279684,15.01,upper-middle,117223.4170396454,5,597.3547737671756,"(20),(21) + BERC slab bill",MB-DHNC0160-2026-06-14
DHNC0161,Dhanmondi,2026-06-14,2026-07-13,30,245.2795361666398,2192.6122880722432,242.9236067553203,2170.101382547085,22.51090552515825,1.02667059049231,2.3559294113194937,2.304129029876388,30.67401571089557,-5.858981155860935,False,0.9903949206356988,30,0,90,0.0,2.355929411319577,1.2904224827297242,1.2904224827297242,0.0,True,LT-A,201-300,201-300,8.939238561600224,8.93326676453011,0.0,2232.043779116423,2208.3006924435376,9.1,upper-middle,183233.91761301667,5,597.3547737671756,"(20),(21) + BERC slab bill",MB-DHNC0161-2026-06-14
DHNC0162,Dhanmondi,2026-06-14,2026-07-13,30,248.65636493228288,2191.3574769279626,248.65636493228288,2191.3574769279626,0.0,0.0,0.0,0.0,0.0,0.0,False,1.0,0,0,0,0.0,0.0,1.1102497760801993,1.1102497760801993,0.0,False,LT-A,201-300,201-300,8.812794627335359,8.812794627335359,0.0,2262.7729208837745,2262.7729208837745,9.1,middle,50742.67573239722,4,597.3547737671756,"(20),(21) + BERC slab bill",MB-DHNC0162-2026-06-14
DHNC0163,Dhanmondi,2026-06-14,2026-07-13,30,340.73497998049345,3143.714812782964,340.73497998049345,3143.714812782964,0.0,0.0,0.0,0.0,0.0,0.0,False,1.0,0,0,0,0.0,0.0,1.3626364427430746,1.3626364427430746,0.0,False,LT-A,301-400,301-400,9.226275544010589,9.226275544010589,0.0,3277.870507412345,3277.870507412345,9.62,upper-middle,60315.6499277848,6,597.3547737671756,"(20),(21) + BERC slab bill",MB-DHNC0163-2026-06-14
DHNC0164,Dhanmondi,2026-06-14,2026-07-13,30,562.9184885460242,6328.5540287296135,544.8291706961467,6043.45733475662,285.0966939729933,4.50492628614286,18.08931784987749,17.381978002177362,365.8023547314754,-63.32368275630478,False,0.9678651204073954,30,0,120,0.0,18.08931784987746,3.123549905833586,3.123549905833586,0.0,True,LT-A,401-600,401-600,11.2423986021063,11.092389431048067,0.0,8449.406513075823,8160.503874146984,15.01,upper-middle,112409.89724414436,4,597.3547737671756,"(20),(21) + BERC slab bill",MB-DHNC0164-2026-06-14
DHNC0165,Dhanmondi,2026-06-14,2026-07-13,30,160.1638698695981,1286.9111785861628,160.1638698695981,1286.9111785861628,0.0,0.0,0.0,0.0,0.0,0.0,False,1.0,0,0,0,0.0,0.0,0.856104329999187,0.856104329999187,0.0,False,LT-A,76-200,76-200,8.034965561421172,8.034965561421172,0.0,1361.392893891585,1361.392893891585,8.5,middle,27817.085715624868,5,597.3547737671756,"(20),(21) + BERC slab bill",MB-DHNC0165-2026-06-14
DHNC0166,Dhanmondi,2026-06-14,2026-07-13,30,214.1607561193448,1870.13534472034,214.1607561193448,1870.13534472034,0.0,0.0,0.0,0.0,0.0,0.0,False,1.0,0,0,0,0.0,0.0,1.081108964756739,1.081108964756739,0.0,False,LT-A,201-300,201-300,8.732390465030738,8.732390465030738,0.0,1948.8628806860384,1948.8628806860384,9.1,middle,46621.18764263855,4,597.3547737671756,"(20),(21) + BERC slab bill",MB-DHNC0166-2026-06-14
DHNC0167,Dhanmondi,2026-06-14,2026-07-13,30,480.8684776675046,5086.7769222787065,452.1871818185645,4634.745359051486,452.0315632272204,8.88640430146336,28.681295848940067,27.447721805749875,608.0089122833731,-128.52962725040277,False,0.9403552173183378,30,0,90,0.0,28.681295848940053,2.622677946137029,2.5902139490421945,1.237818663273225,True,LT-A,401-600,401-600,10.578312279799606,10.24961685205648,0.0,7217.835849789242,6759.881877290904,15.01,upper-middle,64471.532924041625,6,597.3547737671756,"(20),(21) + BERC slab bill",MB-DHNC0167-2026-06-14
DHNC0168,Dhanmondi,2026-06-14,2026-07-13,30,88.11674674271877,625.791964678765,88.11674674271877,625.791964678765,0.0,0.0,0.0,0.0,0.0,0.0,False,1.0,0,0,0,0.0,0.0,0.1970740994190237,0.1970740994190237,0.0,False,LT-A,76-200,76-200,7.1018505313857965,7.1018505313857965,0.0,748.9923473131097,748.9923473131097,8.5,lower-middle,14727.353646780604,5,597.3547737671756,"(20),(21) + BERC slab bill",MB-DHNC0168-2026-06-14
DHNC0169,Dhanmondi,2026-06-14,2026-07-13,30,408.6085438387129,3929.3184451700354,393.31055738848056,3726.0734301810426,203.2450149889928,5.172525918300767,15.297986450232372,16.79019304596698,329.57621439973263,-109.54100636477284,False,0.962560776858668,26,0,78,0.0,15.29798645023225,2.2480006346288075,2.2480006346288075,0.0,True,LT-A,401-600,301-400,9.61633941438343,9.473616612077684,0.0,6133.21424301908,5886.801273355126,15.01,upper-middle,143599.90987984807,6,597.3547737671756,"(20),(21) + BERC slab bill",MB-DHNC0169-2026-06-14
DHNC0170,Dhanmondi,2026-06-14,2026-07-13,30,198.36510262610145,1724.4670509379555,198.36510262610145,1724.4670509379555,0.0,0.0,0.0,0.0,0.0,0.0,False,1.0,0,0,0,0.0,0.0,1.4887619775362513,1.4887619775362513,0.0,False,LT-A,76-200,76-200,8.693399333391847,8.693399333391847,0.0,1686.1033723218627,1686.1033723218627,8.5,upper-middle,115462.22810377824,4,597.3547737671756,"(20),(21) + BERC slab bill",MB-DHNC0170-2026-06-14
DHNC0171,Dhanmondi,2026-06-14,2026-07-13,30,391.44162509371256,3675.0949550715904,391.44162509371256,3675.0949550715904,0.0,0.0,0.0,0.0,0.0,0.0,False,1.0,0,0,0,0.0,0.0,1.5018078016414391,1.5018078016414391,0.0,False,LT-A,301-400,301-400,9.388615618463568,9.388615618463568,0.0,3765.6684334015135,3765.6684334015135,9.62,upper-middle,157540.10829092073,5,597.3547737671756,"(20),(21) + BERC slab bill",MB-DHNC0171-2026-06-14
DHNC0172,Dhanmondi,2026-06-14,2026-07-13,30,195.65225707438245,1714.5477143888634,195.65225707438245,1714.5477143888634,0.0,0.0,0.0,0.0,0.0,0.0,False,1.0,0,0,0,0.0,0.0,1.1502755382389829,1.1502755382389829,0.0,False,LT-A,76-200,76-200,8.763240148755514,8.763240148755514,0.0,1663.0441851322505,1663.0441851322505,8.5,middle,51370.35420241056,4,597.3547737671756,"(20),(21) + BERC slab bill",MB-DHNC0172-2026-06-14
DHNC0173,Dhanmondi,2026-06-14,2026-07-13,30,186.67736281449743,1635.9946931193897,186.67736281449743,1635.9946931193897,0.0,0.0,0.0,0.0,0.0,0.0,False,1.0,0,0,0,0.0,0.0,1.352832332002189,1.352832332002189,0.0,False,LT-A,76-200,76-200,8.76375511445964,8.76375511445964,0.0,1586.7575839232284,1586.7575839232284,8.5,middle,29015.0491817229,5,597.3547737671756,"(20),(21) + BERC slab bill",MB-DHNC0173-2026-06-14
DHNC0174,Dhanmondi,2026-06-14,2026-07-13,30,129.56457345591136,995.7138180940088,129.56457345591136,995.7138180940088,0.0,0.0,0.0,0.0,0.0,0.0,False,1.0,0,0,0,0.0,0.0,0.2830911278918432,0.2830911278918432,0.0,False,LT-A,76-200,76-200,7.685077730239535,7.685077730239535,0.0,1101.298874375247,1101.298874375247,8.5,middle,25068.316550649124,4,597.3547737671756,"(20),(21) + BERC slab bill",MB-DHNC0174-2026-06-14
DHNC0175,Dhanmondi,2026-06-14,2026-07-13,30,350.44495861986434,3302.2078970192497,346.52293076170383,3262.5914936239706,39.61640339527912,1.1996944054018832,3.922027858160504,11.76608357448183,74.15381988394549,-22.77133291418454,False,0.9888084340730524,10,0,50,0.0,3.9220278581606105,2.0222656437542774,2.0222656437542774,0.0,True,LT-A,301-400,301-400,9.422900275193372,9.41522538336022,0.0,3371.2805019230955,3321.784510353109,9.62,upper-middle,186064.45614912937,5,597.3547737671756,"(20),(21) + BERC slab bill",MB-DHNC0175-2026-06-14
DHNC0176,Dhanmondi,2026-06-14,2026-07-13,30,164.82714776086524,1391.3690237657224,164.82714776086524,1391.3690237657224,0.0,0.0,0.0,0.0,0.0,0.0,False,1.0,0,0,0,0.0,0.0,1.0477177173297023,1.0477177173297023,0.0,False,LT-A,76-200,76-200,8.441382640342418,8.441382640342418,0.0,1401.0307559673547,1401.0307559673547,8.5,middle,28857.59986219244,4,597.3547737671756,"(20),(21) + BERC slab bill",MB-DHNC0176-2026-06-14
DHNC0177,Dhanmondi,2026-06-14,2026-07-13,30,137.50287259780438,1188.512867935404,137.50287259780438,1188.512867935404,0.0,0.0,0.0,0.0,0.0,0.0,False,1.0,0,0,0,0.0,0.0,1.0077413877766288,1.0077413877766288,0.0,False,LT-A,76-200,76-200,8.643549370868794,8.643549370868794,0.0,1168.774417081337,1168.774417081337,8.5,middle,32448.63988102806,4,597.3547737671756,"(20),(21) + BERC slab bill",MB-DHNC0177-2026-06-14
DHNC0178,Dhanmondi,2026-06-14,2026-07-13,30,110.50175643627948,882.2775461937945,110.50175643627948,882.2775461937945,0.0,0.0,0.0,0.0,0.0,0.0,False,1.0,0,0,0,0.0,0.0,0.7556820742584218,0.7556820742584218,0.0,False,LT-A,76-200,76-200,7.984285269732859,7.984285269732859,0.0,939.264929708376,939.264929708376,8.5,lower-middle,17512.542736004933,5,597.3547737671756,"(20),(21) + BERC slab bill",MB-DHNC0178-2026-06-14
DHNC0179,Dhanmondi,2026-06-14,2026-07-13,30,314.8356808863034,2851.407982632551,314.8356808863034,2851.407982632551,0.0,0.0,0.0,0.0,0.0,0.0,False,1.0,0,0,0,0.0,0.0,1.6313604004480429,1.6313604004480429,0.0,False,LT-A,301-400,301-400,9.05681330211832,9.05681330211832,0.0,3028.71925012624,3028.71925012624,9.62,upper-middle,135085.50856606936,6,597.3547737671756,"(20),(21) + BERC slab bill",MB-DHNC0179-2026-06-14
DHNC0180,Dhanmondi,2026-06-14,2026-07-13,30,120.82145582857991,1025.3075432700757,120.82145582857991,1025.3075432700757,0.0,0.0,0.0,0.0,0.0,0.0,False,1.0,0,0,0,0.0,0.0,0.6677148991074134,0.6677148991074134,0.0,False,LT-A,76-200,76-200,8.48613796480627,8.48613796480627,0.0,1026.9823745429294,1026.9823745429294,8.5,middle,27261.70524686029,5,597.3547737671756,"(20),(21) + BERC slab bill",MB-DHNC0180-2026-06-14
DHNC0181,Dhanmondi,2026-06-14,2026-07-13,30,200.7730212435238,1759.8643579818695,200.7730212435238,1759.8643579818695,0.0,0.0,0.0,0.0,0.0,0.0,False,1.0,0,0,0,0.0,0.0,0.9606548943759904,0.9606548943759904,0.0,False,LT-A,201-300,201-300,8.765442423896564,8.765442423896564,0.0,1827.0344933160663,1827.0344933160663,9.1,middle,48624.323927768026,4,597.3547737671756,"(20),(21) + BERC slab bill",MB-DHNC0181-2026-06-14
DHNC0182,Dhanmondi,2026-06-14,2026-07-13,30,101.31242876408857,812.6019767194903,101.31242876408857,812.6019767194903,0.0,0.0,0.0,0.0,0.0,0.0,False,1.0,0,0,0,0.0,0.0,0.6701002253701012,0.6701002253701012,0.0,False,LT-A,76-200,76-200,8.020753096460433,8.020753096460433,0.0,861.155644494753,861.155644494753,8.5,lower-middle,14374.21012696876,3,597.3547737671756,"(20),(21) + BERC slab bill",MB-DHNC0182-2026-06-14
DHNC0183,Dhanmondi,2026-06-14,2026-07-13,30,323.56101541733983,2963.3742267305497,311.8971587783245,2845.557610819856,117.8166159106936,3.975758945594903,11.663856639015307,11.255611007356418,247.38227990250684,-118.31005298445685,False,0.9639516008318526,30,0,90,0.0,11.66385663901535,1.4344623579571776,1.363206687380993,4.967413064617469,True,LT-A,301-400,301-400,9.158625685817835,9.123384201272213,0.0,3112.656968314809,2989.1950564401254,9.62,upper-middle,177536.23042166387,5,597.3547737671756,"(20),(21) + BERC slab bill",MB-DHNC0183-2026-06-14
DHNC0184,Dhanmondi,2026-06-14,2026-07-13,30,136.6261290781602,1132.8350220225798,136.6261290781602,1132.8350220225798,0.0,0.0,0.0,0.0,0.0,0.0,False,1.0,0,0,0,0.0,0.0,0.8652294506181384,0.8652294506181384,0.0,False,LT-A,76-200,76-200,8.291496141082316,8.291496141082316,0.0,1161.322097164362,1161.322097164362,8.5,middle,39096.01209839082,4,597.3547737671756,"(20),(21) + BERC slab bill",MB-DHNC0184-2026-06-14
DHNC0185,Dhanmondi,2026-06-14,2026-07-13,30,678.3049265963324,8386.212320268685,662.6099035326611,8100.288237606253,285.92408266243183,3.4094543727611124,15.695023063671329,15.056459373749712,325.7254057499798,-24.74486371379828,False,0.9768614048810949,30,0,120,0.0,15.695023063671176,3.5186382955203857,3.5186382955203857,0.0,True,LT-A,601-above,601-above,12.363484314274226,12.22482216824726,0.0,11768.590476446368,11481.22536691792,17.35,upper-middle,101724.37914442638,4,597.3547737671756,"(20),(21) + BERC slab bill",MB-DHNC0185-2026-06-14
DHNC0186,Dhanmondi,2026-06-14,2026-07-13,30,69.4315714943234,529.9523374266645,69.4315714943234,529.9523374266645,0.0,0.0,0.0,0.0,0.0,0.0,False,1.0,0,0,0,0.0,0.0,0.5137433357182297,0.5137433357182297,0.0,False,LT-A,1-75,1-75,7.632728541510722,7.632728541510722,0.0,429.08711183491846,429.08711183491846,6.18,lower-middle,13347.33947258841,3,597.3547737671756,"(20),(21) + BERC slab bill",MB-DHNC0186-2026-06-14
DHNC0187,Dhanmondi,2026-06-14,2026-07-13,30,428.5348319454792,4214.357728876724,428.5348319454792,4214.357728876724,0.0,0.0,0.0,0.0,0.0,0.0,False,1.0,0,0,0,0.0,0.0,3.0003723278592656,3.0003723278592656,0.0,False,LT-A,401-600,401-600,9.834341142688958,9.834341142688958,0.0,6432.307827501642,6432.307827501642,15.01,upper-middle,185384.9833217816,4,597.3547737671756,"(20),(21) + BERC slab bill",MB-DHNC0187-2026-06-14
DHNC0188,Dhanmondi,2026-06-14,2026-07-13,30,256.82233735703744,2321.0068034464925,256.82233735703744,2321.0068034464925,0.0,0.0,0.0,0.0,0.0,0.0,False,1.0,0,0,0,0.0,0.0,1.5865676900245038,1.5865676900245038,0.0,False,LT-A,201-300,201-300,9.037402382253852,9.037402382253852,0.0,2337.083269949041,2337.083269949041,9.1,upper-middle,169469.64407765245,5,597.3547737671756,"(20),(21) + BERC slab bill",MB-DHNC0188-2026-06-14
DHNC0189,Dhanmondi,2026-06-14,2026-07-13,30,471.25382777354855,4948.885362625011,468.84152677403046,4910.866292722108,38.01906990290354,0.7682350088371674,2.412300999518095,2.349911552472715,43.8194810501241,-3.450499594747839,False,0.9948811004657192,30,0,90,0.0,2.4123009995180023,2.938370911064099,2.938370911064099,0.0,True,LT-A,401-600,401-600,10.50152820191648,10.47446954307232,0.0,7073.519954880961,7034.961405325723,15.01,upper-middle,176355.6358530384,6,597.3547737671756,"(20),(21) + BERC slab bill",MB-DHNC0189-2026-06-14
DHNC0190,Dhanmondi,2026-06-14,2026-07-13,30,288.9972219149644,2646.748145397485,288.9972219149644,2646.748145397485,0.0,0.0,0.0,0.0,0.0,0.0,False,1.0,0,0,0,0.0,0.0,1.5062091064230008,1.5062091064230008,0.0,False,LT-A,201-300,201-300,9.158386118245366,9.158386118245366,0.0,2629.874719426175,2629.874719426175,9.1,upper-middle,174416.76540729107,5,597.3547737671756,"(20),(21) + BERC slab bill",MB-DHNC0190-2026-06-14
DHNC0191,Dhanmondi,2026-06-14,2026-07-13,30,133.1071634158445,1097.856153486412,133.1071634158445,1097.856153486412,0.0,0.0,0.0,0.0,0.0,0.0,False,1.0,0,0,0,0.0,0.0,0.7031146268222593,0.7031146268222593,0.0,False,LT-A,76-200,76-200,8.247911872755964,8.247911872755964,0.0,1131.410889034678,1131.410889034678,8.5,middle,59124.879853399936,5,597.3547737671756,"(20),(21) + BERC slab bill",MB-DHNC0191-2026-06-14
DHNC0192,Dhanmondi,2026-06-14,2026-07-13,30,265.92883052436093,2400.491475660269,265.92883052436093,2400.491475660269,0.0,0.0,0.0,0.0,0.0,0.0,False,1.0,0,0,0,0.0,0.0,1.7557382811452509,1.7557382811452509,0.0,False,LT-A,201-300,201-300,9.026819209210815,9.026819209210815,0.0,2419.952357771685,2419.952357771685,9.1,middle,33497.46465980764,5,597.3547737671756,"(20),(21) + BERC slab bill",MB-DHNC0192-2026-06-14
DHNC0193,Dhanmondi,2026-06-14,2026-07-13,30,476.5944399781197,4981.922131275155,460.3793339759712,4726.363953128294,255.55817814686088,5.129710409212059,16.215106002148445,15.606645404079725,293.3240873124707,-22.1592637615301,False,0.965977139802779,30,0,120,0.0,16.2151060021484,2.1200685808937583,2.1200685808937583,0.0,True,LT-A,401-600,401-600,10.453168802187188,10.266238304638971,0.0,7153.682544071576,6894.687157575248,15.01,upper-middle,72459.56373133221,6,597.3547737671756,"(20),(21) + BERC slab bill",MB-DHNC0193-2026-06-14
DHNC0194,Dhanmondi,2026-06-14,2026-07-13,30,334.59165580777807,3099.539235314366,333.91858869026066,3092.740584360323,6.798650954043296,0.2193439230122781,0.6730671175174052,2.019201352552264,12.463049806647016,-3.6451975000514576,False,0.997988392400604,10,0,30,0.0,0.6730671175174212,1.4724080506086916,1.4724080506086916,0.0,True,LT-A,301-400,301-400,9.263647737512745,9.261959918107811,0.0,3218.7717288708254,3210.277621847755,9.62,upper-middle,85935.35692595234,5,597.3547737671756,"(20),(21) + BERC slab bill",MB-DHNC0194-2026-06-14
DHNC0195,Dhanmondi,2026-06-14,2026-07-13,30,383.626717143779,3612.469159869312,383.12437314470793,3607.3949831346954,5.07417673461714,0.1404628388523241,0.5023439990710585,0.0,10.333054384966212,-5.258877650349072,False,0.998690539588037,1,0,4,0.0,0.5023439990710957,2.469740011718597,2.469740011718597,0.0,True,LT-A,301-400,301-400,9.416625585322304,9.415728249093052,0.0,3690.489018923154,3685.6564696520895,9.62,upper-middle,61891.426952874215,4,597.3547737671756,"(20),(21) + BERC slab bill",MB-DHNC0195-2026-06-14
DHNC0196,Dhanmondi,2026-06-14,2026-07-13,30,184.42997330882844,1486.7149217812937,184.42997330882844,1486.7149217812937,0.0,0.0,0.0,0.0,0.0,0.0,False,1.0,0,0,0,0.0,0.0,0.4652543238299651,0.4652543238299651,0.0,False,LT-A,76-200,76-200,8.061135048215759,8.061135048215759,0.0,1567.654773125041,1567.654773125041,8.5,middle,26188.75015460708,5,597.3547737671756,"(20),(21) + BERC slab bill",MB-DHNC0196-2026-06-14
DHNC0197,Dhanmondi,2026-06-14,2026-07-13,30,142.63618358316248,1177.4342584797253,142.63618358316248,1177.4342584797253,0.0,0.0,0.0,0.0,0.0,0.0,False,1.0,0,0,0,0.0,0.0,0.6367368148000918,0.6367368148000918,0.0,False,LT-A,76-200,76-200,8.254807643484341,8.254807643484341,0.0,1212.4075604568814,1212.4075604568814,8.5,middle,52503.68072658706,4,597.3547737671756,"(20),(21) + BERC slab bill",MB-DHNC0197-2026-06-14
DHNC0198,Dhanmondi,2026-06-14,2026-07-13,30,198.9274123518657,1726.7867452404016,198.9274123518657,1726.7867452404016,0.0,0.0,0.0,0.0,0.0,0.0,False,1.0,0,0,0,0.0,0.0,0.9635224544317684,0.9635224544317684,0.0,False,LT-A,76-200,76-200,8.680486639951038,8.680486639951038,0.0,1690.883004990858,1690.883004990858,8.5,upper-middle,150902.50038495928,6,597.3547737671756,"(20),(21) + BERC slab bill",MB-DHNC0198-2026-06-14
DHNC0199,Dhanmondi,2026-06-14,2026-07-13,30,66.26842719769236,512.9017740858258,66.26842719769236,512.9017740858258,0.0,0.0,0.0,0.0,0.0,0.0,False,1.0,0,0,0,0.0,0.0,0.8287716501633359,0.8287716501633359,0.0,False,LT-A,1-75,1-75,7.739760784660456,7.739760784660456,0.0,409.5388800817387,409.5388800817387,6.18,lower-middle,17079.823740065272,4,597.3547737671756,"(20),(21) + BERC slab bill",MB-DHNC0199-2026-06-14
DHNC0200,Dhanmondi,2026-06-14,2026-07-13,30,114.47357097509132,931.14562095269,114.47357097509132,931.14562095269,0.0,0.0,0.0,0.0,0.0,0.0,False,1.0,0,0,0,0.0,0.0,0.6905869350352372,0.6905869350352372,0.0,False,LT-A,76-200,76-200,8.134153700466817,8.134153700466817,0.0,973.0253532882764,973.0253532882764,8.5,middle,43958.28093996609,5,597.3547737671756,"(20),(21) + BERC slab bill",MB-DHNC0200-2026-06-14
DHNC0201,Dhanmondi,2026-06-14,2026-07-13,30,190.29240288607247,1667.8223357581967,190.29240288607247,1667.8223357581967,0.0,0.0,0.0,0.0,0.0,0.0,False,1.0,0,0,0,0.0,0.0,1.5936451603438886,1.5936451603438886,0.0,False,LT-A,76-200,76-200,8.764524019157598,8.764524019157598,0.0,1617.4854245316153,1617.4854245316153,8.5,middle,28133.04373634094,4,597.3547737671756,"(20),(21) + BERC slab bill",MB-DHNC0201-2026-06-14
DHNC0202,Dhanmondi,2026-06-14,2026-07-13,30,374.2765801961385,3478.567156561195,369.45218838288014,3429.835974855472,48.731181705722975,1.4008981144379322,4.824391813258387,14.473175439775302,79.87454362179179,-16.67018647629351,False,0.9871100889862512,10,0,40,0.0,4.824391813258433,1.5440490753157443,1.5440490753157443,0.0,True,LT-A,301-400,301-400,9.294108529949328,9.283571955191606,0.0,3600.5407014868515,3539.6568768035318,9.62,upper-middle,183299.58402590355,6,597.3547737671756,"(20),(21) + BERC slab bill",MB-DHNC0202-2026-06-14
DHNC0203,Dhanmondi,2026-06-14,2026-07-13,30,562.9712005700226,6370.12878658384,560.5585422868427,6332.104085711784,38.0247008720562,0.5969220112494462,2.412658283179894,2.369169505244112,45.425259513613234,-5.031389136312924,False,0.9957144197061288,30,0,60,0.0,2.4126582831799017,2.667232547149621,2.667232547149621,0.0,True,LT-A,401-600,401-600,11.315194773966988,11.296062066736985,0.0,8450.19772055604,8411.614550220265,15.01,upper-middle,122538.23616237249,6,597.3547737671756,"(20),(21) + BERC slab bill",MB-DHNC0203-2026-06-14
DHNC0204,Dhanmondi,2026-06-14,2026-07-13,30,288.241538944138,2555.2569046112385,288.241538944138,2555.2569046112385,0.0,0.0,0.0,0.0,0.0,0.0,False,1.0,0,0,0,0.0,0.0,1.0071083097475904,1.0071083097475904,0.0,False,LT-A,201-300,201-300,8.864984949676023,8.864984949676023,0.0,2622.998004391656,2622.998004391656,9.1,middle,49059.637302173134,5,597.3547737671756,"(20),(21) + BERC slab bill",MB-DHNC0204-2026-06-14
DHNC0205,Dhanmondi,2026-06-14,2026-07-13,30,5527.507947039162,90588.7731698476,5527.507947039162,90588.7731698476,0.0,0.0,0.0,0.0,0.0,0.0,False,1.0,0,0,0,0.0,0.0,15.108285123514976,15.108285123514976,0.0,False,LT-E,flat,flat,16.38871875677211,16.38871875677211,0.0,85931.63420717974,85931.63420717974,15.36,,0.0,0,36.75972604031296,"(20),(21) + BERC slab bill",MB-DHNC0205-2026-06-14
DHNC0206,Dhanmondi,2026-06-14,2026-07-13,30,4561.599662205395,75313.00435204862,4561.599662205395,75313.00435204862,0.0,0.0,0.0,0.0,0.0,0.0,False,1.0,0,0,0,0.0,0.0,14.256703397672208,14.256703397672208,0.0,False,LT-E,flat,flat,16.510217890457547,16.510217890457547,0.0,71618.81134881343,71618.81134881343,15.36,,0.0,0,36.75972604031296,"(20),(21) + BERC slab bill",MB-DHNC0206-2026-06-14
DHNC0207,Dhanmondi,2026-06-14,2026-07-13,30,6477.417823883452,106674.36966359233,6164.219703226886,101623.1103736432,5051.259289949099,4.735213628052101,313.19812065656606,301.58217159208647,7909.111647698004,-2556.2701861568185,False,0.9516476890680502,30,0,150,0.0,313.1981206565665,21.311158646561022,21.311158646561022,0.0,True,LT-E,flat,flat,16.46865657951907,16.485965015238648,0.0,101014.81449061268,96383.58149906424,15.36,,0.0,0,36.75972604031296,"(20),(21) + BERC slab bill",MB-DHNC0207-2026-06-14
DHNC0208,Dhanmondi,2026-06-14,2026-07-13,30,1607.4617786820572,26288.96856658422,1567.010033315878,25636.56281731848,652.4057492657412,2.4816711527245348,40.45174536617924,40.451745366179495,984.268500925542,-291.4110062936214,False,0.9748350188460808,30,0,120,0.0,40.4517453661795,3.8974722365177,3.896102379803306,0.0351473116744503,True,LT-E,flat,flat,16.354335086049943,16.36017783694092,0.0,24490.936034639213,23891.279361330973,15.36,,0.0,0,36.75972604031296,"(20),(21) + BERC slab bill",MB-DHNC0208-2026-06-14
DHNC0209,Dhanmondi,2026-06-14,2026-07-13,30,2928.0023760763497,48267.04732135937,2928.0023760763497,48267.04732135937,0.0,0.0,0.0,0.0,0.0,0.0,False,1.0,0,0,0,0.0,0.0,11.07355662768989,11.07355662768989,0.0,False,LT-E,flat,flat,16.48463393190251,16.48463393190251,0.0,45585.58008231626,45585.58008231626,15.36,,0.0,0,36.75972604031296,"(20),(21) + BERC slab bill",MB-DHNC0209-2026-06-14
DHNC0210,Dhanmondi,2026-06-14,2026-07-13,30,2440.154552662425,39907.6376253396,2440.154552662425,39907.6376253396,0.0,0.0,0.0,0.0,0.0,0.0,False,1.0,0,0,0,0.0,0.0,6.069810265900839,6.069810265900839,0.0,False,LT-E,flat,flat,16.354553272782177,16.354553272782177,0.0,37588.644422784906,37588.644422784906,15.36,,0.0,0,36.75972604031296,"(20),(21) + BERC slab bill",MB-DHNC0210-2026-06-14
DHNC0211,Dhanmondi,2026-06-14,2026-07-13,30,2801.1579929867053,46079.55111088959,2801.1579929867053,46079.55111088959,0.0,0.0,0.0,0.0,0.0,0.0,False,1.0,0,0,0,0.0,0.0,8.090227136078058,8.090227136078058,0.0,False,LT-E,flat,flat,16.450179256671543,16.450179256671543,0.0,43028.28330496128,43028.28330496128,15.36,,0.0,0,36.75972604031296,"(20),(21) + BERC slab bill",MB-DHNC0211-2026-06-14
DHNC0212,Dhanmondi,2026-06-14,2026-07-13,30,6956.566754980034,114033.533624318,6956.566754980034,114033.533624318,0.0,0.0,0.0,0.0,0.0,0.0,False,1.0,0,0,0,0.0,0.0,19.3003610580339,19.3003610580339,0.0,False,LT-E,flat,flat,16.392214384011226,16.392214384011226,0.0,107709.19367726622,107709.19367726622,15.36,,0.0,0,36.75972604031296,"(20),(21) + BERC slab bill",MB-DHNC0212-2026-06-14
DHNC0213,Dhanmondi,2026-06-14,2026-07-13,30,5165.165533836952,84886.66472972235,5010.0050480585,82384.23641508748,2502.4283146348757,2.9479639971750133,155.1604857784523,149.03772653374352,3433.886179249781,-782.4201380811628,False,0.969960210420751,30,0,150,0.0,155.16048577845174,16.01989261484622,16.01989261484622,0.0,True,LT-E,flat,flat,16.434451940335812,16.443942795429596,0.0,79615.49484259787,77321.51856066276,15.36,,0.0,0,36.75972604031296,"(20),(21) + BERC slab bill",MB-DHNC0213-2026-06-14
DHNC0214,Dhanmondi,2026-06-14,2026-07-13,30,2413.2783371729643,39653.72802192556,2413.2783371729643,39653.72802192556,0.0,0.0,0.0,0.0,0.0,0.0,False,1.0,0,0,0,0.0,0.0,6.821606551391843,6.821606551391843,0.0,False,LT-E,flat,flat,16.43147721964717,16.43147721964717,0.0,37136.681158568594,37136.681158568594,15.36,,0.0,0,36.75972604031296,"(20),(21) + BERC slab bill",MB-DHNC0214-2026-06-14
DHNC0215,Dhanmondi,2026-06-14,2026-07-13,30,5707.275238553411,93799.91004738942,5583.316976886024,91800.7112032178,1999.198844171624,2.131344095278548,123.95826166738698,371.8747850021596,3421.3445708915037,-1050.2709417177198,False,0.9782806581974474,10,0,50,0.0,123.95826166738652,22.561858245977596,22.561858245977596,0.0,True,LT-E,flat,flat,16.43514744369755,16.441966591410985,0.0,87798.98242178715,85713.50862749504,15.36,,0.0,0,36.75972604031296,"(20),(21) + BERC slab bill",MB-DHNC0215-2026-06-14
DHNC0216,Dhanmondi,2026-06-14,2026-07-13,30,6774.509675504226,111078.41704653217,6696.352036879349,109817.89065079014,1260.5263957420102,1.134807669444875,78.15763862487711,234.4729158746289,2399.8735678276203,-904.874256210981,False,0.9884629822129438,10,0,50,0.0,78.15763862487631,18.845208173597825,18.845208173597825,0.0,True,LT-E,flat,flat,16.396524968910697,16.399659104835198,0.0,104080.73724267005,102765.81313044512,15.36,,0.0,0,36.75972604031296,"(20),(21) + BERC slab bill",MB-DHNC0216-2026-06-14
DHNC0217,Dhanmondi,2026-06-14,2026-07-13,30,5716.382667002519,94386.21965341664,5716.382667002519,94386.21965341664,0.0,0.0,0.0,0.0,0.0,0.0,False,1.0,0,0,0,0.0,0.0,17.672538503218316,17.672538503218316,0.0,False,LT-E,flat,flat,16.511529257524256,16.511529257524256,0.0,88352.86416425776,88352.86416425776,15.36,,0.0,0,36.75972604031296,"(20),(21) + BERC slab bill",MB-DHNC0217-2026-06-14
DHNC0218,Dhanmondi,2026-06-14,2026-07-13,30,7580.40414073512,123726.232981776,7176.649012881719,117214.47027975637,6511.762702019652,5.263041268684539,403.75512785340106,388.79854740286754,10991.915283666112,-4091.3540342435927,False,0.9467369918071084,30,0,150,0.0,403.7551278534039,21.407562111848844,21.407562111848844,0.0,True,LT-E,flat,flat,16.321851801660998,16.332757819054876,0.0,116978.08450422413,111007.7750693758,15.36,,0.0,0,36.75972604031296,"(20),(21) + BERC slab bill",MB-DHNC0218-2026-06-14
DHNC0219,Dhanmondi,2026-06-14,2026-07-13,30,3154.9136566333536,51964.47245418272,3046.011710319908,50208.10186403948,1756.3705901432477,3.379945003178559,108.90194631344548,104.78005643580369,2163.254188352426,-302.10354177337445,False,0.9654817981834546,30,0,150,0.0,108.90194631344552,10.985978270487802,10.985978270487802,0.0,True,LT-E,flat,flat,16.47096501196633,16.483226802423015,0.0,48472.90884730661,46862.66828503373,15.36,,0.0,0,36.75972604031296,"(20),(21) + BERC slab bill",MB-DHNC0219-2026-06-14
DHNC0220,Dhanmondi,2026-06-14,2026-07-13,30,5262.724115401175,86932.58953319014,5132.182929373007,84827.22128492786,2105.3682482622826,2.4218400252053582,130.54118602816743,391.6235580845051,3026.8774423280256,-529.885635981238,False,0.975195130285066,10,0,50,0.0,130.54118602816834,20.608582597204187,20.608582597204187,0.0,True,LT-E,flat,flat,16.51855343866212,16.528487478385948,0.0,81555.08799658016,79358.86308284226,15.36,,0.0,0,36.75972604031296,"(20),(21) + BERC slab bill",MB-DHNC0220-2026-06-14
DHNC0221,Dhanmondi,2026-06-14,2026-07-13,30,4137.841385690013,68610.93086840854,4137.841385690013,68610.93086840854,0.0,0.0,0.0,0.0,0.0,0.0,False,1.0,0,0,0,0.0,0.0,15.856202003544492,15.856202003544492,0.0,False,LT-E,flat,flat,16.581334196542,16.581334196542,0.0,65620.09053244603,65620.09053244603,15.36,,0.0,0,36.75972604031296,"(20),(21) + BERC slab bill",MB-DHNC0221-2026-06-14
DHNC0222,Dhanmondi,2026-06-14,2026-07-13,30,696.4988576373756,11436.308575975594,687.5743016098,11292.373336362854,143.93523961273968,1.258581286579713,8.92455602757559,26.77366808272848,237.5335742493954,-66.82466655392724,False,0.987186546065776,10,0,50,0.0,8.92455602757616,2.1336408667060462,2.1336408667060462,0.0,True,LT-E,flat,flat,16.419709021159342,16.42349533704839,0.0,10757.36403518226,10607.217304574324,15.36,,0.0,0,36.75972604031296,"(20),(21) + BERC slab bill",MB-DHNC0222-2026-06-14
DHNC0223,Dhanmondi,2026-06-14,2026-07-13,30,4706.153050309702,77209.66139539487,4706.153050309702,77209.66139539487,0.0,0.0,0.0,0.0,0.0,0.0,False,1.0,0,0,0,0.0,0.0,13.301461859778009,13.301461859778009,0.0,False,LT-E,flat,flat,16.40610931476482,16.40610931476482,0.0,72463.4643356107,72463.4643356107,15.36,,0.0,0,36.75972604031296,"(20),(21) + BERC slab bill",MB-DHNC0223-2026-06-14
DHNC0224,Dhanmondi,2026-06-14,2026-07-13,30,7610.757017753505,124404.76418232854,7610.757017753505,124404.76418232854,0.0,0.0,0.0,0.0,0.0,0.0,False,1.0,0,0,0,0.0,0.0,18.22716121434781,18.22716121434781,0.0,False,LT-E,flat,flat,16.345911962782587,16.345911962782587,0.0,116038.48590634804,116038.48590634804,15.36,,0.0,0,36.75972604031296,"(20),(21) + BERC slab bill",MB-DHNC0224-2026-06-14
DHNC0225,Dhanmondi,2026-06-14,2026-07-13,30,1698.9761437990423,27982.262247190956,1698.9761437990423,27982.262247190956,0.0,0.0,0.0,0.0,0.0,0.0,False,1.0,0,0,0,0.0,0.0,4.659328971950496,4.659328971950496,0.0,False,LT-E,flat,flat,16.470073667203145,16.470073667203145,0.0,26147.36991603352,26147.36991603352,15.36,,0.0,0,36.75972604031296,"(20),(21) + BERC slab bill",MB-DHNC0225-2026-06-14
DHNC0226,Dhanmondi,2026-06-14,2026-07-13,30,9176.6106747667,150093.55196263734,9176.6106747667,150093.55196263734,0.0,0.0,0.0,0.0,0.0,0.0,False,1.0,0,0,0,0.0,0.0,22.90971033806363,22.90971033806363,0.0,False,LT-E,flat,flat,16.35609892172452,16.35609892172452,0.0,139931.58060691014,139931.58060691014,15.36,,0.0,0,36.75972604031296,"(20),(21) + BERC slab bill",MB-DHNC0226-2026-06-14
DHNC0227,Dhanmondi,2026-06-14,2026-07-13,30,3244.391337522349,53048.46849156045,3244.391337522349,53048.46849156045,0.0,0.0,0.0,0.0,0.0,0.0,False,1.0,0,0,0,0.0,0.0,9.080969435693426,9.080969435693426,0.0,False,LT-E,flat,flat,16.350822996609306,16.350822996609306,0.0,50084.87389232355,50084.87389232355,15.36,,0.0,0,36.75972604031296,"(20),(21) + BERC slab bill",MB-DHNC0227-2026-06-14
DHNC0228,Dhanmondi,2026-06-14,2026-07-13,30,2706.061437143061,44545.83385824329,2572.197192571964,42386.87132180063,2158.962536442661,4.846609322238876,133.86424457109752,129.4564140042648,2971.8672875511274,-683.4483371042015,False,0.9505317053287504,30,0,150,0.0,133.8642445710978,7.750347530480868,7.750347530480868,0.0,True,LT-E,flat,flat,16.46150129735147,16.478857625770754,0.0,41720.714301608976,39740.71857065385,15.36,,0.0,0,36.75972604031296,"(20),(21) + BERC slab bill",MB-DHNC0228-2026-06-14
DHNC0229,Dhanmondi,2026-06-14,2026-07-13,30,917.503060997732,15038.46436777142,917.503060997732,15038.46436777142,0.0,0.0,0.0,0.0,0.0,0.0,False,1.0,0,0,0,0.0,0.0,2.100352964339147,2.100352964339147,0.0,False,LT-E,flat,flat,16.39064217553449,16.39064217553449,0.0,13982.214199998656,13982.214199998656,15.36,,0.0,0,36.75972604031296,"(20),(21) + BERC slab bill",MB-DHNC0229-2026-06-14
DHNC0230,Dhanmondi,2026-06-14,2026-07-13,30,7652.996666365846,125445.10523514837,7652.996666365846,125445.10523514837,0.0,0.0,0.0,0.0,0.0,0.0,False,1.0,0,0,0,0.0,0.0,23.61908395937517,23.61908395937517,0.0,False,LT-E,flat,flat,16.391632023892946,16.391632023892946,0.0,117702.14054572977,117702.14054572977,15.36,,0.0,0,36.75972604031296,"(20),(21) + BERC slab bill",MB-DHNC0230-2026-06-14
DHNC0231,Dhanmondi,2026-06-14,2026-07-13,30,2343.065916282715,38417.39209780763,2343.065916282715,38417.39209780763,0.0,0.0,0.0,0.0,0.0,0.0,False,1.0,0,0,0,0.0,0.0,7.457981334213692,7.457981334213692,0.0,False,LT-E,flat,flat,16.396206282901762,16.396206282901762,0.0,36366.80929720288,36366.80929720288,15.36,,0.0,0,36.75972604031296,"(20),(21) + BERC slab bill",MB-DHNC0231-2026-06-14
DHNC0232,Dhanmondi,2026-06-14,2026-07-13,30,5698.4874195185575,93431.38010199528,5543.814100256655,90936.80880893931,2494.5712930559675,2.669950171273018,154.6733192619031,148.6789721769466,3731.1419055722586,-1087.8916403393446,False,0.972857127185696,30,0,150,0.0,154.67331926190317,18.05931136774204,18.05931136774204,0.0,True,LT-E,flat,flat,16.395821070337455,16.4032933219621,0.0,89891.49389426506,87604.61095661156,15.36,,0.0,0,36.75972604031296,"(20),(21) + BERC slab bill",MB-DHNC0232-2026-06-14
DHNC0233,Dhanmondi,2026-06-14,2026-07-13,30,6240.888484049824,102278.44947075556,6240.888484049824,102278.44947075556,0.0,0.0,0.0,0.0,0.0,0.0,False,1.0,0,0,0,0.0,0.0,20.28796372332333,20.28796372332333,0.0,False,LT-E,flat,flat,16.388443685887694,16.388443685887694,0.0,97297.58962208495,97297.58962208495,15.36,,0.0,0,36.75972604031296,"(20),(21) + BERC slab bill",MB-DHNC0233-2026-06-14
DHNC0234,Dhanmondi,2026-06-14,2026-07-13,30,5546.543790471945,91009.18325273151,5382.20592755644,88358.74219963026,2650.441053101269,2.912278693613833,164.33786291550496,158.10009893860558,3786.872480962392,-978.3313289225176,False,0.9703711231491924,30,0,150,0.0,164.33786291550547,16.53308329146391,16.53308329146391,0.0,True,LT-E,flat,flat,16.408269129519976,16.41682674147434,0.0,85568.54280674878,83138.63609086619,15.36,,0.0,0,36.75972604031296,"(20),(21) + BERC slab bill",MB-DHNC0234-2026-06-14
DHNC0235,Dhanmondi,2026-06-14,2026-07-13,30,2620.346980742921,43059.48110542183,2598.9016856059,42713.61138545195,345.86971996987995,0.8032370829622696,21.44529513702128,64.335885411065,516.5103773666327,-106.3047719856878,False,0.9918158567187384,10,0,50,0.0,21.445295137021667,9.731589257217298,9.731589257217298,0.0,True,LT-E,flat,flat,16.432740175964636,16.43525479321617,0.0,39437.23744140362,39076.44179601837,15.36,,0.0,0,36.75972604031296,"(20),(21) + BERC slab bill",MB-DHNC0235-2026-06-14
DHNC0236,Dhanmondi,2026-06-14,2026-07-13,30,1199.2081007497957,19808.603248892705,1199.2081007497957,19808.603248892705,0.0,0.0,0.0,0.0,0.0,0.0,False,1.0,0,0,0,0.0,0.0,3.463704053661075,3.463704053661075,0.0,False,LT-E,flat,flat,16.518069913393287,16.518069913393287,0.0,18361.19150690829,18361.19150690829,15.36,,0.0,0,36.75972604031296,"(20),(21) + BERC slab bill",MB-DHNC0236-2026-06-14
DHNC0237,Dhanmondi,2026-06-14,2026-07-13,30,2135.7736467944937,35362.40737550159,2117.6079387115115,35069.43083553926,292.97653996233566,0.828497157592569,18.16570808298229,54.497124248945966,436.3386363343563,-88.86497212307466,False,0.9914945536900662,10,0,50,0.0,18.165708082981997,8.13680718629048,8.13680718629048,0.0,True,LT-E,flat,flat,16.55718873981602,16.56087049658387,0.0,32875.379866836985,32569.7599940489,15.36,,0.0,0,36.75972604031296,"(20),(21) + BERC slab bill",MB-DHNC0237-2026-06-14
DHNC0238,Dhanmondi,2026-06-14,2026-07-13,30,5043.218360259085,82811.22571425851,5043.218360259085,82811.22571425851,0.0,0.0,0.0,0.0,0.0,0.0,False,1.0,0,0,0,0.0,0.0,16.569233928371567,16.569233928371567,0.0,False,LT-E,flat,flat,16.420313339358216,16.420313339358216,0.0,76626.15068721182,76626.15068721182,15.36,,0.0,0,36.75972604031296,"(20),(21) + BERC slab bill",MB-DHNC0238-2026-06-14
DHNC0239,Dhanmondi,2026-06-14,2026-07-13,30,5044.267981023359,82700.57899794473,5044.267981023359,82700.57899794473,0.0,0.0,0.0,0.0,0.0,0.0,False,1.0,0,0,0,0.0,0.0,13.739604554225258,13.739604554225258,0.0,False,LT-E,flat,flat,16.394961431285182,16.394961431285182,0.0,77379.68621324937,77379.68621324937,15.36,,0.0,0,36.75972604031296,"(20),(21) + BERC slab bill",MB-DHNC0239-2026-06-14
DHNC0240,Dhanmondi,2026-06-14,2026-07-13,30,4461.895577249598,73440.37686988151,4461.895577249598,73440.37686988151,0.0,0.0,0.0,0.0,0.0,0.0,False,1.0,0,0,0,0.0,0.0,15.497517479912196,15.497517479912196,0.0,False,LT-E,flat,flat,16.45945665881128,16.45945665881128,0.0,69288.6062510713,69288.6062510713,15.36,,0.0,0,36.75972604031296,"(20),(21) + BERC slab bill",MB-DHNC0240-2026-06-14
DHNC0241,Dhanmondi,2026-06-14,2026-07-13,30,6058.818915342006,99242.80646663588,6058.818915342006,99242.80646663588,0.0,0.0,0.0,0.0,0.0,0.0,False,1.0,0,0,0,0.0,0.0,16.203903719264588,16.203903719264588,0.0,False,LT-E,flat,flat,16.379893152993144,16.379893152993144,0.0,93169.78184151926,93169.78184151926,15.36,,0.0,0,36.75972604031296,"(20),(21) + BERC slab bill",MB-DHNC0241-2026-06-14
DHNC0242,Dhanmondi,2026-06-14,2026-07-13,30,1286.0168637148374,21161.404977992897,1241.3909482127333,20441.67821277496,719.7267652179362,3.401129395550183,44.625915502104135,44.62591550210383,855.2451070749133,-90.89242635487336,False,0.9652991210603602,30,0,150,0.0,44.62591550210384,4.441644813163508,4.441644813163508,0.0,True,LT-E,flat,flat,16.454998044788663,16.466753074207155,0.0,19755.49736795478,19093.9627965516,15.36,,0.0,0,36.75972604031296,"(20),(21) + BERC slab bill",MB-DHNC0242-2026-06-14
DHNC0243,Dhanmondi,2026-06-14,2026-07-13,30,574.3167216106594,9475.205086136715,574.3167216106594,9475.205086136715,0.0,0.0,0.0,0.0,0.0,0.0,False,1.0,0,0,0,0.0,0.0,2.236192384751572,2.236192384751572,0.0,False,LT-E,flat,flat,16.498222547941314,16.498222547941314,0.0,9045.6896226825,9045.6896226825,15.36,,0.0,0,36.75972604031296,"(20),(21) + BERC slab bill",MB-DHNC0243-2026-06-14
DHNC0244,Dhanmondi,2026-06-14,2026-07-13,30,5016.304300581455,82249.5807597777,5016.304300581455,82249.5807597777,0.0,0.0,0.0,0.0,0.0,0.0,False,1.0,0,0,0,0.0,0.0,14.947977908150245,14.947977908150245,0.0,False,LT-E,flat,flat,16.39644962333005,16.39644962333005,0.0,77294.08676701349,77294.08676701349,15.36,,0.0,0,36.75972604031296,"(20),(21) + BERC slab bill",MB-DHNC0244-2026-06-14
DHNC0245,Dhanmondi,2026-06-14,2026-07-13,30,2124.4700980233383,34844.6287409204,2124.4700980233383,34844.6287409204,0.0,0.0,0.0,0.0,0.0,0.0,False,1.0,0,0,0,0.0,0.0,4.771432980967091,4.771432980967091,0.0,False,LT-E,flat,flat,16.401562334692656,16.401562334692656,0.0,32093.57073254671,32093.57073254671,15.36,,0.0,0,36.75972604031296,"(20),(21) + BERC slab bill",MB-DHNC0245-2026-06-14
DHNC0246,Dhanmondi,2026-06-14,2026-07-13,30,1798.0165874923164,29692.98652307608,1798.0165874923164,29692.98652307608,0.0,0.0,0.0,0.0,0.0,0.0,False,1.0,0,0,0,0.0,0.0,5.349787166456938,5.349787166456938,0.0,False,LT-E,flat,flat,16.514300663092722,16.514300663092722,0.0,27552.907886636724,27552.907886636724,15.36,,0.0,0,36.75972604031296,"(20),(21) + BERC slab bill",MB-DHNC0246-2026-06-14
DHNC0247,Dhanmondi,2026-06-14,2026-07-13,30,8231.516395522589,134501.42142698832,8231.516395522589,134501.42142698832,0.0,0.0,0.0,0.0,0.0,0.0,False,1.0,0,0,0,0.0,0.0,19.17476137805277,19.17476137805277,0.0,False,LT-E,flat,flat,16.339810912622173,16.339810912622173,0.0,126164.56261360589,126164.56261360589,15.36,,0.0,0,36.75972604031296,"(20),(21) + BERC slab bill",MB-DHNC0247-2026-06-14
DHNC0248,Dhanmondi,2026-06-14,2026-07-13,30,4968.895869357745,81673.97758100172,4907.013660861034,80675.94132236674,998.0362586349802,1.2219758216687302,61.88220849671143,185.6466254901316,1714.7180760780225,-531.0351919529107,False,0.9875460846587012,10,0,50,0.0,61.88220849671052,14.437190463300404,14.437190463300404,0.0,True,LT-E,flat,flat,16.437047530955503,16.44094492050192,0.0,76995.06880766597,75953.96253191732,15.36,,0.0,0,36.75972604031296,"(20),(21) + BERC slab bill",MB-DHNC0248-2026-06-14
DHNC0249,Dhanmondi,2026-06-14,2026-07-13,30,3085.669791352396,50734.30739493144,2993.242326421584,49243.6372405273,1490.6701544041423,2.9381896214731147,92.42746493081177,89.04187948198275,1824.342267845383,-244.6302339592578,False,0.9700462229659702,30,0,150,0.0,92.42746493081096,7.988087917930544,7.81684430905392,2.1437371575773536,True,LT-E,flat,flat,16.441910776426752,16.451603936590722,0.0,47510.74192107855,46143.98276639304,15.36,,0.0,0,36.75972604031296,"(20),(21) + BERC slab bill",MB-DHNC0249-2026-06-14
DHNC0250,Dhanmondi,2026-06-14,2026-07-13,30,6329.762520361548,103995.30992839104,6245.812010163695,102641.35609992009,1353.9538284709706,1.301937394487573,83.95051019785296,251.8515305935615,1469.0841916837596,136.7211673807726,True,0.9867371785390364,10,0,50,0.0,83.95051019785383,18.823267520696557,18.823267520696557,0.0,True,LT-E,flat,flat,16.42957529510143,16.433628795246108,0.0,97628.1877294337,96215.804345865,15.36,,0.0,0,36.75972604031296,"(20),(21) + BERC slab bill",MB-DHNC0250-2026-06-14
DHNC0251,Dhanmondi,2026-06-14,2026-07-13,30,4578.423261211303,75848.93535681588,4578.423261211303,75848.93535681588,0.0,0.0,0.0,0.0,0.0,0.0,False,1.0,0,0,0,0.0,0.0,17.008448034790778,17.008448034790778,0.0,False,LT-E,flat,flat,16.566606237438325,16.566606237438325,0.0,72005.05992844459,72005.05992844459,15.36,,0.0,0,36.75972604031296,"(20),(21) + BERC slab bill",MB-DHNC0251-2026-06-14
DHNC0252,Dhanmondi,2026-06-14,2026-07-13,30,1749.3945798051475,28823.760783097423,1749.3945798051475,28823.760783097423,0.0,0.0,0.0,0.0,0.0,0.0,False,1.0,0,0,0,0.0,0.0,5.124934260846789,5.124934260846789,0.0,False,LT-E,flat,flat,16.476420537617013,16.476420537617013,0.0,26520.572440914595,26520.572440914595,15.36,,0.0,0,36.75972604031296,"(20),(21) + BERC slab bill",MB-DHNC0252-2026-06-14
DHNC0253,Dhanmondi,2026-06-14,2026-07-13,30,4317.664064550847,70693.68603307605,4144.29473305143,67897.58545465345,2796.1005784226,3.955233819770502,173.36933149941706,168.8975899805236,4967.069608404864,-2002.0714400017405,False,0.959846498266777,30,0,150,0.0,173.36933149941711,12.461752481472509,12.444240694057145,0.1405242757100275,True,LT-E,flat,flat,16.37313254949354,16.383387241539335,0.0,66545.10177468054,63979.54654605209,15.36,,0.0,0,36.75972604031296,"(20),(21) + BERC slab bill",MB-DHNC0253-2026-06-14
DHNC0254,Dhanmondi,2026-06-14,2026-07-13,30,8962.724365207096,146464.44356206,8833.822347053287,144385.51181327543,2078.931748784584,1.419410539667054,128.90201815380897,386.70605446142537,2585.822847787761,-120.18504454175128,False,0.9856179870203082,10,0,50,0.0,128.90201815380846,18.73708129525172,18.73708129525172,0.0,True,LT-E,flat,flat,16.341509299407733,16.34462480009442,0.0,135537.1015883473,133368.45403492765,15.36,,0.0,0,36.75972604031296,"(20),(21) + BERC slab bill",MB-DHNC0254-2026-06-14
DHNC0255,Dhanmondi,2026-06-14,2026-07-13,30,7039.121564303388,115298.82758908502,7039.121564303388,115298.82758908502,0.0,0.0,0.0,0.0,0.0,0.0,False,1.0,0,0,0,0.0,0.0,19.97846541018854,19.97846541018854,0.0,False,LT-E,flat,flat,16.37971819861522,16.37971819861522,0.0,109298.21843748832,109298.21843748832,15.36,,0.0,0,36.75972604031296,"(20),(21) + BERC slab bill",MB-DHNC0255-2026-06-14
DHNC0256,Dhanmondi,2026-06-14,2026-07-13,30,3198.4780850036404,52676.52955493871,3198.4780850036404,52676.52955493871,0.0,0.0,0.0,0.0,0.0,0.0,False,1.0,0,0,0,0.0,0.0,12.415184878541622,12.415184878541622,0.0,False,LT-E,flat,flat,16.4692482346268,16.4692482346268,0.0,48054.967089228354,48054.967089228354,15.36,,0.0,0,36.75972604031296,"(20),(21) + BERC slab bill",MB-DHNC0256-2026-06-14
DHNC0257,Dhanmondi,2026-06-14,2026-07-13,30,7750.515128550931,126781.63299326942,7610.744515407939,124527.41254449924,2254.220448770182,1.7780339277455544,139.77061314299226,419.3118394289816,3638.6820263570257,-965.1497381578624,False,0.9819662808439512,10,0,50,0.0,139.77061314299385,19.432903503833277,19.432903503833277,0.0,True,LT-E,flat,flat,16.35783311050359,16.3620539741406,0.0,118573.79158095836,116222.2907854406,15.36,,0.0,0,36.75972604031296,"(20),(21) + BERC slab bill",MB-DHNC0257-2026-06-14
DHNC0258,Dhanmondi,2026-06-14,2026-07-13,30,6245.641426328133,102340.92992382012,6245.641426328133,102340.92992382012,0.0,0.0,0.0,0.0,0.0,0.0,False,1.0,0,0,0,0.0,0.0,15.500950543015255,15.500950543015255,0.0,False,LT-E,flat,flat,16.385975905118084,16.385975905118084,0.0,95081.52647687931,95081.52647687931,15.36,,0.0,0,36.75972604031296,"(20),(21) + BERC slab bill",MB-DHNC0258-2026-06-14
DHNC0259,Dhanmondi,2026-06-14,2026-07-13,30,4964.042714443808,81132.65589854974,4964.042714443808,81132.65589854974,0.0,0.0,0.0,0.0,0.0,0.0,False,1.0,0,0,0,0.0,0.0,13.254884112047966,13.254884112047966,0.0,False,LT-E,flat,flat,16.344068849866893,16.344068849866893,0.0,75760.53593862987,75760.53593862987,15.36,,0.0,0,36.75972604031296,"(20),(21) + BERC slab bill",MB-DHNC0259-2026-06-14
DHNC0260,Dhanmondi,2026-06-14,2026-07-13,30,5238.639892146789,85457.40918054341,5238.639892146789,85457.40918054341,0.0,0.0,0.0,0.0,0.0,0.0,False,1.0,0,0,0,0.0,0.0,10.683711300951495,10.683711300951495,0.0,False,LT-E,flat,flat,16.312900092379333,16.312900092379333,0.0,79095.61695776712,79095.61695776712,15.36,,0.0,0,36.75972604031296,"(20),(21) + BERC slab bill",MB-DHNC0260-2026-06-14
DHNC0261,Dhanmondi,2026-06-14,2026-07-13,30,1387.1971599959058,22821.59079641397,1387.1971599959058,22821.59079641397,0.0,0.0,0.0,0.0,0.0,0.0,False,1.0,0,0,0,0.0,0.0,3.860254500351716,3.860254500351716,0.0,False,LT-E,flat,flat,16.451584139980017,16.451584139980017,0.0,21076.778217355528,21076.778217355528,15.36,,0.0,0,36.75972604031296,"(20),(21) + BERC slab bill",MB-DHNC0261-2026-06-14
DHNC0262,Dhanmondi,2026-06-14,2026-07-13,30,2337.209471243136,38356.01435220928,2337.209471243136,38356.01435220928,0.0,0.0,0.0,0.0,0.0,0.0,False,1.0,0,0,0,0.0,0.0,6.573971182997175,6.573971182997175,0.0,False,LT-E,flat,flat,16.4110298302908,16.4110298302908,0.0,35743.071751278374,35743.071751278374,15.36,,0.0,0,36.75972604031296,"(20),(21) + BERC slab bill",MB-DHNC0262-2026-06-14
DHNC0263,Dhanmondi,2026-06-14,2026-07-13,30,5893.196217414975,96949.64359446873,5579.004185656543,91882.35450626872,5067.289088199992,5.226722760731322,314.19203175843177,300.9005522920182,6097.913397435582,-729.723756943572,False,0.9466856320123938,30,0,150,0.0,314.1920317584309,16.34211746563203,16.185347137026177,0.9593024217060272,True,LT-E,flat,flat,16.451114135309627,16.469310910806552,0.0,89928.3313839134,85284.04018459281,15.36,,0.0,0,36.75972604031296,"(20),(21) + BERC slab bill",MB-DHNC0263-2026-06-14
DHNC0264,Dhanmondi,2026-06-14,2026-07-13,30,3416.513498371206,56027.62970173081,3334.310481300928,54701.85944242136,1325.770259309451,2.366279398873972,82.20301707027829,79.66712978965869,1889.3932948892725,-483.95590579016266,False,0.9759395017436726,30,0,150,0.0,82.20301707027922,9.058842770378284,9.047381730576134,0.1265177031179573,True,LT-E,flat,flat,16.399065810347746,16.405748579561994,0.0,52315.378548351706,51099.33691058249,15.36,,0.0,0,36.75972604031296,"(20),(21) + BERC slab bill",MB-DHNC0264-2026-06-14
DHNC0265,Dhanmondi,2026-06-14,2026-07-13,30,2848.381353809079,46737.21947423283,2775.264923975877,45557.99769388295,1179.2217803498788,2.5230892928921618,73.11642983320189,70.85121992290964,1463.4634121173528,-213.3904118445644,False,0.9743305334675691,30,0,150,0.0,73.11642983320198,9.142864668545824,9.142864668545824,0.0,True,LT-E,flat,flat,16.40834343046522,16.41572928778851,0.0,43732.77311794755,42651.16037201047,15.36,,0.0,0,36.75972604031296,"(20),(21) + BERC slab bill",MB-DHNC0265-2026-06-14
DHNC0266,Dhanmondi,2026-06-14,2026-07-13,30,2024.6277634953303,33300.52156965269,2024.6277634953303,33300.52156965269,0.0,0.0,0.0,0.0,0.0,0.0,False,1.0,0,0,0,0.0,0.0,5.610739372809656,5.610739372809656,0.0,False,LT-E,flat,flat,16.447725438755445,16.447725438755445,0.0,31211.64636495833,31211.64636495833,15.36,,0.0,0,36.75972604031296,"(20),(21) + BERC slab bill",MB-DHNC0266-2026-06-14
DHNC0267,Dhanmondi,2026-06-14,2026-07-13,30,12448.36789533793,202695.0774160101,12088.449710852996,196890.3169366371,5804.7604793730425,2.863789566758638,359.9181844849336,344.7441696372624,5749.683108476287,399.8215405340179,True,0.9710871186077554,30,0,150,0.0,359.9181844849309,23.931442082722278,23.916727572751636,0.06148609816232,True,LT-E,flat,flat,16.28286367499807,16.28747454356113,0.0,187218.3607457345,181898.1075937776,15.36,,0.0,0,36.75972604031296,"(20),(21) + BERC slab bill",MB-DHNC0267-2026-06-14
DHNC0268,Dhanmondi,2026-06-14,2026-07-13,30,3108.3149689400234,51477.5288190647,3108.3149689400234,51477.5288190647,0.0,0.0,0.0,0.0,0.0,0.0,False,1.0,0,0,0,0.0,0.0,12.263890444535969,12.263890444535969,0.0,False,LT-E,flat,flat,16.561233122594142,16.561233122594142,0.0,46904.28856437264,46904.28856437264,15.36,,0.0,0,36.75972604031296,"(20),(21) + BERC slab bill",MB-DHNC0268-2026-06-14
DHNC0269,Dhanmondi,2026-06-14,2026-07-13,30,2643.495271087436,43593.46673209816,2643.495271087436,43593.46673209816,0.0,0.0,0.0,0.0,0.0,0.0,False,1.0,0,0,0,0.0,0.0,9.639982074212732,9.639982074212732,0.0,False,LT-E,flat,flat,16.49084347110083,16.49084347110083,0.0,40779.57955960957,40779.57955960957,15.36,,0.0,0,36.75972604031296,"(20),(21) + BERC slab bill",MB-DHNC0269-2026-06-14
DHNC0270,Dhanmondi,2026-06-14,2026-07-13,30,5821.666449917623,96022.81150427143,5821.666449917623,96022.81150427143,0.0,0.0,0.0,0.0,0.0,0.0,False,1.0,0,0,0,0.0,0.0,23.45201800027378,23.45201800027378,0.0,False,LT-E,flat,flat,16.494042097796612,16.494042097796612,0.0,91891.431387903,91891.431387903,15.36,,0.0,0,36.75972604031296,"(20),(21) + BERC slab bill",MB-DHNC0270-2026-06-14
DHNC0271,Dhanmondi,2026-06-14,2026-07-13,30,2544.07785580434,41772.71265841239,2527.146827866455,41499.64903983019,273.06361858220043,0.6536889782933681,16.931027937884664,50.79308381365522,328.7766774768295,-4.919975080973813,False,0.993344925392414,10,0,50,0.0,16.93102793788508,6.2719060996284135,6.2719060996284135,0.0,True,LT-E,flat,flat,16.419588953658597,16.421542500902603,0.0,38563.55013567992,38278.702521652944,15.36,,0.0,0,36.75972604031296,"(20),(21) + BERC slab bill",MB-DHNC0271-2026-06-14
DHNC0272,Dhanmondi,2026-06-14,2026-07-13,30,3517.340334645197,57526.18991715773,3517.340334645197,57526.18991715773,0.0,0.0,0.0,0.0,0.0,0.0,False,1.0,0,0,0,0.0,0.0,10.236912856448784,10.236912856448784,0.0,False,LT-E,flat,flat,16.355025230437516,16.355025230437516,0.0,53901.53031309153,53901.53031309153,15.36,,0.0,0,36.75972604031296,"(20),(21) + BERC slab bill",MB-DHNC0272-2026-06-14
DHNC0273,Dhanmondi,2026-06-14,2026-07-13,30,1088.242674531563,17924.452854845047,1088.242674531563,17924.452854845047,0.0,0.0,0.0,0.0,0.0,0.0,False,1.0,0,0,0,0.0,0.0,3.745052821517184,3.745052821517184,0.0,False,LT-E,flat,flat,16.471007133184404,16.471007133184404,0.0,16829.604196760116,16829.604196760116,15.36,,0.0,0,36.75972604031296,"(20),(21) + BERC slab bill",MB-DHNC0273-2026-06-14
DHNC0274,Dhanmondi,2026-06-14,2026-07-13,30,6837.775770907468,112193.27263319564,6837.775770907468,112193.27263319564,0.0,0.0,0.0,0.0,0.0,0.0,False,1.0,0,0,0,0.0,0.0,22.54216472948664,22.54216472948664,0.0,False,LT-E,flat,flat,16.407860741871918,16.407860741871918,0.0,106474.62557897522,106474.62557897522,15.36,,0.0,0,36.75972604031296,"(20),(21) + BERC slab bill",MB-DHNC0274-2026-06-14
DHNC0275,Dhanmondi,2026-06-14,2026-07-13,30,6248.413429466077,102499.03679042889,6248.413429466077,102499.03679042889,0.0,0.0,0.0,0.0,0.0,0.0,False,1.0,0,0,0,0.0,0.0,18.415102417184222,18.415102417184222,0.0,False,LT-E,flat,flat,16.40401006550992,16.40401006550992,0.0,96255.6079127348,96255.6079127348,15.36,,0.0,0,36.75972604031296,"(20),(21) + BERC slab bill",MB-DHNC0275-2026-06-14
DHNC0276,Dhanmondi,2026-06-14,2026-07-13,30,5976.804632192927,98033.48010800753,5718.673964732907,93870.34870321232,4163.131404795204,4.246642473783967,258.13066746002005,247.64090869383244,3973.8639231587335,436.9083903303031,True,0.9568112589677684,30,0,150,0.0,258.13066746002187,19.15437575342423,18.575758636223185,3.0208090550672493,True,LT-E,flat,flat,16.402323003828624,16.41470545131813,0.0,92630.8701849936,88814.8309293324,15.36,,0.0,0,36.75972604031296,"(20),(21) + BERC slab bill",MB-DHNC0276-2026-06-14
DHNC0277,Dhanmondi,2026-06-14,2026-07-13,30,1536.1009443087082,25308.161029810846,1486.2474019971166,24504.1230994095,804.0379304013477,3.176990732176312,49.85354231159158,49.853542311592285,1038.3387657623884,-184.4472930494485,False,0.9675453996065162,30,0,150,0.0,49.853542311592285,4.712920564054598,4.710825280614358,0.0444582804178922,True,LT-E,flat,flat,16.475584578981092,16.487243689363257,0.0,23857.50842074724,23118.479509520195,15.36,,0.0,0,36.75972604031296,"(20),(21) + BERC slab bill",MB-DHNC0277-2026-06-14
DHNC0278,Dhanmondi,2026-06-14,2026-07-13,30,2263.6432243286886,37193.16292197309,2263.6432243286886,37193.16292197309,0.0,0.0,0.0,0.0,0.0,0.0,False,1.0,0,0,0,0.0,0.0,7.877607871055033,7.877607871055033,0.0,False,LT-E,flat,flat,16.43066474532584,16.43066474532584,0.0,34267.445940264945,34267.445940264945,15.36,,0.0,0,36.75972604031296,"(20),(21) + BERC slab bill",MB-DHNC0278-2026-06-14
DHNC0279,Dhanmondi,2026-06-14,2026-07-13,30,6555.233487518936,107324.5806867054,6555.233487518936,107324.5806867054,0.0,0.0,0.0,0.0,0.0,0.0,False,1.0,0,0,0,0.0,0.0,17.36847529571119,17.36847529571119,0.0,False,LT-E,flat,flat,16.3723505640264,16.3723505640264,0.0,100454.76081116352,100454.76081116352,15.36,,0.0,0,36.75972604031296,"(20),(21) + BERC slab bill",MB-DHNC0279-2026-06-14
DHNC0280,Dhanmondi,2026-06-14,2026-07-13,30,2142.1003449276586,35223.46936299328,2142.1003449276586,35223.46936299328,0.0,0.0,0.0,0.0,0.0,0.0,False,1.0,0,0,0,0.0,0.0,6.854564280814256,6.854564280814256,0.0,False,LT-E,flat,flat,16.443426399888292,16.443426399888292,0.0,33014.859624069206,33014.859624069206,15.36,,0.0,0,36.75972604031296,"(20),(21) + BERC slab bill",MB-DHNC0280-2026-06-14
DHNC0281,Dhanmondi,2026-06-14,2026-07-13,30,2688.981372435192,44242.01657463478,2688.981372435192,44242.01657463478,0.0,0.0,0.0,0.0,0.0,0.0,False,1.0,0,0,0,0.0,0.0,8.457113212583959,8.457113212583959,0.0,False,LT-E,flat,flat,16.45307662900185,16.45307662900185,0.0,41443.13677450977,41443.13677450977,15.36,,0.0,0,36.75972604031296,"(20),(21) + BERC slab bill",MB-DHNC0281-2026-06-14
DHNC0282,Dhanmondi,2026-06-14,2026-07-13,30,1070.3315265082542,17663.931859525124,1057.9362948052133,17464.02156261848,199.9102969066444,1.1317429125998606,12.395231703040965,37.18569510912261,352.6642441542361,-115.56825213846912,False,0.9884192594574152,10,0,50,0.0,12.395231703040873,2.927005586891676,2.927005586891676,0.0,True,LT-E,flat,flat,16.503234205527164,16.507630609113328,0.0,16396.72258632338,16188.18520815142,15.36,,0.0,0,36.75972604031296,"(20),(21) + BERC slab bill",MB-DHNC0282-2026-06-14
DHNC0283,Dhanmondi,2026-06-14,2026-07-13,30,817.0730088220594,13532.128486282172,817.0730088220594,13532.128486282172,0.0,0.0,0.0,0.0,0.0,0.0,False,1.0,0,0,0,0.0,0.0,3.2589199778356406,3.2589199778356406,0.0,False,LT-E,flat,flat,16.56171277251085,16.56171277251085,0.0,12643.8120371136,12643.8120371136,15.36,,0.0,0,36.75972604031296,"(20),(21) + BERC slab bill",MB-DHNC0283-2026-06-14
DHNC0284,Dhanmondi,2026-06-14,2026-07-13,30,4602.68755955397,75692.16996048643,4602.68755955397,75692.16996048643,0.0,0.0,0.0,0.0,0.0,0.0,False,1.0,0,0,0,0.0,0.0,11.440139840952352,11.440139840952352,0.0,False,LT-E,flat,flat,16.44521140770665,16.44521140770665,0.0,70567.3645741096,70567.3645741096,15.36,,0.0,0,36.75972604031296,"(20),(21) + BERC slab bill",MB-DHNC0284-2026-06-14
DHNC0285,Dhanmondi,2026-06-14,2026-07-13,30,10123.072178052736,165112.38308763452,10123.072178052736,165112.38308763452,0.0,0.0,0.0,0.0,0.0,0.0,False,1.0,0,0,0,0.0,0.0,21.27241891519597,21.27241891519597,0.0,False,LT-E,flat,flat,16.310501415331743,16.310501415331743,0.0,153148.76480981585,153148.76480981585,15.36,,0.0,0,36.75972604031296,"(20),(21) + BERC slab bill",MB-DHNC0285-2026-06-14
DHNC0286,Dhanmondi,2026-06-14,2026-07-13,30,4792.4294688319205,78771.22747332123,4755.907127189013,78182.1951473044,589.0323260168225,0.7477759899276928,36.52234164290712,109.56702492872164,939.3591308338904,-240.75977988834643,False,0.9923791592801868,10,0,50,0.0,36.52234164290722,16.27724976429667,16.27724976429667,0.0,True,LT-E,flat,flat,16.43659609090094,16.438965912590078,0.0,74164.24114859883,73549.78927279853,15.36,,0.0,0,36.75972604031296,"(20),(21) + BERC slab bill",MB-DHNC0286-2026-06-14
DHNC0287,Dhanmondi,2026-06-14,2026-07-13,30,1994.9811292691609,32841.28065285302,1906.0120601015915,31406.387505318467,1434.8931475345526,4.369175376265051,88.96906916756916,85.94848123854767,1999.5121403016751,-478.6705115285749,False,0.9554035535162372,30,0,150,0.0,88.9690691675689,5.699155140458927,5.635518298613227,1.1166013255883265,True,LT-E,flat,flat,16.461950527263415,16.477538711714388,0.0,30697.624425244645,29381.767531833622,15.36,,0.0,0,36.75972604031296,"(20),(21) + BERC slab bill",MB-DHNC0287-2026-06-14
DHNC0288,Dhanmondi,2026-06-14,2026-07-13,30,3274.5294432664505,54054.28586100131,3274.5294432664505,54054.28586100131,0.0,0.0,0.0,0.0,0.0,0.0,False,1.0,0,0,0,0.0,0.0,11.92636907664336,11.92636907664336,0.0,False,LT-E,flat,flat,16.507497274808557,16.507497274808557,0.0,50198.74691920303,50198.74691920303,15.36,,0.0,0,36.75972604031296,"(20),(21) + BERC slab bill",MB-DHNC0288-2026-06-14
DHNC0289,Dhanmondi,2026-06-14,2026-07-13,30,1749.962519037337,28809.29550703417,1749.962519037337,28809.29550703417,0.0,0.0,0.0,0.0,0.0,0.0,False,1.0,0,0,0,0.0,0.0,7.316396132117715,7.316396132117715,0.0,False,LT-E,flat,flat,16.46280717079718,16.46280717079718,0.0,26834.789462256977,26834.789462256977,15.36,,0.0,0,36.75972604031296,"(20),(21) + BERC slab bill",MB-DHNC0289-2026-06-14
DHNC0290,Dhanmondi,2026-06-14,2026-07-13,30,2056.1275767706384,33836.900558156856,2056.1275767706384,33836.900558156856,0.0,0.0,0.0,0.0,0.0,0.0,False,1.0,0,0,0,0.0,0.0,7.668302106556256,7.668302106556256,0.0,False,LT-E,flat,flat,16.45661530949418,16.45661530949418,0.0,31535.43154626861,31535.43154626861,15.36,,0.0,0,36.75972604031296,"(20),(21) + BERC slab bill",MB-DHNC0290-2026-06-14
DHNC0291,Dhanmondi,2026-06-14,2026-07-13,30,1460.659345721593,23911.88892779785,1460.659345721593,23911.88892779785,0.0,0.0,0.0,0.0,0.0,0.0,False,1.0,0,0,0,0.0,0.0,4.3682736492455785,4.3682736492455785,0.0,False,LT-E,flat,flat,16.370613037076716,16.370613037076716,0.0,22557.64178521288,22557.64178521288,15.36,,0.0,0,36.75972604031296,"(20),(21) + BERC slab bill",MB-DHNC0291-2026-06-14
DHNC0292,Dhanmondi,2026-06-14,2026-07-13,30,1951.9823770653916,32062.74677731063,1927.8731582346911,31673.913296009097,388.8334813015317,1.2127266699953847,24.10921883070023,24.109218830700584,673.149706286658,-260.2070061544257,False,0.987648854255054,30,0,150,0.0,24.10921883070057,4.7652990928206895,4.754440533872508,0.2278673119288792,True,LT-E,flat,flat,16.42573578226343,16.429459148138235,0.0,29551.9374858788,29194.542425932483,15.36,,0.0,0,36.75972604031296,"(20),(21) + BERC slab bill",MB-DHNC0292-2026-06-14
DHNC0293,Dhanmondi,2026-06-14,2026-07-13,30,4847.249312273253,79338.78690834301,4628.741015234157,75814.68509369648,3524.101814646536,4.441839801152735,218.50829703909585,211.5893679505913,5270.304399080866,-1534.6132164837386,False,0.954921176328638,30,0,150,0.0,218.5082970390971,12.469377103369606,12.469377103369606,0.0,True,LT-E,flat,flat,16.367795794504918,16.37911579934467,0.0,74545.33179034723,71313.08372412816,15.36,,0.0,0,36.75972604031296,"(20),(21) + BERC slab bill",MB-DHNC0293-2026-06-14
DHNC0294,Dhanmondi,2026-06-14,2026-07-13,30,4908.093251191203,80589.40295521173,4908.093251191203,80589.40295521173,0.0,0.0,0.0,0.0,0.0,0.0,False,1.0,0,0,0,0.0,0.0,16.7524966567308,16.7524966567308,0.0,False,LT-E,flat,flat,16.419696780547625,16.419696780547625,0.0,74207.2671251472,74207.2671251472,15.36,,0.0,0,36.75972604031296,"(20),(21) + BERC slab bill",MB-DHNC0294-2026-06-14
DHNC0295,Dhanmondi,2026-06-14,2026-07-13,30,6668.009829654679,109242.66253267064,6303.335056956594,103361.18779859594,5881.474734074698,5.383862492655519,364.6747726980848,350.5071064406627,8409.55120645127,-2177.5693659359085,False,0.9453098027725958,30,0,150,0.0,364.6747726980843,22.78816272229275,21.583174331489623,5.287782106384256,True,LT-E,flat,flat,16.38309860414949,16.39785714461152,0.0,102443.5473359292,97051.77617171024,15.36,,0.0,0,36.75972604031296,"(20),(21) + BERC slab bill",MB-DHNC0295-2026-06-14
DHNC0296,Dhanmondi,2026-06-14,2026-07-13,30,6571.289296080001,107290.57876717826,6571.289296080001,107290.57876717826,0.0,0.0,0.0,0.0,0.0,0.0,False,1.0,0,0,0,0.0,0.0,16.33705705099296,16.33705705099296,0.0,False,LT-E,flat,flat,16.327173243031737,16.327173243031737,0.0,100407.92051271089,100407.92051271089,15.36,,0.0,0,36.75972604031296,"(20),(21) + BERC slab bill",MB-DHNC0296-2026-06-14
DHNC0297,Dhanmondi,2026-06-14,2026-07-13,30,3245.767896875684,53958.96964081103,3245.767896875684,53958.96964081103,0.0,0.0,0.0,0.0,0.0,0.0,False,1.0,0,0,0,0.0,0.0,11.57053083442687,11.57053083442687,0.0,False,LT-E,flat,flat,16.624407953739063,16.624407953739063,0.0,48754.97074850484,48754.97074850484,15.36,,0.0,0,36.75972604031296,"(20),(21) + BERC slab bill",MB-DHNC0297-2026-06-14
DHNC0298,Dhanmondi,2026-06-14,2026-07-13,30,3601.453804276593,59109.571955372885,3601.453804276593,59109.571955372885,0.0,0.0,0.0,0.0,0.0,0.0,False,1.0,0,0,0,0.0,0.0,11.372787207601974,11.372787207601974,0.0,False,LT-E,flat,flat,16.412697529309543,16.412697529309543,0.0,56024.39193152841,56024.39193152841,15.36,,0.0,0,36.75972604031296,"(20),(21) + BERC slab bill",MB-DHNC0298-2026-06-14
DHNC0299,Dhanmondi,2026-06-14,2026-07-13,30,3704.015361472223,60801.484749824005,3585.437617626532,58889.06289708071,1912.4218527432968,3.145353868597481,118.57774384569076,115.34883173574076,3088.5132164040047,-1060.7425319249671,False,0.9679867030036942,30,0,150,0.0,118.57774384568926,9.489300473169571,9.484312191006214,0.0525674382159413,True,LT-E,flat,flat,16.415019597990394,16.42451192221935,0.0,57442.42272527664,55687.855162618085,15.36,,0.0,0,36.75972604031296,"(20),(21) + BERC slab bill",MB-DHNC0299-2026-06-14
DHNC0300,Dhanmondi,2026-06-14,2026-07-13,30,8719.411614941624,142441.0705257785,8719.411614941624,142441.0705257785,0.0,0.0,0.0,0.0,0.0,0.0,False,1.0,0,0,0,0.0,0.0,20.97798471007713,20.97798471007713,0.0,False,LT-E,flat,flat,16.336087435268087,16.336087435268087,0.0,133438.94380304802,133438.94380304802,15.36,,0.0,0,36.75972604031296,"(20),(21) + BERC slab bill",MB-DHNC0300-2026-06-14
DHNC0301,Dhanmondi,2026-06-14,2026-07-13,30,7284.486907979365,98481.9342555062,7245.191964283006,97956.69839058882,525.2358649173839,0.5333321983245038,39.29494369635904,117.88483108907684,852.395526196291,-209.27483018983023,False,0.9946056676066896,10,0,50,0.0,39.29494369635895,19.706692923481917,19.706692923481917,0.0,True,LT-C1,flat,flat,13.519405759056266,13.520235057054522,0.0,89462.21202899778,88894.1250279795,12.73,,0.0,0,14.47858698270381,"(20),(21) + BERC slab bill",MB-DHNC0301-2026-06-14
DHNC0302,Dhanmondi,2026-06-14,2026-07-13,30,4049.6938469318047,55526.31280501397,4049.6938469318047,55526.31280501397,0.0,0.0,0.0,0.0,0.0,0.0,False,1.0,0,0,0,0.0,0.0,20.614429258276274,20.614429258276274,0.0,False,LT-C1,flat,flat,13.711237170948792,13.711237170948792,0.0,48291.915560427806,48291.915560427806,12.73,,0.0,0,14.47858698270381,"(20),(21) + BERC slab bill",MB-DHNC0302-2026-06-14
DHNC0303,Dhanmondi,2026-06-14,2026-07-13,30,6322.511717951913,85966.41287800425,6322.511717951913,85966.41287800425,0.0,0.0,0.0,0.0,0.0,0.0,False,1.0,0,0,0,0.0,0.0,17.729522001978033,17.729522001978033,0.0,False,LT-C1,flat,flat,13.596876797225113,13.596876797225113,0.0,75554.13473865687,75554.13473865687,12.73,,0.0,0,14.47858698270381,"(20),(21) + BERC slab bill",MB-DHNC0303-2026-06-14
DHNC0304,Dhanmondi,2026-06-14,2026-07-13,30,6031.123953358,81779.2583225597,6031.123953358,81779.2583225597,0.0,0.0,0.0,0.0,0.0,0.0,False,1.0,0,0,0,0.0,0.0,19.08102080246928,19.08102080246928,0.0,False,LT-C1,flat,flat,13.55953864569916,13.55953864569916,0.0,73274.45507049089,73274.45507049089,12.73,,0.0,0,14.47858698270381,"(20),(21) + BERC slab bill",MB-DHNC0304-2026-06-14
DHNC0305,Dhanmondi,2026-06-14,2026-07-13,30,4881.074823680002,66200.48663071875,4881.074823680002,66200.48663071875,0.0,0.0,0.0,0.0,0.0,0.0,False,1.0,0,0,0,0.0,0.0,16.45701683857687,16.45701683857687,0.0,False,LT-C1,flat,flat,13.56268629801664,13.56268629801664,0.0,59466.40372616503,59466.40372616503,12.73,,0.0,0,14.47858698270381,"(20),(21) + BERC slab bill",MB-DHNC0305-2026-06-14
DHNC0306,Dhanmondi,2026-06-14,2026-07-13,30,5800.346071787433,78835.68576854673,5800.346071787433,78835.68576854673,0.0,0.0,0.0,0.0,0.0,0.0,False,1.0,0,0,0,0.0,0.0,17.45205186268975,17.45205186268975,0.0,False,LT-C1,flat,flat,13.591548640864586,13.591548640864586,0.0,70261.69415631314,70261.69415631314,12.73,,0.0,0,14.47858698270381,"(20),(21) + BERC slab bill",MB-DHNC0306-2026-06-14
DHNC0307,Dhanmondi,2026-06-14,2026-07-13,30,5965.253866382069,81014.72580499592,5882.097363261229,79903.21440603121,1111.511398964707,1.3719868677209837,83.15650312084017,80.88027357776237,2047.9503031077763,-855.5586305653069,False,0.986059855123773,30,0,150,0.0,83.15650312083925,21.189877474572175,21.189877474572175,0.0,True,LT-C1,flat,flat,13.58110276941682,13.584136655930877,0.0,71737.34982039739,70703.74549056422,12.73,,0.0,0,14.47858698270381,"(20),(21) + BERC slab bill",MB-DHNC0307-2026-06-14
DHNC0308,Dhanmondi,2026-06-14,2026-07-13,30,4201.948765605741,56886.06817546913,4201.948765605741,56886.06817546913,0.0,0.0,0.0,0.0,0.0,0.0,False,1.0,0,0,0,0.0,0.0,13.2579873791648,13.2579873791648,0.0,False,LT-C1,flat,flat,13.538020415931609,13.538020415931609,0.0,50776.47442144283,50776.47442144283,12.73,,0.0,0,14.47858698270381,"(20),(21) + BERC slab bill",MB-DHNC0308-2026-06-14
DHNC0309,Dhanmondi,2026-06-14,2026-07-13,30,22006.45320041576,213242.8215369508,22006.45320041576,213242.8215369508,0.0,0.0,0.0,0.0,0.0,0.0,False,1.0,0,0,0,0.0,0.0,45.05410823560656,45.05410823560656,0.0,False,LT-D1,flat,flat,9.690013179085218,9.690013179085218,0.0,199158.40146376265,199158.40146376265,9.05,,0.0,0,4.814693903588424,"(20),(21) + BERC slab bill",MB-DHNC0309-2026-06-14
DHNC0310,Dhanmondi,2026-06-14,2026-07-13,30,30900.50910490375,297790.0877693479,30900.50910490375,297790.0877693479,0.0,0.0,0.0,0.0,0.0,0.0,False,1.0,0,0,0,0.0,0.0,58.385771719150014,58.385771719150014,0.0,False,LT-D1,flat,flat,9.637060889786122,9.637060889786122,0.0,279649.6073993789,279649.6073993789,9.05,,0.0,0,4.814693903588424,"(20),(21) + BERC slab bill",MB-DHNC0310-2026-06-14
DHNC0311,Dhanmondi,2026-06-14,2026-07-13,30,24701.38782218669,238504.93778032903,24701.38782218669,238504.93778032903,0.0,0.0,0.0,0.0,0.0,0.0,False,1.0,0,0,0,0.0,0.0,59.07225655585807,59.07225655585807,0.0,False,LT-D1,flat,flat,9.655527839051407,9.655527839051407,0.0,223547.5597907896,223547.5597907896,9.05,,0.0,0,4.814693903588424,"(20),(21) + BERC slab bill",MB-DHNC0311-2026-06-14
DHNC0312,Dhanmondi,2026-06-14,2026-07-13,30,31060.11401194996,300566.7333985545,31060.11401194996,300566.7333985545,0.0,0.0,0.0,0.0,0.0,0.0,False,1.0,0,0,0,0.0,0.0,67.4354911185826,67.4354911185826,0.0,False,LT-D1,flat,flat,9.676935934070157,9.676935934070157,0.0,281094.03180814727,281094.03180814727,9.05,,0.0,0,4.814693903588424,"(20),(21) + BERC slab bill",MB-DHNC0312-2026-06-14
DHNC0313,Dhanmondi,2026-06-14,2026-07-13,30,49824.79926274749,479098.654994258,49824.79926274749,479098.654994258,0.0,0.0,0.0,0.0,0.0,0.0,False,1.0,0,0,0,0.0,0.0,82.07757946538727,82.07757946538727,0.0,False,LT-D1,flat,flat,9.615666537215048,9.615666537215048,0.0,450914.4333278648,450914.4333278648,9.05,,0.0,0,4.814693903588424,"(20),(21) + BERC slab bill",MB-DHNC0313-2026-06-14
DHNC0314,Dhanmondi,2026-06-14,2026-07-13,30,25554.59829809075,247589.0703276074,25554.59829809075,247589.0703276074,0.0,0.0,0.0,0.0,0.0,0.0,False,1.0,0,0,0,0.0,0.0,49.22378104840009,49.22378104840009,0.0,False,LT-D1,flat,flat,9.68863088511571,9.68863088511571,0.0,231269.1145977213,231269.1145977213,9.05,,0.0,0,4.814693903588424,"(20),(21) + BERC slab bill",MB-DHNC0314-2026-06-14
DHNC0315,Dhanmondi,2026-06-14,2026-07-13,30,29330.03724798479,283811.67894897546,29330.03724798479,283811.67894897546,0.0,0.0,0.0,0.0,0.0,0.0,False,1.0,0,0,0,0.0,0.0,46.92197700017128,46.92197700017128,0.0,False,LT-D1,flat,flat,9.676485459236012,9.676485459236012,0.0,265436.8370942624,265436.8370942624,9.05,,0.0,0,4.814693903588424,"(20),(21) + BERC slab bill",MB-DHNC0315-2026-06-14
DHNC0316,Dhanmondi,2026-06-14,2026-07-13,30,44230.89249853072,426509.55596728827,44230.89249853072,426509.55596728827,0.0,0.0,0.0,0.0,0.0,0.0,False,1.0,0,0,0,0.0,0.0,73.70401636342632,73.70401636342632,0.0,False,LT-D1,flat,flat,9.642797869870163,9.642797869870163,0.0,400289.5771117031,400289.5771117031,9.05,,0.0,0,4.814693903588424,"(20),(21) + BERC slab bill",MB-DHNC0316-2026-06-14
DHNC0317,Dhanmondi,2026-06-14,2026-07-13,30,34930.54897930112,337629.0416758089,34930.54897930112,337629.0416758089,0.0,0.0,0.0,0.0,0.0,0.0,False,1.0,0,0,0,0.0,0.0,62.8354348271412,62.8354348271412,0.0,False,LT-D1,flat,flat,9.665723887588442,9.665723887588442,0.0,316121.4682626752,316121.4682626752,9.05,,0.0,0,4.814693903588424,"(20),(21) + BERC slab bill",MB-DHNC0317-2026-06-14
DHNC0318,Dhanmondi,2026-06-14,2026-07-13,30,35805.28612169057,344681.2313713647,35805.28612169057,344681.2313713647,0.0,0.0,0.0,0.0,0.0,0.0,False,1.0,0,0,0,0.0,0.0,61.25072959474063,61.25072959474063,0.0,False,LT-D1,flat,flat,9.626545929556457,9.626545929556457,0.0,324037.8394012997,324037.8394012997,9.05,,0.0,0,4.814693903588424,"(20),(21) + BERC slab bill",MB-DHNC0318-2026-06-14
DHNC0319,Dhanmondi,2026-06-14,2026-07-13,30,31078.639931126643,299356.775945531,31078.639931126643,299356.775945531,0.0,0.0,0.0,0.0,0.0,0.0,False,1.0,0,0,0,0.0,0.0,59.22581177766142,59.22581177766142,0.0,False,LT-D1,flat,flat,9.63223540698484,9.63223540698484,0.0,281261.6913766961,281261.6913766961,9.05,,0.0,0,4.814693903588424,"(20),(21) + BERC slab bill",MB-DHNC0319-2026-06-14
DHNC0320,Dhanmondi,2026-06-14,2026-07-13,30,32714.048027601504,315621.7413822833,32714.048027601504,315621.7413822833,0.0,0.0,0.0,0.0,0.0,0.0,False,1.0,0,0,0,0.0,0.0,57.41898017797092,57.41898017797092,0.0,False,LT-D1,flat,flat,9.647896252887652,9.647896252887652,0.0,296062.13464979373,296062.13464979373,9.05,,0.0,0,4.814693903588424,"(20),(21) + BERC slab bill",MB-DHNC0320-2026-06-14
DHNC0321,Dhanmondi,2026-06-14,2026-07-13,30,23503.83111336417,227314.15515474303,23503.83111336417,227314.15515474303,0.0,0.0,0.0,0.0,0.0,0.0,False,1.0,0,0,0,0.0,0.0,42.92341220103859,42.92341220103859,0.0,False,LT-D1,flat,flat,9.671366087441518,9.671366087441518,0.0,212709.67157594571,212709.67157594571,9.05,,0.0,0,4.814693903588424,"(20),(21) + BERC slab bill",MB-DHNC0321-2026-06-14
DHNC0322,Dhanmondi,2026-06-14,2026-07-13,30,44628.68300045216,429092.5602117967,44628.68300045216,429092.5602117967,0.0,0.0,0.0,0.0,0.0,0.0,False,1.0,0,0,0,0.0,0.0,73.99414263258036,73.99414263258036,0.0,False,LT-D1,flat,flat,9.61472603185376,9.61472603185376,0.0,403889.5811540921,403889.5811540921,9.05,,0.0,0,4.814693903588424,"(20),(21) + BERC slab bill",MB-DHNC0322-2026-06-14
DHNC0323,Dhanmondi,2026-06-14,2026-07-13,30,36191.961729358656,349143.11633323063,36191.961729358656,349143.11633323063,0.0,0.0,0.0,0.0,0.0,0.0,False,1.0,0,0,0,0.0,0.0,61.03258791983948,61.03258791983948,0.0,False,LT-D1,flat,flat,9.64697959574842,9.64697959574842,0.0,327537.2536506959,327537.2536506959,9.05,,0.0,0,4.814693903588424,"(20),(21) + BERC slab bill",MB-DHNC0323-2026-06-14
DHNC0324,Dhanmondi,2026-06-14,2026-07-13,30,25702.675711718843,247893.67595060836,25702.675711718843,247893.67595060836,0.0,0.0,0.0,0.0,0.0,0.0,False,1.0,0,0,0,0.0,0.0,47.65739670810146,47.65739670810146,0.0,False,LT-D1,flat,flat,9.644664187144688,9.644664187144688,0.0,232609.21519105555,232609.21519105555,9.05,,0.0,0,4.814693903588424,"(20),(21) + BERC slab bill",MB-DHNC0324-2026-06-14
DHNC0325,Dhanmondi,2026-06-14,2026-07-13,30,44400.20457823594,427645.944004687,44400.20457823594,427645.944004687,0.0,0.0,0.0,0.0,0.0,0.0,False,1.0,0,0,0,0.0,0.0,89.35465963110865,89.35465963110865,0.0,False,LT-D1,flat,flat,9.631621026681264,9.631621026681264,0.0,401821.8514330354,401821.8514330354,9.05,,0.0,0,4.814693903588424,"(20),(21) + BERC slab bill",MB-DHNC0325-2026-06-14
DHNC0326,Dhanmondi,2026-06-14,2026-07-13,30,34343.32673452184,330568.4622947938,34343.32673452184,330568.4622947938,0.0,0.0,0.0,0.0,0.0,0.0,False,1.0,0,0,0,0.0,0.0,57.6598209085352,57.6598209085352,0.0,False,LT-D1,flat,flat,9.625405973338834,9.625405973338834,0.0,310807.1069474225,310807.1069474225,9.05,,0.0,0,4.814693903588424,"(20),(21) + BERC slab bill",MB-DHNC0326-2026-06-14
DHNC0327,Dhanmondi,2026-06-14,2026-07-13,30,20902.025204677026,203503.99450744345,20902.025204677026,203503.99450744345,0.0,0.0,0.0,0.0,0.0,0.0,False,1.0,0,0,0,0.0,0.0,36.10631841621307,36.10631841621307,0.0,False,LT-D1,flat,flat,9.736089805398738,9.736089805398738,0.0,189163.32810232707,189163.32810232707,9.05,,0.0,0,4.814693903588424,"(20),(21) + BERC slab bill",MB-DHNC0327-2026-06-14
DHNC0328,Dhanmondi,2026-06-14,2026-07-13,30,32879.67445547996,317668.10651319835,32879.67445547996,317668.10651319835,0.0,0.0,0.0,0.0,0.0,0.0,False,1.0,0,0,0,0.0,0.0,63.79832527256518,63.79832527256518,0.0,False,LT-D1,flat,flat,9.661534421313394,9.661534421313394,0.0,297561.05382209364,297561.05382209364,9.05,,0.0,0,4.814693903588424,"(20),(21) + BERC slab bill",MB-DHNC0328-2026-06-14
DHNC0329,Dhanmondi,2026-06-14,2026-07-13,30,36583.6309907676,352896.4534897692,36583.6309907676,352896.4534897692,0.0,0.0,0.0,0.0,0.0,0.0,False,1.0,0,0,0,0.0,0.0,70.77440340792191,70.77440340792191,0.0,False,LT-D1,flat,flat,9.646293818643304,9.646293818643304,0.0,331081.8604664467,331081.8604664467,9.05,,0.0,0,4.814693903588424,"(20),(21) + BERC slab bill",MB-DHNC0329-2026-06-14
DHNC0330,Dhanmondi,2026-06-14,2026-07-13,30,32882.515612081705,317443.10460380645,32882.515612081705,317443.10460380645,0.0,0.0,0.0,0.0,0.0,0.0,False,1.0,0,0,0,0.0,0.0,62.96478424668328,62.96478424668328,0.0,False,LT-D1,flat,flat,9.65385703298112,9.65385703298112,0.0,297586.76628933946,297586.76628933946,9.05,,0.0,0,4.814693903588424,"(20),(21) + BERC slab bill",MB-DHNC0330-2026-06-14
DHNC0331,Dhanmondi,2026-06-14,2026-07-13,30,37704.14969422633,363071.6824693858,37704.14969422633,363071.6824693858,0.0,0.0,0.0,0.0,0.0,0.0,False,1.0,0,0,0,0.0,0.0,98.38232240238828,98.38232240238828,0.0,False,LT-D1,flat,flat,9.629488674690448,9.629488674690448,0.0,341222.5547327483,341222.5547327483,9.05,,0.0,0,4.814693903588424,"(20),(21) + BERC slab bill",MB-DHNC0331-2026-06-14
DHNC0332,Dhanmondi,2026-06-14,2026-07-13,30,45340.87717568275,436143.6853619254,45340.87717568275,436143.6853619254,0.0,0.0,0.0,0.0,0.0,0.0,False,1.0,0,0,0,0.0,0.0,79.32906463500024,79.32906463500024,0.0,False,LT-D1,flat,flat,9.619215871629372,9.619215871629372,0.0,410334.93843992887,410334.93843992887,9.05,,0.0,0,4.814693903588424,"(20),(21) + BERC slab bill",MB-DHNC0332-2026-06-14
DHNC0333,Dhanmondi,2026-06-14,2026-07-13,30,48420.4112855426,466005.4582408686,48420.4112855426,466005.4582408686,0.0,0.0,0.0,0.0,0.0,0.0,False,1.0,0,0,0,0.0,0.0,84.81196802998193,84.81196802998193,0.0,False,LT-D1,flat,flat,9.62415324175507,9.62415324175507,0.0,438204.7221341604,438204.7221341604,9.05,,0.0,0,4.814693903588424,"(20),(21) + BERC slab bill",MB-DHNC0333-2026-06-14
DHNC0334,Dhanmondi,2026-06-14,2026-07-13,30,32545.90423723108,313362.4550142883,32545.90423723108,313362.4550142883,0.0,0.0,0.0,0.0,0.0,0.0,False,1.0,0,0,0,0.0,0.0,63.065504871798666,63.065504871798666,0.0,False,LT-D1,flat,flat,9.628322283816454,9.628322283816454,0.0,294540.4333469412,294540.4333469412,9.05,,0.0,0,4.814693903588424,"(20),(21) + BERC slab bill",MB-DHNC0334-2026-06-14
DHNC0335,Dhanmondi,2026-06-14,2026-07-13,30,33582.30113948468,323903.8165779532,33582.30113948468,323903.8165779532,0.0,0.0,0.0,0.0,0.0,0.0,False,1.0,0,0,0,0.0,0.0,58.60052294440424,58.60052294440424,0.0,False,LT-D1,flat,flat,9.6450751016916,9.6450751016916,0.0,303919.8253123364,303919.8253123364,9.05,,0.0,0,4.814693903588424,"(20),(21) + BERC slab bill",MB-DHNC0335-2026-06-14
DHNC0336,Dhanmondi,2026-06-14,2026-07-13,30,24633.07162692216,237603.76313482775,24633.07162692216,237603.76313482775,0.0,0.0,0.0,0.0,0.0,0.0,False,1.0,0,0,0,0.0,0.0,40.13990591240052,40.13990591240052,0.0,False,LT-D1,flat,flat,9.64572208993799,9.64572208993799,0.0,222929.29822364557,222929.29822364557,9.05,,0.0,0,4.814693903588424,"(20),(21) + BERC slab bill",MB-DHNC0336-2026-06-14
DHNC0337,Dhanmondi,2026-06-14,2026-07-13,30,32233.54428016043,311244.7545222245,32233.54428016043,311244.7545222245,0.0,0.0,0.0,0.0,0.0,0.0,False,1.0,0,0,0,0.0,0.0,73.2114935327898,73.2114935327898,0.0,False,LT-D1,flat,flat,9.655927124147931,9.655927124147931,0.0,291713.57573545194,291713.57573545194,9.05,,0.0,0,4.814693903588424,"(20),(21) + BERC slab bill",MB-DHNC0337-2026-06-14
DHNC0338,Dhanmondi,2026-06-14,2026-07-13,30,14014.655501809944,136450.263905949,14014.655501809944,136450.263905949,0.0,0.0,0.0,0.0,0.0,0.0,False,1.0,0,0,0,0.0,0.0,29.30868733061821,29.30868733061821,0.0,False,LT-D1,flat,flat,9.73625529991279,9.73625529991279,0.0,126832.63229138002,126832.63229138002,9.05,,0.0,0,4.814693903588424,"(20),(21) + BERC slab bill",MB-DHNC0338-2026-06-14
DHNC0339,Dhanmondi,2026-06-14,2026-07-13,30,34086.91874877377,330872.4454102228,34086.91874877377,330872.4454102228,0.0,0.0,0.0,0.0,0.0,0.0,False,1.0,0,0,0,0.0,0.0,76.61542874292483,76.61542874292483,0.0,False,LT-D1,flat,flat,9.706727904883614,9.706727904883614,0.0,308486.6146764027,308486.6146764027,9.05,,0.0,0,4.814693903588424,"(20),(21) + BERC slab bill",MB-DHNC0339-2026-06-14
DHNC0340,Dhanmondi,2026-06-14,2026-07-13,30,35182.5093943934,340306.7955202233,35182.5093943934,340306.7955202233,0.0,0.0,0.0,0.0,0.0,0.0,False,1.0,0,0,0,0.0,0.0,73.78468798097153,73.78468798097153,0.0,False,LT-D1,flat,flat,9.672612936883173,9.672612936883173,0.0,318401.7100192602,318401.7100192602,9.05,,0.0,0,4.814693903588424,"(20),(21) + BERC slab bill",MB-DHNC0340-2026-06-14
DHNC0341,Dhanmondi,2026-06-14,2026-07-13,30,37660.78326602419,363762.0929853949,37660.78326602419,363762.0929853949,0.0,0.0,0.0,0.0,0.0,0.0,False,1.0,0,0,0,0.0,0.0,67.54073851483618,67.54073851483618,0.0,False,LT-D1,flat,flat,9.658909386347368,9.658909386347368,0.0,340830.08855751896,340830.08855751896,9.05,,0.0,0,4.814693903588424,"(20),(21) + BERC slab bill",MB-DHNC0341-2026-06-14
DHNC0342,Dhanmondi,2026-06-14,2026-07-13,30,34125.31506273374,330166.3063836273,34125.31506273374,330166.3063836273,0.0,0.0,0.0,0.0,0.0,0.0,False,1.0,0,0,0,0.0,0.0,66.60511832016661,66.60511832016661,0.0,False,LT-D1,flat,flat,9.67511379093999,9.67511379093999,0.0,308834.1013177403,308834.1013177403,9.05,,0.0,0,4.814693903588424,"(20),(21) + BERC slab bill",MB-DHNC0342-2026-06-14
DHNC0343,Dhanmondi,2026-06-14,2026-07-13,30,27867.678844733324,269002.1182220784,27867.678844733324,269002.1182220784,0.0,0.0,0.0,0.0,0.0,0.0,False,1.0,0,0,0,0.0,0.0,44.95684013797295,44.95684013797295,0.0,False,LT-D1,flat,flat,9.652835448579772,9.652835448579772,0.0,252202.49354483667,252202.49354483667,9.05,,0.0,0,4.814693903588424,"(20),(21) + BERC slab bill",MB-DHNC0343-2026-06-14
DHNC0344,Dhanmondi,2026-06-14,2026-07-13,30,30384.15521373263,293859.9349184943,30384.15521373263,293859.9349184943,0.0,0.0,0.0,0.0,0.0,0.0,False,1.0,0,0,0,0.0,0.0,49.66386734733176,49.66386734733176,0.0,False,LT-D1,flat,flat,9.671486103575438,9.671486103575438,0.0,274976.6046842804,274976.6046842804,9.05,,0.0,0,4.814693903588424,"(20),(21) + BERC slab bill",MB-DHNC0344-2026-06-14
DHNC0345,Dhanmondi,2026-06-14,2026-07-13,30,3465.141977074819,33664.611637153466,3465.141977074819,33664.611637153466,0.0,0.0,0.0,0.0,0.0,0.0,False,1.0,0,0,0,0.0,0.0,11.623962110814045,11.623962110814045,0.0,False,LT-D1,flat,flat,9.715218556664231,9.715218556664231,0.0,31359.534892527117,31359.534892527117,9.05,,0.0,0,32.739518771825146,"(20),(21) + BERC slab bill",MB-DHNC0345-2026-06-14
DHNC0346,Dhanmondi,2026-06-14,2026-07-13,30,5822.333377870826,56580.42292321753,5822.333377870826,56580.42292321753,0.0,0.0,0.0,0.0,0.0,0.0,False,1.0,0,0,0,0.0,0.0,21.772634044283723,21.772634044283723,0.0,False,LT-D1,flat,flat,9.717826041749,9.717826041749,0.0,52692.11706973097,52692.11706973097,9.05,,0.0,0,32.739518771825146,"(20),(21) + BERC slab bill",MB-DHNC0346-2026-06-14
DHNC0347,Dhanmondi,2026-06-14,2026-07-13,30,6933.509268942299,67366.1718281242,6933.509268942299,67366.1718281242,0.0,0.0,0.0,0.0,0.0,0.0,False,1.0,0,0,0,0.0,0.0,25.0787745296523,25.0787745296523,0.0,False,LT-D1,flat,flat,9.716028235497095,9.716028235497095,0.0,62748.25888392781,62748.25888392781,9.05,,0.0,0,32.739518771825146,"(20),(21) + BERC slab bill",MB-DHNC0347-2026-06-14
DHNC0348,Dhanmondi,2026-06-14,2026-07-13,30,6852.837076818185,66920.8843224648,6852.837076818185,66920.8843224648,0.0,0.0,0.0,0.0,0.0,0.0,False,1.0,0,0,0,0.0,0.0,30.066614805234245,30.066614805234245,0.0,False,LT-D1,flat,flat,9.765427599153806,9.765427599153806,0.0,62018.17554520457,62018.17554520457,9.05,,0.0,0,32.739518771825146,"(20),(21) + BERC slab bill",MB-DHNC0348-2026-06-14
DHNC0349,Dhanmondi,2026-06-14,2026-07-13,30,2353.050280657641,22970.960291949235,2353.050280657641,22970.960291949235,0.0,0.0,0.0,0.0,0.0,0.0,False,1.0,0,0,0,0.0,0.0,8.230918575985537,8.230918575985537,0.0,False,LT-D1,flat,flat,9.762205457645049,9.762205457645049,0.0,21295.10503995165,21295.10503995165,9.05,,0.0,0,32.739518771825146,"(20),(21) + BERC slab bill",MB-DHNC0349-2026-06-14
DHNC0350,Dhanmondi,2026-06-14,2026-07-13,30,2686.0644939748354,26154.32785399588,2686.0644939748354,26154.32785399588,0.0,0.0,0.0,0.0,0.0,0.0,False,1.0,0,0,0,0.0,0.0,8.369988942306064,8.369988942306064,0.0,False,LT-D1,flat,flat,9.737043884338284,9.737043884338284,0.0,24308.883670472267,24308.883670472267,9.05,,0.0,0,32.739518771825146,"(20),(21) + BERC slab bill",MB-DHNC0350-2026-06-14
DHNC0351,Dhanmondi,2026-06-14,2026-07-13,30,1264.4165079005809,12424.617866325269,1264.4165079005809,12424.617866325269,0.0,0.0,0.0,0.0,0.0,0.0,False,1.0,0,0,0,0.0,0.0,5.737322915864963,5.737322915864963,0.0,False,LT-D1,flat,flat,9.826364800436629,9.826364800436629,0.0,11442.969396500255,11442.969396500255,9.05,,0.0,0,32.739518771825146,"(20),(21) + BERC slab bill",MB-DHNC0351-2026-06-14
DHNC0352,Dhanmondi,2026-06-14,2026-07-13,30,8014.528725341744,78029.15921255993,8014.528725341744,78029.15921255993,0.0,0.0,0.0,0.0,0.0,0.0,False,1.0,0,0,0,0.0,0.0,33.23012549583768,33.23012549583768,0.0,False,LT-D1,flat,flat,9.735963509099872,9.735963509099872,0.0,72531.48496434277,72531.48496434277,9.05,,0.0,0,32.739518771825146,"(20),(21) + BERC slab bill",MB-DHNC0352-2026-06-14
DHNC0353,Dhanmondi,2026-06-14,2026-07-13,30,2643.32670160035,25678.91198195733,2643.32670160035,25678.91198195733,0.0,0.0,0.0,0.0,0.0,0.0,False,1.0,0,0,0,0.0,0.0,8.96741344011169,8.96741344011169,0.0,False,LT-D1,flat,flat,9.714619069375926,9.714619069375926,0.0,23922.10664948317,23922.10664948317,9.05,,0.0,0,32.739518771825146,"(20),(21) + BERC slab bill",MB-DHNC0353-2026-06-14
DHNC0354,Dhanmondi,2026-06-14,2026-07-13,30,7609.519105531896,73846.65530031684,7609.519105531896,73846.65530031684,0.0,0.0,0.0,0.0,0.0,0.0,False,1.0,0,0,0,0.0,0.0,26.9157728259069,26.9157728259069,0.0,False,LT-D1,flat,flat,9.704510137392584,9.704510137392584,0.0,68866.14790506366,68866.14790506366,9.05,,0.0,0,32.739518771825146,"(20),(21) + BERC slab bill",MB-DHNC0354-2026-06-14
DHNC0355,Dhanmondi,2026-06-14,2026-07-13,30,1748.0666044766858,17001.602909039706,1748.0666044766858,17001.602909039706,0.0,0.0,0.0,0.0,0.0,0.0,False,1.0,0,0,0,0.0,0.0,5.3537754146042,5.3537754146042,0.0,False,LT-D1,flat,flat,9.72594686352322,9.72594686352322,0.0,15820.002770514013,15820.002770514013,9.05,,0.0,0,32.739518771825146,"(20),(21) + BERC slab bill",MB-DHNC0355-2026-06-14
DHNC0356,Dhanmondi,2026-06-14,2026-07-13,30,4285.958325242063,42579.5189856127,4285.958325242063,42579.5189856127,0.0,0.0,0.0,0.0,0.0,0.0,False,1.0,0,0,0,0.0,0.0,29.73812416400169,29.73812416400169,0.0,False,LT-D1,flat,flat,9.934655391967183,9.934655391967183,0.0,38787.92284344067,38787.92284344067,9.05,,0.0,0,32.739518771825146,"(20),(21) + BERC slab bill",MB-DHNC0356-2026-06-14
DHNC0357,Dhanmondi,2026-06-14,2026-07-13,30,1515.836992769311,14838.94102379038,1515.836992769311,14838.94102379038,0.0,0.0,0.0,0.0,0.0,0.0,False,1.0,0,0,0,0.0,0.0,7.104431945232094,7.104431945232094,0.0,False,LT-D1,flat,flat,9.789272259862743,9.789272259862743,0.0,13718.324784562268,13718.324784562268,9.05,,0.0,0,32.739518771825146,"(20),(21) + BERC slab bill",MB-DHNC0357-2026-06-14
DHNC0358,Dhanmondi,2026-06-14,2026-07-13,30,7041.636469805724,68513.35055432889,7041.636469805724,68513.35055432889,0.0,0.0,0.0,0.0,0.0,0.0,False,1.0,0,0,0,0.0,0.0,24.81956938853613,24.81956938853613,0.0,False,LT-D1,flat,flat,9.72974831178968,9.72974831178968,0.0,63726.81005174182,63726.81005174182,9.05,,0.0,0,32.739518771825146,"(20),(21) + BERC slab bill",MB-DHNC0358-2026-06-14
DHNC0359,Dhanmondi,2026-06-14,2026-07-13,30,9189.61475623746,89195.41422114648,9189.61475623746,89195.41422114648,0.0,0.0,0.0,0.0,0.0,0.0,False,1.0,0,0,0,0.0,0.0,29.02856706936289,29.02856706936289,0.0,False,LT-D1,flat,flat,9.70611027634265,9.70611027634265,0.0,83166.01354394901,83166.01354394901,9.05,,0.0,0,32.739518771825146,"(20),(21) + BERC slab bill",MB-DHNC0359-2026-06-14
DHNC0360,Dhanmondi,2026-06-14,2026-07-13,30,1576.4145784897685,15446.079532099026,1576.4145784897685,15446.079532099026,0.0,0.0,0.0,0.0,0.0,0.0,False,1.0,0,0,0,0.0,0.0,6.512676588128933,6.512676588128933,0.0,False,LT-D1,flat,flat,9.798234387616883,9.798234387616883,0.0,14266.551935332409,14266.551935332409,9.05,,0.0,0,32.739518771825146,"(20),(21) + BERC slab bill",MB-DHNC0360-2026-06-14
DHNC0361,Dhanmondi,2026-06-14,2026-07-13,30,5025.852178478843,49648.1603259952,5025.852178478843,49648.1603259952,0.0,0.0,0.0,0.0,0.0,0.0,False,1.0,0,0,0,0.0,0.0,36.90535748207996,36.90535748207996,0.0,False,LT-D1,flat,flat,9.878555628554526,9.878555628554526,0.0,45483.96221523354,45483.96221523354,9.05,,0.0,0,32.739518771825146,"(20),(21) + BERC slab bill",MB-DHNC0361-2026-06-14
DHNC0362,Dhanmondi,2026-06-14,2026-07-13,30,3447.5544090048816,33465.985771568885,3447.5544090048816,33465.985771568885,0.0,0.0,0.0,0.0,0.0,0.0,False,1.0,0,0,0,0.0,0.0,9.649722547098584,9.649722547098584,0.0,False,LT-D1,flat,flat,9.707166820676418,9.707166820676418,0.0,31200.36740149417,31200.36740149417,9.05,,0.0,0,32.739518771825146,"(20),(21) + BERC slab bill",MB-DHNC0362-2026-06-14
DHNC0363,Dhanmondi,2026-06-14,2026-07-13,30,5422.848149486044,52885.11454049114,5422.848149486044,52885.11454049114,0.0,0.0,0.0,0.0,0.0,0.0,False,1.0,0,0,0,0.0,0.0,23.367866100135583,23.367866100135583,0.0,False,LT-D1,flat,flat,9.752276494318467,9.752276494318467,0.0,49076.7757528487,49076.7757528487,9.05,,0.0,0,32.739518771825146,"(20),(21) + BERC slab bill",MB-DHNC0363-2026-06-14
DHNC0364,Dhanmondi,2026-06-14,2026-07-13,30,10222.138061035404,99252.66692498894,10222.138061035404,99252.66692498894,0.0,0.0,0.0,0.0,0.0,0.0,False,1.0,0,0,0,0.0,0.0,29.908354946726693,29.908354946726693,0.0,False,LT-D1,flat,flat,9.70957996579197,9.70957996579197,0.0,92510.3494523704,92510.3494523704,9.05,,0.0,0,32.739518771825146,"(20),(21) + BERC slab bill",MB-DHNC0364-2026-06-14
DHNC0365,Dhanmondi,2026-06-14,2026-07-13,30,1753.8644879585272,17233.097296825905,1753.8644879585272,17233.097296825905,0.0,0.0,0.0,0.0,0.0,0.0,False,1.0,0,0,0,0.0,0.0,5.981002026217684,5.981002026217684,0.0,False,LT-D1,flat,flat,9.825786094161115,9.825786094161115,0.0,15872.473616024678,15872.473616024678,9.05,,0.0,0,32.739518771825146,"(20),(21) + BERC slab bill",MB-DHNC0365-2026-06-14
DHNC0366,Dhanmondi,2026-06-14,2026-07-13,30,2858.1145146683666,27669.53317563616,2858.1145146683666,27669.53317563616,0.0,0.0,0.0,0.0,0.0,0.0,False,1.0,0,0,0,0.0,0.0,9.662886921311731,9.662886921311731,0.0,False,LT-D1,flat,flat,9.68104428063713,9.68104428063713,0.0,25865.93635774872,25865.93635774872,9.05,,0.0,0,32.739518771825146,"(20),(21) + BERC slab bill",MB-DHNC0366-2026-06-14
DHNC0367,Dhanmondi,2026-06-14,2026-07-13,30,5809.848488642301,56461.78526332347,5809.848488642301,56461.78526332347,0.0,0.0,0.0,0.0,0.0,0.0,False,1.0,0,0,0,0.0,0.0,17.960879751142343,17.960879751142343,0.0,False,LT-D1,flat,flat,9.718288759801718,9.718288759801718,0.0,52579.12882221282,52579.12882221282,9.05,,0.0,0,32.739518771825146,"(20),(21) + BERC slab bill",MB-DHNC0367-2026-06-14
DHNC0368,Dhanmondi,2026-06-14,2026-07-13,30,10160.79564883413,98247.66065304632,10160.79564883413,98247.66065304632,0.0,0.0,0.0,0.0,0.0,0.0,False,1.0,0,0,0,0.0,0.0,29.38292027922605,29.38292027922605,0.0,False,LT-D1,flat,flat,9.669288119608966,9.669288119608966,0.0,91955.20062194893,91955.20062194893,9.05,,0.0,0,32.739518771825146,"(20),(21) + BERC slab bill",MB-DHNC0368-2026-06-14
DHNC0369,Dhanmondi,2026-06-14,2026-07-13,30,7583.863356457181,73571.36154473438,7583.863356457181,73571.36154473438,0.0,0.0,0.0,0.0,0.0,0.0,False,1.0,0,0,0,0.0,0.0,26.02636350747746,26.02636350747746,0.0,False,LT-D1,flat,flat,9.70103996956815,9.70103996956815,0.0,68633.96337593748,68633.96337593748,9.05,,0.0,0,32.739518771825146,"(20),(21) + BERC slab bill",MB-DHNC0369-2026-06-14
DHNC0370,Dhanmondi,2026-06-14,2026-07-13,30,1882.5041430744648,18297.995619565107,1882.5041430744648,18297.995619565107,0.0,0.0,0.0,0.0,0.0,0.0,False,1.0,0,0,0,0.0,0.0,5.738412217474011,5.738412217474011,0.0,False,LT-D1,flat,flat,9.72002940173147,9.72002940173147,0.0,17036.66249482391,17036.66249482391,9.05,,0.0,0,32.739518771825146,"(20),(21) + BERC slab bill",MB-DHNC0370-2026-06-14
DHNC0371,Dhanmondi,2026-06-14,2026-07-13,30,2129.9438088217307,20901.291043328496,2129.9438088217307,20901.291043328496,0.0,0.0,0.0,0.0,0.0,0.0,False,1.0,0,0,0,0.0,0.0,7.376294159225337,7.376294159225337,0.0,False,LT-D1,flat,flat,9.813071573419084,9.813071573419084,0.0,19275.99146983667,19275.99146983667,9.05,,0.0,0,32.739518771825146,"(20),(21) + BERC slab bill",MB-DHNC0371-2026-06-14
DHNC0372,Dhanmondi,2026-06-14,2026-07-13,30,7729.641010084132,75082.61369832447,7729.641010084132,75082.61369832447,0.0,0.0,0.0,0.0,0.0,0.0,False,1.0,0,0,0,0.0,0.0,22.650004438587207,22.650004438587207,0.0,False,LT-D1,flat,flat,9.71359647884957,9.71359647884957,0.0,69953.25114126143,69953.25114126143,9.05,,0.0,0,32.739518771825146,"(20),(21) + BERC slab bill",MB-DHNC0372-2026-06-14
DHNC0373,Dhanmondi,2026-06-14,2026-07-13,30,9005.656627407636,87869.45210194107,9005.656627407636,87869.45210194107,0.0,0.0,0.0,0.0,0.0,0.0,False,1.0,0,0,0,0.0,0.0,35.34619233637836,35.34619233637836,0.0,False,LT-D1,flat,flat,9.757139955183384,9.757139955183384,0.0,81501.19247803908,81501.19247803908,9.05,,0.0,0,32.739518771825146,"(20),(21) + BERC slab bill",MB-DHNC0373-2026-06-14
DHNC0374,Dhanmondi,2026-06-14,2026-07-13,30,3260.0825388039098,31734.934324984155,3260.0825388039098,31734.934324984155,0.0,0.0,0.0,0.0,0.0,0.0,False,1.0,0,0,0,0.0,0.0,11.647484520284689,11.647484520284689,0.0,False,LT-D1,flat,flat,9.734395969197568,9.734395969197568,0.0,29503.746976175385,29503.746976175385,9.05,,0.0,0,32.739518771825146,"(20),(21) + BERC slab bill",MB-DHNC0374-2026-06-14
DHNC0375,Dhanmondi,2026-06-14,2026-07-13,30,1703.519706480597,16798.796010831877,1703.519706480597,16798.796010831877,0.0,0.0,0.0,0.0,0.0,0.0,False,1.0,0,0,0,0.0,0.0,7.486729221908376,7.486729221908376,0.0,False,LT-D1,flat,flat,9.861227872460312,9.861227872460312,0.0,15416.853343649404,15416.853343649404,9.05,,0.0,0,32.739518771825146,"(20),(21) + BERC slab bill",MB-DHNC0375-2026-06-14
DHNC0376,Dhanmondi,2026-06-14,2026-07-13,30,9235.023019568323,89280.40624344801,9235.023019568323,89280.40624344801,0.0,0.0,0.0,0.0,0.0,0.0,False,1.0,0,0,0,0.0,0.0,28.382216382006675,28.382216382006675,0.0,False,LT-D1,flat,flat,9.667588922547296,9.667588922547296,0.0,83576.95832709334,83576.95832709334,9.05,,0.0,0,32.739518771825146,"(20),(21) + BERC slab bill",MB-DHNC0376-2026-06-14
DHNC0377,Dhanmondi,2026-06-14,2026-07-13,30,2103.876926811757,20571.690497028725,2103.876926811757,20571.690497028725,0.0,0.0,0.0,0.0,0.0,0.0,False,1.0,0,0,0,0.0,0.0,9.930490233753652,9.930490233753652,0.0,False,LT-D1,flat,flat,9.777991400002346,9.777991400002346,0.0,19040.086187646404,19040.086187646404,9.05,,0.0,0,32.739518771825146,"(20),(21) + BERC slab bill",MB-DHNC0377-2026-06-14
DHNC0378,Dhanmondi,2026-06-14,2026-07-13,30,2786.235902721733,27383.406665613275,2786.235902721733,27383.406665613275,0.0,0.0,0.0,0.0,0.0,0.0,False,1.0,0,0,0,0.0,0.0,11.696037480027536,11.696037480027536,0.0,False,LT-D1,flat,flat,9.828100570688866,9.828100570688866,0.0,25215.434919631705,25215.434919631705,9.05,,0.0,0,32.739518771825146,"(20),(21) + BERC slab bill",MB-DHNC0378-2026-06-14
DHNC0379,Dhanmondi,2026-06-14,2026-07-13,30,1669.6811061887215,16433.14471155833,1669.6811061887215,16433.14471155833,0.0,0.0,0.0,0.0,0.0,0.0,False,1.0,0,0,0,0.0,0.0,5.703121173397317,5.703121173397317,0.0,False,LT-D1,flat,flat,9.842085803479716,9.842085803479716,0.0,15110.614011007934,15110.614011007934,9.05,,0.0,0,32.739518771825146,"(20),(21) + BERC slab bill",MB-DHNC0379-2026-06-14
DHNC0380,Dhanmondi,2026-06-14,2026-07-13,30,6689.94462675858,64894.19881577341,6689.94462675858,64894.19881577341,0.0,0.0,0.0,0.0,0.0,0.0,False,1.0,0,0,0,0.0,0.0,23.39495468200668,23.39495468200668,0.0,False,LT-D1,flat,flat,9.70025948439218,9.70025948439218,0.0,60543.99887216517,60543.99887216517,9.05,,0.0,0,32.739518771825146,"(20),(21) + BERC slab bill",MB-DHNC0380-2026-06-14
DHNC0381,Dhanmondi,2026-06-14,2026-07-13,30,2771.988814367883,46114.685598125216,2771.988814367883,46114.685598125216,0.0,0.0,0.0,0.0,0.0,0.0,False,1.0,0,0,0,0.0,0.0,14.638804442456838,14.638804442456838,0.0,False,LT-E,flat,flat,16.635956595171574,16.635956595171574,0.0,41315.91580229897,41315.91580229897,15.36,,0.0,0,40.10834784300581,"(20),(21) + BERC slab bill",MB-DHNC0381-2026-06-14
DHNC0382,Dhanmondi,2026-06-14,2026-07-13,30,4194.159562054971,69079.80541682255,4194.159562054971,69079.80541682255,0.0,0.0,0.0,0.0,0.0,0.0,False,1.0,0,0,0,0.0,0.0,13.674971257670553,13.674971257670553,0.0,False,LT-E,flat,flat,16.470476240769486,16.470476240769486,0.0,61356.91262499324,61356.91262499324,15.36,,0.0,0,40.10834784300581,"(20),(21) + BERC slab bill",MB-DHNC0382-2026-06-14
DHNC0383,Dhanmondi,2026-06-14,2026-07-13,30,4730.693519114761,77733.02507628287,4730.693519114761,77733.02507628287,0.0,0.0,0.0,0.0,0.0,0.0,False,1.0,0,0,0,0.0,0.0,17.116547947271194,17.116547947271194,0.0,False,LT-E,flat,flat,16.431634127680457,16.431634127680457,0.0,69628.91792316237,69628.91792316237,15.36,,0.0,0,40.10834784300581,"(20),(21) + BERC slab bill",MB-DHNC0383-2026-06-14
DHNC0384,Dhanmondi,2026-06-14,2026-07-13,30,3456.002911684309,56749.56495964453,3456.002911684309,56749.56495964453,0.0,0.0,0.0,0.0,0.0,0.0,False,1.0,0,0,0,0.0,0.0,10.168609401004325,10.168609401004325,0.0,False,LT-E,flat,flat,16.420577878502773,16.420577878502773,0.0,50615.12532497298,50615.12532497298,15.36,,0.0,0,40.10834784300581,"(20),(21) + BERC slab bill",MB-DHNC0384-2026-06-14
DHNC0385,Dhanmondi,2026-06-14,2026-07-13,30,3732.092967129338,61400.79537386196,3732.092967129338,61400.79537386196,0.0,0.0,0.0,0.0,0.0,0.0,False,1.0,0,0,0,0.0,0.0,12.843783979531125,12.843783979531125,0.0,False,LT-E,flat,flat,16.45210768184331,16.45210768184331,0.0,54801.5858492495,54801.5858492495,15.36,,0.0,0,40.10834784300581,"(20),(21) + BERC slab bill",MB-DHNC0385-2026-06-14
DHNC0386,Dhanmondi,2026-06-14,2026-07-13,30,5013.957003097361,82726.74854595424,5013.957003097361,82726.74854595424,0.0,0.0,0.0,0.0,0.0,0.0,False,1.0,0,0,0,0.0,0.0,18.149343254650304,18.149343254650304,0.0,False,LT-E,flat,flat,16.499293570896196,16.499293570896196,0.0,72305.02586775293,72305.02586775293,15.36,,0.0,0,40.10834784300581,"(20),(21) + BERC slab bill",MB-DHNC0386-2026-06-14
DHNC0387,Dhanmondi,2026-06-14,2026-07-13,30,1402.4940234925111,23091.92361088722,1402.4940234925111,23091.92361088722,0.0,0.0,0.0,0.0,0.0,0.0,False,1.0,0,0,0,0.0,0.0,3.89759917056872,3.89759917056872,0.0,False,LT-E,flat,flat,16.464899831361404,16.464899831361404,0.0,21038.986313340098,21038.986313340098,15.36,,0.0,0,40.10834784300581,"(20),(21) + BERC slab bill",MB-DHNC0387-2026-06-14
DHNC0388,Dhanmondi,2026-06-14,2026-07-13,30,2990.7014155456927,49538.13242992093,2990.7014155456927,49538.13242992093,0.0,0.0,0.0,0.0,0.0,0.0,False,1.0,0,0,0,0.0,0.0,12.938462554355365,12.938462554355365,0.0,False,LT-E,flat,flat,16.56405155406731,16.56405155406731,0.0,44506.54830680077,44506.54830680077,15.36,,0.0,0,40.10834784300581,"(20),(21) + BERC slab bill",MB-DHNC0388-2026-06-14
DHNC0389,Dhanmondi,2026-06-14,2026-07-13,30,4849.479917936167,79762.2121164745,4849.479917936167,79762.2121164745,0.0,0.0,0.0,0.0,0.0,0.0,False,1.0,0,0,0,0.0,0.0,19.90454910118804,19.90454910118804,0.0,False,LT-E,flat,flat,16.447580661478348,16.447580661478348,0.0,70762.56072902579,70762.56072902579,15.36,,0.0,0,40.10834784300581,"(20),(21) + BERC slab bill",MB-DHNC0389-2026-06-14
DHNC0390,Dhanmondi,2026-06-14,2026-07-13,30,5941.784003919296,97690.7424152104,5941.784003919296,97690.7424152104,0.0,0.0,0.0,0.0,0.0,0.0,False,1.0,0,0,0,0.0,0.0,18.883764147600143,18.883764147600143,0.0,False,LT-E,flat,flat,16.441314990711884,16.441314990711884,0.0,87715.18443315054,87715.18443315054,15.36,,0.0,0,40.10834784300581,"(20),(21) + BERC slab bill",MB-DHNC0390-2026-06-14
DHNC0391,Dhanmondi,2026-06-14,2026-07-13,30,6558.624063726129,107639.138899775,6558.624063726129,107639.138899775,0.0,0.0,0.0,0.0,0.0,0.0,False,1.0,0,0,0,0.0,0.0,22.81994789455659,22.81994789455659,0.0,False,LT-E,flat,flat,16.411847645773182,16.411847645773182,0.0,96822.85950861344,96822.85950861344,15.36,,0.0,0,40.10834784300581,"(20),(21) + BERC slab bill",MB-DHNC0391-2026-06-14
DHNC0392,Dhanmondi,2026-06-14,2026-07-13,30,5771.503566372906,94727.10951846222,5771.503566372906,94727.10951846222,0.0,0.0,0.0,0.0,0.0,0.0,False,1.0,0,0,0,0.0,0.0,18.968065198698238,18.968065198698238,0.0,False,LT-E,flat,flat,16.41289976330957,16.41289976330957,0.0,85801.2427981819,85801.2427981819,15.36,,0.0,0,40.10834784300581,"(20),(21) + BERC slab bill",MB-DHNC0392-2026-06-14
DHNC0393,Dhanmondi,2026-06-14,2026-07-13,30,3647.552886460389,59838.88295283315,3647.552886460389,59838.88295283315,0.0,0.0,0.0,0.0,0.0,0.0,False,1.0,0,0,0,0.0,0.0,10.52104042835738,10.52104042835738,0.0,False,LT-E,flat,flat,16.40521325268603,16.40521325268603,0.0,53744.0957220855,53744.0957220855,15.36,,0.0,0,40.10834784300581,"(20),(21) + BERC slab bill",MB-DHNC0393-2026-06-14
DHNC0394,Dhanmondi,2026-06-14,2026-07-13,30,1993.519026030114,33087.02485181368,1993.519026030114,33087.02485181368,0.0,0.0,0.0,0.0,0.0,0.0,False,1.0,0,0,0,0.0,0.0,7.834373360124957,7.834373360124957,0.0,False,LT-E,flat,flat,16.597295746759464,16.597295746759464,0.0,28875.39207981945,28875.39207981945,15.36,,0.0,0,40.10834784300581,"(20),(21) + BERC slab bill",MB-DHNC0394-2026-06-14
DHNC0395,Dhanmondi,2026-06-14,2026-07-13,30,3421.673257501811,56630.596296989206,3421.673257501811,56630.596296989206,0.0,0.0,0.0,0.0,0.0,0.0,False,1.0,0,0,0,0.0,0.0,12.47458441809272,12.47458441809272,0.0,False,LT-E,flat,flat,16.550556419386353,16.550556419386353,0.0,49782.79300763385,49782.79300763385,15.36,,0.0,0,40.10834784300581,"(20),(21) + BERC slab bill",MB-DHNC0395-2026-06-14
DHNC0396,Dhanmondi,2026-06-14,2026-07-13,30,5298.224887221339,87226.37098110575,5298.224887221339,87226.37098110575,0.0,0.0,0.0,0.0,0.0,0.0,False,1.0,0,0,0,0.0,0.0,20.674075309702765,20.674075309702765,0.0,False,LT-E,flat,flat,16.463319854822497,16.463319854822497,0.0,78374.22099913209,78374.22099913209,15.36,,0.0,0,40.10834784300581,"(20),(21) + BERC slab bill",MB-DHNC0396-2026-06-14
DHNC0397,Dhanmondi,2026-06-14,2026-07-13,30,1555.65682572885,25647.18328535489,1555.65682572885,25647.18328535489,0.0,0.0,0.0,0.0,0.0,0.0,False,1.0,0,0,0,0.0,0.0,5.119509490769415,5.119509490769415,0.0,False,LT-E,flat,flat,16.48640166724353,16.48640166724353,0.0,23119.14243846683,23119.14243846683,15.36,,0.0,0,40.10834784300581,"(20),(21) + BERC slab bill",MB-DHNC0397-2026-06-14
DHNC0398,Dhanmondi,2026-06-14,2026-07-13,30,4047.264311228186,66805.1788114882,4047.264311228186,66805.1788114882,0.0,0.0,0.0,0.0,0.0,0.0,False,1.0,0,0,0,0.0,0.0,18.43544317170496,18.43544317170496,0.0,False,LT-E,flat,flat,16.506255503539236,16.506255503539236,0.0,58592.83170366455,58592.83170366455,15.36,,0.0,0,40.10834784300581,"(20),(21) + BERC slab bill",MB-DHNC0398-2026-06-14
DHNC0399,Dhanmondi,2026-06-14,2026-07-13,30,3631.482811234373,59693.10477958797,3631.482811234373,59693.10477958797,0.0,0.0,0.0,0.0,0.0,0.0,False,1.0,0,0,0,0.0,0.0,10.937568201404526,10.937568201404526,0.0,False,LT-E,flat,flat,16.43766689323741,16.43766689323741,0.0,53467.7086122383,53467.7086122383,15.36,,0.0,0,40.10834784300581,"(20),(21) + BERC slab bill",MB-DHNC0399-2026-06-14
DHNC0400,Dhanmondi,2026-06-14,2026-07-13,30,3973.131432307371,65722.96374025328,3973.131432307371,65722.96374025328,0.0,0.0,0.0,0.0,0.0,0.0,False,1.0,0,0,0,0.0,0.0,17.748545251248505,17.748545251248505,0.0,False,LT-E,flat,flat,16.54185492224834,16.54185492224834,0.0,58010.74012064277,58010.74012064277,15.36,,0.0,0,40.10834784300581,"(20),(21) + BERC slab bill",MB-DHNC0400-2026-06-14
KLNC0001,Kalyanpur,2026-06-14,2026-07-13,30,194.06846911678332,1678.3579968672911,194.06846911678332,1678.3579968672911,0.0,0.0,0.0,0.0,0.0,0.0,False,1.0,0,0,0,0.0,0.0,0.731272626339894,0.731272626339894,0.0,False,LT-A,76-200,76-200,8.648277613079518,8.648277613079518,0.0,1649.581987492659,1649.581987492659,8.5,upper-middle,167586.8164301546,6,795.3408386808318,"(20),(21) + BERC slab bill",MB-KLNC0001-2026-06-14
KLNC0002,Kalyanpur,2026-06-14,2026-07-13,30,147.00148496907693,1223.6666633490115,147.00148496907693,1223.6666633490115,0.0,0.0,0.0,0.0,0.0,0.0,False,1.0,0,0,0,0.0,0.0,0.7586383038988945,0.7586383038988945,0.0,False,LT-A,76-200,76-200,8.324178926535474,8.324178926535474,0.0,1249.512622237154,1249.512622237154,8.5,middle,57637.972393621305,5,795.3408386808318,"(20),(21) + BERC slab bill",MB-KLNC0002-2026-06-14
KLNC0003,Kalyanpur,2026-06-14,2026-07-13,30,147.3833782378852,1280.2199707731254,147.3833782378852,1280.2199707731254,0.0,0.0,0.0,0.0,0.0,0.0,False,1.0,0,0,0,0.0,0.0,0.8450251098223547,0.8450251098223547,0.0,False,LT-A,76-200,76-200,8.686325324330516,8.686325324330516,0.0,1252.7587150220245,1252.7587150220245,8.5,middle,46376.03718881258,4,795.3408386808318,"(20),(21) + BERC slab bill",MB-KLNC0003-2026-06-14
KLNC0004,Kalyanpur,2026-06-14,2026-07-13,30,218.2714637512353,1910.524476143053,218.2714637512353,1910.524476143053,0.0,0.0,0.0,0.0,0.0,0.0,False,1.0,0,0,0,0.0,0.0,0.9288235027459004,0.9288235027459004,0.0,False,LT-A,201-300,201-300,8.752974132800448,8.752974132800448,0.0,1986.2703201362413,1986.2703201362413,9.1,middle,38813.17651432089,4,795.3408386808318,"(20),(21) + BERC slab bill",MB-KLNC0004-2026-06-14
KLNC0005,Kalyanpur,2026-06-14,2026-07-13,30,158.80991321724065,1320.6911154638726,158.80991321724065,1320.6911154638726,0.0,0.0,0.0,0.0,0.0,0.0,False,1.0,0,0,0,0.0,0.0,1.1944969795852936,1.1944969795852936,0.0,False,LT-A,76-200,76-200,8.316175537841024,8.316175537841024,0.0,1349.8842623465457,1349.8842623465457,8.5,middle,51469.20792514579,4,795.3408386808318,"(20),(21) + BERC slab bill",MB-KLNC0005-2026-06-14
KLNC0006,Kalyanpur,2026-06-14,2026-07-13,30,157.04912212149483,1299.2033649343414,157.04912212149483,1299.2033649343414,0.0,0.0,0.0,0.0,0.0,0.0,False,1.0,0,0,0,0.0,0.0,0.8323639610851843,0.8323639610851843,0.0,False,LT-A,76-200,76-200,8.272592341708629,8.272592341708629,0.0,1334.9175380327054,1334.9175380327054,8.5,lower-middle,13415.181293881897,3,795.3408386808318,"(20),(21) + BERC slab bill",MB-KLNC0006-2026-06-14
KLNC0007,Kalyanpur,2026-06-14,2026-07-13,30,308.3332329805976,2794.784896337016,308.3332329805976,2794.784896337016,0.0,0.0,0.0,0.0,0.0,0.0,False,1.0,0,0,0,0.0,0.0,1.5442357928271422,1.5442357928271422,0.0,False,LT-A,301-400,301-400,9.064170181463648,9.064170181463648,0.0,2966.1657012733485,2966.1657012733485,9.62,middle,55525.96153290447,4,795.3408386808318,"(20),(21) + BERC slab bill",MB-KLNC0007-2026-06-14
KLNC0008,Kalyanpur,2026-06-14,2026-07-13,30,89.40493815747836,697.0489830554944,89.40493815747836,697.0489830554944,0.0,0.0,0.0,0.0,0.0,0.0,False,1.0,0,0,0,0.0,0.0,0.6446147172505707,0.6446147172505707,0.0,False,LT-A,76-200,76-200,7.796537835837529,7.796537835837529,0.0,759.9419743385658,759.9419743385658,8.5,middle,29834.869520907792,4,795.3408386808318,"(20),(21) + BERC slab bill",MB-KLNC0008-2026-06-14
KLNC0009,Kalyanpur,2026-06-14,2026-07-13,30,51.84236792430325,389.5676754608038,51.84236792430325,389.5676754608038,0.0,0.0,0.0,0.0,0.0,0.0,False,1.0,0,0,0,0.0,0.0,0.4759198792469827,0.4759198792469827,0.0,False,LT-A,1-75,1-75,7.514465312032513,7.514465312032513,0.0,320.3858337721942,320.3858337721942,6.18,lower-middle,13051.301877711125,3,795.3408386808318,"(20),(21) + BERC slab bill",MB-KLNC0009-2026-06-14
KLNC0010,Kalyanpur,2026-06-14,2026-07-13,30,175.9200852730623,1505.5835810620813,175.9200852730623,1505.5835810620813,0.0,0.0,0.0,0.0,0.0,0.0,False,1.0,0,0,0,0.0,0.0,0.9793652321284972,0.9793652321284972,0.0,False,LT-A,76-200,76-200,8.558338172273631,8.558338172273631,0.0,1495.3207248210294,1495.3207248210294,8.5,middle,47437.31026745803,5,795.3408386808318,"(20),(21) + BERC slab bill",MB-KLNC0010-2026-06-14
KLNC0011,Kalyanpur,2026-06-14,2026-07-13,30,93.65850189384332,702.3956794025515,93.65850189384332,702.3956794025515,0.0,0.0,0.0,0.0,0.0,0.0,False,1.0,0,0,0,0.0,0.0,0.826642099368265,0.826642099368265,0.0,False,LT-A,76-200,76-200,7.499539979816012,7.499539979816012,0.0,796.0972660976678,796.0972660976678,8.5,lower-middle,19709.98748449153,3,795.3408386808318,"(20),(21) + BERC slab bill",MB-KLNC0011-2026-06-14
KLNC0012,Kalyanpur,2026-06-14,2026-07-13,30,181.547101159994,1590.207107852946,181.547101159994,1590.207107852946,0.0,0.0,0.0,0.0,0.0,0.0,False,1.0,0,0,0,0.0,0.0,1.2165557704070715,1.2165557704070715,0.0,False,LT-A,76-200,76-200,8.75919856440741,8.75919856440741,0.0,1543.1503598599495,1543.1503598599495,8.5,middle,51976.77548011011,4,795.3408386808318,"(20),(21) + BERC slab bill",MB-KLNC0012-2026-06-14
KLNC0013,Kalyanpur,2026-06-14,2026-07-13,30,223.19365894402856,1954.9012312101927,223.19365894402856,1954.9012312101927,0.0,0.0,0.0,0.0,0.0,0.0,False,1.0,0,0,0,0.0,0.0,0.9644685370473544,0.9644685370473544,0.0,False,LT-A,201-300,201-300,8.758766895346401,8.758766895346401,0.0,2031.06229639066,2031.06229639066,9.1,middle,58601.35172425176,5,795.3408386808318,"(20),(21) + BERC slab bill",MB-KLNC0013-2026-06-14
KLNC0014,Kalyanpur,2026-06-14,2026-07-13,30,72.94498600864941,537.9685642101259,72.94498600864941,537.9685642101259,0.0,0.0,0.0,0.0,0.0,0.0,False,1.0,0,0,0,0.0,0.0,0.8967806247641592,0.8967806247641592,0.0,False,LT-A,1-75,1-75,7.374990299488667,7.374990299488667,0.0,450.80001353345335,450.80001353345335,6.18,lower-middle,15853.082842197064,3,795.3408386808318,"(20),(21) + BERC slab bill",MB-KLNC0014-2026-06-14
KLNC0015,Kalyanpur,2026-06-14,2026-07-13,30,287.4463324779864,2588.02784682716,287.4463324779864,2588.02784682716,0.0,0.0,0.0,0.0,0.0,0.0,False,1.0,0,0,0,0.0,0.0,1.292244833944055,1.292244833944055,0.0,False,LT-A,201-300,201-300,9.003516672196051,9.003516672196051,0.0,2615.761625549676,2615.761625549676,9.1,middle,35169.24225746089,4,795.3408386808318,"(20),(21) + BERC slab bill",MB-KLNC0015-2026-06-14
KLNC0016,Kalyanpur,2026-06-14,2026-07-13,30,385.015929297915,3586.58227183824,385.015929297915,3586.58227183824,0.0,0.0,0.0,0.0,0.0,0.0,False,1.0,0,0,0,0.0,0.0,1.371121771723235,1.371121771723235,0.0,False,LT-A,301-400,301-400,9.315412685336035,9.315412685336035,0.0,3703.853239845942,3703.853239845942,9.62,upper-middle,102433.19711162835,5,795.3408386808318,"(20),(21) + BERC slab bill",MB-KLNC0016-2026-06-14
KLNC0017,Kalyanpur,2026-06-14,2026-07-13,30,419.6739374129215,4074.4851005963487,377.4078496378935,3536.210699192362,538.2744014039868,13.210857031363398,42.266087775027984,68.06514203639352,791.4291499964435,-185.08960655606316,False,0.8992882711860138,30,0,150,0.0,42.26608777502795,2.221130256296523,1.9174150858358303,13.673901816415874,True,LT-A,401-600,301-400,9.708692242633646,9.369732777379175,0.0,6299.30580056795,5596.826681028387,15.01,upper-middle,117717.58123190212,6,795.3408386808318,"(20),(21) + BERC slab bill",MB-KLNC0017-2026-06-14
KLNC0018,Kalyanpur,2026-06-14,2026-07-13,30,130.33681937508302,1063.437652922616,130.33681937508302,1063.437652922616,0.0,0.0,0.0,0.0,0.0,0.0,False,1.0,0,0,0,0.0,0.0,0.6687005540961437,0.6687005540961437,0.0,False,LT-A,76-200,76-200,8.159149947201469,8.159149947201469,0.0,1107.862964688206,1107.862964688206,8.5,lower-middle,23809.4518307932,3,795.3408386808318,"(20),(21) + BERC slab bill",MB-KLNC0018-2026-06-14
KLNC0019,Kalyanpur,2026-06-14,2026-07-13,30,165.53529670858504,1442.4595731241216,165.53529670858504,1442.4595731241216,0.0,0.0,0.0,0.0,0.0,0.0,False,1.0,0,0,0,0.0,0.0,0.7653926901209732,0.7653926901209732,0.0,False,LT-A,76-200,76-200,8.713909370419561,8.713909370419561,0.0,1407.0500220229726,1407.0500220229726,8.5,middle,55430.70758599974,4,795.3408386808318,"(20),(21) + BERC slab bill",MB-KLNC0019-2026-06-14
KLNC0020,Kalyanpur,2026-06-14,2026-07-13,30,424.775646102099,4183.066070392131,424.775646102099,4183.066070392131,0.0,0.0,0.0,0.0,0.0,0.0,False,1.0,0,0,0,0.0,0.0,2.656946317760034,2.656946317760034,0.0,False,LT-A,401-600,401-600,9.847706921942248,9.847706921942248,0.0,6375.882447992504,6375.882447992504,15.01,upper-middle,149984.3332024566,5,795.3408386808318,"(20),(21) + BERC slab bill",MB-KLNC0020-2026-06-14
KLNC0021,Kalyanpur,2026-06-14,2026-07-13,30,22.517097936160862,173.1747790713946,22.517097936160862,173.1747790713946,0.0,0.0,0.0,0.0,0.0,0.0,False,1.0,0,0,0,0.0,0.0,0.6075833218783241,0.6075833218783241,0.0,False,LT-A,lifeline 0-50,lifeline 0-50,7.690812535539413,7.690812535539413,0.0,119.7909610203758,119.7909610203758,5.32,lower-middle,19403.633100705265,5,795.3408386808318,"(20),(21) + BERC slab bill",MB-KLNC0021-2026-06-14
KLNC0022,Kalyanpur,2026-06-14,2026-07-13,30,495.4606379628792,5309.480164613958,486.87339076579786,5174.140855164356,135.3393094496014,2.5490124316048117,8.587247197081354,13.76438440139873,144.53687458957833,4.566819261421784,True,0.9826681545634212,30,0,180,0.0,8.58724719708129,2.697363150072563,2.697363150072563,0.0,True,LT-A,401-600,401-600,10.71625020797667,10.627282068190269,0.0,7436.864175822816,7294.205210993228,15.01,upper-middle,113012.50462837955,5,795.3408386808318,"(20),(21) + BERC slab bill",MB-KLNC0022-2026-06-14
KLNC0023,Kalyanpur,2026-06-14,2026-07-13,30,144.4710047399311,1211.6705373038849,144.4710047399311,1211.6705373038849,0.0,0.0,0.0,0.0,0.0,0.0,False,1.0,0,0,0,0.0,0.0,0.7496791921377006,0.7496791921377006,0.0,False,LT-A,76-200,76-200,8.386946152171287,8.386946152171287,0.0,1228.0035402894143,1228.0035402894143,8.5,middle,39897.49151689027,4,795.3408386808318,"(20),(21) + BERC slab bill",MB-KLNC0023-2026-06-14
KLNC0024,Kalyanpur,2026-06-14,2026-07-13,30,188.10013921583683,1658.183292501344,188.10013921583683,1658.183292501344,0.0,0.0,0.0,0.0,0.0,0.0,False,1.0,0,0,0,0.0,0.0,0.9773922177056812,0.9773922177056812,0.0,False,LT-A,76-200,76-200,8.815428310760844,8.815428310760844,0.0,1598.8511833346124,1598.8511833346124,8.5,middle,49313.59411585582,4,795.3408386808318,"(20),(21) + BERC slab bill",MB-KLNC0024-2026-06-14
KLNC0025,Kalyanpur,2026-06-14,2026-07-13,30,355.6283736337721,3254.8687020747325,355.6283736337721,3254.8687020747325,0.0,0.0,0.0,0.0,0.0,0.0,False,1.0,0,0,0,0.0,0.0,1.5088144117309192,1.5088144117309192,0.0,False,LT-A,301-400,301-400,9.15244379636202,9.15244379636202,0.0,3421.144954356887,3421.144954356887,9.62,middle,42075.88740382971,4,795.3408386808318,"(20),(21) + BERC slab bill",MB-KLNC0025-2026-06-14
KLNC0026,Kalyanpur,2026-06-14,2026-07-13,30,170.3623938407903,1493.2545050290537,170.3623938407903,1493.2545050290537,0.0,0.0,0.0,0.0,0.0,0.0,False,1.0,0,0,0,0.0,0.0,0.8745521096132798,0.8745521096132798,0.0,False,LT-A,76-200,76-200,8.765165077596603,8.765165077596603,0.0,1448.0803476467177,1448.0803476467177,8.5,middle,48440.06842838645,4,795.3408386808318,"(20),(21) + BERC slab bill",MB-KLNC0026-2026-06-14
KLNC0027,Kalyanpur,2026-06-14,2026-07-13,30,36.394329360224944,270.53799380621655,36.394329360224944,270.53799380621655,0.0,0.0,0.0,0.0,0.0,0.0,False,1.0,0,0,0,0.0,0.0,0.711406709276422,0.711406709276422,0.0,False,LT-A,lifeline 0-50,lifeline 0-50,7.433520511629079,7.433520511629079,0.0,193.6178321963967,193.6178321963967,5.32,lower-middle,15963.003042255115,3,795.3408386808318,"(20),(21) + BERC slab bill",MB-KLNC0027-2026-06-14
KLNC0028,Kalyanpur,2026-06-14,2026-07-13,30,156.8862443835734,1336.8178711233925,156.8862443835734,1336.8178711233925,0.0,0.0,0.0,0.0,0.0,0.0,False,1.0,0,0,0,0.0,0.0,0.9944296282796876,0.9944296282796876,0.0,False,LT-A,76-200,76-200,8.520937424284233,8.520937424284233,0.0,1333.5330772603731,1333.5330772603731,8.5,middle,36310.43206079908,4,795.3408386808318,"(20),(21) + BERC slab bill",MB-KLNC0028-2026-06-14
KLNC0029,Kalyanpur,2026-06-14,2026-07-13,30,161.4231949992065,1371.325785367918,161.4231949992065,1371.325785367918,0.0,0.0,0.0,0.0,0.0,0.0,False,1.0,0,0,0,0.0,0.0,1.1978466497649216,1.1978466497649216,0.0,False,LT-A,76-200,76-200,8.49522142945231,8.49522142945231,0.0,1372.097157493255,1372.097157493255,8.5,lower-middle,24160.178340529503,5,795.3408386808318,"(20),(21) + BERC slab bill",MB-KLNC0029-2026-06-14
KLNC0030,Kalyanpur,2026-06-14,2026-07-13,30,227.950860415352,1993.9706112686883,227.950860415352,1993.9706112686883,0.0,0.0,0.0,0.0,0.0,0.0,False,1.0,0,0,0,0.0,0.0,1.0908413259248697,1.0908413259248697,0.0,False,LT-A,201-300,201-300,8.74737040972537,8.74737040972537,0.0,2074.352829779703,2074.352829779703,9.1,middle,58941.842922671865,5,795.3408386808318,"(20),(21) + BERC slab bill",MB-KLNC0030-2026-06-14
KLNC0031,Kalyanpur,2026-06-14,2026-07-13,30,187.4341480682017,1614.2912715087,187.4341480682017,1614.2912715087,0.0,0.0,0.0,0.0,0.0,0.0,False,1.0,0,0,0,0.0,0.0,1.0792978324710538,1.0792978324710538,0.0,False,LT-A,76-200,76-200,8.612578274271067,8.612578274271067,0.0,1593.190258579714,1593.190258579714,8.5,middle,38619.85076703158,4,795.3408386808318,"(20),(21) + BERC slab bill",MB-KLNC0031-2026-06-14
KLNC0032,Kalyanpur,2026-06-14,2026-07-13,30,66.98183477311001,520.4460858427108,66.98183477311001,520.4460858427108,0.0,0.0,0.0,0.0,0.0,0.0,False,1.0,0,0,0,0.0,0.0,0.9807076862057156,0.9807076862057156,0.0,False,LT-A,1-75,1-75,7.769958640363266,7.769958640363266,0.0,413.94773889781993,413.94773889781993,6.18,lower-middle,18915.717810407477,3,795.3408386808318,"(20),(21) + BERC slab bill",MB-KLNC0032-2026-06-14
KLNC0033,Kalyanpur,2026-06-14,2026-07-13,30,204.3455537254989,1807.2254958471417,204.3455537254989,1807.2254958471417,0.0,0.0,0.0,0.0,0.0,0.0,False,1.0,0,0,0,0.0,0.0,0.9667662754066544,0.9667662754066544,0.0,False,LT-A,201-300,201-300,8.84396779327443,8.84396779327443,0.0,1859.54453890204,1859.54453890204,9.1,middle,56833.65120711585,4,795.3408386808318,"(20),(21) + BERC slab bill",MB-KLNC0033-2026-06-14
KLNC0034,Kalyanpur,2026-06-14,2026-07-13,30,176.85747166513067,1523.6429346112911,176.85747166513067,1523.6429346112911,0.0,0.0,0.0,0.0,0.0,0.0,False,1.0,0,0,0,0.0,0.0,1.1256523430040584,1.1256523430040584,0.0,False,LT-A,76-200,76-200,8.615089429165991,8.615089429165991,0.0,1503.288509153611,1503.288509153611,8.5,middle,31488.43767673682,5,795.3408386808318,"(20),(21) + BERC slab bill",MB-KLNC0034-2026-06-14
KLNC0035,Kalyanpur,2026-06-14,2026-07-13,30,260.3715433999295,2301.5275971863266,260.3715433999295,2301.5275971863266,0.0,0.0,0.0,0.0,0.0,0.0,False,1.0,0,0,0,0.0,0.0,1.4370197138387333,1.4370197138387333,0.0,False,LT-A,201-300,201-300,8.839397605179881,8.839397605179881,0.0,2369.3810449393586,2369.3810449393586,9.1,middle,42679.177260143886,5,795.3408386808318,"(20),(21) + BERC slab bill",MB-KLNC0035-2026-06-14
KLNC0036,Kalyanpur,2026-06-14,2026-07-13,30,48.68053031797447,311.42981235620545,48.68053031797447,311.42981235620545,0.0,0.0,0.0,0.0,0.0,0.0,False,1.0,0,0,0,0.0,0.0,0.4806327419918769,0.4806327419918769,0.0,False,LT-A,lifeline 0-50,lifeline 0-50,6.397420289425549,6.397420289425549,0.0,258.98042129162434,258.98042129162434,5.32,lower-middle,12023.68750671378,5,795.3408386808318,"(20),(21) + BERC slab bill",MB-KLNC0036-2026-06-14
KLNC0037,Kalyanpur,2026-06-14,2026-07-13,30,498.969369837785,5368.267843328411,479.7319637019529,5065.076703924628,303.1911394037825,5.647839270549496,19.237406135832146,30.93955443379079,360.8149786686076,-26.68428483103429,False,0.9614457173151006,30,0,180,0.0,19.23740613583205,2.7878931728785177,2.7878931728785177,0.0,True,LT-A,401-600,401-600,10.758712193242715,10.55813889247424,0.0,7489.530241265151,7169.837220732522,15.01,upper-middle,171218.7172095058,6,795.3408386808318,"(20),(21) + BERC slab bill",MB-KLNC0037-2026-06-14
KLNC0038,Kalyanpur,2026-06-14,2026-07-13,30,146.48680932215314,1179.5992732002169,146.48680932215314,1179.5992732002169,0.0,0.0,0.0,0.0,0.0,0.0,False,1.0,0,0,0,0.0,0.0,0.9203493343369314,0.9203493343369314,0.0,False,LT-A,76-200,76-200,8.0525972178563,8.0525972178563,0.0,1245.1378792383018,1245.1378792383018,8.5,middle,45984.08211888981,5,795.3408386808318,"(20),(21) + BERC slab bill",MB-KLNC0038-2026-06-14
KLNC0039,Kalyanpur,2026-06-14,2026-07-13,30,345.65121415007525,3214.54610412991,345.65121415007525,3214.54610412991,0.0,0.0,0.0,0.0,0.0,0.0,False,1.0,0,0,0,0.0,0.0,1.4740896395716565,1.4740896395716565,0.0,False,LT-A,301-400,301-400,9.299970526746694,9.299970526746694,0.0,3325.164680123724,3325.164680123724,9.62,upper-middle,168141.34928702348,4,795.3408386808318,"(20),(21) + BERC slab bill",MB-KLNC0039-2026-06-14
KLNC0040,Kalyanpur,2026-06-14,2026-07-13,30,329.7420277218724,3015.489232018633,329.7420277218724,3015.489232018633,0.0,0.0,0.0,0.0,0.0,0.0,False,1.0,0,0,0,0.0,0.0,1.3540848644358543,1.3540848644358543,0.0,False,LT-A,301-400,301-400,9.14499511285261,9.14499511285261,0.0,3172.118306684411,3172.118306684411,9.62,upper-middle,165171.10207226788,5,795.3408386808318,"(20),(21) + BERC slab bill",MB-KLNC0040-2026-06-14
KLNC0041,Kalyanpur,2026-06-14,2026-07-13,30,598.0766632169616,6961.810710630924,591.0423960663569,6850.947143203818,110.8635674271054,1.5924530561828252,7.034267150604705,11.263642028660838,136.48861450201187,-14.361405046245622,False,0.9882385192681348,30,0,180,0.0,7.034267150604507,3.492687034073403,3.492687034073403,0.0,True,LT-A,401-600,401-600,11.640331647759709,11.591295630905394,0.0,8977.130714886593,8860.282722927357,15.01,upper-middle,140256.5812842087,6,795.3408386808318,"(20),(21) + BERC slab bill",MB-KLNC0041-2026-06-14
KLNC0042,Kalyanpur,2026-06-14,2026-07-13,30,141.7471169549564,1167.078248822986,141.7471169549564,1167.078248822986,0.0,0.0,0.0,0.0,0.0,0.0,False,1.0,0,0,0,0.0,0.0,0.72990797741203,0.72990797741203,0.0,False,LT-A,76-200,76-200,8.233523713881626,8.233523713881626,0.0,1204.8504941171295,1204.8504941171295,8.5,middle,28690.34300238229,5,795.3408386808318,"(20),(21) + BERC slab bill",MB-KLNC0042-2026-06-14
KLNC0043,Kalyanpur,2026-06-14,2026-07-13,30,135.69884112477337,1134.9401170386025,135.69884112477337,1134.9401170386025,0.0,0.0,0.0,0.0,0.0,0.0,False,1.0,0,0,0,0.0,0.0,0.8173517821899122,0.8173517821899122,0.0,False,LT-A,76-200,76-200,8.363668456055859,8.363668456055859,0.0,1153.440149560574,1153.440149560574,8.5,lower-middle,15648.748516563308,4,795.3408386808318,"(20),(21) + BERC slab bill",MB-KLNC0043-2026-06-14
KLNC0044,Kalyanpur,2026-06-14,2026-07-13,30,166.20379424258113,1450.1722736150366,166.20379424258113,1450.1722736150366,0.0,0.0,0.0,0.0,0.0,0.0,False,1.0,0,0,0,0.0,0.0,1.2383183150434895,1.2383183150434895,0.0,False,LT-A,76-200,76-200,8.725265751144356,8.725265751144356,0.0,1412.7322510619388,1412.7322510619388,8.5,middle,41392.868168416375,5,795.3408386808318,"(20),(21) + BERC slab bill",MB-KLNC0044-2026-06-14
KLNC0045,Kalyanpur,2026-06-14,2026-07-13,30,658.176394340554,8053.058833899043,627.2410714009698,7489.494588247167,563.5642456518763,6.998138934234208,30.93532293958424,49.72911989732248,632.9790170870951,-19.685651537896437,False,0.9529984314150628,30,0,180,0.0,30.93532293958427,3.6849676186991096,3.571788426441754,3.07137549005955,True,LT-A,601-above,601-above,12.235411210649138,11.94037656290437,0.0,11419.360441808616,10832.903468909506,17.35,upper-middle,154884.96552883065,5,795.3408386808318,"(20),(21) + BERC slab bill",MB-KLNC0045-2026-06-14
KLNC0046,Kalyanpur,2026-06-14,2026-07-13,30,459.1114672711171,4706.07303992644,448.1068761002984,4532.635180778752,173.43785914768796,3.6854051706430577,11.004591170818683,33.01377351245621,248.63183697571475,-42.18020431557056,False,0.9760306767412537,16,0,64,0.0,11.004591170818738,2.774207545376214,2.774207545376214,0.0,True,LT-A,401-600,401-600,10.250393151577248,10.115076162688087,0.0,6891.263123739467,6693.070436753023,15.01,upper-middle,149170.89401049737,5,795.3408386808318,"(20),(21) + BERC slab bill",MB-KLNC0046-2026-06-14
KLNC0047,Kalyanpur,2026-06-14,2026-07-13,30,164.70095864241253,1418.6784658835318,164.70095864241253,1418.6784658835318,0.0,0.0,0.0,0.0,0.0,0.0,False,1.0,0,0,0,0.0,0.0,1.061607418336221,1.061607418336221,0.0,False,LT-A,76-200,76-200,8.61366246788927,8.61366246788927,0.0,1399.9581484605062,1399.9581484605062,8.5,middle,53455.04601532105,4,795.3408386808318,"(20),(21) + BERC slab bill",MB-KLNC0047-2026-06-14
KLNC0048,Kalyanpur,2026-06-14,2026-07-13,30,68.1916226169997,483.702479161711,68.1916226169997,483.702479161711,0.0,0.0,0.0,0.0,0.0,0.0,False,1.0,0,0,0,0.0,0.0,0.8199769728802699,0.8199769728802699,0.0,False,LT-A,1-75,1-75,7.093283025078323,7.093283025078323,0.0,421.4242277730581,421.4242277730581,6.18,lower-middle,20019.91866872561,4,795.3408386808318,"(20),(21) + BERC slab bill",MB-KLNC0048-2026-06-14
KLNC0049,Kalyanpur,2026-06-14,2026-07-13,30,169.96485503783546,1414.2998812126816,169.96485503783546,1414.2998812126816,0.0,0.0,0.0,0.0,0.0,0.0,False,1.0,0,0,0,0.0,0.0,1.3776786158131993,1.3776786158131993,0.0,False,LT-A,76-200,76-200,8.321131335639052,8.321131335639052,0.0,1444.7012678216015,1444.7012678216015,8.5,middle,59317.37989763545,4,795.3408386808318,"(20),(21) + BERC slab bill",MB-KLNC0049-2026-06-14
KLNC0050,Kalyanpur,2026-06-14,2026-07-13,30,246.4585453122403,2208.300950458456,246.4585453122403,2208.300950458456,0.0,0.0,0.0,0.0,0.0,0.0,False,1.0,0,0,0,0.0,0.0,1.5602608129079685,1.5602608129079685,0.0,False,LT-A,201-300,201-300,8.960131399220677,8.960131399220677,0.0,2242.772762341386,2242.772762341386,9.1,middle,47448.137668937765,5,795.3408386808318,"(20),(21) + BERC slab bill",MB-KLNC0050-2026-06-14
KLNC0051,Kalyanpur,2026-06-14,2026-07-13,30,56.9024194746274,391.2897999708572,56.9024194746274,391.2897999708572,0.0,0.0,0.0,0.0,0.0,0.0,False,1.0,0,0,0,0.0,0.0,0.1450698591344856,0.1450698591344856,0.0,False,LT-A,1-75,1-75,6.876505491042116,6.876505491042116,0.0,351.6569523531974,351.6569523531974,6.18,lower-middle,11054.914903987574,4,795.3408386808318,"(20),(21) + BERC slab bill",MB-KLNC0051-2026-06-14
KLNC0052,Kalyanpur,2026-06-14,2026-07-13,30,291.8923258904663,2613.076583883405,291.8923258904663,2613.076583883405,0.0,0.0,0.0,0.0,0.0,0.0,False,1.0,0,0,0,0.0,0.0,1.413590558674043,1.413590558674043,0.0,False,LT-A,201-300,201-300,8.952193504614343,8.952193504614343,0.0,2656.2201656032435,2656.2201656032435,9.1,middle,36981.51686788709,4,795.3408386808318,"(20),(21) + BERC slab bill",MB-KLNC0052-2026-06-14
KLNC0053,Kalyanpur,2026-06-14,2026-07-13,30,100.05906586808284,772.5258028726395,100.05906586808284,772.5258028726395,0.0,0.0,0.0,0.0,0.0,0.0,False,1.0,0,0,0,0.0,0.0,0.6511913614769822,0.6511913614769822,0.0,False,LT-A,76-200,76-200,7.720697731589178,7.720697731589178,0.0,850.5020598787041,850.5020598787041,8.5,middle,31577.662763859287,4,795.3408386808318,"(20),(21) + BERC slab bill",MB-KLNC0053-2026-06-14
KLNC0054,Kalyanpur,2026-06-14,2026-07-13,30,117.33288865854216,955.9594312774888,117.33288865854216,955.9594312774888,0.0,0.0,0.0,0.0,0.0,0.0,False,1.0,0,0,0,0.0,0.0,0.5655686038189451,0.5655686038189451,0.0,False,LT-A,76-200,76-200,8.147412393974946,8.147412393974946,0.0,997.3295535976084,997.3295535976084,8.5,middle,39864.59088264488,4,795.3408386808318,"(20),(21) + BERC slab bill",MB-KLNC0054-2026-06-14
KLNC0055,Kalyanpur,2026-06-14,2026-07-13,30,62.06783649653456,424.8081910260127,62.06783649653456,424.8081910260127,0.0,0.0,0.0,0.0,0.0,0.0,False,1.0,0,0,0,0.0,0.0,0.2077898970109384,0.2077898970109384,0.0,False,LT-A,1-75,1-75,6.844256462036196,6.844256462036196,0.0,383.5792295485834,383.5792295485834,6.18,lower-middle,10878.332634073482,5,795.3408386808318,"(20),(21) + BERC slab bill",MB-KLNC0055-2026-06-14
KLNC0056,Kalyanpur,2026-06-14,2026-07-13,30,248.091419371688,2250.1205120964787,248.091419371688,2250.1205120964787,0.0,0.0,0.0,0.0,0.0,0.0,False,1.0,0,0,0,0.0,0.0,1.0493393671237194,1.0493393671237194,0.0,False,LT-A,201-300,201-300,9.069723240711406,9.069723240711406,0.0,2257.6319162823606,2257.6319162823606,9.1,middle,49277.270017408206,5,795.3408386808318,"(20),(21) + BERC slab bill",MB-KLNC0056-2026-06-14
KLNC0057,Kalyanpur,2026-06-14,2026-07-13,30,478.3834035357462,5034.566131425128,478.3834035357462,5034.566131425128,0.0,0.0,0.0,0.0,0.0,0.0,False,1.0,0,0,0,0.0,0.0,2.342908225519633,2.342908225519633,0.0,False,LT-A,401-600,401-600,10.524123734674944,10.524123734674944,0.0,7180.53488707155,7180.53488707155,15.01,upper-middle,151928.14713669295,5,795.3408386808318,"(20),(21) + BERC slab bill",MB-KLNC0057-2026-06-14
KLNC0058,Kalyanpur,2026-06-14,2026-07-13,30,122.53195424383613,1003.9663316262374,122.53195424383613,1003.9663316262374,0.0,0.0,0.0,0.0,0.0,0.0,False,1.0,0,0,0,0.0,0.0,0.7304969696021475,0.7304969696021475,0.0,False,LT-A,76-200,76-200,8.193506239428489,8.193506239428489,0.0,1041.521611072607,1041.521611072607,8.5,middle,56814.18924254266,5,795.3408386808318,"(20),(21) + BERC slab bill",MB-KLNC0058-2026-06-14
KLNC0059,Kalyanpur,2026-06-14,2026-07-13,30,44.51326483978089,330.66386739501604,44.51326483978089,330.66386739501604,0.0,0.0,0.0,0.0,0.0,0.0,False,1.0,0,0,0,0.0,0.0,0.6609921886138814,0.6609921886138814,0.0,False,LT-A,lifeline 0-50,lifeline 0-50,7.428434391078552,7.428434391078552,0.0,236.8105689476345,236.8105689476345,5.32,lower-middle,18842.45212307295,5,795.3408386808318,"(20),(21) + BERC slab bill",MB-KLNC0059-2026-06-14
KLNC0060,Kalyanpur,2026-06-14,2026-07-13,30,532.125372160583,5898.364117936869,495.0083865285322,5313.381865882933,584.9822520539356,9.917703287849085,37.11698563205073,59.77130717349033,626.3026407991732,18.450918428252635,True,0.930247667985939,30,0,180,0.0,37.11698563205071,3.7955565957208095,3.403072562288826,10.34061865589039,True,LT-A,401-600,401-600,11.084538393626682,10.733922920266869,0.0,7987.201836130349,7370.304574619777,15.01,upper-middle,157822.5630308133,6,795.3408386808318,"(20),(21) + BERC slab bill",MB-KLNC0060-2026-06-14
KLNC0061,Kalyanpur,2026-06-14,2026-07-13,30,159.3033630779462,1327.30015547067,159.3033630779462,1327.30015547067,0.0,0.0,0.0,0.0,0.0,0.0,False,1.0,0,0,0,0.0,0.0,0.7801242614535695,0.7801242614535695,0.0,False,LT-A,76-200,76-200,8.331902916708858,8.331902916708858,0.0,1354.078586162543,1354.078586162543,8.5,middle,25135.214941300288,5,795.3408386808318,"(20),(21) + BERC slab bill",MB-KLNC0061-2026-06-14
KLNC0062,Kalyanpur,2026-06-14,2026-07-13,30,106.55774402797542,815.3164154496806,106.55774402797542,815.3164154496806,0.0,0.0,0.0,0.0,0.0,0.0,False,1.0,0,0,0,0.0,0.0,0.6722181515910011,0.6722181515910011,0.0,False,LT-A,76-200,76-200,7.651404624666503,7.651404624666503,0.0,905.7408242377912,905.7408242377912,8.5,middle,35604.736013561254,5,795.3408386808318,"(20),(21) + BERC slab bill",MB-KLNC0062-2026-06-14
KLNC0063,Kalyanpur,2026-06-14,2026-07-13,30,146.87734780981253,1211.992379202577,146.87734780981253,1211.992379202577,0.0,0.0,0.0,0.0,0.0,0.0,False,1.0,0,0,0,0.0,0.0,0.8708194081643736,0.8708194081643736,0.0,False,LT-A,76-200,76-200,8.251731102688161,8.251731102688161,0.0,1248.457456383407,1248.457456383407,8.5,middle,44767.132899597214,4,795.3408386808318,"(20),(21) + BERC slab bill",MB-KLNC0063-2026-06-14
KLNC0064,Kalyanpur,2026-06-14,2026-07-13,30,259.2598630770466,2290.24840170118,259.2598630770466,2290.24840170118,0.0,0.0,0.0,0.0,0.0,0.0,False,1.0,0,0,0,0.0,0.0,1.3648399851177115,1.3648399851177115,0.0,False,LT-A,201-300,201-300,8.833794689695436,8.833794689695436,0.0,2359.264754001124,2359.264754001124,9.1,middle,40421.99735859067,5,795.3408386808318,"(20),(21) + BERC slab bill",MB-KLNC0064-2026-06-14
KLNC0065,Kalyanpur,2026-06-14,2026-07-13,30,56.91191895531039,412.05639210100907,56.91191895531039,412.05639210100907,0.0,0.0,0.0,0.0,0.0,0.0,False,1.0,0,0,0,0.0,0.0,0.5243897986799955,0.5243897986799955,0.0,False,LT-A,1-75,1-75,7.240247731315699,7.240247731315699,0.0,351.7156591438182,351.7156591438182,6.18,lower-middle,10785.322676581376,4,795.3408386808318,"(20),(21) + BERC slab bill",MB-KLNC0065-2026-06-14
KLNC0066,Kalyanpur,2026-06-14,2026-07-13,30,86.01575118502579,631.5381293263553,86.01575118502579,631.5381293263553,0.0,0.0,0.0,0.0,0.0,0.0,False,1.0,0,0,0,0.0,0.0,0.4673745531858705,0.4673745531858705,0.0,False,LT-A,76-200,76-200,7.342121886116804,7.342121886116804,0.0,731.1338850727191,731.1338850727191,8.5,lower-middle,24918.85378022799,4,795.3408386808318,"(20),(21) + BERC slab bill",MB-KLNC0066-2026-06-14
KLNC0067,Kalyanpur,2026-06-14,2026-07-13,30,509.7281002287867,5531.445133655792,490.3194324375068,5225.554824931326,305.8903087244662,5.5300251802787015,19.408667791279868,31.237981155788248,355.04287373557565,-17.91458385532121,False,0.961923488654896,30,0,180,0.0,19.40866779127979,2.876931892666885,2.724774507811333,5.288876849792349,True,LT-A,401-600,401-600,10.851756321013212,10.657449978993734,0.0,7651.018784434088,7328.45669973119,15.01,upper-middle,98884.95464927836,5,795.3408386808318,"(20),(21) + BERC slab bill",MB-KLNC0067-2026-06-14
KLNC0068,Kalyanpur,2026-06-14,2026-07-13,30,370.1210071402325,3440.507793123489,352.6944964227418,3264.4826083661146,176.02518475737452,5.116255952368264,17.426510717490714,28.053864959295524,344.631392334324,-140.55234261765395,False,0.9529167207985896,30,0,180,0.0,17.42651071749074,1.571624042452283,1.571624042452283,0.0,True,LT-A,301-400,301-400,9.29562960964261,9.25583654260736,0.0,3560.5640886890355,3364.867190627478,9.62,upper-middle,74353.69706112788,6,795.3408386808318,"(20),(21) + BERC slab bill",MB-KLNC0068-2026-06-14
KLNC0069,Kalyanpur,2026-06-14,2026-07-13,30,129.5481947878661,1094.3736884817051,129.5481947878661,1094.3736884817051,0.0,0.0,0.0,0.0,0.0,0.0,False,1.0,0,0,0,0.0,0.0,0.7410736664167299,0.7410736664167299,0.0,False,LT-A,76-200,76-200,8.447618203200218,8.447618203200218,0.0,1101.159655696862,1101.159655696862,8.5,middle,49115.529584660806,4,795.3408386808318,"(20),(21) + BERC slab bill",MB-KLNC0069-2026-06-14
KLNC0070,Kalyanpur,2026-06-14,2026-07-13,30,107.0000529816875,818.3908428615609,107.0000529816875,818.3908428615609,0.0,0.0,0.0,0.0,0.0,0.0,False,1.0,0,0,0,0.0,0.0,0.5536109480430035,0.5536109480430035,0.0,False,LT-A,76-200,76-200,7.648508762903362,7.648508762903362,0.0,909.5004503443434,909.5004503443434,8.5,lower-middle,20567.288074719247,5,795.3408386808318,"(20),(21) + BERC slab bill",MB-KLNC0070-2026-06-14
KLNC0071,Kalyanpur,2026-06-14,2026-07-13,30,156.97964987528658,1271.880775136933,156.97964987528658,1271.880775136933,0.0,0.0,0.0,0.0,0.0,0.0,False,1.0,0,0,0,0.0,0.0,0.970831369365862,0.970831369365862,0.0,False,LT-A,76-200,76-200,8.102201630258357,8.102201630258357,0.0,1334.3270239399362,1334.3270239399362,8.5,middle,59168.290080474,4,795.3408386808318,"(20),(21) + BERC slab bill",MB-KLNC0071-2026-06-14
KLNC0072,Kalyanpur,2026-06-14,2026-07-13,30,104.08105337322073,820.5142613559949,104.08105337322073,820.5142613559949,0.0,0.0,0.0,0.0,0.0,0.0,False,1.0,0,0,0,0.0,0.0,0.989028994738717,0.989028994738717,0.0,False,LT-A,76-200,76-200,7.883416191165366,7.883416191165366,0.0,884.6889536723761,884.6889536723761,8.5,lower-middle,22837.41718201997,5,795.3408386808318,"(20),(21) + BERC slab bill",MB-KLNC0072-2026-06-14
KLNC0073,Kalyanpur,2026-06-14,2026-07-13,30,309.8017707540454,2824.859556386612,309.8017707540454,2824.859556386612,0.0,0.0,0.0,0.0,0.0,0.0,False,1.0,0,0,0,0.0,0.0,1.1330312963874056,1.1330312963874056,0.0,False,LT-A,301-400,301-400,9.118280859115217,9.118280859115217,0.0,2980.293034653916,2980.293034653916,9.62,upper-middle,151209.69037446362,5,795.3408386808318,"(20),(21) + BERC slab bill",MB-KLNC0073-2026-06-14
KLNC0074,Kalyanpur,2026-06-14,2026-07-13,30,157.12556164467628,1310.9326376787358,157.12556164467628,1310.9326376787358,0.0,0.0,0.0,0.0,0.0,0.0,False,1.0,0,0,0,0.0,0.0,0.8964613445292966,0.8964613445292966,0.0,False,LT-A,76-200,76-200,8.343216876724862,8.343216876724862,0.0,1335.5672739797485,1335.5672739797485,8.5,middle,35348.320008351155,4,795.3408386808318,"(20),(21) + BERC slab bill",MB-KLNC0074-2026-06-14
KLNC0075,Kalyanpur,2026-06-14,2026-07-13,30,90.88608311495511,673.8989318009743,90.88608311495511,673.8989318009743,0.0,0.0,0.0,0.0,0.0,0.0,False,1.0,0,0,0,0.0,0.0,0.6111085018213945,0.6111085018213945,0.0,False,LT-A,76-200,76-200,7.4147648210189585,7.4147648210189585,0.0,772.5317064771183,772.5317064771183,8.5,lower-middle,12550.160719174262,3,795.3408386808318,"(20),(21) + BERC slab bill",MB-KLNC0075-2026-06-14
KLNC0076,Kalyanpur,2026-06-14,2026-07-13,30,69.40192340074715,497.1215409474483,69.40192340074715,497.1215409474483,0.0,0.0,0.0,0.0,0.0,0.0,False,1.0,0,0,0,0.0,0.0,0.7950971949909543,0.7950971949909543,0.0,False,LT-A,1-75,1-75,7.1629360771015245,7.1629360771015245,0.0,428.9038866166173,428.9038866166173,6.18,lower-middle,21887.11970327044,3,795.3408386808318,"(20),(21) + BERC slab bill",MB-KLNC0076-2026-06-14
KLNC0077,Kalyanpur,2026-06-14,2026-07-13,30,293.198153336343,2683.095445128758,287.4143839257813,2627.831528410841,55.2639167179168,2.0597074479124524,5.783769410561661,17.351308231684985,102.86567915845954,-30.25045420885776,False,0.9802735135104116,16,0,80,0.0,5.783769410561661,1.7830436724537355,1.7830436724537355,0.0,True,LT-A,201-300,201-300,9.15113350680227,9.143006319020634,0.0,2668.1031953607217,2598.1195854929256,9.1,upper-middle,165873.0045378243,5,795.3408386808318,"(20),(21) + BERC slab bill",MB-KLNC0077-2026-06-14
KLNC0078,Kalyanpur,2026-06-14,2026-07-13,30,209.9378794530776,1883.1423481741565,209.9378794530776,1883.1423481741565,0.0,0.0,0.0,0.0,0.0,0.0,False,1.0,0,0,0,0.0,0.0,1.1065261336253138,1.1065261336253138,0.0,False,LT-A,201-300,201-300,8.96999794929838,8.96999794929838,0.0,1910.4347030230065,1910.4347030230065,9.1,middle,52247.44525573298,5,795.3408386808318,"(20),(21) + BERC slab bill",MB-KLNC0078-2026-06-14
KLNC0079,Kalyanpur,2026-06-14,2026-07-13,30,33.95274067293845,237.49086939903415,33.95274067293845,237.49086939903415,0.0,0.0,0.0,0.0,0.0,0.0,False,1.0,0,0,0,0.0,0.0,0.6505080651817063,0.6505080651817063,0.0,False,LT-A,lifeline 0-50,lifeline 0-50,6.994748132021134,6.994748132021134,0.0,180.62858038003256,180.62858038003256,5.32,lower-middle,22654.45904769241,3,795.3408386808318,"(20),(21) + BERC slab bill",MB-KLNC0079-2026-06-14
KLNC0080,Kalyanpur,2026-06-14,2026-07-13,30,127.55037680438078,1105.4286629790986,127.55037680438078,1105.4286629790986,0.0,0.0,0.0,0.0,0.0,0.0,False,1.0,0,0,0,0.0,0.0,1.0478588381096026,1.0478588381096026,0.0,False,LT-A,76-200,76-200,8.666604448173862,8.666604448173862,0.0,1084.1782028372368,1084.1782028372368,8.5,middle,30175.163989974637,4,795.3408386808318,"(20),(21) + BERC slab bill",MB-KLNC0080-2026-06-14
KLNC0081,Kalyanpur,2026-06-14,2026-07-13,30,71.81672245748855,488.0687120266432,71.81672245748855,488.0687120266432,0.0,0.0,0.0,0.0,0.0,0.0,False,1.0,0,0,0,0.0,0.0,0.227532506968149,0.227532506968149,0.0,False,LT-A,1-75,1-75,6.796031555402049,6.796031555402049,0.0,443.82734478727934,443.82734478727934,6.18,lower-middle,11924.874374601051,4,795.3408386808318,"(20),(21) + BERC slab bill",MB-KLNC0081-2026-06-14
KLNC0082,Kalyanpur,2026-06-14,2026-07-13,30,255.85479395630884,2322.989786252531,255.85479395630884,2322.989786252531,0.0,0.0,0.0,0.0,0.0,0.0,False,1.0,0,0,0,0.0,0.0,1.6293156031163902,1.6293156031163902,0.0,False,LT-A,201-300,201-300,9.079328748669909,9.079328748669909,0.0,2328.2786250024096,2328.2786250024096,9.1,middle,59863.83579319215,5,795.3408386808318,"(20),(21) + BERC slab bill",MB-KLNC0082-2026-06-14
KLNC0083,Kalyanpur,2026-06-14,2026-07-13,30,197.9023016960585,1688.297902637322,197.9023016960585,1688.297902637322,0.0,0.0,0.0,0.0,0.0,0.0,False,1.0,0,0,0,0.0,0.0,1.0285994642716565,1.0285994642716565,0.0,False,LT-A,76-200,76-200,8.530966482796329,8.530966482796329,0.0,1682.169564416497,1682.169564416497,8.5,lower-middle,12426.963274341046,3,795.3408386808318,"(20),(21) + BERC slab bill",MB-KLNC0083-2026-06-14
KLNC0084,Kalyanpur,2026-06-14,2026-07-13,30,180.2297713487048,1545.8115292871903,180.2297713487048,1545.8115292871903,0.0,0.0,0.0,0.0,0.0,0.0,False,1.0,0,0,0,0.0,0.0,0.9330096697057128,0.9330096697057128,0.0,False,LT-A,76-200,76-200,8.576893360733317,8.576893360733317,0.0,1531.953056463991,1531.953056463991,8.5,middle,51751.34121642156,4,795.3408386808318,"(20),(21) + BERC slab bill",MB-KLNC0084-2026-06-14
KLNC0085,Kalyanpur,2026-06-14,2026-07-13,30,147.48875347718513,1201.5511247838774,147.48875347718513,1201.5511247838774,0.0,0.0,0.0,0.0,0.0,0.0,False,1.0,0,0,0,0.0,0.0,0.7502651532373616,0.7502651532373616,0.0,False,LT-A,76-200,76-200,8.146730489316557,8.146730489316557,0.0,1253.6544045560734,1253.6544045560734,8.5,middle,45057.64451658995,5,795.3408386808318,"(20),(21) + BERC slab bill",MB-KLNC0085-2026-06-14
KLNC0086,Kalyanpur,2026-06-14,2026-07-13,30,104.95100946438812,776.0377594696639,104.95100946438812,776.0377594696639,0.0,0.0,0.0,0.0,0.0,0.0,False,1.0,0,0,0,0.0,0.0,0.2866190594630768,0.2866190594630768,0.0,False,LT-A,76-200,76-200,7.394285804682883,7.394285804682883,0.0,892.0835804472989,892.0835804472989,8.5,lower-middle,15526.704136744222,5,795.3408386808318,"(20),(21) + BERC slab bill",MB-KLNC0086-2026-06-14
KLNC0087,Kalyanpur,2026-06-14,2026-07-13,30,118.33601896053412,982.3891992227672,118.33601896053412,982.3891992227672,0.0,0.0,0.0,0.0,0.0,0.0,False,1.0,0,0,0,0.0,0.0,1.207265780833106,1.207265780833106,0.0,False,LT-A,76-200,76-200,8.301692146246703,8.301692146246703,0.0,1005.8561611645404,1005.8561611645404,8.5,middle,48322.306390842896,4,795.3408386808318,"(20),(21) + BERC slab bill",MB-KLNC0087-2026-06-14
KLNC0088,Kalyanpur,2026-06-14,2026-07-13,30,173.14755996584915,1512.8201126952035,173.14755996584915,1512.8201126952035,0.0,0.0,0.0,0.0,0.0,0.0,False,1.0,0,0,0,0.0,0.0,1.338186608511464,1.338186608511464,0.0,False,LT-A,76-200,76-200,8.737172576925632,8.737172576925632,0.0,1471.7542597097176,1471.7542597097176,8.5,middle,43146.519473324144,5,795.3408386808318,"(20),(21) + BERC slab bill",MB-KLNC0088-2026-06-14
KLNC0089,Kalyanpur,2026-06-14,2026-07-13,30,176.57231648242512,1516.2469246056444,176.57231648242512,1516.2469246056444,0.0,0.0,0.0,0.0,0.0,0.0,False,1.0,0,0,0,0.0,0.0,1.3084542484737454,1.3084542484737454,0.0,False,LT-A,76-200,76-200,8.587115776761992,8.587115776761992,0.0,1500.8646901006132,1500.8646901006132,8.5,middle,39780.47843711246,4,795.3408386808318,"(20),(21) + BERC slab bill",MB-KLNC0089-2026-06-14
KLNC0090,Kalyanpur,2026-06-14,2026-07-13,30,79.6618754260604,604.1165981775891,79.6618754260604,604.1165981775891,0.0,0.0,0.0,0.0,0.0,0.0,False,1.0,0,0,0,0.0,0.0,0.7236456095202486,0.7236456095202486,0.0,False,LT-A,76-200,76-200,7.583509614185656,7.583509614185656,0.0,677.1259411215134,677.1259411215134,8.5,lower-middle,20590.24954213757,5,795.3408386808318,"(20),(21) + BERC slab bill",MB-KLNC0090-2026-06-14
KLNC0091,Kalyanpur,2026-06-14,2026-07-13,30,166.6468928643913,1458.1091588146924,166.6468928643913,1458.1091588146924,0.0,0.0,0.0,0.0,0.0,0.0,False,1.0,0,0,0,0.0,0.0,0.8661963194215462,0.8661963194215462,0.0,False,LT-A,76-200,76-200,8.749693041089142,8.749693041089142,0.0,1416.4985893473263,1416.4985893473263,8.5,middle,59648.53647105172,4,795.3408386808318,"(20),(21) + BERC slab bill",MB-KLNC0091-2026-06-14
KLNC0092,Kalyanpur,2026-06-14,2026-07-13,30,182.13084768136008,1537.2447355561387,182.13084768136008,1537.2447355561387,0.0,0.0,0.0,0.0,0.0,0.0,False,1.0,0,0,0,0.0,0.0,0.8570080673151557,0.8570080673151557,0.0,False,LT-A,76-200,76-200,8.440331526077149,8.440331526077149,0.0,1548.1122052915605,1548.1122052915605,8.5,upper-middle,187755.31948929187,4,795.3408386808318,"(20),(21) + BERC slab bill",MB-KLNC0092-2026-06-14
KLNC0093,Kalyanpur,2026-06-14,2026-07-13,30,684.3590547071639,8528.026079127758,664.3920333098823,8164.276866822782,363.749212304976,4.2653388829948335,19.967021397281545,32.163386468749955,462.357922549872,-66.44532377614604,False,0.9708237638415914,30,0,90,0.0,19.967021397281464,4.2313617703737965,4.148691019556073,1.9537622946009812,True,LT-A,601-above,601-above,12.461333010018969,12.288342510896488,0.0,11873.629599169291,11495.038391457709,17.35,upper-middle,135651.37367469555,6,795.3408386808318,"(20),(21) + BERC slab bill",MB-KLNC0093-2026-06-14
KLNC0094,Kalyanpur,2026-06-14,2026-07-13,30,53.71795059082613,419.6032413838707,53.71795059082613,419.6032413838707,0.0,0.0,0.0,0.0,0.0,0.0,False,1.0,0,0,0,0.0,0.0,0.7109715025896866,0.7109715025896866,0.0,False,LT-A,1-75,1-75,7.811229519532898,7.811229519532898,0.0,331.97693465130544,331.97693465130544,6.18,lower-middle,19818.53394921832,3,795.3408386808318,"(20),(21) + BERC slab bill",MB-KLNC0094-2026-06-14
KLNC0095,Kalyanpur,2026-06-14,2026-07-13,30,135.3794079661305,1151.2109360977145,135.3794079661305,1151.2109360977145,0.0,0.0,0.0,0.0,0.0,0.0,False,1.0,0,0,0,0.0,0.0,0.8359392207150389,0.8359392207150389,0.0,False,LT-A,76-200,76-200,8.503589677284797,8.503589677284797,0.0,1150.724967712109,1150.724967712109,8.5,middle,32952.215931415405,4,795.3408386808318,"(20),(21) + BERC slab bill",MB-KLNC0095-2026-06-14
KLNC0096,Kalyanpur,2026-06-14,2026-07-13,30,185.95607257996576,1529.8647177761948,185.95607257996576,1529.8647177761948,0.0,0.0,0.0,0.0,0.0,0.0,False,1.0,0,0,0,0.0,0.0,0.628124282400951,0.628124282400951,0.0,False,LT-A,76-200,76-200,8.227022094792385,8.227022094792385,0.0,1580.6266169297087,1580.6266169297087,8.5,lower-middle,14728.194745116543,5,795.3408386808318,"(20),(21) + BERC slab bill",MB-KLNC0096-2026-06-14
KLNC0097,Kalyanpur,2026-06-14,2026-07-13,30,71.67768496120168,508.3653677132377,71.67768496120168,508.3653677132377,0.0,0.0,0.0,0.0,0.0,0.0,False,1.0,0,0,0,0.0,0.0,0.684970291855563,0.684970291855563,0.0,False,LT-A,1-75,1-75,7.092379838835617,7.092379838835617,0.0,442.9680930602262,442.9680930602262,6.18,lower-middle,14951.24936470818,5,795.3408386808318,"(20),(21) + BERC slab bill",MB-KLNC0097-2026-06-14
KLNC0098,Kalyanpur,2026-06-14,2026-07-13,30,224.7949670043892,1938.670229726939,224.7949670043892,1938.670229726939,0.0,0.0,0.0,0.0,0.0,0.0,False,1.0,0,0,0,0.0,0.0,1.100692372938792,1.100692372938792,0.0,False,LT-A,201-300,201-300,8.624170974829191,8.624170974829191,0.0,2045.634199739941,2045.634199739941,9.1,middle,32544.24002636844,5,795.3408386808318,"(20),(21) + BERC slab bill",MB-KLNC0098-2026-06-14
KLNC0099,Kalyanpur,2026-06-14,2026-07-13,30,126.93117886148636,1000.2407313387656,126.93117886148636,1000.2407313387656,0.0,0.0,0.0,0.0,0.0,0.0,False,1.0,0,0,0,0.0,0.0,0.5786406206266226,0.5786406206266226,0.0,False,LT-A,76-200,76-200,7.880181530735474,7.880181530735474,0.0,1078.915020322634,1078.915020322634,8.5,lower-middle,22922.401402272204,3,795.3408386808318,"(20),(21) + BERC slab bill",MB-KLNC0099-2026-06-14
KLNC0100,Kalyanpur,2026-06-14,2026-07-13,30,130.85338790198807,1079.9814870252435,130.85338790198807,1079.9814870252435,0.0,0.0,0.0,0.0,0.0,0.0,False,1.0,0,0,0,0.0,0.0,0.5615403415495286,0.5615403415495286,0.0,False,LT-A,76-200,76-200,8.25337046553332,8.25337046553332,0.0,1112.2537971668985,1112.2537971668985,8.5,middle,50449.8708480004,5,795.3408386808318,"(20),(21) + BERC slab bill",MB-KLNC0100-2026-06-14
KLNC0101,Kalyanpur,2026-06-14,2026-07-13,30,200.2673106832954,1723.2802935788875,200.2673106832954,1723.2802935788875,0.0,0.0,0.0,0.0,0.0,0.0,False,1.0,0,0,0,0.0,0.0,0.9792198351706598,0.9792198351706598,0.0,False,LT-A,201-300,201-300,8.604900558654323,8.604900558654323,0.0,1822.4325272179883,1822.4325272179883,9.1,middle,54487.56534798359,4,795.3408386808318,"(20),(21) + BERC slab bill",MB-KLNC0101-2026-06-14
KLNC0102,Kalyanpur,2026-06-14,2026-07-13,30,56.64369023509139,431.3118659355081,56.64369023509139,431.3118659355081,0.0,0.0,0.0,0.0,0.0,0.0,False,1.0,0,0,0,0.0,0.0,0.6805432047322644,0.6805432047322644,0.0,False,LT-A,1-75,1-75,7.614473282821281,7.614473282821281,0.0,350.0580056528649,350.0580056528649,6.18,lower-middle,14994.37689965637,4,795.3408386808318,"(20),(21) + BERC slab bill",MB-KLNC0102-2026-06-14
KLNC0103,Kalyanpur,2026-06-14,2026-07-13,30,39.31688544915642,241.67412211898775,39.31688544915642,241.67412211898775,0.0,0.0,0.0,0.0,0.0,0.0,False,1.0,0,0,0,0.0,0.0,0.2185236401510102,0.2185236401510102,0.0,False,LT-A,lifeline 0-50,lifeline 0-50,6.146827739738299,6.146827739738299,0.0,209.16583058951213,209.16583058951213,5.32,lower-middle,20143.35776806407,4,795.3408386808318,"(20),(21) + BERC slab bill",MB-KLNC0103-2026-06-14
KLNC0104,Kalyanpur,2026-06-14,2026-07-13,30,369.0878597385064,3431.443481218653,369.0878597385064,3431.443481218653,0.0,0.0,0.0,0.0,0.0,0.0,False,1.0,0,0,0,0.0,0.0,2.083388247162442,2.083388247162442,0.0,False,LT-A,301-400,301-400,9.297091168617095,9.297091168617095,0.0,3550.625210684432,3550.625210684432,9.62,upper-middle,128120.42554771484,6,795.3408386808318,"(20),(21) + BERC slab bill",MB-KLNC0104-2026-06-14
KLNC0105,Kalyanpur,2026-06-14,2026-07-13,30,388.3165390245575,3716.725640687056,370.8362661227101,3540.1574041054946,176.568236581561,4.7506395050704215,17.480272901847457,28.12852213625132,349.3714055201365,-144.67464680232416,False,0.9549844749189476,30,0,150,0.0,17.48027290184745,2.715774372824883,2.715774372824883,0.0,True,LT-A,301-400,301-400,9.57138125000647,9.546416377016516,0.0,3735.605105416243,3539.3163579642205,9.62,upper-middle,71066.87506438774,4,795.3408386808318,"(20),(21) + BERC slab bill",MB-KLNC0105-2026-06-14
KLNC0106,Kalyanpur,2026-06-14,2026-07-13,30,383.4329660943964,3601.021760519498,383.4329660943964,3601.021760519498,0.0,0.0,0.0,0.0,0.0,0.0,False,1.0,0,0,0,0.0,0.0,1.800867994276511,1.800867994276511,0.0,False,LT-A,301-400,301-400,9.391528843226723,9.391528843226723,0.0,3688.625133828093,3688.625133828093,9.62,upper-middle,107777.29943608392,4,795.3408386808318,"(20),(21) + BERC slab bill",MB-KLNC0106-2026-06-14
KLNC0107,Kalyanpur,2026-06-14,2026-07-13,30,268.9617092473896,2429.4133018588072,268.9617092473896,2429.4133018588072,0.0,0.0,0.0,0.0,0.0,0.0,False,1.0,0,0,0,0.0,0.0,1.4891579901240966,1.4891579901240966,0.0,False,LT-A,201-300,201-300,9.0325619533606,9.0325619533606,0.0,2447.5515541512445,2447.5515541512445,9.1,upper-middle,156650.624308674,6,795.3408386808318,"(20),(21) + BERC slab bill",MB-KLNC0107-2026-06-14
KLNC0108,Kalyanpur,2026-06-14,2026-07-13,30,121.12898502449504,981.0945613436184,121.12898502449504,981.0945613436184,0.0,0.0,0.0,0.0,0.0,0.0,False,1.0,0,0,0,0.0,0.0,0.730079112476925,0.730079112476925,0.0,False,LT-A,76-200,76-200,8.099585422475212,8.099585422475212,0.0,1029.5963727082078,1029.5963727082078,8.5,lower-middle,24725.06253426955,5,795.3408386808318,"(20),(21) + BERC slab bill",MB-KLNC0108-2026-06-14
KLNC0109,Kalyanpur,2026-06-14,2026-07-13,30,152.90311128409724,1204.0102682105678,152.90311128409724,1204.0102682105678,0.0,0.0,0.0,0.0,0.0,0.0,False,1.0,0,0,0,0.0,0.0,0.4206754943770358,0.4206754943770358,0.0,False,LT-A,76-200,76-200,7.8743346561044865,7.8743346561044865,0.0,1299.6764459148271,1299.6764459148271,8.5,middle,41356.52381854206,5,795.3408386808318,"(20),(21) + BERC slab bill",MB-KLNC0109-2026-06-14
KLNC0110,Kalyanpur,2026-06-14,2026-07-13,30,76.63241938392619,556.3958030015413,76.63241938392619,556.3958030015413,0.0,0.0,0.0,0.0,0.0,0.0,False,1.0,0,0,0,0.0,0.0,0.5589823306542387,0.5589823306542387,0.0,False,LT-A,76-200,76-200,7.260579888702384,7.260579888702384,0.0,651.3755647633725,651.3755647633725,8.5,lower-middle,23127.16915755259,3,795.3408386808318,"(20),(21) + BERC slab bill",MB-KLNC0110-2026-06-14
KLNC0111,Kalyanpur,2026-06-14,2026-07-13,30,176.90212332043112,1581.1641806348478,176.90212332043112,1581.1641806348478,0.0,0.0,0.0,0.0,0.0,0.0,False,1.0,0,0,0,0.0,0.0,1.076870370382255,1.076870370382255,0.0,False,LT-A,76-200,76-200,8.938073500513111,8.938073500513111,0.0,1503.668048223664,1503.668048223664,8.5,middle,53699.243818457246,4,795.3408386808318,"(20),(21) + BERC slab bill",MB-KLNC0111-2026-06-14
KLNC0112,Kalyanpur,2026-06-14,2026-07-13,30,280.6573517094078,2504.606265583391,280.6573517094078,2504.606265583391,0.0,0.0,0.0,0.0,0.0,0.0,False,1.0,0,0,0,0.0,0.0,1.37451331701214,1.37451331701214,0.0,False,LT-A,201-300,201-300,8.92407147123891,8.92407147123891,0.0,2553.9819005556105,2553.9819005556105,9.1,upper-middle,76683.99071121465,6,795.3408386808318,"(20),(21) + BERC slab bill",MB-KLNC0112-2026-06-14
KLNC0113,Kalyanpur,2026-06-14,2026-07-13,30,233.4230805867652,2052.643355006541,233.4230805867652,2052.643355006541,0.0,0.0,0.0,0.0,0.0,0.0,False,1.0,0,0,0,0.0,0.0,1.3815974507303448,1.3815974507303448,0.0,False,LT-A,201-300,201-300,8.79366063478696,8.79366063478696,0.0,2124.1500333395625,2124.1500333395625,9.1,middle,53712.83168363151,5,795.3408386808318,"(20),(21) + BERC slab bill",MB-KLNC0113-2026-06-14
KLNC0114,Kalyanpur,2026-06-14,2026-07-13,30,458.5673313685224,4722.285796033598,451.4989738338544,4610.884947108463,111.4008489251346,2.3590450416767195,7.068357534667996,21.20507260400397,168.13808725063103,-35.53216572149248,False,0.9845859984975956,16,0,64,0.0,7.068357534667989,1.9675599416914455,1.9675599416914455,0.0,True,LT-A,401-600,401-600,10.29791150176502,10.21239297169523,0.0,6883.095643841522,6755.794524642151,15.01,upper-middle,152149.8453319561,5,795.3408386808318,"(20),(21) + BERC slab bill",MB-KLNC0114-2026-06-14
KLNC0115,Kalyanpur,2026-06-14,2026-07-13,30,116.70513749056212,972.865392103267,116.70513749056212,972.865392103267,0.0,0.0,0.0,0.0,0.0,0.0,False,1.0,0,0,0,0.0,0.0,0.7385323282191857,0.7385323282191857,0.0,False,LT-A,76-200,76-200,8.336097390587815,8.336097390587815,0.0,991.9936686697783,991.9936686697783,8.5,middle,33748.25935314296,4,795.3408386808318,"(20),(21) + BERC slab bill",MB-KLNC0115-2026-06-14
KLNC0116,Kalyanpur,2026-06-14,2026-07-13,30,761.7124321357949,9939.689652433844,761.7124321357949,9939.689652433844,0.0,0.0,0.0,0.0,0.0,0.0,False,1.0,0,0,0,0.0,0.0,4.856851334527162,4.856851334527162,0.0,False,LT-A,601-above,601-above,13.049136699218057,13.049136699218057,0.0,13215.710697556036,13215.710697556036,17.35,upper-middle,194987.857932438,5,795.3408386808318,"(20),(21) + BERC slab bill",MB-KLNC0116-2026-06-14
KLNC0117,Kalyanpur,2026-06-14,2026-07-13,30,88.04404501993272,645.8524618028996,88.04404501993272,645.8524618028996,0.0,0.0,0.0,0.0,0.0,0.0,False,1.0,0,0,0,0.0,0.0,0.56457132164401,0.56457132164401,0.0,False,LT-A,76-200,76-200,7.335560987193193,7.335560987193193,0.0,748.3743826694285,748.3743826694285,8.5,lower-middle,16610.156940438694,5,795.3408386808318,"(20),(21) + BERC slab bill",MB-KLNC0117-2026-06-14
KLNC0118,Kalyanpur,2026-06-14,2026-07-13,30,517.1171661504761,5644.862017114579,517.1171661504761,5644.862017114579,0.0,0.0,0.0,0.0,0.0,0.0,False,1.0,0,0,0,0.0,0.0,2.266728918069008,2.266728918069008,0.0,False,LT-A,401-600,401-600,10.91602133252714,10.91602133252714,0.0,7761.928663918646,7761.928663918646,15.01,upper-middle,155299.00605608136,4,795.3408386808318,"(20),(21) + BERC slab bill",MB-KLNC0118-2026-06-14
KLNC0119,Kalyanpur,2026-06-14,2026-07-13,30,185.07200279529576,1586.1751749480145,185.07200279529576,1586.1751749480145,0.0,0.0,0.0,0.0,0.0,0.0,False,1.0,0,0,0,0.0,0.0,1.153528887559556,1.153528887559556,0.0,False,LT-A,76-200,76-200,8.570584156386147,8.570584156386147,0.0,1573.1120237600137,1573.1120237600137,8.5,middle,44963.20687925797,4,795.3408386808318,"(20),(21) + BERC slab bill",MB-KLNC0119-2026-06-14
KLNC0120,Kalyanpur,2026-06-14,2026-07-13,30,492.56205176403125,5226.929396827014,456.81577523296767,4663.550205559187,563.3791912678271,10.778396808072904,35.746276531063586,57.58220830018148,604.8146096093336,16.146789958674958,True,0.927427871467069,30,0,120,0.0,35.74627653106353,2.90402016277686,2.90402016277686,0.0,True,LT-A,401-600,401-600,10.61171760615259,10.208820400698423,0.0,7393.356396978108,6799.222577946663,15.01,upper-middle,80253.5823932205,6,795.3408386808318,"(20),(21) + BERC slab bill",MB-KLNC0120-2026-06-14
KLNC0121,Kalyanpur,2026-06-14,2026-07-13,30,174.1314928774703,1489.8497139314222,174.1314928774703,1489.8497139314222,0.0,0.0,0.0,0.0,0.0,0.0,False,1.0,0,0,0,0.0,0.0,0.9091027803756232,0.9091027803756232,0.0,False,LT-A,76-200,76-200,8.555888939514077,8.555888939514077,0.0,1480.1176894584974,1480.1176894584974,8.5,middle,29957.61604417121,4,795.3408386808318,"(20),(21) + BERC slab bill",MB-KLNC0121-2026-06-14
KLNC0122,Kalyanpur,2026-06-14,2026-07-13,30,269.48049306214847,2450.3256612088285,269.48049306214847,2450.3256612088285,0.0,0.0,0.0,0.0,0.0,0.0,False,1.0,0,0,0,0.0,0.0,2.193014582195235,2.193014582195235,0.0,False,LT-A,201-300,201-300,9.092775634204166,9.092775634204166,0.0,2452.272486865552,2452.272486865552,9.1,middle,58493.44308682438,5,795.3408386808318,"(20),(21) + BERC slab bill",MB-KLNC0122-2026-06-14
KLNC0123,Kalyanpur,2026-06-14,2026-07-13,30,147.8444801990225,1289.4112157762756,147.8444801990225,1289.4112157762756,0.0,0.0,0.0,0.0,0.0,0.0,False,1.0,0,0,0,0.0,0.0,0.7472921096486982,0.7472921096486982,0.0,False,LT-A,76-200,76-200,8.72140247671418,8.72140247671418,0.0,1256.6780816916914,1256.6780816916914,8.5,middle,48093.805669736845,4,795.3408386808318,"(20),(21) + BERC slab bill",MB-KLNC0123-2026-06-14
KLNC0124,Kalyanpur,2026-06-14,2026-07-13,30,279.2376449235308,2524.609887244337,279.2376449235308,2524.609887244337,0.0,0.0,0.0,0.0,0.0,0.0,False,1.0,0,0,0,0.0,0.0,1.1773828380022413,1.1773828380022413,0.0,False,LT-A,201-300,201-300,9.041080001715748,9.041080001715748,0.0,2541.06256880413,2541.06256880413,9.1,upper-middle,154562.86958162347,4,795.3408386808318,"(20),(21) + BERC slab bill",MB-KLNC0124-2026-06-14
KLNC0125,Kalyanpur,2026-06-14,2026-07-13,30,577.5812948622486,6640.804417676469,577.0768727080019,6632.854472314464,7.949945362004655,0.1197135898302247,0.5044221542466403,1.5132664627401102,9.384165757777666,0.0790460669671002,True,0.9991266646639464,2,0,10,0.0,0.5044221542467033,3.32979102266436,3.32979102266436,0.0,True,LT-A,401-600,401-600,11.497609906602465,11.49388371983962,0.0,8669.495235882352,8660.41059288437,15.01,upper-middle,158962.37825541466,6,795.3408386808318,"(20),(21) + BERC slab bill",MB-KLNC0125-2026-06-14
KLNC0126,Kalyanpur,2026-06-14,2026-07-13,30,171.68550727129715,1477.050972396327,171.68550727129715,1477.050972396327,0.0,0.0,0.0,0.0,0.0,0.0,False,1.0,0,0,0,0.0,0.0,1.1624939891493788,1.1624939891493788,0.0,False,LT-A,76-200,76-200,8.603236207132463,8.603236207132463,0.0,1459.3268118060255,1459.3268118060255,8.5,middle,58844.80945890211,5,795.3408386808318,"(20),(21) + BERC slab bill",MB-KLNC0126-2026-06-14
KLNC0127,Kalyanpur,2026-06-14,2026-07-13,30,232.8621153263047,2037.1447419428412,232.8621153263047,2037.1447419428412,0.0,0.0,0.0,0.0,0.0,0.0,False,1.0,0,0,0,0.0,0.0,1.0377727161824992,1.0377727161824992,0.0,False,LT-A,201-300,201-300,8.74828753955204,8.74828753955204,0.0,2119.045249469372,2119.045249469372,9.1,middle,54484.44314946444,4,795.3408386808318,"(20),(21) + BERC slab bill",MB-KLNC0127-2026-06-14
KLNC0128,Kalyanpur,2026-06-14,2026-07-13,30,31.04327000555308,221.67515625101956,31.04327000555308,221.67515625101956,0.0,0.0,0.0,0.0,0.0,0.0,False,1.0,0,0,0,0.0,0.0,0.5822859589312849,0.5822859589312849,0.0,False,LT-A,lifeline 0-50,lifeline 0-50,7.140844254209233,7.140844254209233,0.0,165.15019642954238,165.15019642954238,5.32,lower-middle,11505.4524405958,5,795.3408386808318,"(20),(21) + BERC slab bill",MB-KLNC0128-2026-06-14
KLNC0129,Kalyanpur,2026-06-14,2026-07-13,30,105.16433645423491,866.1681628540467,105.16433645423491,866.1681628540467,0.0,0.0,0.0,0.0,0.0,0.0,False,1.0,0,0,0,0.0,0.0,0.5953294284521123,0.5953294284521123,0.0,False,LT-A,76-200,76-200,8.236329843919883,8.236329843919883,0.0,893.8968598609969,893.8968598609969,8.5,lower-middle,22356.91868901848,3,795.3408386808318,"(20),(21) + BERC slab bill",MB-KLNC0129-2026-06-14
KLNC0130,Kalyanpur,2026-06-14,2026-07-13,30,446.5883340896875,4538.099259420521,425.7235211939436,4209.259375777147,328.83988364337347,7.246202977176918,20.864812895743967,33.57629791462343,414.02589901497777,-51.60971745698089,False,0.9532795388883716,30,0,180,0.0,20.864812895744127,3.0300299464756884,2.648438996840909,12.593636247015258,True,LT-A,401-600,401-600,10.161705788107628,9.887307527599743,0.0,6703.290894686212,6356.533755206466,15.01,upper-middle,129648.3977430806,5,795.3408386808318,"(20),(21) + BERC slab bill",MB-KLNC0130-2026-06-14
KLNC0131,Kalyanpur,2026-06-14,2026-07-13,30,334.3573276394324,3105.0970564859063,334.3573276394324,3105.0970564859063,0.0,0.0,0.0,0.0,0.0,0.0,False,1.0,0,0,0,0.0,0.0,1.5723189770691643,1.5723189770691643,0.0,False,LT-A,301-400,301-400,9.286762394017014,9.286762394017014,0.0,3216.5174918913376,3216.5174918913376,9.62,upper-middle,147055.90263889343,6,795.3408386808318,"(20),(21) + BERC slab bill",MB-KLNC0131-2026-06-14
KLNC0132,Kalyanpur,2026-06-14,2026-07-13,30,709.7034247506091,8931.92204039422,677.4556648940909,8344.4484752081,587.4735651861192,6.577235700550186,32.2477598565182,96.74327956955412,788.5468683601906,-104.33002360451724,False,0.9545616397893952,16,0,96,0.0,32.24775985651804,2.914026096450245,2.804107990083782,3.772035758374324,True,LT-A,601-above,601-above,12.58542896778737,12.317335152127804,0.0,12313.354419423067,11657.112506342924,17.35,upper-middle,88552.7490389319,6,795.3408386808318,"(20),(21) + BERC slab bill",MB-KLNC0132-2026-06-14
KLNC0133,Kalyanpur,2026-06-14,2026-07-13,30,79.07193083035482,545.0669826609168,79.07193083035482,545.0669826609168,0.0,0.0,0.0,0.0,0.0,0.0,False,1.0,0,0,0,0.0,0.0,0.2068028827556524,0.2068028827556524,0.0,False,LT-A,76-200,76-200,6.893305588178096,6.893305588178096,0.0,672.1114120580158,672.1114120580158,8.5,lower-middle,12403.10509739221,5,795.3408386808318,"(20),(21) + BERC slab bill",MB-KLNC0133-2026-06-14
KLNC0134,Kalyanpur,2026-06-14,2026-07-13,30,133.549616022314,1156.4934529991526,133.549616022314,1156.4934529991526,0.0,0.0,0.0,0.0,0.0,0.0,False,1.0,0,0,0,0.0,0.0,0.6831867809632647,0.6831867809632647,0.0,False,LT-A,76-200,76-200,8.659653898262958,8.659653898262958,0.0,1135.1717361896688,1135.1717361896688,8.5,middle,28417.947775134337,4,795.3408386808318,"(20),(21) + BERC slab bill",MB-KLNC0134-2026-06-14
KLNC0135,Kalyanpur,2026-06-14,2026-07-13,30,690.0053439464314,8626.018713344114,642.2977098305371,7756.90488883781,869.1138245063039,10.075491989854124,47.70763411589428,76.81490157192181,947.387265461931,-1.4585393837052152,False,0.9308590367676948,30,0,150,0.0,47.70763411589429,3.668958498537145,3.668958498537145,0.0,True,LT-A,601-above,601-above,12.501379574842533,12.076806082469734,0.0,11971.592717470588,11067.0503639879,17.35,upper-middle,112992.55069896887,6,795.3408386808318,"(20),(21) + BERC slab bill",MB-KLNC0135-2026-06-14
KLNC0136,Kalyanpur,2026-06-14,2026-07-13,30,207.40070095167292,1832.223517593235,202.76534261396571,1787.9326686764427,44.29084891679236,2.417327825535814,4.635358337707203,7.437365866516515,88.01381486600711,-36.28560008269824,False,0.9776502281986632,30,0,180,0.0,4.635358337707204,0.8408967936726965,0.8408967936726965,0.0,True,LT-A,201-300,201-300,8.834220468812045,8.817742941802404,0.0,1887.346378660224,1837.7272519205724,9.1,upper-middle,142263.32657971792,4,795.3408386808318,"(20),(21) + BERC slab bill",MB-KLNC0136-2026-06-14
KLNC0137,Kalyanpur,2026-06-14,2026-07-13,30,105.90089903563384,840.5401638930321,105.90089903563384,840.5401638930321,0.0,0.0,0.0,0.0,0.0,0.0,False,1.0,0,0,0,0.0,0.0,0.8479604977293661,0.8479604977293661,0.0,False,LT-A,76-200,76-200,7.937044647847651,7.937044647847651,0.0,900.1576418028878,900.1576418028878,8.5,lower-middle,15575.44271765458,3,795.3408386808318,"(20),(21) + BERC slab bill",MB-KLNC0137-2026-06-14
KLNC0138,Kalyanpur,2026-06-14,2026-07-13,30,165.43710569641112,1421.2795783404697,165.43710569641112,1421.2795783404697,0.0,0.0,0.0,0.0,0.0,0.0,False,1.0,0,0,0,0.0,0.0,0.8977647030923472,0.8977647030923472,0.0,False,LT-A,76-200,76-200,8.591056839138728,8.591056839138728,0.0,1406.2153984194945,1406.2153984194945,8.5,middle,31053.095539188867,4,795.3408386808318,"(20),(21) + BERC slab bill",MB-KLNC0138-2026-06-14
KLNC0139,Kalyanpur,2026-06-14,2026-07-13,30,181.14462603333848,1586.6150173475455,181.14462603333848,1586.6150173475455,0.0,0.0,0.0,0.0,0.0,0.0,False,1.0,0,0,0,0.0,0.0,0.8628376231220072,0.8628376231220072,0.0,False,LT-A,76-200,76-200,8.758830179458593,8.758830179458593,0.0,1539.7293212833774,1539.7293212833774,8.5,middle,42042.22733959032,5,795.3408386808318,"(20),(21) + BERC slab bill",MB-KLNC0139-2026-06-14
KLNC0140,Kalyanpur,2026-06-14,2026-07-13,30,193.8645375697461,1643.0307278099842,193.8645375697461,1643.0307278099842,0.0,0.0,0.0,0.0,0.0,0.0,False,1.0,0,0,0,0.0,0.0,0.9179474268766208,0.9179474268766208,0.0,False,LT-A,76-200,76-200,8.475148412426257,8.475148412426257,0.0,1647.8485693428415,1647.8485693428415,8.5,middle,39994.28262669851,5,795.3408386808318,"(20),(21) + BERC slab bill",MB-KLNC0140-2026-06-14
KLNC0141,Kalyanpur,2026-06-14,2026-07-13,30,235.27310494401183,2067.0260677400333,235.27310494401183,2067.0260677400333,0.0,0.0,0.0,0.0,0.0,0.0,False,1.0,0,0,0,0.0,0.0,1.573265027101758,1.573265027101758,0.0,False,LT-A,201-300,201-300,8.785645381064382,8.785645381064382,0.0,2140.985254990508,2140.985254990508,9.1,middle,46662.42409009307,5,795.3408386808318,"(20),(21) + BERC slab bill",MB-KLNC0141-2026-06-14
KLNC0142,Kalyanpur,2026-06-14,2026-07-13,30,74.40157083113665,540.5892531232456,74.40157083113665,540.5892531232456,0.0,0.0,0.0,0.0,0.0,0.0,False,1.0,0,0,0,0.0,0.0,0.6410111773188366,0.6410111773188366,0.0,False,LT-A,1-75,1-75,7.265831179158544,7.265831179158544,0.0,459.8017077364244,459.8017077364244,6.18,lower-middle,24665.785328290272,5,795.3408386808318,"(20),(21) + BERC slab bill",MB-KLNC0142-2026-06-14
KLNC0143,Kalyanpur,2026-06-14,2026-07-13,30,170.27052415836295,1485.1580681133894,170.27052415836295,1485.1580681133894,0.0,0.0,0.0,0.0,0.0,0.0,False,1.0,0,0,0,0.0,0.0,0.8801494487532391,0.8801494487532391,0.0,False,LT-A,76-200,76-200,8.722343902178238,8.722343902178238,0.0,1447.2994553460846,1447.2994553460846,8.5,middle,48358.898657874,4,795.3408386808318,"(20),(21) + BERC slab bill",MB-KLNC0143-2026-06-14
KLNC0144,Kalyanpur,2026-06-14,2026-07-13,30,140.56622729059168,1188.5201285685307,140.56622729059168,1188.5201285685307,0.0,0.0,0.0,0.0,0.0,0.0,False,1.0,0,0,0,0.0,0.0,0.828921773259824,0.828921773259824,0.0,False,LT-A,76-200,76-200,8.4552324657011,8.4552324657011,0.0,1194.8129319700297,1194.8129319700297,8.5,middle,53739.197090974514,4,795.3408386808318,"(20),(21) + BERC slab bill",MB-KLNC0144-2026-06-14
KLNC0145,Kalyanpur,2026-06-14,2026-07-13,30,408.3577616807116,3906.438272968856,394.1173550610104,3715.2951734712656,191.1430994975899,4.893027513585233,14.240406619701275,22.905345602765653,265.4797398686541,-51.43129476829856,False,0.9651276210323744,30,0,150,0.0,14.24040661970119,1.827733103722328,1.821034596670012,0.3664926262305021,True,LT-A,401-600,301-400,9.56621531299125,9.426875334876152,0.0,6129.4500028274815,5892.796153863003,15.01,upper-middle,180137.85600779855,6,795.3408386808318,"(20),(21) + BERC slab bill",MB-KLNC0145-2026-06-14
KLNC0146,Kalyanpur,2026-06-14,2026-07-13,30,414.2984062809361,4024.298752190693,394.9458053282344,3747.896299620496,276.40245257019706,6.868338301666416,19.352600952701664,31.16396372237257,271.90709450862346,35.659321783946154,True,0.9532882563405788,30,0,150,0.0,19.352600952701813,2.12297060852964,2.12297060852964,0.0,True,LT-A,401-600,301-400,9.713526992092296,9.489647058045517,0.0,6218.619078276853,5896.972574254423,15.01,upper-middle,168147.66477042582,5,795.3408386808318,"(20),(21) + BERC slab bill",MB-KLNC0146-2026-06-14
KLNC0147,Kalyanpur,2026-06-14,2026-07-13,30,73.91165968650803,564.9771297057506,73.91165968650803,564.9771297057506,0.0,0.0,0.0,0.0,0.0,0.0,False,1.0,0,0,0,0.0,0.0,0.8635792689610793,0.8635792689610793,0.0,False,LT-A,1-75,1-75,7.643951334634724,7.643951334634724,0.0,456.7740568626196,456.7740568626196,6.18,lower-middle,17555.401788121202,3,795.3408386808318,"(20),(21) + BERC slab bill",MB-KLNC0147-2026-06-14
KLNC0148,Kalyanpur,2026-06-14,2026-07-13,30,277.2706526994575,2459.4882265433166,277.2706526994575,2459.4882265433166,0.0,0.0,0.0,0.0,0.0,0.0,False,1.0,0,0,0,0.0,0.0,1.3385164101949767,1.3385164101949767,0.0,False,LT-A,201-300,201-300,8.870351775776408,8.870351775776408,0.0,2523.1629395650634,2523.1629395650634,9.1,middle,54460.37272882002,5,795.3408386808318,"(20),(21) + BERC slab bill",MB-KLNC0148-2026-06-14
KLNC0149,Kalyanpur,2026-06-14,2026-07-13,30,263.5080008173748,2335.6991778100164,263.5080008173748,2335.6991778100164,0.0,0.0,0.0,0.0,0.0,0.0,False,1.0,0,0,0,0.0,0.0,1.6993479989634903,1.6993479989634903,0.0,False,LT-A,201-300,201-300,8.863864362998152,8.863864362998152,0.0,2397.922807438111,2397.922807438111,9.1,middle,38790.3327822327,4,795.3408386808318,"(20),(21) + BERC slab bill",MB-KLNC0149-2026-06-14
KLNC0150,Kalyanpur,2026-06-14,2026-07-13,30,133.4495586734026,1063.9165411601182,133.4495586734026,1063.9165411601182,0.0,0.0,0.0,0.0,0.0,0.0,False,1.0,0,0,0,0.0,0.0,1.0863432200232417,1.0863432200232417,0.0,False,LT-A,76-200,76-200,7.972424575519888,7.972424575519888,0.0,1134.321248723922,1134.321248723922,8.5,middle,58702.14418995933,5,795.3408386808318,"(20),(21) + BERC slab bill",MB-KLNC0150-2026-06-14
KLNC0151,Kalyanpur,2026-06-14,2026-07-13,30,57.08882009720424,424.7232236107584,57.08882009720424,424.7232236107584,0.0,0.0,0.0,0.0,0.0,0.0,False,1.0,0,0,0,0.0,0.0,0.5918776091131395,0.5918776091131395,0.0,False,LT-A,1-75,1-75,7.439691745031492,7.439691745031492,0.0,352.80890820072204,352.80890820072204,6.18,lower-middle,13547.18850035293,3,795.3408386808318,"(20),(21) + BERC slab bill",MB-KLNC0151-2026-06-14
KLNC0152,Kalyanpur,2026-06-14,2026-07-13,30,162.1242959962872,1384.877251766863,162.1242959962872,1384.877251766863,0.0,0.0,0.0,0.0,0.0,0.0,False,1.0,0,0,0,0.0,0.0,1.0681071537270677,1.0681071537270677,0.0,False,LT-A,76-200,76-200,8.54207102801284,8.54207102801284,0.0,1378.0565159684415,1378.0565159684415,8.5,middle,29055.13138499108,5,795.3408386808318,"(20),(21) + BERC slab bill",MB-KLNC0152-2026-06-14
KLNC0153,Kalyanpur,2026-06-14,2026-07-13,30,159.52422617369936,1321.1172686002667,159.52422617369936,1321.1172686002667,0.0,0.0,0.0,0.0,0.0,0.0,False,1.0,0,0,0,0.0,0.0,0.9424101435175992,0.9424101435175992,0.0,False,LT-A,76-200,76-200,8.281609008789403,8.281609008789403,0.0,1355.955922476445,1355.955922476445,8.5,middle,53355.52904317243,5,795.3408386808318,"(20),(21) + BERC slab bill",MB-KLNC0153-2026-06-14
KLNC0154,Kalyanpur,2026-06-14,2026-07-13,30,333.91074594026463,3093.971134742613,325.2022367393357,3006.00648330403,87.96465143858313,2.843098645970428,8.708509200928916,14.007262793850956,145.80461031444986,-43.83269608201577,False,0.973919649766268,30,0,150,0.0,8.708509200928802,1.8741067842751216,1.8741067842751216,0.0,True,LT-A,301-400,301-400,9.265862726370935,9.243498794608476,0.0,3212.221375945345,3114.438254638558,9.62,upper-middle,73836.42327725161,4,795.3408386808318,"(20),(21) + BERC slab bill",MB-KLNC0154-2026-06-14
KLNC0155,Kalyanpur,2026-06-14,2026-07-13,30,567.4277307324703,6407.961250209097,557.2195442576958,6247.075127273414,160.88612293568258,2.510722469341286,10.208186474774491,16.381975260927454,222.5037703482198,-45.235672151609776,False,0.9820097152079664,30,0,180,0.0,10.208186474774449,2.6856424399862995,2.6856424399862995,0.0,True,LT-A,401-600,401-600,11.292999800939072,11.211155803222054,0.0,8517.090238294377,8347.48338404709,15.01,upper-middle,191666.9202727416,5,795.3408386808318,"(20),(21) + BERC slab bill",MB-KLNC0155-2026-06-14
KLNC0156,Kalyanpur,2026-06-14,2026-07-13,30,468.1057847159279,4798.497720015382,468.1057847159279,4798.497720015382,0.0,0.0,0.0,0.0,0.0,0.0,False,1.0,0,0,0,0.0,0.0,2.500499139030273,2.500499139030273,0.0,False,LT-A,401-600,401-600,10.250883190703084,10.250883190703084,0.0,7026.2678285860775,7026.2678285860775,15.01,middle,58288.24077259856,5,795.3408386808318,"(20),(21) + BERC slab bill",MB-KLNC0156-2026-06-14
KLNC0157,Kalyanpur,2026-06-14,2026-07-13,30,174.7146737099286,1533.6509228611126,174.7146737099286,1533.6509228611126,0.0,0.0,0.0,0.0,0.0,0.0,False,1.0,0,0,0,0.0,0.0,0.8139321907149963,0.8139321907149963,0.0,False,LT-A,76-200,76-200,8.778031577401268,8.778031577401268,0.0,1485.074726534393,1485.074726534393,8.5,upper-middle,162669.6762795134,6,795.3408386808318,"(20),(21) + BERC slab bill",MB-KLNC0157-2026-06-14
KLNC0158,Kalyanpur,2026-06-14,2026-07-13,30,264.5338066289344,2353.024212339468,258.1362854341903,2291.8958973236886,61.12831501577966,2.597861708996335,6.397521194744115,19.19256358423245,111.45446601775495,-31.133587417742845,False,0.9758158653660548,16,0,96,0.0,6.397521194744149,1.31618941076138,1.2494678690587762,5.069296345729381,True,LT-A,201-300,201-300,8.894984888037735,8.878627402066604,0.0,2407.257640323304,2329.8476338668997,9.1,upper-middle,122201.13426088404,5,795.3408386808318,"(20),(21) + BERC slab bill",MB-KLNC0158-2026-06-14
KLNC0159,Kalyanpur,2026-06-14,2026-07-13,30,54.51267258498861,392.5186824039912,54.51267258498861,392.5186824039912,0.0,0.0,0.0,0.0,0.0,0.0,False,1.0,0,0,0,0.0,0.0,0.8167199724463886,0.8167199724463886,0.0,False,LT-A,1-75,1-75,7.200503365378579,7.200503365378579,0.0,336.8883165752296,336.8883165752296,6.18,lower-middle,16999.2049298877,4,795.3408386808318,"(20),(21) + BERC slab bill",MB-KLNC0159-2026-06-14
KLNC0160,Kalyanpur,2026-06-14,2026-07-13,30,110.64614992195968,953.4471180534902,110.64614992195968,953.4471180534902,0.0,0.0,0.0,0.0,0.0,0.0,False,1.0,0,0,0,0.0,0.0,0.9421720934956012,0.9421720934956012,0.0,False,LT-A,76-200,76-200,8.61708354719952,8.61708354719952,0.0,940.4922743366574,940.4922743366574,8.5,middle,59862.01792625753,4,795.3408386808318,"(20),(21) + BERC slab bill",MB-KLNC0160-2026-06-14
KLNC0161,Kalyanpur,2026-06-14,2026-07-13,30,170.92578163064,1430.5716010534618,170.92578163064,1430.5716010534618,0.0,0.0,0.0,0.0,0.0,0.0,False,1.0,0,0,0,0.0,0.0,1.0136684190937575,1.0136684190937575,0.0,False,LT-A,76-200,76-200,8.36954839349419,8.36954839349419,0.0,1452.8691438604396,1452.8691438604396,8.5,middle,38358.118727941175,5,795.3408386808318,"(20),(21) + BERC slab bill",MB-KLNC0161-2026-06-14
KLNC0162,Kalyanpur,2026-06-14,2026-07-13,30,206.02856642617476,1844.9156822021,206.02856642617476,1844.9156822021,0.0,0.0,0.0,0.0,0.0,0.0,False,1.0,0,0,0,0.0,0.0,1.5132705891733014,1.5132705891733014,0.0,False,LT-A,201-300,201-300,8.95465960960894,8.95465960960894,0.0,1874.8599544781896,1874.8599544781896,9.1,middle,26224.498035315653,4,795.3408386808318,"(20),(21) + BERC slab bill",MB-KLNC0162-2026-06-14
KLNC0163,Kalyanpur,2026-06-14,2026-07-13,30,145.393515631273,1165.4536770091115,145.393515631273,1165.4536770091115,0.0,0.0,0.0,0.0,0.0,0.0,False,1.0,0,0,0,0.0,0.0,0.7458479152508677,0.7458479152508677,0.0,False,LT-A,76-200,76-200,8.015857323133824,8.015857323133824,0.0,1235.8448828658204,1235.8448828658204,8.5,middle,52320.561746518506,5,795.3408386808318,"(20),(21) + BERC slab bill",MB-KLNC0163-2026-06-14
KLNC0164,Kalyanpur,2026-06-14,2026-07-13,30,91.33146486073367,738.4805938820482,91.33146486073367,738.4805938820482,0.0,0.0,0.0,0.0,0.0,0.0,False,1.0,0,0,0,0.0,0.0,1.0482873630904592,1.0482873630904592,0.0,False,LT-A,76-200,76-200,8.085719363070728,8.085719363070728,0.0,776.3174513162364,776.3174513162364,8.5,lower-middle,11846.152073229983,5,795.3408386808318,"(20),(21) + BERC slab bill",MB-KLNC0164-2026-06-14
KLNC0165,Kalyanpur,2026-06-14,2026-07-13,30,165.37800393988417,1395.628325163466,165.37800393988417,1395.628325163466,0.0,0.0,0.0,0.0,0.0,0.0,False,1.0,0,0,0,0.0,0.0,0.7301923912242115,0.7301923912242115,0.0,False,LT-A,76-200,76-200,8.439020256108453,8.439020256108453,0.0,1405.713033489015,1405.713033489015,8.5,middle,32198.59898251455,4,795.3408386808318,"(20),(21) + BERC slab bill",MB-KLNC0165-2026-06-14
KLNC0166,Kalyanpur,2026-06-14,2026-07-13,30,89.25701084704615,647.0158718098868,89.25701084704615,647.0158718098868,0.0,0.0,0.0,0.0,0.0,0.0,False,1.0,0,0,0,0.0,0.0,0.6521463883855988,0.6521463883855988,0.0,False,LT-A,76-200,76-200,7.248908132478638,7.248908132478638,0.0,758.6845921998923,758.6845921998923,8.5,lower-middle,10754.74117510643,4,795.3408386808318,"(20),(21) + BERC slab bill",MB-KLNC0166-2026-06-14
KLNC0167,Kalyanpur,2026-06-14,2026-07-13,30,550.3155967666349,6158.754322840549,527.4054593349706,5797.679101848804,361.0752209917455,5.862796306919575,22.91013743166434,36.86117517816766,468.9854189355059,-71.04902276559272,False,0.9583690929963236,30,0,150,0.0,22.9101374316644,3.1699708769811616,3.1699708769811616,0.0,True,LT-A,401-600,401-600,11.191313419111054,10.992831035839789,0.0,8260.23710746719,7879.494769439741,15.01,upper-middle,159117.4827318039,4,795.3408386808318,"(20),(21) + BERC slab bill",MB-KLNC0167-2026-06-14
KLNC0168,Kalyanpur,2026-06-14,2026-07-13,30,190.0130321283047,1621.4318117451196,190.0130321283047,1621.4318117451196,0.0,0.0,0.0,0.0,0.0,0.0,False,1.0,0,0,0,0.0,0.0,1.0893179040743552,1.0893179040743552,0.0,False,LT-A,76-200,76-200,8.53326634275412,8.53326634275412,0.0,1615.11077309059,1615.11077309059,8.5,upper-middle,105074.84643195556,4,795.3408386808318,"(20),(21) + BERC slab bill",MB-KLNC0168-2026-06-14
KLNC0169,Kalyanpur,2026-06-14,2026-07-13,30,144.9990504079944,1196.7764848913498,144.9990504079944,1196.7764848913498,0.0,0.0,0.0,0.0,0.0,0.0,False,1.0,0,0,0,0.0,0.0,0.8255574352096824,0.8255574352096824,0.0,False,LT-A,76-200,76-200,8.253684982928458,8.253684982928458,0.0,1232.4919284679524,1232.4919284679524,8.5,lower-middle,22026.305060301005,4,795.3408386808318,"(20),(21) + BERC slab bill",MB-KLNC0169-2026-06-14
KLNC0170,Kalyanpur,2026-06-14,2026-07-13,30,182.6877548444465,1531.5649819866846,182.6877548444465,1531.5649819866846,0.0,0.0,0.0,0.0,0.0,0.0,False,1.0,0,0,0,0.0,0.0,1.019353826053312,1.019353826053312,0.0,False,LT-A,76-200,76-200,8.383511983552317,8.383511983552317,0.0,1552.8459161777948,1552.8459161777948,8.5,lower-middle,21685.57749840244,3,795.3408386808318,"(20),(21) + BERC slab bill",MB-KLNC0170-2026-06-14
KLNC0171,Kalyanpur,2026-06-14,2026-07-13,30,99.08393173743946,791.5925007566472,99.08393173743946,791.5925007566472,0.0,0.0,0.0,0.0,0.0,0.0,False,1.0,0,0,0,0.0,0.0,0.9924099615009322,0.9924099615009322,0.0,False,LT-A,76-200,76-200,7.989110715290067,7.989110715290067,0.0,842.2134197682357,842.2134197682357,8.5,middle,44648.59294112517,5,795.3408386808318,"(20),(21) + BERC slab bill",MB-KLNC0171-2026-06-14
KLNC0172,Kalyanpur,2026-06-14,2026-07-13,30,129.4289238020002,1093.7016849328518,129.4289238020002,1093.7016849328518,0.0,0.0,0.0,0.0,0.0,0.0,False,1.0,0,0,0,0.0,0.0,0.965742470770985,0.965742470770985,0.0,False,LT-A,76-200,76-200,8.45021076282757,8.45021076282757,0.0,1100.145852317002,1100.145852317002,8.5,middle,49840.542054542166,4,795.3408386808318,"(20),(21) + BERC slab bill",MB-KLNC0172-2026-06-14
KLNC0173,Kalyanpur,2026-06-14,2026-07-13,30,156.6746276605171,1325.0066918701152,156.6746276605171,1325.0066918701152,0.0,0.0,0.0,0.0,0.0,0.0,False,1.0,0,0,0,0.0,0.0,0.8547186379288575,0.8547186379288575,0.0,False,LT-A,76-200,76-200,8.457059778314216,8.457059778314216,0.0,1331.734335114396,1331.734335114396,8.5,middle,27917.059221207677,5,795.3408386808318,"(20),(21) + BERC slab bill",MB-KLNC0173-2026-06-14
KLNC0174,Kalyanpur,2026-06-14,2026-07-13,30,817.2709315666397,10950.45951581526,795.6550344783077,10556.67191060857,393.7876052066895,3.59608292819091,21.615897088331963,34.765138006532226,481.2837146640456,-52.73097145082392,False,0.9735511245372496,30,0,180,0.0,21.615897088332154,3.9010122594373215,3.874083835469343,0.6902932412691898,True,LT-A,601-above,601-above,13.398811939663814,13.26790060158462,0.0,14179.650662681202,13769.849710192108,17.35,upper-middle,77666.51429083326,6,795.3408386808318,"(20),(21) + BERC slab bill",MB-KLNC0174-2026-06-14
KLNC0175,Kalyanpur,2026-06-14,2026-07-13,30,642.3392289530084,7764.770183451431,622.264902534336,7399.066141919266,365.7040415321653,4.709785774620444,20.0743264186724,32.29338744939417,379.8634449067072,18.133984074852265,True,0.9687480921079772,30,0,180,0.0,20.074326418672303,3.17637411828332,3.17637411828332,0.0,True,LT-A,601-above,601-above,12.08827023706422,11.890540687389953,0.0,11144.585622334696,10764.002671521335,17.35,upper-middle,91462.94834356204,5,795.3408386808318,"(20),(21) + BERC slab bill",MB-KLNC0175-2026-06-14
KLNC0176,Kalyanpur,2026-06-14,2026-07-13,30,136.79105869569145,1154.826748859046,136.79105869569145,1154.826748859046,0.0,0.0,0.0,0.0,0.0,0.0,False,1.0,0,0,0,0.0,0.0,0.9399383865620876,0.9399383865620876,0.0,False,LT-A,76-200,76-200,8.442267790529352,8.442267790529352,0.0,1162.7239989133775,1162.7239989133775,8.5,middle,47854.62691345958,5,795.3408386808318,"(20),(21) + BERC slab bill",MB-KLNC0176-2026-06-14
KLNC0177,Kalyanpur,2026-06-14,2026-07-13,30,101.60169415745172,746.1451203552566,101.60169415745172,746.1451203552566,0.0,0.0,0.0,0.0,0.0,0.0,False,1.0,0,0,0,0.0,0.0,0.2671295791272718,0.2671295791272718,0.0,False,LT-A,76-200,76-200,7.343825578330994,7.343825578330994,0.0,863.6144003383395,863.6144003383395,8.5,lower-middle,22354.20808061966,3,795.3408386808318,"(20),(21) + BERC slab bill",MB-KLNC0177-2026-06-14
KLNC0178,Kalyanpur,2026-06-14,2026-07-13,30,138.13731046617204,1166.167315910585,138.13731046617204,1166.167315910585,0.0,0.0,0.0,0.0,0.0,0.0,False,1.0,0,0,0,0.0,0.0,0.7559257244020807,0.7559257244020807,0.0,False,LT-A,76-200,76-200,8.44208789048462,8.44208789048462,0.0,1174.1671389624623,1174.1671389624623,8.5,middle,44664.357882575176,4,795.3408386808318,"(20),(21) + BERC slab bill",MB-KLNC0178-2026-06-14
KLNC0179,Kalyanpur,2026-06-14,2026-07-13,30,84.88162886104095,659.0818975847906,84.88162886104095,659.0818975847906,0.0,0.0,0.0,0.0,0.0,0.0,False,1.0,0,0,0,0.0,0.0,0.605521624567625,0.605521624567625,0.0,False,LT-A,76-200,76-200,7.764717836220702,7.764717836220702,0.0,721.4938453188481,721.4938453188481,8.5,lower-middle,11711.1429890445,3,795.3408386808318,"(20),(21) + BERC slab bill",MB-KLNC0179-2026-06-14
KLNC0180,Kalyanpur,2026-06-14,2026-07-13,30,529.2020928158654,5841.937093824447,504.19216211248704,5447.768080973851,394.1690128505952,6.747231380962217,25.00993070337836,40.24767249145052,565.3694214525656,-130.95273611051982,False,0.9527403027257482,30,0,150,0.0,25.009930703378316,2.3660227419131363,2.226496195444304,5.897092365055334,True,LT-A,401-600,401-600,11.03914208415108,10.804944008150676,0.0,7943.323413166139,7527.676680816981,15.01,upper-middle,76280.75820895495,4,795.3408386808318,"(20),(21) + BERC slab bill",MB-KLNC0180-2026-06-14
KLNC0181,Kalyanpur,2026-06-14,2026-07-13,30,411.359976382901,3950.905817782712,384.5055441769438,3615.357411731309,335.54840605140225,8.492948744592335,26.854432205957263,43.24759261409772,376.6658124924949,2.130186173005029,True,0.9347179265175743,30,0,180,0.0,26.854432205957423,2.1599441516055777,2.1599441516055777,0.0,True,LT-A,401-600,301-400,9.604497385776636,9.40261451748424,0.0,6174.513245507344,5728.180625481826,15.01,upper-middle,85340.30195387031,5,795.3408386808318,"(20),(21) + BERC slab bill",MB-KLNC0181-2026-06-14
KLNC0182,Kalyanpur,2026-06-14,2026-07-13,30,207.9845091127997,1827.6543945728013,204.1261397672252,1790.7876754758363,36.8667190969652,2.017160312498933,3.8583693455745447,6.184769701073684,73.57199047560897,-30.52050167757009,False,0.9814487657660984,30,0,150,0.0,3.8583693455745953,0.9802048831222068,0.9802048831222068,0.0,True,LT-A,201-300,201-300,8.787454423259856,8.772946363057457,0.0,1892.659032926478,1851.3631021806752,9.1,upper-middle,176291.10724015237,6,795.3408386808318,"(20),(21) + BERC slab bill",MB-KLNC0182-2026-06-14
KLNC0183,Kalyanpur,2026-06-14,2026-07-13,30,233.53572799559632,1981.144330997923,233.53572799559632,1981.144330997923,0.0,0.0,0.0,0.0,0.0,0.0,False,1.0,0,0,0,0.0,0.0,0.7370179218076488,0.7370179218076488,0.0,False,LT-A,201-300,201-300,8.483260133264407,8.483260133264407,0.0,2125.1751247599277,2125.1751247599277,9.1,lower-middle,24148.127551852136,5,795.3408386808318,"(20),(21) + BERC slab bill",MB-KLNC0183-2026-06-14
KLNC0184,Kalyanpur,2026-06-14,2026-07-13,30,343.37194577322055,3187.1220342553006,343.37194577322055,3187.1220342553006,0.0,0.0,0.0,0.0,0.0,0.0,False,1.0,0,0,0,0.0,0.0,1.6604919247587728,1.6604919247587728,0.0,False,LT-A,301-400,301-400,9.28183584444674,9.28183584444674,0.0,3303.2381183383804,3303.2381183383804,9.62,upper-middle,177335.74156672682,4,795.3408386808318,"(20),(21) + BERC slab bill",MB-KLNC0184-2026-06-14
KLNC0185,Kalyanpur,2026-06-14,2026-07-13,30,230.74871768358497,2080.6801374666543,230.74871768358497,2080.6801374666543,0.0,0.0,0.0,0.0,0.0,0.0,False,1.0,0,0,0,0.0,0.0,1.145803232389914,1.145803232389914,0.0,False,LT-A,201-300,201-300,9.01708212445971,9.01708212445971,0.0,2099.8133309206232,2099.8133309206232,9.1,middle,37831.39921152711,4,795.3408386808318,"(20),(21) + BERC slab bill",MB-KLNC0185-2026-06-14
KLNC0186,Kalyanpur,2026-06-14,2026-07-13,30,123.6271431768998,966.7788028538308,123.6271431768998,966.7788028538308,0.0,0.0,0.0,0.0,0.0,0.0,False,1.0,0,0,0,0.0,0.0,1.0132872349674096,1.0132872349674096,0.0,False,LT-A,76-200,76-200,7.820117637681342,7.820117637681342,0.0,1050.830717003648,1050.830717003648,8.5,lower-middle,18250.17867570092,5,795.3408386808318,"(20),(21) + BERC slab bill",MB-KLNC0186-2026-06-14
KLNC0187,Kalyanpur,2026-06-14,2026-07-13,30,71.6588313799534,519.2680268245175,71.6588313799534,519.2680268245175,0.0,0.0,0.0,0.0,0.0,0.0,False,1.0,0,0,0,0.0,0.0,0.5664748644743902,0.5664748644743902,0.0,False,LT-A,1-75,1-75,7.246392619372007,7.246392619372007,0.0,442.851577928112,442.851577928112,6.18,lower-middle,11733.174867356644,4,795.3408386808318,"(20),(21) + BERC slab bill",MB-KLNC0187-2026-06-14
KLNC0188,Kalyanpur,2026-06-14,2026-07-13,30,245.2610118906112,2227.4815586147897,245.2610118906112,2227.4815586147897,0.0,0.0,0.0,0.0,0.0,0.0,False,1.0,0,0,0,0.0,0.0,1.8018739831481057,1.8018739831481057,0.0,False,LT-A,201-300,201-300,9.082085821321932,9.082085821321932,0.0,2231.875208204562,2231.875208204562,9.1,upper-middle,81790.01025247788,4,795.3408386808318,"(20),(21) + BERC slab bill",MB-KLNC0188-2026-06-14
KLNC0189,Kalyanpur,2026-06-14,2026-07-13,30,88.27329098937403,689.5729820801632,88.27329098937403,689.5729820801632,0.0,0.0,0.0,0.0,0.0,0.0,False,1.0,0,0,0,0.0,0.0,0.827126814712164,0.827126814712164,0.0,False,LT-A,76-200,76-200,7.811796460190559,7.811796460190559,0.0,750.3229734096793,750.3229734096793,8.5,lower-middle,15987.787939812632,3,795.3408386808318,"(20),(21) + BERC slab bill",MB-KLNC0189-2026-06-14
KLNC0190,Kalyanpur,2026-06-14,2026-07-13,30,508.1890243384362,5510.522488085924,495.9877932503021,5318.224985521387,192.29750256453733,3.4896419165386936,12.20123108813408,36.603693264402125,254.29645243033744,-25.39525660139796,False,0.9759907622876788,16,0,80,0.0,12.20123108813404,2.8568675400058887,2.7462245949848283,3.872876269959382,True,LT-A,401-600,401-600,10.843450417410253,10.722491678010964,0.0,7627.917255319925,7408.173083422633,15.01,upper-middle,146048.20152030978,4,795.3408386808318,"(20),(21) + BERC slab bill",MB-KLNC0190-2026-06-14
KLNC0191,Kalyanpur,2026-06-14,2026-07-13,30,165.95021071848316,1428.2801306624622,165.95021071848316,1428.2801306624622,0.0,0.0,0.0,0.0,0.0,0.0,False,1.0,0,0,0,0.0,0.0,1.6027745235783262,1.6027745235783262,0.0,False,LT-A,76-200,76-200,8.606678620525448,8.606678620525448,0.0,1410.5767911071073,1410.5767911071073,8.5,middle,28703.940434091623,4,795.3408386808318,"(20),(21) + BERC slab bill",MB-KLNC0191-2026-06-14
KLNC0192,Kalyanpur,2026-06-14,2026-07-13,30,250.8319266950383,2254.494199571091,250.8319266950383,2254.494199571091,0.0,0.0,0.0,0.0,0.0,0.0,False,1.0,0,0,0,0.0,0.0,1.4639899231403852,1.4639899231403852,0.0,False,LT-A,201-300,201-300,8.988067146301145,8.988067146301145,0.0,2282.570532924849,2282.570532924849,9.1,middle,43448.76487098224,5,795.3408386808318,"(20),(21) + BERC slab bill",MB-KLNC0192-2026-06-14
KLNC0193,Kalyanpur,2026-06-14,2026-07-13,30,57.58392751263782,456.58774562950686,57.58392751263782,456.58774562950686,0.0,0.0,0.0,0.0,0.0,0.0,False,1.0,0,0,0,0.0,0.0,0.6192905294294364,0.6192905294294364,0.0,False,LT-A,1-75,1-75,7.929083085367884,7.929083085367884,0.0,355.8686720281016,355.8686720281016,6.18,lower-middle,10008.933523196614,5,795.3408386808318,"(20),(21) + BERC slab bill",MB-KLNC0193-2026-06-14
KLNC0194,Kalyanpur,2026-06-14,2026-07-13,30,147.5259144782692,1280.3896067185524,147.5259144782692,1280.3896067185524,0.0,0.0,0.0,0.0,0.0,0.0,False,1.0,0,0,0,0.0,0.0,1.57246501825503,1.57246501825503,0.0,False,LT-A,76-200,76-200,8.679082663182921,8.679082663182921,0.0,1253.970273065288,1253.970273065288,8.5,middle,49803.17521097182,4,795.3408386808318,"(20),(21) + BERC slab bill",MB-KLNC0194-2026-06-14
KLNC0195,Kalyanpur,2026-06-14,2026-07-13,30,177.4525156401119,1497.8852520879989,177.4525156401119,1497.8852520879989,0.0,0.0,0.0,0.0,0.0,0.0,False,1.0,0,0,0,0.0,0.0,1.130991245155322,1.130991245155322,0.0,False,LT-A,76-200,76-200,8.441048280914943,8.441048280914943,0.0,1508.346382940951,1508.346382940951,8.5,middle,53316.79928829639,5,795.3408386808318,"(20),(21) + BERC slab bill",MB-KLNC0195-2026-06-14
KLNC0196,Kalyanpur,2026-06-14,2026-07-13,30,220.80886560213392,1934.5488508283895,220.80886560213392,1934.5488508283895,0.0,0.0,0.0,0.0,0.0,0.0,False,1.0,0,0,0,0.0,0.0,1.0455167591691916,1.0455167591691916,0.0,False,LT-A,201-300,201-300,8.76119192747528,8.76119192747528,0.0,2009.360676979419,2009.360676979419,9.1,middle,27955.027986871937,4,795.3408386808318,"(20),(21) + BERC slab bill",MB-KLNC0196-2026-06-14
KLNC0197,Kalyanpur,2026-06-14,2026-07-13,30,247.80190017616025,2220.0518461832107,247.80190017616025,2220.0518461832107,0.0,0.0,0.0,0.0,0.0,0.0,False,1.0,0,0,0,0.0,0.0,1.3695633336899735,1.3695633336899735,0.0,False,LT-A,201-300,201-300,8.958978299218025,8.958978299218025,0.0,2254.997291603058,2254.997291603058,9.1,upper-middle,87281.39219726087,4,795.3408386808318,"(20),(21) + BERC slab bill",MB-KLNC0197-2026-06-14
KLNC0198,Kalyanpur,2026-06-14,2026-07-13,30,29.61236767658408,187.46468584139865,29.61236767658408,187.46468584139865,0.0,0.0,0.0,0.0,0.0,0.0,False,1.0,0,0,0,0.0,0.0,0.1111828908863963,0.1111828908863963,0.0,False,LT-A,lifeline 0-50,lifeline 0-50,6.330621309610308,6.330621309610308,0.0,157.53779603942732,157.53779603942732,5.32,lower-middle,11415.925346605718,5,795.3408386808318,"(20),(21) + BERC slab bill",MB-KLNC0198-2026-06-14
KLNC0199,Kalyanpur,2026-06-14,2026-07-13,30,191.96585339432207,1659.6097915443245,191.96585339432207,1659.6097915443245,0.0,0.0,0.0,0.0,0.0,0.0,False,1.0,0,0,0,0.0,0.0,0.9522478873816264,0.9522478873816264,0.0,False,LT-A,76-200,76-200,8.64533854432578,8.64533854432578,0.0,1631.7097538517378,1631.7097538517378,8.5,middle,37302.62500260303,5,795.3408386808318,"(20),(21) + BERC slab bill",MB-KLNC0199-2026-06-14
KLNC0200,Kalyanpur,2026-06-14,2026-07-13,30,164.15427843725308,1378.303255052484,164.15427843725308,1378.303255052484,0.0,0.0,0.0,0.0,0.0,0.0,False,1.0,0,0,0,0.0,0.0,0.751260863167833,0.751260863167833,0.0,False,LT-A,76-200,76-200,8.39638947077052,8.39638947077052,0.0,1395.311366716651,1395.311366716651,8.5,middle,53255.838443407454,5,795.3408386808318,"(20),(21) + BERC slab bill",MB-KLNC0200-2026-06-14
KLNC0201,Kalyanpur,2026-06-14,2026-07-13,30,150.05807366268996,1307.183037439508,150.05807366268996,1307.183037439508,0.0,0.0,0.0,0.0,0.0,0.0,False,1.0,0,0,0,0.0,0.0,0.6635466394749787,0.6635466394749787,0.0,False,LT-A,76-200,76-200,8.711180981690308,8.711180981690308,0.0,1275.493626132865,1275.493626132865,8.5,middle,55915.279934525206,5,795.3408386808318,"(20),(21) + BERC slab bill",MB-KLNC0201-2026-06-14
KLNC0202,Kalyanpur,2026-06-14,2026-07-13,30,80.8431790782079,590.8457332730054,80.8431790782079,590.8457332730054,0.0,0.0,0.0,0.0,0.0,0.0,False,1.0,0,0,0,0.0,0.0,0.4720775634133549,0.4720775634133549,0.0,False,LT-A,76-200,76-200,7.308541549329965,7.308541549329965,0.0,687.1670221647672,687.1670221647672,8.5,lower-middle,13668.71463167098,3,795.3408386808318,"(20),(21) + BERC slab bill",MB-KLNC0202-2026-06-14
KLNC0203,Kalyanpur,2026-06-14,2026-07-13,30,616.5633648290708,7257.951518773597,608.6376554570406,7113.564908288638,144.3866104849585,1.9893576047109784,7.9257093720301555,12.704947106699748,159.4373335238072,-2.3457759321489675,False,0.9871453449488888,30,0,150,0.0,7.925709372030101,3.2456122519295847,3.2456122519295847,0.0,True,LT-A,601-above,601-above,11.771623052540123,11.68768452708844,0.0,10697.374379784376,10547.158375072951,17.35,upper-middle,187094.1867854132,5,795.3408386808318,"(20),(21) + BERC slab bill",MB-KLNC0203-2026-06-14
KLNC0204,Kalyanpur,2026-06-14,2026-07-13,30,160.28747346764567,1289.7607006987378,160.28747346764567,1289.7607006987378,0.0,0.0,0.0,0.0,0.0,0.0,False,1.0,0,0,0,0.0,0.0,0.6635893524804684,0.6635893524804684,0.0,False,LT-A,76-200,76-200,8.046547074429235,8.046547074429235,0.0,1362.4435244749882,1362.4435244749882,8.5,middle,54882.8610731222,4,795.3408386808318,"(20),(21) + BERC slab bill",MB-KLNC0204-2026-06-14
KLNC0205,Kalyanpur,2026-06-14,2026-07-13,30,86.45133420714836,669.1622077987992,86.45133420714836,669.1622077987992,0.0,0.0,0.0,0.0,0.0,0.0,False,1.0,0,0,0,0.0,0.0,0.7412240372044498,0.7412240372044498,0.0,False,LT-A,76-200,76-200,7.740334072755911,7.740334072755911,0.0,734.836340760761,734.836340760761,8.5,lower-middle,18767.850357209067,4,795.3408386808318,"(20),(21) + BERC slab bill",MB-KLNC0205-2026-06-14
KLNC0206,Kalyanpur,2026-06-14,2026-07-13,30,51.76104645358434,386.1249704373088,51.76104645358434,386.1249704373088,0.0,0.0,0.0,0.0,0.0,0.0,False,1.0,0,0,0,0.0,0.0,0.6070347956085209,0.6070347956085209,0.0,False,LT-A,1-75,1-75,7.459759740050048,7.459759740050048,0.0,319.8832670831512,319.8832670831512,6.18,lower-middle,23597.23815660689,3,795.3408386808318,"(20),(21) + BERC slab bill",MB-KLNC0206-2026-06-14
KLNC0207,Kalyanpur,2026-06-14,2026-07-13,30,196.6817703768606,1711.8158906134809,196.6817703768606,1711.8158906134809,0.0,0.0,0.0,0.0,0.0,0.0,False,1.0,0,0,0,0.0,0.0,1.0242843098660122,1.0242843098660122,0.0,False,LT-A,76-200,76-200,8.703480181887127,8.703480181887127,0.0,1671.7950482033148,1671.7950482033148,8.5,upper-middle,159683.841459528,5,795.3408386808318,"(20),(21) + BERC slab bill",MB-KLNC0207-2026-06-14
KLNC0208,Kalyanpur,2026-06-14,2026-07-13,30,121.74724787649431,993.858187297712,121.74724787649431,993.858187297712,0.0,0.0,0.0,0.0,0.0,0.0,False,1.0,0,0,0,0.0,0.0,0.977683324636462,0.977683324636462,0.0,False,LT-A,76-200,76-200,8.163290789997362,8.163290789997362,0.0,1034.8516069502018,1034.8516069502018,8.5,middle,48600.78557576735,4,795.3408386808318,"(20),(21) + BERC slab bill",MB-KLNC0208-2026-06-14
KLNC0209,Kalyanpur,2026-06-14,2026-07-13,30,234.93937136663223,2036.6981034081712,234.93937136663223,2036.6981034081712,0.0,0.0,0.0,0.0,0.0,0.0,False,1.0,0,0,0,0.0,0.0,1.385468665249712,1.385468665249712,0.0,False,LT-A,201-300,201-300,8.669037001166664,8.669037001166664,0.0,2137.948279436354,2137.948279436354,9.1,middle,49924.62344604319,5,795.3408386808318,"(20),(21) + BERC slab bill",MB-KLNC0209-2026-06-14
KLNC0210,Kalyanpur,2026-06-14,2026-07-13,30,107.24230887646992,796.487606722494,107.24230887646992,796.487606722494,0.0,0.0,0.0,0.0,0.0,0.0,False,1.0,0,0,0,0.0,0.0,0.281214111150551,0.281214111150551,0.0,False,LT-A,76-200,76-200,7.426990476677919,7.426990476677919,0.0,911.5596254499944,911.5596254499944,8.5,lower-middle,13407.540149417884,5,795.3408386808318,"(20),(21) + BERC slab bill",MB-KLNC0210-2026-06-14
KLNC0211,Kalyanpur,2026-06-14,2026-07-13,30,187.17004786215995,1597.1650871697773,187.17004786215995,1597.1650871697773,0.0,0.0,0.0,0.0,0.0,0.0,False,1.0,0,0,0,0.0,0.0,0.7138687581093717,0.7138687581093717,0.0,False,LT-A,76-200,76-200,8.533230104989865,8.533230104989865,0.0,1590.9454068283594,1590.9454068283594,8.5,middle,38704.19140697059,4,795.3408386808318,"(20),(21) + BERC slab bill",MB-KLNC0211-2026-06-14
KLNC0212,Kalyanpur,2026-06-14,2026-07-13,30,124.94269922711035,994.17564060196,124.94269922711035,994.17564060196,0.0,0.0,0.0,0.0,0.0,0.0,False,1.0,0,0,0,0.0,0.0,0.6299054304298738,0.6299054304298738,0.0,False,LT-A,76-200,76-200,7.957052686966774,7.957052686966774,0.0,1062.012943430438,1062.012943430438,8.5,middle,29236.14319616175,5,795.3408386808318,"(20),(21) + BERC slab bill",MB-KLNC0212-2026-06-14
KLNC0213,Kalyanpur,2026-06-14,2026-07-13,30,142.01205682809007,1137.9201571907038,142.01205682809007,1137.9201571907038,0.0,0.0,0.0,0.0,0.0,0.0,False,1.0,0,0,0,0.0,0.0,0.5433692856776633,0.5433692856776633,0.0,False,LT-A,76-200,76-200,8.012841885447733,8.012841885447733,0.0,1207.1024830387653,1207.1024830387653,8.5,lower-middle,10868.09591545982,3,795.3408386808318,"(20),(21) + BERC slab bill",MB-KLNC0213-2026-06-14
KLNC0214,Kalyanpur,2026-06-14,2026-07-13,30,26.390934409700268,213.9842996125857,26.390934409700268,213.9842996125857,0.0,0.0,0.0,0.0,0.0,0.0,False,1.0,0,0,0,0.0,0.0,0.8625912668488518,0.8625912668488518,0.0,False,LT-A,lifeline 0-50,lifeline 0-50,8.10825021541994,8.10825021541994,0.0,140.3997710596054,140.3997710596054,5.32,lower-middle,23797.83957968557,3,795.3408386808318,"(20),(21) + BERC slab bill",MB-KLNC0214-2026-06-14
KLNC0215,Kalyanpur,2026-06-14,2026-07-13,30,181.6127473765679,1589.6816803358686,181.6127473765679,1589.6816803358686,0.0,0.0,0.0,0.0,0.0,0.0,False,1.0,0,0,0,0.0,0.0,0.9018652261783376,0.9018652261783376,0.0,False,LT-A,76-200,76-200,8.75313932143605,8.75313932143605,0.0,1543.7083527008274,1543.7083527008274,8.5,middle,44267.618080161774,5,795.3408386808318,"(20),(21) + BERC slab bill",MB-KLNC0215-2026-06-14
KLNC0216,Kalyanpur,2026-06-14,2026-07-13,30,49.72459040777854,331.36511201785095,49.72459040777854,331.36511201785095,0.0,0.0,0.0,0.0,0.0,0.0,False,1.0,0,0,0,0.0,0.0,0.8606726462728789,0.8606726462728789,0.0,False,LT-A,lifeline 0-50,lifeline 0-50,6.664008879719494,6.664008879719494,0.0,264.5348209693819,264.5348209693819,5.32,lower-middle,24452.373007722992,4,795.3408386808318,"(20),(21) + BERC slab bill",MB-KLNC0216-2026-06-14
KLNC0217,Kalyanpur,2026-06-14,2026-07-13,30,167.5744134698586,1411.249050218488,167.5744134698586,1411.249050218488,0.0,0.0,0.0,0.0,0.0,0.0,False,1.0,0,0,0,0.0,0.0,0.7950072951387638,0.7950072951387638,0.0,False,LT-A,76-200,76-200,8.421626076419642,8.421626076419642,0.0,1424.382514493798,1424.382514493798,8.5,middle,25466.57611995948,5,795.3408386808318,"(20),(21) + BERC slab bill",MB-KLNC0217-2026-06-14
KLNC0218,Kalyanpur,2026-06-14,2026-07-13,30,53.16553077432892,446.1785791946204,53.16553077432892,446.1785791946204,0.0,0.0,0.0,0.0,0.0,0.0,False,1.0,0,0,0,0.0,0.0,0.628204367986294,0.628204367986294,0.0,False,LT-A,1-75,1-75,8.392252888220174,8.392252888220174,0.0,328.56298018535267,328.56298018535267,6.18,lower-middle,17531.96290628182,5,795.3408386808318,"(20),(21) + BERC slab bill",MB-KLNC0218-2026-06-14
KLNC0219,Kalyanpur,2026-06-14,2026-07-13,30,176.79741323534165,1494.8961431254245,176.79741323534165,1494.8961431254245,0.0,0.0,0.0,0.0,0.0,0.0,False,1.0,0,0,0,0.0,0.0,0.8952539374610812,0.8952539374610812,0.0,False,LT-A,76-200,76-200,8.455418638594628,8.455418638594628,0.0,1502.7780125004044,1502.7780125004044,8.5,middle,59352.231048889225,4,795.3408386808318,"(20),(21) + BERC slab bill",MB-KLNC0219-2026-06-14
KLNC0220,Kalyanpur,2026-06-14,2026-07-13,30,139.68037581207096,1113.356994122733,139.68037581207096,1113.356994122733,0.0,0.0,0.0,0.0,0.0,0.0,False,1.0,0,0,0,0.0,0.0,0.6146214554276683,0.6146214554276683,0.0,False,LT-A,76-200,76-200,7.970747412798117,7.970747412798117,0.0,1187.2831944026032,1187.2831944026032,8.5,lower-middle,18303.615520654057,5,795.3408386808318,"(20),(21) + BERC slab bill",MB-KLNC0220-2026-06-14
KLNC0221,Kalyanpur,2026-06-14,2026-07-13,30,191.07866207021164,1682.3278789766389,191.07866207021164,1682.3278789766389,0.0,0.0,0.0,0.0,0.0,0.0,False,1.0,0,0,0,0.0,0.0,1.1611213016431263,1.1611213016431263,0.0,False,LT-A,76-200,76-200,8.804373344201402,8.804373344201402,0.0,1624.1686275967986,1624.1686275967986,8.5,middle,58233.06479757794,4,795.3408386808318,"(20),(21) + BERC slab bill",MB-KLNC0221-2026-06-14
KLNC0222,Kalyanpur,2026-06-14,2026-07-13,30,93.41109109242832,737.6372579999226,93.41109109242832,737.6372579999226,0.0,0.0,0.0,0.0,0.0,0.0,False,1.0,0,0,0,0.0,0.0,0.8219707732251087,0.8219707732251087,0.0,False,LT-A,76-200,76-200,7.896677464885257,7.896677464885257,0.0,793.9942742856407,793.9942742856407,8.5,lower-middle,20386.07265137693,4,795.3408386808318,"(20),(21) + BERC slab bill",MB-KLNC0222-2026-06-14
KLNC0223,Kalyanpur,2026-06-14,2026-07-13,30,338.5047723435514,3141.685165442213,324.561566690859,3000.844845144367,140.84032029784566,4.482954620884855,13.94320565269237,22.390590683888146,204.35543976243864,-41.12452878070485,False,0.9588094266554642,30,0,180,0.0,13.943205652692434,1.402601332026404,1.3839999967399017,1.326202596687145,True,LT-A,301-400,301-400,9.281066094553283,9.245841631035246,0.0,3256.4159099449644,3099.8916808821746,9.62,upper-middle,155833.41754540207,4,795.3408386808318,"(20),(21) + BERC slab bill",MB-KLNC0223-2026-06-14
KLNC0224,Kalyanpur,2026-06-14,2026-07-13,30,48.02847911967818,290.3370843625223,48.02847911967818,290.3370843625223,0.0,0.0,0.0,0.0,0.0,0.0,False,1.0,0,0,0,0.0,0.0,0.1637290521005363,0.1637290521005363,0.0,False,LT-A,lifeline 0-50,lifeline 0-50,6.045102607539485,6.045102607539485,0.0,255.5115089166879,255.5115089166879,5.32,lower-middle,11212.061618313412,4,795.3408386808318,"(20),(21) + BERC slab bill",MB-KLNC0224-2026-06-14
KLNC0225,Kalyanpur,2026-06-14,2026-07-13,30,89.83122882562901,641.0937172687389,89.83122882562901,641.0937172687389,0.0,0.0,0.0,0.0,0.0,0.0,False,1.0,0,0,0,0.0,0.0,0.2504451474322703,0.2504451474322703,0.0,False,LT-A,76-200,76-200,7.136646416283173,7.136646416283173,0.0,763.5654450178466,763.5654450178466,8.5,lower-middle,20682.695540122186,5,795.3408386808318,"(20),(21) + BERC slab bill",MB-KLNC0225-2026-06-14
KLNC0226,Kalyanpur,2026-06-14,2026-07-13,30,77.44625346981394,546.6366722180893,77.44625346981394,546.6366722180893,0.0,0.0,0.0,0.0,0.0,0.0,False,1.0,0,0,0,0.0,0.0,0.6079507842939875,0.6079507842939875,0.0,False,LT-A,76-200,76-200,7.05827135241798,7.05827135241798,0.0,658.2931544934186,658.2931544934186,8.5,lower-middle,23850.8417491581,3,795.3408386808318,"(20),(21) + BERC slab bill",MB-KLNC0226-2026-06-14
KLNC0227,Kalyanpur,2026-06-14,2026-07-13,30,161.41513194068727,1384.510282570634,161.41513194068727,1384.510282570634,0.0,0.0,0.0,0.0,0.0,0.0,False,1.0,0,0,0,0.0,0.0,1.0243543657417322,1.0243543657417322,0.0,False,LT-A,76-200,76-200,8.577326462053003,8.577326462053003,0.0,1372.028621495842,1372.028621495842,8.5,middle,37841.50545812323,4,795.3408386808318,"(20),(21) + BERC slab bill",MB-KLNC0227-2026-06-14
KLNC0228,Kalyanpur,2026-06-14,2026-07-13,30,374.58621797539416,3519.5502477694563,374.58621797539416,3519.5502477694563,0.0,0.0,0.0,0.0,0.0,0.0,False,1.0,0,0,0,0.0,0.0,2.275184591781333,2.275184591781333,0.0,False,LT-A,301-400,301-400,9.395834867583538,9.395834867583538,0.0,3603.51941692329,3603.51941692329,9.62,upper-middle,185490.23491714595,6,795.3408386808318,"(20),(21) + BERC slab bill",MB-KLNC0228-2026-06-14
KLNC0229,Kalyanpur,2026-06-14,2026-07-13,30,505.39554575987125,5500.232368948451,474.3657119225831,5011.18667275587,489.0456961925811,8.891364280416358,31.02983383728821,49.95930397687151,642.2465634005819,-103.24156323112923,False,0.9386028743276036,30,0,150,0.0,31.02983383728817,3.4428339365042584,3.260927713255861,5.283618861765342,True,LT-A,401-600,401-600,10.883025018906238,10.563973210554687,0.0,7585.987141855667,7070.270031981101,15.01,upper-middle,67874.5673861,4,795.3408386808318,"(20),(21) + BERC slab bill",MB-KLNC0229-2026-06-14
KLNC0230,Kalyanpur,2026-06-14,2026-07-13,30,163.7130284751444,1336.4170491406635,163.7130284751444,1336.4170491406635,0.0,0.0,0.0,0.0,0.0,0.0,False,1.0,0,0,0,0.0,0.0,0.5425266274181372,0.5425266274181372,0.0,False,LT-A,76-200,76-200,8.163168573621276,8.163168573621276,0.0,1391.5607420387275,1391.5607420387275,8.5,lower-middle,18337.32068495916,5,795.3408386808318,"(20),(21) + BERC slab bill",MB-KLNC0230-2026-06-14
KLNC0231,Kalyanpur,2026-06-14,2026-07-13,30,137.39140375755574,1157.053728536185,137.39140375755574,1157.053728536185,0.0,0.0,0.0,0.0,0.0,0.0,False,1.0,0,0,0,0.0,0.0,0.8267800846887008,0.8267800846887008,0.0,False,LT-A,76-200,76-200,8.421587500320985,8.421587500320985,0.0,1167.8269319392236,1167.8269319392236,8.5,middle,32446.52425962628,5,795.3408386808318,"(20),(21) + BERC slab bill",MB-KLNC0231-2026-06-14
KLNC0232,Kalyanpur,2026-06-14,2026-07-13,30,86.2006634035418,629.3958708766105,86.2006634035418,629.3958708766105,0.0,0.0,0.0,0.0,0.0,0.0,False,1.0,0,0,0,0.0,0.0,0.8474969361740663,0.8474969361740663,0.0,False,LT-A,76-200,76-200,7.3015200350621665,7.3015200350621665,0.0,732.7056389301052,732.7056389301052,8.5,lower-middle,12578.325581189034,4,795.3408386808318,"(20),(21) + BERC slab bill",MB-KLNC0232-2026-06-14
KLNC0233,Kalyanpur,2026-06-14,2026-07-13,30,455.2157799958277,4678.698210624242,455.2157799958277,4678.698210624242,0.0,0.0,0.0,0.0,0.0,0.0,False,1.0,0,0,0,0.0,0.0,4.071802193809003,4.071802193809003,0.0,False,LT-A,401-600,401-600,10.277978963442624,10.277978963442624,0.0,6832.788857737374,6832.788857737374,15.01,upper-middle,84460.06117260896,6,795.3408386808318,"(20),(21) + BERC slab bill",MB-KLNC0233-2026-06-14
KLNC0234,Kalyanpur,2026-06-14,2026-07-13,30,172.6953798607305,1511.2054952570195,172.6953798607305,1511.2054952570195,0.0,0.0,0.0,0.0,0.0,0.0,False,1.0,0,0,0,0.0,0.0,1.27812645254872,1.27812645254872,0.0,False,LT-A,76-200,76-200,8.750700200988152,8.750700200988152,0.0,1467.910728816209,1467.910728816209,8.5,middle,49983.04204939821,4,795.3408386808318,"(20),(21) + BERC slab bill",MB-KLNC0234-2026-06-14
KLNC0235,Kalyanpur,2026-06-14,2026-07-13,30,88.94193387694922,633.1567598517718,88.94193387694922,633.1567598517718,0.0,0.0,0.0,0.0,0.0,0.0,False,1.0,0,0,0,0.0,0.0,0.2296770913206866,0.2296770913206866,0.0,False,LT-A,76-200,76-200,7.118765381554908,7.118765381554908,0.0,756.0064379540685,756.0064379540685,8.5,lower-middle,19738.118565262324,5,795.3408386808318,"(20),(21) + BERC slab bill",MB-KLNC0235-2026-06-14
KLNC0236,Kalyanpur,2026-06-14,2026-07-13,30,107.85080156355686,875.772673954745,107.85080156355686,875.772673954745,0.0,0.0,0.0,0.0,0.0,0.0,False,1.0,0,0,0,0.0,0.0,0.8155602178832324,0.8155602178832324,0.0,False,LT-A,76-200,76-200,8.120224061929193,8.120224061929193,0.0,916.7318132902332,916.7318132902332,8.5,lower-middle,20428.96709571906,3,795.3408386808318,"(20),(21) + BERC slab bill",MB-KLNC0236-2026-06-14
KLNC0237,Kalyanpur,2026-06-14,2026-07-13,30,154.56398754948117,1245.9330388791195,154.56398754948117,1245.9330388791195,0.0,0.0,0.0,0.0,0.0,0.0,False,1.0,0,0,0,0.0,0.0,0.6264927532446423,0.6264927532446423,0.0,False,LT-A,76-200,76-200,8.060952998383625,8.060952998383625,0.0,1313.7938941705902,1313.7938941705902,8.5,middle,48480.73798438218,5,795.3408386808318,"(20),(21) + BERC slab bill",MB-KLNC0237-2026-06-14
KLNC0238,Kalyanpur,2026-06-14,2026-07-13,30,115.95809144230093,915.5359261225356,115.95809144230093,915.5359261225356,0.0,0.0,0.0,0.0,0.0,0.0,False,1.0,0,0,0,0.0,0.0,0.8040808989394168,0.8040808989394168,0.0,False,LT-A,76-200,76-200,7.8954035439440915,7.8954035439440915,0.0,985.6437772595576,985.6437772595576,8.5,lower-middle,24676.77262499466,4,795.3408386808318,"(20),(21) + BERC slab bill",MB-KLNC0238-2026-06-14
KLNC0239,Kalyanpur,2026-06-14,2026-07-13,30,115.5090360306217,888.5696465732987,115.5090360306217,888.5696465732987,0.0,0.0,0.0,0.0,0.0,0.0,False,1.0,0,0,0,0.0,0.0,0.5592589419256709,0.5592589419256709,0.0,False,LT-A,76-200,76-200,7.692641866890283,7.692641866890283,0.0,981.8268062602846,981.8268062602846,8.5,middle,30159.79507305044,4,795.3408386808318,"(20),(21) + BERC slab bill",MB-KLNC0239-2026-06-14
KLNC0240,Kalyanpur,2026-06-14,2026-07-13,30,366.2848288522523,3423.4160662366003,366.2848288522523,3423.4160662366003,0.0,0.0,0.0,0.0,0.0,0.0,False,1.0,0,0,0,0.0,0.0,1.7981180598047426,1.7981180598047426,0.0,False,LT-A,301-400,301-400,9.346322305960149,9.346322305960149,0.0,3523.660053558668,3523.660053558668,9.62,upper-middle,129355.27137825698,4,795.3408386808318,"(20),(21) + BERC slab bill",MB-KLNC0240-2026-06-14
KLNC0241,Kalyanpur,2026-06-14,2026-07-13,30,423.72401792449546,4102.573344499011,395.5689198524156,3683.9126194292494,418.6607250697607,10.204832184929185,28.15509807207985,45.33931437083668,543.9107384233763,-79.91069898277891,False,0.9335532165252504,30,0,120,0.0,28.15509807207982,2.4620279298466,2.4620279298466,0.0,True,LT-A,401-600,301-400,9.682182673038987,9.312947591544088,0.0,6360.097509046675,5892.150172613921,15.01,upper-middle,189802.7398603744,6,795.3408386808318,"(20),(21) + BERC slab bill",MB-KLNC0241-2026-06-14
KLNC0242,Kalyanpur,2026-06-14,2026-07-13,30,134.00062106655602,1109.6184530190126,134.00062106655602,1109.6184530190126,0.0,0.0,0.0,0.0,0.0,0.0,False,1.0,0,0,0,0.0,0.0,0.7068670211264197,0.7068670211264197,0.0,False,LT-A,76-200,76-200,8.280696344443674,8.280696344443674,0.0,1139.005279065726,1139.005279065726,8.5,middle,39109.47971215932,5,795.3408386808318,"(20),(21) + BERC slab bill",MB-KLNC0242-2026-06-14
KLNC0243,Kalyanpur,2026-06-14,2026-07-13,30,126.17254435867062,1017.7028684011352,126.17254435867062,1017.7028684011352,0.0,0.0,0.0,0.0,0.0,0.0,False,1.0,0,0,0,0.0,0.0,0.5906449605021932,0.5906449605021932,0.0,False,LT-A,76-200,76-200,8.065961367221952,8.065961367221952,0.0,1072.4666270487005,1072.4666270487005,8.5,middle,44576.53398419166,4,795.3408386808318,"(20),(21) + BERC slab bill",MB-KLNC0243-2026-06-14
KLNC0244,Kalyanpur,2026-06-14,2026-07-13,30,132.1233709383672,1045.1963056249274,132.1233709383672,1045.1963056249274,0.0,0.0,0.0,0.0,0.0,0.0,False,1.0,0,0,0,0.0,0.0,0.8941336533383425,0.8941336533383425,0.0,False,LT-A,76-200,76-200,7.910760209959294,7.910760209959294,0.0,1123.048652976121,1123.048652976121,8.5,middle,58600.86025343777,4,795.3408386808318,"(20),(21) + BERC slab bill",MB-KLNC0244-2026-06-14
KLNC0245,Kalyanpur,2026-06-14,2026-07-13,30,117.1917407017601,885.2862857632088,117.1917407017601,885.2862857632088,0.0,0.0,0.0,0.0,0.0,0.0,False,1.0,0,0,0,0.0,0.0,0.3036070653165945,0.3036070653165945,0.0,False,LT-A,76-200,76-200,7.55416960668042,7.55416960668042,0.0,996.129795964961,996.129795964961,8.5,lower-middle,12735.681868443742,5,795.3408386808318,"(20),(21) + BERC slab bill",MB-KLNC0245-2026-06-14
KLNC0246,Kalyanpur,2026-06-14,2026-07-13,30,149.5101007533903,1203.7332892240086,149.5101007533903,1203.7332892240086,0.0,0.0,0.0,0.0,0.0,0.0,False,1.0,0,0,0,0.0,0.0,0.5781391311810536,0.5781391311810536,0.0,False,LT-A,76-200,76-200,8.051183720419722,8.051183720419722,0.0,1270.8358564038176,1270.8358564038176,8.5,lower-middle,16026.177125874005,4,795.3408386808318,"(20),(21) + BERC slab bill",MB-KLNC0246-2026-06-14
KLNC0247,Kalyanpur,2026-06-14,2026-07-13,30,175.17898388081866,1464.3639811363066,175.17898388081866,1464.3639811363066,0.0,0.0,0.0,0.0,0.0,0.0,False,1.0,0,0,0,0.0,0.0,0.9576411828818536,0.9576411828818536,0.0,False,LT-A,76-200,76-200,8.359244634804895,8.359244634804895,0.0,1489.021362986959,1489.021362986959,8.5,middle,31288.997459703784,4,795.3408386808318,"(20),(21) + BERC slab bill",MB-KLNC0247-2026-06-14
KLNC0248,Kalyanpur,2026-06-14,2026-07-13,30,178.7472748378107,1564.1117479274606,178.7472748378107,1564.1117479274606,0.0,0.0,0.0,0.0,0.0,0.0,False,1.0,0,0,0,0.0,0.0,1.3692822231165809,1.3692822231165809,0.0,False,LT-A,76-200,76-200,8.750408918662863,8.750408918662863,0.0,1519.351836121391,1519.351836121391,8.5,middle,34646.573052841886,5,795.3408386808318,"(20),(21) + BERC slab bill",MB-KLNC0248-2026-06-14
KLNC0249,Kalyanpur,2026-06-14,2026-07-13,30,94.89104219040178,686.2525515493359,94.89104219040178,686.2525515493359,0.0,0.0,0.0,0.0,0.0,0.0,False,1.0,0,0,0,0.0,0.0,0.2764818628870274,0.2764818628870274,0.0,False,LT-A,76-200,76-200,7.2320056320210835,7.2320056320210835,0.0,806.5738586184151,806.5738586184151,8.5,lower-middle,22046.207957978782,4,795.3408386808318,"(20),(21) + BERC slab bill",MB-KLNC0249-2026-06-14
KLNC0250,Kalyanpur,2026-06-14,2026-07-13,30,298.6742641047004,2633.7868235204123,298.6742641047004,2633.7868235204123,0.0,0.0,0.0,0.0,0.0,0.0,False,1.0,0,0,0,0.0,0.0,1.1737628904878057,1.1737628904878057,0.0,False,LT-A,201-300,201-300,8.818258350498981,8.818258350498981,0.0,2717.9358033527733,2717.9358033527733,9.1,middle,38889.789221679945,4,795.3408386808318,"(20),(21) + BERC slab bill",MB-KLNC0250-2026-06-14
KLNC0251,Kalyanpur,2026-06-14,2026-07-13,30,86.61790402035301,669.5507533816507,86.61790402035301,669.5507533816507,0.0,0.0,0.0,0.0,0.0,0.0,False,1.0,0,0,0,0.0,0.0,0.5700011608521393,0.5700011608521393,0.0,False,LT-A,76-200,76-200,7.729934832229642,7.729934832229642,0.0,736.2521841730008,736.2521841730008,8.5,lower-middle,13919.273404461564,3,795.3408386808318,"(20),(21) + BERC slab bill",MB-KLNC0251-2026-06-14
KLNC0252,Kalyanpur,2026-06-14,2026-07-13,30,157.91651467087587,1346.886213437567,157.91651467087587,1346.886213437567,0.0,0.0,0.0,0.0,0.0,0.0,False,1.0,0,0,0,0.0,0.0,1.427214916084355,1.427214916084355,0.0,False,LT-A,76-200,76-200,8.529102964593037,8.529102964593037,0.0,1342.2903747024448,1342.2903747024448,8.5,upper-middle,115958.0448811267,5,795.3408386808318,"(20),(21) + BERC slab bill",MB-KLNC0252-2026-06-14
KLNC0253,Kalyanpur,2026-06-14,2026-07-13,30,142.14169168845086,1108.4188283194242,142.14169168845086,1108.4188283194242,0.0,0.0,0.0,0.0,0.0,0.0,False,1.0,0,0,0,0.0,0.0,0.3417874023548698,0.3417874023548698,0.0,False,LT-A,76-200,76-200,7.797985342322222,7.797985342322222,0.0,1208.2043793518326,1208.2043793518326,8.5,middle,27874.53193059638,5,795.3408386808318,"(20),(21) + BERC slab bill",MB-KLNC0253-2026-06-14
KLNC0254,Kalyanpur,2026-06-14,2026-07-13,30,117.4875984608932,995.3147262634718,117.4875984608932,995.3147262634718,0.0,0.0,0.0,0.0,0.0,0.0,False,1.0,0,0,0,0.0,0.0,0.8669779394644956,0.8669779394644956,0.0,False,LT-A,76-200,76-200,8.471657769009306,8.471657769009306,0.0,998.6445869175924,998.6445869175924,8.5,middle,41324.95407879781,4,795.3408386808318,"(20),(21) + BERC slab bill",MB-KLNC0254-2026-06-14
KLNC0255,Kalyanpur,2026-06-14,2026-07-13,30,117.51262573655764,1008.5520046987772,117.51262573655764,1008.5520046987772,0.0,0.0,0.0,0.0,0.0,0.0,False,1.0,0,0,0,0.0,0.0,0.8663511728421129,0.8663511728421129,0.0,False,LT-A,76-200,76-200,8.582499100647881,8.582499100647881,0.0,998.85731876074,998.85731876074,8.5,middle,41280.64794778269,5,795.3408386808318,"(20),(21) + BERC slab bill",MB-KLNC0255-2026-06-14
KLNC0256,Kalyanpur,2026-06-14,2026-07-13,30,140.93427729664967,1097.1884248725985,140.93427729664967,1097.1884248725985,0.0,0.0,0.0,0.0,0.0,0.0,False,1.0,0,0,0,0.0,0.0,0.3816049172251653,0.3816049172251653,0.0,False,LT-A,76-200,76-200,7.78510697268592,7.78510697268592,0.0,1197.9413570215222,1197.9413570215222,8.5,lower-middle,23601.35058767828,5,795.3408386808318,"(20),(21) + BERC slab bill",MB-KLNC0256-2026-06-14
KLNC0257,Kalyanpur,2026-06-14,2026-07-13,30,245.7184548559376,2175.638156148484,245.7184548559376,2175.638156148484,0.0,0.0,0.0,0.0,0.0,0.0,False,1.0,0,0,0,0.0,0.0,1.8114195724017976,1.8114195724017976,0.0,False,LT-A,201-300,201-300,8.854191100233152,8.854191100233152,0.0,2236.037939189032,2236.037939189032,9.1,middle,50843.23767893313,4,795.3408386808318,"(20),(21) + BERC slab bill",MB-KLNC0257-2026-06-14
KLNC0258,Kalyanpur,2026-06-14,2026-07-13,30,60.09352342481335,411.9968735036138,60.09352342481335,411.9968735036138,0.0,0.0,0.0,0.0,0.0,0.0,False,1.0,0,0,0,0.0,0.0,0.2203507200749938,0.2203507200749938,0.0,False,LT-A,1-75,1-75,6.85592806051867,6.85592806051867,0.0,371.3779747653464,371.3779747653464,6.18,lower-middle,10303.846695106884,3,795.3408386808318,"(20),(21) + BERC slab bill",MB-KLNC0258-2026-06-14
KLNC0259,Kalyanpur,2026-06-14,2026-07-13,30,207.80477628572692,1825.447537410121,207.80477628572692,1825.447537410121,0.0,0.0,0.0,0.0,0.0,0.0,False,1.0,0,0,0,0.0,0.0,1.6409329233647671,1.6409329233647671,0.0,False,LT-A,201-300,201-300,8.784434939551973,8.784434939551973,0.0,1891.023464200116,1891.023464200116,9.1,middle,54715.33699173671,5,795.3408386808318,"(20),(21) + BERC slab bill",MB-KLNC0259-2026-06-14
KLNC0260,Kalyanpur,2026-06-14,2026-07-13,30,134.3248591291122,1168.3120077273263,134.3248591291122,1168.3120077273263,0.0,0.0,0.0,0.0,0.0,0.0,False,1.0,0,0,0,0.0,0.0,0.7731894498853206,0.7731894498853206,0.0,False,LT-A,76-200,76-200,8.697660398097662,8.697660398097662,0.0,1141.761302597454,1141.761302597454,8.5,middle,52512.86197972091,4,795.3408386808318,"(20),(21) + BERC slab bill",MB-KLNC0260-2026-06-14
KLNC0261,Kalyanpur,2026-06-14,2026-07-13,30,141.85940594599458,1150.8726080680017,141.85940594599458,1150.8726080680017,0.0,0.0,0.0,0.0,0.0,0.0,False,1.0,0,0,0,0.0,0.0,0.7581725980423906,0.7581725980423906,0.0,False,LT-A,76-200,76-200,8.11276912090084,8.11276912090084,0.0,1205.804950540954,1205.804950540954,8.5,middle,39137.39142938847,4,795.3408386808318,"(20),(21) + BERC slab bill",MB-KLNC0261-2026-06-14
KLNC0262,Kalyanpur,2026-06-14,2026-07-13,30,101.0023534634884,790.426144661634,101.0023534634884,790.426144661634,0.0,0.0,0.0,0.0,0.0,0.0,False,1.0,0,0,0,0.0,0.0,1.0792367397457194,1.0792367397457194,0.0,False,LT-A,76-200,76-200,7.825819078041257,7.825819078041257,0.0,858.5200044396513,858.5200044396513,8.5,middle,49813.34619236553,4,795.3408386808318,"(20),(21) + BERC slab bill",MB-KLNC0262-2026-06-14
KLNC0263,Kalyanpur,2026-06-14,2026-07-13,30,260.6279276337343,2347.6583985403317,260.6279276337343,2347.6583985403317,0.0,0.0,0.0,0.0,0.0,0.0,False,1.0,0,0,0,0.0,0.0,1.0971467119992102,1.0971467119992102,0.0,False,LT-A,201-300,201-300,9.007700824140162,9.007700824140162,0.0,2371.7141414669823,2371.7141414669823,9.1,middle,34343.19410699662,5,795.3408386808318,"(20),(21) + BERC slab bill",MB-KLNC0263-2026-06-14
KLNC0264,Kalyanpur,2026-06-14,2026-07-13,30,75.83752611701682,533.6458805943752,75.83752611701682,533.6458805943752,0.0,0.0,0.0,0.0,0.0,0.0,False,1.0,0,0,0,0.0,0.0,0.5166752081035826,0.5166752081035826,0.0,False,LT-A,76-200,76-200,7.036699480030018,7.036699480030018,0.0,644.6189719946428,644.6189719946428,8.5,lower-middle,23410.71744920638,4,795.3408386808318,"(20),(21) + BERC slab bill",MB-KLNC0264-2026-06-14
KLNC0265,Kalyanpur,2026-06-14,2026-07-13,30,192.34778913835171,1688.1467480597894,192.34778913835171,1688.1467480597894,0.0,0.0,0.0,0.0,0.0,0.0,False,1.0,0,0,0,0.0,0.0,0.9525809556546246,0.9525809556546246,0.0,False,LT-A,76-200,76-200,8.776533151860356,8.776533151860356,0.0,1634.95620767599,1634.95620767599,8.5,middle,34139.4870172221,5,795.3408386808318,"(20),(21) + BERC slab bill",MB-KLNC0265-2026-06-14
KLNC0266,Kalyanpur,2026-06-14,2026-07-13,30,61.80692827041264,443.21152754670766,61.80692827041264,443.21152754670766,0.0,0.0,0.0,0.0,0.0,0.0,False,1.0,0,0,0,0.0,0.0,0.6261551386186383,0.6261551386186383,0.0,False,LT-A,1-75,1-75,7.170903650276951,7.170903650276951,0.0,381.96681671115,381.96681671115,6.18,lower-middle,21709.964100182176,5,795.3408386808318,"(20),(21) + BERC slab bill",MB-KLNC0266-2026-06-14
KLNC0267,Kalyanpur,2026-06-14,2026-07-13,30,118.27618665699892,912.6270159137152,118.27618665699892,912.6270159137152,0.0,0.0,0.0,0.0,0.0,0.0,False,1.0,0,0,0,0.0,0.0,0.6142801793536089,0.6142801793536089,0.0,False,LT-A,76-200,76-200,7.716067297302496,7.716067297302496,0.0,1005.3475865844908,1005.3475865844908,8.5,middle,53745.89767752404,4,795.3408386808318,"(20),(21) + BERC slab bill",MB-KLNC0267-2026-06-14
KLNC0268,Kalyanpur,2026-06-14,2026-07-13,30,150.41208457589536,1311.652354839866,150.41208457589536,1311.652354839866,0.0,0.0,0.0,0.0,0.0,0.0,False,1.0,0,0,0,0.0,0.0,1.0587543259529557,1.0587543259529557,0.0,False,LT-A,76-200,76-200,8.720392105050767,8.720392105050767,0.0,1278.5027188951103,1278.5027188951103,8.5,middle,49094.21379523981,5,795.3408386808318,"(20),(21) + BERC slab bill",MB-KLNC0268-2026-06-14
KLNC0269,Kalyanpur,2026-06-14,2026-07-13,30,149.94000924193037,1256.503582484229,149.94000924193037,1256.503582484229,0.0,0.0,0.0,0.0,0.0,0.0,False,1.0,0,0,0,0.0,0.0,1.0271333369893678,1.0271333369893678,0.0,False,LT-A,76-200,76-200,8.380042050396582,8.380042050396582,0.0,1274.4900785564078,1274.4900785564078,8.5,middle,46210.556877362935,5,795.3408386808318,"(20),(21) + BERC slab bill",MB-KLNC0269-2026-06-14
KLNC0270,Kalyanpur,2026-06-14,2026-07-13,30,54.61056419807865,436.8570010813322,54.61056419807865,436.8570010813322,0.0,0.0,0.0,0.0,0.0,0.0,False,1.0,0,0,0,0.0,0.0,0.583871044888462,0.583871044888462,0.0,False,LT-A,1-75,1-75,7.999496205474144,7.999496205474144,0.0,337.49328674412607,337.49328674412607,6.18,lower-middle,22152.141614089494,3,795.3408386808318,"(20),(21) + BERC slab bill",MB-KLNC0270-2026-06-14
KLNC0271,Kalyanpur,2026-06-14,2026-07-13,30,159.89028564160887,1334.046659351359,159.89028564160887,1334.046659351359,0.0,0.0,0.0,0.0,0.0,0.0,False,1.0,0,0,0,0.0,0.0,1.24142326073346,1.24142326073346,0.0,False,LT-A,76-200,76-200,8.343512890718078,8.343512890718078,0.0,1359.067427953676,1359.067427953676,8.5,lower-middle,13047.461661552728,3,795.3408386808318,"(20),(21) + BERC slab bill",MB-KLNC0271-2026-06-14
KLNC0272,Kalyanpur,2026-06-14,2026-07-13,30,86.05211611514554,630.9895063276739,86.05211611514554,630.9895063276739,0.0,0.0,0.0,0.0,0.0,0.0,False,1.0,0,0,0,0.0,0.0,0.4478492961763269,0.4478492961763269,0.0,False,LT-A,76-200,76-200,7.332643690985503,7.332643690985503,0.0,731.4429869787369,731.4429869787369,8.5,lower-middle,20732.56395857375,5,795.3408386808318,"(20),(21) + BERC slab bill",MB-KLNC0272-2026-06-14
KLNC0273,Kalyanpur,2026-06-14,2026-07-13,30,1906.5833694300936,31245.501582168552,1906.5833694300936,31245.501582168552,0.0,0.0,0.0,0.0,0.0,0.0,False,1.0,0,0,0,0.0,0.0,5.606391425126202,5.606391425126202,0.0,False,LT-E,flat,flat,16.388216787765383,16.388216787765383,0.0,28833.30549032252,28833.30549032252,15.36,,0.0,0,41.84160261653365,"(20),(21) + BERC slab bill",MB-KLNC0273-2026-06-14
KLNC0274,Kalyanpur,2026-06-14,2026-07-13,30,4835.6216691654845,79269.38128030094,4835.6216691654845,79269.38128030094,0.0,0.0,0.0,0.0,0.0,0.0,False,1.0,0,0,0,0.0,0.0,13.61378766047168,13.61378766047168,0.0,False,LT-E,flat,flat,16.3928004925954,16.3928004925954,0.0,74217.60214766278,74217.60214766278,15.36,,0.0,0,41.84160261653365,"(20),(21) + BERC slab bill",MB-KLNC0274-2026-06-14
KLNC0275,Kalyanpur,2026-06-14,2026-07-13,30,2505.658561359905,41181.43627761255,2459.131932081845,40431.054800616,750.3814769965466,1.8221352745884587,46.52662927805977,78.90098464338703,1151.2200503840013,-321.93758874406774,False,0.9642094794085986,30,180,180,107.8804876432832,46.52662927805963,6.536715021449578,6.707953890724631,-2.619647157833091,True,LT-E,flat,flat,16.435374281507055,16.44118978455458,0.0,38589.95701023469,37227.3800915436,15.36,,0.0,0,41.84160261653365,"(20),(21) + BERC slab bill",MB-KLNC0275-2026-06-14
KLNC0276,Kalyanpur,2026-06-14,2026-07-13,30,5062.212395112361,82555.28650837216,5062.212395112361,82555.28650837216,0.0,0.0,0.0,0.0,0.0,0.0,False,1.0,0,0,0,0.0,0.0,11.37814941916381,11.37814941916381,0.0,False,LT-E,flat,flat,16.30814356744108,16.30814356744108,0.0,77541.3175060035,77541.3175060035,15.36,,0.0,0,41.84160261653365,"(20),(21) + BERC slab bill",MB-KLNC0276-2026-06-14
KLNC0277,Kalyanpur,2026-06-14,2026-07-13,30,6248.231154966409,102155.89706729824,6011.127060490835,98331.8822315962,3824.014835702052,3.743312863458943,237.10409447557413,381.72652298615776,7109.558563625677,-2903.817204937468,False,0.9552853818003532,30,180,180,105.70794010471776,237.10409447557348,14.05171608707268,14.21950646819128,-1.194091739961669,True,LT-E,flat,flat,16.349570707879394,16.35831038706524,0.0,95270.19009881548,90100.64474531048,15.36,,0.0,0,41.84160261653365,"(20),(21) + BERC slab bill",MB-KLNC0277-2026-06-14
KLNC0278,Kalyanpur,2026-06-14,2026-07-13,30,5064.133853554161,82789.4507901215,4802.959954894119,78577.23815253234,4212.212637589153,5.087861554085533,261.17389866004214,420.3208965096322,7320.168455872291,-2687.634921773506,False,0.9484267386659332,30,0,180,0.0,261.1738986600444,12.22906904547724,12.22906904547724,0.0,True,LT-E,flat,flat,16.34819560150792,16.360169331094202,0.0,77970.70914520054,72736.43094858897,15.36,,0.0,0,41.84160261653365,"(20),(21) + BERC slab bill",MB-KLNC0278-2026-06-14
KLNC0279,Kalyanpur,2026-06-14,2026-07-13,30,757.5065025302866,12486.389872808462,736.1986456309115,12142.73675673534,343.65311607312105,2.752221575441052,21.30785689937511,34.092571038999594,692.1818792993166,-314.436192187196,False,0.9498122339094348,30,60,150,41.77425565424373,21.307856899374745,2.6689107779100163,2.73521912021834,-2.484472049689437,True,LT-E,flat,flat,16.48354150241665,16.493831968855623,0.0,11514.4553121086,10922.61994836768,15.36,,0.0,0,41.84160261653365,"(20),(21) + BERC slab bill",MB-KLNC0279-2026-06-14
KLNC0280,Kalyanpur,2026-06-14,2026-07-13,30,3351.05709256288,55137.323788854126,3112.2277859439487,51285.484731704,3851.839057150122,6.985901368554928,238.82930661893124,384.6155593346521,6385.025669106048,-2148.5710526212733,False,0.9184668240630004,30,180,180,85.98255220982124,238.8293066189308,10.984209803670606,11.120690045273497,-1.2425130623168126,True,LT-E,flat,flat,16.453710654832573,16.478705370901682,0.0,52124.63903974008,46998.31518601998,15.36,,0.0,0,41.84160261653365,"(20),(21) + BERC slab bill",MB-KLNC0280-2026-06-14
KLNC0281,Kalyanpur,2026-06-14,2026-07-13,30,2445.0995738242486,40308.690926637486,2279.232258785075,37633.58286968568,2675.1080569518017,6.636554041957217,165.86731503917372,266.9559344842796,4709.909148286466,-1767.845156850385,False,0.9321633700259704,30,0,180,0.0,165.86731503917343,7.343054059939589,7.343054059939589,0.0,True,LT-E,flat,flat,16.48550077802878,16.511517299139115,0.0,37455.70664868307,34131.484363396754,15.36,,0.0,0,41.84160261653365,"(20),(21) + BERC slab bill",MB-KLNC0281-2026-06-14
KLNC0282,Kalyanpur,2026-06-14,2026-07-13,30,6556.291139208728,107351.08849315836,6545.610623067619,107178.83312883457,172.2553643238207,0.1604598208939434,10.680516141109363,21.08043946193312,449.03978161008376,-255.70397782433,False,0.9955334277515588,30,60,30,46.50907978494877,10.68051614111092,20.18026802671558,20.254091962882168,-0.3658223769320373,True,LT-E,flat,flat,16.37375250942783,16.374153505422676,0.0,100479.3358644255,100077.69457460855,15.36,,0.0,0,41.84160261653365,"(20),(21) + BERC slab bill",MB-KLNC0282-2026-06-14
KLNC0283,Kalyanpur,2026-06-14,2026-07-13,30,5286.21005259497,86607.34572825168,5286.21005259497,86607.34572825168,0.0,0.0,0.0,0.0,0.0,0.0,False,1.0,0,0,0,0.0,0.0,16.83900960308621,16.83900960308621,0.0,False,LT-E,flat,flat,16.383636833677585,16.383636833677585,0.0,82828.56294623415,82828.56294623415,15.36,,0.0,0,41.84160261653365,"(20),(21) + BERC slab bill",MB-KLNC0283-2026-06-14
KLNC0284,Kalyanpur,2026-06-14,2026-07-13,30,5257.89125884674,85928.54522268023,5167.081789171914,84463.97009576463,1464.5751269156026,1.704410476309377,90.80946967482578,272.42840902447887,2225.0394600339764,-488.0359240938949,False,0.9827289182669888,16,0,96,0.0,90.80946967482626,12.647267113483846,12.647267113483846,0.0,True,LT-E,flat,flat,16.34277716909796,16.346551795012513,0.0,80317.55120815887,78371.32265408803,15.36,,0.0,0,41.84160261653365,"(20),(21) + BERC slab bill",MB-KLNC0284-2026-06-14
KLNC0285,Kalyanpur,2026-06-14,2026-07-13,30,1470.1014728360824,24668.971553900334,1470.1014728360824,24668.971553900334,0.0,0.0,0.0,0.0,0.0,0.0,False,1.0,0,0,0,0.0,0.0,7.670311782947254,7.670311782947254,0.0,False,LT-E,flat,flat,16.780454961594984,16.780454961594984,0.0,23054.732020505005,23054.732020505005,15.36,,0.0,0,41.84160261653365,"(20),(21) + BERC slab bill",MB-KLNC0285-2026-06-14
KLNC0286,Kalyanpur,2026-06-14,2026-07-13,30,2942.977040545454,48154.18370991709,2935.1114332940683,48027.327196166734,126.85651375035376,0.2634381978408002,7.865607251385882,15.419666194720628,327.90540993513326,-185.6292299900589,False,0.9918515949775526,30,60,30,40.28740411685434,7.86560725138609,7.178079346075224,7.242027606578167,-0.8908826082830736,True,LT-E,flat,flat,16.3624054984106,16.363033665902687,0.0,44818.687658331975,44499.16538370502,15.36,,0.0,0,41.84160261653365,"(20),(21) + BERC slab bill",MB-KLNC0286-2026-06-14
KLNC0287,Kalyanpur,2026-06-14,2026-07-13,30,5204.246574731048,85469.71375726235,5204.246574731048,85469.71375726235,0.0,0.0,0.0,0.0,0.0,0.0,False,1.0,0,0,0,0.0,0.0,17.006497944517307,17.006497944517307,0.0,False,LT-E,flat,flat,16.4230715301339,16.4230715301339,0.0,78650.22320101208,78650.22320101208,15.36,,0.0,0,41.84160261653365,"(20),(21) + BERC slab bill",MB-KLNC0287-2026-06-14
KLNC0288,Kalyanpur,2026-06-14,2026-07-13,30,2534.863832216065,41746.95888598068,2447.409711867039,40336.4988329916,1410.4600529890813,3.37859353262433,87.45412034902574,140.6983198348579,2377.833932959982,-826.6755601360428,False,0.9473688661707436,30,180,180,114.8965931081996,87.45412034902566,7.576435448968546,7.758810993584736,-2.407141799657495,True,LT-E,flat,flat,16.469112997475712,16.481302103774187,0.0,38518.97757770904,36312.51619642159,15.36,,0.0,0,41.84160261653365,"(20),(21) + BERC slab bill",MB-KLNC0288-2026-06-14
KLNC0289,Kalyanpur,2026-06-14,2026-07-13,30,3731.709536658177,61380.43640722308,3722.252719608257,61227.91686184196,152.5195453811175,0.2484823411310406,9.456817049920572,18.037747491464387,383.4645754192635,-212.9072825466816,False,0.9933385418122838,30,60,32,38.50452499307509,9.456817049920303,11.947430211579368,11.746092654918662,1.6851955030929633,True,LT-E,flat,flat,16.44834245652209,16.44915632388491,0.0,57403.91850876845,57059.490836983074,15.36,,0.0,0,41.84160261653365,"(20),(21) + BERC slab bill",MB-KLNC0289-2026-06-14
KLNC0290,Kalyanpur,2026-06-14,2026-07-13,30,3995.902199877191,65627.16067961934,3716.273759669614,61117.31319595153,4509.847483667807,6.871922290961386,279.6284402075771,450.442941331181,5854.02667378963,-893.7362487906421,False,0.9300212001644655,30,0,180,0.0,279.6284402075772,12.724630238857042,12.724630238857042,0.0,True,LT-E,flat,flat,16.423615343147365,16.44585871450574,0.0,61738.39254508408,56133.83819384684,15.36,,0.0,0,41.84160261653365,"(20),(21) + BERC slab bill",MB-KLNC0290-2026-06-14
KLNC0291,Kalyanpur,2026-06-14,2026-07-13,30,6928.777360354113,113245.14626779112,6544.640394523609,107049.78528287676,6195.360984914369,5.470751894535224,384.1369658305039,618.1430861671198,11519.972191690224,-4706.468120608735,False,0.9423710267117272,30,60,180,37.90339897433695,384.13696583050216,15.761496740161778,15.821660865517869,-0.3817158125775354,True,LT-E,flat,flat,16.344174502672065,16.356862841914637,0.0,105508.59558668728,97660.33234992626,15.36,,0.0,0,41.84160261653365,"(20),(21) + BERC slab bill",MB-KLNC0291-2026-06-14
KLNC0292,Kalyanpur,2026-06-14,2026-07-13,30,7971.366382124463,130272.64701090334,7397.60630647806,121019.04451087816,9253.602500025185,7.10325821448204,573.7600756464026,923.6773527415452,16997.52178996327,-6820.241937196541,False,0.92802236804307,30,0,180,0.0,573.7600756463999,21.166646261627506,21.166646261627506,0.0,True,LT-E,flat,flat,16.342574254651705,16.35921668403767,0.0,122844.05959329753,111344.83652624152,15.36,,0.0,0,41.84160261653365,"(20),(21) + BERC slab bill",MB-KLNC0292-2026-06-14
KLNC0293,Kalyanpur,2026-06-14,2026-07-13,30,5512.036655719837,90310.90218344952,5346.58065512954,87642.42780592923,2668.474377520295,2.9547643894640694,165.45600059029675,466.5568750980363,3481.2873607583665,-346.25610814003494,False,0.9685201632056912,30,30,110,20.155034340033747,165.45600059029525,15.672266985878688,15.70425910387874,-0.2041320380062387,True,LT-E,flat,flat,16.384307257778115,16.392238976483892,0.0,85289.93700828863,81694.08850324833,15.36,,0.0,0,41.84160261653365,"(20),(21) + BERC slab bill",MB-KLNC0293-2026-06-14
KLNC0294,Kalyanpur,2026-06-14,2026-07-13,30,5638.249760857307,92355.91714310664,5638.249760857307,92355.91714310664,0.0,0.0,0.0,0.0,0.0,0.0,False,1.0,0,0,0,0.0,0.0,16.965856732622285,16.965856732622285,0.0,False,LT-E,flat,flat,16.380245831653923,16.380245831653923,0.0,88564.76194221844,88564.76194221844,15.36,,0.0,0,41.84160261653365,"(20),(21) + BERC slab bill",MB-KLNC0294-2026-06-14
KLNC0295,Kalyanpur,2026-06-14,2026-07-13,30,3113.6538674545527,51251.78457430702,3113.6538674545527,51251.78457430702,0.0,0.0,0.0,0.0,0.0,0.0,False,1.0,0,0,0,0.0,0.0,13.265439209390737,13.265439209390737,0.0,False,LT-E,flat,flat,16.46033462807667,16.46033462807667,0.0,48280.07530034874,48280.07530034874,15.36,,0.0,0,41.84160261653365,"(20),(21) + BERC slab bill",MB-KLNC0295-2026-06-14
KLNC0296,Kalyanpur,2026-06-14,2026-07-13,30,3072.9204115002635,50538.13539667625,3026.987311836436,49797.32636529804,740.8090313782086,1.4658416373369596,45.933099663827306,73.85487442024377,1532.4879255966418,-717.8240197981895,False,0.9708793793216214,30,150,150,108.88062503579872,45.93309966382665,10.392549969579376,10.56537635852509,-1.6629834780838362,True,LT-E,flat,flat,16.446288425674677,16.451118301875738,0.0,47472.91992819159,46122.3788006263,15.36,,0.0,0,41.84160261653365,"(20),(21) + BERC slab bill",MB-KLNC0296-2026-06-14
KLNC0297,Kalyanpur,2026-06-14,2026-07-13,30,852.4904472715355,14249.815933595324,852.4904472715355,14249.815933595324,0.0,0.0,0.0,0.0,0.0,0.0,False,1.0,0,0,0,0.0,0.0,3.699169593683191,3.699169593683191,0.0,False,LT-E,flat,flat,16.71551391479284,16.71551391479284,0.0,13196.915314959844,13196.915314959844,15.36,,0.0,0,41.84160261653365,"(20),(21) + BERC slab bill",MB-KLNC0297-2026-06-14
KLNC0298,Kalyanpur,2026-06-14,2026-07-13,30,3947.573506870597,64739.040518808986,3937.867469402171,64582.501546518215,156.5389722907712,0.2417999572379993,9.706037468426077,21.062590981371255,274.17727193636244,-96.57570866421996,False,0.9955121193512918,30,30,30,20.025503206027647,9.706037468426633,10.496890123847564,10.528676636873003,-0.3028183838299527,True,LT-E,flat,flat,16.399704883552698,16.40037458048908,0.0,60764.49993730862,60485.44064761774,15.36,,0.0,0,41.84160261653365,"(20),(21) + BERC slab bill",MB-KLNC0298-2026-06-14
KLNC0299,Kalyanpur,2026-06-14,2026-07-13,30,6517.031022873327,106793.501336901,6297.709776520125,103256.28827571658,3537.213061184433,3.31219879197106,219.3212463532018,352.8698362568875,5273.001768672007,-1382.918871230686,False,0.9638533514874468,30,60,180,40.61895844001162,219.32124635320255,18.35441942213949,18.41889395934585,-0.3512752744911033,True,LT-E,flat,flat,16.386833354341817,16.395847369894533,0.0,99675.45159411123,95119.61926465076,15.36,,0.0,0,41.84160261653365,"(20),(21) + BERC slab bill",MB-KLNC0299-2026-06-14
KLNC0300,Kalyanpur,2026-06-14,2026-07-13,30,4914.108201582147,80743.11207511686,4914.108201582147,80743.11207511686,0.0,0.0,0.0,0.0,0.0,0.0,False,1.0,0,0,0,0.0,0.0,17.693804334227476,17.693804334227476,0.0,False,LT-E,flat,flat,16.430877946301795,16.430877946301795,0.0,75638.28070535585,75638.28070535585,15.36,,0.0,0,41.84160261653365,"(20),(21) + BERC slab bill",MB-KLNC0300-2026-06-14
KLNC0301,Kalyanpur,2026-06-14,2026-07-13,30,3990.929299633093,65485.53274448253,3789.010830982836,62228.991682091175,3256.541062391356,4.9729168045376175,201.9184686502572,325.10538143399293,5268.049135816579,-1686.4026919912303,False,0.9376476514799562,30,150,180,117.31336489830036,201.91846865025693,12.43738914894018,12.623600839254944,-1.4971927635683044,True,LT-E,flat,flat,16.40859254272005,16.423545473463193,0.0,61330.70895631508,56820.48808747551,15.36,,0.0,0,41.84160261653365,"(20),(21) + BERC slab bill",MB-KLNC0301-2026-06-14
KLNC0302,Kalyanpur,2026-06-14,2026-07-13,30,5878.663035041188,96431.75242914428,5876.5507640991045,96397.68572339036,34.066705753910355,0.0353272702152143,2.1122709420833417,3.964898786957067,102.72007283057782,-64.6884682897104,False,0.9984297611375288,30,30,30,17.796585537279558,2.112270942083094,16.480517051251113,16.508765599722985,-0.1714057173329249,True,LT-E,flat,flat,16.403687684485327,16.403786777832497,0.0,90426.69225820832,90313.50255328335,15.36,,0.0,0,41.84160261653365,"(20),(21) + BERC slab bill",MB-KLNC0302-2026-06-14
KLNC0303,Kalyanpur,2026-06-14,2026-07-13,30,7775.044281718413,127314.26417555456,7750.581580932731,126919.72973728308,394.5344382714829,0.3098902081603806,24.46270078568159,64.4196297158726,650.9220363331369,-191.9679683457814,False,0.9956021819342268,30,30,40,24.326323546615363,24.462700785682028,23.94721235976948,23.985825571748236,-0.1612430348829454,True,LT-E,flat,flat,16.374731713735784,16.37551045840474,0.0,118968.42562973266,118357.02747150412,15.36,,0.0,0,41.84160261653365,"(20),(21) + BERC slab bill",MB-KLNC0303-2026-06-14
KLNC0304,Kalyanpur,2026-06-14,2026-07-13,30,5222.188403001623,85938.62956361016,5222.188403001623,85938.62956361016,0.0,0.0,0.0,0.0,0.0,0.0,False,1.0,0,0,0,0.0,0.0,17.39156811058918,17.39156811058918,0.0,False,LT-E,flat,flat,16.456439892941077,16.456439892941077,0.0,80818.53898852441,80818.53898852441,15.36,,0.0,0,41.84160261653365,"(20),(21) + BERC slab bill",MB-KLNC0304-2026-06-14
KLNC0305,Kalyanpur,2026-06-14,2026-07-13,30,1776.0828829846785,29263.63973677689,1740.026489180092,28682.12221749652,581.5175192803727,1.987167435462767,36.056393804586605,69.98891716829681,1372.810624299918,-721.3041878512487,False,0.956101650675066,30,180,128,104.77678255677834,36.056393804585774,5.238839127838916,5.405151481103643,-3.1746031746031704,True,LT-E,flat,flat,16.47650569527466,16.483727343146175,0.0,27194.084666205206,26045.665943555112,15.36,,0.0,0,41.84160261653365,"(20),(21) + BERC slab bill",MB-KLNC0305-2026-06-14
KLNC0306,Kalyanpur,2026-06-14,2026-07-13,30,5240.719682262334,86601.32703552692,5240.719682262333,86601.3270355269,1.4551915228366852e-11,1.6803339771453093e-14,9.094947017729282e-13,0.0,141.44831321070066,-141.4483132106861,False,0.9940586287918088,30,150,0,77.84265257598733,0.0,19.27576401006993,19.399323776063564,-0.641010991466176,True,LT-E,flat,flat,16.524701240678176,16.524701240678176,0.0,81855.59998697272,81548.14375005547,15.36,,0.0,0,41.84160261653365,"(20),(21) + BERC slab bill",MB-KLNC0306-2026-06-14
KLNC0307,Kalyanpur,2026-06-14,2026-07-13,30,2501.664195924184,41017.79015186524,2428.041482575172,39830.40303097236,1187.3871208928758,2.894810072645712,73.62271334901243,118.09617971685302,1674.2598424389505,-368.77654182922174,False,0.970570505238488,30,0,180,0.0,73.62271334901305,7.526662656417871,7.526662656417871,0.0,True,LT-E,flat,flat,16.396201464086644,16.404333829061432,0.0,37795.59223632196,36320.48220415608,15.36,,0.0,0,41.84160261653365,"(20),(21) + BERC slab bill",MB-KLNC0307-2026-06-14
KLNC0308,Kalyanpur,2026-06-14,2026-07-13,30,3301.1243089566246,54029.60785485244,3301.1243089566246,54029.60785485244,0.0,0.0,0.0,0.0,0.0,0.0,False,1.0,0,0,0,0.0,0.0,10.136238678212756,10.136238678212756,0.0,False,LT-E,flat,flat,16.367032198169294,16.367032198169294,0.0,50807.35613210683,50807.35613210683,15.36,,0.0,0,41.84160261653365,"(20),(21) + BERC slab bill",MB-KLNC0308-2026-06-14
KLNC0309,Kalyanpur,2026-06-14,2026-07-13,30,3563.323599787192,58362.30801736783,3563.323599787192,58362.30801736783,0.0,0.0,0.0,0.0,0.0,0.0,False,1.0,0,0,0,0.0,0.0,8.888068728678046,8.888068728678046,0.0,False,LT-E,flat,flat,16.37861574538258,16.37861574538258,0.0,54710.41508404176,54710.41508404176,15.36,,0.0,0,41.84160261653365,"(20),(21) + BERC slab bill",MB-KLNC0309-2026-06-14
KLNC0310,Kalyanpur,2026-06-14,2026-07-13,30,3255.7397015163297,53826.84490605536,3129.0539667644225,51783.6573759766,2043.1875300787576,3.795852299433039,126.68573475190716,203.8388597413758,3240.937478697491,-993.9110888773572,False,0.9421514155279443,30,180,180,154.13549597571458,126.68573475190664,15.647593658603768,15.29417213015607,2.2586318136742367,True,LT-E,flat,flat,16.532907984316445,16.54930145852459,0.0,50068.39994121359,46920.698448134135,15.36,,0.0,0,41.84160261653365,"(20),(21) + BERC slab bill",MB-KLNC0310-2026-06-14
KLNC0311,Kalyanpur,2026-06-14,2026-07-13,30,2655.417379575036,43686.52149778618,2643.1602569492698,43488.83862407782,197.68287370836333,0.4525031220862501,12.257122625766442,27.829581592749047,394.3248862517696,-168.81243095065724,False,0.9907868962275924,30,60,32,30.518783128282127,12.257122625766334,6.8544810131021245,6.90292352600416,-0.7067276546457539,True,LT-E,flat,flat,16.451847394618476,16.4533491715983,0.0,40730.54375343862,40356.25041390336,15.36,,0.0,0,41.84160261653365,"(20),(21) + BERC slab bill",MB-KLNC0311-2026-06-14
KLNC0312,Kalyanpur,2026-06-14,2026-07-13,30,2007.4347267681924,32966.5322733174,1952.1908909062904,32075.559688536647,890.9725847807567,2.702657887684159,55.2438358619022,88.39013737904408,1138.037762369854,-158.6750402100531,False,0.952678402289514,30,180,180,99.37795677070254,55.24383586190256,4.733335274337908,4.891078062862833,-3.332592757165084,True,LT-E,flat,flat,16.422218781873347,16.430544696193007,0.0,30547.225664951795,29048.06660942383,15.36,,0.0,0,41.84160261653365,"(20),(21) + BERC slab bill",MB-KLNC0312-2026-06-14
KLNC0313,Kalyanpur,2026-06-14,2026-07-13,30,770.3264599429983,12716.775145960675,732.5052302992495,12106.794354266296,609.980791694381,4.796662555507507,37.82122964374878,60.51396742999713,995.9051730477564,-325.4104139233784,False,0.9384196731056904,30,30,180,24.03931393719479,37.8212296437482,2.902524571676113,2.6557718254424736,8.501314636283956,True,LT-E,flat,flat,16.508293310996585,16.52792888498601,0.0,11773.95594870812,10921.372654808054,15.36,,0.0,0,41.84160261653365,"(20),(21) + BERC slab bill",MB-KLNC0313-2026-06-14
KLNC0314,Kalyanpur,2026-06-14,2026-07-13,30,4259.77967495704,70209.00159770715,4064.6408511761424,67061.80264776883,3147.19894993832,4.482614591176724,195.13882378089735,537.7394666194302,4641.431114457554,-956.4926978998036,False,0.9525713689661706,30,30,110,17.2417367701152,195.13882378089704,14.31021752787104,14.337585364014078,-0.1912468212990941,True,LT-E,flat,flat,16.481838722894796,16.49882612097545,0.0,65876.30797046676,61673.669769886365,15.36,,0.0,0,41.84160261653365,"(20),(21) + BERC slab bill",MB-KLNC0314-2026-06-14
KLNC0315,Kalyanpur,2026-06-14,2026-07-13,30,1692.5215169791002,27859.262025838925,1643.8636137117517,27074.507361943128,784.7546638957974,2.8168537385087684,48.6579032673485,77.85264522775945,1485.4725184208514,-622.8652092972945,False,0.9504179017149532,30,180,180,88.15216234266155,48.65790326734966,4.840206691592432,4.980130758803006,-2.890869669959044,True,LT-E,flat,flat,16.460211433863233,16.47004479940426,0.0,25813.20982928725,24490.31885611428,15.36,,0.0,0,41.84160261653365,"(20),(21) + BERC slab bill",MB-KLNC0315-2026-06-14
KLNC0316,Kalyanpur,2026-06-14,2026-07-13,30,5506.784544679387,90594.74613658916,5501.082432922623,90502.78247817606,91.96365841309309,0.1015110283265654,5.70211175676377,11.041398088888144,162.73563644648735,-59.73057994450613,False,0.9970625416048152,30,60,30,26.184596836195453,5.702111756764327,17.611928395205528,17.65349124732647,-0.2359926249317369,True,LT-E,flat,flat,16.45147824498075,16.45181354428343,0.0,84994.72123021666,84775.15683203751,15.36,,0.0,0,41.84160261653365,"(20),(21) + BERC slab bill",MB-KLNC0316-2026-06-14
KLNC0317,Kalyanpur,2026-06-14,2026-07-13,30,3008.4709803044952,49300.2449703509,3008.4709803044952,49300.2449703509,0.0,0.0,0.0,0.0,0.0,0.0,False,1.0,0,0,0,0.0,0.0,7.738476113778251,7.738476113778251,0.0,False,LT-E,flat,flat,16.387143267495002,16.387143267495002,0.0,46558.37319110728,46558.37319110728,15.36,,0.0,0,41.84160261653365,"(20),(21) + BERC slab bill",MB-KLNC0317-2026-06-14
KLNC0318,Kalyanpur,2026-06-14,2026-07-13,30,2413.1937194173665,39756.31330676329,2412.689422077848,39748.17999927152,8.133307491763844,0.0204579016897429,0.504297339518871,1.1962795555104366,47.934740877921854,-38.60515383064757,False,0.9970370361773532,30,30,21,16.614770870384397,0.5042973395181052,7.284859104465456,7.311231756640669,-0.3620200720017745,True,LT-E,flat,flat,16.47456355735996,16.474635995643293,0.0,37013.72984489695,36937.61475891881,15.36,,0.0,0,41.84160261653365,"(20),(21) + BERC slab bill",MB-KLNC0318-2026-06-14
KLNC0319,Kalyanpur,2026-06-14,2026-07-13,30,2629.3439609611464,43006.134402381365,2614.9855033009044,42774.56119723698,231.5732051443847,0.5384655197737601,14.358457660242038,30.536226543147173,395.9999421292554,-133.8905104417235,False,0.99079777446099,30,30,30,24.593396220388197,14.35845766024318,7.977672662848143,8.016709799705902,-0.4893298899007787,True,LT-E,flat,flat,16.356222328044385,16.357475459516895,0.0,40689.74244339605,40297.41423687341,15.36,,0.0,0,41.84160261653365,"(20),(21) + BERC slab bill",MB-KLNC0319-2026-06-14
KLNC0320,Kalyanpur,2026-06-14,2026-07-13,30,2464.0581343860827,40411.27959137874,2464.0581343860827,40411.27959137874,0.0,0.0,0.0,0.0,0.0,0.0,False,1.0,0,0,0,0.0,0.0,8.077817835790157,8.077817835790157,0.0,False,LT-E,flat,flat,16.40029471197812,16.40029471197812,0.0,38249.29671915302,38249.29671915302,15.36,,0.0,0,41.84160261653365,"(20),(21) + BERC slab bill",MB-KLNC0320-2026-06-14
KLNC0321,Kalyanpur,2026-06-14,2026-07-13,30,1577.757382212732,25942.19606032694,1540.3472385224654,25338.84526289032,603.3507974366184,2.325750665184876,37.41014369026652,59.85622990442599,1109.5478922203376,-446.3408648792933,False,0.9572265826461106,30,180,180,75.18982825574743,37.410143690266274,3.387151362554059,3.5065002962933405,-3.523578398613022,True,LT-E,flat,flat,16.442449487350334,16.450086466994218,0.0,24094.099986415866,23047.721649210314,15.36,,0.0,0,41.84160261653365,"(20),(21) + BERC slab bill",MB-KLNC0321-2026-06-14
KLNC0322,Kalyanpur,2026-06-14,2026-07-13,30,2406.8895046385696,39649.91393081085,2308.7027948969244,38066.35867609759,1583.555254713261,3.9938428554386447,98.18670974164525,157.68847051375417,2614.7117479112007,-873.4680226841856,False,0.9524407802900732,30,60,180,40.707692567443054,98.1867097416453,8.546710011448502,7.4398823224831965,12.95033629879434,True,LT-E,flat,flat,16.47350817492757,16.48820227542416,0.0,37396.7343698098,35268.48471046594,15.36,,0.0,0,41.84160261653365,"(20),(21) + BERC slab bill",MB-KLNC0322-2026-06-14
KLNC0323,Kalyanpur,2026-06-14,2026-07-13,30,3116.252365719525,51218.0931543245,2990.796860009037,49194.74675822575,2023.34639609875,3.950452411420773,125.45550571048808,376.3665171314665,3349.68343348346,-949.9705202532432,False,0.9597415449754432,16,0,96,0.0,125.4555057104888,10.807123613188253,10.807123613188253,0.0,True,LT-E,flat,flat,16.435797600268657,16.448708842792186,0.0,48741.33199951175,46052.56960112454,15.36,,0.0,0,41.84160261653365,"(20),(21) + BERC slab bill",MB-KLNC0323-2026-06-14
KLNC0324,Kalyanpur,2026-06-14,2026-07-13,30,6698.496269671568,109483.92283726306,6687.379153054094,109304.62598045642,179.2968568066426,0.1637654663444508,11.117116617474494,20.776457950612496,693.8849287225521,-493.811613965297,False,0.990009238429148,30,180,28,139.51490624013817,11.117116617474526,17.719254295622477,17.94070652774968,-1.2497830237805867,True,LT-E,flat,flat,16.344552333777912,16.344912330944705,0.0,103049.36151622662,102272.63034653597,15.36,,0.0,0,41.84160261653365,"(20),(21) + BERC slab bill",MB-KLNC0324-2026-06-14
KLNC0325,Kalyanpur,2026-06-14,2026-07-13,30,4605.052333435435,75465.70903364668,4605.052333435435,75465.70903364668,0.0,0.0,0.0,0.0,0.0,0.0,False,1.0,0,0,0,0.0,0.0,11.515278370840043,11.515278370840043,0.0,False,LT-E,flat,flat,16.38758988377189,16.38758988377189,0.0,70807.86316613325,70807.86316613325,15.36,,0.0,0,41.84160261653365,"(20),(21) + BERC slab bill",MB-KLNC0325-2026-06-14
KLNC0326,Kalyanpur,2026-06-14,2026-07-13,30,4114.4419479622775,67789.39473673562,3947.9377892012526,65104.015664237806,2685.37907249781,3.96135572964864,166.50415876102488,267.8599869466992,4574.211707302685,-1620.9726478581756,False,0.9486360198395002,30,180,150,112.07488956409334,166.50415876102522,15.224027370824553,15.401924020926286,-1.168525553511926,True,LT-E,flat,flat,16.47596334912662,16.490638693019946,0.0,63193.51490631416,59413.98647270306,15.36,,0.0,0,41.84160261653365,"(20),(21) + BERC slab bill",MB-KLNC0326-2026-06-14
KLNC0327,Kalyanpur,2026-06-14,2026-07-13,30,1828.2379725298097,30133.14702096077,1828.2379725298097,30133.14702096077,0.0,0.0,0.0,0.0,0.0,0.0,False,1.0,0,0,0,0.0,0.0,6.184326482908289,6.184326482908289,0.0,False,LT-E,flat,flat,16.48207042722358,16.48207042722358,0.0,28160.34355600713,28160.34355600713,15.36,,0.0,0,41.84160261653365,"(20),(21) + BERC slab bill",MB-KLNC0327-2026-06-14
KLNC0328,Kalyanpur,2026-06-14,2026-07-13,30,5809.15574687693,95433.5888856311,5809.15574687693,95433.5888856311,0.0,0.0,0.0,0.0,0.0,0.0,False,1.0,0,0,0,0.0,0.0,19.775259850684904,19.775259850684904,0.0,False,LT-E,flat,flat,16.428133974018053,16.428133974018053,0.0,90156.741262258,90156.741262258,15.36,,0.0,0,41.84160261653365,"(20),(21) + BERC slab bill",MB-KLNC0328-2026-06-14
KLNC0329,Kalyanpur,2026-06-14,2026-07-13,30,1508.1309474467007,24639.710920420388,1508.1309474467007,24639.710920420388,0.0,0.0,0.0,0.0,0.0,0.0,False,1.0,0,0,0,0.0,0.0,3.553885788754477,3.553885788754477,0.0,False,LT-E,flat,flat,16.33791214359467,16.33791214359467,0.0,23129.18753157587,23129.18753157587,15.36,,0.0,0,41.84160261653365,"(20),(21) + BERC slab bill",MB-KLNC0329-2026-06-14
KLNC0330,Kalyanpur,2026-06-14,2026-07-13,30,7868.772052275463,128603.83065909868,7868.772052275463,128603.83065909868,0.0,0.0,0.0,0.0,0.0,0.0,False,1.0,0,0,0,0.0,0.0,21.95314442216484,21.95314442216484,0.0,False,LT-E,flat,flat,16.343570484026092,16.343570484026092,0.0,121029.8775842091,121029.8775842091,15.36,,0.0,0,41.84160261653365,"(20),(21) + BERC slab bill",MB-KLNC0330-2026-06-14
KLNC0331,Kalyanpur,2026-06-14,2026-07-13,30,7103.61013149936,116527.89920082167,7058.275184306525,115796.73717249565,731.1620283260418,0.6274566291339149,45.33494719283499,92.12372731836822,1659.0441752092888,-835.7584195648789,False,0.9874499202332652,30,180,37,109.53981647317104,45.33494719283465,22.98172396475393,23.15559668931452,-0.7565695455538919,True,LT-E,flat,flat,16.404039220016443,16.40581220606981,0.0,109263.407196732,107903.0187447767,15.36,,0.0,0,41.84160261653365,"(20),(21) + BERC slab bill",MB-KLNC0331-2026-06-14
KLNC0332,Kalyanpur,2026-06-14,2026-07-13,30,3384.9925083820394,55542.884175185536,3242.8556587255844,53250.50106392622,2292.383111259318,4.127230959107212,142.13684965645507,228.51897095744985,3070.358912852944,-549.4568306361762,False,0.9509839823305026,30,90,180,59.45500736378981,142.13684965645436,8.592773615972881,8.687146643534453,-1.0982836483221692,True,LT-E,flat,flat,16.408569306327344,16.42086687412206,0.0,51706.06831410624,48622.852638339,15.36,,0.0,0,41.84160261653365,"(20),(21) + BERC slab bill",MB-KLNC0332-2026-06-14
KLNC0333,Kalyanpur,2026-06-14,2026-07-13,30,3112.040390424821,51632.11241677152,3091.354943155304,51298.49752320874,333.6148935627789,0.6461383777403066,20.68544726951768,38.350285166197565,760.0667205269734,-388.10154179799696,False,0.9823604049179322,30,180,42,85.52421274154229,20.68544726951711,10.995668536918783,11.131421255556154,-1.2346017723394298,True,LT-E,flat,flat,16.591080429301005,16.59417907891517,0.0,48466.39611587096,47708.97546179329,15.36,,0.0,0,41.84160261653365,"(20),(21) + BERC slab bill",MB-KLNC0333-2026-06-14
KLNC0334,Kalyanpur,2026-06-14,2026-07-13,30,2958.8179892482,48565.59153059497,2902.600326905741,47658.91307233579,906.678458259179,1.866915298844856,56.21766234245888,122.10405550610676,1483.131418853604,-454.3489050883181,False,0.9712244497020364,30,120,138,72.3098838241837,56.21766234245808,6.366109461032663,6.480887054404382,-1.8029472172019727,True,LT-E,flat,flat,16.413848944772337,16.419385276905007,0.0,44719.861188948766,43275.94980000775,15.36,,0.0,0,41.84160261653365,"(20),(21) + BERC slab bill",MB-KLNC0334-2026-06-14
KLNC0335,Kalyanpur,2026-06-14,2026-07-13,30,2101.1939505327887,34658.23103419282,2101.1939505327887,34658.23103419282,0.0,0.0,0.0,0.0,0.0,0.0,False,1.0,0,0,0,0.0,0.0,7.168995536260018,7.168995536260018,0.0,False,LT-E,flat,flat,16.494541603551024,16.494541603551024,0.0,32623.728592726504,32623.728592726504,15.36,,0.0,0,41.84160261653365,"(20),(21) + BERC slab bill",MB-KLNC0335-2026-06-14
KLNC0336,Kalyanpur,2026-06-14,2026-07-13,30,2235.348441437561,36755.72466350498,2184.2697581569428,35931.92765955517,823.7970039498105,2.2412753700045105,51.07868328061841,122.96974718026009,1358.4375114274385,-411.6707602973677,False,0.9696969077675732,30,60,124,41.648216779688816,51.07868328061806,6.596714497714954,6.420032217084219,2.678337537450444,True,LT-E,flat,flat,16.442950898459138,16.450315958169032,0.0,34792.22343484304,33563.27284064517,15.36,,0.0,0,41.84160261653365,"(20),(21) + BERC slab bill",MB-KLNC0336-2026-06-14
KLNC0337,Kalyanpur,2026-06-14,2026-07-13,30,1902.37677370972,31347.757606390365,1831.6123279922144,30206.468625858437,1141.288980531932,3.64073563047864,70.76444571750562,113.22311314801188,1310.5688894884445,-56.05679580850074,False,0.9427486110663617,30,180,180,95.3731671311692,70.7644457175075,5.008857444148071,5.160243423721355,-3.022365504735033,True,LT-E,flat,flat,16.47820665159869,16.491736905358298,0.0,29266.40844205823,27472.158304753324,15.36,,0.0,0,41.84160261653365,"(20),(21) + BERC slab bill",MB-KLNC0337-2026-06-14
KLNC0338,Kalyanpur,2026-06-14,2026-07-13,30,2319.075908929075,38115.531259208125,2317.568420474648,38091.21848541511,24.31277379301173,0.063787052127571,1.5074884544274028,2.846654103532989,93.39737962939589,-66.23795173285116,False,0.9959947576352066,30,30,30,19.452431557968485,1.5074884544270015,7.361904807524984,7.392781683013823,-0.4194142181419954,True,LT-E,flat,flat,16.435654871172147,16.43585498874457,0.0,34829.56164522108,34722.09741710916,15.36,,0.0,0,41.84160261653365,"(20),(21) + BERC slab bill",MB-KLNC0338-2026-06-14
KLNC0339,Kalyanpur,2026-06-14,2026-07-13,30,7123.954240921245,116837.10899757785,6689.5773910995695,109831.47916365386,7005.629833923973,5.996065714078228,434.37684982167593,699.174161183204,9981.974495665268,-2277.1705005580898,False,0.9328277976021916,30,120,180,110.38711580552511,434.3768498216763,23.46336978394165,23.265766242976174,0.84217886341595,True,LT-E,flat,flat,16.40059790480474,16.418298607290765,0.0,111498.13570216762,102356.52987681536,15.36,,0.0,0,41.84160261653365,"(20),(21) + BERC slab bill",MB-KLNC0339-2026-06-14
KLNC0340,Kalyanpur,2026-06-14,2026-07-13,30,2484.717200892598,41202.79401599582,2407.9910906356918,39965.35530977242,1237.4387062234018,3.0032883346284747,76.72611025690685,144.43560376584273,1658.8341315150126,-276.9598215257681,False,0.966001049585094,30,30,142,19.37916662825853,76.7261102569078,10.670504094078158,10.701264676027774,-0.2882767456758457,True,LT-E,flat,flat,16.582488341608585,16.596969758398014,0.0,38207.81784550116,36572.62440620312,15.36,,0.0,0,41.84160261653365,"(20),(21) + BERC slab bill",MB-KLNC0340-2026-06-14
KLNC0341,Kalyanpur,2026-06-14,2026-07-13,30,3839.58462046532,52198.7678294497,3817.606800688351,51905.00130140085,293.76652804885816,0.5627844109437384,21.977819776969227,35.253441525272024,541.8282797330617,-212.80831015893148,False,0.9884495530777532,30,60,60,55.92774646297436,21.97781977696992,13.233333452293133,13.322107653028011,-0.6708377828981328,True,LT-C1,flat,flat,13.594899706396811,13.59621459497659,0.0,46282.49202284637,45728.42992320059,12.73,,0.0,0,37.84738363836992,"(20),(21) + BERC slab bill",MB-KLNC0341-2026-06-14
KLNC0342,Kalyanpur,2026-06-14,2026-07-13,30,6184.155937536315,83764.28033907915,6168.420176237901,83553.94828568389,210.3320533952647,0.2510999348932948,15.735761298414218,25.177218077459656,253.3937416364299,-17.884470163705544,False,0.9974554714568402,30,0,30,0.0,15.735761298412292,18.989886179578274,18.989886179578274,0.0,True,LT-C1,flat,flat,13.54498191590714,13.545437226788136,0.0,76502.63003896053,76237.07333128851,12.73,,0.0,0,37.84738363836992,"(20),(21) + BERC slab bill",MB-KLNC0342-2026-06-14
KLNC0343,Kalyanpur,2026-06-14,2026-07-13,30,6299.342681755865,85858.32395568976,6257.239905247831,85295.55719349513,562.7667621946312,0.6554597577342262,42.10277650803346,67.48249274907394,1111.3337405829209,-481.0844856392156,False,0.9876455756035718,30,90,90,89.3049410022843,42.10277650803261,23.087285218540654,23.229039093147453,-0.6139910919147871,True,LT-C1,flat,flat,13.62972746416104,13.631498629604936,0.0,77120.73438164264,76117.75652951025,12.73,,0.0,0,37.84738363836992,"(20),(21) + BERC slab bill",MB-KLNC0343-2026-06-14
KLNC0344,Kalyanpur,2026-06-14,2026-07-13,30,1975.229748528386,27117.58843370467,1975.229748528386,27117.58843370467,0.0,0.0,0.0,0.0,153.5927259036438,-153.5927259036438,False,0.9849868635055674,30,30,0,74.13598455630122,0.0,8.764520840878276,8.88219700684066,-1.3426423200859288,True,LT-C1,flat,flat,13.728827471289456,13.728827471289456,0.0,23971.277518403556,23728.598668385963,12.73,,0.0,0,37.84738363836992,"(20),(21) + BERC slab bill",MB-KLNC0344-2026-06-14
KLNC0345,Kalyanpur,2026-06-14,2026-07-13,30,4975.379139379207,67637.40526651217,4967.162579556172,67527.57861963758,109.826646874586,0.1623756062815172,8.216559823034913,13.19600615287898,162.0899790090074,-39.067325981542425,False,0.9983485560410856,30,0,30,0.0,8.21655982303682,17.96781404002838,17.96781404002838,0.0,True,LT-C1,flat,flat,13.59442232877784,13.594799352364127,0.0,59254.53229614531,59115.82012213574,12.73,,0.0,0,37.84738363836992,"(20),(21) + BERC slab bill",MB-KLNC0345-2026-06-14
KLNC0346,Kalyanpur,2026-06-14,2026-07-13,30,6389.100027367196,86720.38551580363,6365.598825300815,86406.25669838337,314.12881742026366,0.362231804611867,23.50120206638076,37.70442615592957,882.6828025915013,-530.849559015308,False,0.9890503987929714,30,60,60,116.14223826276398,23.50120206638073,20.671136721904222,20.85548948105147,-0.8918365817390934,True,LT-C1,flat,flat,13.573176995874825,13.573940028226664,0.0,77132.47560025087,76355.58349024989,12.73,,0.0,0,37.84738363836992,"(20),(21) + BERC slab bill",MB-KLNC0346-2026-06-14
KLNC0347,Kalyanpur,2026-06-14,2026-07-13,30,4748.159786973586,64358.35779258244,4658.718388793667,63162.83934381055,1195.518448771887,1.857596262205552,89.4413981799189,143.58317083144055,1531.623138171343,-192.52151856801535,False,0.9786787580295472,30,30,120,29.488163881294483,89.44139817992045,15.589152294135918,15.635958903471304,-0.3002511519051268,True,LT-C1,flat,flat,13.554379102646754,13.557986139652884,0.0,57737.35064803756,56130.93328044164,12.73,,0.0,0,37.84738363836992,"(20),(21) + BERC slab bill",MB-KLNC0347-2026-06-14
KLNC0348,Kalyanpur,2026-06-14,2026-07-13,30,3822.596643714025,51880.97803820352,3809.5768540017134,51706.949019013904,174.02901918962016,0.3354389716043338,13.019789712311647,20.831663539698585,368.22851350183447,-173.36783077251573,False,0.9911479292635796,30,60,30,52.045265436620056,13.019789712311612,11.702383677239588,11.784995209678668,-0.7059376509740815,True,LT-C1,flat,flat,13.57218217713813,13.572885126257292,0.0,46387.98676161447,45997.89833154169,12.73,,0.0,0,37.84738363836992,"(20),(21) + BERC slab bill",MB-KLNC0348-2026-06-14
KLNC0349,Kalyanpur,2026-06-14,2026-07-13,30,3867.349199753605,52605.16307850656,3867.3491997536057,52605.16307850657,-7.275957614183426e-12,-1.3831261397906852e-14,-9.094947017729282e-13,0.0,143.99003181239974,-143.990031812407,False,0.9928180631828024,30,60,0,69.43764400667622,0.0,14.634790763733484,14.745009246283765,-0.7531264664433267,True,LT-C1,flat,flat,13.602382500617768,13.602382500617766,0.0,46373.75054393513,46146.451376111,12.73,,0.0,0,37.84738363836992,"(20),(21) + BERC slab bill",MB-KLNC0349-2026-06-14
KLNC0350,Kalyanpur,2026-06-14,2026-07-13,30,3707.809997668967,50492.84233384224,3687.036750438317,50215.17672473377,277.6656091084733,0.5499108314652572,20.77324723064976,33.32065343666972,404.29818739572926,-93.31192485058624,False,0.9894134858361792,30,60,90,46.19883956607518,20.77324723064868,12.659013694757869,12.732345186132587,-0.5792828188904529,True,LT-C1,flat,flat,13.617969196260375,13.619386006598432,0.0,44948.02080902852,44446.139429494026,12.73,,0.0,0,37.84738363836992,"(20),(21) + BERC slab bill",MB-KLNC0350-2026-06-14
KLNC0351,Kalyanpur,2026-06-14,2026-07-13,30,4022.960575661585,54634.74253458058,4016.188722124266,54544.226554274006,90.51598030657624,0.1656747631770845,6.771853537319203,13.062699136762944,219.9727055380596,-116.3940260947204,False,0.9957538763572916,30,30,30,25.77533619169891,6.771853537320246,13.044926855869182,13.085840087919498,-0.3136332806029402,True,LT-C1,flat,flat,13.58073028731975,13.58109150942094,0.0,48661.52660613155,48460.64335043058,12.73,,0.0,0,37.84738363836992,"(20),(21) + BERC slab bill",MB-KLNC0351-2026-06-14
KLNC0352,Kalyanpur,2026-06-14,2026-07-13,30,3259.799373648443,44091.22832787192,3231.2393675741077,43709.481006679314,381.7473211926044,0.8658123977718396,28.560006074335888,52.03700660536191,829.7388223374112,-395.95449453944485,False,0.9845713593320796,30,30,59,54.3356677779945,28.56000607433569,11.50244788275625,11.588694974467352,-0.7498151053603045,True,LT-C1,flat,flat,13.525749064281827,13.527156621483831,0.0,39235.305181043936,38569.12159429491,12.73,,0.0,0,37.84738363836992,"(20),(21) + BERC slab bill",MB-KLNC0352-2026-06-14
KLNC0353,Kalyanpur,2026-06-14,2026-07-13,30,6878.185823925011,93318.23081549366,6854.612164895401,93003.13350207436,315.09731341929,0.33765890187341,23.5736590296101,37.885966441889,556.0979927601703,-203.1147128989913,False,0.9951676526322434,30,30,60,24.16031032893521,23.57365902961052,18.501773233350992,18.54012293228581,-0.2072758024387144,True,LT-C1,flat,flat,13.567273871970205,13.567964352290026,0.0,83911.3094824711,83434.22525056757,12.73,,0.0,0,37.84738363836992,"(20),(21) + BERC slab bill",MB-KLNC0353-2026-06-14
KLNC0354,Kalyanpur,2026-06-14,2026-07-13,30,3709.679947200432,50543.03701425457,3709.679947200432,50543.03701425457,0.0,0.0,0.0,0.0,0.0,0.0,False,1.0,0,0,0,0.0,0.0,12.504816823560745,12.504816823560745,0.0,False,LT-C1,flat,flat,13.624635476275431,13.624635476275431,0.0,45510.601150046125,45510.601150046125,12.73,,0.0,0,37.84738363836992,"(20),(21) + BERC slab bill",MB-KLNC0354-2026-06-14
KLNC0355,Kalyanpur,2026-06-14,2026-07-13,30,2523.0419877664344,34434.88072948005,2511.8680177583738,34285.5238593673,149.3568701127515,0.4337371495086538,11.173970008060678,17.878352012897693,386.3094249968042,-219.07420287115505,False,0.9877469101551932,30,60,30,49.3527253756531,11.173970008061062,10.949589693961371,11.027927353287804,-0.7154392220709019,True,LT-C1,flat,flat,13.648159997513204,13.649412953616958,0.0,30945.653217458013,30595.528678279443,12.73,,0.0,0,37.84738363836992,"(20),(21) + BERC slab bill",MB-KLNC0355-2026-06-14
KLNC0356,Kalyanpur,2026-06-14,2026-07-13,30,3406.3531637490414,46246.69956325156,3395.594883993857,46102.89901690389,143.8005463476729,0.3109422893000117,10.758279755184503,17.213247608297394,261.2846732486465,-100.2708792926762,False,0.9968417015975686,30,0,60,0.0,10.758279755185873,10.061855649955572,10.061855649955572,0.0,True,LT-C1,flat,flat,13.576601526646265,13.577267192333093,0.0,40821.87388038291,40640.31715123441,12.73,,0.0,0,37.84738363836992,"(20),(21) + BERC slab bill",MB-KLNC0356-2026-06-14
KLNC0357,Kalyanpur,2026-06-14,2026-07-13,30,37404.38951087956,361420.211327133,37404.38951087956,361420.211327133,0.0,0.0,0.0,0.0,0.0,0.0,False,1.0,0,0,0,0.0,0.0,73.21842972874462,73.21842972874462,0.0,False,LT-D1,flat,flat,9.6625079583777,9.6625079583777,0.0,338509.72507346,338509.72507346,9.05,,0.0,0,4.522339746454612,"(20),(21) + BERC slab bill",MB-KLNC0357-2026-06-14
KLNC0358,Kalyanpur,2026-06-14,2026-07-13,30,38274.62892316876,368587.1613424112,38274.62892316876,368587.1613424112,0.0,0.0,0.0,0.0,0.0,0.0,False,1.0,0,0,0,0.0,0.0,70.3687940336608,70.3687940336608,0.0,False,LT-D1,flat,flat,9.630064920611014,9.630064920611014,0.0,346385.39175467734,346385.39175467734,9.05,,0.0,0,4.522339746454612,"(20),(21) + BERC slab bill",MB-KLNC0358-2026-06-14
KLNC0359,Kalyanpur,2026-06-14,2026-07-13,30,48012.40397674887,462065.36878905614,48012.40397674887,462065.36878905614,0.0,0.0,0.0,0.0,0.0,0.0,False,1.0,0,0,0,0.0,0.0,84.3113585833576,84.3113585833576,0.0,False,LT-D1,flat,flat,9.623874884765655,9.623874884765655,0.0,434512.2559895773,434512.2559895773,9.05,,0.0,0,4.522339746454612,"(20),(21) + BERC slab bill",MB-KLNC0359-2026-06-14
KLNC0360,Kalyanpur,2026-06-14,2026-07-13,30,26974.98673051504,260519.3114067192,26974.98673051504,260519.3114067192,0.0,0.0,0.0,0.0,0.0,0.0,False,1.0,0,0,0,0.0,0.0,54.4895409114144,54.4895409114144,0.0,False,LT-D1,flat,flat,9.657810549059908,9.657810549059908,0.0,244123.62991116112,244123.62991116112,9.05,,0.0,0,4.522339746454612,"(20),(21) + BERC slab bill",MB-KLNC0360-2026-06-14
KLNC0361,Kalyanpur,2026-06-14,2026-07-13,30,34660.11384443765,333358.2318067688,34660.11384443765,333358.2318067688,0.0,0.0,0.0,0.0,0.0,0.0,False,1.0,0,0,0,0.0,0.0,58.80363180761417,58.80363180761417,0.0,False,LT-D1,flat,flat,9.617920855740843,9.617920855740843,0.0,313674.03029216087,313674.03029216087,9.05,,0.0,0,4.522339746454612,"(20),(21) + BERC slab bill",MB-KLNC0361-2026-06-14
KLNC0362,Kalyanpur,2026-06-14,2026-07-13,30,29284.95221533036,283414.7584261768,29284.95221533036,283414.7584261768,0.0,0.0,0.0,0.0,0.0,0.0,False,1.0,0,0,0,0.0,0.0,50.91028553471055,50.91028553471055,0.0,False,LT-D1,flat,flat,9.677828952639103,9.677828952639103,0.0,265028.8175487397,265028.8175487397,9.05,,0.0,0,4.522339746454612,"(20),(21) + BERC slab bill",MB-KLNC0362-2026-06-14
KLNC0363,Kalyanpur,2026-06-14,2026-07-13,30,43522.87170978692,418805.08842225024,43522.87170978692,418805.08842225024,0.0,0.0,0.0,0.0,0.0,0.0,False,1.0,0,0,0,0.0,0.0,76.2937059780185,76.2937059780185,0.0,False,LT-D1,flat,flat,9.6226437266104,9.6226437266104,0.0,393881.9889735715,393881.9889735715,9.05,,0.0,0,4.522339746454612,"(20),(21) + BERC slab bill",MB-KLNC0363-2026-06-14
KLNC0364,Kalyanpur,2026-06-14,2026-07-13,30,28110.84001988761,271092.25728898204,28110.84001988761,271092.25728898204,0.0,0.0,0.0,0.0,0.0,0.0,False,1.0,0,0,0,0.0,0.0,50.23133778568722,50.23133778568722,0.0,False,LT-D1,flat,flat,9.643691084905042,9.643691084905042,0.0,254403.10217998287,254403.10217998287,9.05,,0.0,0,4.522339746454612,"(20),(21) + BERC slab bill",MB-KLNC0364-2026-06-14
KLNC0365,Kalyanpur,2026-06-14,2026-07-13,30,29995.114798812825,289722.0783757189,29995.114798812825,289722.0783757189,0.0,0.0,0.0,0.0,0.0,0.0,False,1.0,0,0,0,0.0,0.0,52.62070690485271,52.62070690485271,0.0,False,LT-D1,flat,flat,9.658975480473432,9.658975480473432,0.0,271455.788929256,271455.788929256,9.05,,0.0,0,4.522339746454612,"(20),(21) + BERC slab bill",MB-KLNC0365-2026-06-14
KLNC0366,Kalyanpur,2026-06-14,2026-07-13,30,48322.86802780281,465677.0534341962,48322.86802780281,465677.0534341962,0.0,0.0,0.0,0.0,0.0,0.0,False,1.0,0,0,0,0.0,0.0,83.31339148271047,83.31339148271047,0.0,False,LT-D1,flat,flat,9.63678424811761,9.63678424811761,0.0,437321.9556516155,437321.9556516155,9.05,,0.0,0,4.522339746454612,"(20),(21) + BERC slab bill",MB-KLNC0366-2026-06-14
KLNC0367,Kalyanpur,2026-06-14,2026-07-13,30,23117.055570837485,222945.8205618832,23117.055570837485,222945.8205618832,0.0,0.0,0.0,0.0,0.0,0.0,False,1.0,0,0,0,0.0,0.0,38.75709721547267,38.75709721547267,0.0,False,LT-D1,flat,flat,9.644213549546194,9.644213549546194,0.0,209209.35291607928,209209.35291607928,9.05,,0.0,0,4.522339746454612,"(20),(21) + BERC slab bill",MB-KLNC0367-2026-06-14
KLNC0368,Kalyanpur,2026-06-14,2026-07-13,30,45088.00955231303,434276.3107708546,45088.00955231303,434276.3107708546,0.0,0.0,0.0,0.0,0.0,0.0,False,1.0,0,0,0,0.0,0.0,75.98232035164787,75.98232035164787,0.0,False,LT-D1,flat,flat,9.63174722244034,9.63174722244034,0.0,408046.4864484331,408046.4864484331,9.05,,0.0,0,4.522339746454612,"(20),(21) + BERC slab bill",MB-KLNC0368-2026-06-14
KLNC0369,Kalyanpur,2026-06-14,2026-07-13,30,2060.390987255386,20240.365356394308,2060.390987255386,20240.365356394308,0.0,0.0,0.0,0.0,0.0,0.0,False,1.0,0,0,0,0.0,0.0,7.41064259289127,7.41064259289127,0.0,False,LT-D1,flat,flat,9.823555568623496,9.823555568623496,0.0,18646.538434661245,18646.538434661245,9.05,,0.0,0,32.2077240164891,"(20),(21) + BERC slab bill",MB-KLNC0369-2026-06-14
KLNC0370,Kalyanpur,2026-06-14,2026-07-13,30,5876.466546057578,57050.72335391214,5876.466546057578,57050.72335391214,0.0,0.0,0.0,0.0,0.0,0.0,False,1.0,0,0,0,0.0,0.0,20.42311075402005,20.42311075402005,0.0,False,LT-D1,flat,flat,9.708337979425153,9.708337979425153,0.0,53182.02224182108,53182.02224182108,9.05,,0.0,0,32.2077240164891,"(20),(21) + BERC slab bill",MB-KLNC0370-2026-06-14
KLNC0371,Kalyanpur,2026-06-14,2026-07-13,30,8611.299861791722,83277.87693667584,8611.299861791722,83277.87693667584,0.0,0.0,0.0,0.0,0.0,0.0,False,1.0,0,0,0,0.0,0.0,24.003963551179567,24.003963551179567,0.0,False,LT-D1,flat,flat,9.67076727941843,9.67076727941843,0.0,77932.26374921508,77932.26374921508,9.05,,0.0,0,32.2077240164891,"(20),(21) + BERC slab bill",MB-KLNC0371-2026-06-14
KLNC0372,Kalyanpur,2026-06-14,2026-07-13,30,12662.007886338344,122393.42993993012,12662.007886338344,122393.42993993012,0.0,0.0,0.0,0.0,0.0,0.0,False,1.0,0,0,0,0.0,0.0,42.5291484389807,42.5291484389807,0.0,False,LT-D1,flat,flat,9.666194417078696,9.666194417078696,0.0,114591.17137136204,114591.17137136204,9.05,,0.0,0,32.2077240164891,"(20),(21) + BERC slab bill",MB-KLNC0372-2026-06-14
KLNC0373,Kalyanpur,2026-06-14,2026-07-13,30,6121.597027338107,59455.67575228037,6121.597027338107,59455.67575228037,0.0,0.0,0.0,0.0,0.0,0.0,False,1.0,0,0,0,0.0,0.0,21.95695663531587,21.95695663531587,0.0,False,LT-D1,flat,flat,9.71244521433876,9.71244521433876,0.0,55400.45309740989,55400.45309740989,9.05,,0.0,0,32.2077240164891,"(20),(21) + BERC slab bill",MB-KLNC0373-2026-06-14
KLNC0374,Kalyanpur,2026-06-14,2026-07-13,30,3048.4868669879943,29623.446453553417,3048.4868669879943,29623.446453553417,0.0,0.0,0.0,0.0,0.0,0.0,False,1.0,0,0,0,0.0,0.0,10.37099576130964,10.37099576130964,0.0,False,LT-D1,flat,flat,9.717426299042042,9.717426299042042,0.0,27588.80614624136,27588.80614624136,9.05,,0.0,0,32.2077240164891,"(20),(21) + BERC slab bill",MB-KLNC0374-2026-06-14
KLNC0375,Kalyanpur,2026-06-14,2026-07-13,30,1865.530575496687,18212.30429365727,1865.530575496687,18212.30429365727,0.0,0.0,0.0,0.0,0.0,0.0,False,1.0,0,0,0,0.0,0.0,5.875064105477131,5.875064105477131,0.0,False,LT-D1,flat,flat,9.762533261513736,9.762533261513736,0.0,16883.05170824502,16883.05170824502,9.05,,0.0,0,32.2077240164891,"(20),(21) + BERC slab bill",MB-KLNC0375-2026-06-14
KLNC0376,Kalyanpur,2026-06-14,2026-07-13,30,8475.028906180214,82436.56218097749,8475.028906180214,82436.56218097749,0.0,0.0,0.0,0.0,0.0,0.0,False,1.0,0,0,0,0.0,0.0,30.993240185565814,30.993240185565814,0.0,False,LT-D1,flat,flat,9.726994809523609,9.726994809523609,0.0,76699.01160093093,76699.01160093093,9.05,,0.0,0,32.2077240164891,"(20),(21) + BERC slab bill",MB-KLNC0376-2026-06-14
KLNC0377,Kalyanpur,2026-06-14,2026-07-13,30,1433.614602272143,14013.52275809104,1433.614602272143,14013.52275809104,0.0,0.0,0.0,0.0,0.0,0.0,False,1.0,0,0,0,0.0,0.0,4.600056864714095,4.600056864714095,0.0,False,LT-D1,flat,flat,9.774958162312895,9.774958162312895,0.0,12974.2121505629,12974.2121505629,9.05,,0.0,0,32.2077240164891,"(20),(21) + BERC slab bill",MB-KLNC0377-2026-06-14
KLNC0378,Kalyanpur,2026-06-14,2026-07-13,30,2208.65278582822,21409.823097332664,2208.65278582822,21409.823097332664,0.0,0.0,0.0,0.0,0.0,0.0,False,1.0,0,0,0,0.0,0.0,6.627911913800073,6.627911913800073,0.0,False,LT-D1,flat,flat,9.693611976816094,9.693611976816094,0.0,19988.307711745387,19988.307711745387,9.05,,0.0,0,32.2077240164891,"(20),(21) + BERC slab bill",MB-KLNC0378-2026-06-14
KLNC0379,Kalyanpur,2026-06-14,2026-07-13,30,6055.336358196331,59462.333743760646,6055.336358196331,59462.333743760646,0.0,0.0,0.0,0.0,0.0,0.0,False,1.0,0,0,0,0.0,0.0,28.880287883726243,28.880287883726243,0.0,False,LT-D1,flat,flat,9.81982341299243,9.81982341299243,0.0,54800.79404167681,54800.79404167681,9.05,,0.0,0,32.2077240164891,"(20),(21) + BERC slab bill",MB-KLNC0379-2026-06-14
KLNC0380,Kalyanpur,2026-06-14,2026-07-13,30,2222.8960990708947,21809.77018142118,2222.8960990708947,21809.77018142118,0.0,0.0,0.0,0.0,0.0,0.0,False,1.0,0,0,0,0.0,0.0,8.524818869120455,8.524818869120455,0.0,False,LT-D1,flat,flat,9.811421321283088,9.811421321283088,0.0,20117.209696591603,20117.209696591603,9.05,,0.0,0,32.2077240164891,"(20),(21) + BERC slab bill",MB-KLNC0380-2026-06-14
KLNC0381,Kalyanpur,2026-06-14,2026-07-13,30,2118.59981762524,20635.994766983844,2118.59981762524,20635.994766983844,0.0,0.0,0.0,0.0,0.0,0.0,False,1.0,0,0,0,0.0,0.0,7.820078710449452,7.820078710449452,0.0,False,LT-D1,flat,flat,9.740392968651788,9.740392968651788,0.0,19173.32834950842,19173.32834950842,9.05,,0.0,0,32.2077240164891,"(20),(21) + BERC slab bill",MB-KLNC0381-2026-06-14
KLNC0382,Kalyanpur,2026-06-14,2026-07-13,30,13178.298639672968,127078.9828234924,13178.298639672968,127078.9828234924,0.0,0.0,0.0,0.0,0.0,0.0,False,1.0,0,0,0,0.0,0.0,40.838684398062064,40.838684398062064,0.0,False,LT-D1,flat,flat,9.643049250752595,9.643049250752595,0.0,119263.60268904032,119263.60268904032,9.05,,0.0,0,32.2077240164891,"(20),(21) + BERC slab bill",MB-KLNC0382-2026-06-14
KLNC0383,Kalyanpur,2026-06-14,2026-07-13,30,7217.893956392481,70207.13732061956,7217.893956392481,70207.13732061956,0.0,0.0,0.0,0.0,0.0,0.0,False,1.0,0,0,0,0.0,0.0,26.685276264428524,26.685276264428524,0.0,False,LT-D1,flat,flat,9.726817510035744,9.726817510035744,0.0,65321.94030535197,65321.94030535197,9.05,,0.0,0,32.2077240164891,"(20),(21) + BERC slab bill",MB-KLNC0383-2026-06-14
KLNC0384,Kalyanpur,2026-06-14,2026-07-13,30,2652.806146297348,25926.490405190547,2652.806146297348,25926.490405190547,0.0,0.0,0.0,0.0,0.0,0.0,False,1.0,0,0,0,0.0,0.0,8.065809489181756,8.065809489181756,0.0,False,LT-D1,flat,flat,9.773232183353253,9.773232183353253,0.0,24007.895623991,24007.895623991,9.05,,0.0,0,32.2077240164891,"(20),(21) + BERC slab bill",MB-KLNC0384-2026-06-14
KLNC0385,Kalyanpur,2026-06-14,2026-07-13,30,2642.477869375868,25752.745953744183,2642.477869375868,25752.745953744183,0.0,0.0,0.0,0.0,0.0,0.0,False,1.0,0,0,0,0.0,0.0,7.041405375516168,7.041405375516168,0.0,False,LT-D1,flat,flat,9.745680844557755,9.745680844557755,0.0,23914.4247178516,23914.4247178516,9.05,,0.0,0,32.2077240164891,"(20),(21) + BERC slab bill",MB-KLNC0385-2026-06-14
KLNC0386,Kalyanpur,2026-06-14,2026-07-13,30,1688.691948814847,16512.995243613084,1688.691948814847,16512.995243613084,0.0,0.0,0.0,0.0,0.0,0.0,False,1.0,0,0,0,0.0,0.0,6.909226935497092,6.909226935497092,0.0,False,LT-D1,flat,flat,9.778571666195358,9.778571666195358,0.0,15282.662136774366,15282.662136774366,9.05,,0.0,0,32.2077240164891,"(20),(21) + BERC slab bill",MB-KLNC0386-2026-06-14
KLNC0387,Kalyanpur,2026-06-14,2026-07-13,30,2104.967459254294,20638.75328156393,2104.967459254294,20638.75328156393,0.0,0.0,0.0,0.0,0.0,0.0,False,1.0,0,0,0,0.0,0.0,9.247256299618826,9.247256299618826,0.0,False,LT-D1,flat,flat,9.804784957994276,9.804784957994276,0.0,19049.955506251365,19049.955506251365,9.05,,0.0,0,32.2077240164891,"(20),(21) + BERC slab bill",MB-KLNC0387-2026-06-14
KLNC0388,Kalyanpur,2026-06-14,2026-07-13,30,7763.343870338437,75799.77512789101,7763.343870338437,75799.77512789101,0.0,0.0,0.0,0.0,0.0,0.0,False,1.0,0,0,0,0.0,0.0,31.24104840210984,31.24104840210984,0.0,False,LT-D1,flat,flat,9.763804926573036,9.763804926573036,0.0,70258.2620265629,70258.2620265629,9.05,,0.0,0,32.2077240164891,"(20),(21) + BERC slab bill",MB-KLNC0388-2026-06-14
KLNC0389,Kalyanpur,2026-06-14,2026-07-13,30,2651.129985748426,43683.52441015062,2651.129985748426,43683.52441015062,0.0,0.0,0.0,0.0,0.0,0.0,False,1.0,0,0,0,0.0,0.0,8.951063689014443,8.951063689014443,0.0,False,LT-E,flat,flat,16.477322743501226,16.477322743501226,0.0,38785.99995074127,38785.99995074127,15.36,,0.0,0,43.34538389074255,"(20),(21) + BERC slab bill",MB-KLNC0389-2026-06-14
KLNC0390,Kalyanpur,2026-06-14,2026-07-13,30,5838.317926486511,95908.64151837444,5838.317926486511,95908.64151837444,0.0,0.0,0.0,0.0,0.0,0.0,False,1.0,0,0,0,0.0,0.0,18.714981540556863,18.714981540556863,0.0,False,LT-E,flat,flat,16.427444124491537,16.427444124491537,0.0,85105.63359855408,85105.63359855408,15.36,,0.0,0,43.34538389074255,"(20),(21) + BERC slab bill",MB-KLNC0390-2026-06-14
KLNC0391,Kalyanpur,2026-06-14,2026-07-13,30,2490.775003239409,41267.41925224519,2490.775003239409,41267.41925224519,0.0,0.0,0.0,0.0,0.0,0.0,False,1.0,0,0,0,0.0,0.0,7.276379414218476,7.276379414218476,0.0,False,LT-E,flat,flat,16.568103983127468,16.568103983127468,0.0,36454.7691209765,36454.7691209765,15.36,,0.0,0,43.34538389074255,"(20),(21) + BERC slab bill",MB-KLNC0391-2026-06-14
KLNC0392,Kalyanpur,2026-06-14,2026-07-13,30,2926.780498993545,48299.31588776789,2926.780498993545,48299.31588776789,0.0,0.0,0.0,0.0,0.0,0.0,False,1.0,0,0,0,0.0,0.0,10.059721069255067,10.059721069255067,0.0,False,LT-E,flat,flat,16.50254124092222,16.50254124092222,0.0,43155.33412453986,43155.33412453986,15.36,,0.0,0,43.34538389074255,"(20),(21) + BERC slab bill",MB-KLNC0392-2026-06-14
KLNC0393,Kalyanpur,2026-06-14,2026-07-13,30,4060.832729162799,66910.61025593762,4060.832729162799,66910.61025593762,0.0,0.0,0.0,0.0,0.0,0.0,False,1.0,0,0,0,0.0,0.0,15.72236161628048,15.72236161628048,0.0,False,LT-E,flat,flat,16.477066335537597,16.477066335537597,0.0,59678.99196200602,59678.99196200602,15.36,,0.0,0,43.34538389074255,"(20),(21) + BERC slab bill",MB-KLNC0393-2026-06-14
KLNC0394,Kalyanpur,2026-06-14,2026-07-13,30,1278.9380026648748,21297.6621069791,1278.9380026648748,21297.6621069791,0.0,0.0,0.0,0.0,0.0,0.0,False,1.0,0,0,0,0.0,0.0,3.544058375572552,3.544058375572552,0.0,False,LT-E,flat,flat,16.6526149528765,16.6526149528765,0.0,19283.765569755276,19283.765569755276,15.36,,0.0,0,43.34538389074255,"(20),(21) + BERC slab bill",MB-KLNC0394-2026-06-14
KLNC0395,Kalyanpur,2026-06-14,2026-07-13,30,5482.576401318383,89670.39220046288,5482.576401318383,89670.39220046288,0.0,0.0,0.0,0.0,0.0,0.0,False,1.0,0,0,0,0.0,0.0,19.01988456163023,19.01988456163023,0.0,False,LT-E,flat,flat,16.35552076919531,16.35552076919531,0.0,80545.04748431328,80545.04748431328,15.36,,0.0,0,43.34538389074255,"(20),(21) + BERC slab bill",MB-KLNC0395-2026-06-14
KLNC0396,Kalyanpur,2026-06-14,2026-07-13,30,3872.3461416357104,64088.04857230073,3872.3461416357104,64088.04857230073,0.0,0.0,0.0,0.0,0.0,0.0,False,1.0,0,0,0,0.0,0.0,15.627326323768823,15.627326323768823,0.0,False,LT-E,flat,flat,16.550185915257416,16.550185915257416,0.0,56257.06529131458,56257.06529131458,15.36,,0.0,0,43.34538389074255,"(20),(21) + BERC slab bill",MB-KLNC0396-2026-06-14
KLNC0397,Kalyanpur,2026-06-14,2026-07-13,30,3380.2186451865264,55725.766309568295,3380.2186451865264,55725.766309568295,0.0,0.0,0.0,0.0,0.0,0.0,False,1.0,0,0,0,0.0,0.0,10.507023911526217,10.507023911526217,0.0,False,LT-E,flat,flat,16.485846674126385,16.485846674126385,0.0,49403.40739684992,49403.40739684992,15.36,,0.0,0,43.34538389074255,"(20),(21) + BERC slab bill",MB-KLNC0397-2026-06-14
KLNC0398,Kalyanpur,2026-06-14,2026-07-13,30,3337.877224375454,54929.48387472732,3337.877224375454,54929.48387472732,0.0,0.0,0.0,0.0,0.0,0.0,False,1.0,0,0,0,0.0,0.0,12.472847437049264,12.472847437049264,0.0,False,LT-E,flat,flat,16.456412319061588,16.456412319061588,0.0,48777.580653905046,48777.580653905046,15.36,,0.0,0,43.34538389074255,"(20),(21) + BERC slab bill",MB-KLNC0398-2026-06-14
KLNC0399,Kalyanpur,2026-06-14,2026-07-13,30,3716.172412559262,61144.028669755775,3716.172412559262,61144.028669755775,0.0,0.0,0.0,0.0,0.0,0.0,False,1.0,0,0,0,0.0,0.0,11.132712150396255,11.132712150396255,0.0,False,LT-E,flat,flat,16.453496200314067,16.453496200314067,0.0,54302.949357527614,54302.949357527614,15.36,,0.0,0,43.34538389074255,"(20),(21) + BERC slab bill",MB-KLNC0399-2026-06-14
KLNC0400,Kalyanpur,2026-06-14,2026-07-13,30,5837.264069899267,96203.49491933538,5837.264069899267,96203.49491933538,0.0,0.0,0.0,0.0,0.0,0.0,False,1.0,0,0,0,0.0,0.0,18.560230684290595,18.560230684290595,0.0,False,LT-E,flat,flat,16.480922186718125,16.480922186718125,0.0,85951.53919947064,85951.53919947064,15.36,,0.0,0,43.34538389074255,"(20),(21) + BERC slab bill",MB-KLNC0400-2026-06-14
