household_id,substation,category,archetype,w_h,lambda_h,gamma_sh_h,gamma_cu_h,y_max_h,tariff_class,baseline_kwh,optimised_kwh,energy_shifted_kwh,energy_curtailed_kwh,n_shift_slots,n_curtail_slots,discomfort_J2_tk,incentive_received_tk,n_dr_events,income_band,monthly_income_bdt,household_size,peak_baseline_kw,peak_optimised_kw,connected_load_kw,J1_baseline_tk,J1_optimised_tk,rebate_tk,marginal_rate_tk_per_kwh,period_days,scale_to_30d,baseline_kwh_30d,optimised_kwh_30d,bill_baseline_tk,bill_optimised_tk,surcharge_tk,energy_charge_baseline_tk,energy_charge_optimised_tk,eff_rate_baseline,eff_rate_optimised,slab_baseline,slab_optimised,saving_tk,saving_pct,J1_saving_tk,energy_saving_kwh,energy_saving_pct,peak_reduction_kw,peak_reduction_pct,qoe,qoe_ok,net_benefit_tk,gained_unweighted,gained_lambda,gained,saving_per_discomfort,participated
DHNC0001,Dhanmondi,Residential,Res-A,597.3547737671756,0.48811259340679575,1.6288542526025491,20.445468599887178,0.336160097220683,LT-A,741.8844889317587,705.6283568746072,0.0,36.25613205715144,0,237,741.2736095278526,108.76839617145431,10,upper-middle,174354.85781382807,4,4.522244194721653,4.522244194721653,6.269699999999999,12871.695882966014,12133.883595602985,108.76839617145431,17.35,30,1.0,741.8844889317587,705.6283568746072,9581.274447114316,8920.778361363158,0.0,8861.695882966014,8232.651991774435,12.914779308717476,12.642318402388714,601-above,601-above,660.4960857511578,6.8936140948356375,737.8122873630291,36.25613205715149,4.887031956869294,0.0,0.0,0.9511296804313071,True,27.99087239475955,True,False,True,0.891028733873117,True
DHNC0002,Dhanmondi,Residential,Res-A,597.3547737671756,0.6788997760026314,2.2891494141129978,16.94157897705322,0.41494041295175105,LT-A,206.54885510342336,196.37674189308515,0.0,10.172113210338132,0,216,172.33165931646977,30.516339631014393,10,upper-middle,112596.59401203739,5,0.9056059902486513,0.9056059902486513,3.6806,1879.5945814411518,1756.5120115960603,30.516339631014393,9.1,30,1.0,206.54885510342336,196.37674189308515,1827.18877051321,1732.276881395785,0.0,1585.5945814411525,1495.2023060912238,8.84627886026431,8.821191678283885,201-300,76-200,94.91188911742506,5.1944216519438635,123.08256984509148,10.17211321033821,4.924797673288878,0.0,0.0,0.9507520232671116,True,-46.903430568030316,False,True,False,0.5507513215730658,True
DHNC0003,Dhanmondi,Residential,Res-A,597.3547737671756,0.5757809152833336,2.1309659713479836,15.287353625277056,0.44008259670880423,LT-A,176.71666423334503,167.95761337156392,0.0,8.759050861781084,0,232,133.9027079458352,26.277152585343252,10,upper-middle,122947.57133679508,4,0.9728447772494944,0.9728447772494944,2.3800000000000003,1502.0916459834327,1401.36256107295,26.277152585343252,8.5,30,1.0,176.71666423334503,167.95761337156392,1499.4542282826044,1421.279699341208,0.0,1328.0916459834327,1253.6397136582932,8.485075444286647,8.462133218081544,76-200,76-200,78.17452894139637,5.2135321950396145,100.7290849104827,8.759050861781105,4.95655058892196,0.0,0.0,0.9504344941107805,True,-29.45102641909557,False,True,False,0.5838158924539348,True
DHNC0004,Dhanmondi,Residential,Res-B,597.3547737671756,0.39681518577343594,0.8814824867709768,20.296420716600025,0.3494072353236943,LT-A,125.77903603831048,122.71850322906353,0.0,3.060532809246934,0,230,62.11786151343354,9.181598427740802,10,middle,53546.145812606715,4,0.7631324280611624,0.7631324280611624,2.2843999999999998,1069.1218063256392,1033.9256790192994,9.181598427740802,8.5,30,1.0,125.77903603831048,122.71850322906353,1040.619936641921,1013.304681319392,0.0,895.121806325639,869.10727744704,8.273397295913153,8.257146678426976,76-200,76-200,27.31525532252897,2.624902172321939,35.196127306339804,3.0605328092469506,2.433261460450974,0.0,0.0,0.9756673853954904,True,-25.621007763163767,False,False,False,0.4397327058115451,True
DHNC0005,Dhanmondi,Residential,Res-B,597.3547737671756,0.30768563832642065,1.3545743690674348,18.996613699464877,0.410064197023275,LT-A,196.82248550892285,187.11799653938596,0.0,9.704488969536873,0,266,184.35242810500998,29.113466908610622,10,middle,59531.87269822272,5,0.9916189913789257,0.9916189913789257,3.5601,1672.9911268258438,1561.3895036761696,29.113466908610622,8.5,30,1.0,196.82248550892285,187.11799653938596,1730.9410931671366,1644.3285291140196,0.0,1498.9911268258443,1416.5029705847805,8.794427571074776,8.787655701347301,76-200,76-200,86.61256405311701,5.003784611447426,111.6016231496742,9.704488969536897,4.9305794225919115,0.0,0.0,0.950694205774081,True,-68.62639714328235,False,False,False,0.46982057650893083,True
DHNC0006,Dhanmondi,Residential,Res-C,597.3547737671756,0.24558693229210504,3.294708550330959,30.654584092625228,0.26969991655302733,LT-A,114.42690706294435,114.42690706294435,0.0,0.0,0,0,0.0,0.0,0,lower-middle,10736.852167504177,4,0.2689426569645353,0.2689426569645353,0.38070000000000004,972.6287100350271,972.6287100350271,0.0,8.5,30,1.0,114.42690706294435,114.42690706294435,860.6101455367783,860.6101455367783,0.0,798.628710035027,798.628710035027,7.5210469952086605,7.5210469952086605,76-200,76-200,0.0,0.0,0.0,0.0,0.0,0.0,0.0,1.0,True,0.0,False,False,False,,False
DHNC0007,Dhanmondi,Residential,Res-C,597.3547737671756,0.22703155796447627,3.368434981796543,21.03050655633284,0.3025223374839223,LT-A,149.25384920148198,149.25384920148198,0.0,0.0,0,0,0.0,0.0,0,lower-middle,24775.58637255295,4,1.2511246302574692,1.2511246302574692,1.9195,1268.6577182125968,1268.6577182125968,0.0,8.5,30,1.0,149.25384920148198,149.25384920148198,1234.0405541232267,1234.0405541232267,0.0,1094.6577182125968,1094.6577182125968,8.268065183748531,8.268065183748531,76-200,76-200,0.0,0.0,0.0,0.0,0.0,0.0,0.0,1.0,True,0.0,False,False,False,,False
DHNC0008,Dhanmondi,Residential,Res-B,597.3547737671756,0.371762262432816,1.958195354437911,18.025530948896996,0.3590640949863418,LT-A,188.3564219134829,178.99722762082774,0.0,9.359194292655198,0,310,168.7044463789964,28.077582877965593,10,middle,43471.247693859405,5,0.922622061291981,0.922622061291981,2.2004,1601.0295862646053,1493.3988518990705,28.077582877965593,8.5,30,1.0,188.3564219134829,178.99722762082774,1595.4187055778348,1511.8878965158876,0.0,1427.0295862646046,1347.4764347770358,8.47021136508238,8.446431917473829,76-200,76-200,83.53080906194714,5.23566689859598,107.63073436553486,9.359194292655161,4.968874539862563,0.0,0.0,0.9503112546013742,True,-57.09605443908367,False,False,False,0.49513104636432786,True
DHNC0009,Dhanmondi,Residential,Res-A,597.3547737671756,0.635185299989375,1.225327892006244,18.6717274672704,0.41414587042128215,LT-A,398.077109371363,378.5379484857394,0.0,19.53916088562352,0,229,364.8298869955121,58.617482656870564,10,upper-middle,177614.14505977277,4,2.560466022218713,2.560466022218713,3.9807,3829.5017921525105,3582.9175817759415,58.617482656870564,9.62,30,1.0,398.077109371363,378.5379484857394,3724.025751760138,3526.660687654454,0.0,3379.5017921525123,3191.5350644328128,9.355036157796311,9.316531411875904,301-400,301-400,197.36506410568427,5.2997771031094745,246.584210376569,19.53916088562363,4.908385944743108,0.0,0.0,0.9509161405525692,True,-108.84734023295727,False,True,False,0.5409783330281605,True
DHNC0010,Dhanmondi,Residential,Res-A,597.3547737671756,0.5028732002408461,1.8157646555528526,23.248261484397293,0.3230992493504371,LT-A,196.77862878463787,189.6038849691359,0.0,7.17474381550201,0,290,166.8003203063531,21.52423144650603,10,upper-middle,156299.7761650142,6,0.9831174001378662,0.9831174001378662,3.7399000000000004,1672.6183446694224,1590.1087907911487,21.52423144650603,8.5,30,1.0,196.77862878463787,189.6038849691359,1738.4788519028932,1674.4442633495378,0.0,1498.618344669422,1437.633022237655,8.834693394502468,8.831276129295068,76-200,76-200,64.03458855335543,3.6833688533665425,82.50955387827366,7.174743815501984,3.6460991012160675,0.0,0.0,0.9635390089878392,True,-81.24150030649162,False,False,False,0.3838996737880754,True
DHNC0011,Dhanmondi,Residential,Res-A,597.3547737671756,0.3692491721558849,2.485346922333847,20.579846039237896,0.3491485285830399,LT-A,495.66845075302064,471.5045673104553,0.0,24.16388344256532,0,196,497.2890009580841,72.49165032769596,10,upper-middle,199144.37502718804,4,2.681841055030918,2.681841055030918,5.570199999999999,7439.983445802839,7004.791905002239,72.49165032769596,15.01,30,1.0,495.66845075302064,471.5045673104553,5321.328438092982,4940.49355309643,0.0,4833.98344580284,4471.283555329934,10.735660964519342,10.478145697035071,401-600,401-600,380.8348849965514,7.15676338018016,435.1915408005998,24.16388344256535,4.875009374886685,0.0,0.0,0.9512499062511333,True,-43.9624656338367,False,False,False,0.7658220557117279,True
DHNC0012,Dhanmondi,Residential,Res-A,597.3547737671756,0.5386261237165179,2.408977113564393,20.594169461062933,0.3788994379258158,LT-A,157.25263141484473,151.2278266913731,0.0,6.02480472347155,0,230,124.07584944498551,18.07441417041465,10,upper-middle,104924.43749387428,4,0.9674737262491748,0.9674737262491748,2.9512,1336.64736702618,1267.3621127062572,18.07441417041465,8.5,30,1.0,157.25263141484473,151.2278266913731,1350.9276553774891,1297.156273220505,0.0,1162.6473670261803,1111.4365268766715,8.590811124893907,8.57749728737259,76-200,76-200,53.771382156984146,3.980330252544784,69.28525431992284,6.024804723471618,3.831290242500116,0.0,0.0,0.9616870975749993,True,-52.230053117586706,False,False,False,0.4333750878798219,True
DHNC0013,Dhanmondi,Residential,Res-B,597.3547737671756,0.4151720167605782,1.6924710884998417,21.58504930244223,0.42377541672191993,LT-A,185.82639660692382,176.61292328360426,0.0,9.213473323319523,0,263,198.87327593058816,27.64041996995857,10,middle,56263.97878643399,5,1.0613030785431088,1.0613030785431088,1.7252,1579.5243711588523,1473.5694279406778,27.64041996995857,8.5,30,1.0,185.82639660692382,176.61292328360426,1551.8819097167952,1469.651660306168,0.0,1405.5243711588525,1327.2098479106362,8.351245775913478,8.321314391847803,76-200,76-200,82.23024941062727,5.298743989201701,105.95494321817455,9.213473323319562,4.95810793921205,0.0,0.0,0.9504189206078797,True,-89.00260655000233,False,False,False,0.413480639999754,True
DHNC0014,Dhanmondi,Residential,Res-B,597.3547737671756,0.3658805028771735,1.3716573692530845,16.91677503786368,0.3233193602958268,LT-A,139.96076086458442,137.2718492710457,0.0,2.6889115935386863,0,160,45.4877125245975,8.06673478061606,10,middle,52192.10494958036,4,0.8231676560421688,0.8231676560421688,2.8141,1189.6664673489672,1158.743984023272,8.06673478061606,8.5,30,1.0,139.96076086458442,137.2718492710457,1190.551600716416,1166.553064744083,0.0,1015.6664673489676,992.8107188038886,8.50632415372695,8.498123037890334,76-200,76-200,23.998535972333002,2.0157493348370497,30.92248332569511,2.6889115935387053,1.921189608379091,0.0,0.0,0.9807881039162092,True,-13.422441771648437,False,False,False,0.5275828271064583,True
DHNC0015,Dhanmondi,Residential,Res-A,597.3547737671756,0.5129785330001845,1.316171549000022,18.17328596237249,0.4865116293721594,LT-A,578.3988813460238,550.0330861099596,0.0,28.365795236064343,0,130,515.4997083751005,85.09738570819302,10,upper-middle,83791.43714369864,5,3.202978446236219,3.202978446236219,4.6006,8681.76720900382,8170.899236802302,85.09738570819302,15.01,30,1.0,578.3988813460238,550.0330861099596,6582.442029454009,6135.382913636019,0.0,6075.767209003818,5649.9966225104945,11.380454288112809,11.154570640518644,401-600,401-600,447.05911581798955,6.79169089249194,510.86797220151766,28.365795236064173,4.904192617048735,0.0,0.0,0.9509580738295124,True,16.65679315108207,True,True,True,0.8672344689139756,True
DHNC0016,Dhanmondi,Residential,Res-A,597.3547737671756,0.5202448578294103,1.449290396516837,27.850003669213212,0.3477793964255179,LT-A,205.91342095875007,198.33001203741102,0.0,7.583408921339037,0,290,211.19796628443632,22.750226764017107,10,upper-middle,140591.20841218322,5,0.8430372817850791,0.8430372817850791,2.6751000000000005,1873.812130724626,1782.0528827764235,22.750226764017107,9.1,30,1.0,205.91342095875007,198.33001203741102,1776.774647260857,1705.3672674338934,0.0,1579.8121307246256,1511.8051023179937,8.628746193366348,8.598634417025144,201-300,76-200,71.4073798269635,4.01893284199253,91.75924794820253,7.583408921339043,3.6828143042012793,0.0,0.0,0.9631718569579872,True,-117.04035969345571,False,False,False,0.338106379920315,True
DHNC0017,Dhanmondi,Residential,Res-A,597.3547737671756,0.6267937956030032,1.7266259395684538,22.191994917413318,0.41451152558965887,LT-A,445.16895505283173,423.4846642085606,0.0,21.684290844271107,0,149,481.2176722037766,65.05287253281332,10,upper-middle,125784.29300369692,5,3.889339225488028,3.889339225488028,5.3001,6681.986015343003,6291.451937237681,65.05287253281332,15.01,30,1.0,445.16895505283173,423.4846642085606,4513.519726110155,4171.764460259019,0.0,4075.9860153430045,3750.504809770495,10.138891481268049,9.851040221386812,401-600,401-600,341.75526585113585,7.57181283321138,390.5340781053219,21.684290844271118,4.871024944158038,0.0,0.0,0.9512897505584197,True,-74.4095338198274,False,True,False,0.7101885188173556,True
DHNC0018,Dhanmondi,Residential,Res-B,597.3547737671756,0.2257660077084152,1.493458400861342,16.960060365187232,0.3785107765602678,LT-A,166.20105462023224,162.0753978501583,0.0,4.125656770073921,0,188,69.97138786649708,12.376970310221765,5,middle,48210.726844112214,5,0.8779939686360916,0.8779939686360916,2.4252,1412.708964271974,1365.2639114161243,12.376970310221765,8.5,30,1.0,166.20105462023224,162.0753978501583,1407.5957324855729,1370.7742458126631,0.0,1238.708964271974,1203.6408817263457,8.469234661006906,8.457633076921207,76-200,76-200,36.821486672909714,2.615913491573982,47.44505285584978,4.125656770073931,2.482328875409976,0.0,0.0,0.9751767112459003,True,-20.772930883365603,False,False,False,0.5262363345309629,True
DHNC0019,Dhanmondi,Residential,Res-B,597.3547737671756,0.41725187886000425,1.9210553598697473,18.434665121911685,0.4507181261917123,LT-A,159.37148827089507,151.60312493354706,0.0,7.7683633373479735,0,320,143.20717666934615,23.30509001204392,10,middle,41001.29658024218,4,1.0075919079701723,1.0075919079701723,2.9,1354.6576503026076,1265.3214719231066,23.30509001204392,8.5,30,1.0,159.37148827089507,151.60312493354706,1367.5805328177385,1298.2478900319074,0.0,1180.657650302608,1114.62656193515,8.581086539727636,8.563463916729782,76-200,76-200,69.33264278583101,5.069730163749792,89.336178379501,7.768363337348006,4.874374595877254,0.0,0.0,0.9512562540412277,True,-50.56944387147122,False,False,False,0.48414223643214827,True
DHNC0020,Dhanmondi,Residential,Res-A,597.3547737671756,0.4524087566689231,1.669019248356296,18.06735840768602,0.43758001754558074,LT-A,275.89435902555635,262.2883237231898,0.0,13.606035302366493,0,229,245.82511631548405,40.81810590709948,10,upper-middle,196485.8508143802,5,1.8755679711321622,1.8755679711321622,5.2801,2510.6386671325627,2346.0056399739283,40.81810590709948,9.1,30,1.0,275.89435902555635,262.2883237231898,2560.323010489191,2430.317343175079,0.0,2216.6386671325627,2092.823745881027,9.280084665493382,9.265823612262485,201-300,201-300,130.0056673141121,5.077705695004179,164.63302715863438,13.606035302366536,4.931610544855756,0.0,0.0,0.9506838945514426,True,-75.00134309427247,False,False,False,0.5288542898410226,True
DHNC0021,Dhanmondi,Residential,Res-A,597.3547737671756,0.593499683187066,1.5735730355305488,25.14225263506083,0.36812831116610345,LT-A,657.973080885311,625.7946915729999,0.0,32.17838931231136,0,230,809.0371934794734,96.53516793693409,10,upper-middle,154326.830346587,4,3.292968961196623,3.292968961196623,5.964899999999999,11415.832953360152,10761.002730854614,96.53516793693409,17.35,30,1.0,657.973080885311,625.7946915729999,8039.176691028153,7452.9668837311265,0.0,7405.832953360145,6847.537898791548,12.218093603785949,11.909603875030196,601-above,601-above,586.2098072970266,7.291913461128997,654.8302225055377,32.17838931231108,4.890532796419978,0.0,0.0,0.9510946720357998,True,-126.2922182455128,False,True,False,0.7245770800423648,True
DHNC0022,Dhanmondi,Residential,Res-B,597.3547737671756,0.3775815483160288,2.0624570062445944,14.334308694458459,0.2780412155954435,LT-A,133.95380611275885,128.6094986380808,0.0,5.344307474678009,0,290,76.60695310013631,16.032922424034027,10,middle,39560.95363024633,5,0.6353992997170809,0.6353992997170809,1.2202,1138.60735195845,1077.147815999653,16.032922424034027,8.5,30,1.0,133.95380611275885,128.6094986380808,1066.6485395563727,1018.9505953448711,0.0,964.6073519584503,919.1807384236868,7.9628087510891294,7.922825344435046,76-200,76-200,47.697944211501635,4.471758263630078,61.459535958797005,5.344307474678061,3.9896645192592444,0.0,0.0,0.9601033548074079,True,-12.876086464600647,False,False,False,0.6226320494584031,True
DHNC0023,Dhanmondi,Residential,Res-C,597.3547737671756,0.213198259329218,2.8827300304863437,33.724644661196976,0.3274178334648801,LT-A,272.03224092858227,272.03224092858227,0.0,0.0,0,0,0.0,0.0,0,lower-middle,15421.258152628776,3,1.0955845399535906,1.0955845399535906,2.0695,2475.493392450099,2475.493392450099,0.0,9.1,30,1.0,272.03224092858227,272.03224092858227,2381.8330120726037,2381.8330120726037,0.0,2181.493392450099,2181.493392450099,8.755701176971579,8.755701176971579,201-300,201-300,0.0,0.0,0.0,0.0,0.0,0.0,0.0,1.0,True,0.0,False,False,False,,False
DHNC0024,Dhanmondi,Residential,Res-A,597.3547737671756,0.5438622565982701,2.1514496998727797,19.1830401460924,0.3976973462845833,LT-A,431.11695257040515,409.9401703076851,0.0,21.176782262720053,0,241,406.23506431081614,63.53034678816016,10,upper-middle,101357.95179186048,4,2.596500948654084,2.596500948654084,5.3059,6471.065458081782,6089.671609530192,63.53034678816016,15.01,30,1.0,431.11695257040515,409.9401703076851,4292.308920985871,3958.552244134271,0.0,3865.0654580817813,3547.201956318353,9.956251767401561,9.656414596215678,401-600,401-600,333.7566768515999,7.775690962498143,381.39384855159005,21.176782262720053,4.912073658078129,0.0,0.0,0.9508792634192187,True,-8.948040671056106,False,True,False,0.8215851022555699,True
DHNC0025,Dhanmondi,Residential,Res-A,597.3547737671756,0.5916118861150873,3.0040159166063707,19.287078447991448,0.40669407087305026,LT-A,567.3292533741046,539.6038158845787,0.0,27.72543748952593,0,231,534.7426878653697,83.17631246857779,10,upper-middle,148933.5771814863,5,3.3153360078658327,3.3153360078658327,6.1248,8515.612093145312,8016.27696395895,83.17631246857779,15.01,30,1.0,567.3292533741046,539.6038158845787,6475.196377802576,6038.229620248903,0.0,5909.61209314531,5493.453276427526,11.413471699709346,11.190116604995398,401-600,401-600,436.9667575536723,6.748316685060315,499.3351291863619,27.725437489525916,4.887010025418764,0.0,0.0,0.9511298997458123,True,-14.599617843119631,False,True,False,0.8171533103107824,True
DHNC0026,Dhanmondi,Residential,Res-A,597.3547737671756,0.5556293189257726,2.0643005858025623,19.53619905640408,0.4003143373493477,LT-A,470.1141317899835,447.01076508959216,0.0,23.10336670039134,0,237,451.3519707319428,69.31010010117403,10,upper-middle,102517.59120326015,5,3.371064558176016,3.371064558176016,5.2899,7056.413118167653,6640.321483893603,69.31010010117403,15.01,30,1.0,470.1141317899835,447.01076508959216,4906.218364076035,4542.097753194517,0.0,4450.413118167652,4103.631583994778,10.436228209935656,10.161047804484456,401-600,401-600,364.1206108815177,7.421614446426923,416.0916342740502,23.103366700391348,4.91441655081163,0.0,0.0,0.9508558344918837,True,-17.921259749251078,False,True,False,0.8067331805177125,True
DHNC0027,Dhanmondi,Residential,Res-A,597.3547737671756,0.4867852658952684,2.4202441469979568,17.81778807269764,0.42524066546633366,LT-A,275.0476850721528,261.3829833470312,0.0,13.664701725121564,0,283,243.47475941484186,40.994105175364695,10,upper-middle,155912.04588368593,6,1.1719317158741753,1.1719317158741753,3.6559000000000004,2502.9339341565897,2337.5910432826195,40.994105175364695,9.1,30,1.0,275.0476850721528,261.3829833470312,2480.6058208644195,2350.039595880883,0.0,2208.93393415659,2084.585148457984,9.018820937226527,8.990790317672664,201-300,201-300,130.56622498353636,5.263481359486523,165.3428908739702,13.664701725121574,4.968120972018702,0.0,0.0,0.950318790279813,True,-71.9144292559408,False,False,False,0.5362618502933706,True
DHNC0028,Dhanmondi,Residential,Res-A,597.3547737671756,0.61996519333977,1.8398461430494026,16.922215960258317,0.3835220657433097,LT-A,623.2412291604629,592.814143315161,0.0,30.42708584530185,0,264,514.8937177155169,91.28125753590554,10,upper-middle,105057.52740933542,6,3.2768272328076478,3.2768272328076478,6.095199999999999,10813.235325934029,10194.04412898214,91.28125753590554,17.35,30,1.0,623.2412291604629,592.814143315161,7412.195412230733,6875.545625718595,0.0,6803.235325934032,6292.140291160566,11.892979901562885,11.598147080750925,601-above,401-600,536.6497865121382,7.240092262362941,619.1911969518897,30.427085845301917,4.882072048777761,0.0,0.0,0.9511792795122225,True,113.03732633252685,True,True,True,1.0422535137797928,True
DHNC0029,Dhanmondi,Residential,Res-A,597.3547737671756,0.3877822224185491,1.9151285083763858,22.42925195829573,0.42543746447560704,LT-A,624.4129303924487,593.8577650333672,0.0,30.55516535908154,0,163,685.3295024662294,91.6654960772446,10,upper-middle,144519.6067555219,6,3.1068196972156823,3.1068196972156823,4.985199999999999,10833.564342308986,10211.766727251672,91.6654960772446,17.35,30,1.0,624.4129303924487,593.8577650333672,7384.589879424435,6843.0426258083835,0.0,6823.564342308986,6307.805053150842,11.826452528430439,11.523033003405946,601-above,401-600,541.5472536160514,7.333477721287623,621.797615057314,30.55516535908157,4.8934229052363465,0.0,0.0,0.9510657709476366,True,-52.11675277293341,False,False,False,0.7901998260212604,True
DHNC0030,Dhanmondi,Residential,Res-A,597.3547737671756,0.5028414762307929,2.3198939873165827,19.733661271810234,0.41990902395522134,LT-A,404.32435633914633,384.54036710789075,0.0,19.783989231255475,0,168,390.41054209473697,59.351967693766426,10,upper-middle,106153.87130008996,5,2.1577045951524205,2.1577045951524205,5.2299999999999995,6068.908588650584,5712.598942595674,59.351967693766426,15.01,30,1.0,404.32435633914633,384.54036710789075,3866.6970180831154,3642.385248156804,0.0,3462.9085886505864,3249.278331577909,9.563354167167063,9.47204912595004,401-600,301-400,224.31176992631117,5.801120927688096,356.30964605490954,19.78398923125559,4.893098553444756,0.0,0.0,0.9510690144655527,True,-106.74680447465937,False,False,False,0.5745535679512458,True
DHNC0031,Dhanmondi,Residential,Res-A,597.3547737671756,0.4501017239159658,2.000386186131422,20.765947932948635,0.5183352959572349,LT-A,441.85756643749727,420.2568543612267,0.0,21.60071207627049,0,146,448.5592622904478,64.80213622881148,10,upper-middle,164420.88079508737,6,2.7046567135470405,2.7046567135470405,5.1242,6632.282072226834,6243.2532477332015,64.80213622881148,15.01,30,1.0,441.85756643749727,420.2568543612267,4453.573395838175,4113.135373160113,0.0,4026.282072226834,3702.055383962013,10.079205911862896,9.787194023074083,401-600,401-600,340.4380226780622,7.644154309799824,389.0288244936328,21.600712076270554,4.888614276864732,0.0,0.0,0.9511138572313529,True,-43.31910338357409,False,False,False,0.7589588518130393,True
DHNC0032,Dhanmondi,Residential,Res-A,597.3547737671756,0.5899478234236094,1.1987759357678045,23.34255452098799,0.38945466751973734,LT-A,349.49508962096536,332.37257944393014,0.0,17.122510177035213,0,159,399.6831273436161,51.36753053110563,10,upper-middle,151810.27950763196,5,1.8606251097774307,1.8606251097774307,5.3008999999999995,3362.1427621536864,3146.0566837195024,51.36753053110563,9.62,30,1.0,349.49508962096536,332.37257944393014,3291.5195902613714,3118.565114963138,0.0,2912.142762153687,2747.4242142506077,9.417927999592475,9.382738853429474,301-400,301-400,172.95447529823332,5.254547954384176,216.08607843418395,17.122510177035224,4.899213375388175,0.0,0.0,0.9510078662461183,True,-175.36112151427716,False,False,False,0.43272898820555084,True
DHNC0033,Dhanmondi,Residential,Res-A,597.3547737671756,0.630866255796793,1.8274076021818968,18.19049195254879,0.40568111721098243,LT-A,384.79949945318106,365.89833695885284,0.0,18.901162494328112,0,243,343.8214442468925,56.703487482984336,10,upper-middle,192056.4880951592,6,1.7967119512109364,1.7967119512109364,3.8556,3701.7711847396004,3463.23851406118,56.703487482984336,9.62,30,1.0,384.79949945318106,365.89833695885284,3584.3917039765815,3393.4710616213724,0.0,3251.7711847396017,3069.942001544164,9.314959372530831,9.274354974734377,301-400,301-400,190.9206423552091,5.326444711480576,238.53267067842035,18.90116249432822,4.911950904610764,0.0,0.0,0.9508804909538926,True,-96.19731440869904,False,True,False,0.5552900947566032,True
DHNC0034,Dhanmondi,Residential,Res-A,597.3547737671756,0.6192260535940651,2.633587939386754,19.682452953675327,0.4719360101086126,LT-A,320.73820057350525,304.9685895482745,0.0,15.769611025230725,0,182,310.3846271018635,47.30883307569218,10,upper-middle,154781.5376330074,6,1.4470815531004906,1.4470815531004906,3.8059000000000007,3085.501489517121,2886.488998378709,47.30883307569218,9.62,30,1.0,320.73820057350525,304.9685895482745,2935.1167539929766,2775.8279130271208,0.0,2635.5014895171207,2483.7978314544007,9.151129328358007,9.102012496233568,301-400,301-400,159.2888409658558,5.427001864547871,199.01249113841232,15.769611025230745,4.916661313505355,0.0,0.0,0.9508333868649466,True,-103.78695306031551,False,True,False,0.5131982290913514,True
DHNC0035,Dhanmondi,Residential,Res-A,597.3547737671756,0.5083908399120235,2.1820544165119893,19.766779548659564,0.3776643895006368,LT-A,541.4722637248677,515.147673656199,0.0,26.324590068668787,0,230,520.3523685962087,78.97377020600636,10,upper-middle,166744.4203574104,4,2.7252667279185627,2.7252667279185627,5.974899999999999,8127.498678510266,7653.392811373539,78.97377020600636,15.01,30,1.0,541.4722637248677,515.147673656199,6061.066702435777,5646.178000658523,0.0,5521.498678510265,5126.366581579547,11.193678990574334,10.960309614882759,401-600,401-600,414.888701777254,6.845143308033907,474.1058671367264,26.324590068668726,4.8616691624383455,0.0,0.0,0.9513833083756165,True,-26.48989661294837,False,False,False,0.7973225967944155,True
DHNC0036,Dhanmondi,Residential,Res-A,597.3547737671756,0.6694184478906218,2.645255280384111,22.031219559416964,0.43559306185384855,LT-A,353.040811548088,335.8051261820702,0.0,17.235685366017798,0,219,379.72316855576804,51.70705609805339,10,upper-middle,105475.6400832551,6,2.338062951529534,2.338062951529534,5.1809,3396.2526070926065,3178.738257773462,51.70705609805339,9.62,30,1.0,353.040811548088,335.8051261820702,3322.042927447237,3147.945269565091,0.0,2946.252607092607,2780.4453138715153,9.409798580736433,9.374321664935831,301-400,301-400,174.097657882146,5.240680559655747,217.51434931914446,17.235685366017833,4.88206598280781,0.0,0.0,0.951179340171922,True,-153.91845457556866,False,True,False,0.4584857398728283,True
DHNC0037,Dhanmondi,Residential,Res-B,597.3547737671756,0.373662659294406,1.5498417477578863,24.849552099919027,0.3831361657790525,LT-A,89.70684034796955,89.70684034796955,0.0,0.0,0,0,0.0,0.0,0,middle,38741.55515039892,5,0.7117994791378291,0.7117994791378291,2.4604000000000004,762.508142957741,762.508142957741,0.0,8.5,30,1.0,89.70684034796955,89.70684034796955,726.4371901056282,726.4371901056282,0.0,588.5081429577411,588.5081429577411,8.097901868885415,8.097901868885415,76-200,76-200,0.0,0.0,0.0,0.0,0.0,0.0,0.0,1.0,True,0.0,False,False,False,,False
DHNC0038,Dhanmondi,Residential,Res-B,597.3547737671756,0.3611700969112339,1.1930796815998574,19.39370265168716,0.4024133036902081,LT-A,122.61475577696295,116.51382386156712,0.0,6.100931915395858,0,294,118.31965946537548,18.302795746187577,10,middle,43616.96248348577,5,0.7351805302782848,0.7351805302782848,1.9703,1042.2254241041853,972.064707077133,18.302795746187577,8.5,30,1.0,122.61475577696295,116.51382386156712,998.5269253093944,944.0761079644865,0.0,868.2254241041851,816.3675028233205,8.143611419213862,8.102696115150817,76-200,76-200,54.45081734490793,5.453114579562921,70.16071702705233,6.100931915395833,4.975691446544549,0.0,0.0,0.9502430855345543,True,-45.56604637427998,False,False,False,0.4602009301830535,True
DHNC0039,Dhanmondi,Residential,Res-B,597.3547737671756,0.46261831626981004,1.8251244820142152,16.311687278592327,0.4964853678372352,LT-A,267.8041982701952,254.6165006240919,0.0,13.187697646103228,0,190,215.11359992786396,39.56309293830968,10,middle,36637.73077401458,4,1.7540977811110463,1.7540977811110463,4.1742,2437.0182042587758,2277.447062740926,39.56309293830968,9.1,30,1.0,267.8041982701952,254.6165006240919,2434.251334471715,2308.2428834631983,0.0,2143.0182042587758,2023.0101556792365,9.089668310635409,9.065566755514475,201-300,201-300,126.00845100851666,5.176476612094092,159.5711415178498,13.18769764610326,4.924380473228363,0.0,0.0,0.9507561952677165,True,-49.542055981037606,False,False,False,0.5857763109853223,True
DHNC0040,Dhanmondi,Residential,Res-B,597.3547737671756,0.3761296333985647,1.686090203702411,23.74351437944194,0.40926000879701546,LT-A,241.854593958359,233.50853577794857,0.0,8.346058180410408,0,108,198.16475241823355,25.038174541231225,7,middle,33680.82766666332,5,1.7412662609423442,1.7412662609423442,3.7952000000000004,2200.8768050210656,2099.8895010381007,25.038174541231225,9.1,30,1.0,241.854593958359,233.50853577794857,2169.5889652721203,2089.8423793582983,0.0,1906.876805021067,1830.927675579332,8.970633676057716,8.949747264680733,201-300,201-300,79.74658591382195,3.6756541073124303,100.98730398296493,8.346058180410438,3.4508578248662127,0.0,0.0,0.965491421751338,True,-93.37999196318037,False,False,False,0.402425683380433,True
DHNC0041,Dhanmondi,Residential,Res-B,597.3547737671756,0.3638272743587208,1.4856929780336916,25.671088940326786,0.4049784624561687,LT-A,231.40151671267756,231.40151671267756,0.0,0.0,0,0,0.0,0.0,0,middle,53533.129071948075,5,1.2714816312702506,1.2714816312702506,4.1953,2105.7538020853654,2105.7538020853654,0.0,9.1,30,1.0,231.40151671267756,231.40151671267756,2087.354222189634,2087.354222189634,0.0,1811.7538020853658,1811.7538020853658,9.020486347033854,9.020486347033854,201-300,201-300,0.0,0.0,0.0,0.0,0.0,0.0,0.0,1.0,True,0.0,False,False,False,,False
DHNC0042,Dhanmondi,Residential,Res-A,597.3547737671756,0.549967476616753,1.7809577910166634,19.959102707478078,0.3414967659649226,LT-A,586.5865757346617,557.9951024771781,0.0,28.591473257483635,0,287,570.6601513042286,85.7744197724509,10,upper-middle,177588.57713129412,4,2.7947687083347503,2.7947687083347503,4.1101,8804.66450177727,8289.73206840999,85.7744197724509,15.01,30,1.0,586.5865757346617,557.9951024771781,6689.853136866135,6239.237222591565,0.0,6198.664501777272,5769.506488182443,11.404715712233148,11.181526853717768,401-600,401-600,450.61591427457006,6.73581175932453,514.9324333672794,28.591473257483585,4.874211998744537,0.0,0.0,0.9512578800125545,True,-34.269817257207706,False,True,False,0.7896397063027781,True
DHNC0043,Dhanmondi,Residential,Res-A,597.3547737671756,0.5423794757208616,1.8737282007905378,23.43746981849498,0.4861530073156113,LT-A,444.5260782543428,422.65552703257384,0.0,21.870551221768967,0,178,512.5903841740587,65.6116536653069,10,upper-middle,142262.97519142774,4,3.7811730375004524,3.7811730375004524,6.150799999999999,6672.336434597685,6278.447807093627,65.6116536653069,15.01,30,1.0,444.5260782543428,422.65552703257384,4540.90353632757,4196.21271379688,0.0,4066.336434597685,3738.0594607589333,10.215156676880987,9.928209724969431,401-600,401-600,344.69082253068973,7.590798169860629,393.8886275040586,21.87055122176895,4.919970344069523,0.0,0.0,0.9508002965593048,True,-102.2879079780621,False,False,False,0.6724488659421363,True
DHNC0044,Dhanmondi,Residential,Res-A,597.3547737671756,0.5661221423403757,1.9613235060803325,20.085203574377765,0.433040524072717,LT-A,240.79483692437557,230.06730818196186,0.0,10.727528742413707,0,250,215.464598641368,32.182586227241124,10,upper-middle,80180.76947656665,5,1.601118112256346,1.601118112256346,2.9010000000000002,2191.233016011818,2061.4299182286118,32.182586227241124,9.1,30,1.0,240.79483692437557,230.06730818196186,2120.028766812409,2017.5272296786457,0.0,1897.2330160118177,1799.612504455853,8.804294950386451,8.769291237514585,201-300,201-300,102.50153713376312,4.8349125605441845,129.80309778320634,10.72752874241371,4.45504931892822,0.0,0.0,0.9554495068107178,True,-80.78047528036376,False,False,False,0.47572333357821217,True
DHNC0045,Dhanmondi,Residential,Res-A,597.3547737671756,0.6970842693450517,2.7420637165616464,16.07154413136144,0.4033189634141048,LT-A,358.13514373014027,340.515336034135,0.0,17.61980769600526,0,215,283.1775169724504,52.85942308801579,10,upper-middle,150447.38829950657,5,1.5801558631935804,1.5801558631935804,4.3149,3445.260082683949,3222.8981095603617,52.85942308801579,9.62,30,1.0,358.13514373014027,340.515336034135,3335.310176818147,3157.3324992807975,0.0,2995.2600826839493,2825.7575326483784,9.312993251875188,9.272218209180132,301-400,301-400,177.97767753734934,5.336165696802997,222.36197312358718,17.619807696005296,4.919876757272965,0.0,0.0,0.9508012324272704,True,-52.340416347085295,False,True,False,0.6285021474874516,True
DHNC0046,Dhanmondi,Residential,Res-B,597.3547737671756,0.15581542793144929,1.4403344825380575,19.702328953383024,0.4150585132356771,LT-A,211.6008884640585,211.6008884640585,0.0,0.0,0,0,0.0,0.0,0,middle,32234.677972628102,4,1.3667714567211422,1.3667714567211422,2.8155,1925.5680850229326,1925.5680850229326,0.0,9.1,30,1.0,211.6008884640585,211.6008884640585,1837.310039274079,1837.310039274079,0.0,1631.5680850229323,1631.5680850229323,8.682903236420746,8.682903236420746,201-300,201-300,0.0,0.0,0.0,0.0,0.0,0.0,0.0,1.0,True,0.0,False,False,False,,False
DHNC0047,Dhanmondi,Residential,Res-B,597.3547737671756,0.35338904348443756,2.2457394450041455,21.206963881489493,0.34947213666921706,LT-A,166.57813096673863,158.3248737499115,0.0,8.253257216827178,0,295,175.0265277018965,24.759771650481536,10,middle,39173.478942151974,4,0.9413984127095423,0.9413984127095423,1.2504,1415.9141132172786,1321.001655223766,24.759771650481536,8.5,30,1.0,166.57813096673863,158.3248737499115,1359.1524588781424,1285.4921382179602,0.0,1241.9141132172783,1171.7614268742477,8.159249062228524,8.119331522401918,76-200,76-200,73.66032066018215,5.41957748588279,94.91245799351259,8.253257216827137,4.95458627667944,0.0,0.0,0.9504541372332054,True,-76.60643539123281,False,False,False,0.4208523223727531,True
DHNC0048,Dhanmondi,Residential,Res-B,597.3547737671756,0.26535170408461367,1.1447438651956108,22.043622442568132,0.37362263545321006,LT-A,254.3248654332369,254.3248654332369,0.0,0.0,0,0,0.0,0.0,0,middle,37696.0701599607,4,1.318344304216851,1.318344304216851,3.0655,2314.3562754424565,2314.3562754424565,0.0,9.1,30,1.0,254.3248654332369,254.3248654332369,2256.5626392145787,2256.5626392145787,0.0,2020.3562754424559,2020.3562754424559,8.87275664284958,8.87275664284958,201-300,201-300,0.0,0.0,0.0,0.0,0.0,0.0,0.0,1.0,True,0.0,False,False,False,,False
DHNC0049,Dhanmondi,Residential,Res-B,597.3547737671756,0.22365065821942623,0.744780050031915,21.35467766058071,0.4484452533960946,LT-A,125.29698922599817,125.29698922599817,0.0,0.0,0,0,0.0,0.0,0,middle,52127.79319011733,5,0.799211508859545,0.799211508859545,1.8702,1065.0244084209842,1065.0244084209842,0.0,8.5,30,1.0,125.29698922599817,125.29698922599817,1018.0514488420338,1018.0514488420338,0.0,891.0244084209845,891.0244084209845,8.12510703673633,8.12510703673633,76-200,76-200,0.0,0.0,0.0,0.0,0.0,0.0,0.0,1.0,True,0.0,False,False,False,,False
DHNC0050,Dhanmondi,Residential,Res-B,597.3547737671756,0.3843318738526791,1.6152969810799442,23.225283360431796,0.4536027977550854,LT-A,147.13363333260193,140.56329063067034,0.0,6.570342701931611,0,244,152.59807102750673,19.71102810579483,9,middle,52322.32573249229,5,0.609624165543079,0.609624165543079,2.6752,1250.6358833271167,1175.0769422549029,19.71102810579483,8.5,30,1.0,147.13363333260193,140.56329063067034,1248.4439974934724,1189.8036888787326,0.0,1076.6358833271165,1020.7879703606978,8.485102754659167,8.464540660227843,76-200,76-200,58.64030861473975,4.69707161334214,75.55894107221388,6.570342701931594,4.465561376493063,0.0,0.0,0.9553443862350692,True,-74.24673430697214,False,False,False,0.38427948806882023,True
DHNC0051,Dhanmondi,Residential,Res-A,597.3547737671756,0.6108901610029398,2.171157917307993,17.651499822220806,0.34557135171563014,LT-A,649.498883370988,617.9090361134312,0.0,31.5898472575566,0,174,557.6081832507429,94.76954177266978,10,upper-middle,102642.37060160656,4,3.289320262604461,3.289320262604461,5.5310999999999995,11268.805626486637,10625.95223479536,94.76954177266978,17.35,30,1.0,649.498883370988,617.9090361134312,7865.667417810974,7290.179375396432,0.0,7258.805626486642,6710.721776568031,12.110363264963729,11.79814333392942,601-above,601-above,575.4880424145422,7.316455322168976,642.8533916912766,31.589847257556812,4.863726184347105,0.0,0.0,0.9513627381565293,True,112.64940093646908,True,True,True,1.0320652739699108,True
DHNC0052,Dhanmondi,Residential,Res-B,597.3547737671756,0.3726478772544336,1.5993264397284146,21.294148290770202,0.35856588258422034,LT-A,150.49813153630498,143.0457725027978,0.0,7.452359033507172,0,290,158.69163837556258,22.35707710052151,10,middle,37964.12933085576,4,0.7707490196024964,0.7707490196024964,2.2041000000000004,1279.2341180585925,1193.5319891732595,22.35707710052151,8.5,30,1.0,150.49813153630498,143.0457725027978,1257.696633961522,1191.1843295874705,0.0,1105.2341180585922,1041.8890662737813,8.356892016683444,8.327294884329227,76-200,76-200,66.51230437405138,5.288421911772904,85.70212888533297,7.452359033507179,4.9517950538206055,0.0,0.0,0.950482049461794,True,-69.82225690098969,False,False,False,0.41912923109812583,True
DHNC0053,Dhanmondi,Residential,Res-A,597.3547737671756,0.49341982964292497,1.9036623324733057,19.896239606905134,0.355579348519636,LT-A,513.7550022660504,488.5896803916017,0.0,25.16532187444879,0,182,500.69527379892406,75.49596562334636,10,upper-middle,116973.28594294217,6,4.090200695867592,4.090200695867592,5.939799999999999,7711.462584013417,7258.235137054595,75.49596562334636,15.01,30,1.0,513.7550022660504,488.5896803916017,5622.680893214087,5226.062837811838,0.0,5105.462584013416,4727.731102677942,10.944284471029551,10.696220259140922,401-600,401-600,396.6180554022485,7.05389587164585,453.22744695882193,25.165321874448694,4.898311795204033,0.0,0.0,0.9510168820479595,True,-28.581252773329197,False,False,False,0.7921346099254928,True
DHNC0054,Dhanmondi,Residential,Res-A,597.3547737671756,0.654369338908928,2.6974398097544334,14.292182457781125,0.3781775349548564,LT-A,421.104037435801,400.57072536055534,0.0,20.533312075245604,0,164,293.46584264197065,61.59993622573682,10,upper-middle,103119.96323648613,4,2.118022367630691,2.118022367630691,5.2259,6320.771601911372,5950.966651436199,61.59993622573682,15.01,30,1.0,421.104037435801,400.57072536055534,4130.972372006941,3807.357107045032,0.0,3714.7716019113727,3406.5665876619355,9.809861708193013,9.504831147153888,401-600,401-600,323.61526496190936,7.833876284306593,369.8049504751734,20.533312075245647,4.876066304250535,0.0,0.0,0.9512393369574947,True,91.74935854567553,True,True,True,1.1027357120968968,True
DHNC0055,Dhanmondi,Residential,Res-B,597.3547737671756,0.4501029581823479,1.0486494732999003,19.248389868490342,0.4114363438339284,LT-A,136.12540807363925,129.37554489360065,0.0,6.749863180038591,0,268,129.92399804835085,20.249589540115775,10,middle,56853.40933719749,4,0.8014233717856606,0.8014233717856606,2.9041,1157.065968625934,1079.4425420554899,20.249589540115775,8.5,30,1.0,136.12540807363925,129.37554489360065,1160.2900770572303,1100.0475481753858,0.0,983.0659686259336,925.6921315956055,8.523684839420666,8.502747169722628,76-200,76-200,60.242528881844464,5.192023104656187,77.62342657044405,6.749863180038602,4.958562310709221,0.0,0.0,0.9504143768929079,True,-49.43187962639061,False,False,False,0.46367514690723555,True
DHNC0056,Dhanmondi,Residential,Res-B,597.3547737671756,0.31168061113997875,0.8916788839015665,22.210695148560767,0.3570721263989111,LT-A,182.08517895680382,182.08517895680382,0.0,0.0,0,0,0.0,0.0,0,middle,46247.68036695517,4,1.0352773503428032,1.0352773503428032,2.9351,1547.7240211328324,1547.7240211328324,0.0,8.5,30,1.0,182.08517895680382,182.08517895680382,1571.848132189474,1571.848132189474,0.0,1373.7240211328324,1373.7240211328324,8.632488054188993,8.632488054188993,76-200,76-200,0.0,0.0,0.0,0.0,0.0,0.0,0.0,1.0,True,0.0,False,False,False,,False
DHNC0057,Dhanmondi,Residential,Res-A,597.3547737671756,0.534181624612049,2.320484940642834,17.00229511239342,0.4097995579764519,LT-A,307.2130744885073,292.1978584325072,0.0,15.015216056000149,0,165,255.2931345604626,45.045648168000454,10,upper-middle,129693.24868113289,6,1.9898865958128031,1.9898865958128031,5.2048,2955.389776579441,2765.897749952719,45.045648168000454,9.62,30,1.0,307.2130744885073,292.1978584325072,2860.190945408412,2712.7822173226064,0.0,2505.38977657944,2365.0005117358155,9.31012115994891,9.284059205208766,301-400,201-300,147.4087280858057,5.1538072422209185,189.49202662672178,15.0152160560001,4.887557627877524,0.0,0.0,0.9511244237212246,True,-62.838758306656416,False,False,False,0.5774096837331676,True
DHNC0058,Dhanmondi,Residential,Res-B,597.3547737671756,0.3753761035399734,0.9749767563836497,20.970445025741377,0.45520066062159603,LT-A,122.32622612310952,116.2785812573668,0.0,6.0476448657427255,0,181,126.82180419226492,18.142934597228177,10,middle,25958.75429682545,4,0.31683256362057566,0.31683256362057566,0.4343,1039.7729220464312,970.2250060903895,18.142934597228177,8.5,30,1.0,122.32622612310952,116.2785812573668,931.1115681487524,877.1363377219986,0.0,865.772922046431,814.3679406876178,7.6117084427314765,7.543404195658157,76-200,76-200,53.9752304267538,5.79685961093449,69.54791595604172,6.0476448657427255,4.943866133543885,0.0,0.0,0.9505613386645612,True,-54.70363916828295,False,False,False,0.42559897937523455,True
DHNC0059,Dhanmondi,Residential,Res-B,597.3547737671756,0.49879553975368274,1.6396220544385596,22.33318191518406,0.3061357628546531,LT-A,186.75369561814352,179.43192565616553,0.0,7.321769961977937,0,320,163.51842050198354,21.96530988593381,10,middle,41228.7419215112,5,0.9512570634449838,0.9512570634449838,2.9252,1587.40641275422,1503.2060581914739,21.96530988593381,8.5,30,1.0,186.75369561814352,179.43192565616553,1613.078053391931,1547.7312564812773,0.0,1413.40641275422,1351.171368077407,8.637462557582808,8.62572951174308,76-200,76-200,65.34679691065367,4.05106230124726,84.20035456274604,7.321769961977992,3.920548901451922,0.0,0.0,0.9607945109854811,True,-76.20631370539607,False,False,False,0.39962957512704805,True
DHNC0060,Dhanmondi,Residential,Res-B,597.3547737671756,0.27185582904113936,1.4099785115727772,24.08497875075221,0.3898636541751338,LT-A,221.00999712624505,221.00999712624505,0.0,0.0,0,0,0.0,0.0,0,middle,33370.29055587796,5,1.5588965110607325,1.5588965110607325,3.4153,2011.1909738488298,2011.1909738488298,0.0,9.1,30,1.0,221.00999712624505,221.00999712624505,1953.6652525412717,1953.6652525412717,0.0,1717.19097384883,1717.19097384883,8.83971439276252,8.83971439276252,201-300,201-300,0.0,0.0,0.0,0.0,0.0,0.0,0.0,1.0,True,0.0,False,False,False,,False
DHNC0061,Dhanmondi,Residential,Res-A,597.3547737671756,0.7369027246697445,1.6991966792046487,18.0081702904721,0.36820080051322784,LT-A,420.37400567712103,399.77494731068094,0.0,20.599058366440122,0,220,370.95135088622766,61.79717509932037,10,upper-middle,168489.3703277356,6,2.0980278784337933,2.0980278784337933,4.5648,6309.813825213586,5938.824784034001,61.79717509932037,15.01,30,1.0,420.37400567712103,399.77494731068094,4090.312196474266,3766.934422785188,0.0,3703.813825213587,3395.8349931287507,9.730173943285957,9.42263753175547,401-600,301-400,323.3777736890779,7.905943560196223,370.989041179585,20.59905836644009,4.900174151648597,0.0,0.0,0.9509982584835139,True,14.223597902170638,True,True,True,0.8717525166480907,True
DHNC0062,Dhanmondi,Residential,Res-A,597.3547737671756,0.48731446560119257,2.4022804059400995,16.921357370916528,0.3299821605950508,LT-A,541.7017373274599,515.2009255166931,0.0,26.500811810766816,0,210,448.42970726939086,79.50243543230044,10,upper-middle,156196.8953638039,5,3.134362305600136,3.134362305600136,6.080099999999999,8130.943077285174,7653.663456573265,79.50243543230044,15.01,30,1.0,541.7017373274599,515.2009255166931,6069.3226411494325,5651.6565966058415,0.0,5524.943077285174,5127.165892005563,11.204177913648657,10.969810644143964,401-600,401-600,417.66604454359094,6.881592382514891,477.27962071190905,26.500811810766777,4.892140819320832,0.0,0.0,0.9510785918067917,True,48.73877270650053,True,True,True,0.9313969118747102,True
DHNC0063,Dhanmondi,Residential,Res-B,597.3547737671756,0.33523784533369644,1.5660940153818146,18.022696333792343,0.49290146020150627,LT-A,192.55977707048777,183.05796103298417,0.0,9.501816037503582,0,163,171.24834506348512,28.50544811251074,10,middle,29241.158177920846,5,1.0765110476120967,1.0765110476120967,2.8551,1636.758105099146,1527.4872206678544,28.50544811251074,8.5,30,1.0,192.55977707048777,183.05796103298417,1661.8059203541034,1577.0022122193836,0.0,1462.7581050991462,1381.9926687803654,8.630078127613269,8.614769897580322,76-200,76-200,84.80370813471973,5.103105428620055,109.2708844312915,9.501816037503602,4.93447602716397,0.0,0.0,0.9506552397283604,True,-57.93918881625464,False,False,False,0.49520892072435113,True
DHNC0064,Dhanmondi,Residential,Res-A,597.3547737671756,0.6914948309573203,2.780215578476369,26.291413067498453,0.3348758144912507,LT-A,436.5674191334551,415.05666864879714,0.0,21.51075048465797,0,319,565.5480263840352,64.5322514539739,10,upper-middle,124625.29158061539,6,1.9434235199937748,1.9434235199937748,3.5396000000000005,6552.87696119316,6165.468344964471,64.5322514539739,15.01,30,1.0,436.5674191334551,415.05666864879714,4300.3171692528185,3961.2969862393675,0.0,3946.8769611931607,3624.000596418445,9.850293404369342,9.54399070164379,401-600,401-600,339.02018301345106,7.8836088053559985,387.4086162286894,21.510750484657933,4.927245951462602,0.0,0.0,0.9507275404853739,True,-161.99559191661024,False,True,False,0.5994542765555325,True
DHNC0065,Dhanmondi,Residential,Res-A,597.3547737671756,0.5212327085366473,2.3367844782002796,19.793607418636608,0.4292521320476982,LT-A,641.0435271182372,609.610879517282,0.0,31.432647600954965,0,173,622.1654867416524,94.29794280286491,10,upper-middle,138327.82890473545,5,3.6686335388922786,3.6686335388922786,6.2909,11122.105195501415,10482.450816821984,94.29794280286491,17.35,30,1.0,641.0435271182372,609.610879517282,7745.1391452764865,7172.514887606086,0.0,7112.105195501415,6566.748759624843,12.0820799487582,11.765726512764362,601-above,601-above,572.6242576704008,7.39333725230264,639.6543786794318,31.432647600955193,4.903356210811189,0.0,0.0,0.9509664378918885,True,44.75671373161322,True,True,True,0.9203729070046871,True
DHNC0066,Dhanmondi,Residential,Res-C,597.3547737671756,0.20600209382229745,3.4602325176572646,36.05098993839413,0.33363861003919887,LT-A,63.09386822946161,63.09386822946161,0.0,0.0,0,0,0.0,0.0,0,lower-middle,24999.624123708876,5,0.6378323315962104,0.6378323315962104,2.6456,389.92010565807266,389.92010565807266,0.0,6.18,30,1.0,63.09386822946161,63.09386822946161,526.0870709409764,526.0870709409764,0.0,389.92010565807277,389.92010565807277,8.33816479642186,8.33816479642186,1-75,1-75,0.0,0.0,0.0,0.0,0.0,0.0,0.0,1.0,True,0.0,False,False,False,,False
DHNC0067,Dhanmondi,Residential,Res-C,597.3547737671756,0.2740719845978558,2.6039186196870965,23.03562046025037,0.33434910525213996,LT-A,75.1916472500326,75.1916472500326,0.0,0.0,0,0,0.0,0.0,0,lower-middle,16075.723411627623,4,0.8324575360206663,0.8324575360206663,1.9245,639.1290016252772,639.1290016252772,0.0,8.5,30,1.0,75.1916472500326,75.1916472500326,573.255901706541,573.255901706541,0.0,465.1290016252771,465.1290016252771,7.623930618254841,7.623930618254841,76-200,76-200,0.0,0.0,0.0,0.0,0.0,0.0,0.0,1.0,True,0.0,False,False,False,,False
DHNC0068,Dhanmondi,Residential,Res-C,597.3547737671756,0.12065000734674704,1.921443902105509,30.758437729388486,0.35390460484766173,LT-A,23.22873740460795,23.22873740460795,0.0,0.0,0,0,0.0,0.0,0,lower-middle,16464.430652637795,5,0.09364494383941682,0.09364494383941682,0.1506,123.57688299251417,123.57688299251417,0.0,5.32,30,1.0,23.22873740460795,23.22873740460795,151.80572714214003,151.80572714214003,0.0,123.57688299251431,123.57688299251431,6.535255209868871,6.535255209868871,lifeline 0-50,lifeline 0-50,0.0,0.0,0.0,0.0,0.0,0.0,0.0,1.0,True,0.0,False,False,False,,False
DHNC0069,Dhanmondi,Residential,Res-B,597.3547737671756,0.376498305944611,1.2970345042020428,22.65407166376952,0.4261374077787824,LT-A,230.43421755477934,219.07150461069446,0.0,11.362712944084908,0,225,257.4117133301411,34.088138832254735,10,middle,37386.9339515951,5,1.1890448001695697,1.1890448001695697,3.5655,2096.951379748492,1959.4625531250642,34.088138832254735,9.1,30,1.0,230.43421755477934,219.07150461069446,2050.3374987359166,1941.7667765551855,0.0,1802.951379748492,1699.5506919573195,8.897712850516681,8.863620944247597,201-300,201-300,108.57072218073108,5.295261011792819,137.4888266234277,11.362712944084876,4.9310007275216,0.0,0.0,0.9506899927247838,True,-114.75285231715526,False,False,False,0.4217784838776341,True
DHNC0070,Dhanmondi,Residential,Res-A,597.3547737671756,0.531736900350527,2.714477174650556,19.975056525157697,0.3763576297484161,LT-A,299.6852394551699,284.9277605939098,0.0,14.75747886126014,0,242,294.7814744224911,44.27243658378042,10,upper-middle,192713.4802004682,5,1.4783867503475456,1.4783867503475456,3.9409000000000005,2727.1356790420464,2548.570184820798,44.27243658378042,9.1,30,1.0,299.6852394551699,284.9277605939098,2728.5861529941485,2587.578442474808,0.0,2433.135679042046,2298.842621404579,9.104839991301338,9.081524513726572,201-300,201-300,141.00771051934043,5.1677939640868225,178.56549422124817,14.757478861260097,4.924326232446186,0.0,0.0,0.950756737675538,True,-109.50132731937026,False,False,False,0.4783465812958221,True
DHNC0071,Dhanmondi,Residential,Res-B,597.3547737671756,0.36788192240753104,1.4029410475569473,20.784209143308615,0.2748376150271935,LT-A,136.53075810234316,129.79567664617414,0.0,6.73508145616901,0,241,139.98334158223622,20.205244368507028,10,middle,34131.21836943714,5,1.4443860398529669,1.4443860398529669,1.88,1160.5114438699175,1083.0580071239735,20.205244368507028,8.5,30,1.0,136.53075810234316,129.79567664617414,1118.7450160634125,1058.6344140671042,0.0,986.5114438699168,929.2632514924802,8.194087776358817,8.156160832328528,76-200,76-200,60.11060199630833,5.373038640013137,77.45343674594392,6.735081456169013,4.9330140327210446,0.0,0.0,0.9506698596727896,True,-59.667495217420864,False,False,False,0.42941253806971785,True
DHNC0072,Dhanmondi,Residential,Res-B,597.3547737671756,0.3330476810833455,1.9650288905814168,14.07474209117346,0.4371846900377921,LT-A,153.79687796322426,146.1675916772394,0.0,7.629286285984854,0,280,107.38023681496348,22.887858857954566,10,middle,47198.435917628696,4,0.9944238077557326,0.9944238077557326,2.2252,1307.273462687406,1219.5366703985803,22.887858857954566,8.5,30,1.0,153.79687796322426,146.1675916772394,1288.0684558217765,1219.9770757193614,0.0,1133.2734626874062,1068.4245292565347,8.375127459542956,8.346426603328453,76-200,76-200,68.09138010241509,5.286316871953313,87.73679228882565,7.629286285984875,4.960624940520042,0.0,0.0,0.9503937505947997,True,-16.400997854593825,False,False,False,0.6341146389884523,True
DHNC0073,Dhanmondi,Residential,Res-C,597.3547737671756,0.27669156475197243,3.104490022004411,30.341011769127714,0.3207884787519277,LT-A,73.4460231550191,73.4460231550191,0.0,0.0,0,0,0.0,0.0,0,lower-middle,16316.833378094476,3,0.6633339823234214,0.6633339823234214,1.0647,453.8964230980181,453.8964230980181,0.0,6.18,30,1.0,73.4460231550191,73.4460231550191,523.5445142529189,523.5445142529189,0.0,453.89642309801803,453.89642309801803,7.128289480669332,7.128289480669332,1-75,1-75,0.0,0.0,0.0,0.0,0.0,0.0,0.0,1.0,True,0.0,False,False,False,,False
DHNC0074,Dhanmondi,Residential,Res-C,597.3547737671756,0.25500329342308664,3.0151844437722772,31.598997511809383,0.31561763726110437,LT-A,117.37901300795615,117.37901300795615,0.0,0.0,0,0,0.0,0.0,0,lower-middle,15288.983507680383,4,0.7462881801220801,0.7462881801220801,1.8606,997.7216105676272,997.7216105676272,0.0,8.5,30,1.0,117.37901300795615,117.37901300795615,946.9601510960088,946.9601510960088,0.0,823.7216105676273,823.7216105676273,8.067542287408926,8.067542287408926,76-200,76-200,0.0,0.0,0.0,0.0,0.0,0.0,0.0,1.0,True,0.0,False,False,False,,False
DHNC0075,Dhanmondi,Residential,Res-A,597.3547737671756,0.586994457392021,1.6369474234215833,20.62796938161052,0.40556805424510706,LT-A,424.2818280677285,403.40537130515696,0.0,20.876456762571415,0,268,430.63891089483906,62.62937028771425,10,upper-middle,139977.14360622162,4,2.605297385589501,2.605297385589501,6.2911,6368.470239296605,5992.485253002691,62.62937028771425,15.01,30,1.0,424.2818280677285,403.40537130515696,4228.031261261435,3899.0078644549267,0.0,3762.4702392966046,3449.114623290406,9.965148119863645,9.665235373144084,401-600,401-600,329.0233968065086,7.781952792570986,375.9849862939136,20.876456762571536,4.920422083040287,0.0,0.0,0.9507957791695975,True,-38.98614380061622,False,True,False,0.7640354563474532,True
DHNC0076,Dhanmondi,Residential,Res-C,597.3547737671756,0.1327133031948235,2.7743487325696563,23.382769687855124,0.26298602684805067,LT-A,123.63919120523688,123.63919120523688,0.0,0.0,0,0,0.0,0.0,0,lower-middle,21889.38236982401,3,1.314783036934591,1.314783036934591,2.0303999999999998,1050.9331252445136,1050.9331252445136,0.0,8.5,30,1.0,123.63919120523688,123.63919120523688,1010.3204215067392,1010.3204215067392,0.0,876.9331252445136,876.9331252445136,8.17152240853502,8.17152240853502,76-200,76-200,0.0,0.0,0.0,0.0,0.0,0.0,0.0,1.0,True,0.0,False,False,False,,False
DHNC0077,Dhanmondi,Residential,Res-B,597.3547737671756,0.3221470310977124,1.3845802906183318,24.473522486717076,0.410292560808066,LT-A,191.89553268386084,191.89553268386084,0.0,0.0,0,0,0.0,0.0,0,middle,27843.811143533094,4,0.7408720534525541,0.7408720534525541,1.695,1631.1120278128171,1631.1120278128171,0.0,8.5,30,1.0,191.89553268386084,191.89553268386084,1604.717129203458,1604.717129203458,0.0,1457.1120278128171,1457.1120278128171,8.36245172964582,8.36245172964582,76-200,76-200,0.0,0.0,0.0,0.0,0.0,0.0,0.0,1.0,True,0.0,False,False,False,,False
DHNC0078,Dhanmondi,Residential,Res-A,597.3547737671756,0.5301739904086313,2.398306763569622,25.686399216898955,0.40281165781497297,LT-A,273.0102025259504,259.5995176421259,0.0,13.410684883824455,0,214,344.47220569794706,40.23205465147337,10,upper-middle,115013.71448270917,4,1.8883483512547863,1.8883483512547863,3.8657999999999997,2484.392842986147,2322.1235558918715,40.23205465147337,9.1,30,1.0,273.0102025259504,259.5995176421259,2470.394265135456,2342.255171070513,0.0,2190.3928429861485,2068.3556105433454,9.048725074296952,9.022571352769067,201-300,201-300,128.13909406494304,5.186989618352152,162.26928709427557,13.410684883824501,4.912155208759929,0.0,0.0,0.9508784479124008,True,-176.10105698153066,False,False,False,0.3719867436193175,True
DHNC0079,Dhanmondi,Residential,Res-A,597.3547737671756,0.7559855961338333,1.9879933891445358,13.221746105664202,0.26414028414178736,LT-A,306.173609098205,291.0775203335809,0.0,15.096088764624017,0,322,199.59665283442868,45.28826629387204,10,upper-middle,129571.53251648652,5,1.1191541082594143,1.1191541082594143,3.3612,2945.3901195247317,2754.8774793151765,45.28826629387204,9.62,30,1.0,306.173609098205,291.0775203335809,2768.3885455009686,2620.7746267873654,0.0,2495.390119524732,2354.805435035586,9.041891473451617,9.003699852135277,301-400,201-300,147.6139187136032,5.3321243130230815,190.51264020955523,15.096088764624142,4.9305649853649145,0.0,0.0,0.9506943501463513,True,-6.694467826953456,False,True,False,0.7395610929209986,True
DHNC0080,Dhanmondi,Residential,Res-B,597.3547737671756,0.3835874861090613,1.6180952166118254,19.487705549763938,0.4181810500925293,LT-A,250.52593063203358,238.1959658865029,0.0,12.329964745530663,0,200,240.28272239987157,36.989894236591994,10,middle,46459.29470414681,4,1.2065862998479697,1.2065862998479697,2.3452,2279.7859687515065,2130.593395330585,36.989894236591994,9.1,30,1.0,250.52593063203358,238.1959658865029,2188.498587189081,2070.6857740455353,0.0,1985.7859687515056,1873.5832895671765,8.735617034403894,8.693202533212459,201-300,201-300,117.81281314354555,5.383271153712051,149.1925734209217,12.329964745530674,4.92163214978358,0.0,0.0,0.9507836785021643,True,-85.48001501973403,False,False,False,0.4903091323706782,True
DHNC0081,Dhanmondi,Residential,Res-B,597.3547737671756,0.35618136336895034,1.1554517184882758,23.20823638608728,0.3949818018779935,LT-A,274.73326518153254,270.65958800988574,0.0,4.073677171646776,0,58,94.54286276018583,12.221031514940329,3,middle,34772.93484212256,4,1.278246582089067,1.278246582089067,3.5853,2500.0727131519466,2450.7812193750206,12.221031514940329,9.1,30,1.0,274.73326518153254,270.65958800988574,2474.488078809544,2435.5640934344583,0.0,2206.072713151946,2169.00225088996,9.006874639569048,8.998624845854344,201-300,201-300,38.92398537508552,1.5730116345442866,49.29149377692602,4.073677171646807,1.4827753635713123,0.0,0.0,0.985172246364287,True,-43.397845870159976,False,False,False,0.4117072853380669,True
DHNC0082,Dhanmondi,Residential,Res-A,597.3547737671756,0.49120124132193704,2.6894370637299585,18.39035190504291,0.4739510273566162,LT-A,409.5268214075858,389.44699669625936,0.0,20.079824711326513,0,134,369.2750426328712,60.23947413397953,10,upper-middle,75220.55508087776,5,3.0770120255378766,3.0770120255378766,6.1361,6146.997589327863,5785.359946276871,60.23947413397953,15.01,30,1.0,409.5268214075858,389.44699669625936,3988.6494787942565,3731.9061236289153,0.0,3540.9975893278634,3296.4801082180147,9.739653840217004,9.582577745591228,401-600,301-400,256.7433551653412,6.436849277689678,361.63764305099266,20.079824711326467,4.903176950000502,0.0,0.0,0.9509682304999949,True,-52.29221333355048,False,False,False,0.6952632198883594,True
DHNC0083,Dhanmondi,Residential,Res-B,597.3547737671756,0.26951104732940345,1.523825895347486,23.304458443309,0.45191451505381003,LT-A,146.50897687551065,146.50897687551065,0.0,0.0,0,0,0.0,0.0,0,middle,49012.57213054981,5,0.6314812020861154,0.6314812020861154,1.1500000000000001,1245.3263034418405,1245.3263034418405,0.0,8.5,30,1.0,146.50897687551065,146.50897687551065,1175.6076186139326,1175.6076186139326,0.0,1071.3263034418405,1071.3263034418405,8.024133699417284,8.024133699417284,76-200,76-200,0.0,0.0,0.0,0.0,0.0,0.0,0.0,1.0,True,0.0,False,False,False,,False
DHNC0084,Dhanmondi,Residential,Res-A,597.3547737671756,0.7331690598187465,2.4488969421029436,16.322234016387533,0.431860687729734,LT-A,352.78281064135996,335.45717199628854,0.0,17.325638645071557,0,173,282.79312844822533,51.97691593521467,10,upper-middle,95335.18356135538,6,1.6981349128710093,1.6981349128710093,3.7508,3393.7706383698833,3175.1210786690813,51.97691593521467,9.62,30,1.0,352.78281064135996,335.45717199628854,3256.3694502883773,3081.363174334511,0.0,2943.770638369883,2777.0979946042958,9.230521873694158,9.185563557927457,301-400,301-400,175.0062759538664,5.374275819298337,218.649559700802,17.32563864507142,4.911134591159181,0.0,0.0,0.9508886540884078,True,-55.80993655914426,False,True,False,0.6188491103520823,True
DHNC0085,Dhanmondi,Residential,Res-A,597.3547737671756,0.6736100926775647,1.9868070264811128,19.33159891978047,0.36727078265988844,LT-A,310.9052122174596,295.6940939401406,0.0,15.211118277319052,0,235,294.05523765847386,45.63335483195715,10,upper-middle,180325.8797727904,4,1.6229157285343612,1.6229157285343612,3.6357999999999997,2990.9081415319615,2798.9438288721944,45.63335483195715,9.62,30,1.0,310.9052122174596,295.6940939401406,2828.2923286085593,2676.995847598043,0.0,2540.9081415319615,2396.816254855279,9.096960158488233,9.053261131891142,301-400,201-300,151.29648101051635,5.349393324025667,191.96431265976707,15.21111827731903,4.892525978843919,0.0,0.0,0.9510747402115607,True,-97.12540181600036,False,True,False,0.5145172118520039,True
DHNC0086,Dhanmondi,Residential,Res-A,597.3547737671756,0.6230555433772546,1.5570026983407022,20.061566683706182,0.4581621263660644,LT-A,539.8436450995874,513.4904177200183,0.0,26.353227379569127,0,196,528.6870284060976,79.05968213870739,10,upper-middle,164119.03066891507,6,2.5636619043549516,2.5636619043549516,4.835,8103.053112944807,7628.431487838768,79.05968213870739,15.01,30,1.0,539.8436450995874,513.4904177200183,5985.129268592047,5569.789228476348,0.0,5497.053112944807,5101.491169977475,11.086782854483621,10.84691950671081,401-600,401-600,415.3400401156987,6.939533324622811,474.6216251060396,26.353227379569148,4.881640752612295,0.0,0.0,0.9511835924738771,True,-34.28730615169155,False,True,False,0.785606640223194,True
DHNC0087,Dhanmondi,Residential,Res-B,597.3547737671756,0.21161235627272412,1.361524328097211,21.092606679225057,0.3002456237068272,LT-A,88.55859844515962,88.55859844515962,0.0,0.0,0,0,0.0,0.0,0,middle,50487.08734509231,5,0.8637849199766358,0.8637849199766358,1.9245,752.7480867838568,752.7480867838568,0.0,8.5,30,1.0,88.55859844515962,88.55859844515962,692.5559411230495,692.5559411230495,0.0,578.7480867838567,578.7480867838567,7.820312801719852,7.820312801719852,76-200,76-200,0.0,0.0,0.0,0.0,0.0,0.0,0.0,1.0,True,0.0,False,False,False,,False
DHNC0088,Dhanmondi,Residential,Res-B,597.3547737671756,0.23587258841013198,1.253406232104537,21.221598608521774,0.36573677895293133,LT-A,139.24796596601095,139.24796596601095,0.0,0.0,0,0,0.0,0.0,0,middle,55421.88139955043,5,0.6174283178350306,0.6174283178350306,1.4091,1183.607710711093,1183.607710711093,0.0,8.5,30,1.0,139.24796596601095,139.24796596601095,1122.2294062466478,1122.2294062466478,0.0,1009.6077107110931,1009.6077107110931,8.059215791493665,8.059215791493665,76-200,76-200,0.0,0.0,0.0,0.0,0.0,0.0,0.0,1.0,True,0.0,False,False,False,,False
DHNC0089,Dhanmondi,Residential,Res-A,597.3547737671756,0.6794311585276996,1.7485755286136215,19.495009730592262,0.38001036812254624,LT-A,276.61450220386786,263.0073704417156,0.0,13.607131762152274,0,209,265.27116610860963,40.82139528645682,10,upper-middle,129932.3732876731,6,1.85709812678959,1.85709812678959,3.6508,2517.191970055197,2352.545675733155,40.82139528645682,9.1,30,1.0,276.61450220386786,263.0073704417156,2495.3518485579575,2365.3357045705925,0.0,2223.1919700551975,2099.367071019612,9.021044915131949,8.993419844463137,201-300,201-300,130.016143987365,5.210333126468727,164.6462943220422,13.607131762152278,4.919167886622111,0.0,0.0,0.9508083211337789,True,-94.43362683478779,False,True,False,0.4901254286119158,True
DHNC0090,Dhanmondi,Residential,Res-B,597.3547737671756,0.1882727188565905,1.7819618005134863,22.694593129798683,0.4157784281662945,LT-A,229.82260820529396,229.82260820529396,0.0,0.0,0,0,0.0,0.0,0,middle,37951.39612120647,5,0.9576792143850454,0.9576792143850454,2.1752000000000002,2091.3857346681752,2091.3857346681752,0.0,9.1,30,1.0,229.82260820529396,229.82260820529396,1983.181341401584,1983.181341401584,0.0,1797.385734668175,1797.385734668175,8.629182989821718,8.629182989821718,201-300,201-300,0.0,0.0,0.0,0.0,0.0,0.0,0.0,1.0,True,0.0,False,False,False,,False
DHNC0091,Dhanmondi,Residential,Res-B,597.3547737671756,0.36537588881509103,0.9266405327948963,15.342522876656076,0.3522625580780329,LT-A,258.93270217081755,246.1530414090392,0.0,12.77966076177838,0,215,196.07223759348884,38.33898228533514,10,middle,28375.88590199275,5,1.1266393845116296,1.1266393845116296,3.5502,2356.287589754439,2201.6536945369203,38.33898228533514,9.1,30,1.0,258.93270217081755,246.1530414090392,2321.9657892421615,2199.8561306633696,0.0,2062.2875897544395,1945.9926768222567,8.967448954015719,8.936944748156936,201-300,201-300,122.10965857879182,5.25889137318624,154.63389521751878,12.77966076177836,4.935514384485755,0.0,0.0,0.9506448561551424,True,-35.62359672936188,False,False,False,0.6227789312628665,True
DHNC0092,Dhanmondi,Residential,Res-C,597.3547737671756,0.2797513479855124,3.0538910185974264,29.417064223411064,0.2089996357266461,LT-A,98.60577813484387,98.60577813484387,0.0,0.0,0,0,0.0,0.0,0,lower-middle,22567.968364117936,5,1.175593797826386,1.175593797826386,2.2005000000000003,838.149114146173,838.149114146173,0.0,8.5,30,1.0,98.60577813484387,98.60577813484387,794.3986198534816,794.3986198534816,0.0,664.1491141461729,664.1491141461729,8.056309020422086,8.056309020422086,76-200,76-200,0.0,0.0,0.0,0.0,0.0,0.0,0.0,1.0,True,0.0,False,False,False,,False
DHNC0093,Dhanmondi,Residential,Res-A,597.3547737671756,0.559079773870333,1.4391584748501116,19.926639767636438,0.4510629377070036,LT-A,171.4582587207953,162.9256949732287,0.0,8.532563747566615,0,296,170.02532409215388,25.59769124269984,10,upper-middle,154112.80220261024,4,1.0168275362828154,1.0168275362828154,3.5111,1457.3951991267604,1359.270716029744,25.59769124269984,8.5,30,1.0,171.4582587207953,162.9256949732287,1502.404469083098,1426.2513376360664,0.0,1283.39519912676,1210.868407272444,8.762508614587249,8.753998796018163,76-200,76-200,76.15313144703168,5.0687503275005,98.12448309701631,8.532563747566599,4.976467048729994,0.0,0.0,0.9502353295127,True,-68.27450140242236,False,False,False,0.44789287627386976,True
DHNC0094,Dhanmondi,Residential,Res-B,597.3547737671756,0.3218232321193188,0.7652534770998968,16.9947477693154,0.37235028111843205,LT-A,161.62611818797333,153.60064958027303,0.0,8.025468607700313,0,259,136.39081471842564,24.076405823100938,10,middle,27333.352298509282,4,0.9657980823887327,0.9657980823887327,2.4001,1373.8220045977732,1281.5291156092196,24.076405823100938,8.5,30,1.0,161.62611818797333,153.60064958027303,1365.657514827662,1294.030207503937,0.0,1199.8220045977732,1131.6055214323208,8.449485331568653,8.42464020197822,76-200,76-200,71.62730732372506,5.244895337669197,92.29288898855361,8.025468607700304,4.965452797899023,0.0,0.0,0.9503454720210097,True,-40.68710157159964,False,False,False,0.5251622513700596,True
DHNC0095,Dhanmondi,Residential,Res-A,597.3547737671756,0.6200072548994119,1.823127168363572,19.549965101920588,0.39891607412699753,LT-A,325.6271144175251,309.59929389786777,0.0,16.027820519657407,0,201,313.343331819149,48.08346155897223,10,upper-middle,181525.43008280644,6,1.541534604039834,1.541534604039834,4.4207,3132.5328406965914,2930.2617457385154,48.08346155897223,9.62,30,1.0,325.6271144175251,309.59929389786777,3011.612352731421,2849.715337662362,0.0,2682.5328406965914,2528.345207297488,9.248653503927429,9.204527897284033,301-400,301-400,161.8970150690593,5.37575876663624,202.271094958076,16.027820519657325,4.922139407317954,0.0,0.0,0.9507786059268202,True,-103.36285519111746,False,True,False,0.5166761141178543,True
DHNC0096,Dhanmondi,Residential,Res-B,597.3547737671756,0.3602043962834787,1.3467678119957975,21.20941154353606,0.4481222050650018,LT-A,143.68775835431532,136.55333464524224,0.0,7.134423709073035,0,278,151.316928571691,21.40327112721911,10,middle,58503.74792024447,4,0.7859930622080519,0.7859930622080519,1.9500000000000002,1221.3459460116796,1139.3000733573401,21.40327112721911,8.5,30,1.0,143.68775835431532,136.55333464524224,1185.7082433122641,1122.033511708787,0.0,1047.34594601168,986.7033444845591,8.25197815661138,8.21681517059811,76-200,76-200,63.674731603477085,5.370185453514463,82.04587265433952,7.134423709073076,4.96522723354102,0.0,0.0,0.9503477276645901,True,-66.2389258409948,False,False,False,0.42080375411075865,True
DHNC0097,Dhanmondi,Residential,Res-A,597.3547737671756,0.4878372937826064,2.7119790640448502,19.071561812167655,0.4709007288421273,LT-A,388.7135700900934,369.6561018823111,0.0,19.057468207782346,0,162,363.45568290814094,57.17240462334705,10,upper-middle,71772.06258148629,6,1.8877619490143358,1.8877619490143358,4.625699999999999,3739.424544266699,3498.9192954844852,57.17240462334705,9.62,30,1.0,388.7135700900934,369.6561018823111,3657.8891414800337,3465.389655113224,0.0,3289.424544266699,3106.0917001078324,9.41024297307715,9.374631278821726,301-400,301-400,192.49948636680983,5.262583936289601,240.50524878221358,19.057468207782335,4.90270205986514,0.0,0.0,0.9509729794013486,True,-113.78379191798405,False,False,False,0.5296367491809497,True
DHNC0098,Dhanmondi,Residential,Res-A,597.3547737671756,0.6171879925586085,1.86908245954529,19.522170341322564,0.3240799482193965,LT-A,375.3941728735684,356.9853766061038,0.0,18.408796267464464,0,255,359.3796565121443,55.22638880239339,10,upper-middle,156153.7893329358,4,1.6515744590922738,1.6515744590922738,4.3896999999999995,3611.2919430437273,3378.972934148326,55.22638880239339,9.62,30,1.0,375.3941728735684,356.9853766061038,3512.942310195914,3326.9950590982544,0.0,3161.2919430437278,2984.1993229507184,9.358009697660018,9.319695643357536,301-400,301-400,185.94725109765977,5.2932053725439525,232.3190088954011,18.408796267464595,4.903857757447029,0.0,0.0,0.9509614224255301,True,-118.20601661209116,False,True,False,0.5174117336031684,True
DHNC0099,Dhanmondi,Residential,Res-A,597.3547737671756,0.6470900631171688,2.0195213745570406,17.363084943226003,0.30305133565418113,LT-A,377.74136314827007,359.16637532153896,0.0,18.574987826731057,0,306,322.5190914549203,55.72496348019318,10,upper-middle,79930.86904805066,6,2.0760980991822704,2.0760980991822704,4.2951999999999995,3633.8719134863577,3399.4555671130124,55.72496348019318,9.62,30,1.0,377.74136314827007,359.16637532153896,3532.483829160676,3344.857877122865,0.0,3183.871913486358,3005.180530593205,9.351593904674175,9.31283691054995,301-400,301-400,187.6259520378112,5.311445461942609,234.41634637334528,18.574987826731103,4.917382537066796,0.0,0.0,0.9508261746293322,True,-79.16817593691587,False,True,False,0.5817514590885433,True
DHNC0100,Dhanmondi,Residential,Res-B,597.3547737671756,0.35988056870341334,1.7517758842397146,23.870853211884896,0.38021399345249357,LT-A,312.6194029235564,307.9872001034879,0.0,4.632202820068409,0,75,110.57463356553225,13.896608460205227,3,middle,55701.915655791425,4,1.3826132404676084,1.3826132404676084,3.2853000000000003,3007.398656124612,2948.9402565353485,13.896608460205227,9.62,30,1.0,312.6194029235564,307.9872001034879,2830.150318930843,2783.3604382453314,0.0,2557.3986561246124,2512.8368649955537,9.053021957254805,9.037260111167232,301-400,301-400,46.789880685511434,1.6532648592032184,58.458399589263536,4.632202820068471,1.4817387458196785,0.0,0.0,0.9851826125418034,True,-49.88814441981559,False,False,False,0.42315203023287734,True
DHNC0101,Dhanmondi,Residential,Res-B,597.3547737671756,0.2838378233362614,1.8446021907381414,20.21462780848373,0.3775159030050212,LT-A,125.84105324269851,125.84105324269851,0.0,0.0,0,0,0.0,0.0,0,middle,58343.4708719024,4,0.6799512318739235,0.6799512318739235,2.1500000000000004,1069.6489525629372,1069.6489525629372,0.0,8.5,30,1.0,125.84105324269851,125.84105324269851,1035.2464001910844,1035.2464001910844,0.0,895.6489525629373,895.6489525629373,8.226619004805183,8.226619004805183,76-200,76-200,0.0,0.0,0.0,0.0,0.0,0.0,0.0,1.0,True,0.0,False,False,False,,False
DHNC0102,Dhanmondi,Residential,Res-B,597.3547737671756,0.43763179735255564,1.3596382252684036,17.351705164294355,0.39938801021533243,LT-A,227.9174838633324,216.69607408615744,0.0,11.22140977717494,0,231,194.7105939812696,33.66422933152482,10,middle,28329.887947583044,5,1.0130939955126856,1.0130939955126856,2.7853000000000003,2074.0491031563242,1938.2700448525075,33.66422933152482,9.1,30,1.0,227.9174838633324,216.69607408615744,1991.883288314141,1884.6627178932345,0.0,1780.0491031563247,1677.9342741840328,8.739493147039772,8.697262863857425,201-300,201-300,107.2205704209066,5.382874139762187,135.77905830381678,11.221409777174955,4.923452815890035,0.0,0.0,0.9507654718410997,True,-53.82579422883816,False,False,False,0.5506663414072929,True
DHNC0103,Dhanmondi,Residential,Res-B,597.3547737671756,0.34399121704786173,1.7158226186616217,19.892222407599437,0.4033162206172016,LT-A,182.7025392819645,173.64524497894553,0.0,9.057294303018955,0,275,180.16971268673637,27.171882909056862,10,middle,57259.13851682858,5,0.8367026554190634,0.8367026554190634,1.7103,1552.9715838966986,1448.8126994119802,27.171882909056862,8.5,30,1.0,182.7025392819645,173.64524497894553,1523.3443930915332,1442.5080414370889,0.0,1378.9715838966983,1301.9845823210371,8.337839195220809,8.307213028562877,76-200,76-200,80.83635165444434,5.306505345806404,104.15888448471833,9.057294303018978,4.957399245032315,0.0,0.0,0.950426007549677,True,-72.16147812323517,False,False,False,0.4486678168544102,True
DHNC0104,Dhanmondi,Residential,Res-A,597.3547737671756,0.5021083113826268,1.8103028159051269,14.292280005757455,0.3478539691340587,LT-A,319.6251644563124,303.88791019728984,0.0,15.737254259022599,0,253,224.92124439175004,47.21176277706779,10,upper-middle,96400.63855611792,5,1.430351739471404,1.430351739471404,4.4597999999999995,3074.794082069724,2876.189933320859,47.21176277706779,9.62,30,1.0,319.6251644563124,303.88791019728984,2952.7109661732115,2793.748960902825,0.0,2624.7940820697254,2473.4016960979284,9.238042853089558,9.193353427877632,301-400,301-400,158.96200527038673,5.3835951805471,198.6041487488651,15.737254259022563,4.923659338835817,0.0,0.0,0.9507634066116417,True,-18.747476344295507,False,False,False,0.7067451796306056,True
DHNC0105,Dhanmondi,Residential,Res-B,597.3547737671756,0.3304087616294176,1.5670779724363568,22.347756279299084,0.3772570758877692,LT-A,187.5986226071353,187.5986226071353,0.0,0.0,0,0,0.0,0.0,0,middle,35841.58937921624,5,1.1254614668133551,1.1254614668133551,1.3551,1594.5882921606499,1594.5882921606499,0.0,8.5,30,1.0,187.5986226071353,187.5986226071353,1551.3776167686824,1551.3776167686824,0.0,1420.5882921606499,1420.5882921606499,8.269664218257837,8.269664218257837,76-200,76-200,0.0,0.0,0.0,0.0,0.0,0.0,0.0,1.0,True,0.0,False,False,False,,False
DHNC0106,Dhanmondi,Residential,Res-C,597.3547737671756,0.15393130858359566,4.0329806284459035,30.330459799894996,0.29074990478531276,LT-A,113.68956414820126,113.68956414820126,0.0,0.0,0,0,0.0,0.0,0,lower-middle,12879.522623318326,4,0.6812977102039717,0.6812977102039717,2.0794,966.3612952597106,966.3612952597106,0.0,8.5,30,1.0,113.68956414820126,113.68956414820126,923.6809000226962,923.6809000226962,0.0,792.3612952597107,792.3612952597107,8.12458827635773,8.12458827635773,76-200,76-200,0.0,0.0,0.0,0.0,0.0,0.0,0.0,1.0,True,0.0,False,False,False,,False
DHNC0107,Dhanmondi,Residential,Res-A,597.3547737671756,0.557484310602678,1.6381212734416744,21.377176898680318,0.3393327594558448,LT-A,449.009329793266,427.016408345701,0.0,21.992921447564978,0,189,470.146572303377,65.97876434269493,10,upper-middle,64271.16672555324,5,2.8753624723808864,2.8753624723808864,6.124899999999999,6739.630040196923,6343.537524926274,65.97876434269493,15.01,30,1.0,449.009329793266,427.016408345701,4610.419632206767,4263.800193732421,0.0,4133.630040196922,3803.516289268972,10.267981813049428,9.985096849675534,401-600,401-600,346.6194384743467,7.518175483484961,396.0925152706486,21.99292144756498,4.898098989990034,0.0,0.0,0.9510190101000997,True,-57.54836948633539,False,True,False,0.7372582485843999,True
DHNC0108,Dhanmondi,Residential,Res-C,597.3547737671756,0.19741231039466128,3.99773353758389,29.614292231630586,0.3510915771272179,LT-A,69.55073368864824,69.55073368864824,0.0,0.0,0,0,0.0,0.0,0,lower-middle,23602.939218343476,4,0.6783694919701949,0.6783694919701949,1.6555,429.823534195846,429.823534195846,0.0,6.18,30,1.0,69.55073368864824,69.55073368864824,524.3222609056384,524.3222609056384,0.0,429.8235341958461,429.8235341958461,7.538702082609603,7.538702082609603,1-75,1-75,0.0,0.0,0.0,0.0,0.0,0.0,0.0,1.0,True,0.0,False,False,False,,False
DHNC0109,Dhanmondi,Residential,Res-A,597.3547737671756,0.6129149615948626,2.5315376903989684,24.58211003653971,0.3437703767417473,LT-A,320.82976655817487,305.0571385851134,0.0,15.772627973061477,0,284,387.7244763992014,47.317883919184425,10,upper-middle,78043.99174262353,4,1.4504629464167051,1.4504629464167051,4.3096,3086.382354289641,2887.3317892696064,47.317883919184425,9.62,30,1.0,320.82976655817487,305.0571385851134,2958.254832004124,2798.9355168482307,0.0,2636.382354289642,2484.649673188791,9.220637049173911,9.175118896840058,301-400,301-400,159.3193151558935,5.385584549116064,199.0505650200348,15.772627973061446,4.916198438277221,0.0,0.0,0.9508380156172277,True,-181.0872773241235,False,False,False,0.4109085829078745,True
DHNC0110,Dhanmondi,Residential,Res-B,597.3547737671756,0.2571048194034073,1.2349953177464772,20.63678170823202,0.34458614989381275,LT-A,212.33231444808825,212.33231444808825,0.0,0.0,0,0,0.0,0.0,0,middle,52961.88037280864,5,1.1822873022027829,1.1822873022027829,3.27,1932.224061477603,1932.224061477603,0.0,9.1,30,1.0,212.33231444808825,212.33231444808825,1864.3422645514831,1864.3422645514831,0.0,1638.224061477603,1638.224061477603,8.780303974915151,8.780303974915151,201-300,201-300,0.0,0.0,0.0,0.0,0.0,0.0,0.0,1.0,True,0.0,False,False,False,,False
DHNC0111,Dhanmondi,Residential,Res-B,597.3547737671756,0.430488709856657,1.5158841865796902,22.19913960444847,0.4524799655460593,LT-A,172.34652583608207,163.79176043352382,0.0,8.55476540255824,0,283,189.90843145469614,25.664296207674717,10,middle,51205.31236870124,4,0.9404599829223522,0.9404599829223522,2.6851,1464.9454696066975,1366.5656674772779,25.664296207674717,8.5,30,1.0,172.34652583608207,163.79176043352382,1473.9056530870325,1397.5543718692002,0.0,1290.9454696066975,1218.2299636849525,8.551989347837837,8.532507179666151,76-200,76-200,76.35128121783237,5.180201396060722,98.37980212941966,8.554765402558246,4.963700521990586,0.0,0.0,0.9503629947800941,True,-87.89285402918907,False,False,False,0.40204260881406123,True
DHNC0112,Dhanmondi,Residential,Res-B,597.3547737671756,0.16698648147232786,1.3511995224705382,23.00698741016478,0.4748293862600975,LT-A,174.34417141018622,174.34417141018622,0.0,0.0,0,0,0.0,0.0,0,middle,26349.872728267077,4,1.1537196491849602,1.1537196491849602,3.5002,1481.9254569865832,1481.9254569865832,0.0,8.5,30,1.0,174.34417141018622,174.34417141018622,1527.680549835912,1527.680549835912,0.0,1307.925456986583,1307.925456986583,8.762441195935821,8.762441195935821,76-200,76-200,0.0,0.0,0.0,0.0,0.0,0.0,0.0,1.0,True,0.0,False,False,False,,False
DHNC0113,Dhanmondi,Residential,Res-A,597.3547737671756,0.6447319702863745,2.603107947370416,21.208381228990326,0.4323949456730005,LT-A,491.31541311088574,467.2559228648357,0.0,24.059490246049926,0,218,510.26284131340105,72.17847073814978,10,upper-middle,99300.82040415319,5,3.0068384590450066,3.0068384590450066,6.130199999999999,7374.644350794397,6941.332931463041,72.17847073814978,15.01,30,1.0,491.31541311088574,467.2559228648357,5277.418388334115,4898.228792311243,0.0,4768.644350794395,4407.511402201184,10.741406126298436,10.482967796917933,401-600,401-600,379.18959602287214,7.185134247856521,433.31141933135586,24.059490246050018,4.896954095885445,0.0,0.0,0.9510304590411457,True,-58.89477455237915,False,True,False,0.7431260231429936,True
DHNC0114,Dhanmondi,Residential,Res-B,597.3547737671756,0.29956352265588493,1.522699838024442,21.4037922857379,0.4169815294527727,LT-A,154.7281126268614,154.7281126268614,0.0,0.0,0,0,0.0,0.0,0,middle,57235.23012462056,5,0.696458307991284,0.696458307991284,2.1653000000000002,1315.1889573283215,1315.1889573283215,0.0,8.5,30,1.0,154.7281126268614,154.7281126268614,1293.7381351947379,1293.7381351947379,0.0,1141.1889573283217,1141.1889573283217,8.361364416786275,8.361364416786275,76-200,76-200,0.0,0.0,0.0,0.0,0.0,0.0,0.0,1.0,True,0.0,False,False,False,,False
DHNC0115,Dhanmondi,Residential,Res-C,597.3547737671756,0.22901995291017696,2.637214272916025,27.487891435327487,0.2993469436230885,LT-A,276.27879879111384,276.27879879111384,0.0,0.0,0,0,0.0,0.0,0,lower-middle,21228.989157116936,4,0.9819170001913283,0.9819170001913283,2.9053999999999998,2514.1370689991363,2514.1370689991363,0.0,9.1,30,1.0,276.27879879111384,276.27879879111384,2459.2720624490926,2459.2720624490926,0.0,2220.137068999136,2220.137068999136,8.901414343807376,8.901414343807376,201-300,201-300,0.0,0.0,0.0,0.0,0.0,0.0,0.0,1.0,True,0.0,False,False,False,,False
DHNC0116,Dhanmondi,Residential,Res-C,597.3547737671756,0.24010005367935383,2.433398541464079,30.5398638846975,0.2449282520739063,LT-A,194.0721989559309,194.0721989559309,0.0,0.0,0,0,0.0,0.0,0,lower-middle,11795.02671914664,4,0.699770504499517,0.699770504499517,1.1857,1649.6136911254132,1649.6136911254132,0.0,8.5,30,1.0,194.0721989559309,194.0721989559309,1601.6837456816831,1601.6837456816831,0.0,1475.6136911254125,1475.6136911254125,8.253030337670296,8.253030337670296,76-200,76-200,0.0,0.0,0.0,0.0,0.0,0.0,0.0,1.0,True,0.0,False,False,False,,False
DHNC0117,Dhanmondi,Residential,Res-A,597.3547737671756,0.452317747486829,1.8548671686669864,20.487121623211667,0.421523848380875,LT-A,467.1984284849003,444.25235102166255,0.0,22.946077463237724,0,223,470.09907976498755,68.83823238971317,10,upper-middle,77981.71386030191,4,2.638256655005639,2.638256655005639,5.395600000000001,7012.648411558354,6599.389556445443,68.83823238971317,15.01,30,1.0,467.1984284849003,444.25235102166255,4864.926792136272,4503.285138276912,0.0,4406.6484115583535,4062.2277888351546,10.412977646164116,10.136772777725433,401-600,401-600,361.6416538593594,7.433650480494824,413.2588551129111,22.94607746323777,4.911420087103179,0.0,0.0,0.9508857991289683,True,-39.61919351591496,False,False,False,0.7692881552547427,True
DHNC0118,Dhanmondi,Residential,Res-A,597.3547737671756,0.4161240097152156,2.9075472504567674,18.416406136013766,0.3864285210042961,LT-A,341.36000661012395,324.6143886602666,0.0,16.74561794985728,0,167,308.3941011630939,50.23685384957184,10,upper-middle,79320.61611333897,6,2.1252071206320147,2.1252071206320147,4.0762,3283.883263589392,3072.5535650621932,50.23685384957184,9.62,30,1.0,341.36000661012395,324.6143886602666,3155.337846768862,2986.190359857353,0.0,2833.8832635893923,2672.790418911765,9.243431525863118,9.199192839793144,301-400,301-400,169.14748691150908,5.360677528864935,211.32969852719862,16.74561794985732,4.9055594169187255,0.0,0.0,0.9509444058308129,True,-89.009760402013,False,False,False,0.5484783472627305,True
DHNC0119,Dhanmondi,Residential,Res-A,597.3547737671756,0.5929811574274501,1.702838077506243,21.287890860045955,0.4668097643736977,LT-A,402.81525057410425,382.9855001691786,0.0,19.82975040492573,0,204,422.133562402011,59.48925121477719,10,upper-middle,172149.11517222284,4,2.6918850538047177,2.6918850538047177,4.631200000000001,6046.256911117304,5689.123106324591,59.48925121477719,15.01,30,1.0,402.81525057410425,382.9855001691786,3816.50567667317,3600.2724572088728,0.0,3440.2569111173048,3234.3205116274976,9.474580893433833,9.400545074470188,401-600,301-400,216.23321946429724,5.665738185218336,357.1338047927129,19.829750404925676,4.922790380121837,0.0,0.0,0.9507720961987816,True,-146.4110917229366,False,False,False,0.5122388711143786,True
DHNC0120,Dhanmondi,Residential,Res-A,597.3547737671756,0.6693120389377587,2.4156871392877686,19.214057546425,0.4070760016499477,LT-A,208.23913787743916,197.8933972114503,0.0,10.345740665988915,0,245,198.78365651670032,31.037221997966743,10,upper-middle,86962.46928898283,5,0.8757192936260122,0.8757192936260122,2.4095999999999997,1894.9761546846964,1769.7926926262305,31.037221997966743,9.1,30,1.0,208.23913787743916,197.8933972114503,1787.288322418931,1689.7619301121936,0.0,1600.9761546846964,1508.0938762973274,8.58286458845625,8.538748406581108,201-300,76-200,97.52639230673753,5.45666813145987,125.18346205846592,10.34574066598887,4.968201833450703,0.0,0.0,0.9503179816654928,True,-70.22004221199603,False,True,False,0.4906157478723312,True
DHNC0121,Dhanmondi,Residential,Res-B,597.3547737671756,0.3958161204649836,1.848921678733609,16.51732695526949,0.43794952641429774,LT-A,201.26326844563383,191.27893446602803,0.0,9.984333979605772,0,269,164.91450877175555,29.953001938817323,10,middle,55536.216113784445,5,0.980790266136546,0.980790266136546,3.0803000000000003,1831.4957428552675,1710.685301702038,29.953001938817323,9.1,30,1.0,201.26326844563383,191.27893446602803,1750.211759998031,1660.3057201093,0.0,1537.4957428552677,1451.8709429612381,8.696131060153217,8.680023886290403,201-300,76-200,89.90603988873113,5.1368664034592175,120.81044115322948,9.984333979605793,4.960832672904151,0.0,0.0,0.9503916732709586,True,-45.0554669442071,False,False,False,0.5451675571684393,True
DHNC0122,Dhanmondi,Residential,Res-A,597.3547737671756,0.6239782536225481,2.203838436259529,17.04372823726525,0.36643698001391417,LT-A,774.3666950791597,736.6127092044205,0.0,37.753985874739186,0,227,643.4686751226058,113.26195762421756,10,upper-middle,70682.44995396018,6,4.309447436951095,4.309447436951095,5.244599999999999,13435.262159623426,12666.968547072485,113.26195762421756,17.35,30,1.0,774.3666950791597,736.6127092044205,10127.812127604593,9440.028889931531,0.0,9425.262159623422,8770.230504696696,13.078832279285043,12.815457528729372,601-above,601-above,687.7832376730621,6.791034717147098,768.2936125509405,37.753985874739215,4.875466121496846,0.0,0.0,0.9512453387850316,True,157.57652017467387,True,True,True,1.0688682514995973,True
DHNC0123,Dhanmondi,Residential,Res-B,597.3547737671756,0.22875012203564316,1.8549766699505468,20.51698252864201,0.3655789187545959,LT-A,161.09481302468106,161.09481302468106,0.0,0.0,0,0,0.0,0.0,0,middle,30132.385914562532,5,1.4084606705359426,1.4084606705359426,3.3604,1369.3059107097886,1369.3059107097886,0.0,8.5,30,1.0,161.09481302468106,161.09481302468106,1403.2648462452785,1403.2648462452785,0.0,1195.305910709789,1195.305910709789,8.710800924610073,8.710800924610073,76-200,76-200,0.0,0.0,0.0,0.0,0.0,0.0,0.0,1.0,True,0.0,False,False,False,,False
DHNC0124,Dhanmondi,Residential,Res-A,597.3547737671756,0.5702043216646395,2.2111492521452227,20.587233383993745,0.466278451071593,LT-A,541.5601708204397,514.9142814241166,0.0,26.645889396323113,0,174,548.5651437261881,79.93766818896935,10,upper-middle,116793.82222525164,5,3.1673615288603747,3.1673615288603747,6.1598999999999995,8128.818164014798,7648.925695987019,79.93766818896935,15.01,30,1.0,541.5601708204397,514.9142814241166,6070.610662215539,5650.658122384789,0.0,5522.8181640148,5122.86336417599,11.209485093814845,10.973978244993642,401-600,401-600,419.95253983075054,6.917797289234886,479.8924680277787,26.645889396323128,4.920208470271325,0.0,0.0,0.9507979152972867,True,-48.674935706468204,False,True,False,0.765547254749322,True
DHNC0125,Dhanmondi,Residential,Res-B,597.3547737671756,0.41405614001254704,1.436540351688341,18.80449150062013,0.39199597299222144,LT-A,151.38680043394024,143.89187672631036,0.0,7.494923707629904,0,290,140.93822915792288,22.484771122889715,10,middle,56069.69557721629,4,0.8681061253983784,0.8681061253983784,2.9351,1286.7878036884922,1200.596181050748,22.484771122889715,8.5,30,1.0,151.38680043394024,143.89187672631036,1297.8651038729167,1230.97290978232,0.0,1112.787803688492,1049.080952173638,8.57317216661342,8.554846442955865,76-200,76-200,66.89219409059683,5.154017462291422,86.1916226377441,7.49492370762988,4.950843591479692,0.0,0.0,0.950491564085203,True,-51.561263944436334,False,False,False,0.4746206511197425,True
DHNC0126,Dhanmondi,Residential,Res-B,597.3547737671756,0.41140734744983,1.4338049915316722,18.509266069495663,0.47950604528756563,LT-A,145.76305529479862,141.67987569196782,0.0,4.083179602830755,0,210,75.57665767833207,12.249538808492266,10,middle,44014.58397167955,5,1.4788227158229676,1.4788227158229676,3.2744999999999997,1238.9859700057882,1192.0294045732348,12.249538808492266,8.5,30,1.0,145.76305529479862,141.67987569196782,1262.6407185060775,1226.1983405508129,0.0,1064.9859700057882,1030.2789433817265,8.662282194568773,8.654710731231457,76-200,76-200,36.44237795526465,2.8862032897515206,46.95656543255336,4.083179602830796,2.801244522881855,0.0,0.0,0.9719875547711817,True,-26.884740914575154,False,False,False,0.4821909181320243,True
DHNC0127,Dhanmondi,Residential,Res-A,597.3547737671756,0.645659020407348,1.1850026127045972,14.818037789135468,0.4343907672402399,LT-A,421.67282805492425,401.07047502216886,0.0,20.60235303275534,0,149,305.2864457844783,61.807059098266016,10,upper-middle,193475.89984484648,6,2.358010065497659,2.358010065497659,4.4948999999999995,6329.309149104414,5958.26077098449,61.807059098266016,15.01,30,1.0,421.67282805492425,401.07047502216886,4107.699696559634,3782.9963115868923,0.0,3723.309149104413,3414.0678300827544,9.74143796627226,9.432248313411227,401-600,401-600,324.70338497274133,7.9047498346749565,371.04837811992456,20.60235303275539,4.885862133395958,0.0,0.0,0.9511413786660405,True,81.22399828652902,True,True,True,1.0636023624906386,True
DHNC0128,Dhanmondi,Residential,Res-C,597.3547737671756,0.16227986621095042,3.2347334831624597,31.475182094804932,0.32831804290700506,LT-A,40.70580839446334,40.70580839446334,0.0,0.0,0,0,0.0,0.0,0,lower-middle,12683.130690239224,4,0.5372044126176874,0.5372044126176874,1.1804,216.55490065854485,216.55490065854485,0.0,5.32,30,1.0,40.70580839446334,40.70580839446334,279.43828569147223,279.43828569147223,0.0,216.55490065854497,216.55490065854497,6.864825849508996,6.864825849508996,lifeline 0-50,lifeline 0-50,0.0,0.0,0.0,0.0,0.0,0.0,0.0,1.0,True,0.0,False,False,False,,False
DHNC0129,Dhanmondi,Residential,Res-A,597.3547737671756,0.35121625022901065,2.0187778236759084,22.052901256339783,0.3794330004399687,LT-A,368.01852512194097,351.7150563279353,0.0,16.303468794005713,0,219,359.538787450025,48.910406382017136,9,upper-middle,127110.07724594354,5,1.360999615608951,1.360999615608951,3.9957000000000003,3540.3382116730722,3334.5884354927207,48.910406382017136,9.62,30,1.0,368.01852512194097,351.7150563279353,3421.065492256725,3256.3841539684745,0.0,3090.338211673072,2933.4988418747375,9.295905664322667,9.258586163374982,301-400,301-400,164.68133828825057,4.8137440999300365,205.74977618035155,16.303468794005653,4.430067423536244,0.0,0.0,0.9556993257646375,True,-145.94704277975728,False,False,False,0.45803497157074013,True
DHNC0130,Dhanmondi,Residential,Res-A,597.3547737671756,0.6051349260522151,1.1927483365818308,18.68758025735684,0.39615446959569034,LT-A,291.6511099615775,277.32489571066554,0.0,14.326214250911912,0,205,267.72227859800563,42.97864275273574,10,upper-middle,117043.0415260297,5,1.2133883557043317,1.2133883557043317,3.6712000000000002,2654.0251006503554,2480.6779082143207,42.97864275273574,9.1,30,1.0,291.6511099615775,277.32489571066554,2639.926275682873,2503.039298515409,0.0,2360.0251006503554,2229.6565509670563,9.05165859314117,9.025656683656855,201-300,201-300,136.886977167464,5.185257574363711,173.34719243603467,14.32621425091196,4.912106884420674,0.0,0.0,0.9508789311557935,True,-87.85665867780588,False,True,False,0.5113021519326174,True
DHNC0131,Dhanmondi,Residential,Res-C,597.3547737671756,0.24408045691363653,3.061510023470542,30.789086251012765,0.2564978801446237,LT-A,92.34181344449863,92.34181344449863,0.0,0.0,0,0,0.0,0.0,0,lower-middle,10855.34010447135,4,0.5898951703101828,0.5898951703101828,2.1605,784.9054142782385,784.9054142782385,0.0,8.5,30,1.0,92.34181344449863,92.34181344449863,736.7287349921503,736.7287349921503,0.0,610.9054142782384,610.9054142782384,7.978278826362401,7.978278826362401,76-200,76-200,0.0,0.0,0.0,0.0,0.0,0.0,0.0,1.0,True,0.0,False,False,False,,False
DHNC0132,Dhanmondi,Residential,Res-A,597.3547737671756,0.5276488814373492,1.3891837278710417,22.25116427635159,0.4030942051735977,LT-A,267.4003681184043,254.15531181135532,0.0,13.245056307048998,0,319,294.717923737674,39.73516892114699,10,upper-middle,199670.40133154308,6,0.915791085474901,0.915791085474901,2.8842000000000003,2433.343349877479,2273.078168562186,39.73516892114699,9.1,30,1.0,267.4003681184043,254.15531181135532,2373.5037373713526,2246.9472243574996,0.0,2139.343349877479,2018.8133374833333,8.876217164818451,8.840843059086948,201-300,201-300,126.55651301385296,5.332054507485793,160.26518131529292,13.24505630704897,4.953267791009206,0.0,0.0,0.9504673220899078,True,-128.42624180267407,False,False,False,0.42941573219856105,True
DHNC0133,Dhanmondi,Residential,Res-B,597.3547737671756,0.3139515290792878,1.8400260204212102,19.5057887952798,0.40540945869736483,LT-A,133.54810465178795,128.99667666633732,0.0,4.551427985450622,0,290,88.77919300112563,13.654283956351865,10,middle,50477.705370387834,5,0.6885241749247835,0.6885241749247835,3.4,1135.1588895401976,1082.8174677075153,13.654283956351865,8.5,30,1.0,133.54810465178795,128.99667666633732,1159.1568340172075,1118.5353392470606,0.0,961.1588895401976,922.4717516638673,8.679695133372217,8.67103996903938,76-200,76-200,40.62149477014691,3.504400231103144,52.34142183268227,4.55142798545063,3.4080813032262642,0.0,0.0,0.9659191869677374,True,-34.50341427462686,False,False,False,0.4575564768834052,True
DHNC0134,Dhanmondi,Residential,Res-B,597.3547737671756,0.3582040537323322,1.4656104498572111,26.21101875825832,0.31168782349906043,LT-A,115.35518579447488,115.35518579447488,0.0,0.0,0,0,0.0,0.0,0,middle,44273.66948967376,4,0.728351248386059,0.728351248386059,1.1901000000000002,980.5190792530365,980.5190792530365,0.0,8.5,30,1.0,115.35518579447488,115.35518579447488,899.3284432156883,899.3284432156883,0.0,806.5190792530365,806.5190792530365,7.796168304197409,7.796168304197409,76-200,76-200,0.0,0.0,0.0,0.0,0.0,0.0,0.0,1.0,True,0.0,False,False,False,,False
DHNC0135,Dhanmondi,Residential,Res-C,597.3547737671756,0.18259931476100183,3.508521985019845,28.883654160057354,0.21538046807133604,LT-A,295.40846620307053,295.40846620307053,0.0,0.0,0,0,0.0,0.0,0,lower-middle,12016.518148096231,4,1.2232286083000776,1.2232286083000776,2.1455,2688.2170424479427,2688.2170424479427,0.0,9.1,30,1.0,295.40846620307053,295.40846620307053,2608.544444570339,2608.544444570339,0.0,2394.217042447942,2394.217042447942,8.83029683643923,8.83029683643923,201-300,201-300,0.0,0.0,0.0,0.0,0.0,0.0,0.0,1.0,True,0.0,False,False,False,,False
DHNC0136,Dhanmondi,Residential,Res-B,597.3547737671756,0.38046397072847193,1.975237097298614,20.316459074652148,0.30551655242849357,LT-A,116.77221535066711,112.72714595252505,0.0,4.045069398142045,0,230,82.18148688148065,12.135208194426134,10,middle,42216.70883679408,4,0.8027958701016208,0.8027958701016208,2.0695,992.5638304806705,946.0455324020369,12.135208194426134,8.5,30,1.0,116.77221535066711,112.72714595252505,950.756972004704,914.654727626286,0.0,818.5638304806705,784.1807405964629,8.141979401089374,8.11388170877219,76-200,76-200,36.10224437841805,3.797210584982113,46.51829807863362,4.045069398142061,3.464068388181823,0.0,0.0,0.9653593161181819,True,-33.94403430863647,False,False,False,0.43929899236896847,True
DHNC0137,Dhanmondi,Residential,Res-A,597.3547737671756,0.4426322184329279,2.2429414507506262,19.995416366935615,0.4160937605132725,LT-A,229.1168175173366,217.73857718104313,0.0,11.378240336293532,0,281,227.51265304725075,34.134721008880604,10,upper-middle,166337.5309832687,6,1.6506936583080898,1.6506936583080898,3.5197,2084.963039407763,1947.2863313386117,34.134721008880604,9.1,30,1.0,229.1168175173366,217.73857718104313,2035.729961378151,1927.0108749648668,0.0,1790.963039407763,1687.4210523474924,8.885118008520319,8.850112368294823,201-300,201-300,108.71908641328423,5.340545577060891,137.67670806915135,11.378240336293487,4.966130578970935,0.0,0.0,0.9503386942102905,True,-84.65884562508592,False,False,False,0.47785951663402654,True
DHNC0138,Dhanmondi,Residential,Res-B,597.3547737671756,0.28540239578523013,1.0646311953541094,20.182606577519802,0.47300406365270453,LT-A,142.7903953391316,142.08050897196028,0.0,0.7098863671712988,0,21,14.327357263363094,2.1296591015138966,1,middle,40651.31900756202,4,0.9926962791241454,0.9926962791241454,1.5950000000000002,1213.7183603826188,1205.554667160149,2.1296591015138966,8.5,30,1.0,142.7903953391316,142.08050897196028,1162.0437784017497,1155.7080425747454,0.0,1039.7183603826188,1033.6843262616624,8.138108838776304,8.13417724174134,76-200,76-200,6.335735827004328,0.5452235057545219,8.163693222469874,0.7098863671713218,0.4971527430016002,0.0,0.0,0.9950284725699842,True,-5.86196233484487,False,False,False,0.4422124548541568,True
DHNC0139,Dhanmondi,Residential,Res-C,597.3547737671756,0.22382332739651156,2.330494277519323,34.376064211421664,0.3836028079326256,LT-A,140.01108368504399,140.01108368504399,0.0,0.0,0,0,0.0,0.0,0,lower-middle,14946.549838235462,5,1.2207766548256243,1.2207766548256243,2.6005,1190.0942113228737,1190.0942113228737,0.0,8.5,30,1.0,140.01108368504399,140.01108368504399,1181.5809718890175,1181.5809718890175,0.0,1016.0942113228739,1016.0942113228739,8.43919596070689,8.43919596070689,76-200,76-200,0.0,0.0,0.0,0.0,0.0,0.0,0.0,1.0,True,0.0,False,False,False,,False
DHNC0140,Dhanmondi,Residential,Res-B,597.3547737671756,0.4018824595556023,1.8634108840162094,15.813734465224497,0.4193672889328731,LT-A,200.59952118619543,193.48937876310657,0.0,7.110142423088866,0,340,112.4379042886552,21.330427269266593,10,middle,45456.46366414768,4,1.1192668364678084,1.1192668364678084,3.3505,1825.4556427943787,1739.422919475003,21.330427269266593,9.1,30,1.0,200.59952118619543,193.48937876310657,1755.7854749340975,1691.949755460726,0.0,1531.4556427943785,1470.6597194864057,8.752690258439783,8.744406366264778,201-300,76-200,63.835719473371455,3.635735708302718,86.03272331937569,7.11014242308886,3.544446358119301,0.0,0.0,0.964555536418807,True,-27.271757546017156,False,False,False,0.5677419894761625,True
DHNC0141,Dhanmondi,Residential,Res-A,597.3547737671756,0.6088898224691233,2.2283803579028647,17.670244894482693,0.35632299383632754,LT-A,458.2905911169027,435.8782288403498,0.0,22.412362276552937,0,219,396.031930090556,67.23708682965881,10,upper-middle,70174.81340823162,5,2.227857710348002,2.227857710348002,5.2602,6878.941772664711,6475.2951280639945,67.23708682965881,15.01,30,1.0,458.2905911169027,435.8782288403498,4718.563681297945,4365.333645638332,0.0,4272.94177266471,3936.5322148936502,10.296008193836808,10.01503024652611,401-600,401-600,353.23003565961244,7.485965211397736,403.6466446007162,22.412362276552926,4.8904260115686915,0.0,0.0,0.9510957398843131,True,24.43519239871523,True,True,True,0.8919231224079418,True
DHNC0142,Dhanmondi,Residential,Res-B,597.3547737671756,0.26652176687619006,1.7915009806486129,19.534737983460815,0.43871806627031984,LT-A,182.87998459457563,182.87998459457563,0.0,0.0,0,0,0.0,0.0,0,middle,33061.08590087226,4,1.1544578227660356,1.1544578227660356,3.0093,1554.479869053893,1554.479869053893,0.0,8.5,30,1.0,182.87998459457563,182.87998459457563,1582.2139925065874,1582.2139925065874,0.0,1380.4798690538928,1380.4798690538928,8.65165204390288,8.65165204390288,76-200,76-200,0.0,0.0,0.0,0.0,0.0,0.0,0.0,1.0,True,0.0,False,False,False,,False
DHNC0143,Dhanmondi,Residential,Res-C,597.3547737671756,0.3112628688198376,3.2920784238183085,22.751183166487603,0.3659745079914144,LT-A,81.94383717146094,81.94383717146094,0.0,0.0,0,0,0.0,0.0,0,lower-middle,11995.91351094237,4,0.5614341776240442,0.5614341776240442,1.3555000000000001,696.5226159574179,696.5226159574179,0.0,8.5,30,1.0,81.94383717146094,81.94383717146094,608.426296755289,608.426296755289,0.0,522.522615957418,522.522615957418,7.424918306939977,7.424918306939977,76-200,76-200,0.0,0.0,0.0,0.0,0.0,0.0,0.0,1.0,True,0.0,False,False,False,,False
DHNC0144,Dhanmondi,Residential,Res-A,597.3547737671756,0.6065253730617778,2.2523247459122304,18.249456829128974,0.4303080673705305,LT-A,246.03424934100113,233.88713415768518,0.0,12.147115183315957,0,207,221.6782541363816,36.44134554994787,10,upper-middle,134930.99992835874,5,1.081796149672319,1.081796149672319,4.4108,2238.9116690031105,2091.931575284988,36.44134554994787,9.1,30,1.0,246.03424934100113,233.88713415768518,2236.673532453266,2120.607846876682,0.0,1944.9116690031103,1834.372920834935,9.090903150452268,9.06679990976751,201-300,201-300,116.0656855765842,5.189209953643931,146.9800937181226,12.147115183315947,4.937164324012532,0.0,0.0,0.9506283567598747,True,-69.17122300984954,False,True,False,0.5235772269533389,True
DHNC0145,Dhanmondi,Residential,Res-B,597.3547737671756,0.3125034082147129,1.647736992587228,16.025294852254472,0.35153536236565264,LT-A,276.6241913219139,270.9509398041672,0.0,5.6732515177465945,0,230,90.91552834288936,17.019754553239782,10,middle,31459.562443619987,4,1.4238470909785188,1.4238470909785188,3.4603,2517.280141029415,2448.633797664682,17.019754553239782,9.1,30,1.0,276.6241913219139,270.9509398041672,2487.0433780808876,2432.835459828818,0.0,2223.2801410294164,2171.6535522179215,8.990693714081782,8.978878100910729,201-300,201-300,54.2079182520697,2.179612898183502,68.64634336473318,5.673251517746678,2.0508877009764435,0.0,0.0,0.9794911229902359,True,-19.68785553757988,False,False,False,0.5962448796164246,True
DHNC0146,Dhanmondi,Residential,Res-C,597.3547737671756,0.19737309389563926,2.6030978909432863,29.659219542562127,0.28417363309577537,LT-A,41.18644797174788,41.18644797174788,0.0,0.0,0,0,0.0,0.0,0,lower-middle,23389.768064950345,5,0.16882759939953645,0.16882759939953645,0.18449999999999997,219.11190320969874,219.11190320969874,0.0,5.32,30,1.0,41.18644797174788,41.18644797174788,252.11749837018368,252.11749837018368,0.0,219.11190320969874,219.11190320969874,6.121370275560674,6.121370275560674,lifeline 0-50,lifeline 0-50,0.0,0.0,0.0,0.0,0.0,0.0,0.0,1.0,True,0.0,False,False,False,,False
DHNC0147,Dhanmondi,Residential,Res-A,597.3547737671756,0.49518829491185457,1.542102778650558,19.192653210862858,0.4059737239951341,LT-A,321.4607804578542,305.6349536329254,0.0,15.825826824928946,0,207,303.7396060260321,47.477480474786844,10,upper-middle,79048.09692468209,5,1.6166045452996751,1.6166045452996751,5.3601,3092.452708004559,2892.730773473955,47.477480474786844,9.62,30,1.0,321.4607804578542,305.6349536329254,3010.9557534047854,2851.099076646179,0.0,2642.4527080045573,2490.208253948742,9.366479323282622,9.328445725060671,301-400,301-400,159.85667675860623,5.309167249563215,199.7219345306039,15.82582682492881,4.923097244518664,0.0,0.0,0.950769027554813,True,-96.40544879263905,False,False,False,0.5262951343424922,True
DHNC0148,Dhanmondi,Residential,Res-B,597.3547737671756,0.40918796720865547,1.9024943608927443,16.891189329737724,0.3716199752578359,LT-A,195.00369110682632,185.33729834196845,0.0,9.6663927648578,0,325,163.27687032682005,28.9991782945734,10,middle,58115.81179844599,4,0.8453655058433606,0.8453655058433606,2.7004,1657.5313744080233,1546.3678576121586,28.9991782945734,8.5,30,1.0,195.00369110682632,185.33729834196845,1676.795583128425,1590.5230277020685,0.0,1483.5313744080238,1401.3670359067319,8.59878894399926,8.581775184654802,76-200,76-200,86.27255542635658,5.1450848448322155,111.16351679586478,9.666392764857875,4.9570306643900715,0.0,0.0,0.9504296933560996,True,-48.00513660589007,False,False,False,0.52838197629383,True
DHNC0149,Dhanmondi,Residential,Res-A,597.3547737671756,0.5396076492738332,1.3128248443899624,22.757152077173938,0.3571229000447335,LT-A,430.83250778286373,409.72932349104116,0.0,21.103184291822657,0,253,480.2483742416364,63.30955287546797,10,upper-middle,115837.25944743413,6,2.9583157319067195,2.9583157319067195,6.1049999999999995,6466.795941820785,6086.72759272506,63.30955287546797,15.01,30,1.0,430.83250778286373,409.72932349104116,4323.066238911824,3990.469502880554,0.0,3860.7959418207847,3544.0371456005278,10.034215526490904,9.739282189715686,401-600,401-600,332.5967360312702,7.693537819003889,380.06834909572444,21.103184291822572,4.898233979702018,0.0,0.0,0.9510176602029796,True,-84.34208533489823,False,False,False,0.692551508490739,True
DHNC0150,Dhanmondi,Residential,Res-A,597.3547737671756,0.5605663207416891,1.7732139806178404,22.943637602189742,0.49110428308766557,LT-A,320.272319299007,304.4943574034666,0.0,15.777961895540404,0,189,362.00383983243773,47.3338856866212,10,upper-middle,150942.08383172465,5,1.5288066960492408,1.5288066960492408,2.8696999999999995,3081.019711656448,2881.901832534728,47.3338856866212,9.62,30,1.0,320.272319299007,304.4943574034666,2889.1244672392695,2729.751274132416,0.0,2631.0197116564473,2479.2357182213486,9.020837247386266,8.964866532864487,301-400,301-400,159.3731931068537,5.516314541448063,199.1178791217203,15.777961895540386,4.926420719116235,0.0,0.0,0.9507357928088376,True,-155.2967610389628,False,False,False,0.4402527696408509,True
DHNC0151,Dhanmondi,Residential,Res-A,597.3547737671756,0.5978021759555344,1.7720737173452736,20.99496096849947,0.38178548622700903,LT-A,444.5688377726652,422.7776655263233,0.0,21.791172246341716,0,207,457.5048107697932,65.37351673902515,10,upper-middle,127209.47928057211,4,2.1560452760811186,2.1560452760811186,4.531199999999999,6672.978254967701,6280.519242811089,65.37351673902515,15.01,30,1.0,444.5688377726652,422.7776655263233,4470.153087716089,4126.7133175276185,0.0,4066.9782549677043,3739.8927595501127,10.055030195350643,9.760953934002643,401-600,401-600,343.4397701884709,7.682953210981475,392.4590121566125,21.791172246341887,4.901641859451477,0.0,0.0,0.9509835814054857,True,-48.69152384229716,False,True,False,0.7506801286102378,True
DHNC0152,Dhanmondi,Residential,Res-C,597.3547737671756,0.26984488059976824,4.034408274759668,33.1032838944287,0.2997743069533413,LT-A,67.20627665050526,67.20627665050526,0.0,0.0,0,0,0.0,0.0,0,lower-middle,22224.829500437707,5,0.8674896319499349,0.8674896319499349,0.9456,415.3347897001224,415.3347897001224,0.0,6.18,30,1.0,67.20627665050526,67.20627665050526,477.8024891851286,477.8024891851286,0.0,415.3347897001225,415.3347897001225,7.109492044468683,7.109492044468683,1-75,1-75,0.0,0.0,0.0,0.0,0.0,0.0,0.0,1.0,True,0.0,False,False,False,,False
DHNC0153,Dhanmondi,Residential,Res-C,597.3547737671756,0.20180371131682417,3.2750628221636133,30.84181303024937,0.308125762072875,LT-A,45.246899873122096,45.246899873122096,0.0,0.0,0,0,0.0,0.0,0,lower-middle,12013.797017809451,4,0.49312282140590263,0.49312282140590263,1.1295,240.7135073250096,240.7135073250096,0.0,5.32,30,1.0,45.246899873122096,45.246899873122096,302.5601326912601,302.5601326912601,0.0,240.71350732500957,240.71350732500957,6.6868698969360585,6.6868698969360585,lifeline 0-50,lifeline 0-50,0.0,0.0,0.0,0.0,0.0,0.0,0.0,1.0,True,0.0,False,False,False,,False
DHNC0154,Dhanmondi,Residential,Res-C,597.3547737671756,0.24037137470215791,3.2851265664787643,27.295174314761667,0.3186717335902451,LT-A,153.86444099116545,153.86444099116545,0.0,0.0,0,0,0.0,0.0,0,lower-middle,10588.159136947655,4,0.6875231662527604,0.6875231662527604,1.0497,1307.8477484249065,1307.8477484249065,0.0,8.5,30,1.0,153.86444099116545,153.86444099116545,1236.8319058461518,1236.8319058461518,0.0,1133.8477484249063,1133.8477484249063,8.038451885820505,8.038451885820505,76-200,76-200,0.0,0.0,0.0,0.0,0.0,0.0,0.0,1.0,True,0.0,False,False,False,,False
DHNC0155,Dhanmondi,Residential,Res-B,597.3547737671756,0.4559772438988185,1.641028113337226,16.44046621754149,0.3851228167814672,LT-A,219.3618826517549,213.64309157585328,0.0,5.718791075901653,0,310,94.0195914885389,17.15637322770496,10,middle,30955.723415962086,4,0.7443248021868961,0.7443248021868961,1.4500000000000002,1996.1931321309696,1926.9957601125598,17.15637322770496,9.1,30,1.0,219.3618826517549,213.64309157585328,1851.2477887375182,1796.604740007278,0.0,1702.1931321309696,1650.1521333402648,8.43924097641176,8.40937437646749,201-300,201-300,54.64304873024025,2.9516874544117493,69.19737201840985,5.718791075901635,2.6070122150530715,0.0,0.0,0.9739298778494692,True,-22.22016953059368,False,False,False,0.5811878978106527,True
DHNC0156,Dhanmondi,Residential,Res-B,597.3547737671756,0.26887214950561944,1.8249952942968952,20.815633395100633,0.47513807440757183,LT-A,95.23959968379535,95.23959968379535,0.0,0.0,0,0,0.0,0.0,0,middle,41901.58429061521,4,0.8644688300963509,0.8644688300963509,3.2104000000000004,809.5365973122605,809.5365973122605,0.0,8.5,30,1.0,95.23959968379535,95.23959968379535,808.8920671778735,808.8920671778735,0.0,635.5365973122605,635.5365973122605,8.493232540492329,8.493232540492329,76-200,76-200,0.0,0.0,0.0,0.0,0.0,0.0,0.0,1.0,True,0.0,False,False,False,,False
DHNC0157,Dhanmondi,Residential,Res-B,597.3547737671756,0.4815690479379899,1.9484105407164771,21.25782955592494,0.3657223113983215,LT-A,199.53514267074084,189.66731810053304,0.0,9.867824570207812,0,224,209.7685328012459,29.603473710623437,10,middle,49862.31474200881,5,0.9259105048448533,0.9259105048448533,3.7403,1696.0487127012968,1582.5687301439075,29.603473710623437,8.5,30,1.0,199.53514267074084,189.66731810053304,1763.0983783363617,1675.0280440472573,0.0,1522.048712701297,1438.1722038545308,8.836029356721916,8.83140047965148,76-200,76-200,88.0703342891045,4.99520250096348,113.47998255738935,9.867824570207802,4.945406828155082,0.0,0.0,0.9505459317184491,True,-92.09472480151797,False,False,False,0.4198453081261262,True
DHNC0158,Dhanmondi,Residential,Res-A,597.3547737671756,0.6526978462334457,2.120443514784503,21.280756465248757,0.40285917864703485,LT-A,363.14754051208837,345.30618389532975,0.0,17.841356616758645,0,213,379.67756517089526,53.52406985027594,10,upper-middle,176484.38687158463,5,2.324365353044163,2.324365353044163,3.4508,3493.479339726291,3268.321419222797,53.52406985027594,9.62,30,1.0,363.14754051208837,345.30618389532975,3347.8335867126043,3167.6180435267256,0.0,3043.47933972629,2871.8454890730723,9.218935042191653,9.173360314007303,301-400,301-400,180.2155431858787,5.383049620541051,225.1579205034941,17.841356616758617,4.912977406262984,0.0,0.0,0.95087022593737,True,-145.93795213474064,False,True,False,0.4746541795398486,True
DHNC0159,Dhanmondi,Residential,Res-B,597.3547737671756,0.2550088501330883,1.46479925853654,19.37217605978993,0.46555464241697087,LT-A,245.39837034503063,245.39837034503063,0.0,0.0,0,0,0.0,0.0,0,middle,28667.42908371985,4,1.0624375682733445,1.0624375682733445,2.0151,2233.125170139778,2233.125170139778,0.0,9.1,30,1.0,245.39837034503063,245.39837034503063,2124.9473386467675,2124.9473386467675,0.0,1939.1251701397787,1939.1251701397787,8.659174613340289,8.659174613340289,201-300,201-300,0.0,0.0,0.0,0.0,0.0,0.0,0.0,1.0,True,0.0,False,False,False,,False
DHNC0160,Dhanmondi,Residential,Res-A,597.3547737671756,0.6021525847570287,1.9058545380816994,24.755994199590276,0.41980712611363086,LT-A,480.6523330655176,457.0892073987775,0.0,23.563125666740223,0,145,583.3286023300377,70.68937700022066,10,upper-middle,117223.41703964541,5,3.105748483976048,3.105748483976048,6.0607,7214.59151931342,6790.219626055429,70.68937700022066,15.01,30,1.0,480.6523330655176,457.0892073987775,5106.297965279089,4734.931323208432,0.0,4608.591519313419,4254.90900305565,10.623682886780143,10.358877975164145,401-600,401-600,371.3666420706568,7.272717820147016,424.37189325799045,23.56312566674012,4.902322124696362,0.0,0.0,0.9509767787530362,True,-141.27258325916029,False,True,False,0.6366336925487217,True
DHNC0161,Dhanmondi,Residential,Res-A,597.3547737671756,0.6500823110581533,1.7594897228145405,13.019921379441838,0.35409351320800403,LT-A,245.2795361666398,238.85495848580575,0.0,6.424577680834078,0,270,83.64749630057649,19.273733042502236,10,upper-middle,183233.91761301667,5,1.2904224827297242,1.2904224827297242,3.5752,2232.043779116423,2154.306389178331,19.273733042502236,9.1,30,1.0,245.2795361666398,238.85495848580575,2192.6122880722432,2131.2254483318743,0.0,1938.043779116422,1879.5801222208324,8.939238561600224,8.922676179060879,201-300,201-300,61.38683974036894,2.799712474216798,77.73738993809229,6.424577680834034,2.6192880911472605,0.0,0.0,0.9738071190885272,True,-2.986923517705307,False,True,False,0.7338753992084025,True
DHNC0162,Dhanmondi,Residential,Res-B,597.3547737671756,0.39562024028313764,1.7758874718913007,21.088216461684308,0.4034305649029983,LT-A,248.65636493228286,236.38470457220257,0.0,12.271660360080343,0,254,258.7874300176451,36.81498108024103,10,middle,50742.67573239722,4,1.1102497760801993,1.1102497760801993,2.8150999999999997,2262.7729208837745,2114.2858305268023,36.81498108024103,9.1,30,1.0,248.65636493228286,236.38470457220257,2191.3574769279626,2074.1017621873953,0.0,1968.772920883774,1857.1008116070434,8.812794627335359,8.774263825322382,201-300,201-300,117.25571474056733,5.350825503146419,148.4870903569722,12.27166036008029,4.935188513441938,0.0,0.0,0.9506481148655804,True,-104.71673419683671,False,False,False,0.4530966389386548,True
DHNC0163,Dhanmondi,Residential,Res-A,597.3547737671756,0.5049334583726315,2.6893518104502148,20.6980335715682,0.3933724772832,LT-A,340.73497998049345,323.9401540850026,0.0,16.794825895490778,0,223,347.6198702135111,50.384477686472344,10,upper-middle,60315.6499277848,6,1.3626364427430746,1.3626364427430746,3.9558,3277.8705074123454,3065.919804611251,50.384477686472344,9.62,30,1.0,340.73497998049345,323.9401540850026,3143.714812782964,2974.0702764126113,0.0,2827.870507412347,2666.304282297725,9.226275544010589,9.180925053311572,301-400,301-400,169.64453637035285,5.396308077327649,211.9507028010944,16.794825895490874,4.928999627937334,0.0,0.0,0.950710003720627,True,-127.5908561566859,False,False,False,0.48801737445605664,True
DHNC0164,Dhanmondi,Residential,Res-A,597.3547737671756,0.7406513183741963,2.389622745228639,20.22200935199739,0.3624957517971772,LT-A,562.9184885460242,535.5279219423387,0.0,27.390566603685393,0,149,553.8922940162334,82.17169981105619,10,upper-middle,112409.89724414435,4,3.123549905833586,3.123549905833586,4.3759,8449.406513075823,7956.102408543449,82.17169981105619,15.01,30,1.0,562.9184885460242,535.5279219423387,6328.5540287296135,5896.865003772229,0.0,5843.406513075823,5432.274108354504,11.2423986021063,11.011311945014056,401-600,401-600,431.6890249573844,6.821290029249242,493.30410453237346,27.390566603685443,4.865813996344871,0.0,0.0,0.9513418600365514,True,-40.031569247792845,False,True,False,0.7793735887301088,True
DHNC0165,Dhanmondi,Residential,Res-B,597.3547737671756,0.2849052141893808,1.0913564944962277,17.849611629468374,0.4104760526573604,LT-A,160.1638698695981,152.21242058636807,0.0,7.951449283230061,0,335,141.93028159707126,23.854347849690182,10,middle,27817.085715624868,5,0.856104329999187,0.856104329999187,0.9104000000000001,1361.3928938915847,1269.9512271344388,23.854347849690182,8.5,30,1.0,160.1638698695981,152.21242058636807,1286.9111785861628,1215.944493733335,0.0,1187.3928938915838,1119.8055749841287,8.034965561421172,7.988470908281669,76-200,76-200,70.96668485282771,5.514497506408619,91.44166675714587,7.951449283230033,4.964571154345814,0.0,0.0,0.9503542884565417,True,-47.10924889455336,False,False,False,0.5000108789630705,True
DHNC0166,Dhanmondi,Residential,Res-B,597.3547737671756,0.2941040742871551,2.105858664566605,22.138117240529624,0.4277214857653215,LT-A,214.16075611934482,214.16075611934482,0.0,0.0,0,0,0.0,0.0,0,middle,46621.18764263855,4,1.081108964756739,1.081108964756739,3.0052,1948.8628806860384,1948.8628806860384,0.0,9.1,30,1.0,214.16075611934482,214.16075611934482,1870.1353447203398,1870.1353447203398,0.0,1654.862880686038,1654.862880686038,8.732390465030738,8.732390465030738,201-300,201-300,0.0,0.0,0.0,0.0,0.0,0.0,0.0,1.0,True,0.0,False,False,False,,False
DHNC0167,Dhanmondi,Residential,Res-A,597.3547737671756,0.6776672187453736,2.3879356089678265,21.198795043489724,0.45088796953381155,LT-A,480.8684776675046,457.3172374898666,0.0,23.55124017763788,0,149,499.25791354574596,70.65372053291364,10,upper-middle,64471.532924041625,6,2.6226779461370295,2.6226779461370295,5.5408,7217.835849789242,6793.678014189985,70.65372053291364,15.01,30,1.0,480.8684776675046,457.3172374898666,5086.7769222787065,4715.597601459042,0.0,4611.835849789244,4258.331734722898,10.578312279799606,10.31143638350945,401-600,401-600,371.1793208196641,7.296945128338519,424.15783559925694,23.551240177637965,4.897646918316491,0.0,0.0,0.9510235308168352,True,-57.4248721931682,False,True,False,0.7434620678990073,True
DHNC0168,Dhanmondi,Residential,Res-C,597.3547737671756,0.21444653867106891,3.000780284007591,32.755549761242996,0.34230538132313115,LT-A,88.11674674271877,88.11674674271877,0.0,0.0,0,0,0.0,0.0,0,lower-middle,14727.353646780603,5,0.1970740994190237,0.1970740994190237,0.2895,748.9923473131097,748.9923473131097,0.0,8.5,30,1.0,88.11674674271877,88.11674674271877,625.791964678765,625.791964678765,0.0,574.9923473131096,574.9923473131096,7.1018505313857965,7.1018505313857965,76-200,76-200,0.0,0.0,0.0,0.0,0.0,0.0,0.0,1.0,True,0.0,False,False,False,,False
DHNC0169,Dhanmondi,Residential,Res-A,597.3547737671756,0.6770819405915616,2.2379500482238224,21.543764303355694,0.3096033500134145,LT-A,408.60854383871293,388.598406985958,0.0,20.010136852754904,0,232,431.09367203364343,60.03041055826471,10,upper-middle,143599.90987984807,6,2.2480006346288075,2.2480006346288075,5.1189,6133.21424301908,5772.831678300964,60.03041055826471,15.01,30,1.0,408.60854383871293,388.598406985958,3929.3184451700354,3678.4759989651616,0.0,3527.214243019081,3288.3166752049156,9.61633941438343,9.466008951236086,401-600,301-400,250.8424462048738,6.383866558670302,360.38256471811565,20.010136852754954,4.897141079030743,0.0,0.0,0.9510285892096927,True,-120.22081527050494,False,True,False,0.5818745726921678,True
DHNC0170,Dhanmondi,Residential,Res-A,597.3547737671756,0.5583362248293069,1.3921107454813,21.706379678890432,0.3539338502678929,LT-A,198.36510262610145,188.51410512674758,0.0,9.850997499353873,0,249,213.82949193677536,29.552992498061617,10,upper-middle,115462.22810377824,4,1.4887619775362513,1.4887619775362513,3.1011,1686.1033723218627,1572.8169010792928,29.552992498061617,8.5,30,1.0,198.36510262610145,188.51410512674758,1724.4670509379555,1636.5468982562224,0.0,1512.1033723218623,1428.3698935773546,8.693399333391847,8.681296803525068,76-200,76-200,87.92015268173304,5.098395625124433,113.28647124256986,9.850997499353866,4.966094020036387,0.0,0.0,0.9503390597996361,True,-96.3563467569807,False,False,False,0.4111694410597444,True
DHNC0171,Dhanmondi,Residential,Res-A,597.3547737671756,0.5682930476215415,2.122059295573791,24.96575083020658,0.40159814303214303,LT-A,391.44162509371256,372.18025347626394,0.0,19.26137161744854,0,222,480.8746044492333,57.78411485234562,10,upper-middle,157540.10829092073,5,1.5018078016414391,1.5018078016414391,4.391,3765.6684334015144,3522.5899235893144,57.78411485234562,9.62,30,1.0,391.44162509371256,372.18025347626394,3675.0949550715904,3480.535840363742,0.0,3315.668433401515,3130.374038441659,9.388615618463568,9.351747729371986,301-400,301-400,194.5591147078485,5.2939887835920825,243.07850981220008,19.261371617448617,4.920624272607027,0.0,0.0,0.9507937572739299,True,-228.53137488903917,False,False,False,0.40459428072872666,True
DHNC0172,Dhanmondi,Residential,Res-B,597.3547737671756,0.3421006814184893,1.3214229628585188,16.881221266909378,0.3660783259765816,LT-A,195.65225707438245,187.50976904188425,0.0,8.142488032498164,0,340,137.4551421397631,24.42746409749449,10,middle,51370.35420241056,4,1.1502755382389827,1.1502755382389827,3.4252,1663.0441851322503,1569.4055727585214,24.42746409749449,8.5,30,1.0,195.65225707438245,187.50976904188425,1714.5477143888634,1641.876008698817,0.0,1489.0441851322507,1419.8330368560162,8.763240148755514,8.756215833917802,76-200,76-200,72.67170569004634,4.238535042225382,93.63861237372885,8.142488032498193,4.161714336575534,0.0,0.0,0.9583828566342448,True,-40.35597235222227,False,False,False,0.5286939765131117,True
DHNC0173,Dhanmondi,Residential,Res-B,597.3547737671756,0.2512079061374616,2.1945723523164173,18.198152633996628,0.3644342281680544,LT-A,186.67736281449746,184.1570236126905,0.0,2.5203392018069772,0,93,45.8655174839286,7.561017605420932,3,middle,29015.0491817229,5,1.352832332002189,1.352832332002189,3.4603,1586.7575839232284,1557.773683102448,7.561017605420932,8.5,30,1.0,186.67736281449746,184.1570236126905,1635.9946931193897,1613.5006657432625,0.0,1412.7575839232284,1391.3347007078692,8.76375511445964,8.761548346571312,76-200,76-200,22.49402737612718,1.3749450087296606,28.983900820780264,2.520339201806962,1.350104353205075,0.0,0.0,0.9864989564679492,True,-15.810472502380488,False,False,False,0.4904343962544224,True
DHNC0174,Dhanmondi,Residential,Res-B,597.3547737671756,0.2732280258618284,1.4359966557187553,18.00957000415341,0.3506301875340158,LT-A,129.56457345591136,123.79966714555705,0.0,5.764906310354324,0,255,103.82348376371196,17.294718931062974,9,middle,25068.316550649124,4,0.28309112789184326,0.28309112789184326,0.4145,1101.2988743752467,1035.0024518061718,17.294718931062974,8.5,30,1.0,129.56457345591136,123.79966714555705,995.7138180940088,944.2620292740966,0.0,927.2988743752466,878.2971707372349,7.685077730239535,7.627338998931908,76-200,76-200,51.45178881991228,5.167326985418469,66.29642256907482,5.764906310354306,4.449446447115427,0.0,0.0,0.9555055355288455,True,-35.07697601273671,False,False,False,0.49556985524594327,True
DHNC0175,Dhanmondi,Residential,Res-A,597.3547737671756,0.6394057187816466,2.1935544596943926,18.907009987104693,0.40083182947450985,LT-A,350.44495861986434,333.25243067702166,0.0,17.192527942842787,0,187,325.0592975189051,51.57758382852836,10,upper-middle,186064.45614912937,5,2.0222656437542774,2.0222656437542774,5.3257,3371.2805019230955,3154.3107992844198,51.57758382852836,9.62,30,1.0,350.44495861986434,333.25243067702166,3302.2078970192497,3128.546172268596,0.0,2921.280501923095,2755.8883831129483,9.422900275193372,9.387917039082874,301-400,301-400,173.66172475065378,5.258957950751985,216.9697026386757,17.192527942842673,4.905913901729658,0.0,0.0,0.9509408609827031,True,-99.81998893972298,False,True,False,0.5342462931414961,True
DHNC0176,Dhanmondi,Residential,Res-B,597.3547737671756,0.3532600872529154,1.4412970982982565,16.49979177055076,0.42522691662214157,LT-A,164.82714776086524,156.64618864891946,0.0,8.18095911194577,0,285,134.98412183049507,24.542877335837307,10,middle,28857.599862192437,4,1.0477177173297025,1.0477177173297025,2.3352999999999997,1401.0307559673547,1306.9497261799784,24.542877335837307,8.5,30,1.0,164.82714776086524,156.64618864891946,1391.3690237657224,1318.3539636916062,0.0,1227.0307559673547,1157.4926035158155,8.441382640342418,8.416125378232751,76-200,76-200,73.01506007411626,5.247713498501062,94.08102978737634,8.180959111945782,4.963356596945361,0.0,0.0,0.9503664340305464,True,-37.4261844205415,False,False,False,0.5409159172499132,True
DHNC0177,Dhanmondi,Residential,Res-B,597.3547737671756,0.47541626776928436,1.4329237348584436,23.276329883391497,0.4290658721705346,LT-A,137.50287259780438,130.65442951054683,0.0,6.84844308725756,0,280,159.40662048663904,20.54532926177268,10,middle,32448.63988102806,4,1.0077413877766288,1.0077413877766288,3.2653000000000003,1168.774417081337,1090.017321577875,20.54532926177268,8.5,30,1.0,137.50287259780438,130.65442951054683,1188.512867935404,1127.3905133816306,0.0,994.7744170813372,936.5626508396481,8.643549370868794,8.628796724343925,76-200,76-200,61.12235455377345,5.14275917432435,78.7570955034621,6.84844308725755,4.98058182921693,0.0,0.0,0.9501941817078307,True,-77.73893667109292,False,False,False,0.3834367378668349,True
DHNC0178,Dhanmondi,Residential,Res-C,597.3547737671756,0.21976540770322892,3.943079033686634,33.47710977935631,0.4177045662050843,LT-A,110.50175643627949,110.50175643627949,0.0,0.0,0,0,0.0,0.0,0,lower-middle,17512.542736004933,5,0.7556820742584218,0.7556820742584218,1.7857,939.264929708376,939.264929708376,0.0,8.5,30,1.0,110.50175643627949,110.50175643627949,882.2775461937945,882.2775461937945,0.0,765.2649297083757,765.2649297083757,7.984285269732859,7.984285269732859,76-200,76-200,0.0,0.0,0.0,0.0,0.0,0.0,0.0,1.0,True,0.0,False,False,False,,False
DHNC0179,Dhanmondi,Residential,Res-A,597.3547737671756,0.5119691663512222,2.2315486460968836,20.396027473219906,0.3541748035130683,LT-A,314.8356808863034,299.37689339453794,0.0,15.458787491765534,0,320,315.29785438471805,46.376362475296595,10,upper-middle,135085.50856606936,6,1.6313604004480429,1.6313604004480429,3.2597,3028.7192501262393,2833.629351980159,46.376362475296595,9.62,30,1.0,314.8356808863034,299.37689339453794,2851.407982632551,2695.59898638481,0.0,2578.719250126239,2430.3297298902953,9.05681330211832,9.004031526348887,301-400,201-300,155.8089962477411,5.464282810343088,195.0898981460805,15.458787491765463,4.910112935181605,0.0,0.0,0.9508988706481837,True,-113.11249566168036,False,False,False,0.4941644672837739,True
DHNC0180,Dhanmondi,Residential,Res-B,597.3547737671756,0.1882437980913956,1.4653823685409062,17.345931153401406,0.41282223685614505,LT-A,120.82145582857991,120.82145582857991,0.0,0.0,0,0,0.0,0.0,0,middle,27261.705246860292,5,0.6677148991074134,0.6677148991074134,2.9405,1026.9823745429294,1026.9823745429294,0.0,8.5,30,1.0,120.82145582857991,120.82145582857991,1025.3075432700757,1025.3075432700757,0.0,852.9823745429293,852.9823745429293,8.48613796480627,8.48613796480627,76-200,76-200,0.0,0.0,0.0,0.0,0.0,0.0,0.0,1.0,True,0.0,False,False,False,,False
DHNC0181,Dhanmondi,Residential,Res-B,597.3547737671756,0.36992056864598466,1.7486257100618186,23.21693724325289,0.3879546053496831,LT-A,200.7730212435238,194.79521101087462,0.0,5.977810232649148,0,222,138.78644502349022,17.93343069794744,6,middle,48624.323927768026,4,0.9606548943759903,0.9606548943759903,3.4053999999999998,1827.0344933160666,1754.702989501012,17.93343069794744,9.1,30,1.0,200.7730212435238,194.79521101087462,1759.8643579818697,1706.0253982720562,0.0,1533.0344933160666,1481.7592935924345,8.765442423896564,8.758045895578078,201-300,76-200,53.83895970981348,3.0592675773917875,72.33150381505448,5.977810232649176,2.9773971600489615,0.0,0.0,0.9702260283995106,True,-67.0140546157293,False,False,False,0.3879266429852065,True
DHNC0182,Dhanmondi,Residential,Res-C,597.3547737671756,0.1545830785143941,3.238529035275376,31.375717658221962,0.2594110335162222,LT-A,101.31242876408855,101.31242876408855,0.0,0.0,0,0,0.0,0.0,0,lower-middle,14374.21012696876,3,0.6701002253701012,0.6701002253701012,2.0655,861.155644494753,861.155644494753,0.0,8.5,30,1.0,101.31242876408855,101.31242876408855,812.6019767194903,812.6019767194903,0.0,687.1556444947527,687.1556444947527,8.020753096460433,8.020753096460433,76-200,76-200,0.0,0.0,0.0,0.0,0.0,0.0,0.0,1.0,True,0.0,False,False,False,,False
DHNC0183,Dhanmondi,Residential,Res-A,597.3547737671756,0.7370821876441755,2.346129486768895,21.209303882818524,0.4573739653989894,LT-A,323.56101541733983,307.62966364947783,0.0,15.931351767862084,0,209,337.8928809086651,47.794055303586255,10,upper-middle,177536.23042166387,5,1.4344623579571776,1.4344623579571776,3.8001000000000005,3112.656968314809,2911.6033090043898,47.794055303586255,9.62,30,1.0,323.56101541733983,307.62966364947783,2963.3742267305497,2802.4516425233755,0.0,2662.656968314809,2509.3973643079767,9.158625685817837,9.109822535568515,301-400,301-400,160.92258420717417,5.430383471503626,201.05365931041933,15.931351767861997,4.923755028804446,0.0,0.0,0.9507624497119552,True,-129.1762413979047,False,True,False,0.47625325450604183,True
DHNC0184,Dhanmondi,Residential,Res-B,597.3547737671756,0.36209494428208144,1.3739730394625518,19.03032012183989,0.4366460248957618,LT-A,136.6261290781602,129.84346219181774,0.0,6.782666886342479,0,320,129.0763221269004,20.348000659027438,10,middle,39096.01209839082,4,0.8652294506181384,0.8652294506181384,2.1802,1161.322097164362,1083.3214279714234,20.348000659027438,8.5,30,1.0,136.6261290781602,129.84346219181774,1132.8350220225798,1072.2997200619732,0.0,987.3220971643617,929.6694286304507,8.291496141082316,8.258403634353687,76-200,76-200,60.5353019606066,5.343699725360363,78.00066919293863,6.782666886342469,4.964399512821068,0.0,0.0,0.9503560048717893,True,-48.19301950726637,False,False,False,0.4689884322942807,True
DHNC0185,Dhanmondi,Residential,Res-A,597.3547737671756,0.6435557369502026,1.994372378250133,20.753420012738122,0.2907551319598885,LT-A,678.3049265963324,645.1260160375273,0.0,33.178910558805086,0,231,688.5758663919537,99.53673167641526,10,upper-middle,101724.37914442638,4,3.5186382955203857,3.5186382955203857,5.435199999999999,11768.590476446367,11093.399646574684,99.53673167641526,17.35,30,1.0,678.3049265963324,645.1260160375273,8386.212320268685,7781.775517163654,0.0,7758.590476446367,7182.936378251098,12.363484314274226,12.06241156566686,601-above,601-above,604.4368031050317,7.207506559834705,675.1908298716826,33.178910558805114,4.8914447260900245,0.0,0.0,0.9510855527390998,True,15.39766838949322,True,True,True,0.8778071271539045,True
DHNC0186,Dhanmondi,Residential,Res-C,597.3547737671756,0.19145118179644144,3.580549520508513,32.04712381852901,0.32059796572795074,LT-A,69.4315714943234,69.4315714943234,0.0,0.0,0,0,0.0,0.0,0,lower-middle,13347.33947258841,3,0.5137433357182297,0.5137433357182297,1.8007,429.08711183491846,429.08711183491846,0.0,6.18,30,1.0,69.4315714943234,69.4315714943234,529.9523374266645,529.9523374266645,0.0,429.08711183491863,429.08711183491863,7.632728541510722,7.632728541510722,1-75,1-75,0.0,0.0,0.0,0.0,0.0,0.0,0.0,1.0,True,0.0,False,False,False,,False
DHNC0187,Dhanmondi,Residential,Res-A,597.3547737671756,0.48842405294875635,2.1158213152780507,20.76935820768468,0.4539564087964498,LT-A,428.53483194547914,407.6330533150089,0.0,20.901778630470293,0,131,434.11652755396636,62.70533589141087,10,upper-middle,185384.98332178156,4,3.0003723278592656,3.0003723278592656,4.4611,6432.307827501642,6055.866794366873,62.70533589141087,15.01,30,1.0,428.53483194547914,407.6330533150089,4214.357728876724,3884.935246771198,0.0,3826.307827501642,3512.572130258284,9.834341142688958,9.53047162190995,401-600,401-600,329.4224821055259,7.816671087229433,376.441033134769,20.901778630470233,4.877498180388167,0.0,0.0,0.9512250181961182,True,-41.98870955702961,False,False,False,0.7588342327385229,True
DHNC0188,Dhanmondi,Residential,Res-A,597.3547737671756,0.5435030539379561,2.203693340109789,20.959722633403675,0.4478948527046247,LT-A,256.82233735703744,244.16773920910975,0.0,12.654598147927649,0,197,265.2368672177474,37.96379444378295,10,upper-middle,169469.64407765243,5,1.5865676900245038,1.5865676900245038,3.9857000000000005,2337.083269949041,2183.9626323591156,37.96379444378295,9.1,30,1.0,256.82233735703744,244.16773920910975,2321.0068034464925,2200.0921181430435,0.0,2043.0832699490406,1927.9264268028987,9.037402382253852,9.010576603073856,201-300,201-300,120.914685303449,5.209579098342204,153.12063758992554,12.654598147927686,4.9273744169437705,0.0,0.0,0.9507262558305625,True,-106.35838747051542,False,False,False,0.4558743532594342,True
DHNC0189,Dhanmondi,Residential,Res-A,597.3547737671756,0.6576605475091104,1.4899924882044497,18.165013843164513,0.2830118113125864,LT-A,471.25382777354855,448.2026738831439,0.0,23.051153890404475,0,227,418.72452952011287,69.15346167121342,10,upper-middle,176355.6358530384,6,2.938370911064099,2.938370911064099,5.850099999999999,7073.519954880961,6658.368673314776,69.15346167121342,15.01,30,1.0,471.25382777354855,448.2026738831439,4948.885362625011,4585.58765173529,0.0,4467.519954880963,4121.52213498599,10.501528201916479,10.231058221957086,401-600,401-600,363.2977108897212,7.341000735911553,415.1512815661854,23.051153890404635,4.891451810441612,0.0,0.0,0.9510854818955842,True,13.726643040821784,True,True,True,0.8676293966013536,True
DHNC0190,Dhanmondi,Residential,Res-A,597.3547737671756,0.5626465803360258,1.6527010920472744,18.975153415342046,0.2878824544320605,LT-A,288.99722191496437,274.75061298970843,0.0,14.246608925255854,0,319,270.33159000511114,42.73982677576757,10,upper-middle,174416.76540729107,5,1.5062091064230008,1.5062091064230008,4.4009,2629.874719426175,2457.4907514305796,42.73982677576757,9.1,30,1.0,288.99722191496437,274.75061298970843,2646.748145397485,2510.6217971166643,0.0,2335.874719426176,2206.2305782063468,9.158386118245366,9.137820548595853,201-300,201-300,136.12634828082082,5.143154573189568,172.3839679955954,14.246608925255941,4.9296698531752385,0.0,0.0,0.9507033014682479,True,-91.46541494852275,False,False,False,0.5035532409595456,True
DHNC0191,Dhanmondi,Residential,Res-B,597.3547737671756,0.29555106612026616,1.2716708417043814,22.37186997509349,0.4116523611323483,LT-A,133.1071634158445,133.1071634158445,0.0,0.0,0,0,0.0,0.0,0,middle,59124.879853399936,5,0.7031146268222593,0.7031146268222593,2.0992,1131.4108890346781,1131.4108890346781,0.0,8.5,30,1.0,133.1071634158445,133.1071634158445,1097.856153486412,1097.856153486412,0.0,957.4108890346782,957.4108890346782,8.247911872755964,8.247911872755964,76-200,76-200,0.0,0.0,0.0,0.0,0.0,0.0,0.0,1.0,True,0.0,False,False,False,,False
DHNC0192,Dhanmondi,Residential,Res-B,597.3547737671756,0.3422305177513686,1.5242602978158897,20.097390113242465,0.42356896764341256,LT-A,265.92883052436093,252.8417096606244,0.0,13.087120863736635,0,217,263.0169734576698,39.2613625912099,10,middle,33497.46465980764,5,1.7557382811452507,1.7557382811452507,3.8150000000000004,2419.952357771685,2261.598195320471,39.2613625912099,9.1,30,1.0,265.92883052436093,252.8417096606244,2400.491475660269,2275.444035807266,0.0,2125.9523577716845,2006.8595579116818,9.026819209210815,8.999480500513425,201-300,201-300,125.04743985300274,5.209243237100341,158.35416245121405,13.087120863736544,4.921286961602185,0.0,0.0,0.9507871303839778,True,-98.70817101345716,False,False,False,0.4754348672220882,True
DHNC0193,Dhanmondi,Residential,Res-A,597.3547737671756,0.7097269345131867,1.156327101681303,18.089557186589285,0.4744303348468466,LT-A,476.5944399781197,453.1977835767882,0.0,23.396656401331484,0,142,423.23515394686615,70.18996920399445,10,upper-middle,72459.56373133221,6,2.1200685808937583,2.1200685808937583,4.690600000000001,7153.682544071576,6732.308762283595,70.18996920399445,15.01,30,1.0,476.5944399781197,453.1977835767882,4981.922131275155,4613.17912806197,0.0,4547.682544071577,4196.498731487591,10.453168802187188,10.179174071976302,401-600,401-600,368.74300321318515,7.401621171441373,421.373781787981,23.396656401331484,4.90913330890004,0.0,0.0,0.9509086669109996,True,15.69781847031345,True,True,True,0.8712485240757623,True
DHNC0194,Dhanmondi,Residential,Res-A,597.3547737671756,0.6427142214034034,1.5702511115791538,18.516800898870876,0.31923556863429875,LT-A,334.59165580777807,318.33086792970494,0.0,16.260787878073085,0,320,301.0977715970524,48.78236363421926,10,upper-middle,85935.35692595234,5,1.4724080506086916,1.4724080506086916,4.3612,3218.7717288708254,3013.560585849543,48.78236363421926,9.62,30,1.0,334.59165580777807,318.33086792970494,3099.539235314366,2935.2890169579496,0.0,2768.771728870825,2612.3429494837615,9.263647737512745,9.220874607756015,301-400,301-400,164.25021835641655,5.2991817778927945,205.21114302128262,16.26078787807313,4.859890435347529,0.0,0.0,0.9514010956465249,True,-88.06518960641657,False,True,False,0.5455045963482796,True
DHNC0195,Dhanmondi,Residential,Res-A,597.3547737671756,0.5924501972587916,2.2522801917930018,20.56967815694718,0.4221933148788218,LT-A,383.626717143779,364.781742080127,0.0,18.84497506365199,0,234,387.63507193501664,56.53492519095597,10,upper-middle,61891.426952874215,4,2.4697400117185975,2.4697400117185975,4.7609,3690.489018923154,3452.6654336198667,56.53492519095597,9.62,30,1.0,383.626717143779,364.781742080127,3612.4691598693116,3422.116066751363,0.0,3240.4890189231537,3059.200358810822,9.416625585322304,9.381270145915554,301-400,301-400,190.35309311794845,5.269334759520406,237.82358530328747,18.844975063651987,4.912320811219491,0.0,0.0,0.950876791887805,True,-140.74705362611223,False,False,False,0.4910626176515301,True
DHNC0196,Dhanmondi,Residential,Res-B,597.3547737671756,0.5040506711758292,1.4461266252144434,21.074834489436938,0.4138229815053944,LT-A,184.42997330882844,175.2946476757126,0.0,9.135325633115777,0,230,192.52547572502576,27.405976899347333,10,middle,26188.75015460708,5,0.4652543238299651,0.4652543238299651,0.5301,1567.654773125041,1462.5985283442096,27.405976899347333,8.5,30,1.0,184.42997330882844,175.2946476757126,1486.7149217812937,1405.182140505735,0.0,1393.6547731250416,1316.004505243557,8.061135048215759,8.016115489762473,76-200,76-200,81.53278127555859,5.484089792942338,105.05624478083132,9.135325633115826,4.9532760154005455,0.0,0.0,0.9504672398459948,True,-83.58671755011983,False,False,False,0.42349087033036437,True
DHNC0197,Dhanmondi,Residential,Res-B,597.3547737671756,0.38170790356125045,1.5817875526293583,11.83732480074288,0.36496108215752054,LT-A,142.63618358316248,135.55762261619319,0.0,7.078560966969338,0,319,83.79122528787664,21.235682900908017,10,middle,52503.68072658706,4,0.6367368148000918,0.6367368148000918,1.9752,1212.4075604568814,1131.0041093367342,21.235682900908017,8.5,30,1.0,142.63618358316248,135.55762261619319,1177.4342584797253,1114.2581018495243,0.0,1038.4075604568811,978.2397922376421,8.254807643484341,8.219811474595891,76-200,76-200,63.17615663020092,5.3655782626685635,81.40345112014711,7.078560966969292,4.962668510295786,0.0,0.0,0.9503733148970418,True,0.6206142432322963,True,False,True,0.753971032326479,True
DHNC0198,Dhanmondi,Residential,Res-A,597.3547737671756,0.582665101452224,2.8900995364682327,18.307478913899896,0.3986089783288254,LT-A,198.92741235186574,189.43266686032334,0.0,9.49474549154246,0,240,173.82485287925968,28.48423647462738,10,upper-middle,150902.50038495928,6,0.9635224544317684,0.9635224544317684,3.0399000000000003,1690.883004990858,1581.6934318381202,28.48423647462738,8.5,30,1.0,198.92741235186574,189.43266686032334,1726.7867452404016,1642.0461417283857,0.0,1516.8830049908588,1436.1776683127482,8.680486639951038,8.668231139559131,76-200,76-200,84.74060351201592,4.907415680922337,109.1895731527377,9.494745491542403,4.772969888507853,0.0,0.0,0.9522703011149212,True,-60.60001289261638,False,False,False,0.48750568234841263,True
DHNC0199,Dhanmondi,Residential,Res-C,597.3547737671756,0.18569645165214865,2.9372983612479016,29.785752251555113,0.32348636970340516,LT-A,66.26842719769236,66.26842719769236,0.0,0.0,0,0,0.0,0.0,0,lower-middle,17079.823740065272,4,0.8287716501633359,0.8287716501633359,1.8795,409.5388800817387,409.5388800817387,0.0,6.18,30,1.0,66.26842719769236,66.26842719769236,512.9017740858258,512.9017740858258,0.0,409.5388800817388,409.5388800817388,7.739760784660456,7.739760784660456,1-75,1-75,0.0,0.0,0.0,0.0,0.0,0.0,0.0,1.0,True,0.0,False,False,False,,False
DHNC0200,Dhanmondi,Residential,Res-B,597.3547737671756,0.30423721747245286,1.717766025505796,19.883910109897162,0.4070526525571934,LT-A,114.47357097509132,111.06758621991386,0.0,3.4059847551774673,0,99,67.72429470762886,10.217954265532402,6,middle,43958.28093996609,5,0.6905869350352372,0.6905869350352372,2.09,973.0253532882763,933.8565286037353,10.217954265532402,8.5,30,1.0,114.47357097509132,111.06758621991386,931.1456209526899,900.7472070127312,0.0,799.0253532882762,770.0744828692679,8.134153700466817,8.10990170641911,76-200,76-200,30.398413939958687,3.26462513015493,39.16882468454094,3.4059847551774567,2.9753459476847945,0.0,0.0,0.970246540523152,True,-27.107926502137772,False,False,False,0.44885537857855956,True
DHNC0201,Dhanmondi,Residential,Res-B,597.3547737671756,0.42458784804715627,1.3300839432782243,16.958552710896452,0.41813244652571674,LT-A,190.29240288607247,180.84950096820717,0.0,9.442901917865225,0,261,160.13794991794262,28.32870575359567,10,middle,28133.04373634094,4,1.5936451603438886,1.5936451603438886,3.4504,1617.4854245316153,1508.8920524761654,28.32870575359567,8.5,30,1.0,190.29240288607247,180.84950096820717,1667.8223357581967,1583.544436141249,0.0,1443.485424531616,1363.220758229761,8.764524019157598,8.756144903156972,76-200,76-200,84.2778996169477,5.053170101516523,108.59337205544989,9.4429019178653,4.96231156612108,0.0,0.0,0.9503768843387896,True,-47.53134454739924,False,False,False,0.5262831181499021,True
DHNC0202,Dhanmondi,Residential,Res-A,597.3547737671756,0.5909588327366487,1.4763025286395615,16.556396477226393,0.4672089696148597,LT-A,374.2765801961385,355.8917698267205,0.0,18.38481036941802,0,221,304.38620963470777,55.15443110825405,10,upper-middle,183299.58402590355,6,1.5440490753157445,1.5440490753157445,3.8662000000000005,3600.5407014868515,3368.5243946247965,55.15443110825405,9.62,30,1.0,374.2765801961385,355.8917698267205,3478.567156561195,3292.862187019704,0.0,3150.5407014868524,2973.6788257330513,9.294108529949328,9.252425782768057,301-400,301-400,185.7049695414912,5.33854777508661,232.016306862055,18.384810369418005,4.912092111075585,0.0,0.0,0.9508790788892441,True,-63.526808984962514,False,True,False,0.6100965275803879,True
DHNC0203,Dhanmondi,Residential,Res-A,597.3547737671756,0.6411255705993048,1.9061482747056824,18.82788782410678,0.40219453381448217,LT-A,562.9712005700226,535.4428201144486,0.0,27.52838045557389,0,163,518.3012591968787,82.58514136672167,10,upper-middle,122538.23616237249,6,2.667232547149621,2.667232547149621,5.2998,8450.19772055604,7954.411588551155,82.58514136672167,15.01,30,1.0,562.9712005700226,535.4428201144486,6370.12878658384,5936.267746413768,0.0,5844.197720556039,5430.996729917874,11.315194773966988,11.086651129517277,401-600,401-600,433.86104017007256,6.81086764028742,495.7861320048851,27.528380455573938,4.889838135183604,0.0,0.0,0.951101618648164,True,-1.8550776600844756,False,True,False,0.8370827438126458,True
DHNC0204,Dhanmondi,Residential,Res-B,597.3547737671756,0.29678192501097866,1.1629787109242602,18.670605026511264,0.46878793201449176,LT-A,288.241538944138,276.63628801953735,0.0,11.605250924600707,0,280,216.67705624677447,34.81575277380212,10,middle,49059.637302173134,5,1.0071083097475904,1.0071083097475904,2.49,2622.9980043916557,2482.5744682039876,34.81575277380212,9.1,30,1.0,288.241538944138,276.63628801953735,2555.2569046112385,2444.368732026679,0.0,2328.9980043916557,2223.39022097779,8.864984949676023,8.836037923752238,201-300,201-300,110.88817258455947,4.339609547065492,140.4235361876681,11.605250924600625,4.0262243142025955,0.0,0.0,0.9597377568579738,True,-70.9731308884129,False,False,False,0.5117670255694652,True
DHNC0205,Dhanmondi,Commercial,Commercial,36.75972604031296,0.3929028511933754,2.819600506079391,22.6799402583588,0.3503874248885441,LT-E,5527.507947039162,5259.715978177041,0.0,267.7919688621207,0,160,6073.505855461178,803.375906586362,10,,0.0,0,15.108285123514976,15.108285123514976,15.25,85931.63420717974,80510.24282774927,803.375906586362,15.36,30,1.0,5527.507947039162,5259.715978177041,90588.77316984761,86269.82429603931,0.0,84902.52206652153,80789.23742479934,16.38871875677211,16.401992931553593,flat,flat,4318.948873808302,4.7676425264205475,5421.391379430468,267.7919688621214,4.844714316612888,0.0,0.0,0.9515528568338713,True,-951.1810750665136,False,False,False,0.711112984261765,True
DHNC0206,Dhanmondi,Commercial,Commercial,36.75972604031296,0.514576196150373,1.4134098951550444,30.40825417980485,0.33497538261693155,LT-E,4561.599662205395,4340.876310601746,0.0,220.72335160365031,0,137,6711.8117789822345,662.1700548109509,10,,0.0,0,14.256703397672208,14.256703397672208,18.45,71618.81134881343,67053.39610339628,662.1700548109509,15.36,30,1.0,4561.599662205395,4340.876310601746,75313.00435204862,71753.17813738497,0.0,70066.17081147488,66675.86013084282,16.510217890457547,16.52965277129454,flat,flat,3559.8262146636553,4.726708548265242,4565.415245417142,220.72335160364946,4.838726936789898,0.0,0.0,0.9516127306321008,True,-2489.815509507628,False,False,False,0.5303823068774226,True
DHNC0207,Dhanmondi,Commercial,Commercial,36.75972604031296,0.6566966432504908,2.457304117367897,25.252742995768624,0.3105242108174119,LT-E,6477.417823883452,6161.782070486777,0.0,315.6357533966761,0,185,7970.668560802064,946.9072601900283,10,,0.0,0,21.311158646561022,21.311158646561022,23.349999999999998,101014.81449061268,94755.97423580999,946.9072601900283,15.36,30,1.0,6477.417823883452,6161.782070486777,106674.36966359231,101583.79623281074,0.0,99493.13777484982,94644.97260267689,16.46865657951907,16.486106628043352,flat,flat,5090.573430781573,4.772067973624008,6258.840254802693,315.6357533966748,4.872863878455805,0.0,0.0,0.9512713612154418,True,-1933.1878698304636,False,True,False,0.6386632930411704,True
DHNC0208,Dhanmondi,Commercial,Commercial,36.75972604031296,0.6931669308980044,2.705210199752775,24.331916757007466,0.32323266666570655,LT-E,1607.4617786820572,1540.0422030717577,0.0,67.41957561029915,0,200,1640.4475015425699,202.25872683089744,10,,0.0,0,3.8974722365177,3.8974722365177,3.8500000000000005,24490.936034639213,23247.93480302726,202.25872683089744,15.36,30,1.0,1607.4617786820572,1540.0422030717577,26288.96856658422,25201.62565114131,0.0,24690.6129205564,23655.048239182197,16.354335086049943,16.36424352584255,flat,flat,1087.3429154429105,4.136118587874257,1243.0012316119537,67.41957561029949,4.19416352565323,0.0,0.0,0.958058364743468,True,-350.84585926876184,False,True,False,0.662833107685826,True
DHNC0209,Dhanmondi,Commercial,Commercial,36.75972604031296,0.5756622526090331,2.3545064352215004,25.68027968345465,0.2976101358776818,LT-E,2928.0023760763497,2785.032487733818,0.0,142.9698883425323,0,170,3671.506718948512,428.90966502759693,10,,0.0,0,11.07355662768989,11.07355662768989,11.05,45585.58008231626,42755.35127880065,428.90966502759693,15.36,30,1.0,2928.0023760763497,2785.032487733818,48267.04732135937,45961.22896217102,0.0,44974.11649653273,42778.09901159145,16.48463393190251,16.502941766244778,flat,flat,2305.81835918835,4.777210306311751,2830.228803515609,142.9698883425317,4.882847415380774,0.0,0.0,0.951171525846192,True,-936.7786947325653,False,True,False,0.628030543233955,True
DHNC0210,Dhanmondi,Commercial,Commercial,36.75972604031296,0.4166613055621715,2.0610091887221964,28.50312797047764,0.3025509299744306,LT-E,2440.1545526624254,2320.991495819136,0.0,119.16305684328866,0,213,3396.519858557558,357.489170529866,10,,0.0,0,6.069810265900839,6.069810265900839,5.8500000000000005,37588.644422784906,35214.93071182155,357.489170529866,15.36,30,1.0,2440.1545526624254,2320.991495819136,39907.637625339594,37985.77584457103,0.0,37480.77392889485,35650.42937578193,16.354553272782177,16.366184845138733,flat,flat,1921.861780768566,4.815774360816257,2373.713710963355,119.16305684328927,4.883422515728432,0.0,0.0,0.9511657748427159,True,-1117.1689072591262,False,False,False,0.5658326348148445,True
DHNC0211,Dhanmondi,Commercial,Commercial,36.75972604031296,0.3309563825878632,2.7043448773310153,25.962007428145675,0.29033380252283075,LT-E,2801.1579929867053,2763.5042081149372,0.0,37.653784871767726,0,66,977.5678425386329,112.96135461530318,6,,0.0,0,8.090227136078058,8.090227136078058,9.55,43028.283304961275,42221.28738758954,112.96135461530318,15.36,30,1.0,2801.1579929867053,2763.5042081149372,46079.55111088959,45472.2708684777,0.0,43025.786772275795,42447.42463664543,16.450179256671543,16.45456907029485,flat,flat,607.2802424118854,1.3178953088116607,806.9959173717361,37.65378487176804,1.344222102646202,0.0,0.0,0.9865577789735381,True,-257.3262455114443,False,False,False,0.6212154450936596,True
DHNC0212,Dhanmondi,Commercial,Commercial,36.75972604031296,0.3848580286085137,2.431777569126155,26.681538029202063,0.28939145466639205,LT-E,6956.566754980034,6630.556727128982,0.0,326.0100278510502,0,223,8698.44895600902,978.0300835531506,10,,0.0,0,19.3003610580339,19.3003610580339,19.45,107709.19367726622,101190.97689807895,978.0300835531506,15.36,30,1.0,6956.566754980034,6630.556727128982,114033.53362431799,108775.64389513622,0.0,106852.86535649332,101845.35132870116,16.392214384011226,16.405205229612125,flat,flat,5257.88972918177,4.610827676798844,6518.2167791872635,326.01002785105175,4.686363824765561,0.0,0.0,0.9531363617523446,True,-2462.5291432740996,False,False,False,0.6044629054872525,True
DHNC0213,Dhanmondi,Commercial,Commercial,36.75972604031296,0.6558010365980831,2.36380319691189,22.13118992262571,0.2227033106883785,LT-E,5165.165533836952,4914.529239269456,0.0,250.63629456749607,0,335,5546.879436576418,751.9088837024883,10,,0.0,0,16.01989261484622,16.01989261484622,16.75,79615.49484259787,74863.0492441354,751.9088837024883,15.36,30,1.0,5165.165533836952,4914.529239269456,84886.66472972235,80844.4025709378,0.0,79336.94259973557,75487.16911517885,16.434451940335812,16.450080696428067,flat,flat,4042.2621587845497,4.761951917483201,4752.445598462466,250.6362945674955,4.85243489149727,0.0,0.0,0.9514756510850272,True,-752.7083940893799,False,True,False,0.7287452711031824,True
DHNC0214,Dhanmondi,Commercial,Commercial,36.75972604031296,0.6212236734908011,2.8789088994748235,28.285413739680667,0.4565934015238867,LT-E,2413.2783371729643,2292.6144203143162,0.0,120.66391685864816,0,165,3413.0288117972937,361.9917505759446,10,,0.0,0,6.821606551391843,6.821606551391843,7.75,37136.681158568594,34723.78047389753,361.9917505759446,15.36,30,1.0,2413.2783371729643,2292.6144203143162,39653.72802192556,37707.66037082929,0.0,37067.955258976726,35214.5574960279,16.43147721964717,16.447449704891756,flat,flat,1946.067651096273,4.907653701614745,2412.9006846710618,120.66391685864801,4.999999999999991,0.0,0.0,0.9500000000000001,True,-1104.9694101250761,False,True,False,0.5701878766360247,True
DHNC0215,Dhanmondi,Commercial,Commercial,36.75972604031296,0.6467175420978678,2.7310507966849196,27.600778882103835,0.33500843064687036,LT-E,5707.275238553411,5430.811104761747,0.0,276.46413379166296,0,155,7630.62542561606,829.3924013749889,10,,0.0,0,22.561858245977593,22.561858245977593,18.55,87798.98242178715,82297.67033678893,829.3924013749889,15.36,30,1.0,5707.275238553411,5430.811104761747,93799.91004738942,89341.09649759745,0.0,87663.7476641804,83417.25856914042,16.43514744369755,16.450783276049314,flat,flat,4458.813549791972,4.753537127636155,5501.312084998222,276.4641337916646,4.844065201623924,0.0,0.0,0.9515593479837611,True,-2342.4194744490987,False,True,False,0.584331336042745,True
DHNC0216,Dhanmondi,Commercial,Commercial,36.75972604031296,0.6843026500271181,2.2001983258006925,30.705553673979338,0.21492979394346134,LT-E,6774.509675504226,6446.787350656689,0.0,327.72232484753613,0,250,10062.895435767314,983.1669745426083,10,,0.0,0,18.845208173597825,18.845208173597825,19.25,104080.73724267003,97924.13994021628,983.1669745426083,15.36,30,1.0,6774.509675504226,6446.787350656689,111078.41704653215,105792.91139139108,0.0,104056.4686157449,99022.65370608674,16.396524968910697,16.41017543111837,flat,flat,5285.505655141067,4.75835521938245,6156.5973024537525,327.7223248475366,4.837579995383861,0.0,0.0,0.9516242000461614,True,-3794.2228060836387,False,True,False,0.5252470016089398,True
DHNC0217,Dhanmondi,Commercial,Commercial,36.75972604031296,0.5594556761762538,1.667942366413967,25.3877336197858,0.29401798082547626,LT-E,5716.382667002519,5438.3575154731525,0.0,278.0251515293658,0,205,7058.4284866281205,834.0754545880973,10,,0.0,0,17.672538503218316,17.672538503218316,23.2,88352.86416425776,82950.3150874798,834.0754545880973,15.36,30,1.0,5716.382667002519,5438.3575154731525,94386.21965341663,89902.230009551,0.0,87803.6377651587,83533.17143766762,16.511529257524256,16.531136423775415,flat,flat,4483.989643865629,4.750682525829199,5402.549076777956,278.02515152936667,4.863655352085689,0.0,0.0,0.9513634464791433,True,-1740.3633881743945,False,False,False,0.6352674185706277,True
DHNC0218,Dhanmondi,Commercial,Commercial,36.75972604031296,0.6802465858525626,2.0540294808245325,27.22421221522437,0.3084273996828563,LT-E,7580.40414073512,7212.659445430532,0.0,367.74469530458805,0,189,10011.559625995129,1103.2340859137641,10,,0.0,0,21.407562111848844,21.407562111848844,15.549999999999999,116978.08450422413,109633.97056914316,1103.2340859137641,15.36,30,1.0,7580.40414073512,7212.659445430532,123726.232981776,117795.24653590361,0.0,116435.00760169144,110786.44908181297,16.321851801660998,16.331735530717584,flat,flat,5930.98644587239,4.793636970056287,7344.113935080968,367.74469530458737,4.851254477692331,0.0,0.0,0.9514874552230767,True,-2977.3390942089754,False,True,False,0.5924138363489856,True
DHNC0219,Dhanmondi,Commercial,Commercial,36.75972604031296,0.6270678478423948,2.9891760978754376,19.864238074552585,0.29010856675534097,LT-E,3154.9136566333536,3001.279953336887,0.0,153.63370329646665,0,250,3051.8164585561876,460.9011098894,10,,0.0,0,10.985978270487802,10.985978270487802,11.450000000000001,48472.90884730661,45547.2073645243,460.9011098894,15.36,30,1.0,3154.9136566333536,3001.279953336887,51964.47245418272,49486.66808741731,0.0,48459.47376588831,46099.66008325458,16.47096501196633,16.488521183236166,flat,flat,2477.804366765413,4.768266182149934,2925.7014827823077,153.6337032964666,4.869664276657605,0.0,0.0,0.951303357233424,True,-113.110981901375,False,True,False,0.8119113322882008,True
DHNC0220,Dhanmondi,Commercial,Commercial,36.75972604031296,0.5807873989824072,2.055049455480988,23.18714525601814,0.38595612009737834,LT-E,5262.7241154011745,5006.3490035032855,0.0,256.3751118978885,0,149,5944.606959604244,769.1253356936654,10,,0.0,0,20.608582597204187,20.608582597204187,21.75,81555.08799658016,76306.20893455186,769.1253356936654,15.36,30,1.0,5262.7241154011745,5006.3490035032855,86932.58953319014,82797.77172850099,0.0,80835.44241256204,76897.52069381047,16.51855343866212,16.53855367865119,flat,flat,4134.817804689155,4.756349519659157,5248.879062028296,256.3751118978889,4.8715286280657635,0.0,0.0,0.9512847137193424,True,-1040.663819221424,False,True,False,0.6955578111028599,True
DHNC0221,Dhanmondi,Commercial,Commercial,36.75972604031296,0.5589000280252951,2.829419353198406,28.54300586178374,0.2467620754474981,LT-E,4137.841385690013,3935.3265242616612,0.0,202.5148614283528,0,210,5780.382876847796,607.5445842850584,10,,0.0,0,15.856202003544492,15.856202003544492,19.849999999999998,65620.09053244603,61696.49131240566,607.5445842850584,15.36,30,1.0,4137.841385690013,3935.3265242616612,68610.93086840854,65344.77118329207,0.0,63557.243684198605,60446.615412659114,16.581334196542,16.604663115102486,flat,flat,3266.1596851164722,4.76040718844168,3923.5992200403707,202.5148614283521,4.894215184968511,0.0,0.0,0.9510578481503147,True,-1906.6786074462652,False,False,False,0.5650421009650489,True
DHNC0222,Dhanmondi,Commercial,Commercial,36.75972604031296,0.6322130225419605,2.1727364585216584,26.615730072782977,0.2934694288160982,LT-E,696.4988576373756,661.6739147555068,0.0,34.824942881868786,0,210,926.8912795439048,104.4748286456064,10,,0.0,0,2.1336408667060462,2.1336408667060462,2.1500000000000004,10757.36403518226,10089.220487787563,104.4748286456064,15.36,30,1.0,696.4988576373756,661.6739147555068,11436.308575975594,10874.651897176813,0.0,10698.222453310089,10163.311330644583,16.419709021159342,16.435062127536153,flat,flat,561.6566787987813,4.911171074717772,668.1435473946967,34.82494288186888,5.000000000000014,0.0,0.0,0.95,True,-260.75977209951714,False,True,False,0.6059574528257031,True
DHNC0223,Dhanmondi,Commercial,Commercial,36.75972604031296,0.541191106590681,1.80178742632775,25.944636977001533,0.2858198224790632,LT-E,4706.153050309702,4477.821217997943,0.0,228.33183231175832,0,234,5923.986499622156,684.9954969352749,10,,0.0,0,13.301461859778009,13.301461859778009,13.85,72463.4643356107,68026.54087501392,684.9954969352749,15.36,30,1.0,4706.153050309702,4477.821217997943,77209.66139539487,73527.12560387082,0.0,72286.51085275701,68779.3339084484,16.40610931476482,16.420290588721894,flat,flat,3682.5357915240456,4.769527187362706,4436.9234605967795,228.33183231175917,4.85177234719838,0.0,0.0,0.9514822765280164,True,-1556.4552111628354,False,False,False,0.6216313612056552,True
DHNC0224,Dhanmondi,Commercial,Commercial,36.75972604031296,0.49540835928590315,2.3471349593404414,20.136337286721055,0.3029088882884094,LT-E,7610.757017753505,7241.971157763421,0.0,368.78585999008357,0,230,7425.99646333381,1106.3575799702508,10,,0.0,0,18.22716121434781,18.22716121434781,17.549999999999997,116038.48590634805,108851.67344239872,1106.3575799702508,15.36,30,1.0,7610.757017753505,7241.971157763421,124404.76418232854,118456.98583240845,0.0,116901.22779269384,111236.67698324614,16.345911962782587,16.357008782812137,flat,flat,5947.778349920089,4.780989208100569,7186.812463949333,368.78585999008465,4.845587096392949,0.0,0.0,0.9515441290360707,True,-371.86053344347147,False,False,False,0.8009400999970187,True
DHNC0225,Dhanmondi,Commercial,Commercial,36.75972604031296,0.3523582117299305,2.8203413142065736,21.134675718766466,0.2561773630171333,LT-E,1698.9761437990423,1640.125190503584,0.0,58.85095329545869,0,250,1243.79581363979,176.55285988637604,10,,0.0,0,4.659328971950496,4.659328971950496,6.1499999999999995,26147.369916033516,25059.634808387953,176.55285988637604,15.36,30,1.0,1698.9761437990423,1640.125190503584,27982.262247190953,27033.114072441804,0.0,26096.273568753288,25192.32292613505,16.470073667203145,16.482347950610745,flat,flat,949.1481747491489,3.3919636888701903,1087.7351076455634,58.85095329545834,3.463906983641515,0.0,0.0,0.9653609301635846,True,-118.09477900426486,False,False,False,0.7631061017737333,True
DHNC0226,Dhanmondi,Commercial,Commercial,36.75972604031296,0.5271543560437628,2.773143849109208,23.210124088636636,0.2822106297931066,LT-E,9176.6106747667,8730.111541461018,0.0,446.4991333056805,0,263,10363.300289493556,1339.4973999170415,10,,0.0,0,22.90971033806363,22.90971033806363,22.15,139931.58060691014,131394.98230130933,1339.4973999170415,15.36,30,1.0,9176.6106747667,8730.111541461018,150093.55196263734,142892.4139406833,0.0,140952.7399644165,134094.51327684123,16.35609892172452,16.367764977808026,flat,flat,7201.138021954044,4.797766411542194,8536.598305600812,446.49913330568234,4.86562140566167,0.0,0.0,0.9513437859433835,True,-1822.6648676224704,False,False,False,0.6948691846027706,True
DHNC0227,Dhanmondi,Commercial,Commercial,36.75972604031296,0.49467697318626824,2.9534732211235446,20.486380641145466,0.43438225640973105,LT-E,3244.391337522349,3085.428890167977,0.0,158.96244735437202,0,135,3256.5652041497124,476.8873420631161,10,,0.0,0,9.080969435693426,9.080969435693426,7.65,50084.87389232355,46782.502078518104,476.8873420631161,15.36,30,1.0,3244.391337522349,3085.428890167977,53048.46849156045,50484.722140629136,0.0,49833.850944343285,47392.18775298013,16.350822996609306,16.3623029205125,flat,flat,2563.7463509313166,4.832837636658986,3302.3718138054464,158.96244735437222,4.899607686530423,0.0,0.0,0.9510039231346958,True,-215.93151115527962,False,False,False,0.7872547270554988,True
DHNC0228,Dhanmondi,Commercial,Commercial,36.75972604031296,0.6516896871580147,3.058026654715455,22.200605524447667,0.38836257964370446,LT-E,2706.0614371430615,2573.5102858739233,0.0,132.55115126913904,0,200,2942.7158211375468,397.65345380741724,10,,0.0,0,7.750347530480868,7.750347530480868,9.55,41720.714301608976,39102.83579562187,397.65345380741724,15.36,30,1.0,2706.0614371430615,2573.5102858739233,44545.83385824329,42408.04889057463,0.0,41565.10367451742,39529.11799102346,16.46150129735147,16.478678606164394,flat,flat,2137.78496766866,4.79906824613871,2617.878505987108,132.55115126913824,4.89830531745354,0.0,0.0,0.9510169468254643,True,-407.2773996614692,False,True,False,0.7264666714716171,True
DHNC0229,Dhanmondi,Commercial,Commercial,36.75972604031296,0.590393138286517,2.5226482250364226,29.089849645647973,0.3161351929983345,LT-E,917.5030609977321,871.6279079478456,0.0,45.87515304988663,0,190,1334.501304692291,137.62545914965986,10,,0.0,0,2.100352964339147,2.100352964339147,2.55,13982.214199998656,13120.685918023848,137.62545914965986,15.36,30,1.0,917.5030609977321,871.6279079478456,15038.464367771421,14298.589899382854,0.0,14092.847016925163,13388.20466607891,16.39064217553449,16.404465447931045,flat,flat,739.874468388567,4.919880449856135,861.5282819748081,45.87515304988642,4.9999999999999805,0.0,0.0,0.95,True,-457.001377154064,False,False,False,0.5544201911133891,True
DHNC0230,Dhanmondi,Commercial,Commercial,36.75972604031296,0.5774431112276123,1.6267790832387652,24.585688524801867,0.2794428950969283,LT-E,7652.996666365846,7281.21554423182,0.0,371.7811221340263,0,204,9140.494868188493,1115.3433664020788,10,,0.0,0,23.619083959375175,23.619083959375175,21.35,117702.14054572977,110483.23427001148,1115.3433664020788,15.36,30,1.0,7652.996666365846,7281.21554423182,125445.10523514835,119449.01929737079,0.0,117550.02879537939,111839.47075940075,16.391632023892946,16.40509315673237,flat,flat,5996.085937777563,4.779848465619945,7218.906275718284,371.7811221340262,4.857980975843972,0.0,0.0,0.9514201902415602,True,-2029.0655640088507,False,True,False,0.6559913904274087,True
DHNC0231,Dhanmondi,Commercial,Commercial,36.75972604031296,0.5347339615124203,2.577467126557817,29.181009756382927,0.27644437413835965,LT-E,2343.065916282715,2228.672300064338,0.0,114.39361621837763,0,217,3338.1212309364014,343.1808486551329,10,,0.0,0,7.457981334213692,7.457981334213692,6.65,36366.809297202875,34123.25993344757,343.1808486551329,15.36,30,1.0,2343.065916282715,2228.672300064338,38417.39209780763,36572.45185543764,0.0,35989.4924741025,34232.40652898823,16.396206282901762,16.409972814030066,flat,flat,1844.9402423699867,4.802356801505202,2243.549363755308,114.39361621837725,4.88221929325246,0.0,0.0,0.9511778070674752,True,-1150.000139911282,False,False,False,0.5526882083466,True
DHNC0232,Dhanmondi,Commercial,Commercial,36.75972604031296,0.6482744673170733,2.2493560494953146,24.122724742555242,0.2957585698823511,LT-E,5698.4874195185575,5423.324858273467,0.0,275.1625612450907,0,145,6637.670724371822,825.4876837352722,10,,0.0,0,18.05931136774204,18.05931136774204,16.15,89891.49389426506,84219.69407014085,825.4876837352722,15.36,30,1.0,5698.4874195185575,5423.324858273467,93431.38010199528,88993.55831423447,0.0,87528.76676380503,83302.26982308045,16.395821070337455,16.409409474793264,flat,flat,4437.821787760811,4.7498193678785645,5671.799824124217,275.1625612450907,4.828694721736143,0.0,0.0,0.9517130527826385,True,-1374.3612528757385,False,True,False,0.6685811894022206,True
DHNC0233,Dhanmondi,Commercial,Commercial,36.75972604031296,0.5967002966737178,3.069427328958588,33.2631280115955,0.37652431369686484,LT-E,6240.888484049824,5939.529135663344,0.0,301.35934838647773,0,120,10024.154582870415,904.0780451594333,10,,0.0,0,20.28796372332333,20.28796372332333,17.2,97297.58962208495,90936.87084056034,904.0780451594333,15.36,30,1.0,6240.888484049824,5939.529135663344,102278.44947075556,97418.1258999784,0.0,95860.04711500529,91231.16752378896,16.388443685887694,16.401658056535226,flat,flat,4860.323570777153,4.752050501280686,6360.718781524614,301.3593483864797,4.828789188537499,0.0,0.0,0.9517121081146254,True,-4259.752966933829,False,False,False,0.48486119508598,True
DHNC0234,Dhanmondi,Commercial,Commercial,36.75972604031296,0.6554704558593628,2.36136812067222,23.043213619672162,0.2699455911723886,LT-E,5546.543790471945,5277.31593730553,0.0,269.22785316641523,0,210,6203.8749328794365,807.6835594992457,10,,0.0,0,16.53308329146391,16.53308329146391,16.45,85568.54280674878,80359.80251969268,807.6835594992457,15.36,30,1.0,5546.543790471945,5277.31593730553,91009.18325273153,86667.07643686359,0.0,85194.91262164907,81059.57279701294,16.408269129519976,16.422567355539776,flat,flat,4342.106815867941,4.771064480174442,5208.740287056105,269.2278531664151,4.8539750759545885,0.0,0.0,0.9514602492404541,True,-1054.0845575122503,False,True,False,0.6999023776020282,True
DHNC0235,Dhanmondi,Commercial,Commercial,36.75972604031296,0.6219672504552761,2.760704304791504,24.085020703443952,0.19347192942494412,LT-E,2620.346980742921,2525.6730278071655,0.0,94.67395293575572,0,300,2280.224116534555,284.02185880726717,10,,0.0,0,9.731589257217298,9.731589257217298,8.45,39437.23744140362,37734.09994658765,284.02185880726717,15.36,30,1.0,2620.346980742921,2525.6730278071655,43059.48110542183,41532.579592473965,0.0,40248.52962421127,38794.33770711806,16.432740175964636,16.444163252807627,flat,flat,1526.9015129478648,3.5460285952113,1703.1374948159646,94.67395293575555,3.6130311608164805,0.0,0.0,0.9638696883918352,True,-469.300744779423,False,True,False,0.6696278238072595,True
DHNC0236,Dhanmondi,Commercial,Commercial,36.75972604031296,0.5362486358709379,2.314911023784496,24.917129630932198,0.2770154233276872,LT-E,1199.2081007497957,1144.1620783269543,0.0,55.04602242284229,0,240,1371.5888763771616,165.1380672685269,10,,0.0,0,3.463704053661075,3.463704053661075,4.95,18361.191506908286,17354.79253059642,165.1380672685269,15.36,30,1.0,1199.2081007497957,1144.1620783269543,19808.603248892705,18920.820999257117,0.0,18419.83642751686,17574.329523102017,16.518069913393287,16.536836308125157,flat,flat,887.7822496355875,4.481801359140324,1006.3989763118661,55.04602242284136,4.590197680321227,0.0,0.0,0.9540980231967869,True,-318.66855947304725,False,False,False,0.6472655654517453,True
DHNC0237,Dhanmondi,Commercial,Commercial,36.75972604031296,0.5943932155910552,1.8408089122367497,24.019907968417005,0.25468565164154633,LT-E,2135.7736467944937,2030.2469563573368,0.0,105.52669043715686,0,278,2534.7413925121386,316.5800713114706,10,,0.0,0,8.13680718629048,8.13680718629048,9.700000000000001,32875.379866836985,30902.39869012365,316.5800713114706,15.36,30,1.0,2135.7736467944937,2030.2469563573368,35362.40737550159,33660.472912131125,0.0,32805.48321476342,31184.593249648693,16.55718873981602,16.579496798027293,flat,flat,1701.9344633704677,4.8128354082294065,1972.981176713336,105.52669043715696,4.940911720468983,0.0,0.0,0.9505908827953102,True,-516.2268578302003,False,True,False,0.6714430388828383,True
DHNC0238,Dhanmondi,Commercial,Commercial,36.75972604031296,0.47997822091744036,2.4017191139130976,23.345961102992693,0.24925097212373026,LT-E,5043.218360259085,4798.008232756584,0.0,245.21012750250162,0,275,5724.666098733282,735.6303825075048,10,,0.0,0,16.569233928371567,16.569233928371567,15.600000000000001,76626.15068721182,72031.43184454422,735.6303825075048,15.36,30,1.0,5043.218360259085,4798.008232756584,82811.22571425851,78856.47677789819,0.0,77463.83401357954,73697.40645514113,16.420313339358216,16.435252494886413,flat,flat,3954.7489363603236,4.775619370743587,4594.7188426676,245.21012750250065,4.862175499573322,0.0,0.0,0.9513782450042666,True,-1034.2867798654534,False,False,False,0.6908261317171679,True
DHNC0239,Dhanmondi,Commercial,Commercial,36.75972604031296,0.5309041370305612,3.534261446984237,25.372307192456343,0.2778303441550011,LT-E,5044.2679810233585,4800.035153165619,0.0,244.23282785773975,0,195,6196.750334888883,732.6984835732193,10,,0.0,0,13.739604554225258,13.739604554225258,14.25,77379.68621324937,72624.59327931252,732.6984835732193,15.36,30,1.0,5044.2679810233585,4800.035153165619,82700.57899794473,78761.5919502551,0.0,77479.95618851879,73728.5399526239,16.394961431285182,16.408544820408636,flat,flat,3938.987047689632,4.762949782718599,4755.092933936845,244.23282785773972,4.841789309698626,0.0,0.0,0.9515821069030137,True,-1525.0648036260318,False,False,False,0.6356536627774699,True
DHNC0240,Dhanmondi,Commercial,Commercial,36.75972604031296,0.5139635627285517,2.407827629123505,28.36644347438087,0.35167601573353247,LT-E,4461.895577249598,4246.899067272323,0.0,214.9965099772748,0,130,6098.686347459529,644.9895299318243,10,,0.0,0,15.497517479912196,15.497517479912196,15.65,69288.6062510713,64832.15561221619,644.9895299318243,15.36,30,1.0,4461.895577249598,4246.899067272323,73440.37686988151,69972.91315696802,0.0,68534.71606655382,65232.36967330288,16.45945665881128,16.476236437121138,flat,flat,3467.4637129134935,4.721467754797876,4456.450638855102,214.9965099772753,4.818501604419067,0.0,0.0,0.9518149839558094,True,-1986.2331046142117,False,False,False,0.5685591150884324,True
DHNC0241,Dhanmondi,Commercial,Commercial,36.75972604031296,0.5493012594831621,2.5576217647419357,23.960548145381686,0.3315462354669829,LT-E,6058.818915342006,5764.859561091529,0.0,293.9593542504773,0,184,7043.427260303871,881.8780627514317,10,,0.0,0,16.203903719264588,16.203903719264588,16.15,93169.78184151926,87322.6410267299,881.8780627514317,15.36,30,1.0,6058.818915342006,5764.859561091529,99242.80646663587,94501.83000128416,0.0,93063.4585396532,88548.24285836588,16.379893152993144,16.39273758533521,flat,flat,4740.976465351705,4.777148726588621,5847.140814789353,293.9593542504772,4.851760027125416,0.0,0.0,0.9514823997287458,True,-1420.5727322007342,False,False,False,0.6731064707761556,True
DHNC0242,Dhanmondi,Commercial,Commercial,36.75972604031296,0.6022173759091141,2.61374720452666,19.16476328725613,0.39072288364503527,LT-E,1286.0168637148374,1221.7160205290954,0.0,64.30084318574187,0,200,1232.3104388257186,192.9025295572256,10,,0.0,0,4.441644813163508,4.441644813163508,4.45,19755.49736795478,18506.342367032776,192.9025295572256,15.36,30,1.0,1286.0168637148374,1221.7160205290954,21161.404977992897,20124.36097909325,0.0,19753.219026659903,18765.558075326906,16.454998044788663,16.47220846819859,flat,flat,1037.0439988996477,4.900638686222093,1249.1550009220045,64.300843185742,5.00000000000001,0.0,0.0,0.95,True,-2.3639103688453815,False,True,False,0.841544440610158,True
DHNC0243,Dhanmondi,Commercial,Commercial,36.75972604031296,0.4144046394142541,1.4088210840379785,28.810943825935528,0.333962701796865,LT-E,574.3167216106594,546.3364466624151,0.0,27.98027494824407,0,97,806.1381297680911,83.94082484473219,10,,0.0,0,2.236192384751572,2.236192384751572,2.25,9045.689622682501,8476.521561270023,83.94082484473219,15.36,30,1.0,574.3167216106594,546.3364466624151,9475.205086136715,9023.939211771432,0.0,8821.504843939729,8391.727820734697,16.498222547941314,16.51718326115516,flat,flat,451.2658743652828,4.762597434703923,569.168061412478,27.9802749482443,4.871924130952377,0.0,0.0,0.9512807586904767,True,-270.93143055807604,False,False,False,0.5597872842153025,True
DHNC0244,Dhanmondi,Commercial,Commercial,36.75972604031296,0.4942634446712661,2.576528950499988,25.289705148453457,0.32329122011640754,LT-E,5016.304300581455,4773.263923038579,0.0,243.0403775428745,0,165,6146.419487228107,729.1211326286236,10,,0.0,0,14.947977908150243,14.947977908150243,14.25,77294.08676701349,72425.88998980567,729.1211326286236,15.36,30,1.0,5016.304300581455,4773.263923038579,82249.5807597777,78329.82555076621,0.0,77050.43405693115,73317.33385787258,16.39644962333005,16.410118278333698,flat,flat,3919.7552090114914,4.765684119971052,4868.196777207821,243.04037754287583,4.845008655370135,0.0,0.0,0.9515499134462989,True,-1497.5431455879916,False,False,False,0.6377298551061328,True
DHNC0245,Dhanmondi,Commercial,Commercial,36.75972604031296,0.3664571726211237,2.386994486715139,24.048459376606445,0.3424125730057815,LT-E,2124.4700980233383,2022.7279726959998,0.0,101.7421253273379,0,370,2446.741367824088,305.2263759820136,10,,0.0,0,4.771432980967091,4.771432980967091,6.1499999999999995,32093.57073254671,30229.808984631447,305.2263759820136,15.36,30,1.0,2124.4700980233383,2022.7279726959998,34844.6287409204,33203.73174364108,0.0,32631.860705638475,31069.101660610555,16.401562334692656,16.415322372481643,flat,flat,1640.8969972793202,4.709182036289869,1863.7617479152614,101.7421253273385,4.7890589480172965,0.0,0.0,0.9521094105198273,True,-500.6179945627539,False,False,False,0.6706458716307179,True
DHNC0246,Dhanmondi,Commercial,Commercial,36.75972604031296,0.6510325112512118,2.4483558809391615,32.49961576662916,0.22112441054451876,LT-E,1798.0165874923164,1722.3808532820535,0.0,75.63573421026263,0,230,2458.132300060424,226.90720263078788,10,,0.0,0,5.349787166456938,5.349787166456938,7.3500000000000005,27552.907886636724,26138.341047219197,226.90720263078788,15.36,30,1.0,1798.0165874923164,1722.3808532820535,29692.986523076077,28473.133401732957,0.0,27617.53478388198,26455.76990641234,16.514300663092722,16.53126446887543,flat,flat,1219.8531213431197,4.1082196982614185,1414.5668394175264,75.63573421026285,4.206620491513462,0.0,0.0,0.9579337950848655,True,-1011.3719760865163,False,True,False,0.49625202081805536,True
DHNC0247,Dhanmondi,Commercial,Commercial,36.75972604031296,0.49182991268432225,3.068634848080208,20.831769344647114,0.3341118873415201,LT-E,8231.516395522589,7830.551426521585,0.0,400.9649690010051,0,203,8352.80974951252,1202.8949070030153,10,,0.0,0,19.17476137805277,19.17476137805277,18.45,126164.56261360589,118294.7861340996,1202.8949070030153,15.36,30,1.0,8231.516395522589,7830.551426521585,134501.42142698832,128034.65840694013,0.0,126436.09183522697,120277.26991137155,16.339810912622173,16.3506567332276,flat,flat,6466.763020048194,4.807951433850505,7869.776479506283,400.96496900100374,4.87109482305232,0.0,0.0,0.9512890517694766,True,-683.1518224613101,False,False,False,0.7742021204811473,True
DHNC0248,Dhanmondi,Commercial,Commercial,36.75972604031296,0.6479858294063585,2.9963009164403234,27.70938720083289,0.3452087192246569,LT-E,4968.895869357745,4725.718610825007,0.0,243.17725853273797,0,230,6738.29281512068,729.5317755982139,10,,0.0,0,14.437190463300405,14.437190463300405,16.25,76995.06880766597,72227.96122814667,729.5317755982139,15.36,30,1.0,4968.895869357745,4725.718610825007,81673.97758100172,77752.01475538571,0.0,76322.24055333497,72587.0378622721,16.437047530955503,16.452950579258445,flat,flat,3921.9628256160067,4.8019735805401735,4767.107579519303,243.17725853273805,4.893989830464488,0.0,0.0,0.9510601016953552,True,-2086.798213906459,False,True,False,0.5820410203627766,True
DHNC0249,Dhanmondi,Commercial,Commercial,36.75972604031296,0.6575246329297171,2.387304942356936,19.738096995422765,0.2606412942673965,LT-E,3085.669791352396,2934.591949107357,0.0,151.0778422450386,0,320,2981.9891040917505,453.23352673511584,10,,0.0,0,7.988087917930544,7.988087917930544,10.25,47510.74192107855,44702.40151476345,453.23352673511584,15.36,30,1.0,3085.669791352396,2934.591949107357,50734.30739493144,48297.72395520345,0.0,47395.8879951728,45075.332338289,16.441910776426752,16.45807144325283,flat,flat,2436.5834397279905,4.802634676296803,2808.340406315103,151.07784224503894,4.896111783199722,0.0,0.0,0.9510388821680029,True,-92.17213762864412,False,True,False,0.8171000478789882,True
DHNC0250,Dhanmondi,Commercial,Commercial,36.75972604031296,0.5382462551099008,3.1941314430145407,17.499407546439382,0.2430916694858724,LT-E,6329.762520361548,6022.78294411545,0.0,306.97957624609796,0,275,5371.960713163729,920.9387287382939,10,,0.0,0,18.823267520696554,18.823267520696554,20.2,97628.1877294337,91745.84769235755,920.9387287382939,15.36,30,1.0,6329.762520361548,6022.78294411545,103995.30992839104,99044.34332269397,0.0,97225.15231275337,92509.9460216133,16.42957529510143,16.444946504251007,flat,flat,4950.966605697075,4.760759508391489,5882.340037076152,306.9795762460981,4.849780307848955,0.0,0.0,0.9515021969215105,True,499.94462127163933,True,True,True,0.9216312013535338,True
DHNC0251,Dhanmondi,Commercial,Commercial,36.75972604031296,0.5590233038953479,2.70498748732697,27.589228826542918,0.3125255801161915,LT-E,4578.423261211303,4356.031434253208,0.0,222.39182695809424,0,168,6135.619003099799,667.1754808742828,10,,0.0,0,17.008448034790778,17.008448034790778,21.25,72005.05992844459,67508.30072120533,667.1754808742828,15.36,30,1.0,4578.423261211303,4356.031434253208,75848.93535681588,72262.19997163574,0.0,70324.5812922056,66908.64283012928,16.566606237438325,16.588998739405163,flat,flat,3586.7353851801454,4.72878804205633,4496.759207239258,222.3918269580945,4.857388980224096,0.0,0.0,0.9514261101977591,True,-1881.7081370453707,False,False,False,0.58457596264828,True
DHNC0252,Dhanmondi,Commercial,Commercial,36.75972604031296,0.36693762076825037,1.462540541830387,22.113647065527733,0.34680301745181513,LT-E,1749.3945798051477,1706.3260686958179,0.0,43.068511109330096,0,260,952.4018543094859,129.20553332799028,10,,0.0,0,5.124934260846789,5.124934260846789,6.450000000000001,26520.572440914595,25734.92328718298,129.20553332799028,15.36,30,1.0,1749.3945798051477,1706.3260686958179,28823.760783097423,28129.15183592615,0.0,26870.70074580707,26209.168415167762,16.476420537617013,16.48521484374078,flat,flat,694.608947171273,2.4098484316404662,785.6491537316142,43.06851110932985,2.461909486087863,0.0,0.0,0.9753809051391212,True,-128.58737381022263,False,False,False,0.7293233880512351,True
DHNC0253,Dhanmondi,Commercial,Commercial,36.75972604031296,0.6988064319277402,2.13775404733667,28.650220690396807,0.3005873336984089,LT-E,4317.664064550847,4104.644254419247,0.0,213.01981013160153,0,279,6103.064571696809,639.0594303948046,10,,0.0,0,12.461752481472509,12.461752481472509,11.200000000000001,66545.10177468054,62463.19542036808,639.0594303948046,15.36,30,1.0,4317.664064550847,4104.644254419247,70693.68603307605,67258.10253527362,0.0,66319.320031501,63047.33574787963,16.37313254949354,16.385854258346622,flat,flat,3435.583497802436,4.859816612469465,4081.906354312465,213.01981013160002,4.9336818924971135,0.0,0.0,0.9506631810750286,True,-2028.4216434995687,False,True,False,0.5629276009523286,True
DHNC0254,Dhanmondi,Commercial,Commercial,36.75972604031296,0.5817491403872718,3.413798905296532,20.060375196781678,0.3431925544801178,LT-E,8962.724365207096,8527.214707147761,0.0,435.50965805933316,0,189,8736.487142492317,1306.5289741779995,10,,0.0,0,18.737081295251716,18.737081295251716,20.25,135537.1015883473,127017.17724927019,1306.5289741779995,15.36,30,1.0,8962.724365207096,8527.214707147761,146464.44356206,139440.5437968791,0.0,137667.44624958097,130978.0179017896,16.341509299407733,16.35241384035938,flat,flat,7023.899765180919,4.795634759097519,8519.9243390771,435.50965805933447,4.859121404535924,0.0,0.0,0.951408785954641,True,-406.0584031333983,False,True,False,0.8039729986001174,True
DHNC0255,Dhanmondi,Commercial,Commercial,36.75972604031296,0.3816433062533817,2.1532672813052427,21.29337066626516,0.34362470074083606,LT-E,7039.1215643033875,6698.930906806368,0.0,340.19065749701986,0,160,7243.805767284502,1020.5719724910597,10,,0.0,0,19.97846541018854,19.97846541018854,18.75,109298.21843748832,102371.57811212985,1020.5719724910597,15.36,30,1.0,7039.1215643033875,6698.930906806368,115298.82758908502,109812.2326649731,0.0,108120.90722770002,102895.5787285458,16.37971819861522,16.392501160655307,flat,flat,5486.594924111923,4.758586916135582,6926.640325358472,340.19065749701986,4.832856690843158,0.0,0.0,0.9516714330915684,True,-736.6388706815187,False,False,False,0.7574188348466296,True
DHNC0256,Dhanmondi,Commercial,Commercial,36.75972604031296,0.4174670995026155,2.8882362692771646,30.714750386613446,0.3182763680302469,LT-E,3198.4780850036404,3115.22023151634,0.0,83.25785348729933,0,120,2557.244187587633,249.773560461898,10,,0.0,0,12.415184878541622,12.415184878541622,11.55,48054.967089228354,46308.112644468354,249.773560461898,15.36,30,1.0,3198.4780850036404,3115.22023151634,52676.52955493871,51333.74689389553,0.0,49128.62338565591,47849.78275609098,16.4692482346268,16.4783684872606,flat,flat,1342.7826610431803,2.5491099591948863,1746.8544447599998,83.25785348730051,2.60304592605035,0.0,0.0,0.9739695407394968,True,-964.6879660825548,False,False,False,0.5250897304061876,True
DHNC0257,Dhanmondi,Commercial,Commercial,36.75972604031296,0.629677090893026,1.5069545431503717,26.033240783128228,0.361498859078496,LT-E,7750.515128550931,7374.50902543635,0.0,376.0061031145816,0,171,9788.657418307646,1128.018309343745,10,,0.0,0,19.432903503833273,19.432903503833273,18.849999999999998,118573.79158095835,111088.49988415366,1128.018309343745,15.36,30,1.0,7750.515128550931,7374.50902543635,126781.63299326942,120717.40656223746,0.0,119047.9123745423,113272.45863070234,16.35783311050359,16.36955167399698,flat,flat,6064.226431031959,4.783205806596524,7485.291696804692,376.0061031145806,4.851369191313098,0.0,0.0,0.9514863080868688,True,-2596.412677931943,False,True,False,0.6195156467208757,True
DHNC0258,Dhanmondi,Commercial,Commercial,36.75972604031296,0.607697060183224,3.13551123995833,26.528377093143472,0.2748842027398379,LT-E,6245.641426328133,5941.828238154827,0.0,303.8131881733086,0,249,8059.670821731686,911.4395645199259,10,,0.0,0,15.500950543015255,15.500950543015255,17.05,95081.52647687931,89308.56232868007,911.4395645199259,15.36,30,1.0,6245.641426328133,5941.828238154827,102340.92992382012,97441.03082496104,0.0,95933.05230840012,91266.48173805814,16.385975905118084,16.399166539223344,flat,flat,4899.899098859081,4.787819597209481,5772.964148199244,303.8131881733061,4.864403308403194,0.0,0.0,0.9513559669159677,True,-2248.3321583526795,False,True,False,0.6079527572822506,True
DHNC0259,Dhanmondi,Commercial,Commercial,36.75972604031296,0.45461745249307833,1.7515220777982081,26.96614190871414,0.3234694337733327,LT-E,4964.042714443808,4722.282105859091,0.0,241.76060858471607,0,175,6519.350879032547,725.2818257541483,10,,0.0,0,13.254884112047966,13.254884112047966,11.350000000000001,75760.53593862987,70967.28570560343,725.2818257541483,15.36,30,1.0,4964.042714443808,4722.282105859091,81132.65589854974,77233.54080329541,0.0,76247.6960938569,72534.25314599564,16.344068849866893,16.35513064911332,flat,flat,3899.115095254325,4.805851666103318,4793.25023302644,241.76060858471737,4.870236266929569,0.0,0.0,0.9512976373307046,True,-1894.9539580240735,False,False,False,0.598083331853576,True
DHNC0260,Dhanmondi,Commercial,Commercial,36.75972604031296,0.5638238482917743,1.6459911596907078,30.415768497242343,0.3930933119169888,LT-E,5238.639892146789,4983.662452788977,0.0,254.97743935781193,0,191,7755.334767526855,764.9323180734356,10,,0.0,0,10.683711300951497,10.683711300951497,10.25,79095.61695776712,74031.59118493237,764.9323180734356,15.36,30,1.0,5238.639892146789,4983.662452788977,85457.40918054341,81345.13303858062,0.0,80465.50874337468,76549.05527483868,16.312900092379333,16.32236007337494,flat,flat,4112.276141962793,4.812076777655294,5064.02577283475,254.97743935781182,4.867245021747856,0.0,0.0,0.9513275497825214,True,-2878.1263074906265,False,False,False,0.5302512741528218,True
DHNC0261,Dhanmondi,Commercial,Commercial,36.75972604031296,0.4724582862294126,2.2372207371232444,22.667328883808295,0.4020960903347974,LT-E,1387.1971599959058,1346.6424265275373,0.0,40.55473346836877,0,240,919.2674813227022,121.6642004051063,10,,0.0,0,3.860254500351716,3.860254500351716,4.75,21076.778217355528,20332.193310876275,121.6642004051063,15.36,30,1.0,1387.1971599959058,1346.6424265275373,22821.59079641397,22167.52405503612,0.0,21307.348377537113,20684.42767146297,16.451584139980017,16.46132901975877,flat,flat,654.0667413778501,2.865999777196188,744.5849064792528,40.55473346836857,2.9235017658548452,0.0,0.0,0.9707649823414514,True,-143.53653953974583,False,False,False,0.7115086247114236,True
DHNC0262,Dhanmondi,Commercial,Commercial,36.75972604031296,0.4953936037527889,3.0815172003993276,25.14894791466731,0.3496681127410229,LT-E,2337.2094712431353,2223.37544765167,0.0,113.83402359146555,0,195,2862.8059302187767,341.50207077439666,10,,0.0,0,6.573971182997175,6.573971182997175,7.0,35743.071751278374,33530.46889965786,341.50207077439666,15.36,30,1.0,2337.2094712431353,2223.37544765167,38356.014352209284,36520.09921972613,0.0,35899.53747829456,34151.04687592965,16.4110298302908,16.42552060125458,flat,flat,1835.9151324831546,4.786511746566303,2212.6028516205115,113.83402359146521,4.870510110115127,0.0,0.0,0.9512948988988486,True,-685.3887269612255,False,False,False,0.6412991929015787,True
DHNC0263,Dhanmondi,Commercial,Commercial,36.75972604031296,0.6023643008208747,3.1296951413551577,19.40823694129841,0.3256603412593536,LT-E,5893.196217414975,5607.475148024925,0.0,285.7210693900484,0,207,5545.342213843224,857.163208170145,10,,0.0,0,16.34211746563203,16.34211746563203,20.15,89928.3313839134,84367.54330223783,857.163208170145,15.36,30,1.0,5893.196217414975,5607.475148024925,96949.64359446871,92341.534187346,0.0,90519.49389949402,86130.81827366285,16.451114135309627,16.46757796507947,flat,flat,4608.109407122713,4.753095768353727,5560.788081675579,285.7210693900497,4.848320993380737,0.0,0.0,0.9515167900661928,True,-80.06959855036712,False,True,False,0.8309873817379868,True
DHNC0264,Dhanmondi,Commercial,Commercial,36.75972604031296,0.6628197138815369,2.7195113147399637,22.984476266533402,0.20479180861785368,LT-E,3416.513498371206,3293.027184240861,0.0,123.48631413034543,0,310,2838.268256370613,370.4589423910364,10,,0.0,0,9.058842770378284,9.058842770378284,9.8,52315.378548351706,50018.63912726054,370.4589423910364,15.36,30,1.0,3416.513498371206,3293.027184240861,56027.62970173081,54036.04242743661,0.0,52477.647334981724,50580.897549939626,16.399065810347746,16.409230596708085,flat,flat,1991.587274294201,3.5546520259676035,2296.739421091166,123.48631413034491,3.614395616736652,0.0,0.0,0.9638560438326333,True,-476.2220396853754,False,True,False,0.7016909940855658,True
DHNC0265,Dhanmondi,Commercial,Commercial,36.75972604031296,0.6654722756464848,1.5587888962256895,20.01552066281002,0.26168628033352276,LT-E,2848.381353809079,2726.258476301418,0.0,122.12287750766106,0,260,2444.3529781564066,366.3686325229832,10,,0.0,0,9.142864668545823,9.142864668545823,8.450000000000001,43732.77311794755,41463.24380286232,366.3686325229832,15.36,30,1.0,2848.381353809079,2726.258476301418,46737.21947423283,44767.62170578927,0.0,43751.137594507454,41875.33019598978,16.40834343046522,16.420901427704436,flat,flat,1969.5977684435566,4.214195432677452,2269.5293150852303,122.12287750766109,4.287448285123366,0.0,0.0,0.9571255171487664,True,-108.38657718986678,False,True,False,0.8057746921351259,True
DHNC0266,Dhanmondi,Commercial,Commercial,36.75972604031296,0.40102203880365117,2.6261337223807715,25.781407050104715,0.2371815583638487,LT-E,2024.6277634953303,1933.7141895813402,0.0,90.91357391399147,0,340,2343.8798554563964,272.7407217419744,10,,0.0,0,5.610739372809656,5.610739372809656,6.85,31211.646364958335,29527.55473863069,272.7407217419744,15.36,30,1.0,2024.6277634953303,1933.7141895813402,33300.52156965269,31834.26744956785,0.0,31098.28244728827,29701.849951969383,16.447725438755445,16.46275733047196,flat,flat,1466.2541200848354,4.403096561169351,1684.091626327645,90.91357391399015,4.490384630359725,0.0,0.0,0.9550961536964021,True,-604.8850136295864,False,False,False,0.6255670983610757,True
DHNC0267,Dhanmondi,Commercial,Commercial,36.75972604031296,0.6745888735298629,2.87436078000358,15.974972525226818,0.2708616911729081,LT-E,12448.36789533793,11842.736313493497,0.0,605.6315818444307,0,310,9674.947880374439,1816.894745533292,10,,0.0,0,23.931442082722274,23.931442082722274,20.4,187218.3607457345,175832.17182049074,1816.894745533292,15.36,30,1.0,12448.36789533793,11842.736313493497,202695.07741601014,192927.4512640231,0.0,191206.9308723906,181904.4297752601,16.28286367499807,16.290783325489016,flat,flat,9767.626151987031,4.8188768452131745,11386.188925243769,605.6315818444327,4.865148483209991,0.0,0.0,0.9513485151679002,True,1909.5730171458854,True,True,True,1.0095792011242344,True
DHNC0268,Dhanmondi,Commercial,Commercial,36.75972604031296,0.4647852731168096,1.918530410352436,21.219009027306075,0.45386505712300956,LT-E,3108.3149689400234,2957.2961102388035,0.0,151.01885870121973,0,168,3204.470526074642,453.0565761036592,10,,0.0,0,12.263890444535967,12.263890444535967,14.250000000000002,46904.28856437264,43922.869445843564,453.0565761036592,15.36,30,1.0,3108.3149689400234,2957.2961102388035,51477.5288190647,49041.896665931425,0.0,47743.71792291876,45424.06825326802,16.561233122594142,16.583356836042793,flat,flat,2435.6321531332724,4.731447311105649,2981.4191185290765,151.01885870121987,4.858544266275541,0.0,0.0,0.9514145573372447,True,-315.7817968377103,False,False,False,0.7600731956542075,True
DHNC0269,Dhanmondi,Commercial,Commercial,36.75972604031296,0.4864136240076534,3.4631325281096297,25.069526174169695,0.3606881446210819,LT-E,2643.495271087436,2514.8251379547146,0.0,128.67013313272128,0,186,3225.6992704046543,386.0103993981637,10,,0.0,0,9.639982074212732,9.639982074212732,10.15,40779.57955960957,38203.54150803321,386.0103993981637,15.36,30,1.0,2643.495271087436,2514.8251379547146,43593.46673209816,41518.27482493363,0.0,40604.08736390301,38627.71411898441,16.49084347110083,16.509408228160183,flat,flat,2075.1919071645316,4.760327780117918,2576.038051576361,128.67013313272128,4.86742437332945,0.0,0.0,0.9513257562667055,True,-764.4969638419589,False,False,False,0.643330866644678,True
DHNC0270,Dhanmondi,Commercial,Commercial,36.75972604031296,0.5370389990461566,2.7225671100081303,21.061782399713195,0.33488997486573524,LT-E,5821.666449917623,5537.217779584621,0.0,284.44867033300363,0,168,5990.995998441476,853.346010999011,10,,0.0,0,23.45201800027378,23.45201800027378,22.55,91891.431387903,86063.75720233668,853.346010999011,15.36,30,1.0,5821.666449917623,5537.217779584621,96022.81150427143,91435.22334914077,0.0,89420.7966707347,85051.66509441978,16.494042097796612,16.512845798887806,flat,flat,4587.588155130667,4.777602408492897,5827.674185566313,284.44867033300216,4.886035171888405,0.0,0.0,0.9511396482811157,True,-550.0618323117988,False,True,False,0.7657471572880539,True
DHNC0271,Dhanmondi,Commercial,Commercial,36.75972604031296,0.57617130045686,3.5346336283932436,19.418589271898536,0.25923880914233566,LT-E,2544.07785580434,2436.225009005215,0.0,107.85284679912506,0,340,2094.350133797206,323.5585403973751,10,,0.0,0,6.2719060996284135,6.2719060996284135,7.85,38563.550135679914,36584.89170305976,323.5585403973751,15.36,30,1.0,2544.07785580434,2436.225009005215,41772.71265841239,40033.2619452361,0.0,39077.035865154656,37420.4161383201,16.419588953658597,16.43249773615242,flat,flat,1739.4507131762875,4.164083686401411,1978.6584326201555,107.85284679912502,4.239368954572583,0.0,0.0,0.9576063104542741,True,-31.340880223543536,False,True,False,0.8305443703544161,True
DHNC0272,Dhanmondi,Commercial,Commercial,36.75972604031296,0.4299018931112148,1.6347311060845564,21.784241601095413,0.3119781376474623,LT-E,3517.340334645197,3344.7826342079625,0.0,172.5577004372349,0,185,3759.038636454172,517.6731013117046,10,,0.0,0,10.236912856448784,10.236912856448784,8.45,53901.53031309153,50537.199489701416,517.6731013117046,15.36,30,1.0,3517.340334645197,3344.7826342079625,57526.18991715773,54743.17932450602,0.0,54026.34754015022,51375.8612614343,16.355025230437516,16.366737486805054,flat,flat,2783.0105926517135,4.837814909451624,3364.3308233901116,172.55770043723442,4.905914242576152,0.0,0.0,0.9509408575742383,True,-458.35494249075373,False,False,False,0.7403516861100617,True
DHNC0273,Dhanmondi,Commercial,Commercial,36.75972604031296,0.35034506219439576,1.7780734419366597,31.079222980183964,0.337397598094451,LT-E,1088.242674531563,1088.242674531563,0.0,0.0,0,0,0.0,0.0,0,,0.0,0,3.7450528215171843,3.7450528215171843,3.95,16829.604196760116,16829.604196760116,0.0,15.36,30,1.0,1088.242674531563,1088.242674531563,17924.452854845047,17924.452854845047,0.0,16715.407480804806,16715.407480804806,16.471007133184404,16.471007133184404,flat,flat,0.0,0.0,0.0,0.0,0.0,0.0,0.0,1.0,True,0.0,False,False,False,,False
DHNC0274,Dhanmondi,Commercial,Commercial,36.75972604031296,0.5206705527102051,2.9028153403622694,29.603850088806983,0.25693295717310927,LT-E,6837.775770907468,6505.458048979219,0.0,332.31772192824826,0,214,9837.884021817708,996.953165784745,10,,0.0,0,22.54216472948664,22.54216472948664,20.25,106474.62557897522,99981.78372287628,996.953165784745,15.36,30,1.0,6837.775770907468,6505.458048979219,112193.27263319564,106833.65241393684,0.0,105028.2358411387,99923.8356323208,16.407860741871918,16.422156842699227,flat,flat,5359.620219258795,4.777131545829421,6492.841856098938,332.31772192824883,4.860026608976469,0.0,0.0,0.9513997339102354,True,-3481.3106367741684,False,False,False,0.5447940031995334,True
DHNC0275,Dhanmondi,Commercial,Commercial,36.75972604031296,0.4599966576065344,2.277267601772285,25.800315482414177,0.20434207715574956,LT-E,6248.413429466077,5945.15430773534,0.0,303.2591217307373,0,349,7824.181013572868,909.7773651922118,10,,0.0,0,18.415102417184226,18.415102417184226,18.25,96255.6079127348,90557.98724701683,909.7773651922118,15.36,30,1.0,6248.413429466077,5945.15430773534,102499.03679042889,97608.07367515555,0.0,95975.63027659894,91317.57016681481,16.40401006550992,16.4180891904111,flat,flat,4890.963115273335,4.771716172585576,5697.620665717972,303.2591217307372,4.853377983931683,0.0,0.0,0.9514662201606832,True,-2023.4405331073222,False,False,False,0.6251086352410326,True
DHNC0276,Dhanmondi,Commercial,Commercial,36.75972604031296,0.6527267515818407,2.3091136553626446,15.39477646054663,0.24597520606413512,LT-E,5976.804632192927,5685.168533498815,0.0,291.63609869411306,0,289,4489.672547221786,874.9082960823391,10,,0.0,0,19.15437575342423,19.15437575342423,17.349999999999998,92630.87018499359,87109.16874493902,874.9082960823391,15.36,30,1.0,5976.804632192927,5685.168533498815,98033.48010800751,93329.9731082689,0.0,91803.71915048335,87324.1886745418,16.402323003828624,16.416395144372434,flat,flat,4703.506999738616,4.797857828322089,5521.701440054574,291.63609869411175,4.879465143017543,0.0,0.0,0.9512053485698243,True,1088.7427485991693,True,True,True,1.0476280731540548,True
DHNC0277,Dhanmondi,Commercial,Commercial,36.75972604031296,0.6536572705484058,3.400052167892826,20.827783094581548,0.3344004464389872,LT-E,1536.1009443087082,1459.4007066002077,0.0,76.70023770850086,0,255,1597.4959142955006,230.1007131255026,10,,0.0,0,4.712920564054598,4.712920564054598,5.6499999999999995,23857.50842074724,22388.868612337148,230.1007131255026,15.36,30,1.0,1536.1009443087082,1459.4007066002077,25308.161029810846,24071.139596048153,0.0,23594.510504581758,22416.39485337919,16.475584578981092,16.493852227962684,flat,flat,1237.021433762693,4.887836110674291,1468.639808410091,76.70023770850048,4.993176912798391,0.0,0.0,0.9500682308720159,True,-130.37376740730497,False,True,False,0.7743502957929144,True
DHNC0278,Dhanmondi,Commercial,Commercial,36.75972604031296,0.4205304817142217,1.6862573629512183,28.829394236703838,0.25059898799987146,LT-E,2263.6432243286886,2152.943014090164,0.0,110.70021023852438,0,201,3191.4200030524175,332.1006307155731,10,,0.0,0,7.877607871055033,7.877607871055033,7.25,34267.445940264945,32200.231490123362,332.1006307155731,15.36,30,1.0,2263.6432243286886,2152.943014090164,37193.16292197309,35407.78993124616,0.0,34769.559925688656,33069.20469642492,16.43066474532584,16.446227187397028,flat,flat,1785.3729907269299,4.800272013629048,2067.2144501415823,110.7002102385245,4.890355911601485,0.0,0.0,0.9510964408839852,True,-1073.9463816099146,False,False,False,0.5594290281502651,True
DHNC0279,Dhanmondi,Commercial,Commercial,36.75972604031296,0.49866380170915275,2.473975649184761,28.137690116573776,0.3271746664292288,LT-E,6555.233487518936,6236.797026652185,0.0,318.43646086675204,0,207,8960.06645768714,955.3093826002562,10,,0.0,0,17.36847529571119,17.36847529571119,16.95,100454.76081116352,94239.92080545086,955.3093826002562,15.36,30,1.0,6555.233487518936,6236.797026652185,107324.5806867054,102188.83744584644,0.0,100688.38636829086,95797.20232937756,16.3723505640264,16.384826539833668,flat,flat,5135.743240858967,4.785244170532451,6214.840005712656,318.4364608667511,4.857743991469552,0.0,0.0,0.9514225600853043,True,-2869.013834227918,False,False,False,0.573181378186413,True
DHNC0280,Dhanmondi,Commercial,Commercial,36.75972604031296,0.4959327830201956,1.7363544235997714,27.609719786311214,0.22749718725283105,LT-E,2142.1003449276586,2037.3791347769873,0.0,104.72121015067141,0,205,2891.323267943447,314.1636304520142,10,,0.0,0,6.854564280814256,6.854564280814256,7.15,33014.859624069206,31024.45371327201,314.1636304520142,15.36,30,1.0,2142.1003449276586,2037.3791347769873,35223.46936299328,33534.52568568325,0.0,32902.66129808884,31294.143510174523,16.443426399888292,16.45963930486309,flat,flat,1688.9436773100315,4.794938453974329,1990.4059107971952,104.72121015067137,4.888716366562553,0.0,0.0,0.9511128363343745,True,-888.215960181401,False,False,False,0.5841421109965856,True
DHNC0281,Dhanmondi,Commercial,Commercial,36.75972604031296,0.40690717559017625,2.8039934617759914,22.75615450847333,0.31933600480849184,LT-E,2688.981372435192,2556.874836967893,0.0,132.10653546729958,0,216,3006.236732672981,396.31960640189874,10,,0.0,0,8.457113212583959,8.457113212583959,9.25,41443.13677450977,38892.513788746495,396.31960640189874,15.36,30,1.0,2688.981372435192,2556.874836967893,44242.01657463478,42111.402370618176,0.0,41302.75388060455,39273.597495826834,16.45307662900185,16.469872424634048,flat,flat,2130.6142040166014,4.815816205896328,2550.6229857632716,132.10653546729918,4.912883994717339,0.0,0.0,0.9508711600528265,True,-479.30292225448056,False,False,False,0.708731345359544,True
DHNC0282,Dhanmondi,Commercial,Commercial,36.75972604031296,0.6429336322230459,2.2876661716839486,28.451605633779188,0.3484042617023189,LT-E,1070.3315265082542,1017.0465183769519,0.0,53.285008131302334,0,260,1516.0440375445314,159.85502439390703,10,,0.0,0,2.927005586891676,2.927005586891676,4.250000000000001,16396.72258632338,15394.94572097332,159.85502439390703,15.36,30,1.0,1070.3315265082542,1017.0465183769519,17663.931859525124,16804.55124838348,0.0,16440.292247166784,15621.83452226998,16.503234205527164,16.522893441689305,flat,flat,859.3806111416452,4.865171684175353,1001.7768653500607,53.285008131302334,4.978364816099005,0.0,0.0,0.95021635183901,True,-496.8084020089792,False,True,False,0.5668572876903665,True
DHNC0283,Dhanmondi,Commercial,Commercial,36.75972604031296,0.43040963432368,2.4189978798335483,28.861382800331608,0.3052752673770928,LT-E,817.0730088220594,776.2193583809565,0.0,40.853650441103014,0,170,1179.0928441716098,122.560951323309,10,,0.0,0,3.2589199778356406,3.2589199778356406,3.75,12643.8120371136,11876.788447160117,122.560951323309,15.36,30,1.0,817.0730088220594,776.2193583809565,13532.128486282172,12873.240811968066,0.0,12550.24141550683,11922.729344731491,16.56171277251085,16.58453976053774,flat,flat,658.8876743141063,4.869061618665799,767.0235899534819,40.8536504411029,4.999999999999992,0.0,0.0,0.95,True,-397.64421853419447,False,False,False,0.5588089840177244,True
DHNC0284,Dhanmondi,Commercial,Commercial,36.75972604031296,0.5306444062632876,1.866892792145785,36.54599073510335,0.15836365897749238,LT-E,4602.68755955397,4387.441447676577,0.0,215.2461118773925,0,330,7866.382410438207,645.7383356321776,10,,0.0,0,11.440139840952352,11.440139840952352,15.450000000000001,70567.3645741096,66621.53185084474,645.7383356321776,15.36,30,1.0,4602.68755955397,4387.441447676577,75692.16996048643,72220.68066812782,0.0,70697.28091474898,67391.10063631221,16.44521140770665,16.460773671720034,flat,flat,3471.4892923586012,4.586325499943815,3945.832723264859,215.24611187739265,4.676531028716001,0.0,0.0,0.95323468971284,True,-3749.1547824474283,False,False,False,0.4413069580436552,True
DHNC0285,Dhanmondi,Commercial,Commercial,36.75972604031296,0.4992204322784264,2.6801797906183356,29.135876762743163,0.34757885995432136,LT-E,10123.072178052735,9631.56337782053,0.0,491.5088002322056,0,215,14320.539831369291,1474.5264006966167,10,,0.0,0,21.272418915195974,21.272418915195974,19.549999999999997,153148.76480981585,143517.43002654548,1474.5264006966167,15.36,30,1.0,10123.072178052735,9631.56337782053,165112.38308763452,157185.32915748953,0.0,155490.38865489,147940.81348332335,16.310501415331743,16.31981465433269,flat,flat,7927.05393014499,4.801005098410852,9631.334783270373,491.5088002322045,4.855332369335637,0.0,0.0,0.9514466763066435,True,-4918.959500527684,False,False,False,0.5535443512248537,True
DHNC0286,Dhanmondi,Commercial,Commercial,36.75972604031296,0.6054259239827195,2.0212405933831943,25.720123315705244,0.29013420190562084,LT-E,4792.4294688319205,4558.642206107592,0.0,233.78726272432874,0,195,6013.037226910915,701.3617881729862,10,,0.0,0,16.27724976429667,16.27724976429667,15.65,74164.24114859883,69584.73614813286,701.3617881729862,15.36,30,1.0,4792.4294688319205,4558.642206107592,78771.22747332123,75000.70650010323,0.0,73611.7166412583,70020.7442858126,16.43659609090094,16.452422258456377,flat,flat,3770.5209732179937,4.786672867951714,4579.5050004659715,233.78726272432868,4.878261938851458,0.0,0.0,0.9512173806114854,True,-1541.154465519935,False,True,False,0.6270576467318877,True
DHNC0287,Dhanmondi,Commercial,Commercial,36.75972604031296,0.7040617239182783,1.7959685668619916,22.47423918233528,0.30310476040145334,LT-E,1994.9811292691606,1897.437042584069,0.0,97.54408668509117,0,225,2192.229134983185,292.6322600552735,10,,0.0,0,5.6991551404589265,5.6991551404589265,7.050000000000001,30697.624425244645,28801.439932652702,292.6322600552735,15.36,30,1.0,1994.9811292691606,1897.437042584069,32841.28065285302,31268.089622795866,0.0,30642.910145574308,29144.6329740913,16.461950527263415,16.479118369172706,flat,flat,1573.1910300571544,4.790285271413393,1896.1844925919431,97.54408668509154,4.889474153613961,0.0,0.0,0.9511052584638606,True,-326.40584487075694,False,True,False,0.7176216231015565,True
DHNC0288,Dhanmondi,Commercial,Commercial,36.75972604031296,0.5537523747963661,3.633346171602608,25.479238727404752,0.26332591884030865,LT-E,3274.5294432664505,3115.113005447861,0.0,159.4164378185891,0,242,4061.809476252307,478.24931345576726,10,,0.0,0,11.926369076643361,11.926369076643361,13.15,50198.746919203026,47173.899527758665,478.24931345576726,15.36,30,1.0,3274.5294432664505,3115.113005447861,54054.28586100131,51483.2175518631,0.0,50296.77224857268,47848.13576367914,16.507497274808557,16.52691811238525,flat,flat,2571.068309138216,4.756455974184226,3024.8473914443603,159.41643781858966,4.86837698608587,0.0,0.0,0.9513162301391415,True,-1012.4918536583236,False,False,False,0.632985944852946,True
DHNC0289,Dhanmondi,Commercial,Commercial,36.75972604031296,0.6046533629411428,2.1669608655338646,27.879633180580345,0.3344375784815317,LT-E,1749.962519037337,1664.7430418395902,0.0,85.21947719774708,0,155,2375.88776411402,255.6584315932412,10,,0.0,0,7.316396132117715,7.316396132117715,6.2,26834.789462256977,25134.257673438,255.6584315932412,15.36,30,1.0,1749.962519037337,1664.7430418395902,28809.29550703417,27434.87577878891,0.0,26879.424292413496,25570.453122656105,16.46280717079718,16.4799462074775,flat,flat,1374.4197282452587,4.770750912356312,1700.5317888189747,85.21947719774676,4.869788710939158,0.0,0.0,0.9513021128906083,True,-745.8096042755199,False,True,False,0.5784868077544844,True
DHNC0290,Dhanmondi,Commercial,Commercial,36.75972604031296,0.5794405349968783,3.03055432224512,23.844465693107843,0.33447502371159277,LT-E,2056.1275767706384,1955.9845750472261,0.0,100.14300172341224,0,190,2387.8563689987427,300.4290051702367,10,,0.0,0,7.668302106556256,7.668302106556256,7.15,31535.43154626861,29558.630811724088,300.4290051702367,15.36,30,1.0,2056.1275767706384,1955.9845750472261,33836.900558156856,32221.794226361664,0.0,31582.119579197006,30043.923072725393,16.45661530949418,16.473439840691835,flat,flat,1615.106331795192,4.773210031513504,1976.8007345445221,100.14300172341223,4.870466349208604,0.0,0.0,0.951295336507914,True,-472.32103203331394,False,True,False,0.6763833674269218,True
DHNC0291,Dhanmondi,Commercial,Commercial,36.75972604031296,0.5540261349457536,3.3443128677788536,27.073891840687292,0.2608366193620848,LT-E,1460.659345721593,1387.626378435514,0.0,73.03296728607974,0,260,1977.2866571077766,219.09890185823915,10,,0.0,0,4.3682736492455785,4.3682736492455785,3.75,22557.64178521288,21185.493345385472,219.09890185823915,15.36,30,1.0,1460.659345721593,1387.626378435514,23911.888927797852,22734.013231407967,0.0,22435.727550283667,21313.941172769493,16.370613037076716,16.383382144291275,flat,flat,1177.875696389885,4.925899831445732,1372.1484398274079,73.03296728607893,4.999999999999951,0.0,0.0,0.95,True,-580.3120588596526,False,False,False,0.5957030520363654,True
DHNC0292,Dhanmondi,Commercial,Commercial,36.75972604031296,0.6693112280756993,2.2357811218750157,27.920842687340475,0.20085928381015405,LT-E,1951.9823770653913,1915.0149081916504,0.0,36.96746887374089,0,230,1032.162882972875,110.90240662122268,10,,0.0,0,4.7652990928206895,4.7652990928206895,6.1499999999999995,29551.937485878796,28870.74597334865,110.90240662122268,15.36,30,1.0,1951.9823770653913,1915.0149081916504,32062.74677731063,31466.535439314936,0.0,29982.44931172441,29414.62898982375,16.42573578226343,16.43148327708258,flat,flat,596.2113379956936,1.8595142273262928,681.1915125301457,36.96746887374093,1.8938423475583723,0.0,0.0,0.9810615765244163,True,-325.0491383559587,False,True,False,0.5776329955582814,True
DHNC0293,Dhanmondi,Commercial,Commercial,36.75972604031296,0.7072615102006656,2.6657741346552397,24.119470383945483,0.28412725796912086,LT-E,4847.249312273253,4610.1528113717995,0.0,237.09650090145297,0,244,5718.642031629699,711.2895027043589,10,,0.0,0,12.469377103369606,12.469377103369606,12.3,74545.33179034723,69878.80406780417,711.2895027043589,15.36,30,1.0,4847.249312273253,4610.1528113717995,79338.78690834301,75514.89454180437,0.0,74453.74943651716,70811.94718267083,16.367795794504918,16.380128301936725,flat,flat,3823.892366538639,4.8197010762922705,4666.527722543062,237.0965009014535,4.8913617936078575,0.0,0.0,0.9510863820639215,True,-1183.460162386701,False,True,False,0.6686713988021569,True
DHNC0294,Dhanmondi,Commercial,Commercial,36.75972604031296,0.32600353053043274,2.594542221558996,24.039203533833213,0.30322598628585806,LT-E,4908.093251191203,4762.05430879749,0.0,146.03894239371473,0,157,3510.659860068252,438.1168271811442,10,,0.0,0,16.7524966567308,16.7524966567308,15.15,74207.2671251472,71261.4798376692,438.1168271811442,15.36,30,1.0,4908.093251191203,4762.05430879749,80589.40295521173,78234.08689228592,0.0,75388.31233829688,73145.15418312945,16.419696780547625,16.42864230837416,flat,flat,2355.3160629258055,2.922612622201449,2945.7872874780005,146.0389423937131,2.9754720401506063,0.0,0.0,0.9702452795984936,True,-717.2269699613021,False,False,False,0.6709040911984037,True
DHNC0295,Dhanmondi,Commercial,Commercial,36.75972604031296,0.7022150177433839,2.3366454656229823,23.060413925077206,0.3032798758860713,LT-E,6668.0098296546785,6345.507748583993,0.0,322.5020810706886,0,160,7437.031481188887,967.5062432120657,10,,0.0,0,22.78816272229275,22.78816272229275,18.0,102443.54733592921,96040.71268439705,967.5062432120657,15.36,30,1.0,6668.0098296546785,6345.507748583993,109242.66253267064,104041.34896916263,0.0,102420.63098349585,97466.99901825012,16.38309860414949,16.396063655013197,flat,flat,5201.313563508011,4.76124752264481,6402.834651532161,322.50208107068556,4.836556773453156,0.0,0.0,0.951634432265468,True,-1268.21167446881,False,True,False,0.6993803342992608,True
DHNC0296,Dhanmondi,Commercial,Commercial,36.75972604031296,0.3520447464476696,2.8956815538607668,22.676042552884944,0.35636360804847306,LT-E,6571.289296080001,6252.840355339167,0.0,318.4489407408339,0,160,7221.161731160284,955.3468222225016,10,,0.0,0,16.33705705099296,16.33705705099296,13.850000000000001,100407.92051271087,93997.91433173107,955.3468222225016,15.36,30,1.0,6571.289296080001,6252.840355339167,107290.57876717826,102154.6342509101,0.0,100935.00358778881,96043.62785800961,16.327173243031737,16.337316874511664,flat,flat,5135.944516268166,4.786948281277541,6410.006180979806,318.4489407408337,4.846064849569161,0.0,0.0,0.9515393515043084,True,-1129.8703926696162,False,False,False,0.711235214980143,True
DHNC0297,Dhanmondi,Commercial,Commercial,36.75972604031296,0.5863202349534723,1.6484889158406848,25.0884851223427,0.34536079170147704,LT-E,3245.767896875684,3088.0127282199237,0.0,157.75516865575918,0,210,3957.838201792678,473.2655059672776,10,,0.0,0,11.57053083442687,11.57053083442687,17.049999999999997,48754.97074850484,45765.361519959726,473.2655059672776,15.36,30,1.0,3245.767896875684,3088.0127282199237,53958.96964081103,51414.694280730924,0.0,49854.9948960105,47431.875505458025,16.624407953739063,16.64976760324715,flat,flat,2544.275360080108,4.715203750213541,2989.609228545116,157.75516865576037,4.860334246561886,0.0,0.0,0.9513966575343815,True,-940.2973357452925,False,True,False,0.6428447122794697,True
DHNC0298,Dhanmondi,Commercial,Commercial,36.75972604031296,0.5405293472980536,2.3116474300126146,30.8533975883118,0.2632742923427735,LT-E,3601.4538042765926,3424.341760157394,0.0,177.1120441191984,0,300,5464.50831488825,531.3361323575953,10,,0.0,0,11.372787207601974,11.372787207601974,10.850000000000001,56024.39193152841,52691.83455098951,531.3361323575953,15.36,30,1.0,3601.4538042765926,3424.341760157394,59109.571955372885,56253.10890781845,0.0,55318.33043368846,52597.88943601758,16.412697529309543,16.427422508562017,flat,flat,2856.4630475544327,4.832488128506551,3332.5573805388995,177.11204411919834,4.917793028717579,0.0,0.0,0.9508220697128242,True,-2076.7091349762222,False,False,False,0.5227301127480941,True
DHNC0299,Dhanmondi,Commercial,Commercial,36.75972604031296,0.6663597973455004,2.8632957164641852,26.046314563239044,0.2602642222062006,LT-E,3704.0153614722226,3531.104126024712,0.0,172.91123544750934,0,310,4503.700429984116,518.733706342528,10,,0.0,0,9.489300473169573,9.489300473169573,11.250000000000002,57442.422725276636,54198.676211764694,518.733706342528,15.36,30,1.0,3704.0153614722226,3531.104126024712,60801.484749824005,58012.77234452655,0.0,56893.675952213336,54237.75937573957,16.415019597990394,16.429074384118163,flat,flat,2788.712405297454,4.58658602955502,3243.746513511942,172.91123544751053,4.668210538381356,0.0,0.0,0.9533178946161868,True,-1196.2543183441344,False,True,False,0.6192046848256488,True
DHNC0300,Dhanmondi,Commercial,Commercial,36.75972604031296,0.5223876129692759,2.2300324679609522,23.168897795516074,0.2229072829537041,LT-E,8719.411614941624,8296.163627929896,0.0,423.24798701172875,0,294,9806.189353232658,1269.7439610351862,10,,0.0,0,20.97798471007713,20.97798471007713,19.2,133438.94380304802,125435.9439900449,1269.7439610351862,15.36,30,1.0,8719.411614941624,8296.163627929896,142441.0705257785,135614.92699125336,0.0,133930.16240550333,127429.0733250032,16.336087435268087,16.346703497348056,flat,flat,6826.143534525123,4.792257955748621,8002.999813003116,423.2479870117277,4.854088850289485,0.0,0.0,0.951459111497105,True,-1710.301857672348,False,False,False,0.6961056215251291,True
DHNC0301,Dhanmondi,Industrial,Industrial,14.47858698270381,0.64109546629323,1.9314080391619006,21.692244497993098,0.3930560711344345,LT-C1,7284.486907979365,7080.721916741733,0.0,203.764991237632,0,280,4420.120010058135,611.2949737128962,10,,0.0,0,19.706692923481913,19.706692923481913,22.099999999999998,89462.21202899778,86376.86615167349,611.2949737128962,12.73,30,1.0,7284.486907979365,7080.721916741733,98481.9342555062,95758.30950012838,0.0,92731.51833857733,90137.59000012226,13.519405759056266,13.523805994091708,flat,flat,2723.624755377823,2.765608510807192,3085.345877324289,203.76499123763188,2.797245623633827,0.0,0.0,0.9720275437636617,True,-1085.2002809674163,False,True,False,0.616187965299612,True
DHNC0302,Dhanmondi,Industrial,Industrial,14.47858698270381,0.5212760914480201,1.4909214570160256,23.083847683087743,0.2804173413556501,LT-C1,4049.6938469318047,3853.1522036057218,0.0,196.54164332608315,0,330,4536.937357923062,589.6249299782496,10,,0.0,0,20.614429258276274,20.614429258276274,27.7,48291.915560427806,45349.69238871051,589.6249299782496,12.73,30,1.0,4049.6938469318047,3853.1522036057218,55526.31280501397,52899.238929495885,0.0,51552.60267144188,49050.62755190084,13.711237170948793,13.728821529550162,flat,flat,2627.0738755180864,4.731223347646567,2942.223171717298,196.54164332608298,4.853246955322069,0.0,0.0,0.9514675304467792,True,-1320.2385524267265,False,False,False,0.579041249253818,True
DHNC0303,Dhanmondi,Industrial,Industrial,14.47858698270381,0.49599792343830024,2.25997773640286,29.01122131867415,0.22767469880949162,LT-C1,6322.511717951913,6210.329151435376,0.0,112.18256651653849,0,270,3254.553265308182,336.54769954961546,10,,0.0,0,17.729522001978033,17.729522001978033,28.9,75554.13473865687,73871.37782101662,336.54769954961546,12.73,30,1.0,6322.511717951913,6210.329151435376,85966.41287800425,84466.92460266096,0.0,80485.57416952786,79057.49009777234,13.596876797225113,13.60103829329857,flat,flat,1499.4882753432903,1.744272239753947,1682.7569176402467,112.18256651653701,1.7743354464335725,0.0,0.0,0.982256645535664,True,-1418.517290415276,False,False,False,0.46073551517101996,True
DHNC0304,Dhanmondi,Industrial,Industrial,14.47858698270381,0.5018743873637556,1.2591435934393829,32.384439177920285,0.36553444967874105,LT-C1,6031.123953358,5748.195981383978,0.0,282.9279719740232,0,280,9162.463700125087,848.7839159220695,10,,0.0,0,19.081020802469276,19.081020802469276,23.099999999999998,73274.45507049089,69031.8452969441,848.7839159220695,12.73,30,1.0,6031.123953358,5748.195981383978,81779.2583225597,77997.50158516894,0.0,76776.20792624734,73174.53484301803,13.55953864569916,13.569040067139412,flat,flat,3781.756737390766,4.624347071569769,4242.609773546792,282.9279719740225,4.691131771823298,0.0,0.0,0.9530886822817669,True,-4531.923046812251,False,False,False,0.4127445260535261,True
DHNC0305,Dhanmondi,Industrial,Industrial,14.47858698270381,0.5642186273022922,2.794753600378697,22.093102792218883,0.2430501395860642,LT-C1,4881.074823680002,4741.49110175019,0.0,139.58372192981065,0,330,3083.8375167158047,418.7511657894319,10,,0.0,0,16.45701683857687,16.45701683857687,19.0,59466.40372616503,57393.991177361146,418.7511657894319,12.73,30,1.0,4881.074823680002,4741.49110175019,66200.48663071875,64334.74081154392,0.0,62136.08250544642,60359.18172527992,13.56268629801664,13.568461783635222,flat,flat,1865.74581917483,2.8183264415900466,2072.4125488038844,139.58372192981187,2.859692321302609,0.0,0.0,0.9714030767869741,True,-799.3405317515426,False,False,False,0.6050078219301884,True
DHNC0306,Dhanmondi,Industrial,Industrial,14.47858698270381,0.5453134971602427,2.167430620779739,23.17082870525355,0.4115320770874388,LT-C1,5800.346071787433,5583.680527266054,0.0,216.66554452137848,0,310,5020.320218435349,649.9966335641355,10,,0.0,0,17.45205186268975,17.45205186268975,25.9,70261.69415631314,66988.5303460498,649.9966335641355,12.73,30,1.0,5800.346071787433,5583.680527266054,78835.68576854673,75939.6257677017,0.0,73838.40549385402,71080.25311209686,13.591548640864586,13.600281283443008,flat,flat,2896.0600008450274,3.673539429018928,3273.163810263344,216.66554452137916,3.7353899550102456,0.0,0.0,0.9626461004498976,True,-1474.2635840261855,False,False,False,0.5768675851014986,True
DHNC0307,Dhanmondi,Industrial,Industrial,14.47858698270381,0.6974453330359125,2.0714032150209554,24.627662615054753,0.4317833288610417,LT-C1,5965.253866382069,5804.088838758408,0.0,161.16502762365883,0,240,3969.1179256614496,483.49508287097655,10,,0.0,0,21.189877474572178,21.189877474572178,25.4,71737.34982039739,69330.4751057702,483.49508287097655,12.73,30,1.0,5965.253866382069,5804.088838758408,81014.72580499592,78860.51346326426,0.0,75937.68171904374,73886.05091739453,13.581102769416821,13.587061751476195,flat,flat,2154.2123417316616,2.6590379962735344,2406.8747146271926,161.16502762366054,2.7017295698331654,0.0,0.0,0.9729827043016687,True,-1331.4105010588114,False,True,False,0.5427433455186808,True
DHNC0308,Dhanmondi,Industrial,Industrial,14.47858698270381,0.5309080451289837,2.2838677552891444,21.971698422387796,0.35274565625729815,LT-C1,4201.948765605741,3995.639885310363,0.0,206.30888029537738,0,248,4532.956499710535,618.9266408861322,10,,0.0,0,13.257987379164799,13.257987379164799,14.299999999999999,50776.47442144283,47536.532837881794,618.9266408861322,12.73,30,1.0,4201.948765605741,3995.639885310363,56886.06817546913,54128.440527000974,0.0,53490.80778616108,50864.49574000092,13.538020415931607,13.546876615682928,flat,flat,2757.6276484681584,4.847632710283403,3239.9415835610343,206.308880295378,4.909838072850398,0.0,0.0,0.9509016192714962,True,-1156.4022103562447,False,False,False,0.6083507857717705,True
DHNC0309,Dhanmondi,Hospital,Hospital,4.814693903588424,0.016630041174563848,203.500666911624,4703.267161525637,0.05656954737372731,LT-D1,22006.45320041576,22006.45320041576,0.0,0.0,0,0,0.0,0.0,0,,0.0,0,45.05410823560656,45.05410823560656,65.5,199158.40146376262,199158.40146376262,0.0,9.05,30,1.0,22006.45320041576,22006.45320041576,213242.82153695077,213242.82153695077,0.0,199158.40146376262,199158.40146376262,9.690013179085218,9.690013179085218,flat,flat,0.0,0.0,0.0,0.0,0.0,0.0,0.0,1.0,True,0.0,False,False,False,,False
DHNC0310,Dhanmondi,Hospital,Hospital,4.814693903588424,0.02394617403656705,148.15073185425626,5231.754544743296,0.05265985600532536,LT-D1,30900.50910490375,30900.50910490375,0.0,0.0,0,0,0.0,0.0,0,,0.0,0,58.385771719150014,58.385771719150014,66.0,279649.6073993789,279649.6073993789,0.0,9.05,30,1.0,30900.50910490375,30900.50910490375,297790.0877693479,297790.0877693479,0.0,279649.60739937896,279649.60739937896,9.637060889786122,9.637060889786122,flat,flat,0.0,0.0,0.0,0.0,0.0,0.0,0.0,1.0,True,0.0,False,False,False,,False
DHNC0311,Dhanmondi,Hospital,Hospital,4.814693903588424,0.014616071793586642,195.92644763840457,5480.099858110343,0.060391494665966425,LT-D1,24701.38782218669,24701.38782218669,0.0,0.0,0,0,0.0,0.0,0,,0.0,0,59.07225655585807,59.07225655585807,60.0,223547.55979078962,223547.55979078962,0.0,9.05,30,1.0,24701.38782218669,24701.38782218669,238504.93778032903,238504.93778032903,0.0,223547.55979078956,223547.55979078956,9.655527839051409,9.655527839051409,flat,flat,0.0,0.0,0.0,0.0,0.0,0.0,0.0,1.0,True,0.0,False,False,False,,False
DHNC0312,Dhanmondi,Hospital,Hospital,4.814693903588424,0.027409746570700017,212.73879948446003,4544.480490477846,0.061159214859654976,LT-D1,31060.11401194996,31060.11401194996,0.0,0.0,0,0,0.0,0.0,0,,0.0,0,67.4354911185826,67.4354911185826,86.0,281094.03180814727,281094.03180814727,0.0,9.05,30,1.0,31060.11401194996,31060.11401194996,300566.7333985545,300566.7333985545,0.0,281094.03180814715,281094.03180814715,9.676935934070155,9.676935934070155,flat,flat,0.0,0.0,0.0,0.0,0.0,0.0,0.0,1.0,True,0.0,False,False,False,,False
DHNC0313,Dhanmondi,Hospital,Hospital,4.814693903588424,0.020289454843405254,231.83374862731577,5173.874861358773,0.03733697974269898,LT-D1,49824.79926274749,49824.79926274749,0.0,0.0,0,0,0.0,0.0,0,,0.0,0,82.07757946538727,82.07757946538727,89.5,450914.43332786474,450914.43332786474,0.0,9.05,30,1.0,49824.79926274749,49824.79926274749,479098.654994258,479098.654994258,0.0,450914.4333278648,450914.4333278648,9.615666537215048,9.615666537215048,flat,flat,0.0,0.0,0.0,0.0,0.0,0.0,0.0,1.0,True,0.0,False,False,False,,False
DHNC0314,Dhanmondi,Hospital,Hospital,4.814693903588424,0.02372968375790455,177.01608998883538,4679.745013009436,0.05303152282921396,LT-D1,25554.59829809075,25554.59829809075,0.0,0.0,0,0,0.0,0.0,0,,0.0,0,49.22378104840009,49.22378104840009,75.5,231269.1145977213,231269.1145977213,0.0,9.05,30,1.0,25554.59829809075,25554.59829809075,247589.0703276074,247589.0703276074,0.0,231269.11459772132,231269.11459772132,9.68863088511571,9.68863088511571,flat,flat,0.0,0.0,0.0,0.0,0.0,0.0,0.0,1.0,True,0.0,False,False,False,,False
DHNC0315,Dhanmondi,Hospital,Hospital,4.814693903588424,0.016563046078337307,229.51633065859806,5453.733398889927,0.06086118313933252,LT-D1,29330.03724798479,29330.03724798479,0.0,0.0,0,0,0.0,0.0,0,,0.0,0,46.92197700017128,46.92197700017128,81.0,265436.83709426236,265436.83709426236,0.0,9.05,30,1.0,29330.03724798479,29330.03724798479,283811.67894897546,283811.67894897546,0.0,265436.83709426236,265436.83709426236,9.676485459236012,9.676485459236012,flat,flat,0.0,0.0,0.0,0.0,0.0,0.0,0.0,1.0,True,0.0,False,False,False,,False
DHNC0316,Dhanmondi,Hospital,Hospital,4.814693903588424,0.024771789241766328,203.93604222368197,4731.018020566219,0.04448847013362316,LT-D1,44230.892498530724,44230.892498530724,0.0,0.0,0,0,0.0,0.0,0,,0.0,0,73.70401636342632,73.70401636342632,98.5,400289.5771117031,400289.5771117031,0.0,9.05,30,1.0,44230.892498530724,44230.892498530724,426509.55596728827,426509.55596728827,0.0,400289.5771117031,400289.5771117031,9.642797869870163,9.642797869870163,flat,flat,0.0,0.0,0.0,0.0,0.0,0.0,0.0,1.0,True,0.0,False,False,False,,False
DHNC0317,Dhanmondi,Hospital,Hospital,4.814693903588424,0.022737780837967733,160.06959039199393,4322.4074458270625,0.04243938000165077,LT-D1,34930.54897930112,34930.54897930112,0.0,0.0,0,0,0.0,0.0,0,,0.0,0,62.8354348271412,62.8354348271412,90.5,316121.4682626752,316121.4682626752,0.0,9.05,30,1.0,34930.54897930112,34930.54897930112,337629.0416758089,337629.0416758089,0.0,316121.46826267516,316121.46826267516,9.665723887588442,9.665723887588442,flat,flat,0.0,0.0,0.0,0.0,0.0,0.0,0.0,1.0,True,0.0,False,False,False,,False
DHNC0318,Dhanmondi,Hospital,Hospital,4.814693903588424,0.014521438655400468,182.68763064615874,4961.456517676134,0.030427274149959653,LT-D1,35805.28612169057,35805.28612169057,0.0,0.0,0,0,0.0,0.0,0,,0.0,0,61.25072959474063,61.25072959474063,70.5,324037.8394012997,324037.8394012997,0.0,9.05,30,1.0,35805.28612169057,35805.28612169057,344681.2313713647,344681.2313713647,0.0,324037.8394012997,324037.8394012997,9.626545929556457,9.626545929556457,flat,flat,0.0,0.0,0.0,0.0,0.0,0.0,0.0,1.0,True,0.0,False,False,False,,False
DHNC0319,Dhanmondi,Hospital,Hospital,4.814693903588424,0.0024523965637052135,207.62745203256551,5446.579025493103,0.04184405493283834,LT-D1,31078.639931126643,31078.639931126643,0.0,0.0,0,0,0.0,0.0,0,,0.0,0,59.22581177766142,59.22581177766142,64.0,281261.6913766961,281261.6913766961,0.0,9.05,30,1.0,31078.639931126643,31078.639931126643,299356.775945531,299356.775945531,0.0,281261.69137669617,281261.69137669617,9.63223540698484,9.63223540698484,flat,flat,0.0,0.0,0.0,0.0,0.0,0.0,0.0,1.0,True,0.0,False,False,False,,False
DHNC0320,Dhanmondi,Hospital,Hospital,4.814693903588424,0.037957836647058714,193.6585223388535,5379.5031045777105,0.05177342758850394,LT-D1,32714.048027601504,32714.048027601504,0.0,0.0,0,0,0.0,0.0,0,,0.0,0,57.418980177970916,57.418980177970916,75.5,296062.13464979373,296062.13464979373,0.0,9.05,30,1.0,32714.048027601504,32714.048027601504,315621.7413822833,315621.7413822833,0.0,296062.1346497936,296062.1346497936,9.647896252887653,9.647896252887653,flat,flat,0.0,0.0,0.0,0.0,0.0,0.0,0.0,1.0,True,0.0,False,False,False,,False
DHNC0321,Dhanmondi,Hospital,Hospital,4.814693903588424,0.005100790342473634,185.84229440426094,5447.090590675787,0.05727623131120524,LT-D1,23503.83111336417,23503.83111336417,0.0,0.0,0,0,0.0,0.0,0,,0.0,0,42.92341220103859,42.92341220103859,63.0,212709.67157594574,212709.67157594574,0.0,9.05,30,1.0,23503.83111336417,23503.83111336417,227314.15515474303,227314.15515474303,0.0,212709.67157594574,212709.67157594574,9.671366087441518,9.671366087441518,flat,flat,0.0,0.0,0.0,0.0,0.0,0.0,0.0,1.0,True,0.0,False,False,False,,False
DHNC0322,Dhanmondi,Hospital,Hospital,4.814693903588424,0.014335873804396769,189.37166293007928,5126.750908951591,0.06314227125730845,LT-D1,44628.683000452154,44628.683000452154,0.0,0.0,0,0,0.0,0.0,0,,0.0,0,73.99414263258036,73.99414263258036,79.5,403889.5811540921,403889.5811540921,0.0,9.05,30,1.0,44628.683000452154,44628.683000452154,429092.56021179666,429092.56021179666,0.0,403889.58115409204,403889.58115409204,9.61472603185376,9.61472603185376,flat,flat,0.0,0.0,0.0,0.0,0.0,0.0,0.0,1.0,True,0.0,False,False,False,,False
DHNC0323,Dhanmondi,Hospital,Hospital,4.814693903588424,0.02239825758785686,220.78378237291795,4413.421033505057,0.048010324575007694,LT-D1,36191.961729358656,36191.961729358656,0.0,0.0,0,0,0.0,0.0,0,,0.0,0,61.03258791983948,61.03258791983948,83.0,327537.2536506959,327537.2536506959,0.0,9.05,30,1.0,36191.961729358656,36191.961729358656,349143.11633323063,349143.11633323063,0.0,327537.25365069584,327537.25365069584,9.64697959574842,9.64697959574842,flat,flat,0.0,0.0,0.0,0.0,0.0,0.0,0.0,1.0,True,0.0,False,False,False,,False
DHNC0324,Dhanmondi,Hospital,Hospital,4.814693903588424,0.003905349751327291,194.1036797230429,5103.287522251214,0.039939568684935776,LT-D1,25702.675711718843,25702.675711718843,0.0,0.0,0,0,0.0,0.0,0,,0.0,0,47.65739670810146,47.65739670810146,58.0,232609.21519105555,232609.21519105555,0.0,9.05,30,1.0,25702.675711718843,25702.675711718843,247893.67595060833,247893.67595060833,0.0,232609.21519105555,232609.21519105555,9.644664187144688,9.644664187144688,flat,flat,0.0,0.0,0.0,0.0,0.0,0.0,0.0,1.0,True,0.0,False,False,False,,False
DHNC0325,Dhanmondi,Hospital,Hospital,4.814693903588424,0.0,207.47741865642996,4713.893497238453,0.04511011470860236,LT-D1,44400.20457823594,44400.20457823594,0.0,0.0,0,0,0.0,0.0,0,,0.0,0,89.35465963110865,89.35465963110865,91.0,401821.8514330354,401821.8514330354,0.0,9.05,30,1.0,44400.20457823594,44400.20457823594,427645.944004687,427645.944004687,0.0,401821.8514330353,401821.8514330353,9.631621026681264,9.631621026681264,flat,flat,0.0,0.0,0.0,0.0,0.0,0.0,0.0,1.0,True,0.0,False,False,False,,False
DHNC0326,Dhanmondi,Hospital,Hospital,4.814693903588424,0.03218772128327588,216.68618364747255,5390.139588074574,0.05898577593261918,LT-D1,34343.32673452184,34343.32673452184,0.0,0.0,0,0,0.0,0.0,0,,0.0,0,57.6598209085352,57.6598209085352,67.0,310807.10694742255,310807.10694742255,0.0,9.05,30,1.0,34343.32673452184,34343.32673452184,330568.4622947938,330568.4622947938,0.0,310807.10694742267,310807.10694742267,9.625405973338834,9.625405973338834,flat,flat,0.0,0.0,0.0,0.0,0.0,0.0,0.0,1.0,True,0.0,False,False,False,,False
DHNC0327,Dhanmondi,Hospital,Hospital,4.814693903588424,0.005840878787664358,143.2846859852504,4968.894814039807,0.05860395675866731,LT-D1,20902.025204677026,20902.025204677026,0.0,0.0,0,0,0.0,0.0,0,,0.0,0,36.10631841621307,36.10631841621307,77.5,189163.32810232707,189163.32810232707,0.0,9.05,30,1.0,20902.025204677026,20902.025204677026,203503.99450744345,203503.99450744345,0.0,189163.3281023271,189163.3281023271,9.736089805398738,9.736089805398738,flat,flat,0.0,0.0,0.0,0.0,0.0,0.0,0.0,1.0,True,0.0,False,False,False,,False
DHNC0328,Dhanmondi,Hospital,Hospital,4.814693903588424,0.02067568259434245,185.50359104459903,5619.892444989653,0.04825367170259909,LT-D1,32879.67445547996,32879.67445547996,0.0,0.0,0,0,0.0,0.0,0,,0.0,0,63.79832527256518,63.79832527256518,83.0,297561.05382209364,297561.05382209364,0.0,9.05,30,1.0,32879.67445547996,32879.67445547996,317668.10651319835,317668.10651319835,0.0,297561.05382209364,297561.05382209364,9.661534421313394,9.661534421313394,flat,flat,0.0,0.0,0.0,0.0,0.0,0.0,0.0,1.0,True,0.0,False,False,False,,False
DHNC0329,Dhanmondi,Hospital,Hospital,4.814693903588424,0.02785635448884497,191.60449919524615,4632.594507963568,0.04778631207598971,LT-D1,36583.630990767604,36583.630990767604,0.0,0.0,0,0,0.0,0.0,0,,0.0,0,70.77440340792191,70.77440340792191,83.5,331081.8604664467,331081.8604664467,0.0,9.05,30,1.0,36583.630990767604,36583.630990767604,352896.4534897692,352896.4534897692,0.0,331081.86046644684,331081.86046644684,9.646293818643304,9.646293818643304,flat,flat,0.0,0.0,0.0,0.0,0.0,0.0,0.0,1.0,True,0.0,False,False,False,,False
DHNC0330,Dhanmondi,Hospital,Hospital,4.814693903588424,0.02628912023917463,160.3227770815427,4743.542574570133,0.033789998960842935,LT-D1,32882.515612081705,32882.515612081705,0.0,0.0,0,0,0.0,0.0,0,,0.0,0,62.96478424668328,62.96478424668328,79.0,297586.76628933946,297586.76628933946,0.0,9.05,30,1.0,32882.515612081705,32882.515612081705,317443.10460380645,317443.10460380645,0.0,297586.76628933946,297586.76628933946,9.65385703298112,9.65385703298112,flat,flat,0.0,0.0,0.0,0.0,0.0,0.0,0.0,1.0,True,0.0,False,False,False,,False
DHNC0331,Dhanmondi,Hospital,Hospital,4.814693903588424,0.011608331301340511,192.42172752242715,4799.754525427693,0.052909374646598534,LT-D1,37704.14969422633,37704.14969422633,0.0,0.0,0,0,0.0,0.0,0,,0.0,0,98.38232240238827,98.38232240238827,76.0,341222.5547327483,341222.5547327483,0.0,9.05,30,1.0,37704.14969422633,37704.14969422633,363071.6824693858,363071.6824693858,0.0,341222.55473274837,341222.55473274837,9.629488674690448,9.629488674690448,flat,flat,0.0,0.0,0.0,0.0,0.0,0.0,0.0,1.0,True,0.0,False,False,False,,False
DHNC0332,Dhanmondi,Hospital,Hospital,4.814693903588424,0.015548338931975091,221.8071712759399,5320.754271707167,0.062108805227988555,LT-D1,45340.87717568275,45340.87717568275,0.0,0.0,0,0,0.0,0.0,0,,0.0,0,79.32906463500024,79.32906463500024,84.0,410334.93843992887,410334.93843992887,0.0,9.05,30,1.0,45340.87717568275,45340.87717568275,436143.6853619254,436143.6853619254,0.0,410334.9384399289,410334.9384399289,9.619215871629372,9.619215871629372,flat,flat,0.0,0.0,0.0,0.0,0.0,0.0,0.0,1.0,True,0.0,False,False,False,,False
DHNC0333,Dhanmondi,Hospital,Hospital,4.814693903588424,0.024507403381296422,209.97572017480576,5342.0734221345365,0.04952026837793293,LT-D1,48420.4112855426,48420.4112855426,0.0,0.0,0,0,0.0,0.0,0,,0.0,0,84.81196802998193,84.81196802998193,93.5,438204.7221341604,438204.7221341604,0.0,9.05,30,1.0,48420.4112855426,48420.4112855426,466005.4582408686,466005.4582408686,0.0,438204.7221341606,438204.7221341606,9.62415324175507,9.62415324175507,flat,flat,0.0,0.0,0.0,0.0,0.0,0.0,0.0,1.0,True,0.0,False,False,False,,False
DHNC0334,Dhanmondi,Hospital,Hospital,4.814693903588424,0.0067017974693638835,234.64890033777314,5390.711743176818,0.04817353368262177,LT-D1,32545.904237231076,32545.904237231076,0.0,0.0,0,0,0.0,0.0,0,,0.0,0,63.065504871798666,63.065504871798666,65.0,294540.4333469412,294540.4333469412,0.0,9.05,30,1.0,32545.904237231076,32545.904237231076,313362.4550142883,313362.4550142883,0.0,294540.43334694125,294540.43334694125,9.628322283816454,9.628322283816454,flat,flat,0.0,0.0,0.0,0.0,0.0,0.0,0.0,1.0,True,0.0,False,False,False,,False
DHNC0335,Dhanmondi,Hospital,Hospital,4.814693903588424,0.022961530469241872,187.04444220653824,4988.3284184140975,0.07097486051732639,LT-D1,33582.30113948468,33582.30113948468,0.0,0.0,0,0,0.0,0.0,0,,0.0,0,58.60052294440424,58.60052294440424,76.0,303919.8253123364,303919.8253123364,0.0,9.05,30,1.0,33582.30113948468,33582.30113948468,323903.8165779532,323903.8165779532,0.0,303919.8253123364,303919.8253123364,9.645075101691601,9.645075101691601,flat,flat,0.0,0.0,0.0,0.0,0.0,0.0,0.0,1.0,True,0.0,False,False,False,,False
DHNC0336,Dhanmondi,Hospital,Hospital,4.814693903588424,0.01653400829334393,218.9371563962186,4910.509323245152,0.04243252313012764,LT-D1,24633.071626922156,24633.071626922156,0.0,0.0,0,0,0.0,0.0,0,,0.0,0,40.13990591240052,40.13990591240052,56.0,222929.29822364554,222929.29822364554,0.0,9.05,30,1.0,24633.071626922156,24633.071626922156,237603.76313482778,237603.76313482778,0.0,222929.2982236455,222929.2982236455,9.64572208993799,9.64572208993799,flat,flat,0.0,0.0,0.0,0.0,0.0,0.0,0.0,1.0,True,0.0,False,False,False,,False
DHNC0337,Dhanmondi,Hospital,Hospital,4.814693903588424,0.02302398059149883,200.4303429117814,5132.041884079142,0.061513572460502194,LT-D1,32233.54428016043,32233.54428016043,0.0,0.0,0,0,0.0,0.0,0,,0.0,0,73.2114935327898,73.2114935327898,78.5,291713.57573545194,291713.57573545194,0.0,9.05,30,1.0,32233.54428016043,32233.54428016043,311244.7545222245,311244.7545222245,0.0,291713.5757354519,291713.5757354519,9.655927124147931,9.655927124147931,flat,flat,0.0,0.0,0.0,0.0,0.0,0.0,0.0,1.0,True,0.0,False,False,False,,False
DHNC0338,Dhanmondi,Hospital,Hospital,4.814693903588424,0.016422063077190203,194.64554458961362,5302.904592442369,0.05609713711192996,LT-D1,14014.655501809943,14014.655501809943,0.0,0.0,0,0,0.0,0.0,0,,0.0,0,29.308687330618206,29.308687330618206,52.0,126832.63229138002,126832.63229138002,0.0,9.05,30,1.0,14014.655501809943,14014.655501809943,136450.263905949,136450.263905949,0.0,126832.63229138,126832.63229138,9.73625529991279,9.73625529991279,flat,flat,0.0,0.0,0.0,0.0,0.0,0.0,0.0,1.0,True,0.0,False,False,False,,False
DHNC0339,Dhanmondi,Hospital,Hospital,4.814693903588424,0.002471039839849594,176.38564616844732,4584.2316355382045,0.05540497246522073,LT-D1,34086.91874877377,34086.91874877377,0.0,0.0,0,0,0.0,0.0,0,,0.0,0,76.61542874292483,76.61542874292483,110.5,308486.6146764027,308486.6146764027,0.0,9.05,30,1.0,34086.91874877377,34086.91874877377,330872.4454102228,330872.4454102228,0.0,308486.61467640265,308486.61467640265,9.706727904883614,9.706727904883614,flat,flat,0.0,0.0,0.0,0.0,0.0,0.0,0.0,1.0,True,0.0,False,False,False,,False
DHNC0340,Dhanmondi,Hospital,Hospital,4.814693903588424,0.003545166700024159,167.64219589185518,5160.402884215824,0.03983472518395974,LT-D1,35182.5093943934,35182.5093943934,0.0,0.0,0,0,0.0,0.0,0,,0.0,0,73.78468798097153,73.78468798097153,95.0,318401.7100192602,318401.7100192602,0.0,9.05,30,1.0,35182.5093943934,35182.5093943934,340306.7955202233,340306.7955202233,0.0,318401.7100192603,318401.7100192603,9.672612936883173,9.672612936883173,flat,flat,0.0,0.0,0.0,0.0,0.0,0.0,0.0,1.0,True,0.0,False,False,False,,False
DHNC0341,Dhanmondi,Hospital,Hospital,4.814693903588424,0.009985232816985356,229.23391133396044,4770.200959454512,0.0391474237017074,LT-D1,37660.78326602419,37660.78326602419,0.0,0.0,0,0,0.0,0.0,0,,0.0,0,67.54073851483618,67.54073851483618,93.5,340830.08855751896,340830.08855751896,0.0,9.05,30,1.0,37660.78326602419,37660.78326602419,363762.09298539493,363762.09298539493,0.0,340830.08855751896,340830.08855751896,9.658909386347368,9.658909386347368,flat,flat,0.0,0.0,0.0,0.0,0.0,0.0,0.0,1.0,True,0.0,False,False,False,,False
DHNC0342,Dhanmondi,Hospital,Hospital,4.814693903588424,0.02431826859545381,212.16292211078587,4981.977632148627,0.045197538033509656,LT-D1,34125.31506273374,34125.31506273374,0.0,0.0,0,0,0.0,0.0,0,,0.0,0,66.60511832016661,66.60511832016661,93.5,308834.1013177403,308834.1013177403,0.0,9.05,30,1.0,34125.31506273374,34125.31506273374,330166.30638362735,330166.30638362735,0.0,308834.10131774034,308834.10131774034,9.67511379093999,9.67511379093999,flat,flat,0.0,0.0,0.0,0.0,0.0,0.0,0.0,1.0,True,0.0,False,False,False,,False
DHNC0343,Dhanmondi,Hospital,Hospital,4.814693903588424,0.024730784856170425,216.2140942749209,5547.71839768843,0.07245488125905893,LT-D1,27867.678844733324,27867.678844733324,0.0,0.0,0,0,0.0,0.0,0,,0.0,0,44.95684013797295,44.95684013797295,66.5,252202.49354483667,252202.49354483667,0.0,9.05,30,1.0,27867.678844733324,27867.678844733324,269002.1182220784,269002.1182220784,0.0,252202.4935448366,252202.4935448366,9.652835448579772,9.652835448579772,flat,flat,0.0,0.0,0.0,0.0,0.0,0.0,0.0,1.0,True,0.0,False,False,False,,False
DHNC0344,Dhanmondi,Hospital,Hospital,4.814693903588424,0.03420663712426954,181.04457700185043,5235.360451282767,0.05535557970120828,LT-D1,30384.15521373263,30384.15521373263,0.0,0.0,0,0,0.0,0.0,0,,0.0,0,49.66386734733176,49.66386734733176,81.5,274976.6046842804,274976.6046842804,0.0,9.05,30,1.0,30384.15521373263,30384.15521373263,293859.9349184943,293859.9349184943,0.0,274976.6046842803,274976.6046842803,9.671486103575438,9.671486103575438,flat,flat,0.0,0.0,0.0,0.0,0.0,0.0,0.0,1.0,True,0.0,False,False,False,,False
DHNC0345,Dhanmondi,Educational,Educational,32.739518771825146,0.4365537037657608,4.2433803337762015,34.63733483890979,0.32311389987056516,LT-D1,3465.141977074819,3465.141977074819,0.0,0.0,0,0,0.0,0.0,0,,0.0,0,11.623962110814045,11.623962110814045,11.7,31359.534892527114,31359.534892527114,0.0,9.05,30,1.0,3465.141977074819,3465.141977074819,33664.611637153466,33664.611637153466,0.0,31359.534892527114,31359.534892527114,9.715218556664233,9.715218556664233,flat,flat,0.0,0.0,0.0,0.0,0.0,0.0,0.0,1.0,True,0.0,False,False,False,,False
DHNC0346,Dhanmondi,Educational,Educational,32.739518771825146,0.370369890033534,2.803941043120874,45.61069786975598,0.25987652303710246,LT-D1,5822.333377870826,5822.333377870826,0.0,0.0,0,0,0.0,0.0,0,,0.0,0,21.772634044283723,21.772634044283723,19.9,52692.11706973097,52692.11706973097,0.0,9.05,30,1.0,5822.333377870826,5822.333377870826,56580.42292321753,56580.42292321753,0.0,52692.11706973098,52692.11706973098,9.717826041749,9.717826041749,flat,flat,0.0,0.0,0.0,0.0,0.0,0.0,0.0,1.0,True,0.0,False,False,False,,False
DHNC0347,Dhanmondi,Educational,Educational,32.739518771825146,0.462158480968223,4.457624654847699,42.20418803913577,0.2088605630883451,LT-D1,6933.509268942299,6933.509268942299,0.0,0.0,0,0,0.0,0.0,0,,0.0,0,25.0787745296523,25.0787745296523,23.5,62748.25888392781,62748.25888392781,0.0,9.05,30,1.0,6933.509268942299,6933.509268942299,67366.1718281242,67366.1718281242,0.0,62748.25888392781,62748.25888392781,9.716028235497095,9.716028235497095,flat,flat,0.0,0.0,0.0,0.0,0.0,0.0,0.0,1.0,True,0.0,False,False,False,,False
DHNC0348,Dhanmondi,Educational,Educational,32.739518771825146,0.36144885300820156,3.592732414471748,46.20889901545992,0.30100583154234234,LT-D1,6852.837076818185,6852.837076818185,0.0,0.0,0,0,0.0,0.0,0,,0.0,0,30.066614805234245,30.066614805234245,28.6,62018.17554520457,62018.17554520457,0.0,9.05,30,1.0,6852.837076818185,6852.837076818185,66920.8843224648,66920.8843224648,0.0,62018.175545204576,62018.175545204576,9.765427599153806,9.765427599153806,flat,flat,0.0,0.0,0.0,0.0,0.0,0.0,0.0,1.0,True,0.0,False,False,False,,False
DHNC0349,Dhanmondi,Educational,Educational,32.739518771825146,0.4169601800715898,4.622834450564423,39.23229582132096,0.25110814158365913,LT-D1,2353.050280657641,2353.050280657641,0.0,0.0,0,0,0.0,0.0,0,,0.0,0,8.230918575985537,8.230918575985537,9.7,21295.10503995165,21295.10503995165,0.0,9.05,30,1.0,2353.050280657641,2353.050280657641,22970.960291949235,22970.960291949235,0.0,21295.105039951653,21295.105039951653,9.762205457645049,9.762205457645049,flat,flat,0.0,0.0,0.0,0.0,0.0,0.0,0.0,1.0,True,0.0,False,False,False,,False
DHNC0350,Dhanmondi,Educational,Educational,32.739518771825146,0.43158050630257283,4.49548201856944,45.51697226380524,0.246387067676031,LT-D1,2686.0644939748354,2686.0644939748354,0.0,0.0,0,0,0.0,0.0,0,,0.0,0,8.369988942306064,8.369988942306064,10.0,24308.883670472267,24308.883670472267,0.0,9.05,30,1.0,2686.0644939748354,2686.0644939748354,26154.327853995877,26154.327853995877,0.0,24308.883670472263,24308.883670472263,9.737043884338284,9.737043884338284,flat,flat,0.0,0.0,0.0,0.0,0.0,0.0,0.0,1.0,True,0.0,False,False,False,,False
DHNC0351,Dhanmondi,Educational,Educational,32.739518771825146,0.31346514343235793,3.5037274302173085,50.834086367090016,0.29099256425840747,LT-D1,1264.4165079005807,1264.4165079005807,0.0,0.0,0,0,0.0,0.0,0,,0.0,0,5.737322915864963,5.737322915864963,6.5,11442.969396500255,11442.969396500255,0.0,9.05,30,1.0,1264.4165079005807,1264.4165079005807,12424.617866325269,12424.617866325269,0.0,11442.969396500255,11442.969396500255,9.826364800436629,9.826364800436629,flat,flat,0.0,0.0,0.0,0.0,0.0,0.0,0.0,1.0,True,0.0,False,False,False,,False
DHNC0352,Dhanmondi,Educational,Educational,32.739518771825146,0.4255470353518045,4.49268537211934,34.717231328057366,0.22545690802160842,LT-D1,8014.528725341744,8014.528725341744,0.0,0.0,0,0,0.0,0.0,0,,0.0,0,33.230125495837676,33.230125495837676,29.7,72531.48496434277,72531.48496434277,0.0,9.05,30,1.0,8014.528725341744,8014.528725341744,78029.15921255993,78029.15921255993,0.0,72531.48496434279,72531.48496434279,9.735963509099872,9.735963509099872,flat,flat,0.0,0.0,0.0,0.0,0.0,0.0,0.0,1.0,True,0.0,False,False,False,,False
DHNC0353,Dhanmondi,Educational,Educational,32.739518771825146,0.3353160431669157,4.545044752864905,35.686849485983096,0.32471502592926327,LT-D1,2643.32670160035,2643.32670160035,0.0,0.0,0,0,0.0,0.0,0,,0.0,0,8.96741344011169,8.96741344011169,8.899999999999999,23922.106649483172,23922.106649483172,0.0,9.05,30,1.0,2643.32670160035,2643.32670160035,25678.91198195733,25678.91198195733,0.0,23922.106649483172,23922.106649483172,9.714619069375926,9.714619069375926,flat,flat,0.0,0.0,0.0,0.0,0.0,0.0,0.0,1.0,True,0.0,False,False,False,,False
DHNC0354,Dhanmondi,Educational,Educational,32.739518771825146,0.4236205036854403,4.84169941527356,37.079713856871,0.20133595384126587,LT-D1,7609.519105531896,7609.519105531896,0.0,0.0,0,0,0.0,0.0,0,,0.0,0,26.9157728259069,26.9157728259069,24.4,68866.14790506366,68866.14790506366,0.0,9.05,30,1.0,7609.519105531896,7609.519105531896,73846.65530031684,73846.65530031684,0.0,68866.14790506366,68866.14790506366,9.704510137392585,9.704510137392585,flat,flat,0.0,0.0,0.0,0.0,0.0,0.0,0.0,1.0,True,0.0,False,False,False,,False
DHNC0355,Dhanmondi,Educational,Educational,32.739518771825146,0.24942240980668434,4.23109302777571,35.04688879149605,0.191633513842854,LT-D1,1748.0666044766858,1748.0666044766858,0.0,0.0,0,0,0.0,0.0,0,,0.0,0,5.3537754146042,5.3537754146042,6.199999999999999,15820.002770514011,15820.002770514011,0.0,9.05,30,1.0,1748.0666044766858,1748.0666044766858,17001.602909039706,17001.602909039706,0.0,15820.002770514007,15820.002770514007,9.72594686352322,9.72594686352322,flat,flat,0.0,0.0,0.0,0.0,0.0,0.0,0.0,1.0,True,0.0,False,False,False,,False
DHNC0356,Dhanmondi,Educational,Educational,32.739518771825146,0.41873766070636464,3.2580375943903976,34.76120859822342,0.20914481236293325,LT-D1,4285.9583252420625,4285.9583252420625,0.0,0.0,0,0,0.0,0.0,0,,0.0,0,29.73812416400169,29.73812416400169,29.4,38787.92284344067,38787.92284344067,0.0,9.05,30,1.0,4285.9583252420625,4285.9583252420625,42579.5189856127,42579.5189856127,0.0,38787.92284344067,38787.92284344067,9.934655391967185,9.934655391967185,flat,flat,0.0,0.0,0.0,0.0,0.0,0.0,0.0,1.0,True,0.0,False,False,False,,False
DHNC0357,Dhanmondi,Educational,Educational,32.739518771825146,0.4728203908338361,4.98261446366993,28.757581026694208,0.20064736579495232,LT-D1,1515.8369927693113,1440.4322098558373,0.0,75.40478291347368,0,230,2168.459154434506,226.21434874042106,10,,0.0,0,7.104431945232094,7.104431945232094,6.9,13718.324784562268,12809.697150454907,226.21434874042106,9.05,30,1.0,1515.8369927693113,1440.4322098558373,14838.941023790381,14122.407074155095,0.0,13718.324784562268,13035.911499195328,9.789272259862743,9.804284420693778,flat,flat,716.5339496352863,4.8287404639354685,908.6276341073608,75.40478291347404,4.974465148506213,0.0,0.0,0.9502553485149381,True,-1225.710856058799,False,False,False,0.330434607527641,True
DHNC0358,Dhanmondi,Educational,Educational,32.739518771825146,0.48581155724299757,4.309313493874986,38.70324926636249,0.24579604272785258,LT-D1,7041.636469805724,7041.636469805724,0.0,0.0,0,0,0.0,0.0,0,,0.0,0,24.81956938853613,24.81956938853613,25.4,63726.81005174182,63726.81005174182,0.0,9.05,30,1.0,7041.636469805724,7041.636469805724,68513.35055432889,68513.35055432889,0.0,63726.810051741806,63726.810051741806,9.729748311789681,9.729748311789681,flat,flat,0.0,0.0,0.0,0.0,0.0,0.0,0.0,1.0,True,0.0,False,False,False,,False
DHNC0359,Dhanmondi,Educational,Educational,32.739518771825146,0.41839045612008413,3.7751454312552837,42.960828816280866,0.27005700062082294,LT-D1,9189.61475623746,9189.61475623746,0.0,0.0,0,0,0.0,0.0,0,,0.0,0,29.028567069362886,29.028567069362886,29.7,83166.01354394901,83166.01354394901,0.0,9.05,30,1.0,9189.61475623746,9189.61475623746,89195.41422114648,89195.41422114648,0.0,83166.01354394903,83166.01354394903,9.70611027634265,9.70611027634265,flat,flat,0.0,0.0,0.0,0.0,0.0,0.0,0.0,1.0,True,0.0,False,False,False,,False
DHNC0360,Dhanmondi,Educational,Educational,32.739518771825146,0.4253787577854916,4.363641038277214,33.91610222872434,0.23161490656973377,LT-D1,1576.4145784897685,1576.4145784897685,0.0,0.0,0,0,0.0,0.0,0,,0.0,0,6.512676588128933,6.512676588128933,7.3999999999999995,14266.551935332407,14266.551935332407,0.0,9.05,30,1.0,1576.4145784897685,1576.4145784897685,15446.079532099026,15446.079532099026,0.0,14266.551935332405,14266.551935332405,9.798234387616885,9.798234387616885,flat,flat,0.0,0.0,0.0,0.0,0.0,0.0,0.0,1.0,True,0.0,False,False,False,,False
DHNC0361,Dhanmondi,Educational,Educational,32.739518771825146,0.4501929380081632,3.996084964521187,42.44725316639333,0.2833122781417269,LT-D1,5025.852178478843,5025.852178478843,0.0,0.0,0,0,0.0,0.0,0,,0.0,0,36.90535748207996,36.90535748207996,30.0,45483.96221523354,45483.96221523354,0.0,9.05,30,1.0,5025.852178478843,5025.852178478843,49648.1603259952,49648.1603259952,0.0,45483.96221523353,45483.96221523353,9.878555628554526,9.878555628554526,flat,flat,0.0,0.0,0.0,0.0,0.0,0.0,0.0,1.0,True,0.0,False,False,False,,False
DHNC0362,Dhanmondi,Educational,Educational,32.739518771825146,0.4437629005562763,2.7077671518088318,29.967611161218514,0.1267373419356394,LT-D1,3447.5544090048816,3447.5544090048816,0.0,0.0,0,0,0.0,0.0,0,,0.0,0,9.649722547098584,9.649722547098584,11.2,31200.36740149417,31200.36740149417,0.0,9.05,30,1.0,3447.5544090048816,3447.5544090048816,33465.985771568885,33465.985771568885,0.0,31200.36740149418,31200.36740149418,9.707166820676418,9.707166820676418,flat,flat,0.0,0.0,0.0,0.0,0.0,0.0,0.0,1.0,True,0.0,False,False,False,,False
DHNC0363,Dhanmondi,Educational,Educational,32.739518771825146,0.4930050805370748,5.227658039172555,50.08401153606023,0.2323925665387503,LT-D1,5422.848149486044,5422.848149486044,0.0,0.0,0,0,0.0,0.0,0,,0.0,0,23.367866100135583,23.367866100135583,21.5,49076.7757528487,49076.7757528487,0.0,9.05,30,1.0,5422.848149486044,5422.848149486044,52885.114540491144,52885.114540491144,0.0,49076.775752848705,49076.775752848705,9.752276494318467,9.752276494318467,flat,flat,0.0,0.0,0.0,0.0,0.0,0.0,0.0,1.0,True,0.0,False,False,False,,False
DHNC0364,Dhanmondi,Educational,Educational,32.739518771825146,0.5835529517501461,3.235464351948533,31.64007838012213,0.25287845442559204,LT-D1,10222.138061035404,9727.208616968795,0.0,494.9294440666107,0,211,15659.606402897836,1484.7883321998322,10,,0.0,0,29.908354946726693,29.908354946726693,33.6,92510.34945237041,86546.44965136774,1484.7883321998322,9.05,30,1.0,10222.138061035404,9727.208616968795,99252.66692498894,94549.599882746,0.0,92510.34945237041,88031.23798356761,9.70957996579197,9.720116387532528,flat,flat,4703.067042242939,4.738479265043148,5963.89980100267,494.929444066609,4.841740946086159,0.0,0.0,0.9515825905391382,True,-9471.751028455064,False,False,False,0.30033111441246885,True
DHNC0365,Dhanmondi,Educational,Educational,32.739518771825146,0.35226327553687514,3.4480985441813177,54.84267242388408,0.2668580072106845,LT-D1,1753.8644879585272,1753.8644879585272,0.0,0.0,0,0,0.0,0.0,0,,0.0,0,5.981002026217684,5.981002026217684,9.0,15872.473616024678,15872.473616024678,0.0,9.05,30,1.0,1753.8644879585272,1753.8644879585272,17233.097296825905,17233.097296825905,0.0,15872.473616024672,15872.473616024672,9.825786094161117,9.825786094161117,flat,flat,0.0,0.0,0.0,0.0,0.0,0.0,0.0,1.0,True,0.0,False,False,False,,False
DHNC0366,Dhanmondi,Educational,Educational,32.739518771825146,0.35877638936333167,4.5529332815843455,53.598308362919994,0.3325314733202795,LT-D1,2858.1145146683666,2858.1145146683666,0.0,0.0,0,0,0.0,0.0,0,,0.0,0,9.662886921311733,9.662886921311733,8.1,25865.93635774872,25865.93635774872,0.0,9.05,30,1.0,2858.1145146683666,2858.1145146683666,27669.533175636156,27669.533175636156,0.0,25865.93635774872,25865.93635774872,9.68104428063713,9.68104428063713,flat,flat,0.0,0.0,0.0,0.0,0.0,0.0,0.0,1.0,True,0.0,False,False,False,,False
DHNC0367,Dhanmondi,Educational,Educational,32.739518771825146,0.4059622780314546,4.1779766880093225,38.19390307475588,0.25553883871632005,LT-D1,5809.848488642301,5809.848488642301,0.0,0.0,0,0,0.0,0.0,0,,0.0,0,17.960879751142343,17.960879751142343,19.9,52579.12882221282,52579.12882221282,0.0,9.05,30,1.0,5809.848488642301,5809.848488642301,56461.78526332347,56461.78526332347,0.0,52579.12882221283,52579.12882221283,9.718288759801718,9.718288759801718,flat,flat,0.0,0.0,0.0,0.0,0.0,0.0,0.0,1.0,True,0.0,False,False,False,,False
DHNC0368,Dhanmondi,Educational,Educational,32.739518771825146,0.41992286778448656,4.741160889539289,44.412983588425284,0.2317070690940586,LT-D1,10160.79564883413,10160.79564883413,0.0,0.0,0,0,0.0,0.0,0,,0.0,0,29.382920279226052,29.382920279226052,26.9,91955.20062194893,91955.20062194893,0.0,9.05,30,1.0,10160.79564883413,10160.79564883413,98247.66065304633,98247.66065304633,0.0,91955.20062194888,91955.20062194888,9.669288119608966,9.669288119608966,flat,flat,0.0,0.0,0.0,0.0,0.0,0.0,0.0,1.0,True,0.0,False,False,False,,False
DHNC0369,Dhanmondi,Educational,Educational,32.739518771825146,0.3632137103997266,4.559885814236791,35.40860451704644,0.32846279770200826,LT-D1,7583.863356457181,7583.863356457181,0.0,0.0,0,0,0.0,0.0,0,,0.0,0,26.02636350747746,26.02636350747746,23.9,68633.96337593748,68633.96337593748,0.0,9.05,30,1.0,7583.863356457181,7583.863356457181,73571.36154473438,73571.36154473438,0.0,68633.9633759375,68633.9633759375,9.70103996956815,9.70103996956815,flat,flat,0.0,0.0,0.0,0.0,0.0,0.0,0.0,1.0,True,0.0,False,False,False,,False
DHNC0370,Dhanmondi,Educational,Educational,32.739518771825146,0.38306042794847356,2.1786841075605743,42.63478750112108,0.2043893762333689,LT-D1,1882.5041430744652,1882.5041430744652,0.0,0.0,0,0,0.0,0.0,0,,0.0,0,5.738412217474011,5.738412217474011,6.5,17036.66249482391,17036.66249482391,0.0,9.05,30,1.0,1882.5041430744652,1882.5041430744652,18297.995619565107,18297.995619565107,0.0,17036.66249482391,17036.66249482391,9.72002940173147,9.72002940173147,flat,flat,0.0,0.0,0.0,0.0,0.0,0.0,0.0,1.0,True,0.0,False,False,False,,False
DHNC0371,Dhanmondi,Educational,Educational,32.739518771825146,0.27171975974612883,3.740395979207008,37.775810704808514,0.24183206174693353,LT-D1,2129.9438088217307,2129.9438088217307,0.0,0.0,0,0,0.0,0.0,0,,0.0,0,7.376294159225337,7.376294159225337,10.5,19275.99146983667,19275.99146983667,0.0,9.05,30,1.0,2129.9438088217307,2129.9438088217307,20901.291043328496,20901.291043328496,0.0,19275.991469836663,19275.991469836663,9.813071573419084,9.813071573419084,flat,flat,0.0,0.0,0.0,0.0,0.0,0.0,0.0,1.0,True,0.0,False,False,False,,False
DHNC0372,Dhanmondi,Educational,Educational,32.739518771825146,0.5368335513195504,4.884377832831235,41.92583368114126,0.2540941898484331,LT-D1,7729.641010084132,7729.641010084132,0.0,0.0,0,0,0.0,0.0,0,,0.0,0,22.650004438587207,22.650004438587207,25.9,69953.25114126143,69953.25114126143,0.0,9.05,30,1.0,7729.641010084132,7729.641010084132,75082.61369832447,75082.61369832447,0.0,69953.2511412614,69953.2511412614,9.71359647884957,9.71359647884957,flat,flat,0.0,0.0,0.0,0.0,0.0,0.0,0.0,1.0,True,0.0,False,False,False,,False
DHNC0373,Dhanmondi,Educational,Educational,32.739518771825146,0.3094311046613334,4.764529120689227,32.496229266862,0.21644183021231903,LT-D1,9005.656627407636,9005.656627407636,0.0,0.0,0,0,0.0,0.0,0,,0.0,0,35.34619233637836,35.34619233637836,36.4,81501.19247803908,81501.19247803908,0.0,9.05,30,1.0,9005.656627407636,9005.656627407636,87869.45210194107,87869.45210194107,0.0,81501.19247803911,81501.19247803911,9.757139955183384,9.757139955183384,flat,flat,0.0,0.0,0.0,0.0,0.0,0.0,0.0,1.0,True,0.0,False,False,False,,False
DHNC0374,Dhanmondi,Educational,Educational,32.739518771825146,0.3222190604612124,4.79007612617849,45.275450421139354,0.21852862803999912,LT-D1,3260.0825388039098,3260.0825388039098,0.0,0.0,0,0,0.0,0.0,0,,0.0,0,11.647484520284689,11.647484520284689,12.0,29503.746976175385,29503.746976175385,0.0,9.05,30,1.0,3260.0825388039098,3260.0825388039098,31734.934324984155,31734.934324984155,0.0,29503.746976175385,29503.746976175385,9.734395969197568,9.734395969197568,flat,flat,0.0,0.0,0.0,0.0,0.0,0.0,0.0,1.0,True,0.0,False,False,False,,False
DHNC0375,Dhanmondi,Educational,Educational,32.739518771825146,0.3026898906288089,4.127863837105567,39.81720502515763,0.20771817725993247,LT-D1,1703.519706480597,1703.519706480597,0.0,0.0,0,0,0.0,0.0,0,,0.0,0,7.4867292219083765,7.4867292219083765,9.7,15416.853343649405,15416.853343649405,0.0,9.05,30,1.0,1703.519706480597,1703.519706480597,16798.796010831877,16798.796010831877,0.0,15416.853343649405,15416.853343649405,9.861227872460313,9.861227872460313,flat,flat,0.0,0.0,0.0,0.0,0.0,0.0,0.0,1.0,True,0.0,False,False,False,,False
DHNC0376,Dhanmondi,Educational,Educational,32.739518771825146,0.20541893768358338,4.312979857758088,35.90230209313436,0.25677766332967505,LT-D1,9235.023019568325,9235.023019568325,0.0,0.0,0,0,0.0,0.0,0,,0.0,0,28.382216382006675,28.382216382006675,24.2,83576.95832709334,83576.95832709334,0.0,9.05,30,1.0,9235.023019568325,9235.023019568325,89280.40624344801,89280.40624344801,0.0,83576.95832709335,83576.95832709335,9.667588922547296,9.667588922547296,flat,flat,0.0,0.0,0.0,0.0,0.0,0.0,0.0,1.0,True,0.0,False,False,False,,False
DHNC0377,Dhanmondi,Educational,Educational,32.739518771825146,0.43811567004436713,3.3839478070976057,35.948435787191066,0.3058658187081055,LT-D1,2103.876926811757,2103.876926811757,0.0,0.0,0,0,0.0,0.0,0,,0.0,0,9.930490233753652,9.930490233753652,9.2,19040.086187646404,19040.086187646404,0.0,9.05,30,1.0,2103.876926811757,2103.876926811757,20571.690497028725,20571.690497028725,0.0,19040.086187646404,19040.086187646404,9.777991400002346,9.777991400002346,flat,flat,0.0,0.0,0.0,0.0,0.0,0.0,0.0,1.0,True,0.0,False,False,False,,False
DHNC0378,Dhanmondi,Educational,Educational,32.739518771825146,0.4816491029794667,5.158419025566614,42.53273055423192,0.276893781959671,LT-D1,2786.2359027217335,2786.2359027217335,0.0,0.0,0,0,0.0,0.0,0,,0.0,0,11.696037480027535,11.696037480027535,14.399999999999999,25215.434919631705,25215.434919631705,0.0,9.05,30,1.0,2786.2359027217335,2786.2359027217335,27383.406665613275,27383.406665613275,0.0,25215.43491963169,25215.43491963169,9.828100570688866,9.828100570688866,flat,flat,0.0,0.0,0.0,0.0,0.0,0.0,0.0,1.0,True,0.0,False,False,False,,False
DHNC0379,Dhanmondi,Educational,Educational,32.739518771825146,0.4381471069849552,3.1579990253677863,33.18754801360217,0.3358005869065283,LT-D1,1669.6811061887217,1669.6811061887217,0.0,0.0,0,0,0.0,0.0,0,,0.0,0,5.703121173397317,5.703121173397317,9.0,15110.614011007934,15110.614011007934,0.0,9.05,30,1.0,1669.6811061887217,1669.6811061887217,16433.14471155833,16433.14471155833,0.0,15110.614011007932,15110.614011007932,9.842085803479717,9.842085803479717,flat,flat,0.0,0.0,0.0,0.0,0.0,0.0,0.0,1.0,True,0.0,False,False,False,,False
DHNC0380,Dhanmondi,Educational,Educational,32.739518771825146,0.33115418513199735,4.810497182721823,41.44513323841348,0.18957900798980465,LT-D1,6689.94462675858,6689.94462675858,0.0,0.0,0,0,0.0,0.0,0,,0.0,0,23.394954682006677,23.394954682006677,21.0,60543.99887216517,60543.99887216517,0.0,9.05,30,1.0,6689.94462675858,6689.94462675858,64894.19881577341,64894.19881577341,0.0,60543.99887216515,60543.99887216515,9.700259484392179,9.700259484392179,flat,flat,0.0,0.0,0.0,0.0,0.0,0.0,0.0,1.0,True,0.0,False,False,False,,False
DHNC0381,Dhanmondi,Government,Government,40.10834784300581,0.21450600222503097,5.651652236831009,47.03397045234639,0.1799333365366406,LT-E,2771.988814367883,2771.988814367883,0.0,0.0,0,0,0.0,0.0,0,,0.0,0,14.638804442456838,14.638804442456838,14.9,41315.91580229897,41315.91580229897,0.0,15.36,30,1.0,2771.988814367883,2771.988814367883,46114.685598125216,46114.685598125216,0.0,42577.74818869068,42577.74818869068,16.635956595171574,16.635956595171574,flat,flat,0.0,0.0,0.0,0.0,0.0,0.0,0.0,1.0,True,0.0,False,False,False,,False
DHNC0382,Dhanmondi,Government,Government,40.10834784300581,0.23231166362550154,4.578121974598633,41.7771067231075,0.16064296344947016,LT-E,4194.159562054971,4194.159562054971,0.0,0.0,0,0,0.0,0.0,0,,0.0,0,13.674971257670553,13.674971257670553,15.2,61356.91262499324,61356.91262499324,0.0,15.36,30,1.0,4194.159562054971,4194.159562054971,69079.80541682255,69079.80541682255,0.0,64422.29087316435,64422.29087316435,16.470476240769486,16.470476240769486,flat,flat,0.0,0.0,0.0,0.0,0.0,0.0,0.0,1.0,True,0.0,False,False,False,,False
DHNC0383,Dhanmondi,Government,Government,40.10834784300581,0.2608962333024273,5.049328655751301,46.71068699085297,0.23867463371769498,LT-E,4730.693519114761,4730.693519114761,0.0,0.0,0,0,0.0,0.0,0,,0.0,0,17.116547947271194,17.116547947271194,15.2,69628.91792316237,69628.91792316237,0.0,15.36,30,1.0,4730.693519114761,4730.693519114761,77733.02507628287,77733.02507628287,0.0,72663.45245360273,72663.45245360273,16.431634127680457,16.431634127680457,flat,flat,0.0,0.0,0.0,0.0,0.0,0.0,0.0,1.0,True,0.0,False,False,False,,False
DHNC0384,Dhanmondi,Government,Government,40.10834784300581,0.28512303230894437,4.083540727475435,53.5793575301884,0.28458148583902204,LT-E,3456.002911684309,3456.002911684309,0.0,0.0,0,0,0.0,0.0,0,,0.0,0,10.168609401004325,10.168609401004325,10.7,50615.12532497298,50615.12532497298,0.0,15.36,30,1.0,3456.002911684309,3456.002911684309,56749.56495964453,56749.56495964453,0.0,53084.20472347098,53084.20472347098,16.420577878502773,16.420577878502773,flat,flat,0.0,0.0,0.0,0.0,0.0,0.0,0.0,1.0,True,0.0,False,False,False,,False
DHNC0385,Dhanmondi,Government,Government,40.10834784300581,0.42417851733137607,4.567059112705617,48.492504691236604,0.17787203267985435,LT-E,3732.092967129338,3732.092967129338,0.0,0.0,0,0,0.0,0.0,0,,0.0,0,12.843783979531125,12.843783979531125,12.8,54801.5858492495,54801.5858492495,0.0,15.36,30,1.0,3732.092967129338,3732.092967129338,61400.79537386196,61400.79537386196,0.0,57324.94797510663,57324.94797510663,16.45210768184331,16.45210768184331,flat,flat,0.0,0.0,0.0,0.0,0.0,0.0,0.0,1.0,True,0.0,False,False,False,,False
DHNC0386,Dhanmondi,Government,Government,40.10834784300581,0.4429461785539398,5.176557922685045,40.54779580674895,0.2024741235901543,LT-E,5013.957003097361,5013.957003097361,0.0,0.0,0,0,0.0,0.0,0,,0.0,0,18.149343254650304,18.149343254650304,19.699999999999996,72305.02586775293,72305.02586775293,0.0,15.36,30,1.0,5013.957003097361,5013.957003097361,82726.74854595424,82726.74854595424,0.0,77014.37956757547,77014.37956757547,16.499293570896196,16.499293570896196,flat,flat,0.0,0.0,0.0,0.0,0.0,0.0,0.0,1.0,True,0.0,False,False,False,,False
DHNC0387,Dhanmondi,Government,Government,40.10834784300581,0.31110659417398084,5.243476615266453,46.30805845970432,0.16962637426140878,LT-E,1402.4940234925111,1402.4940234925111,0.0,0.0,0,0,0.0,0.0,0,,0.0,0,3.89759917056872,3.89759917056872,5.0,21038.986313340098,21038.986313340098,0.0,15.36,30,1.0,1402.4940234925111,1402.4940234925111,23091.92361088722,23091.92361088722,0.0,21542.30820084497,21542.30820084497,16.464899831361404,16.464899831361404,flat,flat,0.0,0.0,0.0,0.0,0.0,0.0,0.0,1.0,True,0.0,False,False,False,,False
DHNC0388,Dhanmondi,Government,Government,40.10834784300581,0.2737511603071893,4.5692528235920316,54.32865152751748,0.15329904937543964,LT-E,2990.7014155456927,2990.7014155456927,0.0,0.0,0,0,0.0,0.0,0,,0.0,0,12.938462554355365,12.938462554355365,13.8,44506.548306800774,44506.548306800774,0.0,15.36,30,1.0,2990.7014155456927,2990.7014155456927,49538.13242992093,49538.13242992093,0.0,45937.17374278184,45937.17374278184,16.56405155406731,16.56405155406731,flat,flat,0.0,0.0,0.0,0.0,0.0,0.0,0.0,1.0,True,0.0,False,False,False,,False
DHNC0389,Dhanmondi,Government,Government,40.10834784300581,0.22052371203161392,6.123279084965549,45.381028203834916,0.2192831868283564,LT-E,4849.479917936167,4849.479917936167,0.0,0.0,0,0,0.0,0.0,0,,0.0,0,19.904549101188042,19.904549101188042,16.4,70762.56072902579,70762.56072902579,0.0,15.36,30,1.0,4849.479917936167,4849.479917936167,79762.2121164745,79762.2121164745,0.0,74488.01153949952,74488.01153949952,16.447580661478348,16.447580661478348,flat,flat,0.0,0.0,0.0,0.0,0.0,0.0,0.0,1.0,True,0.0,False,False,False,,False
DHNC0390,Dhanmondi,Government,Government,40.10834784300581,0.38352130254084926,4.364334182347049,38.655692287951254,0.26676512853047185,LT-E,5941.784003919296,5941.784003919296,0.0,0.0,0,0,0.0,0.0,0,,0.0,0,18.883764147600143,18.883764147600143,19.7,87715.18443315054,87715.18443315054,0.0,15.36,30,1.0,5941.784003919296,5941.784003919296,97690.7424152104,97690.7424152104,0.0,91265.80230020039,91265.80230020039,16.441314990711884,16.441314990711884,flat,flat,0.0,0.0,0.0,0.0,0.0,0.0,0.0,1.0,True,0.0,False,False,False,,False
DHNC0391,Dhanmondi,Government,Government,40.10834784300581,0.3141137985170737,4.936280945274297,48.00265519147711,0.2247929815966807,LT-E,6558.624063726129,6558.624063726129,0.0,0.0,0,0,0.0,0.0,0,,0.0,0,22.81994789455659,22.81994789455659,19.7,96822.85950861344,96822.85950861344,0.0,15.36,30,1.0,6558.624063726129,6558.624063726129,107639.138899775,107639.138899775,0.0,100740.46561883333,100740.46561883333,16.411847645773182,16.411847645773182,flat,flat,0.0,0.0,0.0,0.0,0.0,0.0,0.0,1.0,True,0.0,False,False,False,,False
DHNC0392,Dhanmondi,Government,Government,40.10834784300581,0.3034097215677384,5.556333505804884,37.43465532315043,0.16482253526554197,LT-E,5771.503566372906,5771.503566372906,0.0,0.0,0,0,0.0,0.0,0,,0.0,0,18.968065198698234,18.968065198698234,17.4,85801.2427981819,85801.2427981819,0.0,15.36,30,1.0,5771.503566372906,5771.503566372906,94727.10951846222,94727.10951846222,0.0,88650.29477948783,88650.29477948783,16.41289976330957,16.41289976330957,flat,flat,0.0,0.0,0.0,0.0,0.0,0.0,0.0,1.0,True,0.0,False,False,False,,False
DHNC0393,Dhanmondi,Government,Government,40.10834784300581,0.18159718084455764,3.54293397007197,50.43057107565218,0.2284846978308394,LT-E,3647.552886460389,3647.552886460389,0.0,0.0,0,0,0.0,0.0,0,,0.0,0,10.52104042835738,10.52104042835738,10.7,53744.0957220855,53744.0957220855,0.0,15.36,30,1.0,3647.552886460389,3647.552886460389,59838.88295283315,59838.88295283315,0.0,56026.41233603157,56026.41233603157,16.40521325268603,16.40521325268603,flat,flat,0.0,0.0,0.0,0.0,0.0,0.0,0.0,1.0,True,0.0,False,False,False,,False
DHNC0394,Dhanmondi,Government,Government,40.10834784300581,0.35628264985294444,4.496219998021219,65.92749288804146,0.14926816193134843,LT-E,1993.519026030114,1993.519026030114,0.0,0.0,0,0,0.0,0.0,0,,0.0,0,7.834373360124957,7.834373360124957,9.9,28875.39207981945,28875.39207981945,0.0,15.36,30,1.0,1993.519026030114,1993.519026030114,33087.02485181368,33087.02485181368,0.0,30620.45223982255,30620.45223982255,16.597295746759464,16.597295746759464,flat,flat,0.0,0.0,0.0,0.0,0.0,0.0,0.0,1.0,True,0.0,False,False,False,,False
DHNC0395,Dhanmondi,Government,Government,40.10834784300581,0.35836353371193885,4.9475882081239275,48.75543700333948,0.20028808663630257,LT-E,3421.673257501811,3421.673257501811,0.0,0.0,0,0,0.0,0.0,0,,0.0,0,12.47458441809272,12.47458441809272,15.3,49782.79300763385,49782.79300763385,0.0,15.36,30,1.0,3421.673257501811,3421.673257501811,56630.596296989206,56630.596296989206,0.0,52556.901235227815,52556.901235227815,16.550556419386353,16.550556419386353,flat,flat,0.0,0.0,0.0,0.0,0.0,0.0,0.0,1.0,True,0.0,False,False,False,,False
DHNC0396,Dhanmondi,Government,Government,40.10834784300581,0.20598818935870067,5.136662048119668,41.947682310780834,0.15487645273890532,LT-E,5298.224887221339,5298.224887221339,0.0,0.0,0,0,0.0,0.0,0,,0.0,0,20.674075309702765,20.674075309702765,18.799999999999997,78374.22099913209,78374.22099913209,0.0,15.36,30,1.0,5298.224887221339,5298.224887221339,87226.37098110575,87226.37098110575,0.0,81380.73426771976,81380.73426771976,16.463319854822497,16.463319854822497,flat,flat,0.0,0.0,0.0,0.0,0.0,0.0,0.0,1.0,True,0.0,False,False,False,,False
DHNC0397,Dhanmondi,Government,Government,40.10834784300581,0.255892363485157,4.04753070826415,39.192437476425134,0.2220476088950185,LT-E,1555.65682572885,1555.65682572885,0.0,0.0,0,0,0.0,0.0,0,,0.0,0,5.119509490769415,5.119509490769415,5.8999999999999995,23119.14243846683,23119.14243846683,0.0,15.36,30,1.0,1555.65682572885,1555.65682572885,25647.18328535489,25647.18328535489,0.0,23894.888843195135,23894.888843195135,16.48640166724353,16.48640166724353,flat,flat,0.0,0.0,0.0,0.0,0.0,0.0,0.0,1.0,True,0.0,False,False,False,,False
DHNC0398,Dhanmondi,Government,Government,40.10834784300581,0.36155389717129827,3.634177264595016,32.999050497904534,0.20564667221077634,LT-E,4047.264311228186,4047.264311228186,0.0,0.0,0,0,0.0,0.0,0,,0.0,0,18.435443171704957,18.435443171704957,16.2,58592.831703664546,58592.831703664546,0.0,15.36,30,1.0,4047.264311228186,4047.264311228186,66805.1788114882,66805.1788114882,0.0,62165.97982046494,62165.97982046494,16.506255503539236,16.506255503539236,flat,flat,0.0,0.0,0.0,0.0,0.0,0.0,0.0,1.0,True,0.0,False,False,False,,False
DHNC0399,Dhanmondi,Government,Government,40.10834784300581,0.2888627765561266,5.881696546095652,40.86776083978893,0.19804290851475675,LT-E,3631.482811234373,3631.482811234373,0.0,0.0,0,0,0.0,0.0,0,,0.0,0,10.937568201404526,10.937568201404526,11.9,53467.7086122383,53467.7086122383,0.0,15.36,30,1.0,3631.482811234373,3631.482811234373,59693.104779587964,59693.104779587964,0.0,55779.57598055997,55779.57598055997,16.43766689323741,16.43766689323741,flat,flat,0.0,0.0,0.0,0.0,0.0,0.0,0.0,1.0,True,0.0,False,False,False,,False
DHNC0400,Dhanmondi,Government,Government,40.10834784300581,0.3457403325530782,4.969014278788857,38.9736920735138,0.1392693656832132,LT-E,3973.131432307371,3973.131432307371,0.0,0.0,0,0,0.0,0.0,0,,0.0,0,17.748545251248505,17.748545251248505,17.4,58010.74012064277,58010.74012064277,0.0,15.36,30,1.0,3973.131432307371,3973.131432307371,65722.96374025328,65722.96374025328,0.0,61027.29880024122,61027.29880024122,16.54185492224834,16.54185492224834,flat,flat,0.0,0.0,0.0,0.0,0.0,0.0,0.0,1.0,True,0.0,False,False,False,,False
KLNC0001,Kalyanpur,Residential,Res-A,795.3408386808318,0.600582756415974,2.0809388366858643,21.19130373823998,0.3836459432442986,LT-A,194.06846911678335,182.43603060817753,0.0,11.632438508605873,0,416,246.50653765226633,34.89731552581762,16,upper-middle,167586.8164301546,6,0.731272626339894,0.7292738619375554,2.9251000000000005,1649.581987492659,1515.8089446436918,34.89731552581762,8.5,30,1.0,194.06846911678335,182.43603060817753,1678.3579968672911,1574.5384831779845,0.0,1475.5819874926583,1376.706260169509,8.648277613079518,8.630633312559077,76-200,76-200,103.81951368930663,6.185778831637175,133.77304284896718,11.632438508605816,5.993986844718107,0.001998764402338593,0.2733268456037587,0.9400601315528186,True,-107.78970843714208,False,False,False,0.42116332766703046,True
KLNC0002,Kalyanpur,Residential,Res-B,795.3408386808318,0.392048891739897,1.859888519419387,16.4094765491582,0.4399819126522117,LT-A,147.00148496907693,135.9106523848701,0.0,11.090832584206838,0,464,181.99475720118173,33.272497752620524,16,middle,57637.972393621305,5,0.7586383038988945,0.7545594605380552,2.1401000000000003,1249.512622237154,1121.9680475187754,33.272497752620524,8.5,30,1.0,147.00148496907693,135.9106523848701,1223.6666633490115,1124.6809825349656,0.0,1075.512622237154,981.2405452713958,8.324178926535474,8.275149613365903,76-200,76-200,98.98568081404596,8.089268407716153,127.5445747183785,11.090832584206822,7.5447078555294045,0.0040788433608393015,0.5376532320971363,0.9245529214447059,True,-49.73657863451524,False,False,False,0.5438930348121217,True
KLNC0003,Kalyanpur,Residential,Res-B,795.3408386808318,0.31253359247106965,1.732791702648039,17.931590157456885,0.37962710625590257,LT-A,147.3833782378852,146.72257533430457,0.0,0.6608029035806462,0,31,11.849246841865646,1.9824087107419386,1,middle,46376.03718881258,4,0.8450251098223547,0.8450251098223547,3.3451999999999997,1252.7587150220243,1245.1594816308468,1.9824087107419386,8.5,30,1.0,147.3833782378852,146.72257533430457,1280.2199707731254,1274.3223048586683,0.0,1078.7587150220243,1073.1418903415888,8.686325324330516,8.685250391462592,76-200,76-200,5.897665914457093,0.46067598140150007,7.5992333911774494,0.6608029035806453,0.4483564642642887,0.0,0.0,0.9955164353573571,True,-3.969172216666615,False,False,False,0.4977249603425862,True
KLNC0004,Kalyanpur,Residential,Res-B,795.3408386808318,0.3488239342497505,1.7695884254185854,19.235740794383148,0.3090469178977664,LT-A,218.2714637512353,209.5712847321623,0.0,8.700179019072984,0,224,167.35438847561858,26.10053705721895,8,middle,38813.17651432089,4,0.9288235027459004,0.9288235027459004,3.0303999999999998,1986.2703201362413,1880.9981540054578,26.10053705721895,9.1,30,1.0,218.2714637512353,209.5712847321623,1910.5244761430533,1827.3942656158108,0.0,1692.2703201362413,1613.0986910626768,8.752974132800448,8.719678690481235,201-300,201-300,83.13021052724253,4.351172233870822,105.27216613078349,8.700179019073005,3.9859443234359886,0.0,0.0,0.9601405567656403,True,-58.123640891157095,False,False,False,0.4967315843011404,True
KLNC0005,Kalyanpur,Residential,Res-B,795.3408386808318,0.2303365000807064,1.1832281241129703,24.81357689150563,0.4142116007907988,LT-A,158.80991321724065,158.80991321724065,0.0,0.0,0,0,0.0,0.0,0,middle,51469.20792514579,4,1.1944969795852936,1.1944969795852936,1.9504,1349.8842623465455,1349.8842623465455,0.0,8.5,30,1.0,158.80991321724065,158.80991321724065,1320.6911154638726,1320.6911154638726,0.0,1175.8842623465455,1175.8842623465455,8.316175537841024,8.316175537841024,76-200,76-200,0.0,0.0,0.0,0.0,0.0,0.0,0.0,1.0,True,0.0,False,False,False,,False
KLNC0006,Kalyanpur,Residential,Res-C,795.3408386808318,0.21340384414805877,2.919496639625219,29.764767719181382,0.31453070014096296,LT-A,157.04912212149483,157.04912212149483,0.0,0.0,0,0,0.0,0.0,0,lower-middle,13415.181293881897,3,0.8323639610851843,0.8323639610851843,1.8195000000000001,1334.9175380327054,1334.9175380327054,0.0,8.5,30,1.0,157.04912212149483,157.04912212149483,1299.2033649343414,1299.2033649343414,0.0,1160.917538032706,1160.917538032706,8.272592341708629,8.272592341708629,76-200,76-200,0.0,0.0,0.0,0.0,0.0,0.0,0.0,1.0,True,0.0,False,False,False,,False
KLNC0007,Kalyanpur,Residential,Res-B,795.3408386808318,0.3711474664541121,1.277428534199561,24.192425018101538,0.41834025064705954,LT-A,308.33323298059753,308.33323298059753,0.0,0.0,0,0,0.0,0.0,0,middle,55525.96153290447,4,1.5442357928271422,1.5442357928271422,3.4651,2966.1657012733485,2966.1657012733485,0.0,9.62,30,1.0,308.33323298059753,308.33323298059753,2794.7848963370157,2794.7848963370157,0.0,2516.165701273348,2516.165701273348,9.064170181463647,9.064170181463647,301-400,301-400,0.0,0.0,0.0,0.0,0.0,0.0,0.0,1.0,True,0.0,False,False,False,,False
KLNC0008,Kalyanpur,Residential,Res-B,795.3408386808318,0.32920401833424145,1.614212049409864,27.314569880187896,0.5285618007783728,LT-A,89.40493815747836,89.40493815747836,0.0,0.0,0,0,0.0,0.0,0,middle,29834.869520907792,4,0.6446147172505707,0.6446147172505707,1.8551000000000002,759.9419743385658,759.9419743385658,0.0,8.5,30,1.0,89.40493815747836,89.40493815747836,697.0489830554944,697.0489830554944,0.0,585.9419743385661,585.9419743385661,7.796537835837529,7.796537835837529,76-200,76-200,0.0,0.0,0.0,0.0,0.0,0.0,0.0,1.0,True,0.0,False,False,False,,False
KLNC0009,Kalyanpur,Residential,Res-C,795.3408386808318,0.15073666989710616,3.778105991197679,32.691610826821176,0.2741819268216439,LT-A,51.842367924303254,51.842367924303254,0.0,0.0,0,0,0.0,0.0,0,lower-middle,13051.301877711123,3,0.47591987924698276,0.47591987924698276,1.2055,320.3858337721942,320.3858337721942,0.0,6.18,30,1.0,51.842367924303254,51.842367924303254,389.5676754608038,389.5676754608038,0.0,320.3858337721941,320.3858337721941,7.514465312032513,7.514465312032513,1-75,1-75,0.0,0.0,0.0,0.0,0.0,0.0,0.0,1.0,True,0.0,False,False,False,,False
KLNC0010,Kalyanpur,Residential,Res-B,795.3408386808318,0.3821574190574076,1.4966452488186885,13.59067619644184,0.41184887252484165,LT-A,175.9200852730623,164.0807477412726,0.0,11.839337531789754,0,544,160.90460277493548,35.51801259536925,16,middle,47437.31026745803,5,0.9793652321284972,0.976144419911276,2.6802,1495.3207248210294,1359.1683432054472,35.51801259536925,8.5,30,1.0,175.9200852730623,164.0807477412726,1505.5835810620813,1399.9174935908582,0.0,1321.3207248210297,1220.6863558008172,8.558338172273631,8.531881484342634,76-200,76-200,105.66608747122314,7.0182810705655605,136.15238161558227,11.83933753178971,6.7299521333296015,0.0032208122172212583,0.32886732258417284,0.9327004786667037,True,-19.720502708343105,False,False,False,0.6567002164569714,True
KLNC0011,Kalyanpur,Residential,Res-C,795.3408386808318,0.20951903377750813,3.493843195435373,32.80544666038003,0.29694070432106623,LT-A,93.65850189384331,93.65850189384331,0.0,0.0,0,0,0.0,0.0,0,lower-middle,19709.98748449153,3,0.826642099368265,0.826642099368265,1.1155000000000002,796.0972660976678,796.0972660976678,0.0,8.5,30,1.0,93.65850189384331,93.65850189384331,702.3956794025515,702.3956794025515,0.0,622.0972660976681,622.0972660976681,7.499539979816012,7.499539979816012,76-200,76-200,0.0,0.0,0.0,0.0,0.0,0.0,0.0,1.0,True,0.0,False,False,False,,False
KLNC0012,Kalyanpur,Residential,Res-B,795.3408386808318,0.4036850190399678,1.5518451735964476,24.444940820505106,0.3937807169986934,LT-A,181.54710115999396,181.54710115999396,0.0,0.0,0,0,0.0,0.0,0,middle,51976.77548011011,4,1.2165557704070715,1.2165557704070715,3.4603,1543.1503598599497,1543.1503598599497,0.0,8.5,30,1.0,181.54710115999396,181.54710115999396,1590.207107852946,1590.207107852946,0.0,1369.1503598599486,1369.1503598599486,8.75919856440741,8.75919856440741,76-200,76-200,0.0,0.0,0.0,0.0,0.0,0.0,0.0,1.0,True,0.0,False,False,False,,False
KLNC0013,Kalyanpur,Residential,Res-B,795.3408386808318,0.4255166560663444,1.6082007986045987,20.83956236059255,0.41371433983194356,LT-A,223.19365894402856,205.30738548566208,0.0,17.886273458366485,0,437,372.7421111342397,53.65882037509946,16,middle,58601.35172425176,5,0.9644685370473545,0.9577474746815418,2.9702,2031.0622963906596,1814.6383875444253,53.65882037509946,9.1,30,1.0,223.19365894402856,205.30738548566208,1954.9012312101927,1783.997888315501,0.0,1737.0622963906599,1574.297207919525,8.758766895346401,8.689399478228166,201-300,201-300,170.9033428946916,8.742300642416236,216.42390884623433,17.886273458366475,8.013791047196332,0.006721062365812713,0.696866938385437,0.9198620895280366,True,-148.17994786444862,False,False,False,0.45850291069779964,True
KLNC0014,Kalyanpur,Residential,Res-C,795.3408386808318,0.14746752506643143,3.465057032154486,30.48384853630084,0.3127428996078858,LT-A,72.94498600864941,72.94498600864941,0.0,0.0,0,0,0.0,0.0,0,lower-middle,15853.082842197064,3,0.8967806247641592,0.8967806247641592,1.4655000000000002,450.80001353345335,450.80001353345335,0.0,6.18,30,1.0,72.94498600864941,72.94498600864941,537.9685642101259,537.9685642101259,0.0,450.8000135334533,450.8000135334533,7.374990299488667,7.374990299488667,1-75,1-75,0.0,0.0,0.0,0.0,0.0,0.0,0.0,1.0,True,0.0,False,False,False,,False
KLNC0015,Kalyanpur,Residential,Res-B,795.3408386808318,0.32939105487226666,0.889466566543538,24.570258704592014,0.30690308519488163,LT-A,287.4463324779864,287.4463324779864,0.0,0.0,0,0,0.0,0.0,0,middle,35169.24225746089,4,1.292244833944055,1.292244833944055,3.4053999999999998,2615.761625549676,2615.761625549676,0.0,9.1,30,1.0,287.4463324779864,287.4463324779864,2588.02784682716,2588.02784682716,0.0,2321.761625549676,2321.761625549676,9.003516672196051,9.003516672196051,201-300,201-300,0.0,0.0,0.0,0.0,0.0,0.0,0.0,1.0,True,0.0,False,False,False,,False
KLNC0016,Kalyanpur,Residential,Res-A,795.3408386808318,0.520864224473589,2.231647099081475,21.85181458523158,0.39213598298015845,LT-A,385.015929297915,354.1265363573313,0.0,30.889392940583825,0,397,674.9892871879989,92.66817882175145,16,upper-middle,102433.19711162837,5,1.371121771723235,1.3633437739687777,3.8557000000000006,3703.853239845942,3314.0291009357747,92.66817882175145,9.62,30,1.0,385.015929297915,354.1265363573313,3586.5822718382396,3274.568513745404,0.0,3253.8532398459424,2956.697279757527,9.315412685336035,9.246888266066572,301-400,301-400,312.0137580928358,8.699473048276644,389.8241389101672,30.88939294058372,8.022887000262873,0.0077779977544572,0.5672725730758225,0.919771129997371,True,-270.30735027341166,False,False,False,0.46224994087340726,True
KLNC0017,Kalyanpur,Residential,Res-A,795.3408386808318,0.6347834657658254,2.566842441083259,18.724920891875,0.4424893859693185,LT-A,419.6739374129215,385.93835593047237,0.0,33.735581482448985,0,307,631.6960945002605,101.20674444734696,16,upper-middle,117717.58123190212,6,2.221130256296523,2.221130256296523,4.4561,6299.30580056795,5691.727978069044,101.20674444734696,15.01,30,1.0,419.6739374129215,385.93835593047237,4074.4851005963487,3622.377343253701,0.0,3693.3058005679513,3262.726984051144,9.708692242633646,9.385896186763775,401-600,301-400,452.1077573426478,11.096070943454341,607.5778224989062,33.735581482449106,8.038521927382954,0.0,0.0,0.9196147807261708,True,-78.38159271026575,False,True,False,0.7157045314651084,True
KLNC0018,Kalyanpur,Residential,Res-C,795.3408386808318,0.17096124064546941,2.059943784010889,36.433514286261385,0.4234869944164563,LT-A,130.33681937508302,130.33681937508302,0.0,0.0,0,0,0.0,0.0,0,lower-middle,23809.4518307932,3,0.6687005540961437,0.6687005540961437,1.8794,1107.862964688206,1107.862964688206,0.0,8.5,30,1.0,130.33681937508302,130.33681937508302,1063.437652922616,1063.437652922616,0.0,933.8629646882057,933.8629646882057,8.159149947201469,8.159149947201469,76-200,76-200,0.0,0.0,0.0,0.0,0.0,0.0,0.0,1.0,True,0.0,False,False,False,,False
KLNC0019,Kalyanpur,Residential,Res-B,795.3408386808318,0.32440036463950483,2.1641998342855757,15.84816320585779,0.44543034363704603,LT-A,165.53529670858504,154.88039839331634,0.0,10.654898315268674,0,528,168.86056744219715,31.964694945806016,16,middle,55430.70758599974,4,0.7653926901209732,0.7653926901209732,3.3505,1407.0500220229726,1284.5186913973826,31.964694945806016,8.5,30,1.0,165.53529670858504,154.88039839331634,1442.4595731241216,1347.3646056603484,0.0,1233.0500220229728,1142.4833863431888,8.713909370419561,8.699387525067808,76-200,76-200,95.09496746377317,6.592556854665513,122.53133062559004,10.654898315268696,6.436632263405434,0.0,0.0,0.9356336773659458,True,-41.80090503261796,False,False,False,0.5631567446693867,True
KLNC0020,Kalyanpur,Residential,Res-A,795.3408386808318,0.5058681940370112,1.8335127923765298,22.7347888732094,0.35435001660351423,LT-A,424.775646102099,390.64878010259,0.0,34.12686599950907,0,256,775.8670934031469,102.3805979985272,16,upper-middle,149984.3332024566,5,2.656946317760034,2.6180809800326665,5.095,6375.882447992504,5761.257591341346,102.3805979985272,15.01,30,1.0,424.775646102099,390.64878010259,4183.066070392131,3698.1328278162614,0.0,3769.882447992506,3308.041264586916,9.847706921942248,9.466643737745907,401-600,301-400,484.9332425758698,11.592770336769052,614.6248566511586,34.12686599950899,8.034091952462422,0.03886533772736733,1.462782197275749,0.9196590804753756,True,-188.55325282874992,False,False,False,0.6250210206091246,True
KLNC0021,Kalyanpur,Residential,Res-C,795.3408386808318,0.1796208954088581,4.155415100215868,31.959009363203855,0.3072714833669354,LT-A,22.517097936160862,22.517097936160862,0.0,0.0,0,0,0.0,0.0,0,lower-middle,19403.633100705265,5,0.6075833218783241,0.6075833218783241,1.0747,119.79096102037579,119.79096102037579,0.0,5.32,30,1.0,22.517097936160862,22.517097936160862,173.1747790713946,173.1747790713946,0.0,119.79096102037579,119.79096102037579,7.690812535539413,7.690812535539413,lifeline 0-50,lifeline 0-50,0.0,0.0,0.0,0.0,0.0,0.0,0.0,1.0,True,0.0,False,False,False,,False
KLNC0022,Kalyanpur,Residential,Res-A,795.3408386808318,0.5449767250065608,2.465489933810007,16.83157259508086,0.40815519603200934,LT-A,495.4606379628792,455.70535161300154,0.0,39.75528634987747,0,307,669.1439882361899,119.26585904963243,16,upper-middle,113012.50462837957,5,2.697363150072563,2.697363150072563,5.375800000000001,7436.864175822816,6720.871468661524,119.26585904963243,15.01,30,1.0,495.4606379628792,455.70535161300154,5309.480164613958,4682.916974096711,0.0,4830.864175822817,4234.137327711153,10.71625020797667,10.276194820888525,401-600,401-600,626.5631905172468,11.800838709090517,715.992707161292,39.75528634987768,8.023904081126261,0.0,0.0,0.9197609591887378,True,76.68506133068934,True,True,True,0.9363652689592524,True
KLNC0023,Kalyanpur,Residential,Res-B,795.3408386808318,0.28333146299306267,1.5272318474735098,19.884069081357843,0.4631187847940537,LT-A,144.4710047399311,144.4710047399311,0.0,0.0,0,0,0.0,0.0,0,middle,39897.49151689027,4,0.7496791921377006,0.7496791921377006,2.3802,1228.0035402894143,1228.0035402894143,0.0,8.5,30,1.0,144.4710047399311,144.4710047399311,1211.6705373038849,1211.6705373038849,0.0,1054.003540289414,1054.003540289414,8.386946152171287,8.386946152171287,76-200,76-200,0.0,0.0,0.0,0.0,0.0,0.0,0.0,1.0,True,0.0,False,False,False,,False
KLNC0024,Kalyanpur,Residential,Res-B,795.3408386808318,0.5191440572926781,1.3695151704288657,22.161345587665387,0.36038538423186395,LT-A,188.10013921583683,173.00966751875745,0.0,15.090471697079307,0,441,334.4251583598579,45.27141509123792,16,middle,49313.59411585582,4,0.9773922177056812,0.9411447928692055,3.6755,1598.8511833346124,1425.3107588182006,45.27141509123792,8.5,30,1.0,188.10013921583683,173.00966751875745,1658.1832925013439,1523.5008326049103,0.0,1424.851183334613,1296.5821739094383,8.815428310760844,8.805871107981492,76-200,76-200,134.68245989643356,8.122290250148833,173.5404245164118,15.09047169707938,8.022573380322548,0.036247424836475695,3.708585374412175,0.9197742661967749,True,-154.47128337218643,False,False,False,0.4027282533316725,True
KLNC0025,Kalyanpur,Residential,Res-B,795.3408386808318,0.3532868149175582,1.6677398119803657,23.67345533359682,0.43947825431039883,LT-A,355.6283736337721,355.6283736337721,0.0,0.0,0,0,0.0,0.0,0,middle,42075.88740382971,4,1.5088144117309192,1.5088144117309192,3.0650000000000004,3421.144954356887,3421.144954356887,0.0,9.62,30,1.0,355.6283736337721,355.6283736337721,3254.8687020747325,3254.8687020747325,0.0,2971.144954356888,2971.144954356888,9.15244379636202,9.15244379636202,301-400,301-400,0.0,0.0,0.0,0.0,0.0,0.0,0.0,1.0,True,0.0,False,False,False,,False
KLNC0026,Kalyanpur,Residential,Res-B,795.3408386808318,0.2924049097337309,1.667937102912673,25.110809911064575,0.464294482372165,LT-A,170.3623938407903,170.3623938407903,0.0,0.0,0,0,0.0,0.0,0,middle,48440.06842838645,4,0.8745521096132798,0.8745521096132798,3.5254,1448.0803476467177,1448.0803476467177,0.0,8.5,30,1.0,170.3623938407903,170.3623938407903,1493.2545050290537,1493.2545050290537,0.0,1274.0803476467177,1274.0803476467177,8.765165077596603,8.765165077596603,76-200,76-200,0.0,0.0,0.0,0.0,0.0,0.0,0.0,1.0,True,0.0,False,False,False,,False
KLNC0027,Kalyanpur,Residential,Res-C,795.3408386808318,0.1991305890778492,2.9778415135983103,31.703589875801953,0.31933038236867384,LT-A,36.394329360224944,36.394329360224944,0.0,0.0,0,0,0.0,0.0,0,lower-middle,15963.003042255115,3,0.711406709276422,0.711406709276422,1.5247,193.6178321963967,193.6178321963967,0.0,5.32,30,1.0,36.394329360224944,36.394329360224944,270.53799380621655,270.53799380621655,0.0,193.6178321963967,193.6178321963967,7.433520511629079,7.433520511629079,lifeline 0-50,lifeline 0-50,0.0,0.0,0.0,0.0,0.0,0.0,0.0,1.0,True,0.0,False,False,False,,False
KLNC0028,Kalyanpur,Residential,Res-B,795.3408386808318,0.3529914409703355,1.5603096955010143,22.81881880766631,0.37208256074393364,LT-A,156.8862443835734,156.8862443835734,0.0,0.0,0,0,0.0,0.0,0,middle,36310.43206079908,4,0.9944296282796875,0.9944296282796875,2.7054,1333.5330772603731,1333.5330772603731,0.0,8.5,30,1.0,156.8862443835734,156.8862443835734,1336.8178711233925,1336.8178711233925,0.0,1159.5330772603738,1159.5330772603738,8.520937424284233,8.520937424284233,76-200,76-200,0.0,0.0,0.0,0.0,0.0,0.0,0.0,1.0,True,0.0,False,False,False,,False
KLNC0029,Kalyanpur,Residential,Res-C,795.3408386808318,0.2395666656731631,3.0188364301731414,29.94161215712026,0.37374322831677054,LT-A,161.4231949992065,161.4231949992065,0.0,0.0,0,0,0.0,0.0,0,lower-middle,24160.178340529506,5,1.1978466497649216,1.1978466497649216,2.5697,1372.097157493255,1372.097157493255,0.0,8.5,30,1.0,161.4231949992065,161.4231949992065,1371.325785367918,1371.325785367918,0.0,1198.097157493255,1198.097157493255,8.49522142945231,8.49522142945231,76-200,76-200,0.0,0.0,0.0,0.0,0.0,0.0,0.0,1.0,True,0.0,False,False,False,,False
KLNC0030,Kalyanpur,Residential,Res-B,795.3408386808318,0.3523472829534758,1.7656969624723562,18.469308048006667,0.3736769619831169,LT-A,227.950860415352,209.64164562115224,0.0,18.309214794199733,0,373,338.15852815119604,54.92764438259921,16,middle,58941.842922671865,5,1.0908413259248695,1.0908413259248695,2.8254,2074.352829779703,1852.811330769886,54.92764438259921,9.1,30,1.0,227.950860415352,209.64164562115224,1993.9706112686883,1819.0260639101098,0.0,1780.3528297797031,1613.7389751524854,8.74737040972537,8.67683545662158,201-300,201-300,174.94454735857857,8.773677323522232,221.54149900981702,18.30921479419976,8.032088477682567,0.0,0.0,0.9196791152231745,True,-108.28633641001824,False,False,False,0.5173447741065341,True
KLNC0031,Kalyanpur,Residential,Res-B,795.3408386808318,0.3219102715511489,1.406572255258939,16.01266275342019,0.4257500895003859,LT-A,187.43414806820167,172.4184200640798,0.0,15.015728004121897,0,458,240.4417885270912,45.047184012365705,16,middle,38619.85076703158,4,1.0792978324710538,1.0739831572377174,2.815,1593.190258579714,1420.5093865323126,45.047184012365705,8.5,30,1.0,187.43414806820167,172.4184200640798,1614.2912715087,1480.2758990719124,0.0,1419.1902585797143,1291.5565705446784,8.612578274271067,8.585369814441888,76-200,76-200,134.01537243678763,8.30180865139277,172.6808720474014,15.015728004121854,8.011201885505987,0.005314675233336397,0.4924197078361995,0.9198879811449399,True,-61.37923207793787,False,False,False,0.557371383975077,True
KLNC0032,Kalyanpur,Residential,Res-C,795.3408386808318,0.10369065390990995,2.876264260783613,31.97630214901201,0.2307241014133571,LT-A,66.98183477311001,66.98183477311001,0.0,0.0,0,0,0.0,0.0,0,lower-middle,18915.717810407474,3,0.9807076862057156,0.9807076862057156,1.9456,413.94773889781993,413.94773889781993,0.0,6.18,30,1.0,66.98183477311001,66.98183477311001,520.4460858427108,520.4460858427108,0.0,413.9477388978198,413.9477388978198,7.769958640363266,7.769958640363266,1-75,1-75,0.0,0.0,0.0,0.0,0.0,0.0,0.0,1.0,True,0.0,False,False,False,,False
KLNC0033,Kalyanpur,Residential,Res-B,795.3408386808318,0.40356690065112233,1.4213299637031604,23.693244766899557,0.4481203742184637,LT-A,204.34555372549886,204.34555372549886,0.0,0.0,0,0,0.0,0.0,0,middle,56833.65120711585,4,0.9667662754066545,0.9667662754066545,3.7053,1859.5445389020397,1859.5445389020397,0.0,9.1,30,1.0,204.34555372549886,204.34555372549886,1807.2254958471417,1807.2254958471417,0.0,1565.5445389020397,1565.5445389020397,8.84396779327443,8.84396779327443,201-300,201-300,0.0,0.0,0.0,0.0,0.0,0.0,0.0,1.0,True,0.0,False,False,False,,False
KLNC0034,Kalyanpur,Residential,Res-B,795.3408386808318,0.32192801084640915,1.113875315077433,24.295718783544665,0.31004052471065063,LT-A,176.85747166513067,176.85747166513067,0.0,0.0,0,0,0.0,0.0,0,middle,31488.43767673682,5,1.1256523430040584,1.1256523430040584,2.9,1503.2885091536107,1503.2885091536107,0.0,8.5,30,1.0,176.85747166513067,176.85747166513067,1523.6429346112911,1523.6429346112911,0.0,1329.2885091536107,1329.2885091536107,8.615089429165991,8.615089429165991,76-200,76-200,0.0,0.0,0.0,0.0,0.0,0.0,0.0,1.0,True,0.0,False,False,False,,False
KLNC0035,Kalyanpur,Residential,Res-B,795.3408386808318,0.3040733129698308,1.5989765801717628,19.756049846577888,0.3787045968811743,LT-A,260.3715433999295,260.3715433999295,0.0,0.0,0,0,0.0,0.0,0,middle,42679.177260143886,5,1.4370197138387333,1.4370197138387333,2.775,2369.3810449393586,2369.3810449393586,0.0,9.1,30,1.0,260.3715433999295,260.3715433999295,2301.5275971863266,2301.5275971863266,0.0,2075.3810449393586,2075.3810449393586,8.839397605179881,8.839397605179881,201-300,201-300,0.0,0.0,0.0,0.0,0.0,0.0,0.0,1.0,True,0.0,False,False,False,,False
KLNC0036,Kalyanpur,Residential,Res-C,795.3408386808318,0.19539040066585514,3.619558040782637,30.47905252985122,0.26027266592396675,LT-A,48.68053031797447,48.68053031797447,0.0,0.0,0,0,0.0,0.0,0,lower-middle,12023.68750671378,5,0.4806327419918769,0.4806327419918769,0.8956999999999999,258.98042129162434,258.98042129162434,0.0,5.32,30,1.0,48.68053031797447,48.68053031797447,311.42981235620545,311.42981235620545,0.0,258.9804212916242,258.9804212916242,6.397420289425549,6.397420289425549,lifeline 0-50,lifeline 0-50,0.0,0.0,0.0,0.0,0.0,0.0,0.0,1.0,True,0.0,False,False,False,,False
KLNC0037,Kalyanpur,Residential,Res-A,795.3408386808318,0.559232945737869,1.5951474409398703,18.75590587010299,0.38435298898197146,LT-A,498.969369837785,458.90963769018197,0.0,40.059732147602865,0,350,751.3565653419782,120.17919644280859,16,upper-middle,171218.7172095058,6,2.7878931728785177,2.770243286395852,5.454899999999999,7489.530241265151,6768.054465286823,120.17919644280859,15.01,30,1.0,498.969369837785,458.90963769018197,5368.267843328411,4736.906434816114,0.0,4883.530241265153,4282.233661729631,10.758712193242715,10.322089679045014,401-600,401-600,631.3614085122972,11.760989334705831,721.4757759783279,40.05973214760303,8.028495248240679,0.017649886482665522,0.6330904876258906,0.9197150475175935,True,0.18403961312753836,True,True,True,0.840295323998313,True
KLNC0038,Kalyanpur,Residential,Res-B,795.3408386808318,0.25439017950751497,1.5374664328346785,19.557180910699085,0.3528916157546679,LT-A,146.48680932215314,146.48680932215314,0.0,0.0,0,0,0.0,0.0,0,middle,45984.08211888981,5,0.9203493343369314,0.9203493343369314,1.245,1245.1378792383018,1245.1378792383018,0.0,8.5,30,1.0,146.48680932215314,146.48680932215314,1179.5992732002167,1179.5992732002167,0.0,1071.1378792383016,1071.1378792383016,8.0525972178563,8.0525972178563,76-200,76-200,0.0,0.0,0.0,0.0,0.0,0.0,0.0,1.0,True,0.0,False,False,False,,False
KLNC0039,Kalyanpur,Residential,Res-A,795.3408386808318,0.45256220215246334,2.1672081547135975,17.876524147486094,0.4742689118458004,LT-A,345.65121415007525,317.89820517129886,0.0,27.753008978776375,0,287,496.1273351744943,83.25902693632912,16,upper-middle,168141.34928702348,4,1.4740896395716563,1.4740896395716563,4.4359,3325.164680123724,2974.9217068115654,83.25902693632912,9.62,30,1.0,345.65121415007525,317.89820517129886,3214.54610412991,2934.21296043529,0.0,2875.164680123724,2608.180733747895,9.299970526746694,9.230039404765417,301-400,301-400,280.33314369462005,8.72076911058952,350.2429733121585,27.753008978776393,8.02919470340022,0.0,0.0,0.9197080529659979,True,-132.53516454354514,False,False,False,0.5650427295968752,True
KLNC0040,Kalyanpur,Residential,Res-A,795.3408386808318,0.6393877585534664,2.0487404134513207,22.689455870940307,0.4110446627076573,LT-A,329.7420277218724,303.29086843162247,0.0,26.451159290249823,0,464,600.1624114513361,79.35347787074949,16,upper-middle,165171.10207226788,5,1.3540848644358545,1.3540848644358545,3.566100000000001,3172.118306684411,2838.3046764414585,79.35347787074949,9.62,30,1.0,329.7420277218724,303.29086843162247,3015.489232018633,2748.306072027819,0.0,2722.1183066844123,2467.6581543122084,9.14499511285261,9.061618261835108,301-400,301-400,267.18315999081415,8.860358616235416,333.8136302429525,26.451159290249905,8.021773709889562,0.0,0.0,0.9197822629011047,True,-253.62577358977245,False,True,False,0.44518476147931596,True
KLNC0041,Kalyanpur,Residential,Res-A,795.3408386808318,0.6625774712277507,1.7907421799791072,19.403387954960223,0.38089375414900073,LT-A,598.0766632169616,550.0459698883133,0.0,48.03069332864809,0,297,931.9581764014787,144.09207998594425,16,upper-middle,140256.5812842087,6,3.492687034073403,3.492687034073403,6.170599999999999,8977.130714886593,8112.097928037639,144.09207998594425,15.01,30,1.0,598.0766632169616,550.0459698883133,6961.8107106309235,6204.822968424762,0.0,6371.1307148865935,5650.190008023582,11.640331647759709,11.280553459349315,401-600,401-600,756.9877422061618,10.873431836493566,865.032786848954,48.03069332864834,8.030858965521023,0.0,0.0,0.9196914103447902,True,-30.878354209372674,False,True,False,0.8122550575489116,True
KLNC0042,Kalyanpur,Residential,Res-B,795.3408386808318,0.3277432706825899,1.5078162837848745,18.042766626499347,0.40004995793571535,LT-A,141.7471169549564,137.3080866685761,0.0,4.439030286380326,0,224,80.09238750512279,13.31709085914098,7,middle,28690.343002382295,5,0.72990797741203,0.72990797741203,1.9203000000000001,1204.8504941171295,1153.8016458237555,13.31709085914098,8.5,30,1.0,141.7471169549564,137.3080866685761,1167.0782488229859,1127.4599035170418,0.0,1030.8504941171295,993.1187366828968,8.233523713881626,8.211168991367707,76-200,76-200,39.6183453059441,3.3946605847465445,51.04884829337402,4.4390302863803015,3.1316547255002805,0.0,0.0,0.968683452744997,True,-27.156951340037708,False,False,False,0.49465806351958325,True
KLNC0043,Kalyanpur,Residential,Res-C,795.3408386808318,0.20481074205967115,3.2706898531150816,27.424694930941747,0.2920576381594991,LT-A,135.69884112477337,135.69884112477337,0.0,0.0,0,0,0.0,0.0,0,lower-middle,15648.748516563308,4,0.8173517821899122,0.8173517821899122,2.4156,1153.440149560574,1153.440149560574,0.0,8.5,30,1.0,135.69884112477337,135.69884112477337,1134.9401170386025,1134.9401170386025,0.0,979.4401495605737,979.4401495605737,8.363668456055859,8.363668456055859,76-200,76-200,0.0,0.0,0.0,0.0,0.0,0.0,0.0,1.0,True,0.0,False,False,False,,False
KLNC0044,Kalyanpur,Residential,Res-B,795.3408386808318,0.3777414740373137,1.4828404051747412,21.39679749098817,0.42031081019087385,LT-A,166.20379424258113,166.20379424258113,0.0,0.0,0,0,0.0,0.0,0,middle,41392.868168416375,5,1.2383183150434895,1.2383183150434895,3.3901,1412.7322510619388,1412.7322510619388,0.0,8.5,30,1.0,166.20379424258113,166.20379424258113,1450.1722736150366,1450.1722736150366,0.0,1238.7322510619397,1238.7322510619397,8.725265751144356,8.725265751144356,76-200,76-200,0.0,0.0,0.0,0.0,0.0,0.0,0.0,1.0,True,0.0,False,False,False,,False
KLNC0045,Kalyanpur,Residential,Res-A,795.3408386808318,0.5844538642712598,1.7232522710693503,20.461367683902434,0.44721385567296573,LT-A,658.176394340554,605.2986077690271,0.0,52.87778657152704,0,307,1081.9518333509336,158.6333597145811,16,upper-middle,154884.96552883065,5,3.6849676186991096,3.6849676186991096,6.1956999999999995,11419.360441808616,10343.29748507804,158.6333597145811,17.35,30,1.0,658.176394340554,605.2986077690271,8053.058833899043,7089.75775703225,0.0,7409.360441808612,6491.93084479262,12.235411210649138,11.712826803225683,601-above,601-above,963.3010768667928,11.961927718841613,1076.0629567305768,52.87778657152694,8.033984054458035,0.0,0.0,0.9196601594554195,True,39.98260323044019,True,True,True,0.8903363783610724,True
KLNC0046,Kalyanpur,Residential,Res-A,795.3408386808318,0.5638260319744488,2.190236915216195,22.593464229277373,0.3898002184016976,LT-A,459.1114672711171,422.2384397095373,0.0,36.87302756157975,0,250,833.0894292377106,110.61908268473923,16,upper-middle,149170.89401049737,5,2.774207545376214,2.774207545376214,4.6836,6891.263123739467,6227.179897355416,110.61908268473923,15.01,30,1.0,459.1114672711171,422.2384397095373,4706.07303992644,4124.935689042163,0.0,4285.263123739467,3731.798980040155,10.250393151577248,9.769209292928787,401-600,401-600,581.1373508842771,12.348668326094675,664.0832263840512,36.87302756157976,8.031388930611332,0.0,0.0,0.9196861106938867,True,-141.33299566869437,False,True,False,0.6975689889812028,True
KLNC0047,Kalyanpur,Residential,Res-B,795.3408386808318,0.4164122938521604,1.4384701894972458,19.662682621994396,0.40878743561513986,LT-A,164.70095864241253,151.50389024482783,0.0,13.197068397584708,0,444,259.4897674424603,39.59120519275412,16,middle,53455.04601532105,4,1.061607418336221,1.0602212930236534,2.9801,1399.9581484605062,1248.1918618882821,39.59120519275412,8.5,30,1.0,164.70095864241253,151.50389024482783,1418.6784658835318,1300.8946304350882,0.0,1225.9581484605064,1113.7830670810365,8.61366246788927,8.586542750373363,76-200,76-200,117.7838354484436,8.30236295826832,151.7662865722241,13.197068397584701,8.012745345482339,0.0013861253125675432,0.13056854055710304,0.9198725465451766,True,-102.11472680126258,False,False,False,0.4539055108389243,True
KLNC0048,Kalyanpur,Residential,Res-C,795.3408386808318,0.21054678509349234,3.767947823699151,33.17908466698378,0.2573876670117169,LT-A,68.1916226169997,68.1916226169997,0.0,0.0,0,0,0.0,0.0,0,lower-middle,20019.918668725615,4,0.8199769728802699,0.8199769728802699,0.9344,421.4242277730581,421.4242277730581,0.0,6.18,30,1.0,68.1916226169997,68.1916226169997,483.702479161711,483.702479161711,0.0,421.4242277730581,421.4242277730581,7.093283025078323,7.093283025078323,1-75,1-75,0.0,0.0,0.0,0.0,0.0,0.0,0.0,1.0,True,0.0,False,False,False,,False
KLNC0049,Kalyanpur,Residential,Res-B,795.3408386808318,0.38901355695734774,1.5653892145585275,21.838115131922237,0.4027669172231041,LT-A,169.96485503783546,169.96485503783546,0.0,0.0,0,0,0.0,0.0,0,middle,59317.37989763545,4,1.3776786158131993,1.3776786158131993,1.8155000000000001,1444.7012678216015,1444.7012678216015,0.0,8.5,30,1.0,169.96485503783546,169.96485503783546,1414.2998812126816,1414.2998812126816,0.0,1270.7012678216015,1270.7012678216015,8.321131335639052,8.321131335639052,76-200,76-200,0.0,0.0,0.0,0.0,0.0,0.0,0.0,1.0,True,0.0,False,False,False,,False
KLNC0050,Kalyanpur,Residential,Res-B,795.3408386808318,0.25606462907120897,1.3470828466602953,16.459289872817003,0.42590527849506465,LT-A,246.4585453122403,246.4585453122403,0.0,0.0,0,0,0.0,0.0,0,middle,47448.137668937765,5,1.5602608129079683,1.5602608129079683,3.6755,2242.772762341386,2242.772762341386,0.0,9.1,30,1.0,246.4585453122403,246.4585453122403,2208.300950458456,2208.300950458456,0.0,1948.7727623413866,1948.7727623413866,8.960131399220677,8.960131399220677,201-300,201-300,0.0,0.0,0.0,0.0,0.0,0.0,0.0,1.0,True,0.0,False,False,False,,False
KLNC0051,Kalyanpur,Residential,Res-C,795.3408386808318,0.16366102019524792,3.3488874446319654,25.917190808079965,0.2560423447800304,LT-A,56.9024194746274,56.9024194746274,0.0,0.0,0,0,0.0,0.0,0,lower-middle,11054.914903987574,4,0.1450698591344856,0.1450698591344856,0.20550000000000002,351.6569523531974,351.6569523531974,0.0,6.18,30,1.0,56.9024194746274,56.9024194746274,391.2897999708572,391.2897999708572,0.0,351.6569523531973,351.6569523531973,6.876505491042116,6.876505491042116,1-75,1-75,0.0,0.0,0.0,0.0,0.0,0.0,0.0,1.0,True,0.0,False,False,False,,False
KLNC0052,Kalyanpur,Residential,Res-B,795.3408386808318,0.20627063391958872,1.7133274625056438,20.366565076793147,0.4345825240746983,LT-A,291.8923258904663,291.8923258904663,0.0,0.0,0,0,0.0,0.0,0,middle,36981.51686788709,4,1.413590558674043,1.413590558674043,3.0101,2656.2201656032435,2656.2201656032435,0.0,9.1,30,1.0,291.8923258904663,291.8923258904663,2613.076583883405,2613.076583883405,0.0,2362.220165603243,2362.220165603243,8.952193504614343,8.952193504614343,201-300,201-300,0.0,0.0,0.0,0.0,0.0,0.0,0.0,1.0,True,0.0,False,False,False,,False
KLNC0053,Kalyanpur,Residential,Res-B,795.3408386808318,0.379172830089032,2.305829386049639,18.31306289586838,0.43673165465457464,LT-A,100.05906586808285,93.7937257614858,0.0,6.265340106597035,0,352,114.73756743611817,18.796020319791104,16,middle,31577.662763859287,4,0.6511913614769822,0.6511913614769822,1.4104,850.5020598787041,778.4506486528383,18.796020319791104,8.5,30,1.0,100.05906586808285,93.7937257614858,772.5258028726395,716.6076424212608,0.0,676.5020598787042,623.2466689726293,7.720697731589178,7.640251377193068,76-200,76-200,55.91816045137864,7.238355048264641,72.05141122586588,6.265340106597051,6.2616416136217286,0.0,0.0,0.9373835838637828,True,-40.02338666494843,False,False,False,0.4873570331052373,True
KLNC0054,Kalyanpur,Residential,Res-B,795.3408386808318,0.19145907565073858,1.4301935145390692,22.94831928635001,0.3916981705535348,LT-A,117.33288865854216,117.33288865854216,0.0,0.0,0,0,0.0,0.0,0,middle,39864.59088264488,4,0.5655686038189451,0.5655686038189451,2.0740000000000003,997.3295535976083,997.3295535976083,0.0,8.5,30,1.0,117.33288865854216,117.33288865854216,955.9594312774888,955.9594312774888,0.0,823.3295535976083,823.3295535976083,8.147412393974946,8.147412393974946,76-200,76-200,0.0,0.0,0.0,0.0,0.0,0.0,0.0,1.0,True,0.0,False,False,False,,False
KLNC0055,Kalyanpur,Residential,Res-C,795.3408386808318,0.25535305076101755,2.822092871316445,36.320163997739144,0.2953459076953777,LT-A,62.067836496534554,62.067836496534554,0.0,0.0,0,0,0.0,0.0,0,lower-middle,10878.332634073482,5,0.20778989701093842,0.20778989701093842,0.2955,383.5792295485834,383.5792295485834,0.0,6.18,30,1.0,62.067836496534554,62.067836496534554,424.80819102601265,424.80819102601265,0.0,383.5792295485835,383.5792295485835,6.844256462036196,6.844256462036196,1-75,1-75,0.0,0.0,0.0,0.0,0.0,0.0,0.0,1.0,True,0.0,False,False,False,,False
KLNC0056,Kalyanpur,Residential,Res-B,795.3408386808318,0.3087394560541797,1.481494862369495,14.947118341924053,0.4073086002643656,LT-A,248.091419371688,228.1861530875806,0.0,19.905266284107334,0,411,297.52637077606323,59.71579885232201,16,middle,49277.270017408206,5,1.0493393671237194,1.0332434008508131,4.27,2257.6319162823606,2016.7781942446616,59.71579885232201,9.1,30,1.0,248.091419371688,228.1861530875806,2250.1205120964787,2059.9256927518327,0.0,1963.6319162823609,1782.4939930969836,9.069723240711406,9.02739129819682,201-300,201-300,190.19481934464602,8.4526503501556,240.85372203769907,19.905266284107398,8.023359427149527,0.016095966272906326,1.5339142680814504,0.919766405728505,True,-47.615752579095215,False,False,False,0.6392536528730034,True
KLNC0057,Kalyanpur,Residential,Res-A,795.3408386808318,0.5152007012886163,2.0724870635832118,21.550454499005372,0.36715118363325305,LT-A,478.3834035357462,439.9771785523647,0.0,38.40622498338158,0,410,827.671603982928,115.21867495014472,16,upper-middle,151928.14713669295,5,2.342908225519633,2.337616244176936,5.245,7180.53488707155,6488.8387751208475,115.21867495014472,15.01,30,1.0,478.3834035357462,439.9771785523647,5034.566131425128,4429.264822574544,0.0,4574.534887071551,3998.0574500709945,10.524123734674944,10.067033106462333,401-600,401-600,605.3013088505841,12.022909085896586,691.6961119507023,38.40622498338149,8.028335577597366,0.005291981342697039,0.2258723276078529,0.9197166442240261,True,-107.15162018219917,False,False,False,0.7313302835783518,True
KLNC0058,Kalyanpur,Residential,Res-B,795.3408386808318,0.3042194594787339,1.201483068600502,20.207115891079255,0.42357278553026073,LT-A,122.53195424383613,122.53195424383613,0.0,0.0,0,0,0.0,0.0,0,middle,56814.18924254266,5,0.7304969696021475,0.7304969696021475,2.1104000000000003,1041.5216110726067,1041.5216110726067,0.0,8.5,30,1.0,122.53195424383613,122.53195424383613,1003.9663316262374,1003.9663316262374,0.0,867.5216110726071,867.5216110726071,8.193506239428489,8.193506239428489,76-200,76-200,0.0,0.0,0.0,0.0,0.0,0.0,0.0,1.0,True,0.0,False,False,False,,False
KLNC0059,Kalyanpur,Residential,Res-C,795.3408386808318,0.2046876731057631,3.700551643661855,26.88477883302004,0.32740782777422145,LT-A,44.51326483978089,44.51326483978089,0.0,0.0,0,0,0.0,0.0,0,lower-middle,18842.45212307295,5,0.6609921886138814,0.6609921886138814,1.8597,236.81056894763447,236.81056894763447,0.0,5.32,30,1.0,44.51326483978089,44.51326483978089,330.66386739501604,330.66386739501604,0.0,236.81056894763432,236.81056894763432,7.428434391078552,7.428434391078552,lifeline 0-50,lifeline 0-50,0.0,0.0,0.0,0.0,0.0,0.0,0.0,1.0,True,0.0,False,False,False,,False
KLNC0060,Kalyanpur,Residential,Res-A,795.3408386808318,0.576947928344938,1.752484897195319,16.873747426794203,0.40899664994325513,LT-A,532.125372160583,489.37309663538133,0.0,42.75227552520161,0,334,721.3910991329675,128.2568265756048,16,upper-middle,157822.5630308133,6,3.7955565957208104,3.7955565957208104,5.6259,7987.201836130349,7217.233353921469,128.2568265756048,15.01,30,1.0,532.125372160583,489.37309663538133,5898.364117936869,5224.566879521928,0.0,5381.201836130351,4739.490180497074,11.084538393626682,10.67604025526277,401-600,401-600,673.7972384149407,11.42345953797477,769.9684822088802,42.75227552520164,8.034248649263807,0.0,0.0,0.919657513507362,True,80.662965857578,True,True,True,0.934024885010046,True
KLNC0061,Kalyanpur,Residential,Res-B,795.3408386808318,0.35253847394885024,0.4753260005692048,17.743987221153308,0.3785594260094232,LT-A,159.3033630779462,146.5306072256699,0.0,12.772755852276273,0,424,226.6396166217013,38.31826755682882,16,middle,25135.214941300288,5,0.7801242614535695,0.7753814934539336,2.0004,1354.078586162543,1207.1918938613655,38.31826755682882,8.5,30,1.0,159.3033630779462,146.5306072256699,1327.30015547067,1213.303309489104,0.0,1180.0785861625427,1071.5101614181942,8.331902916708858,8.28020392777402,76-200,76-200,113.99684598156591,8.588625979716083,146.8866923011774,12.772755852276276,8.017882112147653,0.004742767999635911,0.6079503271439002,0.9198211788785235,True,-74.32450308330655,False,False,False,0.5029872873984135,True
KLNC0062,Kalyanpur,Residential,Res-B,795.3408386808318,0.3365376397258719,1.267543727784382,17.089411319507775,0.3641858151825496,LT-A,106.55774402797542,98.01414319906237,0.0,8.543600828913032,0,467,146.00510871498236,25.630802486739096,16,middle,35604.736013561254,5,0.6722181515910011,0.6722181515910011,1.0655,905.7408242377911,807.4894147052911,25.630802486739096,8.5,30,1.0,106.55774402797542,98.01414319906237,815.3164154496806,739.0647780516316,0.0,731.740824237791,659.1202171920302,7.651404624666503,7.540389110484023,76-200,76-200,76.25163739804896,9.352398155260131,98.25140953250002,8.543600828913043,8.017813164916504,0.0,0.0,0.919821868350835,True,-44.1226688301943,False,False,False,0.5222532147618227,True
KLNC0063,Kalyanpur,Residential,Res-B,795.3408386808318,0.22045689378878142,1.82375941788683,17.4788736666114,0.40333496303789773,LT-A,146.87734780981253,146.87734780981253,0.0,0.0,0,0,0.0,0.0,0,middle,44767.132899597214,4,0.8708194081643736,0.8708194081643736,1.9005000000000003,1248.457456383407,1248.457456383407,0.0,8.5,30,1.0,146.87734780981253,146.87734780981253,1211.992379202577,1211.992379202577,0.0,1074.4574563834067,1074.4574563834067,8.251731102688161,8.251731102688161,76-200,76-200,0.0,0.0,0.0,0.0,0.0,0.0,0.0,1.0,True,0.0,False,False,False,,False
KLNC0064,Kalyanpur,Residential,Res-B,795.3408386808318,0.44167362787409004,1.682953225173884,21.069301868194334,0.5102457213809815,LT-A,259.2598630770466,238.44993539341021,0.0,20.80992768363638,0,221,438.450648221829,62.42978305090915,16,middle,40421.99735859067,5,1.3648399851177115,1.3348735795493656,2.7601,2359.264754001124,2107.4646290291234,62.42978305090915,9.1,30,1.0,259.2598630770466,238.44993539341021,2290.2484017011802,2091.4095426840345,0.0,2065.264754001124,1875.894412080033,8.833794689695436,8.770853886932244,201-300,201-300,198.83885901714575,8.681977853120634,251.8001249720005,20.809927683636374,8.026667698058647,0.029966405568345955,2.1955984507415702,0.9197333230194135,True,-177.18200615377413,False,False,False,0.45350339844074206,True
KLNC0065,Kalyanpur,Residential,Res-C,795.3408386808318,0.18484318770258573,2.6076930926730424,30.794297348964648,0.27699680350830813,LT-A,56.91191895531039,56.91191895531039,0.0,0.0,0,0,0.0,0.0,0,lower-middle,10785.322676581376,4,0.5243897986799955,0.5243897986799955,0.9695,351.7156591438182,351.7156591438182,0.0,6.18,30,1.0,56.91191895531039,56.91191895531039,412.05639210100907,412.05639210100907,0.0,351.7156591438182,351.7156591438182,7.2402477313157005,7.2402477313157005,1-75,1-75,0.0,0.0,0.0,0.0,0.0,0.0,0.0,1.0,True,0.0,False,False,False,,False
KLNC0066,Kalyanpur,Residential,Res-C,795.3408386808318,0.17315934048959913,2.4292607247185503,34.06868673928574,0.3558799265405525,LT-A,86.01575118502579,86.01575118502579,0.0,0.0,0,0,0.0,0.0,0,lower-middle,24918.85378022799,4,0.4673745531858705,0.4673745531858705,1.0555,731.1338850727191,731.1338850727191,0.0,8.5,30,1.0,86.01575118502579,86.01575118502579,631.5381293263553,631.5381293263553,0.0,557.1338850727193,557.1338850727193,7.342121886116804,7.342121886116804,76-200,76-200,0.0,0.0,0.0,0.0,0.0,0.0,0.0,1.0,True,0.0,False,False,False,,False
KLNC0067,Kalyanpur,Residential,Res-A,795.3408386808318,0.6222414978915985,2.1759718284051344,18.293005864889636,0.4540846467372712,LT-A,509.7281002287867,468.7212936234305,0.0,41.006806605356175,0,188,750.1377537321756,123.02041981606853,16,upper-middle,98884.95464927837,5,2.876931892666885,2.876931892666885,5.310099999999999,7651.018784434088,6912.486197471624,123.02041981606853,15.01,30,1.0,509.7281002287867,468.7212936234305,5531.445133655792,4885.157358152076,0.0,5045.018784434088,4429.506617287691,10.851756321013212,10.422307295637394,401-600,401-600,646.2877755037161,11.683886577332414,738.5325869624639,41.00680660535619,8.044839314715173,0.0,0.0,0.9195516068528483,True,19.170441587609048,True,True,True,0.861558790086524,True
KLNC0068,Kalyanpur,Residential,Res-A,795.3408386808318,0.6914632693061308,2.3578308393055987,19.77627064426744,0.32505395135877446,LT-A,370.1210071402325,340.4210262125312,0.0,29.699980927701237,0,535,587.3548609558009,89.09994278310371,16,upper-middle,74353.69706112788,6,1.571624042452283,1.5304050738213304,3.9550000000000005,3560.5640886890355,3185.7503293814457,89.09994278310371,9.62,30,1.0,370.1210071402325,340.4210262125312,3440.507793123489,3140.508285772778,0.0,3110.564088689037,2824.8502721645505,9.29562960964261,9.225365191784892,301-400,301-400,299.99950735071116,8.719628769634452,374.81375930758986,29.69998092770129,8.024397522631963,0.041218968630952535,2.6226990372733505,0.9197560247736805,True,-198.255410821986,False,True,False,0.510763641016817,True
KLNC0069,Kalyanpur,Residential,Res-B,795.3408386808318,0.3848115109239091,1.9749386701412464,21.90542697371685,0.4014670122453854,LT-A,129.5481947878661,129.5481947878661,0.0,0.0,0,0,0.0,0.0,0,middle,49115.529584660806,4,0.7410736664167299,0.7410736664167299,2.7405000000000004,1101.159655696862,1101.159655696862,0.0,8.5,30,1.0,129.5481947878661,129.5481947878661,1094.3736884817051,1094.3736884817051,0.0,927.1596556968618,927.1596556968618,8.447618203200218,8.447618203200218,76-200,76-200,0.0,0.0,0.0,0.0,0.0,0.0,0.0,1.0,True,0.0,False,False,False,,False
KLNC0070,Kalyanpur,Residential,Res-C,795.3408386808318,0.18623518568195874,3.3987425647336873,30.96986426658371,0.3060999847812303,LT-A,107.0000529816875,107.0000529816875,0.0,0.0,0,0,0.0,0.0,0,lower-middle,20567.288074719247,5,0.5536109480430035,0.5536109480430035,1.0456999999999999,909.5004503443434,909.5004503443434,0.0,8.5,30,1.0,107.0000529816875,107.0000529816875,818.3908428615609,818.3908428615609,0.0,735.5004503443438,735.5004503443438,7.648508762903362,7.648508762903362,76-200,76-200,0.0,0.0,0.0,0.0,0.0,0.0,0.0,1.0,True,0.0,False,False,False,,False
KLNC0071,Kalyanpur,Residential,Res-B,795.3408386808318,0.3991342726771476,1.3328465692852791,19.501223809108577,0.38144986591903524,LT-A,156.97964987528658,144.39717437471793,0.0,12.582475500568645,0,427,245.37367080921467,37.747426501705945,16,middle,59168.290080474,4,0.9708313693658621,0.964515484744346,1.214,1334.3270239399362,1189.6285556833968,37.747426501705945,8.5,30,1.0,156.97964987528658,144.39717437471793,1271.880775136933,1159.5821812943577,0.0,1160.327023939936,1053.3759821851024,8.102201630258357,8.030504657142277,76-200,76-200,112.2985938425752,8.829333380755358,144.6984682565394,12.582475500568648,8.015354544722753,0.00631588462151611,0.6505645388901665,0.9198464545527725,True,-95.32765046493353,False,False,False,0.45766358498133525,True
KLNC0072,Kalyanpur,Residential,Res-C,795.3408386808318,0.23306942251404236,3.628124146402593,31.101373226122966,0.3175915929578492,LT-A,104.08105337322073,104.08105337322073,0.0,0.0,0,0,0.0,0.0,0,lower-middle,22837.41718201997,5,0.989028994738717,0.989028994738717,1.6846,884.6889536723761,884.6889536723761,0.0,8.5,30,1.0,104.08105337322073,104.08105337322073,820.5142613559949,820.5142613559949,0.0,710.6889536723761,710.6889536723761,7.883416191165366,7.883416191165366,76-200,76-200,0.0,0.0,0.0,0.0,0.0,0.0,0.0,1.0,True,0.0,False,False,False,,False
KLNC0073,Kalyanpur,Residential,Res-A,795.3408386808318,0.5753504236757753,1.9373482480298512,20.054526092269494,0.354590881045473,LT-A,309.8017707540454,284.91619913836894,0.0,24.885571615676408,0,325,499.0683452876237,74.65671484702922,16,upper-middle,151209.69037446362,5,1.1330312963874056,1.1330312963874056,3.8106999999999998,2980.293034653916,2666.2371208640798,74.65671484702922,9.62,30,1.0,309.8017707540454,284.91619913836894,2824.859556386612,2581.7261527671153,0.0,2530.2930346539165,2298.7374121591574,9.118280859115215,9.061352638335968,301-400,201-300,243.13340361949668,8.606920052708677,314.05591378983627,24.88557161567644,8.032740276179162,0.0,0.0,0.9196725972382085,True,-181.2782268210978,False,False,False,0.48717456419595945,True
KLNC0074,Kalyanpur,Residential,Res-B,795.3408386808318,0.39298547974525105,1.5955158427645233,24.249187372290137,0.380511073096389,LT-A,157.12556164467628,157.12556164467628,0.0,0.0,0,0,0.0,0.0,0,middle,35348.320008351155,4,0.8964613445292966,0.8964613445292966,2.07,1335.5672739797483,1335.5672739797483,0.0,8.5,30,1.0,157.12556164467628,157.12556164467628,1310.9326376787358,1310.9326376787358,0.0,1161.5672739797483,1161.5672739797483,8.343216876724862,8.343216876724862,76-200,76-200,0.0,0.0,0.0,0.0,0.0,0.0,0.0,1.0,True,0.0,False,False,False,,False
KLNC0075,Kalyanpur,Residential,Res-C,795.3408386808318,0.16986757622427634,3.249467478128988,34.94880400058137,0.31672679493584416,LT-A,90.88608311495511,90.88608311495511,0.0,0.0,0,0,0.0,0.0,0,lower-middle,12550.160719174262,3,0.6111085018213945,0.6111085018213945,1.0304,772.5317064771183,772.5317064771183,0.0,8.5,30,1.0,90.88608311495511,90.88608311495511,673.8989318009743,673.8989318009743,0.0,598.5317064771184,598.5317064771184,7.4147648210189585,7.4147648210189585,76-200,76-200,0.0,0.0,0.0,0.0,0.0,0.0,0.0,1.0,True,0.0,False,False,False,,False
KLNC0076,Kalyanpur,Residential,Res-C,795.3408386808318,0.22453389097888524,3.308611396127238,32.213455726542136,0.2318859665200082,LT-A,69.40192340074715,69.40192340074715,0.0,0.0,0,0,0.0,0.0,0,lower-middle,21887.119703270437,3,0.7950971949909543,0.7950971949909543,1.0606,428.9038866166173,428.9038866166173,0.0,6.18,30,1.0,69.40192340074715,69.40192340074715,497.1215409474483,497.1215409474483,0.0,428.9038866166174,428.9038866166174,7.1629360771015245,7.1629360771015245,1-75,1-75,0.0,0.0,0.0,0.0,0.0,0.0,0.0,1.0,True,0.0,False,False,False,,False
KLNC0077,Kalyanpur,Residential,Res-A,795.3408386808318,0.615969414346815,1.7422656019791152,17.785231715949454,0.3876829591113516,LT-A,293.198153336343,269.6841826946621,0.0,23.51397064168085,0,369,418.20141642432674,70.54191192504257,16,upper-middle,165873.0045378243,5,1.7830436724537357,1.7389845398064958,4.3149,2668.1031953607217,2383.5841505963826,70.54191192504257,9.1,30,1.0,293.198153336343,269.6841826946621,2683.095445128758,2458.4194556474968,0.0,2374.1031953607217,2160.1260625214254,9.15113350680227,9.115920077637377,201-300,201-300,224.67598948126124,8.373760608820957,284.519044764339,23.513970641680885,8.019822217197518,0.04405913264723993,2.471006926409601,0.919801777828025,True,-122.98351501802296,False,True,False,0.5372434923876357,True
KLNC0078,Kalyanpur,Residential,Res-B,795.3408386808318,0.3495357972486087,1.5477142313858296,17.093957788446616,0.48096962998588677,LT-A,209.93787945307758,193.08630731835598,0.0,16.851572134721597,0,279,288.06006273989414,50.554716404164786,16,middle,52247.44525573298,5,1.1065261336253138,1.105895239344368,4.2151,1910.4347030230063,1706.5306801928741,50.554716404164786,9.1,30,1.0,209.93787945307758,193.08630731835598,1883.1423481741563,1726.4812028163271,0.0,1616.434703023006,1467.2336122060258,8.96999794929838,8.941499927127133,201-300,76-200,156.66114535782913,8.319134531158705,203.90402283013213,16.851572134721607,8.026932623413508,0.0006308942809458706,0.05701575966207598,0.919730673765865,True,-80.84420097790021,False,False,False,0.5438488899423987,True
KLNC0079,Kalyanpur,Residential,Res-C,795.3408386808318,0.21094234009187024,3.4530145380294046,34.04207128234568,0.3091273701683401,LT-A,33.95274067293845,33.95274067293845,0.0,0.0,0,0,0.0,0.0,0,lower-middle,22654.459047692406,3,0.6505080651817063,0.6505080651817063,1.0846,180.62858038003256,180.62858038003256,0.0,5.32,30,1.0,33.95274067293845,33.95274067293845,237.49086939903418,237.49086939903418,0.0,180.62858038003256,180.62858038003256,6.994748132021134,6.994748132021134,lifeline 0-50,lifeline 0-50,0.0,0.0,0.0,0.0,0.0,0.0,0.0,1.0,True,0.0,False,False,False,,False
KLNC0080,Kalyanpur,Residential,Res-B,795.3408386808318,0.4384391032439234,1.651415436769434,18.77591864888702,0.49053198893177324,LT-A,127.55037680438078,117.4355771956526,0.0,10.114799608728191,0,400,189.91465460327487,30.344398826184573,16,middle,30175.163989974633,4,1.0478588381096026,1.046902704390697,3.3954999999999997,1084.1782028372368,967.8580073368626,30.344398826184573,8.5,30,1.0,127.55037680438078,117.4355771956526,1105.4286629790986,1015.1540764711993,0.0,910.1782028372365,824.202406163047,8.666604448173862,8.644348677913083,76-200,76-200,90.27458650789924,8.166477813648491,116.32019550037421,10.114799608728177,7.930042907078875,0.0009561337189054608,0.09124642405368083,0.9206995709292112,True,-69.29566926919105,False,False,False,0.4753429202000221,True
KLNC0081,Kalyanpur,Residential,Res-C,795.3408386808318,0.31176107291969146,3.4858944411259603,36.51625339609181,0.3404008711254951,LT-A,71.81672245748855,71.81672245748855,0.0,0.0,0,0,0.0,0.0,0,lower-middle,11924.874374601051,4,0.22753250696814903,0.22753250696814903,0.3754,443.82734478727934,443.82734478727934,0.0,6.18,30,1.0,71.81672245748855,71.81672245748855,488.0687120266432,488.0687120266432,0.0,443.82734478727923,443.82734478727923,6.796031555402049,6.796031555402049,1-75,1-75,0.0,0.0,0.0,0.0,0.0,0.0,0.0,1.0,True,0.0,False,False,False,,False
KLNC0082,Kalyanpur,Residential,Res-B,795.3408386808318,0.4108613265812849,1.4192753278099037,20.710370130975456,0.3981691816465978,LT-A,255.85479395630884,235.31760061897447,0.0,20.537193337334333,0,337,425.33287546759715,61.61158001200301,16,middle,59863.83579319215,5,1.6293156031163902,1.6293156031163902,4.2402999999999995,2328.2786250024096,2079.778585620664,61.61158001200301,9.1,30,1.0,255.85479395630884,235.31760061897447,2322.989786252531,2126.756903914301,0.0,2034.2786250024105,1847.3901656326675,9.079328748669909,9.037814843939103,201-300,201-300,196.23288233822996,8.44742768562899,248.5000393817454,20.537193337334372,8.026894090888685,0.0,0.0,0.9197310590911133,True,-167.4884131173642,False,False,False,0.46136307268159765,True
KLNC0083,Kalyanpur,Residential,Res-C,795.3408386808318,0.18712425172849612,3.5555786021077602,34.92719067077432,0.3234672835758656,LT-A,197.9023016960585,197.9023016960585,0.0,0.0,0,0,0.0,0.0,0,lower-middle,12426.963274341046,3,1.0285994642716565,1.0285994642716565,2.3746,1682.169564416497,1682.169564416497,0.0,8.5,30,1.0,197.9023016960585,197.9023016960585,1688.297902637322,1688.297902637322,0.0,1508.1695644164972,1508.1695644164972,8.530966482796329,8.530966482796329,76-200,76-200,0.0,0.0,0.0,0.0,0.0,0.0,0.0,1.0,True,0.0,False,False,False,,False
KLNC0084,Kalyanpur,Residential,Res-B,795.3408386808318,0.3641598419340579,2.01448914011138,17.57061204971869,0.4326582759233186,LT-A,180.22977134870482,165.7879550051978,0.0,14.441816343507007,0,373,253.75155226504847,43.32544903052102,16,middle,51751.341216421555,4,0.9330096697057129,0.926832771585491,2.7202,1531.953056463991,1365.8721685136607,43.32544903052102,8.5,30,1.0,180.22977134870482,165.7879550051978,1545.8115292871903,1416.9183184213905,0.0,1357.9530564639908,1235.1976175441814,8.576893360733317,8.546569733470488,76-200,76-200,128.8932108657998,8.338222896114345,166.0808879503304,14.441816343507014,8.01300264403337,0.006176898120221819,0.6620400967730717,0.9198699735596664,True,-81.53289236872766,False,False,False,0.5079504330723003,True
KLNC0085,Kalyanpur,Residential,Res-B,795.3408386808318,0.27248159147714174,1.6999932062636818,17.857588697108937,0.523234294297175,LT-A,147.48875347718513,147.48875347718513,0.0,0.0,0,0,0.0,0.0,0,middle,45057.64451658995,5,0.7502651532373616,0.7502651532373616,1.54,1253.6544045560734,1253.6544045560734,0.0,8.5,30,1.0,147.48875347718513,147.48875347718513,1201.5511247838774,1201.5511247838774,0.0,1079.6544045560736,1079.6544045560736,8.146730489316557,8.146730489316557,76-200,76-200,0.0,0.0,0.0,0.0,0.0,0.0,0.0,1.0,True,0.0,False,False,False,,False
KLNC0086,Kalyanpur,Residential,Res-C,795.3408386808318,0.2402317189611752,2.1951411936867005,34.2311374286036,0.2899010894010442,LT-A,104.95100946438811,104.95100946438811,0.0,0.0,0,0,0.0,0.0,0,lower-middle,15526.704136744222,5,0.2866190594630768,0.2866190594630768,0.3245,892.0835804472989,892.0835804472989,0.0,8.5,30,1.0,104.95100946438811,104.95100946438811,776.0377594696639,776.0377594696639,0.0,718.0835804472989,718.0835804472989,7.394285804682883,7.394285804682883,76-200,76-200,0.0,0.0,0.0,0.0,0.0,0.0,0.0,1.0,True,0.0,False,False,False,,False
KLNC0087,Kalyanpur,Residential,Res-B,795.3408386808318,0.32591879558938075,1.5055484830709034,20.565285293409918,0.36637289424039765,LT-A,118.33601896053413,118.33601896053413,0.0,0.0,0,0,0.0,0.0,0,middle,48322.306390842896,4,1.207265780833106,1.207265780833106,2.4703000000000004,1005.8561611645403,1005.8561611645403,0.0,8.5,30,1.0,118.33601896053413,118.33601896053413,982.3891992227672,982.3891992227672,0.0,831.8561611645401,831.8561611645401,8.301692146246703,8.301692146246703,76-200,76-200,0.0,0.0,0.0,0.0,0.0,0.0,0.0,1.0,True,0.0,False,False,False,,False
KLNC0088,Kalyanpur,Residential,Res-B,795.3408386808318,0.3520840257410917,1.2160977592612507,18.9892681420591,0.45582195999079816,LT-A,173.14755996584915,166.00927740023846,0.0,7.138282565610709,0,261,135.55076171216734,21.414847696832126,9,middle,43146.519473324144,5,1.338186608511464,1.338186608511464,3.4053999999999998,1471.7542597097176,1389.6640102051942,21.414847696832126,8.5,30,1.0,173.14755996584915,166.00927740023846,1512.8201126952035,1449.1109407971283,0.0,1297.7542597097179,1237.0788579020268,8.737172576925632,8.729096129389253,76-200,76-200,63.70917189807528,4.211285357951288,82.0902495045234,7.1382825656106945,4.122658481019667,0.0,0.0,0.9587734151898033,True,-50.426742117259934,False,False,False,0.4700023156886222,True
KLNC0089,Kalyanpur,Residential,Res-B,795.3408386808318,0.3787286158562452,1.370940409789129,24.357709420328234,0.4005897722021906,LT-A,176.57231648242512,176.57231648242512,0.0,0.0,0,0,0.0,0.0,0,middle,39780.47843711246,4,1.3084542484737454,1.3084542484737454,2.7900000000000005,1500.8646901006132,1500.8646901006132,0.0,8.5,30,1.0,176.57231648242512,176.57231648242512,1516.2469246056444,1516.2469246056444,0.0,1326.8646901006136,1326.8646901006136,8.587115776761992,8.587115776761992,76-200,76-200,0.0,0.0,0.0,0.0,0.0,0.0,0.0,1.0,True,0.0,False,False,False,,False
KLNC0090,Kalyanpur,Residential,Res-C,795.3408386808318,0.20288227227004785,2.6487512175104153,26.303453508137743,0.31186930387038764,LT-A,79.6618754260604,79.6618754260604,0.0,0.0,0,0,0.0,0.0,0,lower-middle,20590.24954213757,5,0.7236456095202486,0.7236456095202486,1.7196,677.1259411215134,677.1259411215134,0.0,8.5,30,1.0,79.6618754260604,79.6618754260604,604.1165981775891,604.1165981775891,0.0,503.12594112151345,503.12594112151345,7.583509614185656,7.583509614185656,76-200,76-200,0.0,0.0,0.0,0.0,0.0,0.0,0.0,1.0,True,0.0,False,False,False,,False
KLNC0091,Kalyanpur,Residential,Res-B,795.3408386808318,0.23175851317902704,2.0128132520646473,19.510729521494838,0.41924495841093373,LT-A,166.6468928643913,166.6468928643913,0.0,0.0,0,0,0.0,0.0,0,middle,59648.53647105172,4,0.8661963194215462,0.8661963194215462,3.4804,1416.4985893473263,1416.4985893473263,0.0,8.5,30,1.0,166.6468928643913,166.6468928643913,1458.1091588146924,1458.1091588146924,0.0,1242.498589347326,1242.498589347326,8.749693041089142,8.749693041089142,76-200,76-200,0.0,0.0,0.0,0.0,0.0,0.0,0.0,1.0,True,0.0,False,False,False,,False
KLNC0092,Kalyanpur,Residential,Res-A,795.3408386808318,0.5721177540601304,2.2653768293073213,23.219697669901436,0.34376087767002383,LT-A,182.13084768136008,167.53358447699642,0.0,14.59726320436366,0,423,338.94403841330086,43.79178961309098,16,upper-middle,187755.31948929187,4,0.8570080673151557,0.8485850216156681,2.1412,1548.1122052915605,1380.243678441379,43.79178961309098,8.5,30,1.0,182.13084768136008,167.53358447699642,1537.2447355561387,1406.964161457193,0.0,1374.1122052915607,1250.0354680544697,8.440331526077149,8.398102182612702,76-200,76-200,130.28057409894564,8.474940332244053,167.86852685018152,14.597263204363657,8.014712164466356,0.008423045699487597,0.9828432217534903,0.9198528783553365,True,-164.87167470126425,False,False,False,0.38437192968145495,True
KLNC0093,Kalyanpur,Residential,Res-A,795.3408386808318,0.6169251725254796,2.0186461604359605,23.156078883794986,0.3790161936231305,LT-A,684.3590547071639,629.4188205502679,0.0,54.940234156895826,0,364,1272.2003960312475,164.8207024706875,16,upper-middle,135651.37367469555,6,4.2313617703737965,4.2313617703737965,6.1499999999999995,11873.629599169293,10755.595834076463,164.8207024706875,17.35,30,1.0,684.3590547071639,629.4188205502679,8528.026079127758,7527.1523633745055,0.0,7863.629599169293,6910.416536547148,12.461333010018969,11.958893057557304,601-above,601-above,1000.8737157532523,11.736288168757818,1118.0337650928304,54.94023415689594,8.027983816244644,0.0,0.0,0.9197201618375537,True,-106.50597780730754,False,True,False,0.7867264613936412,True
KLNC0094,Kalyanpur,Residential,Res-C,795.3408386808318,0.204113211016631,2.2317479006555985,29.928101891143733,0.2540906217888701,LT-A,53.71795059082613,53.71795059082613,0.0,0.0,0,0,0.0,0.0,0,lower-middle,19818.53394921832,3,0.7109715025896866,0.7109715025896866,1.6106,331.97693465130544,331.97693465130544,0.0,6.18,30,1.0,53.71795059082613,53.71795059082613,419.6032413838707,419.6032413838707,0.0,331.97693465130544,331.97693465130544,7.811229519532898,7.811229519532898,1-75,1-75,0.0,0.0,0.0,0.0,0.0,0.0,0.0,1.0,True,0.0,False,False,False,,False
KLNC0095,Kalyanpur,Residential,Res-B,795.3408386808318,0.41314127178788324,1.3978661104239862,20.217450276349876,0.48130066271794325,LT-A,135.3794079661305,124.53424433500062,0.0,10.845163631129857,0,344,219.26155645124595,32.53549089338958,16,middle,32952.215931415405,4,0.8359392207150389,0.8359392207150389,2.8491999999999997,1150.724967712109,1026.0055859541158,32.53549089338958,8.5,30,1.0,135.3794079661305,124.53424433500062,1151.2109360977145,1054.4178506898807,0.0,976.7249677121091,884.5410768475053,8.503589677284797,8.466890824450397,76-200,76-200,96.79308540783381,8.407936579888263,124.71938175799323,10.845163631129864,8.010940359440138,0.0,0.0,0.9198905964055987,True,-89.93298015002256,False,False,False,0.4414503252391,True
KLNC0096,Kalyanpur,Residential,Res-C,795.3408386808318,0.1927346002661165,2.8826048978246153,27.22873106147511,0.31509529779310763,LT-A,185.95607257996576,185.95607257996576,0.0,0.0,0,0,0.0,0.0,0,lower-middle,14728.194745116545,5,0.628124282400951,0.628124282400951,1.1997,1580.6266169297087,1580.6266169297087,0.0,8.5,30,1.0,185.95607257996576,185.95607257996576,1529.8647177761948,1529.8647177761948,0.0,1406.6266169297091,1406.6266169297091,8.227022094792385,8.227022094792385,76-200,76-200,0.0,0.0,0.0,0.0,0.0,0.0,0.0,1.0,True,0.0,False,False,False,,False
KLNC0097,Kalyanpur,Residential,Res-C,795.3408386808318,0.16236447400982798,3.777714184086115,26.27054418336181,0.25368963510144155,LT-A,71.67768496120168,71.67768496120168,0.0,0.0,0,0,0.0,0.0,0,lower-middle,14951.24936470818,5,0.684970291855563,0.684970291855563,0.9806999999999999,442.9680930602262,442.9680930602262,0.0,6.18,30,1.0,71.67768496120168,71.67768496120168,508.3653677132377,508.3653677132377,0.0,442.96809306022635,442.96809306022635,7.092379838835617,7.092379838835617,1-75,1-75,0.0,0.0,0.0,0.0,0.0,0.0,0.0,1.0,True,0.0,False,False,False,,False
KLNC0098,Kalyanpur,Residential,Res-B,795.3408386808318,0.42930711734091065,1.4467379147967967,16.67201629272288,0.3895047023971944,LT-A,224.7949670043892,206.7431684181504,0.0,18.051798586238803,0,310,300.9598801427252,54.155395758716416,16,middle,32544.240026368436,5,1.1006923729387919,1.1006923729387919,2.2552,2045.6341997399413,1827.207436846452,54.155395758716416,9.1,30,1.0,224.7949670043892,206.7431684181504,1938.670229726939,1766.185294235427,0.0,1751.6341997399418,1587.3628326051685,8.624170974829191,8.542895553691098,201-300,201-300,172.48493549151203,8.89707454350328,218.42676289348924,18.051798586238817,8.030339302875205,0.0,0.0,0.919696606971248,True,-74.31954889249673,False,False,False,0.5731160426091143,True
KLNC0099,Kalyanpur,Residential,Res-C,795.3408386808318,0.2854203004773928,3.824503805724428,26.48207450344277,0.2544257265337749,LT-A,126.93117886148636,126.93117886148636,0.0,0.0,0,0,0.0,0.0,0,lower-middle,22922.401402272204,3,0.5786406206266226,0.5786406206266226,1.1356000000000002,1078.915020322634,1078.915020322634,0.0,8.5,30,1.0,126.93117886148636,126.93117886148636,1000.2407313387657,1000.2407313387657,0.0,904.9150203226341,904.9150203226341,7.880181530735474,7.880181530735474,76-200,76-200,0.0,0.0,0.0,0.0,0.0,0.0,0.0,1.0,True,0.0,False,False,False,,False
KLNC0100,Kalyanpur,Residential,Res-B,795.3408386808318,0.41085208515460325,1.213316780431859,19.707908781191055,0.46950952562986237,LT-A,130.85338790198807,120.37135614531812,0.0,10.482031756669944,0,457,206.57892570199905,31.44609527000983,16,middle,50449.8708480004,5,0.5615403415495286,0.5578031713222442,2.1500000000000004,1112.2537971668985,991.7104319651946,31.44609527000983,8.5,30,1.0,130.85338790198807,120.37135614531812,1079.9814870252435,986.4293535969642,0.0,938.2537971668986,849.1565272352041,8.25337046553332,8.19488444083075,76-200,76-200,93.55213342827926,8.66238306417308,120.54336520170386,10.482031756669954,8.010516139269711,0.00373717022728437,0.6655212369910821,0.9198948386073029,True,-81.58069700370996,False,False,False,0.4528638781055195,True
KLNC0101,Kalyanpur,Residential,Res-B,795.3408386808318,0.3619942531265559,1.9334610338033051,19.008371391776226,0.3980545240822532,LT-A,200.2673106832954,184.19288293954244,0.0,16.074427743753017,0,429,305.54869246352894,48.22328323125905,16,middle,54487.56534798359,4,0.9792198351706598,0.9792198351706598,2.6854,1822.4325272179883,1627.9319515185769,48.22328323125905,9.1,30,1.0,200.2673106832954,184.19288293954244,1723.2802935788875,1579.6476202354163,0.0,1528.432527217988,1391.6395049861108,8.604900558654323,8.576051338280553,201-300,76-200,143.6326733434712,8.334841051607258,194.50057569941146,16.07442774375295,8.026486044531351,0.0,0.0,0.9197351395546861,True,-113.6927358887987,False,False,False,0.47008112581144673,True
KLNC0102,Kalyanpur,Residential,Res-C,795.3408386808318,0.19184279287142128,3.547570531448504,23.285605090526932,0.2813001935964771,LT-A,56.64369023509139,56.64369023509139,0.0,0.0,0,0,0.0,0.0,0,lower-middle,14994.37689965637,4,0.6805432047322644,0.6805432047322644,1.4456000000000002,350.0580056528649,350.0580056528649,0.0,6.18,30,1.0,56.64369023509139,56.64369023509139,431.3118659355081,431.3118659355081,0.0,350.0580056528648,350.0580056528648,7.614473282821281,7.614473282821281,1-75,1-75,0.0,0.0,0.0,0.0,0.0,0.0,0.0,1.0,True,0.0,False,False,False,,False
KLNC0103,Kalyanpur,Residential,Res-C,795.3408386808318,0.14498208722702474,2.8066034889650395,30.073268029218823,0.2621065856758468,LT-A,39.31688544915642,39.31688544915642,0.0,0.0,0,0,0.0,0.0,0,lower-middle,20143.35776806407,4,0.2185236401510102,0.2185236401510102,0.23070000000000002,209.16583058951213,209.16583058951213,0.0,5.32,30,1.0,39.31688544915642,39.31688544915642,241.67412211898778,241.67412211898778,0.0,209.16583058951218,209.16583058951218,6.146827739738299,6.146827739738299,lifeline 0-50,lifeline 0-50,0.0,0.0,0.0,0.0,0.0,0.0,0.0,1.0,True,0.0,False,False,False,,False
KLNC0104,Kalyanpur,Residential,Res-A,795.3408386808318,0.5117608104461273,1.9978806067935764,21.028438571805168,0.40050948977279055,LT-A,369.0878597385064,339.4416460845032,0.0,29.646213654003137,0,270,623.4135827098165,88.93864096200943,16,upper-middle,128120.42554771483,6,2.083388247162442,2.077242970884118,3.9861000000000004,3550.6252106844317,3176.4899943709124,88.93864096200943,9.62,30,1.0,369.0878597385064,339.4416460845032,3431.443481218653,3131.9870770995667,0.0,3100.6252106844313,2815.4286353329207,9.297091168617095,9.22687923897195,301-400,301-400,299.4564041190861,8.72683480751186,374.1352163135193,29.64621365400319,8.032291735362719,0.006145276278323841,0.29496548647107224,0.9196770826463729,True,-235.018537628721,False,False,False,0.4803495021995303,True
KLNC0105,Kalyanpur,Residential,Res-A,795.3408386808318,0.67981567075355,1.808151917847631,19.986610476957267,0.39516915918861295,LT-A,388.3165390245575,357.1242485821529,0.0,31.19229044240464,0,307,623.4281589564587,93.57687132721395,16,upper-middle,71066.87506438774,4,2.715774372824883,2.7148021487838285,6.0508,3735.605105416243,3341.9584000330965,93.57687132721395,9.62,30,1.0,388.3165390245575,357.1242485821529,3716.7256406870556,3401.6523149283266,0.0,3285.6051054162435,2985.535271360311,9.57138125000647,9.525122778510545,301-400,301-400,315.07332575872897,8.477174702098432,393.6467053831466,31.192290442404612,8.03269686136958,0.0009722240410545702,0.03579914630548951,0.9196730313863042,True,-214.77796187051575,False,True,False,0.5053883454448426,True
KLNC0106,Kalyanpur,Residential,Res-A,795.3408386808318,0.5029582047575036,2.7965364051890638,18.56426836610853,0.3638200765411401,LT-A,383.43296609439636,352.63611626747615,0.0,30.796849826920223,0,378,571.72098501769,92.39054948076067,16,upper-middle,107777.29943608391,4,1.800867994276511,1.800867994276511,4.5457,3688.625133828093,3299.9688890123607,92.39054948076067,9.62,30,1.0,383.43296609439636,352.63611626747615,3601.021760519498,3289.942780417777,0.0,3238.625133828093,2942.3594384931207,9.391528843226725,9.329568437971169,301-400,301-400,311.07898010172084,8.638630943925296,388.6562448157324,30.79684982692021,8.031873247783919,0.0,0.0,0.9196812675221607,True,-168.25145543520853,False,False,False,0.5441097812634873,True
KLNC0107,Kalyanpur,Residential,Res-A,795.3408386808318,0.5670031096063578,2.349543230529751,18.13160267914822,0.44194106860845794,LT-A,268.9617092473896,247.35670377622733,0.0,21.60500547116221,0,235,391.73337508393666,64.81501641348663,16,upper-middle,156650.62430867399,6,1.4891579901240966,1.4891579901240966,3.8137,2447.5515541512445,2186.130987950182,64.81501641348663,9.1,30,1.0,268.9617092473896,247.35670377622733,2429.4133018588072,2222.977474581852,0.0,2153.551554151245,1956.9460043636686,9.0325619533606,8.986930374819684,201-300,201-300,206.43582727695502,8.497353131268591,261.4205662010627,21.605005471162258,8.032743966275916,0.0,0.0,0.919672560337241,True,-120.48253139349498,False,False,False,0.526980442329485,True
KLNC0108,Kalyanpur,Residential,Res-C,795.3408386808318,0.1752347294108744,2.552127257006114,30.308500065213742,0.3919125442732509,LT-A,121.12898502449505,121.12898502449505,0.0,0.0,0,0,0.0,0.0,0,lower-middle,24725.06253426955,5,0.730079112476925,0.730079112476925,1.8757000000000001,1029.5963727082078,1029.5963727082078,0.0,8.5,30,1.0,121.12898502449505,121.12898502449505,981.0945613436184,981.0945613436184,0.0,855.5963727082079,855.5963727082079,8.099585422475212,8.099585422475212,76-200,76-200,0.0,0.0,0.0,0.0,0.0,0.0,0.0,1.0,True,0.0,False,False,False,,False
KLNC0109,Kalyanpur,Residential,Res-B,795.3408386808318,0.3631153563145783,1.487198327437679,20.37422836688383,0.4727480952406188,LT-A,152.90311128409724,152.90311128409724,0.0,0.0,0,0,0.0,0.0,0,middle,41356.52381854206,5,0.42067549437703583,0.42067549437703583,0.47519999999999996,1299.6764459148271,1299.6764459148271,0.0,8.5,30,1.0,152.90311128409724,152.90311128409724,1204.0102682105678,1204.0102682105678,0.0,1125.6764459148264,1125.6764459148264,7.8743346561044865,7.8743346561044865,76-200,76-200,0.0,0.0,0.0,0.0,0.0,0.0,0.0,1.0,True,0.0,False,False,False,,False
KLNC0110,Kalyanpur,Residential,Res-C,795.3408386808318,0.23631109570285017,1.7840274898568258,33.386731708351654,0.2911602184593279,LT-A,76.63241938392619,76.63241938392619,0.0,0.0,0,0,0.0,0.0,0,lower-middle,23127.16915755259,3,0.5589823306542387,0.5589823306542387,1.2506000000000002,651.3755647633725,651.3755647633725,0.0,8.5,30,1.0,76.63241938392619,76.63241938392619,556.3958030015413,556.3958030015413,0.0,477.3755647633726,477.3755647633726,7.2605798887023845,7.2605798887023845,76-200,76-200,0.0,0.0,0.0,0.0,0.0,0.0,0.0,1.0,True,0.0,False,False,False,,False
KLNC0111,Kalyanpur,Residential,Res-B,795.3408386808318,0.45919681520826866,1.470782137554738,20.60752193517029,0.4927360845717624,LT-A,176.90212332043112,162.70624121363412,0.0,14.19588210679696,0,292,292.5419519049097,42.58764632039088,16,middle,53699.243818457246,4,1.076870370382255,1.035710502239114,4.1953,1503.668048223664,1340.4154039954992,42.58764632039088,8.5,30,1.0,176.90212332043112,162.70624121363412,1581.1641806348478,1454.4659328316845,0.0,1329.6680482236645,1209.00305031589,8.938073500513111,8.93921414435457,76-200,76-200,126.69824780316321,8.012972299454256,163.25264422816485,14.195882106797,8.024709845389099,0.0411598681431411,3.822174820218207,0.9197529015461092,True,-123.2560577813556,False,False,False,0.4330942860610511,True
KLNC0112,Kalyanpur,Residential,Res-A,795.3408386808318,0.49595060213890263,1.6101594147189184,19.02403895326126,0.5157138385466371,LT-A,280.6573517094078,258.1280735437672,0.0,22.529278165640626,0,226,428.5978654120057,67.5878344969219,16,upper-middle,76683.99071121465,6,1.37451331701214,1.37451331701214,2.9846999999999997,2553.9819005556105,2281.3776347513585,67.5878344969219,9.1,30,1.0,280.6573517094078,258.1280735437672,2504.606265583391,2289.3390127106954,0.0,2259.981900555611,2054.9654692482814,8.92407147123891,8.869004371671043,201-300,201-300,215.26725287269574,8.594854042759257,272.604265804252,22.52927816564062,8.027325145206742,0.0,0.0,0.9197267485479326,True,-145.74277804238807,False,False,False,0.5022592743567728,True
KLNC0113,Kalyanpur,Residential,Res-B,795.3408386808318,0.32912053200491304,1.4883600522311042,22.54312536254827,0.5115603344902682,LT-A,233.42308058676517,233.42308058676517,0.0,0.0,0,0,0.0,0.0,0,middle,53712.83168363151,5,1.3815974507303448,1.3815974507303448,2.9702,2124.1500333395625,2124.1500333395625,0.0,9.1,30,1.0,233.42308058676517,233.42308058676517,2052.6433550065412,2052.6433550065412,0.0,1830.150033339563,1830.150033339563,8.79366063478696,8.79366063478696,201-300,201-300,0.0,0.0,0.0,0.0,0.0,0.0,0.0,1.0,True,0.0,False,False,False,,False
KLNC0114,Kalyanpur,Residential,Res-A,795.3408386808318,0.5937168009464021,1.5980585559612264,23.787433845270073,0.38862533293840074,LT-A,458.5673313685224,421.72359047262285,0.0,36.843740895899536,0,358,876.4180491734818,110.53122268769863,16,upper-middle,152149.8453319561,5,1.9675599416914458,1.8961891932414603,5.2457,6883.095643841522,6219.53987030637,110.53122268769863,15.01,30,1.0,458.5673313685224,421.72359047262285,4722.285796033598,4141.610017643772,0.0,4277.095643841521,3724.0710929940687,10.29791150176502,9.820674278624768,401-600,401-600,580.6757783898256,12.296497998438683,663.5557735351522,36.84374089589954,8.034532417724824,0.07137074844998548,3.62737352685837,0.9196546758227517,True,-185.2110480959576,False,True,False,0.6625557049372043,True
KLNC0115,Kalyanpur,Residential,Res-B,795.3408386808318,0.41409265407289075,1.1569659155199332,20.016568338033238,0.41515820691898464,LT-A,116.70513749056212,108.95539178729277,0.0,7.749745703269379,0,512,155.12331447187097,23.249237109808135,16,middle,33748.25935314296,4,0.7385323282191857,0.7368071615061421,2.5844,991.9936686697783,902.8715930821803,23.249237109808135,8.5,30,1.0,116.70513749056212,108.95539178729277,972.865392103267,903.6989117015879,0.0,817.9936686697781,752.1208301919885,8.336097390587815,8.294210106332566,76-200,76-200,69.16648040167911,7.109563251309209,89.12207558759803,7.749745703269355,6.640449486549872,0.0017251667130435688,0.233593933146223,0.9335955051345011,True,-62.707596960383725,False,False,False,0.4458806249541638,True
KLNC0116,Kalyanpur,Residential,Res-A,795.3408386808318,0.4301002129784408,2.411380418735368,22.35096316742703,0.4837293108751009,LT-A,761.7124321357949,700.500670684668,0.0,61.21176145112668,0,303,1368.141825607462,183.63528435338006,16,upper-middle,194987.857932438,5,4.856851334527162,4.856851334527162,6.2062,13215.710697556036,11970.05135202561,183.63528435338006,17.35,30,1.0,761.7124321357949,700.500670684668,9939.689652433844,8824.56438819794,0.0,9205.710697556042,8143.6866363789895,13.049136699218057,12.597510263013493,601-above,601-above,1115.125264235905,11.218914304460743,1245.6593455304264,61.211761451126904,8.03607225885665,0.0,0.0,0.9196392774114338,True,-69.38127701817689,False,False,False,0.8150655461035874,True
KLNC0117,Kalyanpur,Residential,Res-C,795.3408386808318,0.17426637193852418,3.42614784504904,22.699498958687727,0.3419746280138019,LT-A,88.04404501993272,88.04404501993272,0.0,0.0,0,0,0.0,0.0,0,lower-middle,16610.156940438694,5,0.56457132164401,0.56457132164401,0.9696,748.3743826694285,748.3743826694285,0.0,8.5,30,1.0,88.04404501993272,88.04404501993272,645.8524618028996,645.8524618028996,0.0,574.3743826694282,574.3743826694282,7.335560987193193,7.335560987193193,76-200,76-200,0.0,0.0,0.0,0.0,0.0,0.0,0.0,1.0,True,0.0,False,False,False,,False
KLNC0118,Kalyanpur,Residential,Res-A,795.3408386808318,0.5043663978687962,1.4153776719656737,21.77401548601847,0.41830236221550343,LT-A,517.1171661504761,475.57279710925263,0.0,41.544369041223376,0,252,904.5877348604637,124.6331071236701,16,upper-middle,155299.00605608136,4,2.2667289180690076,2.2667289180690076,5.2412,7761.928663918646,7013.714577486211,124.6331071236701,15.01,30,1.0,517.1171661504761,475.57279710925263,5644.862017114579,4990.101988840376,0.0,5155.928663918647,4532.347684609882,10.91602133252714,10.492824693028032,401-600,401-600,654.7600282742033,11.599221137541454,748.2140864324347,41.54436904122349,8.033840638184206,0.0,0.0,0.9196615936181581,True,-125.1945994625903,False,False,False,0.7238214747353419,True
KLNC0119,Kalyanpur,Residential,Res-B,795.3408386808318,0.36233072183357296,1.202357083422494,20.236715474145438,0.3277600791347023,LT-A,185.07200279529576,184.15526120803088,0.0,0.9167415872648814,0,30,18.551838664795877,2.7502247617946445,1,middle,44963.20687925797,4,1.153528887559556,1.153528887559556,2.6555,1573.1120237600137,1562.5694955064675,2.7502247617946445,8.5,30,1.0,185.07200279529576,184.15526120803088,1586.1751749480145,1577.9932562816755,0.0,1399.112023760014,1391.3197202682625,8.570584156386147,8.568819842182496,76-200,76-200,8.181918666339016,0.5158269272879756,10.542528253546152,0.9167415872648803,0.49534320341195465,0.0,0.0,0.9950465679658804,True,-7.619695236662217,False,False,False,0.4410300679180168,True
KLNC0120,Kalyanpur,Residential,Res-A,795.3408386808318,0.5517524550624191,2.00193024704392,16.919653410160063,0.4379636869275554,LT-A,492.56205176403125,453.01666684780133,0.0,39.54538491622994,0,261,669.0942067539822,118.63615474868976,16,upper-middle,80253.5823932205,6,2.90402016277686,2.877972193055699,4.539799999999999,7393.356396978108,6681.144014636808,118.63615474868976,15.01,30,1.0,492.56205176403125,453.01666684780133,5226.929396827014,4603.674357854773,0.0,4787.356396978109,4193.780169385498,10.61171760615259,10.162262659977268,401-600,401-600,623.255038972241,11.923923046494284,712.2123823413003,39.54538491622992,8.028508240658113,0.026047969721160857,0.8969624266056564,0.9197149175934188,True,72.79698696694845,True,True,True,0.9314907118922406,True
KLNC0121,Kalyanpur,Residential,Res-B,795.3408386808318,0.37189375286542997,1.594678119294624,19.00451065238027,0.476944415662699,LT-A,174.1314928774703,160.15687343344598,0.0,13.974619444024317,0,384,265.58080408692064,41.92385833207295,16,middle,29957.61604417121,4,0.9091027803756232,0.8583950887847834,2.6854,1480.1176894584974,1319.4095658522176,41.92385833207295,8.5,30,1.0,174.1314928774703,160.15687343344598,1489.8497139314222,1365.1262353935056,0.0,1306.1176894584974,1187.3334241842908,8.555888939514077,8.523681850974638,76-200,76-200,124.72347853791666,8.37154763810343,160.70812360627974,13.974619444024313,8.025325696746723,0.050707691590839765,5.5777732381247755,0.9197467430325328,True,-98.93346721693104,False,False,False,0.4696253517520661,True
KLNC0122,Kalyanpur,Residential,Res-B,795.3408386808318,0.3789155775028102,0.9052924791051906,20.63112357633041,0.34385238789762074,LT-A,269.48049306214847,256.0923551485768,0.0,13.38813791357171,0,301,276.2123277518523,40.164413740715126,10,middle,58493.44308682438,5,2.193014582195235,2.193014582195235,4.1754999999999995,2452.272486865552,2290.2760181113335,40.164413740715126,9.1,30,1.0,269.48049306214847,256.0923551485768,2450.3256612088285,2322.402003444651,0.0,2158.272486865551,2036.440431852049,9.092775634204166,9.068611212924594,201-300,201-300,127.92365776417728,5.2206798381676425,161.9964687542183,13.388137913571654,4.968128773047791,0.0,0.0,0.9503187122695219,True,-108.12425624695987,False,False,False,0.4631352221147176,True
KLNC0123,Kalyanpur,Residential,Res-B,795.3408386808318,0.32815890636534245,1.2623873721643657,19.479164128281607,0.4231090001059494,LT-A,147.8444801990225,147.8444801990225,0.0,0.0,0,0,0.0,0.0,0,middle,48093.805669736845,4,0.7472921096486982,0.7472921096486982,3.4603,1256.6780816916914,1256.6780816916914,0.0,8.5,30,1.0,147.8444801990225,147.8444801990225,1289.4112157762756,1289.4112157762756,0.0,1082.6780816916912,1082.6780816916912,8.72140247671418,8.72140247671418,76-200,76-200,0.0,0.0,0.0,0.0,0.0,0.0,0.0,1.0,True,0.0,False,False,False,,False
KLNC0124,Kalyanpur,Residential,Res-A,795.3408386808318,0.5692876137856812,1.8226497488137277,20.779220680776294,0.3934314105585832,LT-A,279.2376449235308,256.8266526058216,0.0,22.41099231770918,0,309,465.6829550448612,67.23297695312755,16,upper-middle,154562.86958162347,4,1.1773828380022413,1.1498936605277281,3.7459000000000002,2541.06256880413,2269.8895617598487,67.23297695312755,9.1,30,1.0,279.2376449235308,256.8266526058216,2524.609887244337,2310.4728556486257,0.0,2247.0625688041305,2043.1225387129766,9.041080001715747,8.99623474513273,201-300,201-300,214.1370315957115,8.481984986181228,271.17300704428135,22.4109923177092,8.02577758591484,0.027489177474513182,2.3347696762045764,0.9197422241408517,True,-184.31294649602216,False,False,False,0.45983437717853076,True
KLNC0125,Kalyanpur,Residential,Res-A,795.3408386808318,0.5039215764942477,2.231338598822091,18.603793823829644,0.5263320968256737,LT-A,577.5812948622486,531.1566312237223,0.0,46.42466363852616,0,205,863.6748706717817,139.27399091557845,16,upper-middle,158962.37825541466,6,3.32979102266436,3.1824254556246805,6.2162,8669.495235882352,7833.387043752495,139.27399091557845,15.01,30,1.0,577.5812948622486,531.1566312237223,6640.804417676469,5909.1285064014755,0.0,6063.495235882351,5366.661034668072,11.497609906602465,11.125020679469895,401-600,401-600,731.6759112749933,11.017880745402184,836.1081921298573,46.424663638526226,8.037771314875835,0.1473655670396794,4.425670140757471,0.9196222868512418,True,7.275031518790001,True,True,True,0.8471659140735248,True
KLNC0126,Kalyanpur,Residential,Res-B,795.3408386808318,0.45375463187957515,1.3493770046147335,21.777816819493037,0.4466861359339882,LT-A,171.68550727129715,157.9286516785851,0.0,13.756855592711998,0,394,299.5942811103002,41.27056677813599,16,middle,58844.80945890211,5,1.1624939891493788,1.159869833205712,2.8901999999999997,1459.3268118060257,1301.1229724898376,41.27056677813599,8.5,30,1.0,171.68550727129715,157.9286516785851,1477.0509723963273,1354.2710362313721,0.0,1285.326811806026,1168.3935392679734,8.603236207132463,8.575207993211844,76-200,76-200,122.77993616495519,8.31250501570439,158.20383931618812,13.756855592712043,8.01282287093312,0.0026241559436668283,0.22573501180741398,0.9198717712906691,True,-135.543778167209,False,False,False,0.40982069387283093,True
KLNC0127,Kalyanpur,Residential,Res-B,795.3408386808318,0.23777612733206838,1.4935613461841528,25.88583312396255,0.4012060646438786,LT-A,232.8621153263047,232.8621153263047,0.0,0.0,0,0,0.0,0.0,0,middle,54484.44314946444,4,1.0377727161824992,1.0377727161824992,2.7403,2119.045249469372,2119.045249469372,0.0,9.1,30,1.0,232.8621153263047,232.8621153263047,2037.1447419428414,2037.1447419428414,0.0,1825.0452494693727,1825.0452494693727,8.74828753955204,8.74828753955204,201-300,201-300,0.0,0.0,0.0,0.0,0.0,0.0,0.0,1.0,True,0.0,False,False,False,,False
KLNC0128,Kalyanpur,Residential,Res-C,795.3408386808318,0.1699294869447564,2.5009266654726434,20.9794660766975,0.2772732429306061,LT-A,31.04327000555308,31.04327000555308,0.0,0.0,0,0,0.0,0.0,0,lower-middle,11505.4524405958,5,0.5822859589312849,0.5822859589312849,1.0945,165.15019642954238,165.15019642954238,0.0,5.32,30,1.0,31.04327000555308,31.04327000555308,221.67515625101953,221.67515625101953,0.0,165.1501964295424,165.1501964295424,7.140844254209233,7.140844254209233,lifeline 0-50,lifeline 0-50,0.0,0.0,0.0,0.0,0.0,0.0,0.0,1.0,True,0.0,False,False,False,,False
KLNC0129,Kalyanpur,Residential,Res-C,795.3408386808318,0.1585793254514138,2.718621424791259,30.162991169550125,0.3806396144504968,LT-A,105.16433645423493,105.16433645423493,0.0,0.0,0,0,0.0,0.0,0,lower-middle,22356.918689018476,3,0.5953294284521123,0.5953294284521123,2.5006,893.8968598609969,893.8968598609969,0.0,8.5,30,1.0,105.16433645423493,105.16433645423493,866.1681628540467,866.1681628540467,0.0,719.8968598609969,719.8968598609969,8.236329843919883,8.236329843919883,76-200,76-200,0.0,0.0,0.0,0.0,0.0,0.0,0.0,1.0,True,0.0,False,False,False,,False
KLNC0130,Kalyanpur,Residential,Res-A,795.3408386808318,0.7185580828701211,2.396878568894213,19.84325961051049,0.3184585579934069,LT-A,446.5883340896875,410.72887259717544,0.0,35.85946149251206,0,477,711.5686038890208,107.57838447753618,16,upper-middle,129648.39774308061,5,3.0300299464756884,3.0300299464756884,5.3502,6703.290894686212,6057.461993206069,107.57838447753618,15.01,30,1.0,446.5883340896875,410.72887259717544,4538.099259420521,3972.9362165677835,0.0,4097.29089468621,3559.0403776836033,10.161705788107628,9.672892464183452,401-600,401-600,565.1630428527374,12.453739121715556,645.828901480143,35.85946149251208,8.029645818135162,0.0,0.0,0.9197035418186484,True,-38.82717655874728,False,True,False,0.7942495491845541,True
KLNC0131,Kalyanpur,Residential,Res-A,795.3408386808318,0.5815446058965135,2.0683886269154517,23.610029962069696,0.41385210163442365,LT-A,334.35732763943236,307.5165258654324,0.0,26.840801773999893,0,294,633.712134090111,80.52240532199967,16,upper-middle,147055.90263889343,6,1.5723189770691643,1.5723189770691643,4.540900000000001,3216.5174918913376,2877.78657350346,80.52240532199967,9.62,30,1.0,334.35732763943236,307.5165258654324,3105.0970564859063,2833.978117766733,0.0,2766.5174918913394,2508.3089788254597,9.286762394017014,9.215693725048345,301-400,301-400,271.11893871917346,8.731415919926304,338.7309183878774,26.840801773999942,8.027579943737557,0.0,0.0,0.9197242005626246,True,-282.0707900489379,False,False,False,0.42782664893808325,True
KLNC0132,Kalyanpur,Residential,Res-A,795.3408386808318,0.5555856385648869,1.6739773032572303,24.452764218932447,0.38097830179786024,LT-A,709.7034247506091,652.6766422771084,0.0,57.02678247350054,0,404,1394.4624659888582,171.08034742050162,16,upper-middle,88552.7490389319,6,2.914026096450245,2.891905918845655,4.839,12313.354419423069,11152.859396087333,171.08034742050162,17.35,30,1.0,709.7034247506091,652.6766422771084,8931.92204039422,7893.036630683223,0.0,8303.354419423067,7313.939743507831,12.58542896778737,12.093334002493778,601-above,601-above,1038.885409710997,11.63115178359914,1160.4950233357358,57.0267824735007,8.035297630632119,0.02212017760458984,0.7590933256066511,0.919647023693679,True,-184.49670885735964,False,True,False,0.7450077969465387,True
KLNC0133,Kalyanpur,Residential,Res-C,795.3408386808318,0.172183313268504,3.796319493743385,33.50362182709545,0.29064894812264663,LT-A,79.07193083035482,79.07193083035482,0.0,0.0,0,0,0.0,0.0,0,lower-middle,12403.10509739221,5,0.20680288275565248,0.20680288275565248,0.3054,672.1114120580158,672.1114120580158,0.0,8.5,30,1.0,79.07193083035482,79.07193083035482,545.0669826609168,545.0669826609168,0.0,498.11141205801596,498.11141205801596,6.893305588178096,6.893305588178096,76-200,76-200,0.0,0.0,0.0,0.0,0.0,0.0,0.0,1.0,True,0.0,False,False,False,,False
KLNC0134,Kalyanpur,Residential,Res-B,795.3408386808318,0.25526974048492634,1.1893100905372145,21.929697354073838,0.4080075525035801,LT-A,133.549616022314,133.549616022314,0.0,0.0,0,0,0.0,0.0,0,middle,28417.947775134337,4,0.6831867809632647,0.6831867809632647,3.3392999999999997,1135.1717361896688,1135.1717361896688,0.0,8.5,30,1.0,133.549616022314,133.549616022314,1156.4934529991526,1156.4934529991526,0.0,961.1717361896691,961.1717361896691,8.659653898262958,8.659653898262958,76-200,76-200,0.0,0.0,0.0,0.0,0.0,0.0,0.0,1.0,True,0.0,False,False,False,,False
KLNC0135,Kalyanpur,Residential,Res-A,795.3408386808318,0.5861526628118714,2.038938713944505,19.858190057391656,0.40713082018960084,LT-A,690.0053439464314,634.5918134038608,0.0,55.413530542570626,0,305,1100.412421265445,166.2405916277119,16,upper-middle,112992.55069896887,6,3.668958498537145,3.668678767159964,6.039599999999999,11971.592717470587,10843.927370929277,166.2405916277119,17.35,30,1.0,690.0053439464314,634.5918134038608,8626.018713344114,7616.522720684834,0.0,7961.592717470585,7000.167962556985,12.501379574842533,12.002239171398829,601-above,601-above,1009.4959926592801,11.702919112587006,1127.6653465413092,55.413530542570584,8.03088425745187,0.0002797313771809584,0.007624272045935937,0.9196911574254812,True,75.32416302154707,True,True,True,0.9173796779741786,True
KLNC0136,Kalyanpur,Residential,Res-A,795.3408386808318,0.6920622339741576,2.335114574441804,18.987488874385818,0.40943419871160897,LT-A,207.40070095167295,195.37921950994615,0.0,12.021481441726792,0,496,228.25774512842304,36.06444432518037,16,upper-middle,142263.32657971792,4,0.8408967936726965,0.8373854636592434,3.6102000000000003,1887.3463786602242,1741.8864532153302,36.06444432518037,9.1,30,1.0,207.40070095167295,195.37921950994615,1832.223517593235,1720.2693541262693,0.0,1593.3463786602238,1486.7233658345422,8.834220468812045,8.80477134897499,201-300,76-200,111.95416346696584,6.110289623070996,145.459925444894,12.021481441726792,5.796258829678668,0.003511330013453162,0.4175696755980119,0.9420374117032133,True,-80.23913733627683,False,True,False,0.4904725725910324,True
KLNC0137,Kalyanpur,Residential,Res-C,795.3408386808318,0.16665041979022072,2.4183883073025685,29.754662492550136,0.36851167110203364,LT-A,105.90089903563384,105.90089903563384,0.0,0.0,0,0,0.0,0.0,0,lower-middle,15575.44271765458,3,0.8479604977293661,0.8479604977293661,1.7704,900.1576418028878,900.1576418028878,0.0,8.5,30,1.0,105.90089903563384,105.90089903563384,840.5401638930321,840.5401638930321,0.0,726.1576418028876,726.1576418028876,7.937044647847651,7.937044647847651,76-200,76-200,0.0,0.0,0.0,0.0,0.0,0.0,0.0,1.0,True,0.0,False,False,False,,False
KLNC0138,Kalyanpur,Residential,Res-B,795.3408386808318,0.47422666298307625,1.814803523941996,26.154797182603865,0.41837054097415965,LT-A,165.43710569641112,160.96799028341005,0.0,4.469115413001102,0,192,116.88880721269274,13.407346239003306,8,middle,31053.095539188867,4,0.8977647030923472,0.8977647030923472,2.8901,1406.2153984194945,1354.8205711699816,13.407346239003306,8.5,30,1.0,165.43710569641112,160.96799028341005,1421.2795783404695,1381.3927232794347,0.0,1232.2153984194947,1194.2279174089854,8.591056839138728,8.581785240949275,76-200,76-200,39.886855061034794,2.806404571548684,51.3948272495129,4.469115413001077,2.701398452413827,0.0,0.0,0.9729860154758616,True,-63.59460591265464,False,False,False,0.34123759162377315,True
KLNC0139,Kalyanpur,Residential,Res-B,795.3408386808318,0.5004959321799685,1.4210021274507159,18.082167698185902,0.41960388525953535,LT-A,181.14462603333848,167.36901794458245,0.0,13.775608088756053,0,448,249.09285560537322,41.32682426626816,16,middle,42042.22733959032,5,0.8628376231220072,0.8618095064532016,3.4603,1539.7293212833774,1381.3098282626831,41.32682426626816,8.5,30,1.0,181.14462603333848,167.36901794458245,1586.6150173475457,1463.6677151553984,0.0,1365.729321283377,1248.636652528951,8.758830179458593,8.745153273469247,76-200,76-200,122.94730219214739,7.7490317971203195,158.4194930206943,13.77560808875603,7.6047567020954405,0.0010281166688055343,0.11915528962280268,0.9239524329790455,True,-84.81872914695768,False,False,False,0.4935802028257581,True
KLNC0140,Kalyanpur,Residential,Res-B,795.3408386808318,0.34213696224597173,0.9838461486685839,18.571916943778948,0.45403060013315305,LT-A,193.86453756974612,185.1724067038312,0.0,8.692130865914919,0,282,161.4295325062293,26.076392597744757,9,middle,39994.28262669851,5,0.9179474268766209,0.9179474268766209,2.1653000000000002,1647.8485693428415,1547.8890643848204,26.076392597744757,8.5,30,1.0,193.86453756974612,185.1724067038312,1643.0307278099842,1565.4534598316936,0.0,1473.848569342842,1399.9654569825652,8.475148412426257,8.454032043421643,76-200,76-200,77.57726797829059,4.721595686873993,99.95950495802117,8.692130865914919,4.483610553471015,0.0,0.0,0.9551638944652898,True,-57.775871930193944,False,False,False,0.48056428569101517,True
KLNC0141,Kalyanpur,Residential,Res-B,795.3408386808318,0.46351991341080206,1.4490795049601908,21.972135706339426,0.37404104093100343,LT-A,235.27310494401186,225.89542775074767,0.0,9.377677193264207,0,448,206.04759590064535,28.133031579792615,16,middle,46662.42409009307,5,1.573265027101758,1.573265027101758,2.8954999999999997,2140.985254990508,2027.5153609520107,28.133031579792615,9.1,30,1.0,235.27310494401186,225.89542775074767,2067.0260677400333,1977.422362158394,0.0,1846.9852549905079,1761.648392531804,8.785645381064382,8.75370688927921,201-300,201-300,89.60370558163936,4.334909316340014,113.46989403849739,9.37767719326419,3.985868761113092,0.0,0.0,0.960141312388869,True,-88.31085873921337,False,False,False,0.434868968938835,True
KLNC0142,Kalyanpur,Residential,Res-C,795.3408386808318,0.1804081390292199,2.6270175947034486,36.2483244900705,0.33238642483595426,LT-A,74.40157083113665,74.40157083113665,0.0,0.0,0,0,0.0,0.0,0,lower-middle,24665.785328290272,5,0.6410111773188366,0.6410111773188366,1.3106,459.80170773642436,459.80170773642436,0.0,6.18,30,1.0,74.40157083113665,74.40157083113665,540.5892531232456,540.5892531232456,0.0,459.8017077364245,459.8017077364245,7.265831179158544,7.265831179158544,1-75,1-75,0.0,0.0,0.0,0.0,0.0,0.0,0.0,1.0,True,0.0,False,False,False,,False
KLNC0143,Kalyanpur,Residential,Res-B,795.3408386808318,0.3648374174934524,1.7566006488754162,11.633709847784905,0.4150135744432299,LT-A,170.27052415836295,158.48845335523947,0.0,11.782070803123425,0,496,137.06919312959596,35.34621240937027,16,middle,48358.898657874,4,0.8801494487532391,0.8801494487532391,3.3604,1447.2994553460846,1311.8056411101657,35.34621240937027,8.5,30,1.0,170.27052415836295,158.48845335523947,1485.1580681133894,1380.0030861955122,0.0,1273.299455346085,1173.1518535195355,8.722343902178238,8.707278397766576,76-200,76-200,105.1549819178772,7.080389904318843,135.493814235919,11.782070803123474,6.919618566608372,0.0,0.0,0.9308038143339166,True,3.4320011976514877,True,False,True,0.7671671476059206,True
KLNC0144,Kalyanpur,Residential,Res-B,795.3408386808318,0.36706814934925475,1.3976334402903554,22.349764146961334,0.3203391432881398,LT-A,140.56622729059168,140.56622729059168,0.0,0.0,0,0,0.0,0.0,0,middle,53739.197090974514,4,0.828921773259824,0.828921773259824,2.6454999999999997,1194.8129319700295,1194.8129319700295,0.0,8.5,30,1.0,140.56622729059168,140.56622729059168,1188.5201285685307,1188.5201285685307,0.0,1020.8129319700294,1020.8129319700294,8.4552324657011,8.4552324657011,76-200,76-200,0.0,0.0,0.0,0.0,0.0,0.0,0.0,1.0,True,0.0,False,False,False,,False
KLNC0145,Kalyanpur,Residential,Res-A,795.3408386808318,0.8064043623364845,2.830842252351717,18.642707821374337,0.42219395607614546,LT-A,408.35776168071163,375.5582515913597,0.0,32.79951008935195,0,260,611.4716832800079,98.39853026805585,16,upper-middle,180137.85600779857,6,1.827733103722328,1.827733103722328,4.689699999999999,6129.4500028274815,5538.730826118253,98.39853026805585,15.01,30,1.0,408.35776168071163,375.5582515913597,3906.4382729688555,3527.829669324324,0.0,3523.4500028274815,3162.87038030888,9.56621531299125,9.393561862576014,401-600,301-400,378.6086036445313,9.691913123634034,590.7191767092281,32.79951008935194,8.032052569383351,0.0,0.0,0.9196794743061665,True,-134.46454936742077,False,True,False,0.6191760207335015,True
KLNC0146,Kalyanpur,Residential,Res-A,795.3408386808318,0.5974331617981142,1.8875646101173018,14.05015765959162,0.35995068237152433,LT-A,414.2984062809361,381.03435220095173,0.0,33.26405407998446,0,397,467.36520422096356,99.79216223995338,16,upper-middle,168147.66477042582,5,2.12297060852964,2.116445043534386,5.2392,6218.619078276853,5619.533464296331,99.79216223995338,15.01,30,1.0,414.2984062809361,381.03435220095173,4024.2987521906934,3607.376711581813,0.0,3612.619078276851,3215.5504681731554,9.713526992092296,9.467326740344234,401-600,301-400,416.92204060888025,10.360116539109375,599.0856139805219,33.26405407998436,8.02900845759662,0.0065255649952540296,0.3073789608313799,0.9197099154240336,True,49.34899862787012,True,True,True,0.8920690647131819,True
KLNC0147,Kalyanpur,Residential,Res-C,795.3408386808318,0.22737062934197147,2.886022480498936,28.817244280420656,0.3267959958456918,LT-A,73.91165968650803,73.91165968650803,0.0,0.0,0,0,0.0,0.0,0,lower-middle,17555.401788121202,3,0.8635792689610793,0.8635792689610793,1.9357,456.77405686261955,456.77405686261955,0.0,6.18,30,1.0,73.91165968650803,73.91165968650803,564.9771297057506,564.9771297057506,0.0,456.7740568626196,456.7740568626196,7.643951334634724,7.643951334634724,1-75,1-75,0.0,0.0,0.0,0.0,0.0,0.0,0.0,1.0,True,0.0,False,False,False,,False
KLNC0148,Kalyanpur,Residential,Res-B,795.3408386808318,0.29911872873906786,1.3167242275104125,19.537866384381196,0.44726605797657165,LT-A,277.2706526994575,277.2706526994575,0.0,0.0,0,0,0.0,0.0,0,middle,54460.37272882002,5,1.3385164101949767,1.3385164101949767,2.6954000000000002,2523.1629395650634,2523.1629395650634,0.0,9.1,30,1.0,277.2706526994575,277.2706526994575,2459.4882265433166,2459.4882265433166,0.0,2229.1629395650634,2229.1629395650634,8.870351775776408,8.870351775776408,201-300,201-300,0.0,0.0,0.0,0.0,0.0,0.0,0.0,1.0,True,0.0,False,False,False,,False
KLNC0149,Kalyanpur,Residential,Res-B,795.3408386808318,0.20539644166184615,1.2171188183358135,25.346097929476,0.31992944121867006,LT-A,263.5080008173748,263.5080008173748,0.0,0.0,0,0,0.0,0.0,0,middle,38790.3327822327,4,1.6993479989634905,1.6993479989634905,2.8703,2397.922807438111,2397.922807438111,0.0,9.1,30,1.0,263.5080008173748,263.5080008173748,2335.6991778100164,2335.6991778100164,0.0,2103.922807438111,2103.922807438111,8.863864362998152,8.863864362998152,201-300,201-300,0.0,0.0,0.0,0.0,0.0,0.0,0.0,1.0,True,0.0,False,False,False,,False
KLNC0150,Kalyanpur,Residential,Res-B,795.3408386808318,0.2849171076212952,1.112163276752448,12.405400977940515,0.4822702410402486,LT-A,133.4495586734026,122.75358705264445,0.0,10.69597162075815,0,286,132.68781680417715,32.08791486227445,16,middle,58702.144189959334,5,1.0863432200232415,1.080388245080656,1.2603,1134.321248723922,1011.3175750852034,32.08791486227445,8.5,30,1.0,133.4495586734026,122.75358705264445,1063.9165411601182,968.4549944448516,0.0,960.3212487239222,869.4054899474778,7.972424575519888,7.889423174489535,76-200,76-200,95.46154671526654,8.972653683076791,123.00367363871862,10.695971620758158,8.014992126676802,0.005954974942585567,0.5481669911336277,0.919850078733232,True,-5.1383552266361505,False,False,False,0.7194447012128495,True
KLNC0151,Kalyanpur,Residential,Res-C,795.3408386808318,0.1910797413923404,2.323539762488519,32.247527661653585,0.35597888757772345,LT-A,57.08882009720424,57.08882009720424,0.0,0.0,0,0,0.0,0.0,0,lower-middle,13547.18850035293,3,0.5918776091131395,0.5918776091131395,1.2307000000000001,352.80890820072204,352.80890820072204,0.0,6.18,30,1.0,57.08882009720424,57.08882009720424,424.72322361075834,424.72322361075834,0.0,352.8089082007222,352.8089082007222,7.439691745031492,7.439691745031492,1-75,1-75,0.0,0.0,0.0,0.0,0.0,0.0,0.0,1.0,True,0.0,False,False,False,,False
KLNC0152,Kalyanpur,Residential,Res-B,795.3408386808318,0.29644792723380115,1.886757504438119,19.492281963467327,0.4139858063231567,LT-A,162.1242959962872,162.1242959962872,0.0,0.0,0,0,0.0,0.0,0,middle,29055.131384991077,5,1.0681071537270677,1.0681071537270677,2.7351,1378.0565159684415,1378.0565159684415,0.0,8.5,30,1.0,162.1242959962872,162.1242959962872,1384.877251766863,1384.877251766863,0.0,1204.056515968441,1204.056515968441,8.54207102801284,8.54207102801284,76-200,76-200,0.0,0.0,0.0,0.0,0.0,0.0,0.0,1.0,True,0.0,False,False,False,,False
KLNC0153,Kalyanpur,Residential,Res-B,795.3408386808318,0.3517770993090745,1.4912064612038993,25.26149459113446,0.41177316016959625,LT-A,159.52422617369936,159.52422617369936,0.0,0.0,0,0,0.0,0.0,0,middle,53355.52904317243,5,0.9424101435175992,0.9424101435175992,1.8155000000000001,1355.955922476445,1355.955922476445,0.0,8.5,30,1.0,159.52422617369936,159.52422617369936,1321.1172686002667,1321.1172686002667,0.0,1181.9559224764446,1181.9559224764446,8.281609008789403,8.281609008789403,76-200,76-200,0.0,0.0,0.0,0.0,0.0,0.0,0.0,1.0,True,0.0,False,False,False,,False
KLNC0154,Kalyanpur,Residential,Res-A,795.3408386808318,0.6976100946356989,2.576721961545935,16.742775020424748,0.24932286566973139,LT-A,333.91074594026463,310.1001604564394,0.0,23.810585483825143,0,496,398.6552758602757,71.43175645147544,16,upper-middle,73836.42327725161,4,1.8741067842751218,1.842578302363321,4.3909,3212.221375945345,2911.7317871394716,71.43175645147544,9.62,30,1.0,333.91074594026463,310.1001604564394,3093.9711347426132,2853.460410770495,0.0,2762.2213759453457,2533.1635435909475,9.265862726370935,9.201737937092515,301-400,301-400,240.51072397211829,7.773528371722392,300.48958880587315,23.810585483825207,7.130823363224384,0.03152848191180069,1.6823204620112115,0.9286917663677563,True,-86.71279543668197,False,True,False,0.6033050069464392,True
KLNC0155,Kalyanpur,Residential,Res-A,795.3408386808318,0.6051258246986138,1.8475742136225195,21.79660127663725,0.3947900373833879,LT-A,567.4277307324703,521.8501213000098,0.0,45.57760943246034,0,299,993.4369799416393,136.73282829738102,16,upper-middle,191666.9202727416,5,2.6856424399862995,2.6856424399862995,4.564999999999999,8517.090238294377,7696.237492415766,136.73282829738102,15.01,30,1.0,567.4277307324703,521.8501213000098,6407.961250209097,5689.635336748805,0.0,5911.090238294379,5226.970320713148,11.292999800939072,10.902815012431228,401-600,401-600,718.3259134602922,11.209897897507615,820.8527458786111,45.57760943246046,8.032319705916754,0.0,0.0,0.9196768029408326,True,-138.378238183966,False,True,False,0.7230714458631198,True
KLNC0156,Kalyanpur,Residential,Res-B,795.3408386808318,0.277097131120111,1.275423912411577,21.636020320192827,0.41119364624894106,LT-A,468.1057847159279,468.1057847159279,0.0,0.0,0,0,0.0,0.0,0,middle,58288.240772598554,5,2.5004991390302735,2.5004991390302735,3.5650000000000004,7026.2678285860775,7026.2678285860775,0.0,15.01,30,1.0,468.1057847159279,468.1057847159279,4798.497720015382,4798.497720015382,0.0,4420.2678285860775,4420.2678285860775,10.250883190703084,10.250883190703084,401-600,401-600,0.0,0.0,0.0,0.0,0.0,0.0,0.0,1.0,True,0.0,False,False,False,,False
KLNC0157,Kalyanpur,Residential,Res-A,795.3408386808318,0.4151388492268242,1.7306829567158564,21.171383655747523,0.36852149293076525,LT-A,174.7146737099286,160.9970940464587,0.0,13.71757966346985,0,480,290.42014188360014,41.15273899040955,16,upper-middle,162669.6762795134,6,0.8139321907149963,0.8139321907149963,3.5605999999999995,1485.074726534393,1327.3225604044896,41.15273899040955,8.5,30,1.0,174.7146737099286,160.9970940464587,1533.6509228611126,1411.221524364644,0.0,1311.074726534393,1194.475299394899,8.778031577401268,8.765509295201378,76-200,76-200,122.4293984964686,7.982872547559234,157.75216612990334,13.717579663469905,7.85141818496861,0.0,0.0,0.9214858181503143,True,-126.838004396722,False,False,False,0.4215595988019938,True
KLNC0158,Kalyanpur,Residential,Res-A,795.3408386808318,0.5997320409334194,1.766877820946097,17.421507897358715,0.42602528979541454,LT-A,264.5338066289344,243.30215374845326,0.0,21.231652880481175,0,283,369.8874083312816,63.69495864144352,16,upper-middle,122201.13426088405,5,1.3161894107613799,1.3161894107613799,3.0409,2407.2576403233033,2150.3546404694816,63.69495864144352,9.1,30,1.0,264.5338066289344,243.30215374845326,2353.0242123394682,2150.155769066471,0.0,2113.2576403233033,1920.0495991109246,8.894984888037735,8.837388966517276,201-300,201-300,202.8684432729974,8.621604580570708,256.9029998538217,21.231652880481164,8.026064097834999,0.0,0.0,0.9197393590216499,True,-103.32400641684069,False,True,False,0.5484599872924106,True
KLNC0159,Kalyanpur,Residential,Res-C,795.3408386808318,0.20863895915072517,3.4512735023909062,27.5340549800126,0.3414883305343689,LT-A,54.512672584988614,54.512672584988614,0.0,0.0,0,0,0.0,0.0,0,lower-middle,16999.2049298877,4,0.8167199724463886,0.8167199724463886,0.8795000000000001,336.88831657522957,336.88831657522957,0.0,6.18,30,1.0,54.512672584988614,54.512672584988614,392.51868240399114,392.51868240399114,0.0,336.8883165752296,336.8883165752296,7.200503365378579,7.200503365378579,1-75,1-75,0.0,0.0,0.0,0.0,0.0,0.0,0.0,1.0,True,0.0,False,False,False,,False
KLNC0160,Kalyanpur,Residential,Res-B,795.3408386808318,0.41518393424407113,1.3516767620663177,18.236168916422546,0.3801032994314971,LT-A,110.64614992195968,104.90438679442468,0.0,5.741763127534988,0,432,104.70776227181463,17.225289382604963,16,middle,59862.01792625753,4,0.9421720934956012,0.9411351073417711,3.3703,940.4922743366574,874.4619983700052,17.225289382604963,8.5,30,1.0,110.64614992195968,104.90438679442468,953.4471180534902,902.2018821402403,0.0,766.4922743366573,717.6872877526098,8.61708354719952,8.600230264042583,76-200,76-200,51.24523591324987,5.374732897391265,66.0302759666522,5.741763127534995,5.189302232011455,0.0010369861538300773,0.11006334840407994,0.9481069776798855,True,-36.2372369759598,False,False,False,0.4894120053890611,True
KLNC0161,Kalyanpur,Residential,Res-B,795.3408386808318,0.2581010351228221,1.2309482570940573,19.961653618551082,0.3590266355321981,LT-A,170.92578163064,170.92578163064,0.0,0.0,0,0,0.0,0.0,0,middle,38358.118727941175,5,1.0136684190937575,1.0136684190937575,1.99,1452.8691438604396,1452.8691438604396,0.0,8.5,30,1.0,170.92578163064,170.92578163064,1430.5716010534618,1430.5716010534618,0.0,1278.8691438604399,1278.8691438604399,8.36954839349419,8.36954839349419,76-200,76-200,0.0,0.0,0.0,0.0,0.0,0.0,0.0,1.0,True,0.0,False,False,False,,False
KLNC0162,Kalyanpur,Residential,Res-B,795.3408386808318,0.4225394947548845,1.3764716878609224,24.087848180946025,0.37819679651479665,LT-A,206.02856642617473,206.02856642617473,0.0,0.0,0,0,0.0,0.0,0,middle,26224.498035315653,4,1.5132705891733014,1.5132705891733014,4.1953,1874.8599544781896,1874.8599544781896,0.0,9.1,30,1.0,206.02856642617473,206.02856642617473,1844.9156822020996,1844.9156822020996,0.0,1580.85995447819,1580.85995447819,8.95465960960894,8.95465960960894,201-300,201-300,0.0,0.0,0.0,0.0,0.0,0.0,0.0,1.0,True,0.0,False,False,False,,False
KLNC0163,Kalyanpur,Residential,Res-B,795.3408386808318,0.33653845490910966,1.2394124982085146,19.36345252448588,0.4239238549889946,LT-A,145.393515631273,145.393515631273,0.0,0.0,0,0,0.0,0.0,0,middle,52320.561746518506,5,0.7458479152508677,0.7458479152508677,1.1455000000000002,1235.8448828658204,1235.8448828658204,0.0,8.5,30,1.0,145.393515631273,145.393515631273,1165.4536770091117,1165.4536770091117,0.0,1061.8448828658206,1061.8448828658206,8.015857323133824,8.015857323133824,76-200,76-200,0.0,0.0,0.0,0.0,0.0,0.0,0.0,1.0,True,0.0,False,False,False,,False
KLNC0164,Kalyanpur,Residential,Res-C,795.3408386808318,0.22784373264583646,2.9821609132131677,22.108789694387305,0.24988550313116437,LT-A,91.33146486073369,91.33146486073369,0.0,0.0,0,0,0.0,0.0,0,lower-middle,11846.152073229985,5,1.0482873630904592,1.0482873630904592,2.4047,776.3174513162364,776.3174513162364,0.0,8.5,30,1.0,91.33146486073369,91.33146486073369,738.4805938820482,738.4805938820482,0.0,602.3174513162364,602.3174513162364,8.085719363070728,8.085719363070728,76-200,76-200,0.0,0.0,0.0,0.0,0.0,0.0,0.0,1.0,True,0.0,False,False,False,,False
KLNC0165,Kalyanpur,Residential,Res-B,795.3408386808318,0.4213088672460109,0.9994002977178543,18.167349236919744,0.38997527425933215,LT-A,165.37800393988417,152.12587776087696,0.0,13.252126179007258,0,454,240.75600442575166,39.756378537021774,16,middle,32198.59898251455,4,0.7301923912242115,0.7232465058957674,2.3204000000000002,1405.713033489015,1253.3135824304318,39.756378537021774,8.5,30,1.0,165.37800393988417,152.12587776087696,1395.628325163466,1277.3530990158267,0.0,1231.7130334890153,1119.069960967454,8.439020256108453,8.396685151908656,76-200,76-200,118.27522614763916,8.474693728631935,152.39945105858328,13.252126179007206,8.013233842043727,0.00694588532844409,0.9512404418236808,0.9198676615795625,True,-82.72439974109074,False,False,False,0.49126594549426844,True
KLNC0166,Kalyanpur,Residential,Res-C,795.3408386808318,0.20161282326438035,2.499000617857179,33.538367442805914,0.2718511879482031,LT-A,89.25701084704615,89.25701084704615,0.0,0.0,0,0,0.0,0.0,0,lower-middle,10754.74117510643,4,0.6521463883855988,0.6521463883855988,0.7505,758.6845921998923,758.6845921998923,0.0,8.5,30,1.0,89.25701084704615,89.25701084704615,647.0158718098868,647.0158718098868,0.0,584.6845921998922,584.6845921998922,7.248908132478638,7.248908132478638,76-200,76-200,0.0,0.0,0.0,0.0,0.0,0.0,0.0,1.0,True,0.0,False,False,False,,False
KLNC0167,Kalyanpur,Residential,Res-A,795.3408386808318,0.6580483890721067,1.8149948398952922,20.470650616321276,0.43710939500077123,LT-A,550.3155967666349,506.1079022960206,0.0,44.207694470614314,0,327,904.9602680610237,132.62308341184294,16,upper-middle,159117.4827318039,4,3.1699708769811616,3.1699708769811616,5.029599999999999,8260.23710746719,7464.056530051427,132.62308341184294,15.01,30,1.0,550.3155967666349,506.1079022960206,6158.754322840549,5462.0189541364325,0.0,5654.23710746719,4990.67961346327,11.191313419111054,10.792202471760099,401-600,401-600,696.7353687041168,11.312926805996826,796.1805774157629,44.20769447061434,8.03315310893522,0.0,0.0,0.9196684689106478,True,-75.601815945064,False,True,False,0.7699071365828563,True
KLNC0168,Kalyanpur,Residential,Res-A,795.3408386808318,0.5498842611247108,1.70382122695931,25.87292997968994,0.4659582462396695,LT-A,190.0130321283047,174.78732607755268,0.0,15.225706050751983,0,330,393.9336265424474,45.67711815225595,16,upper-middle,105074.84643195555,4,1.0893179040743552,1.0836267121337986,2.455,1615.1107730905899,1440.015153506942,45.67711815225595,8.5,30,1.0,190.0130321283047,174.78732607755268,1621.4318117451196,1485.5423852421575,0.0,1441.11077309059,1311.6922716591978,8.53326634275412,8.499142464042423,76-200,76-200,135.88942650296212,8.380828938881287,175.09561958364793,15.225706050752024,8.012979888911511,0.0056911919405566724,0.5224546405847195,0.9198702011108851,True,-212.36708188722935,False,False,False,0.3449551329132845,True
KLNC0169,Kalyanpur,Residential,Res-C,795.3408386808318,0.22164686534472217,2.3614485620214283,31.71108821802674,0.24754983002235956,LT-A,144.9990504079944,144.9990504079944,0.0,0.0,0,0,0.0,0.0,0,lower-middle,22026.305060301005,4,0.8255574352096824,0.8255574352096824,1.9356000000000002,1232.4919284679524,1232.4919284679524,0.0,8.5,30,1.0,144.9990504079944,144.9990504079944,1196.7764848913498,1196.7764848913498,0.0,1058.4919284679522,1058.4919284679522,8.253684982928458,8.253684982928458,76-200,76-200,0.0,0.0,0.0,0.0,0.0,0.0,0.0,1.0,True,0.0,False,False,False,,False
KLNC0170,Kalyanpur,Residential,Res-C,795.3408386808318,0.26985769185900255,3.032898569855549,32.013790162628425,0.29502338480401563,LT-A,182.68775484444646,182.68775484444646,0.0,0.0,0,0,0.0,0.0,0,lower-middle,21685.57749840244,3,1.019353826053312,1.019353826053312,1.8997,1552.8459161777948,1552.8459161777948,0.0,8.5,30,1.0,182.68775484444646,182.68775484444646,1531.5649819866846,1531.5649819866846,0.0,1378.845916177795,1378.845916177795,8.383511983552317,8.383511983552317,76-200,76-200,0.0,0.0,0.0,0.0,0.0,0.0,0.0,1.0,True,0.0,False,False,False,,False
KLNC0171,Kalyanpur,Residential,Res-B,795.3408386808318,0.35187422154497333,1.411180374443599,21.333624866580152,0.3507600306800722,LT-A,99.08393173743946,99.08393173743946,0.0,0.0,0,0,0.0,0.0,0,middle,44648.59294112517,5,0.9924099615009322,0.9924099615009322,2.0401,842.2134197682357,842.2134197682357,0.0,8.5,30,1.0,99.08393173743946,99.08393173743946,791.5925007566472,791.5925007566472,0.0,668.2134197682353,668.2134197682353,7.989110715290067,7.989110715290067,76-200,76-200,0.0,0.0,0.0,0.0,0.0,0.0,0.0,1.0,True,0.0,False,False,False,,False
KLNC0172,Kalyanpur,Residential,Res-B,795.3408386808318,0.295075981539214,1.827204038463083,20.48047428826938,0.3498329015326834,LT-A,129.4289238020002,129.4289238020002,0.0,0.0,0,0,0.0,0.0,0,middle,49840.542054542166,4,0.965742470770985,0.965742470770985,2.7493999999999996,1100.145852317002,1100.145852317002,0.0,8.5,30,1.0,129.4289238020002,129.4289238020002,1093.7016849328518,1093.7016849328518,0.0,926.1458523170018,926.1458523170018,8.45021076282757,8.45021076282757,76-200,76-200,0.0,0.0,0.0,0.0,0.0,0.0,0.0,1.0,True,0.0,False,False,False,,False
KLNC0173,Kalyanpur,Residential,Res-B,795.3408386808318,0.3545741925457492,1.2685375032558732,17.421236517325582,0.4424082313349844,LT-A,156.6746276605171,147.82254739930866,0.0,8.85208026120845,0,480,154.2141839008616,26.556240783625345,16,middle,27917.059221207674,5,0.8547186379288575,0.8522009154494192,2.4804,1331.734335114396,1229.9354121104986,26.556240783625345,8.5,30,1.0,156.6746276605171,147.82254739930866,1325.0066918701152,1246.0018755388296,0.0,1157.7343351143954,1082.4916528941235,8.457059778314216,8.429038042302448,76-200,76-200,79.00481633128561,5.962597533736088,101.79892300389724,8.852080261208442,5.649976893763008,0.002517722479438267,0.29456740121394537,0.9435002310623699,True,-48.65312678595065,False,False,False,0.5123057706681169,True
KLNC0174,Kalyanpur,Residential,Res-A,795.3408386808318,0.5684015373178706,2.078771746790952,22.26526674776932,0.3698020333941224,LT-A,817.2709315666397,751.5879346889468,0.0,65.68299687769272,0,366,1462.4494462747275,197.04899063307812,16,upper-middle,77666.51429083326,6,3.9010122594373215,3.9010122594373215,6.175199999999999,14179.650662681202,12843.001676220158,197.04899063307812,17.35,30,1.0,817.2709315666397,751.5879346889468,10950.459515815259,9753.879520195887,0.0,10169.650662681199,9030.050666853227,13.398811939663814,12.977695715981179,601-above,601-above,1196.5799956193714,10.927212633325611,1336.6489864610448,65.68299687769286,8.036869334356977,0.0,0.0,0.9196313066564304,True,-68.82046002227798,False,True,False,0.8182026385030944,True
KLNC0175,Kalyanpur,Residential,Res-A,795.3408386808318,0.853688122697718,2.2144605176644054,18.922848865971115,0.41223720489799404,LT-A,642.3392289530084,590.7359830871173,0.0,51.603245865891004,0,266,976.4804225138041,154.809737597673,16,upper-middle,91462.94834356205,5,3.1763741182833196,3.124027010661658,6.2008,11144.585622334695,10094.459568963814,154.809737597673,17.35,30,1.0,642.3392289530084,590.7359830871173,7764.770183451431,6847.449741444513,0.0,7134.5856223346955,6260.947106137632,12.08827023706422,11.591387586821002,601-above,401-600,917.3204420069178,11.81387755637566,1050.126053370881,51.60324586589104,8.033643834894315,0.052347107621661504,1.6480145496826,0.9196635616510569,True,95.6497570907868,True,True,True,0.939415087959892,True
KLNC0176,Kalyanpur,Residential,Res-B,795.3408386808318,0.36248131720143356,1.9203416483226463,18.69247706256143,0.417924702338583,LT-A,136.79105869569145,125.82971308389568,0.0,10.961345611795782,0,527,204.8947014233011,32.88403683538735,16,middle,47854.62691345958,5,0.9399383865620875,0.9354906691940574,2.6454999999999997,1162.7239989133775,1036.668524377726,32.88403683538735,8.5,30,1.0,136.79105869569145,125.82971308389568,1154.826748859046,1056.996739273769,0.0,988.7239989133773,895.5525612131133,8.442267790529352,8.40021576278273,76-200,76-200,97.83000958527691,8.471401418605147,126.05547453565146,10.961345611795764,8.013203287051551,0.0044477173680300686,0.4731924381020346,0.9198679671294844,True,-74.18065500263683,False,False,False,0.47746480951288994,True
KLNC0177,Kalyanpur,Residential,Res-C,795.3408386808318,0.1688397852673161,3.066796757675554,28.614286940738346,0.3480122677126475,LT-A,101.60169415745172,101.60169415745172,0.0,0.0,0,0,0.0,0.0,0,lower-middle,22354.20808061966,3,0.26712957912727187,0.26712957912727187,0.39060000000000006,863.6144003383395,863.6144003383395,0.0,8.5,30,1.0,101.60169415745172,101.60169415745172,746.1451203552566,746.1451203552566,0.0,689.6144003383396,689.6144003383396,7.343825578330994,7.343825578330994,76-200,76-200,0.0,0.0,0.0,0.0,0.0,0.0,0.0,1.0,True,0.0,False,False,False,,False
KLNC0178,Kalyanpur,Residential,Res-B,795.3408386808318,0.3166392729119325,1.7294981386322863,18.966784724970893,0.3714389527292738,LT-A,138.13731046617204,138.13731046617204,0.0,0.0,0,0,0.0,0.0,0,middle,44664.357882575176,4,0.7559257244020807,0.7559257244020807,2.6302,1174.1671389624623,1174.1671389624623,0.0,8.5,30,1.0,138.13731046617204,138.13731046617204,1166.1673159105853,1166.1673159105853,0.0,1000.1671389624623,1000.1671389624623,8.44208789048462,8.44208789048462,76-200,76-200,0.0,0.0,0.0,0.0,0.0,0.0,0.0,1.0,True,0.0,False,False,False,,False
KLNC0179,Kalyanpur,Residential,Res-C,795.3408386808318,0.1316661588185951,3.155852190107192,29.74437733255001,0.29387242480383835,LT-A,84.88162886104095,84.88162886104095,0.0,0.0,0,0,0.0,0.0,0,lower-middle,11711.1429890445,3,0.605521624567625,0.605521624567625,1.9096,721.4938453188481,721.4938453188481,0.0,8.5,30,1.0,84.88162886104095,84.88162886104095,659.0818975847906,659.0818975847906,0.0,547.4938453188481,547.4938453188481,7.764717836220702,7.764717836220702,76-200,76-200,0.0,0.0,0.0,0.0,0.0,0.0,0.0,1.0,True,0.0,False,False,False,,False
KLNC0180,Kalyanpur,Residential,Res-A,795.3408386808318,0.6071581692845742,2.3673791153070187,22.605797199437912,0.40148080750319515,LT-A,529.2020928158654,486.71450867859784,0.0,42.487584137267646,0,350,960.4657105011274,127.46275241180288,16,upper-middle,76280.75820895495,4,2.3660227419131363,2.3660227419131363,5.391100000000001,7943.323413166139,7178.1220228539505,127.46275241180288,15.01,30,1.0,529.2020928158654,486.71450867859784,5841.9370938244465,5172.311524029041,0.0,5337.323413166139,4699.584775265754,11.03914208415108,10.626992686270174,401-600,401-600,669.6255697954057,11.462389256181337,765.2013903121888,42.48758413726756,8.028612266288034,0.0,0.0,0.9197138773371195,True,-163.3773882939189,False,True,False,0.6971884185704302,True
KLNC0181,Kalyanpur,Residential,Res-A,795.3408386808318,0.5324673472650755,2.7948791113924796,14.026206534686475,0.42089946849895615,LT-A,411.35997638290104,378.33604719690805,0.0,33.02392918599298,0,403,463.2004513495983,99.07178755797895,16,upper-middle,85340.30195387031,5,2.1599441516055777,2.1056196929071334,4.625099999999999,6174.5132455073435,5579.752280867609,99.07178755797895,15.01,30,1.0,411.35997638290104,378.33604719690805,3950.9058177827114,3553.039322735968,0.0,3568.5132455073444,3189.5927740342554,9.604497385776636,9.391225998845307,401-600,301-400,397.86649504674324,10.070260173147583,594.7609646397341,33.02392918599298,8.027987913742423,0.05432445869844438,2.515086265451017,0.9197201208625758,True,33.737831255123865,True,True,True,0.858951008980031,True
KLNC0182,Kalyanpur,Residential,Res-A,795.3408386808318,0.7196187458474552,1.9076053251608416,19.06815648947483,0.43718825722465293,LT-A,207.9845091127997,191.29252363088736,0.0,16.691985481912383,0,309,318.28539128914724,50.07595644573714,16,upper-middle,176291.10724015237,6,0.9802048831222069,0.9539380921498928,3.3801,1892.659032926478,1690.6860085953385,50.07595644573714,9.1,30,1.0,207.9845091127997,191.29252363088736,1827.6543945728015,1673.64818340567,0.0,1598.6590329264775,1451.9864508625426,8.787454423259856,8.749156274581301,201-300,76-200,154.0062111671316,8.426440558152091,201.9730243311394,16.691985481912354,8.025590729384326,0.026266790972314102,2.6797245580584703,0.9197440927061566,True,-114.2032236762785,False,True,False,0.48386201623443104,True
KLNC0183,Kalyanpur,Residential,Res-C,795.3408386808318,0.23756908887641828,2.153444457798093,26.762807630608133,0.3467683289260958,LT-A,233.53572799559632,233.53572799559632,0.0,0.0,0,0,0.0,0.0,0,lower-middle,24148.127551852136,5,0.7370179218076488,0.7370179218076488,1.3245000000000002,2125.1751247599273,2125.1751247599273,0.0,9.1,30,1.0,233.53572799559632,233.53572799559632,1981.1443309979227,1981.1443309979227,0.0,1831.1751247599263,1831.1751247599263,8.483260133264407,8.483260133264407,201-300,201-300,0.0,0.0,0.0,0.0,0.0,0.0,0.0,1.0,True,0.0,False,False,False,,False
KLNC0184,Kalyanpur,Residential,Res-A,795.3408386808318,0.5905775018426409,1.753178479432378,22.22205847903046,0.428530899488239,LT-A,343.37194577322055,315.81650657915327,0.0,27.555439194067265,0,331,612.3385811859307,82.66631758220178,16,upper-middle,177335.74156672682,4,1.6604919247587728,1.6604919247587728,4.3361,3303.2381183383804,2955.488475709252,82.66631758220178,9.62,30,1.0,343.37194577322055,315.81650657915327,3187.1220342553006,2908.784542956027,0.0,2853.238118338382,2588.1547932914546,9.28183584444674,9.210362607272387,301-400,301-400,278.33749129927355,8.733192149773128,347.74964262912863,27.555439194067276,8.024953562241867,0.0,0.0,0.9197504643775813,True,-251.33477230445538,False,False,False,0.4545483493138889,True
KLNC0185,Kalyanpur,Residential,Res-B,795.3408386808318,0.2496895288497994,1.2505924552389824,20.677352524575834,0.34315857555114415,LT-A,230.74871768358497,230.74871768358497,0.0,0.0,0,0,0.0,0.0,0,middle,37831.39921152711,4,1.145803232389914,1.145803232389914,4.1854,2099.8133309206232,2099.8133309206232,0.0,9.1,30,1.0,230.74871768358497,230.74871768358497,2080.6801374666543,2080.6801374666543,0.0,1805.8133309206232,1805.8133309206232,9.01708212445971,9.01708212445971,201-300,201-300,0.0,0.0,0.0,0.0,0.0,0.0,0.0,1.0,True,0.0,False,False,False,,False
KLNC0186,Kalyanpur,Residential,Res-C,795.3408386808318,0.22606670836853315,3.9496940167687944,23.788929817354674,0.2576147243114066,LT-A,123.62714317689979,123.62714317689979,0.0,0.0,0,0,0.0,0.0,0,lower-middle,18250.17867570092,5,1.0132872349674096,1.0132872349674096,1.0455,1050.830717003648,1050.830717003648,0.0,8.5,30,1.0,123.62714317689979,123.62714317689979,966.7788028538307,966.7788028538307,0.0,876.8307170036483,876.8307170036483,7.820117637681342,7.820117637681342,76-200,76-200,0.0,0.0,0.0,0.0,0.0,0.0,0.0,1.0,True,0.0,False,False,False,,False
KLNC0187,Kalyanpur,Residential,Res-C,795.3408386808318,0.1899178181863862,3.384880532208874,30.97198577296225,0.2510411461906082,LT-A,71.6588313799534,71.6588313799534,0.0,0.0,0,0,0.0,0.0,0,lower-middle,11733.174867356644,4,0.5664748644743902,0.5664748644743902,1.2307000000000001,442.851577928112,442.851577928112,0.0,6.18,30,1.0,71.6588313799534,71.6588313799534,519.2680268245175,519.2680268245175,0.0,442.85157792811196,442.85157792811196,7.246392619372007,7.246392619372007,1-75,1-75,0.0,0.0,0.0,0.0,0.0,0.0,0.0,1.0,True,0.0,False,False,False,,False
KLNC0188,Kalyanpur,Residential,Res-A,795.3408386808318,0.5336532230172036,1.9615351925068358,20.002762803257855,0.4210844039135849,LT-A,245.26101189061117,225.5786315078586,0.0,19.682380382752548,0,260,393.7019861996949,59.04714114825765,16,upper-middle,81790.01025247788,4,1.8018739831481057,1.7586297638037691,4.3698999999999995,2231.875208204562,1993.718405573256,59.04714114825765,9.1,30,1.0,245.26101189061117,225.5786315078586,2227.4815586147897,2039.416414057589,0.0,1937.8752082045617,1758.7655467215134,9.082085821321932,9.040822707475911,201-300,201-300,188.0651445572007,8.442949564716185,238.15680263130616,19.68238038275257,8.025075094907912,0.04324421934433653,2.3999580297387566,0.9197492490509209,True,-146.58970049423652,False,False,False,0.47768401265268107,True
KLNC0189,Kalyanpur,Residential,Res-C,795.3408386808318,0.12802226034288533,3.412481526956635,27.856627287806667,0.24848109181523756,LT-A,88.27329098937403,88.27329098937403,0.0,0.0,0,0,0.0,0.0,0,lower-middle,15987.787939812632,3,0.827126814712164,0.827126814712164,1.9146,750.3229734096793,750.3229734096793,0.0,8.5,30,1.0,88.27329098937403,88.27329098937403,689.5729820801632,689.5729820801632,0.0,576.3229734096793,576.3229734096793,7.811796460190559,7.811796460190559,76-200,76-200,0.0,0.0,0.0,0.0,0.0,0.0,0.0,1.0,True,0.0,False,False,False,,False
KLNC0190,Kalyanpur,Residential,Res-A,795.3408386808318,0.572105531467074,1.905811070968124,20.84186838143294,0.381375330713161,LT-A,508.1890243384362,467.4021963948703,0.0,40.78682794356585,0,278,850.0736996959504,122.36048383069753,16,upper-middle,146048.20152030978,4,2.8568675400058887,2.8568675400058887,5.385700000000001,7627.917255319925,6893.346484056306,122.36048383069753,15.01,30,1.0,508.1890243384362,467.4021963948703,5510.522488085924,4867.701686281353,0.0,5021.917255319927,4409.706967887003,10.843450417410251,10.414374865643605,401-600,401-600,642.8208018045707,11.665333064049504,734.5707712636195,40.78682794356587,8.025916733770948,0.0,0.0,0.9197408326622906,True,-84.8924140606822,False,True,False,0.7561942006140071,True
KLNC0191,Kalyanpur,Residential,Res-B,795.3408386808318,0.23309120820054208,1.6502328341089372,19.46598812608788,0.4040871111593173,LT-A,165.95021071848316,165.95021071848316,0.0,0.0,0,0,0.0,0.0,0,middle,28703.940434091623,4,1.6027745235783262,1.6027745235783262,2.945,1410.5767911071073,1410.5767911071073,0.0,8.5,30,1.0,165.95021071848316,165.95021071848316,1428.2801306624622,1428.2801306624622,0.0,1236.5767911071068,1236.5767911071068,8.606678620525448,8.606678620525448,76-200,76-200,0.0,0.0,0.0,0.0,0.0,0.0,0.0,1.0,True,0.0,False,False,False,,False
KLNC0192,Kalyanpur,Residential,Res-B,795.3408386808318,0.29569274091837844,1.5079350923093402,18.25250650938809,0.34779362442489486,LT-A,250.8319266950383,250.8319266950383,0.0,0.0,0,0,0.0,0.0,0,middle,43448.76487098224,5,1.4639899231403852,1.4639899231403852,3.7754000000000003,2282.570532924849,2282.570532924849,0.0,9.1,30,1.0,250.8319266950383,250.8319266950383,2254.494199571091,2254.494199571091,0.0,1988.5705329248485,1988.5705329248485,8.988067146301145,8.988067146301145,201-300,201-300,0.0,0.0,0.0,0.0,0.0,0.0,0.0,1.0,True,0.0,False,False,False,,False
KLNC0193,Kalyanpur,Residential,Res-C,795.3408386808318,0.1689220680426724,3.823996897860437,26.772653676565973,0.22138442371303385,LT-A,57.58392751263782,57.58392751263782,0.0,0.0,0,0,0.0,0.0,0,lower-middle,10008.933523196614,5,0.6192905294294364,0.6192905294294364,1.8803999999999998,355.8686720281016,355.8686720281016,0.0,6.18,30,1.0,57.58392751263782,57.58392751263782,456.58774562950686,456.58774562950686,0.0,355.86867202810174,355.86867202810174,7.929083085367884,7.929083085367884,1-75,1-75,0.0,0.0,0.0,0.0,0.0,0.0,0.0,1.0,True,0.0,False,False,False,,False
KLNC0194,Kalyanpur,Residential,Res-B,795.3408386808318,0.3013804452921745,1.547435604110036,22.04864813161683,0.33530421066171834,LT-A,147.5259144782692,147.5259144782692,0.0,0.0,0,0,0.0,0.0,0,middle,49803.17521097182,4,1.57246501825503,1.57246501825503,3.3202000000000007,1253.970273065288,1253.970273065288,0.0,8.5,30,1.0,147.5259144782692,147.5259144782692,1280.3896067185524,1280.3896067185524,0.0,1079.970273065288,1079.970273065288,8.679082663182921,8.679082663182921,76-200,76-200,0.0,0.0,0.0,0.0,0.0,0.0,0.0,1.0,True,0.0,False,False,False,,False
KLNC0195,Kalyanpur,Residential,Res-B,795.3408386808318,0.3438737311933886,0.9620586042841752,18.64105650906136,0.41267465000571946,LT-A,177.4525156401119,169.50139695786794,0.0,7.951118682243959,0,239,148.21725266596314,23.85335604673188,9,middle,53316.79928829639,5,1.130991245155322,1.130991245155322,2.1955,1508.346382940951,1416.9085180951456,23.85335604673188,8.5,30,1.0,177.4525156401119,169.50139695786794,1497.8852520879987,1426.9215178489712,0.0,1334.3463829409511,1266.7618741418773,8.441048280914943,8.418346653530257,76-200,76-200,70.96373423902742,4.737594828449409,91.43786484580528,7.951118682243958,4.480702149283402,0.0,0.0,0.955192978507166,True,-53.40016238020385,False,False,False,0.47878187567649905,True
KLNC0196,Kalyanpur,Residential,Res-B,795.3408386808318,0.5205287195938789,1.7094261234261179,15.912398984252015,0.44943524555546976,LT-A,220.80886560213392,203.08006603777176,0.0,17.72879956436215,0,348,282.1077321799638,53.186398693086446,16,middle,27955.027986871937,4,1.0455167591691916,1.0455167591691916,3.0254000000000003,2009.360676979419,1794.8422022506365,53.186398693086446,9.1,30,1.0,220.80886560213392,203.08006603777176,1934.5488508283897,1765.1501709909091,0.0,1715.3606769794187,1554.028600943723,8.76119192747528,8.691892835324374,201-300,201-300,169.39867983748059,8.756495333004525,214.5184747287824,17.728799564362163,8.029025245891589,0.0,0.0,0.9197097475410841,True,-59.52265364939677,False,False,False,0.6004751395095289,True
KLNC0197,Kalyanpur,Residential,Res-A,795.3408386808318,0.5588334232276342,2.413485904614641,16.04504532850091,0.3443692127098381,LT-A,247.80190017616022,227.92177245582897,0.0,19.880127720331227,0,388,318.97755040910204,59.64038316099368,16,upper-middle,87281.39219726087,4,1.3695633336899735,1.3695633336899735,3.6509000000000005,2254.997291603058,2014.4477461870501,59.64038316099368,9.1,30,1.0,247.80190017616022,227.92177245582897,2220.0518461832107,2030.0972258154459,0.0,1960.9972916030579,1780.0881293480436,8.958978299218025,8.906991218703675,201-300,201-300,189.95462036776485,8.556314605640464,240.54954541600773,19.880127720331245,8.022588893062819,0.0,0.0,0.9197741110693719,True,-69.38254688034351,False,False,False,0.595510938384661,True
KLNC0198,Kalyanpur,Residential,Res-C,795.3408386808318,0.1986083888473691,2.300060290578588,30.543670880771,0.23109028615775534,LT-A,29.61236767658408,29.61236767658408,0.0,0.0,0,0,0.0,0.0,0,lower-middle,11415.925346605718,5,0.11118289088639638,0.11118289088639638,0.16060000000000002,157.53779603942732,157.53779603942732,0.0,5.32,30,1.0,29.61236767658408,29.61236767658408,187.46468584139865,187.46468584139865,0.0,157.5377960394273,157.5377960394273,6.330621309610308,6.330621309610308,lifeline 0-50,lifeline 0-50,0.0,0.0,0.0,0.0,0.0,0.0,0.0,1.0,True,0.0,False,False,False,,False
KLNC0199,Kalyanpur,Residential,Res-B,795.3408386808318,0.38765882138297797,1.3040461614035568,22.22923303758519,0.3515682992500393,LT-A,191.96585339432207,191.96585339432207,0.0,0.0,0,0,0.0,0.0,0,middle,37302.62500260303,5,0.9522478873816265,0.9522478873816265,2.9255,1631.7097538517378,1631.7097538517378,0.0,8.5,30,1.0,191.96585339432207,191.96585339432207,1659.6097915443245,1659.6097915443245,0.0,1457.7097538517376,1457.7097538517376,8.64533854432578,8.64533854432578,76-200,76-200,0.0,0.0,0.0,0.0,0.0,0.0,0.0,1.0,True,0.0,False,False,False,,False
KLNC0200,Kalyanpur,Residential,Res-B,795.3408386808318,0.2624041244538256,1.1294315318036399,21.384631843987613,0.3634699120153256,LT-A,164.15427843725308,164.15427843725308,0.0,0.0,0,0,0.0,0.0,0,middle,53255.838443407454,5,0.751260863167833,0.751260863167833,2.1752000000000002,1395.311366716651,1395.311366716651,0.0,8.5,30,1.0,164.15427843725308,164.15427843725308,1378.303255052484,1378.303255052484,0.0,1221.3113667166513,1221.3113667166513,8.39638947077052,8.39638947077052,76-200,76-200,0.0,0.0,0.0,0.0,0.0,0.0,0.0,1.0,True,0.0,False,False,False,,False
KLNC0201,Kalyanpur,Residential,Res-B,795.3408386808318,0.3994181535898989,1.3942739279651717,17.133104060786856,0.46641397129197737,LT-A,150.05807366268996,138.0338985322119,0.0,12.024175130478056,0,463,206.01144375560594,36.072525391434176,16,middle,55915.279934525206,5,0.6635466394749787,0.6635466394749787,3.4153,1275.493626132865,1137.215612132367,36.072525391434176,8.5,30,1.0,150.05807366268996,138.0338985322119,1307.183037439508,1199.8672743999914,0.0,1101.4936261328648,999.2881375238012,8.711180981690308,8.692555141590727,76-200,76-200,107.3157630395167,8.209696726919384,138.27801400049816,12.024175130478056,8.01301445299555,0.0,0.0,0.9198698554700445,True,-62.62315532465507,False,False,False,0.5209213676829856,True
KLNC0202,Kalyanpur,Residential,Res-C,795.3408386808318,0.23665063096644112,3.406441134724813,33.69858543501419,0.28783473805949267,LT-A,80.8431790782079,80.8431790782079,0.0,0.0,0,0,0.0,0.0,0,lower-middle,13668.714631670979,3,0.4720775634133549,0.4720775634133549,1.1796,687.1670221647672,687.1670221647672,0.0,8.5,30,1.0,80.8431790782079,80.8431790782079,590.8457332730054,590.8457332730054,0.0,513.1670221647671,513.1670221647671,7.3085415493299655,7.3085415493299655,76-200,76-200,0.0,0.0,0.0,0.0,0.0,0.0,0.0,1.0,True,0.0,False,False,False,,False
KLNC0203,Kalyanpur,Residential,Res-A,795.3408386808318,0.6185730472619146,1.359738564312634,20.11647488443911,0.40349940711199445,LT-A,616.5633648290708,567.016574271771,0.0,49.546790557299516,0,265,996.7067678504804,148.64037167189855,16,upper-middle,187094.18678541319,5,3.2456122519295847,3.2456122519295847,5.356199999999999,10697.374379784376,9689.097191943332,148.64037167189855,17.35,30,1.0,616.5633648290708,567.016574271771,7257.951518773597,6436.373138810247,0.0,6687.374379784378,5904.9187798192825,11.771623052540125,11.351296295133155,601-above,401-600,821.57837996335,11.319700577197782,1008.277187841044,49.5467905572998,8.0359608409487,0.0,0.0,0.9196403915905135,True,-26.488016215231937,False,True,False,0.8242929680664092,True
KLNC0204,Kalyanpur,Residential,Res-B,795.3408386808318,0.32314117605780507,1.5471168314397905,21.80958012146826,0.4518153348592133,LT-A,160.28747346764567,160.28747346764567,0.0,0.0,0,0,0.0,0.0,0,middle,54882.8610731222,4,0.6635893524804684,0.6635893524804684,0.95,1362.4435244749882,1362.4435244749882,0.0,8.5,30,1.0,160.28747346764567,160.28747346764567,1289.7607006987378,1289.7607006987378,0.0,1188.4435244749882,1188.4435244749882,8.046547074429235,8.046547074429235,76-200,76-200,0.0,0.0,0.0,0.0,0.0,0.0,0.0,1.0,True,0.0,False,False,False,,False
KLNC0205,Kalyanpur,Residential,Res-C,795.3408386808318,0.22992905843302397,4.296485439360794,34.45825681900061,0.33072343602859255,LT-A,86.45133420714836,86.45133420714836,0.0,0.0,0,0,0.0,0.0,0,lower-middle,18767.850357209067,4,0.7412240372044498,0.7412240372044498,1.8205,734.836340760761,734.836340760761,0.0,8.5,30,1.0,86.45133420714836,86.45133420714836,669.1622077987992,669.1622077987992,0.0,560.8363407607611,560.8363407607611,7.740334072755911,7.740334072755911,76-200,76-200,0.0,0.0,0.0,0.0,0.0,0.0,0.0,1.0,True,0.0,False,False,False,,False
KLNC0206,Kalyanpur,Residential,Res-C,795.3408386808318,0.20076639663583032,3.155371240230227,30.771058638502534,0.3662569528252074,LT-A,51.76104645358434,51.76104645358434,0.0,0.0,0,0,0.0,0.0,0,lower-middle,23597.238156606894,3,0.6070347956085209,0.6070347956085209,1.1393999999999997,319.8832670831512,319.8832670831512,0.0,6.18,30,1.0,51.76104645358434,51.76104645358434,386.1249704373088,386.1249704373088,0.0,319.8832670831512,319.8832670831512,7.459759740050048,7.459759740050048,1-75,1-75,0.0,0.0,0.0,0.0,0.0,0.0,0.0,1.0,True,0.0,False,False,False,,False
KLNC0207,Kalyanpur,Residential,Res-A,795.3408386808318,0.5564960066065645,2.2196305706259367,21.45852321100826,0.3912725448741114,LT-A,196.6817703768606,182.653398650055,0.0,14.028371726805561,0,480,301.0281403123092,42.085115180416686,16,upper-middle,159683.841459528,5,1.0242843098660122,1.0242843098660122,3.1549000000000005,1671.7950482033148,1510.4687733450505,42.085115180416686,8.5,30,1.0,196.6817703768606,182.653398650055,1711.8158906134809,1586.612672951741,0.0,1497.7950482033152,1378.5538885254675,8.703480181887127,8.686466743449579,76-200,76-200,125.20321766173993,7.314058617417646,161.32627485826424,14.028371726805602,7.132522602336726,0.0,0.0,0.928674773976633,True,-133.73980747015256,False,False,False,0.41591864977089754,True
KLNC0208,Kalyanpur,Residential,Res-B,795.3408386808318,0.3495470497852088,1.175867368761005,17.063550915448403,0.40328043966689536,LT-A,121.74724787649433,111.99130919278254,0.0,9.755938683711788,0,287,166.4709564575088,29.267816051135373,16,middle,48600.78557576735,4,0.977683324636462,0.977683324636462,2.04,1034.8516069502018,922.6583120875162,29.267816051135373,8.5,30,1.0,121.74724787649433,111.99130919278254,993.858187297712,906.7864345455843,0.0,860.8516069502018,777.9261281386516,8.163290789997362,8.096935745117833,76-200,76-200,87.07175275212774,8.760983595544426,112.19329486268566,9.75593868371179,8.013272459028098,0.0,0.0,0.919867275409719,True,-50.1313876542457,False,False,False,0.5230447076475622,True
KLNC0209,Kalyanpur,Residential,Res-B,795.3408386808318,0.417499970156177,1.6095618481196847,16.847178737225132,0.4315114118399248,LT-A,234.93937136663226,216.10501058926832,0.0,18.834360777363973,0,415,317.30584241763324,56.503082332091914,16,middle,49924.62344604319,5,1.3854686652497121,1.3854686652497121,2.2801000000000005,2137.948279436354,1910.0525140302502,56.503082332091914,9.1,30,1.0,234.93937136663226,216.10501058926832,2036.6981034081712,1856.735786180459,0.0,1843.9482794363535,1672.5555963623417,8.669037001166664,8.591822008742742,201-300,201-300,179.96231722771222,8.835983935300316,227.8957654061037,18.83436077736394,8.016689866753822,0.0,0.0,0.9198331013324617,True,-80.84044285782912,False,False,False,0.5671572759471869,True
KLNC0210,Kalyanpur,Residential,Res-C,795.3408386808318,0.18534015393336767,3.691234145293329,37.489898870237305,0.33923270798274596,LT-A,107.24230887646992,107.24230887646992,0.0,0.0,0,0,0.0,0.0,0,lower-middle,13407.540149417884,5,0.28121411115055106,0.28121411115055106,0.42569999999999997,911.5596254499943,911.5596254499943,0.0,8.5,30,1.0,107.24230887646992,107.24230887646992,796.487606722494,796.487606722494,0.0,737.5596254499943,737.5596254499943,7.426990476677919,7.426990476677919,76-200,76-200,0.0,0.0,0.0,0.0,0.0,0.0,0.0,1.0,True,0.0,False,False,False,,False
KLNC0211,Kalyanpur,Residential,Res-B,795.3408386808318,0.35539602866722175,1.4652742427626624,19.659708271109988,0.3540019335867717,LT-A,187.17004786215995,185.3490661809014,0.0,1.8209816812585544,0,64,35.799968620578575,5.4629450437756635,2,middle,38704.19140697059,4,0.7138687581093717,0.7138687581093717,2.4801,1590.9454068283594,1570.004117493886,5.4629450437756635,8.5,30,1.0,187.17004786215995,185.3490661809014,1597.1650871697773,1580.912825664545,0.0,1416.9454068283594,1401.4670625376618,8.533230104989865,8.52938111984642,76-200,76-200,16.252261505232354,1.0175692942319339,20.941289334473367,1.8209816812585586,0.9729022896866532,0.0,0.0,0.9902709771031335,True,-14.084762071570559,False,False,False,0.4539741829798759,True
KLNC0212,Kalyanpur,Residential,Res-B,795.3408386808318,0.3890633774564215,1.6052976570446438,16.264540522953954,0.36573897905288116,LT-A,124.94269922711035,115.4464914288657,0.0,9.496207798244637,0,560,154.4514565489413,28.488623394733914,16,middle,29236.14319616175,5,0.6299054304298738,0.6299054304298738,1.4005000000000003,1062.0129434304379,952.8065537506246,28.488623394733914,8.5,30,1.0,124.94269922711035,115.4464914288657,994.1756406019599,909.4219860026263,0.0,888.012943430438,807.2951771453584,7.957052686966774,7.87743286735554,76-200,76-200,84.75365459933357,8.525018229979601,109.20638967981324,9.496207798244654,7.6004503320223975,0.0,0.0,0.9239954966797762,True,-41.20917855487383,False,False,False,0.5487397561218694,True
KLNC0213,Kalyanpur,Residential,Res-C,795.3408386808318,0.2295364800872594,2.722005201934272,24.2086612261238,0.2690180904218961,LT-A,142.01205682809007,142.01205682809007,0.0,0.0,0,0,0.0,0.0,0,lower-middle,10868.095915459819,3,0.5433692856776633,0.5433692856776633,1.2055,1207.1024830387653,1207.1024830387653,0.0,8.5,30,1.0,142.01205682809007,142.01205682809007,1137.9201571907038,1137.9201571907038,0.0,1033.1024830387655,1033.1024830387655,8.012841885447733,8.012841885447733,76-200,76-200,0.0,0.0,0.0,0.0,0.0,0.0,0.0,1.0,True,0.0,False,False,False,,False
KLNC0214,Kalyanpur,Residential,Res-C,795.3408386808318,0.1446410638815915,3.0410693546614236,27.63088167018305,0.3689614385818419,LT-A,26.390934409700268,26.390934409700268,0.0,0.0,0,0,0.0,0.0,0,lower-middle,23797.83957968557,3,0.8625912668488518,0.8625912668488518,1.5093999999999999,140.3997710596054,140.3997710596054,0.0,5.32,30,1.0,26.390934409700268,26.390934409700268,213.98429961258572,213.98429961258572,0.0,140.39977105960543,140.39977105960543,8.10825021541994,8.10825021541994,lifeline 0-50,lifeline 0-50,0.0,0.0,0.0,0.0,0.0,0.0,0.0,1.0,True,0.0,False,False,False,,False
KLNC0215,Kalyanpur,Residential,Res-B,795.3408386808318,0.3085763117279441,1.5501717309911764,21.114523600713085,0.36450414998850744,LT-A,181.6127473765679,181.6127473765679,0.0,0.0,0,0,0.0,0.0,0,middle,44267.618080161774,5,0.9018652261783376,0.9018652261783376,3.4351,1543.7083527008274,1543.7083527008274,0.0,8.5,30,1.0,181.6127473765679,181.6127473765679,1589.6816803358686,1589.6816803358686,0.0,1369.7083527008272,1369.7083527008272,8.75313932143605,8.75313932143605,76-200,76-200,0.0,0.0,0.0,0.0,0.0,0.0,0.0,1.0,True,0.0,False,False,False,,False
KLNC0216,Kalyanpur,Residential,Res-C,795.3408386808318,0.17965283056509007,2.5263129048660593,23.116966860934923,0.1914683043108779,LT-A,49.72459040777854,49.72459040777854,0.0,0.0,0,0,0.0,0.0,0,lower-middle,24452.373007722992,4,0.8606726462728789,0.8606726462728789,1.2155000000000002,264.5348209693819,264.5348209693819,0.0,5.32,30,1.0,49.72459040777854,49.72459040777854,331.36511201785095,331.36511201785095,0.0,264.5348209693819,264.5348209693819,6.664008879719494,6.664008879719494,lifeline 0-50,lifeline 0-50,0.0,0.0,0.0,0.0,0.0,0.0,0.0,1.0,True,0.0,False,False,False,,False
KLNC0217,Kalyanpur,Residential,Res-B,795.3408386808318,0.3576605217147486,1.4361061093553869,19.071642733131736,0.4170644707044387,LT-A,167.5744134698586,158.39237229279962,0.0,9.182041177058984,0,303,175.11660888977335,27.546123531176956,11,middle,25466.576119959478,5,0.7950072951387638,0.7950072951387638,2.2301,1424.382514493798,1318.7890409576198,27.546123531176956,8.5,30,1.0,167.5744134698586,158.39237229279962,1411.249050218488,1329.2993327132365,0.0,1250.3825144937982,1172.3351644887966,8.421626076419642,8.392445377710056,76-200,76-200,81.94971750525156,5.806892659560281,105.59347353617818,9.182041177058977,5.479381360753227,0.0,0.0,0.9452061863924677,True,-65.62076785334483,False,False,False,0.4679722730174302,True
KLNC0218,Kalyanpur,Residential,Res-C,795.3408386808318,0.15806218260975924,3.4153735793698763,32.02089590393622,0.20048569882848533,LT-A,53.16553077432892,53.16553077432892,0.0,0.0,0,0,0.0,0.0,0,lower-middle,17531.96290628182,5,0.628204367986294,0.628204367986294,2.2945,328.56298018535267,328.56298018535267,0.0,6.18,30,1.0,53.16553077432892,53.16553077432892,446.1785791946204,446.1785791946204,0.0,328.5629801853527,328.5629801853527,8.392252888220174,8.392252888220174,1-75,1-75,0.0,0.0,0.0,0.0,0.0,0.0,0.0,1.0,True,0.0,False,False,False,,False
KLNC0219,Kalyanpur,Residential,Res-B,795.3408386808318,0.3109226444222815,0.7226720391885173,16.596560340136236,0.34535406955319536,LT-A,176.79741323534165,165.20011350620382,0.0,11.597299729137843,0,435,192.47528473728187,34.791899187413534,15,middle,59352.231048889225,4,0.8952539374610812,0.8952539374610812,2.2603000000000004,1502.7780125004044,1369.4090656153194,34.791899187413534,8.5,30,1.0,176.79741323534165,165.20011350620382,1494.8961431254243,1391.390243042869,0.0,1328.778012500404,1230.2009648027324,8.455418638594628,8.422453311393262,76-200,76-200,103.50590008255517,6.923952580822924,133.36894688508505,11.59729972913783,6.559654644777088,0.0,0.0,0.9344034535522291,True,-54.17748546731315,False,False,False,0.5377620312334387,True
KLNC0220,Kalyanpur,Residential,Res-C,795.3408386808318,0.24898047939938073,3.0884323177365762,29.68535664601121,0.2687330082729637,LT-A,139.68037581207096,139.68037581207096,0.0,0.0,0,0,0.0,0.0,0,lower-middle,18303.615520654057,5,0.6146214554276683,0.6146214554276683,1.1204,1187.2831944026032,1187.2831944026032,0.0,8.5,30,1.0,139.68037581207096,139.68037581207096,1113.3569941227333,1113.3569941227333,0.0,1013.2831944026032,1013.2831944026032,7.970747412798117,7.970747412798117,76-200,76-200,0.0,0.0,0.0,0.0,0.0,0.0,0.0,1.0,True,0.0,False,False,False,,False
KLNC0221,Kalyanpur,Residential,Res-B,795.3408386808318,0.32660682624733084,2.0869007779174495,18.60992977300904,0.36715893054069537,LT-A,191.07866207021164,191.07866207021164,0.0,0.0,0,0,0.0,0.0,0,middle,58233.06479757794,4,1.1611213016431265,1.1611213016431265,3.6202,1624.1686275967986,1624.1686275967986,0.0,8.5,30,1.0,191.07866207021164,191.07866207021164,1682.3278789766387,1682.3278789766387,0.0,1450.1686275967988,1450.1686275967988,8.804373344201402,8.804373344201402,76-200,76-200,0.0,0.0,0.0,0.0,0.0,0.0,0.0,1.0,True,0.0,False,False,False,,False
KLNC0222,Kalyanpur,Residential,Res-C,795.3408386808318,0.25112478838489505,3.3204689846752724,32.99259811235235,0.2650275207977991,LT-A,93.41109109242831,93.41109109242831,0.0,0.0,0,0,0.0,0.0,0,lower-middle,20386.07265137693,4,0.8219707732251087,0.8219707732251087,1.9647000000000001,793.9942742856407,793.9942742856407,0.0,8.5,30,1.0,93.41109109242831,93.41109109242831,737.6372579999226,737.6372579999226,0.0,619.9942742856406,619.9942742856406,7.896677464885257,7.896677464885257,76-200,76-200,0.0,0.0,0.0,0.0,0.0,0.0,0.0,1.0,True,0.0,False,False,False,,False
KLNC0223,Kalyanpur,Residential,Res-A,795.3408386808318,0.6631157501546234,1.9468863455796546,14.656273804795934,0.42480198510700184,LT-A,338.5047723435514,311.3531101385726,0.0,27.15166220497881,0,338,397.9421955314988,81.45498661493643,16,upper-middle,155833.41754540207,4,1.4026013320264041,1.4026013320264041,4.4206,3256.4159099449644,2913.761932918132,81.45498661493643,9.62,30,1.0,338.5047723435514,311.3531101385726,3141.6851654422126,2867.426225509722,0.0,2806.4159099449644,2545.2169195330684,9.281066094553283,9.209563457495346,301-400,301-400,274.25893993249065,8.729676128890112,342.6539770268323,27.151662204978777,8.021057433548476,0.0,0.0,0.9197894256645152,True,-42.22826898407169,False,True,False,0.6891929104582274,True
KLNC0224,Kalyanpur,Residential,Res-C,795.3408386808318,0.13583190401170275,1.830023163983332,29.542163882951932,0.23397573807494787,LT-A,48.02847911967818,48.02847911967818,0.0,0.0,0,0,0.0,0.0,0,lower-middle,11212.061618313413,4,0.16372905210053634,0.16372905210053634,0.3054,255.5115089166879,255.5115089166879,0.0,5.32,30,1.0,48.02847911967818,48.02847911967818,290.3370843625223,290.3370843625223,0.0,255.51150891668794,255.51150891668794,6.045102607539485,6.045102607539485,lifeline 0-50,lifeline 0-50,0.0,0.0,0.0,0.0,0.0,0.0,0.0,1.0,True,0.0,False,False,False,,False
KLNC0225,Kalyanpur,Residential,Res-C,795.3408386808318,0.12799904267000406,3.004663022268049,36.31900038361797,0.3520502956704612,LT-A,89.83122882562901,89.83122882562901,0.0,0.0,0,0,0.0,0.0,0,lower-middle,20682.695540122186,5,0.25044514743227037,0.25044514743227037,0.3655,763.5654450178466,763.5654450178466,0.0,8.5,30,1.0,89.83122882562901,89.83122882562901,641.0937172687389,641.0937172687389,0.0,589.5654450178466,589.5654450178466,7.136646416283173,7.136646416283173,76-200,76-200,0.0,0.0,0.0,0.0,0.0,0.0,0.0,1.0,True,0.0,False,False,False,,False
KLNC0226,Kalyanpur,Residential,Res-C,795.3408386808318,0.20515129746496014,2.605435076008921,28.062316637817386,0.2848070996644408,LT-A,77.44625346981394,77.44625346981394,0.0,0.0,0,0,0.0,0.0,0,lower-middle,23850.8417491581,3,0.6079507842939875,0.6079507842939875,0.8645999999999999,658.2931544934186,658.2931544934186,0.0,8.5,30,1.0,77.44625346981394,77.44625346981394,546.6366722180893,546.6366722180893,0.0,484.29315449341846,484.29315449341846,7.05827135241798,7.05827135241798,76-200,76-200,0.0,0.0,0.0,0.0,0.0,0.0,0.0,1.0,True,0.0,False,False,False,,False
KLNC0227,Kalyanpur,Residential,Res-B,795.3408386808318,0.2690832544716064,1.0329582203629966,18.86926168147179,0.4651543810361122,LT-A,161.41513194068727,161.41513194068727,0.0,0.0,0,0,0.0,0.0,0,middle,37841.50545812323,4,1.0243543657417322,1.0243543657417322,2.8703,1372.028621495842,1372.028621495842,0.0,8.5,30,1.0,161.41513194068727,161.41513194068727,1384.510282570634,1384.510282570634,0.0,1198.028621495842,1198.028621495842,8.577326462053003,8.577326462053003,76-200,76-200,0.0,0.0,0.0,0.0,0.0,0.0,0.0,1.0,True,0.0,False,False,False,,False
KLNC0228,Kalyanpur,Residential,Res-A,795.3408386808318,0.5428269772131549,2.811937925449463,19.7192581565042,0.4008406733434346,LT-A,374.58621797539416,344.51044558161226,0.0,30.075772393781936,0,290,593.0719200892482,90.22731718134578,16,upper-middle,185490.23491714595,6,2.275184591781333,2.275184591781333,4.7246,3603.51941692329,3223.963169313763,90.22731718134578,9.62,30,1.0,374.58621797539416,344.51044558161226,3519.5502477694563,3215.754870819865,0.0,3153.519416923292,2864.19048649511,9.395834867583538,9.33427393004278,301-400,301-400,303.7953769495912,8.63165335236012,379.55624760952696,30.075772393781904,8.029065392832344,0.0,0.0,0.9197093460716764,True,-199.0492259583113,False,False,False,0.5122403652222729,True
KLNC0229,Kalyanpur,Residential,Res-A,795.3408386808318,0.5900965342124275,2.4265487947068016,20.697711975138006,0.3821530370107268,LT-A,505.39554575987125,464.7765126745738,0.0,40.61903308529746,0,309,840.7210475080882,121.85709925589238,16,upper-middle,67874.5673861,4,3.4428339365042584,3.4428339365042584,6.1507,7585.987141855667,6854.438355989461,121.85709925589238,15.01,30,1.0,505.39554575987125,464.7765126745738,5500.232368948451,4860.056098007619,0.0,4979.987141855668,4370.295455245352,10.883025018906238,10.456759249817175,401-600,401-600,640.1762709408322,11.639076824371019,731.5487858662054,40.619033085297474,8.03707777523564,0.0,0.0,0.9196292222476437,True,-78.68767731136359,False,True,False,0.7614609778574306,True
KLNC0230,Kalyanpur,Residential,Res-C,795.3408386808318,0.11089131270651525,3.003151555596907,28.472435293137373,0.28454270725826397,LT-A,163.7130284751444,163.7130284751444,0.0,0.0,0,0,0.0,0.0,0,lower-middle,18337.32068495916,5,0.5425266274181372,0.5425266274181372,1.3147,1391.5607420387275,1391.5607420387275,0.0,8.5,30,1.0,163.7130284751444,163.7130284751444,1336.4170491406637,1336.4170491406637,0.0,1217.5607420387273,1217.5607420387273,8.163168573621276,8.163168573621276,76-200,76-200,0.0,0.0,0.0,0.0,0.0,0.0,0.0,1.0,True,0.0,False,False,False,,False
KLNC0231,Kalyanpur,Residential,Res-B,795.3408386808318,0.32692610833052455,1.8470522802204592,22.186682947210464,0.4416568026391441,LT-A,137.39140375755574,137.39140375755574,0.0,0.0,0,0,0.0,0.0,0,middle,32446.524259626276,5,0.8267800846887008,0.8267800846887008,2.5745,1167.8269319392236,1167.8269319392236,0.0,8.5,30,1.0,137.39140375755574,137.39140375755574,1157.053728536185,1157.053728536185,0.0,993.8269319392238,993.8269319392238,8.421587500320985,8.421587500320985,76-200,76-200,0.0,0.0,0.0,0.0,0.0,0.0,0.0,1.0,True,0.0,False,False,False,,False
KLNC0232,Kalyanpur,Residential,Res-C,795.3408386808318,0.22025089272716217,3.2002939749739885,29.387758715486918,0.3277631074928613,LT-A,86.2006634035418,86.2006634035418,0.0,0.0,0,0,0.0,0.0,0,lower-middle,12578.325581189034,4,0.8474969361740663,0.8474969361740663,0.9695,732.7056389301052,732.7056389301052,0.0,8.5,30,1.0,86.2006634035418,86.2006634035418,629.3958708766105,629.3958708766105,0.0,558.7056389301052,558.7056389301052,7.3015200350621665,7.3015200350621665,76-200,76-200,0.0,0.0,0.0,0.0,0.0,0.0,0.0,1.0,True,0.0,False,False,False,,False
KLNC0233,Kalyanpur,Residential,Res-A,795.3408386808318,0.5377946491594773,2.2801824665229895,21.374748781458727,0.4613764952136315,LT-A,455.2157799958277,418.6367763264788,0.0,36.57900366934883,0,303,781.8670141083884,109.73701100804648,16,upper-middle,84460.06117260896,6,4.071802193809003,4.070076493928128,5.455099999999999,6832.788857737374,6174.001001652401,109.73701100804648,15.01,30,1.0,455.2157799958277,418.6367763264788,4678.698210624242,4102.194823293469,0.0,4226.788857737373,3677.738012660447,10.277978963442623,9.798935629330197,401-600,401-600,576.503387330773,12.321875901755472,658.7878560849731,36.57900366934888,8.035530681665769,0.0017256998808754531,0.04238172186996962,0.9196446931833424,True,-95.62661576956896,False,True,False,0.7373419992505958,True
KLNC0234,Kalyanpur,Residential,Res-B,795.3408386808318,0.344252818623279,0.9859674200358867,17.551267538370837,0.41810413830676746,LT-A,172.6953798607305,158.85576482805806,0.0,13.83961503267244,0,440,242.90278606649287,41.51884509801732,16,middle,49983.04204939821,4,1.2781264525487201,1.2717580423566839,3.4603,1467.910728816209,1308.7551559404765,41.51884509801732,8.5,30,1.0,172.6953798607305,158.85576482805806,1511.2054952570197,1387.686931090418,0.0,1293.9107288162093,1176.2740010384935,8.750700200988152,8.73551509189748,76-200,76-200,123.51856416660166,8.173512110316548,159.15557287573256,13.839615032672441,8.013888410815243,0.006368410192036267,0.498261355857003,0.9198611158918476,True,-77.86537680187388,False,False,False,0.5085102816926494,True
KLNC0235,Kalyanpur,Residential,Res-C,795.3408386808318,0.29314052933479506,3.4849111442609373,22.824105208869145,0.32700080713680163,LT-A,88.94193387694922,88.94193387694922,0.0,0.0,0,0,0.0,0.0,0,lower-middle,19738.118565262324,5,0.22967709132068664,0.22967709132068664,0.3654,756.0064379540685,756.0064379540685,0.0,8.5,30,1.0,88.94193387694922,88.94193387694922,633.1567598517718,633.1567598517718,0.0,582.0064379540684,582.0064379540684,7.1187653815549075,7.1187653815549075,76-200,76-200,0.0,0.0,0.0,0.0,0.0,0.0,0.0,1.0,True,0.0,False,False,False,,False
KLNC0236,Kalyanpur,Residential,Res-C,795.3408386808318,0.19831084079004105,3.392268713232235,28.687754060058424,0.35178014388821155,LT-A,107.85080156355686,107.85080156355686,0.0,0.0,0,0,0.0,0.0,0,lower-middle,20428.96709571906,3,0.8155602178832324,0.8155602178832324,2.1746999999999996,916.7318132902333,916.7318132902333,0.0,8.5,30,1.0,107.85080156355686,107.85080156355686,875.772673954745,875.772673954745,0.0,742.7318132902333,742.7318132902333,8.120224061929193,8.120224061929193,76-200,76-200,0.0,0.0,0.0,0.0,0.0,0.0,0.0,1.0,True,0.0,False,False,False,,False
KLNC0237,Kalyanpur,Residential,Res-B,795.3408386808318,0.3949946748648533,1.6685760943014447,21.133902962413806,0.41600650964873886,LT-A,154.56398754948117,146.87500542494558,0.0,7.688982124535576,0,246,162.49820209966921,23.066946373606726,10,middle,48480.737984382184,5,0.6264927532446423,0.6264927532446423,1.1145,1313.7938941705902,1225.370599738431,23.066946373606726,8.5,30,1.0,154.56398754948117,146.87500542494558,1245.9330388791195,1177.3088734176395,0.0,1139.79389417059,1074.4375461120376,8.060952998383625,8.015719693159465,76-200,76-200,68.62416546148006,5.5078534174851415,88.42329443215908,7.688982124535585,4.9746271731467075,0.0,0.0,0.9502537282685329,True,-70.80709026458243,False,False,False,0.4223072290940735,True
KLNC0238,Kalyanpur,Residential,Res-C,795.3408386808318,0.16448151136263423,3.0781217573084243,28.26322040663675,0.40996720007709425,LT-A,115.95809144230091,115.95809144230091,0.0,0.0,0,0,0.0,0.0,0,lower-middle,24676.77262499466,4,0.8040808989394168,0.8040808989394168,1.4356000000000002,985.6437772595577,985.6437772595577,0.0,8.5,30,1.0,115.95809144230091,115.95809144230091,915.5359261225357,915.5359261225357,0.0,811.6437772595577,811.6437772595577,7.8954035439440915,7.8954035439440915,76-200,76-200,0.0,0.0,0.0,0.0,0.0,0.0,0.0,1.0,True,0.0,False,False,False,,False
KLNC0239,Kalyanpur,Residential,Res-B,795.3408386808318,0.3058131781995502,1.0124474358448898,20.571321119610147,0.4267973253519158,LT-A,115.5090360306217,115.5090360306217,0.0,0.0,0,0,0.0,0.0,0,middle,30159.795073050438,4,0.5592589419256709,0.5592589419256709,0.915,981.8268062602846,981.8268062602846,0.0,8.5,30,1.0,115.5090360306217,115.5090360306217,888.5696465732987,888.5696465732987,0.0,807.8268062602845,807.8268062602845,7.692641866890283,7.692641866890283,76-200,76-200,0.0,0.0,0.0,0.0,0.0,0.0,0.0,1.0,True,0.0,False,False,False,,False
KLNC0240,Kalyanpur,Residential,Res-A,795.3408386808318,0.5905828163751642,1.8864732123460894,24.224199186921716,0.33703321235246625,LT-A,366.2848288522523,336.84190064498296,0.0,29.44292820726939,0,269,713.2313575391296,88.32878462180817,16,upper-middle,129355.27137825698,4,1.7981180598047426,1.7981180598047426,4.4461,3523.660053558668,3152.090299582928,88.32878462180817,9.62,30,1.0,366.2848288522523,336.84190064498296,3423.4160662366003,3126.0130484149727,0.0,3073.660053558667,2790.419084204736,9.346322305960147,9.280356874929456,301-400,301-400,297.4030178216276,8.687317348152954,371.56975397574024,29.442928207269347,8.038260361350018,0.0,0.0,0.9196173963864998,True,-327.49955509569384,False,False,False,0.41697972849617926,True
KLNC0241,Kalyanpur,Residential,Res-A,795.3408386808318,0.7057256840183975,2.7588346967806148,19.318374847457868,0.4539770630597618,LT-A,423.72401792449546,389.69636251574923,0.0,34.02765540874623,0,274,657.3590023662869,102.08296622623867,16,upper-middle,189802.73986037442,6,2.4620279298465997,2.3550263704869456,3.6455999999999995,6360.097509046675,5747.259435135157,102.08296622623867,15.01,30,1.0,423.72401792449546,389.69636251574923,4102.573344499011,3624.5939177715827,0.0,3754.097509046677,3298.8790074015074,9.682182673038987,9.301071979149146,401-600,301-400,477.9794267274283,11.650722280646931,612.8380739115182,34.02765540874623,8.03061756456999,0.10700155935965405,4.346074147352217,0.9196938243543001,True,-77.29660941261989,False,True,False,0.7271208350488118,True
KLNC0242,Kalyanpur,Residential,Res-B,795.3408386808318,0.33342748179093135,1.1932932335766382,22.257193316993458,0.3523509478926824,LT-A,134.00062106655602,134.00062106655602,0.0,0.0,0,0,0.0,0.0,0,middle,39109.47971215932,5,0.7068670211264197,0.7068670211264197,2.1851000000000003,1139.005279065726,1139.005279065726,0.0,8.5,30,1.0,134.00062106655602,134.00062106655602,1109.6184530190126,1109.6184530190126,0.0,965.0052790657262,965.0052790657262,8.280696344443674,8.280696344443674,76-200,76-200,0.0,0.0,0.0,0.0,0.0,0.0,0.0,1.0,True,0.0,False,False,False,,False
KLNC0243,Kalyanpur,Residential,Res-B,795.3408386808318,0.2785730815603576,1.5494883516944298,13.54774922268199,0.3820909941884553,LT-A,126.17254435867062,116.06135774386681,0.0,10.111186614803824,0,456,136.98382060110106,30.33355984441147,16,middle,44576.53398419166,4,0.5906449605021932,0.5906449605021932,1.6851,1072.4666270487003,956.187980978456,30.33355984441147,8.5,30,1.0,126.17254435867062,116.06135774386681,1017.7028684011353,927.4605278640113,0.0,898.4666270487003,812.5215408228678,8.065961367221952,7.991122505311398,76-200,76-200,90.24234053712405,8.867258149610947,116.27864607024424,10.111186614803813,8.01377721769702,0.0,0.0,0.9198622278230297,True,-16.40792021956554,False,False,False,0.6587810161895769,True
KLNC0244,Kalyanpur,Residential,Res-B,795.3408386808318,0.4386167978554843,1.3761348397041417,18.789710905833598,0.3624614675216917,LT-A,132.1233709383672,123.84125857606817,0.0,8.282112362299056,0,448,155.61849697722982,24.846337086897172,16,middle,58600.86025343777,4,0.8941336533383425,0.8941336533383425,1.1042,1123.048652976121,1027.804360809682,24.846337086897172,8.5,30,1.0,132.1233709383672,123.84125857606817,1045.1963056249274,971.2784527914084,0.0,949.0486529761213,878.6506978965795,7.910760209959294,7.84293105512014,76-200,76-200,73.91785283351896,7.072150220558153,95.24429216643898,8.282112362299031,6.2684688586718424,0.0,0.0,0.9373153114132814,True,-56.854307056813695,False,False,False,0.4749940030865011,True
KLNC0245,Kalyanpur,Residential,Res-C,795.3408386808318,0.15340005090732545,2.8301940452653724,29.814825927009398,0.3639100132362564,LT-A,117.1917407017601,117.1917407017601,0.0,0.0,0,0,0.0,0.0,0,lower-middle,12735.681868443742,5,0.30360706531659454,0.30360706531659454,0.38070000000000004,996.129795964961,996.129795964961,0.0,8.5,30,1.0,117.1917407017601,117.1917407017601,885.2862857632088,885.2862857632088,0.0,822.1297959649607,822.1297959649607,7.55416960668042,7.55416960668042,76-200,76-200,0.0,0.0,0.0,0.0,0.0,0.0,0.0,1.0,True,0.0,False,False,False,,False
KLNC0246,Kalyanpur,Residential,Res-C,795.3408386808318,0.15775830928862897,2.902029102677165,20.82946613121346,0.3889940981691571,LT-A,149.5101007533903,149.5101007533903,0.0,0.0,0,0,0.0,0.0,0,lower-middle,16026.177125874005,4,0.5781391311810536,0.5781391311810536,1.1804,1270.8358564038176,1270.8358564038176,0.0,8.5,30,1.0,149.5101007533903,149.5101007533903,1203.7332892240086,1203.7332892240086,0.0,1096.8358564038176,1096.8358564038176,8.051183720419722,8.051183720419722,76-200,76-200,0.0,0.0,0.0,0.0,0.0,0.0,0.0,1.0,True,0.0,False,False,False,,False
KLNC0247,Kalyanpur,Residential,Res-B,795.3408386808318,0.3469660197954587,1.179441115656949,22.89181126109016,0.4804171865237439,LT-A,175.17898388081866,175.17898388081866,0.0,0.0,0,0,0.0,0.0,0,middle,31288.997459703784,4,0.9576411828818536,0.9576411828818536,1.8955000000000002,1489.021362986959,1489.021362986959,0.0,8.5,30,1.0,175.17898388081866,175.17898388081866,1464.3639811363066,1464.3639811363066,0.0,1315.0213629869586,1315.0213629869586,8.359244634804895,8.359244634804895,76-200,76-200,0.0,0.0,0.0,0.0,0.0,0.0,0.0,1.0,True,0.0,False,False,False,,False
KLNC0248,Kalyanpur,Residential,Res-B,795.3408386808318,0.38227955790503043,0.8565601934629048,14.70317824672336,0.4267680123143432,LT-A,178.7472748378107,164.41985436271514,0.0,14.327420475095552,0,448,210.6586170610838,42.98226142528666,16,middle,34646.573052841886,5,1.3692822231165809,1.3686363945317523,3.4352,1519.351836121391,1354.5865006577922,42.98226142528666,8.5,30,1.0,178.7472748378107,164.41985436271514,1564.1117479274606,1436.2395201872325,0.0,1345.351836121391,1223.5687620830786,8.750408918662863,8.735195185241102,76-200,76-200,127.87222774022803,8.175389508432898,164.76533546359883,14.32742047509555,8.015462326961782,0.0006458285848285339,0.04716548377868979,0.9198453767303821,True,-39.80412789556911,False,False,False,0.6070116168243402,True
KLNC0249,Kalyanpur,Residential,Res-C,795.3408386808318,0.21198318331739452,3.564508250901995,30.174023956388865,0.19141799583412078,LT-A,94.89104219040178,94.89104219040178,0.0,0.0,0,0,0.0,0.0,0,lower-middle,22046.207957978782,4,0.2764818628870274,0.2764818628870274,0.3054,806.5738586184151,806.5738586184151,0.0,8.5,30,1.0,94.89104219040178,94.89104219040178,686.2525515493359,686.2525515493359,0.0,632.5738586184151,632.5738586184151,7.2320056320210835,7.2320056320210835,76-200,76-200,0.0,0.0,0.0,0.0,0.0,0.0,0.0,1.0,True,0.0,False,False,False,,False
KLNC0250,Kalyanpur,Residential,Res-B,795.3408386808318,0.40940673637894265,1.1346211701071973,20.28782366920073,0.4128075909246736,LT-A,298.6742641047004,275.9841608882162,0.0,22.69010321648419,0,672,460.3328130919956,68.07030964945258,16,middle,38889.789221679945,4,1.1737628904878055,1.1663442970979185,2.0103,2717.9358033527733,2443.3855544333146,68.07030964945258,9.1,30,1.0,298.6742641047004,275.9841608882162,2633.7868235204123,2416.9828872869057,0.0,2423.9358033527737,2217.455864082767,8.818258350498981,8.757686961121921,201-300,201-300,216.80393623350665,8.231643286289923,274.5502489194587,22.690103216484204,7.596939523564099,0.007418593389886929,0.6320350941410176,0.924030604764359,True,-175.45856720903635,False,False,False,0.4709721533367626,True
KLNC0251,Kalyanpur,Residential,Res-C,795.3408386808318,0.19770622691405057,3.417659898802887,21.495962727687356,0.29840708359581986,LT-A,86.61790402035301,86.61790402035301,0.0,0.0,0,0,0.0,0.0,0,lower-middle,13919.273404461564,3,0.5700011608521393,0.5700011608521393,1.7956,736.2521841730008,736.2521841730008,0.0,8.5,30,1.0,86.61790402035301,86.61790402035301,669.5507533816507,669.5507533816507,0.0,562.2521841730006,562.2521841730006,7.729934832229642,7.729934832229642,76-200,76-200,0.0,0.0,0.0,0.0,0.0,0.0,0.0,1.0,True,0.0,False,False,False,,False
KLNC0252,Kalyanpur,Residential,Res-A,795.3408386808318,0.53395834082598,2.484634641915792,18.269918893033505,0.3374176593490568,LT-A,157.91651467087587,148.29949796917452,0.0,9.617016701701367,0,416,175.70211513303258,28.851050105104104,16,upper-middle,115958.0448811267,5,1.427214916084355,1.4220895887144474,2.7252,1342.2903747024448,1231.6946826328792,28.851050105104104,8.5,30,1.0,157.91651467087587,148.29949796917452,1346.886213437567,1261.0543393748828,0.0,1168.2903747024448,1086.5457327379836,8.529102964593037,8.503429591090086,76-200,76-200,85.83187406268416,6.372615088517482,110.59569206956553,9.617016701701345,6.0899372822056,0.005125327369907673,0.359113915651141,0.9391006271779438,True,-61.019190965244306,False,False,False,0.4885079157851725,True
KLNC0253,Kalyanpur,Residential,Res-B,795.3408386808318,0.4046359911263727,1.8607638832034628,16.056437330047302,0.3150546909503519,LT-A,142.14169168845086,130.7447289113934,0.0,11.396962777057489,0,476,182.99461858270544,34.190888331172474,16,middle,27874.53193059638,5,0.3417874023548698,0.3367752062412136,0.5103,1208.2043793518326,1077.1393074156715,34.190888331172474,8.5,30,1.0,142.14169168845086,130.7447289113934,1108.4188283194242,1006.700935534186,0.0,1034.2043793518324,937.3301957468439,7.797985342322222,7.699743950797696,76-200,76-200,101.71789278523818,9.176846349629592,131.06507193616108,11.396962777057468,8.018029503994908,0.00501219611365622,1.4664660192631016,0.9198197049600507,True,-47.085837466294805,False,False,False,0.5558518254418843,True
KLNC0254,Kalyanpur,Residential,Res-B,795.3408386808318,0.3028612466421577,1.7297517085284961,22.451576495658593,0.4246099067367523,LT-A,117.48759846089321,117.48759846089321,0.0,0.0,0,0,0.0,0.0,0,middle,41324.95407879781,4,0.8669779394644956,0.8669779394644956,2.9351,998.6445869175925,998.6445869175925,0.0,8.5,30,1.0,117.48759846089321,117.48759846089321,995.3147262634718,995.3147262634718,0.0,824.6445869175923,824.6445869175923,8.471657769009306,8.471657769009306,76-200,76-200,0.0,0.0,0.0,0.0,0.0,0.0,0.0,1.0,True,0.0,False,False,False,,False
KLNC0255,Kalyanpur,Residential,Res-B,795.3408386808318,0.3009210524796804,1.363221440278097,20.153169128054607,0.45030468386516886,LT-A,117.51262573655765,117.51262573655765,0.0,0.0,0,0,0.0,0.0,0,middle,41280.647947782694,5,0.8663511728421129,0.8663511728421129,3.2302000000000004,998.8573187607399,998.8573187607399,0.0,8.5,30,1.0,117.51262573655765,117.51262573655765,1008.5520046987772,1008.5520046987772,0.0,824.8573187607401,824.8573187607401,8.582499100647881,8.582499100647881,76-200,76-200,0.0,0.0,0.0,0.0,0.0,0.0,0.0,1.0,True,0.0,False,False,False,,False
KLNC0256,Kalyanpur,Residential,Res-C,795.3408386808318,0.15415592938309036,3.9044582269133197,27.34511323682446,0.2705306725717164,LT-A,140.93427729664967,140.93427729664967,0.0,0.0,0,0,0.0,0.0,0,lower-middle,23601.35058767828,5,0.3816049172251653,0.3816049172251653,0.41040000000000004,1197.9413570215222,1197.9413570215222,0.0,8.5,30,1.0,140.93427729664967,140.93427729664967,1097.1884248725983,1097.1884248725983,0.0,1023.9413570215222,1023.9413570215222,7.78510697268592,7.78510697268592,76-200,76-200,0.0,0.0,0.0,0.0,0.0,0.0,0.0,1.0,True,0.0,False,False,False,,False
KLNC0257,Kalyanpur,Residential,Res-B,795.3408386808318,0.35953442343751096,0.9877369815428566,22.15149710525824,0.3311980812535487,LT-A,245.7184548559376,245.7184548559376,0.0,0.0,0,0,0.0,0.0,0,middle,50843.23767893313,4,1.8114195724017976,1.8114195724017976,3.0952,2236.037939189032,2236.037939189032,0.0,9.1,30,1.0,245.7184548559376,245.7184548559376,2175.638156148484,2175.638156148484,0.0,1942.0379391890322,1942.0379391890322,8.854191100233152,8.854191100233152,201-300,201-300,0.0,0.0,0.0,0.0,0.0,0.0,0.0,1.0,True,0.0,False,False,False,,False
KLNC0258,Kalyanpur,Residential,Res-C,795.3408386808318,0.14774571682572665,2.6002878267818264,32.17769900089465,0.40388895410325815,LT-A,60.09352342481335,60.09352342481335,0.0,0.0,0,0,0.0,0.0,0,lower-middle,10303.846695106884,3,0.22035072007499384,0.22035072007499384,0.2604,371.37797476534644,371.37797476534644,0.0,6.18,30,1.0,60.09352342481335,60.09352342481335,411.9968735036138,411.9968735036138,0.0,371.3779747653465,371.3779747653465,6.85592806051867,6.85592806051867,1-75,1-75,0.0,0.0,0.0,0.0,0.0,0.0,0.0,1.0,True,0.0,False,False,False,,False
KLNC0259,Kalyanpur,Residential,Res-B,795.3408386808318,0.38874564793222244,1.5270254552477025,24.061070640130993,0.4418611108593322,LT-A,207.80477628572694,207.80477628572694,0.0,0.0,0,0,0.0,0.0,0,middle,54715.33699173671,5,1.6409329233647671,1.6409329233647671,3.3689999999999998,1891.0234642001158,1891.0234642001158,0.0,9.1,30,1.0,207.80477628572694,207.80477628572694,1825.447537410121,1825.447537410121,0.0,1597.023464200115,1597.023464200115,8.784434939551973,8.784434939551973,201-300,201-300,0.0,0.0,0.0,0.0,0.0,0.0,0.0,1.0,True,0.0,False,False,False,,False
KLNC0260,Kalyanpur,Residential,Res-B,795.3408386808318,0.2875546341727119,1.8680225745132433,21.1695885149148,0.4001535226579249,LT-A,134.3248591291122,134.3248591291122,0.0,0.0,0,0,0.0,0.0,0,middle,52512.86197972091,4,0.7731894498853206,0.7731894498853206,3.4504,1141.761302597454,1141.761302597454,0.0,8.5,30,1.0,134.3248591291122,134.3248591291122,1168.3120077273265,1168.3120077273265,0.0,967.7613025974538,967.7613025974538,8.697660398097662,8.697660398097662,76-200,76-200,0.0,0.0,0.0,0.0,0.0,0.0,0.0,1.0,True,0.0,False,False,False,,False
KLNC0261,Kalyanpur,Residential,Res-B,795.3408386808318,0.45267123104582574,1.199478086691174,20.35270537378823,0.4443988903087425,LT-A,141.85940594599458,130.48860195330082,0.0,11.370803992693773,0,352,231.4266235263912,34.112411978081326,16,middle,39137.391429388466,4,0.7581725980423906,0.7558474042337899,1.5301,1205.804950540954,1075.0407046249757,34.112411978081326,8.5,30,1.0,141.85940594599458,130.48860195330082,1150.8726080680017,1049.3881824332097,0.0,1031.804950540954,935.1531166030569,8.11276912090084,8.041991152673734,76-200,76-200,101.48442563479193,8.818041625402515,130.76424591597834,11.370803992693766,8.015544628054197,0.002325193808600634,0.3066839680838253,0.919844553719458,True,-95.82978591351795,False,False,False,0.43851664120752704,True
KLNC0262,Kalyanpur,Residential,Res-B,795.3408386808318,0.45262956750614114,1.9733559025757628,20.022456616462588,0.44067656449412806,LT-A,101.0023534634884,92.90801263401384,0.0,8.09434082947457,0,423,162.06858809701635,24.283022488423708,16,middle,49813.34619236553,4,1.0792367397457194,1.0792367397457194,1.6254,858.5200044396513,765.4350849006937,24.283022488423708,8.5,30,1.0,101.0023534634884,92.90801263401384,790.426144661634,718.1841527585735,0.0,684.5200044396514,615.7181073891177,7.825819078041257,7.730056131839426,76-200,76-200,72.24199190306047,9.139625807036765,93.08491953895759,8.094340829474561,8.014012101609696,0.0,0.0,0.919859878983903,True,-65.54357370553217,False,False,False,0.4457494987234385,True
KLNC0263,Kalyanpur,Residential,Res-B,795.3408386808318,0.27847697381454967,1.5608469049992664,17.652525666753995,0.4615967429245916,LT-A,260.6279276337343,260.6279276337343,0.0,0.0,0,0,0.0,0.0,0,middle,34343.19410699662,5,1.0971467119992102,1.0971467119992102,3.7655000000000003,2371.7141414669823,2371.7141414669823,0.0,9.1,30,1.0,260.6279276337343,260.6279276337343,2347.6583985403313,2347.6583985403313,0.0,2077.7141414669823,2077.7141414669823,9.007700824140162,9.007700824140162,201-300,201-300,0.0,0.0,0.0,0.0,0.0,0.0,0.0,1.0,True,0.0,False,False,False,,False
KLNC0264,Kalyanpur,Residential,Res-C,795.3408386808318,0.2989309726233217,3.373830534101598,24.994893836974942,0.3556899824933779,LT-A,75.83752611701682,75.83752611701682,0.0,0.0,0,0,0.0,0.0,0,lower-middle,23410.71744920638,4,0.5166752081035826,0.5166752081035826,0.8956,644.6189719946428,644.6189719946428,0.0,8.5,30,1.0,75.83752611701682,75.83752611701682,533.6458805943752,533.6458805943752,0.0,470.618971994643,470.618971994643,7.036699480030018,7.036699480030018,76-200,76-200,0.0,0.0,0.0,0.0,0.0,0.0,0.0,1.0,True,0.0,False,False,False,,False
KLNC0265,Kalyanpur,Residential,Res-B,795.3408386808318,0.4435718165530562,1.2777379893184222,19.376367464920804,0.4842804882251953,LT-A,192.34778913835174,176.90145069609682,0.0,15.446338442254977,0,327,299.29392964466484,46.33901532676494,16,middle,34139.4870172221,5,0.9525809556546246,0.9491051271185745,3.4953,1634.95620767599,1457.3233155900577,46.33901532676494,8.5,30,1.0,192.34778913835174,176.90145069609682,1688.1467480597894,1550.2881774626642,0.0,1460.9562076759898,1329.662330916823,8.776533151860356,8.763569611003026,76-200,76-200,137.8585705971252,8.166266988078377,177.63289208593233,15.446338442254927,8.030421618802542,0.0034758285360501073,0.36488536910350866,0.9196957838119744,True,-115.09634372077471,False,False,False,0.46061265178614574,True
KLNC0266,Kalyanpur,Residential,Res-C,795.3408386808318,0.20519198046186177,3.9743850098967064,28.99134367243322,0.29712109987230567,LT-A,61.80692827041264,61.80692827041264,0.0,0.0,0,0,0.0,0.0,0,lower-middle,21709.964100182176,5,0.6261551386186383,0.6261551386186383,0.9557,381.96681671115,381.96681671115,0.0,6.18,30,1.0,61.80692827041264,61.80692827041264,443.21152754670766,443.21152754670766,0.0,381.9668167111501,381.9668167111501,7.1709036502769505,7.1709036502769505,1-75,1-75,0.0,0.0,0.0,0.0,0.0,0.0,0.0,1.0,True,0.0,False,False,False,,False
KLNC0267,Kalyanpur,Residential,Res-B,795.3408386808318,0.4014896207774774,1.2255649966333075,17.052176622413363,0.47493559426546966,LT-A,118.27618665699892,108.79767902670473,0.0,9.478507630294162,0,459,161.6291862286688,28.43552289088249,16,middle,53745.89767752404,4,0.6142801793536089,0.6142801793536089,0.9005000000000001,1005.3475865844907,896.344748836108,28.43552289088249,8.5,30,1.0,118.27618665699892,108.79767902670473,912.6270159137152,828.0313353133397,0.0,831.3475865844907,750.7802717269901,7.716067297302496,7.6107444820591885,76-200,76-200,84.59568060037554,9.269469249239679,109.00283774838272,9.478507630294189,8.013876586824592,0.0,0.0,0.9198612341317542,True,-48.597982737410774,False,False,False,0.5233935935350919,True
KLNC0268,Kalyanpur,Residential,Res-B,795.3408386808318,0.3424085612238148,1.7043426615914172,21.454001013385806,0.3643676238588289,LT-A,150.41208457589536,150.41208457589536,0.0,0.0,0,0,0.0,0.0,0,middle,49094.213795239804,5,1.0587543259529557,1.0587543259529557,3.445,1278.5027188951103,1278.5027188951103,0.0,8.5,30,1.0,150.41208457589536,150.41208457589536,1311.6523548398661,1311.6523548398661,0.0,1104.5027188951105,1104.5027188951105,8.720392105050767,8.720392105050767,76-200,76-200,0.0,0.0,0.0,0.0,0.0,0.0,0.0,1.0,True,0.0,False,False,False,,False
KLNC0269,Kalyanpur,Residential,Res-B,795.3408386808318,0.2630735525682501,1.7896079435280547,14.838967157096619,0.48245764049585466,LT-A,149.94000924193037,139.44102049885439,0.0,10.498988743075962,0,281,155.7941491412313,31.49696622922789,14,middle,46210.556877362935,5,1.0271333369893678,1.024477138249851,2.2900000000000005,1274.4900785564078,1153.7517080110347,31.49696622922789,8.5,30,1.0,149.94000924193037,139.44102049885439,1256.5035824842287,1162.8001079522755,0.0,1100.4900785564082,1011.2486742402623,8.380042050396582,8.339010312692231,76-200,76-200,93.70347453195313,7.457477705450894,120.73837054537307,10.498988743075984,7.002126247795353,0.002656198739516835,0.25860310865796876,0.9299787375220466,True,-30.59370838005026,False,False,False,0.6014569548886498,True
KLNC0270,Kalyanpur,Residential,Res-C,795.3408386808318,0.13296373207875872,2.6555386762831015,28.4456631676944,0.3565714480117005,LT-A,54.61056419807865,54.61056419807865,0.0,0.0,0,0,0.0,0.0,0,lower-middle,22152.141614089498,3,0.583871044888462,0.583871044888462,1.8705,337.49328674412607,337.49328674412607,0.0,6.18,30,1.0,54.61056419807865,54.61056419807865,436.85700108133227,436.85700108133227,0.0,337.493286744126,337.493286744126,7.999496205474144,7.999496205474144,1-75,1-75,0.0,0.0,0.0,0.0,0.0,0.0,0.0,1.0,True,0.0,False,False,False,,False
KLNC0271,Kalyanpur,Residential,Res-C,795.3408386808318,0.1935336725067369,3.445795202483263,25.941191055504223,0.35146456015511623,LT-A,159.89028564160887,159.89028564160887,0.0,0.0,0,0,0.0,0.0,0,lower-middle,13047.461661552727,3,1.24142326073346,1.24142326073346,2.0345999999999997,1359.0674279536759,1359.0674279536759,0.0,8.5,30,1.0,159.89028564160887,159.89028564160887,1334.046659351359,1334.046659351359,0.0,1185.0674279536754,1185.0674279536754,8.343512890718078,8.343512890718078,76-200,76-200,0.0,0.0,0.0,0.0,0.0,0.0,0.0,1.0,True,0.0,False,False,False,,False
KLNC0272,Kalyanpur,Residential,Res-C,795.3408386808318,0.29915084598278335,3.322220115647796,32.33323041332612,0.2646873776349108,LT-A,86.05211611514554,86.05211611514554,0.0,0.0,0,0,0.0,0.0,0,lower-middle,20732.56395857375,5,0.4478492961763269,0.4478492961763269,1.0357,731.4429869787369,731.4429869787369,0.0,8.5,30,1.0,86.05211611514554,86.05211611514554,630.9895063276739,630.9895063276739,0.0,557.442986978737,557.442986978737,7.3326436909855035,7.3326436909855035,76-200,76-200,0.0,0.0,0.0,0.0,0.0,0.0,0.0,1.0,True,0.0,False,False,False,,False
KLNC0273,Kalyanpur,Commercial,Commercial,41.84160261653365,0.5012084944257533,2.1443364621981007,23.102722161568444,0.2881872373265468,LT-E,1906.5833694300939,1753.5542463040592,0.0,153.02912312603465,0,350,3535.3893142092265,459.08736937810403,16,,0.0,0,5.606391425126202,5.606391425126202,5.250000000000001,28833.305490322517,25921.449356067777,459.08736937810403,15.36,30,1.0,1906.5833694300939,1753.5542463040592,31245.501582168552,28777.447884391866,0.0,29285.12055444624,26934.59322323035,16.388216787765383,16.41092537915247,flat,flat,2468.053697776686,7.89890887584655,2911.85613425474,153.02912312603462,8.026353611370128,0.0,0.0,0.9197364638862987,True,-608.2482470544364,False,False,False,0.6980995523908021,True
KLNC0274,Kalyanpur,Commercial,Commercial,41.84160261653365,0.47484619421810514,2.720810384877539,25.232096106990976,0.3537747936432394,LT-E,4835.6216691654845,4447.3097860585385,0.0,388.31188310694625,0,238,9797.922754041114,1164.9356493208386,16,,0.0,0,13.613787660471681,13.613787660471681,13.55,74217.60214766278,66315.49669750997,1164.9356493208386,15.36,30,1.0,4835.6216691654845,4447.3097860585385,79269.38128030094,73006.68722955212,0.0,74275.14883838184,68310.67831385916,16.3928004925954,16.41592125163263,flat,flat,6262.694050748818,7.900520919424847,7902.105450152812,388.31188310694597,8.030237054793403,0.0,0.0,0.9196976294520659,True,-2370.293053971457,False,False,False,0.6391858976603786,True
KLNC0275,Kalyanpur,Commercial,Commercial,41.84160261653365,0.47048564402294524,2.1665060719196356,19.719810635322272,0.2226179001925967,LT-E,2505.658561359905,2375.0108270478026,107.88048764328319,130.6477343121019,180,512,2810.07231208937,391.9432029363058,30,,0.0,0,6.536715021449578,6.687028991128292,8.15,38589.95701023469,35744.706532844546,391.9432029363058,15.36,30,1.0,2505.658561359905,2375.0108270478026,41181.43627761255,39074.34961862696,0.0,38486.91550248814,36480.16630345425,16.435374281507055,16.45228273220015,flat,flat,2107.086658985587,5.116593420349115,2845.2504773901455,130.64773431210233,5.21410763329204,-0.1503139696787139,-2.299533774770257,0.9306370261097793,True,-311.04245016747745,False,False,False,0.7498336074557836,True
KLNC0276,Kalyanpur,Commercial,Commercial,41.84160261653365,0.4761460435361753,2.7764581483599278,26.186042658349027,0.28175989338385754,LT-E,5062.212395112361,4655.325499203272,0.0,406.8868959090882,0,346,10654.757613398602,1220.6606877272648,16,,0.0,0,11.37814941916381,11.37814941916381,9.65,77541.3175060035,69590.52526784973,1220.6606877272648,15.36,30,1.0,5062.212395112361,4655.325499203272,82555.28650837216,75993.01465115036,0.0,77755.58238892586,71505.79966776224,16.30814356744108,16.32388855820201,flat,flat,6562.2718572218,7.948942017851639,7950.792238153765,406.8868959090896,8.037728648089614,0.0,0.0,0.9196227135191042,True,-2871.825068449538,False,False,False,0.6159006234895098,True
KLNC0277,Kalyanpur,Commercial,Commercial,41.84160261653365,0.6037017406534354,3.5202378439975233,28.415542495627886,0.32741938867091636,LT-E,6248.231154966409,5746.27298468605,49.33037204886831,501.9581702803581,84,424,14437.068361174035,1505.8745108410742,30,,0.0,0,14.051716087072679,14.19458632734132,14.65,95270.19009881547,85501.58889265775,1505.8745108410742,15.36,30,1.0,6248.231154966409,5746.27298468605,102155.89706729824,94060.31569701662,0.0,95972.83054028403,88262.75304477772,16.349570707879394,16.36892572763068,flat,flat,8095.581370281623,7.9247322990550595,9768.60120615772,501.9581702803589,8.033604356672644,-0.1428702402686408,-1.0167458507084328,0.9165059188494907,True,-4835.612480051337,False,True,False,0.5607496735315924,True
KLNC0278,Kalyanpur,Commercial,Commercial,41.84160261653365,0.6219141140790558,3.079304407576242,28.027948020183107,0.3415912511738482,LT-E,5064.133853554161,4657.409236995948,0.0,406.724616558213,0,314,11399.656411422504,1220.1738496746393,16,,0.0,0,12.229069045477239,12.229069045477239,11.8,77970.70914520054,69949.54210813239,1220.1738496746393,15.36,30,1.0,5064.133853554161,4657.409236995948,82789.4507901215,76229.79617427064,0.0,77785.0959905919,71537.80588025776,16.34819560150792,16.367424955647497,flat,flat,6559.654615850857,7.9232976583938886,8021.167037068153,406.7246165582128,8.03147444992516,0.0,0.0,0.9196852555007484,True,-3619.8279458970073,False,True,False,0.57542564259025,True
KLNC0279,Kalyanpur,Commercial,Commercial,41.84160261653365,0.5587819108376828,2.9763470623437294,26.64966255794008,0.3221504158582637,LT-E,757.5065025302866,712.0497411449538,41.774255654243724,45.456761385332776,60,320,1335.7420349940226,136.37028415599838,30,,0.0,0,2.6689107779100163,2.7352191202183396,2.85,11514.455312108601,10511.381719466846,136.37028415599838,15.36,30,1.0,757.5065025302866,712.0497411449538,12486.389872808462,11753.263225185814,0.0,11635.299878865202,10937.08402398649,16.48354150241665,16.506239025221653,flat,flat,733.1266476226483,5.871406027607498,1003.0735926417547,45.45676138533281,6.000841079712759,-0.06630834230832328,-2.484472049689437,0.9179327656734607,True,-466.2451032153758,False,False,False,0.548853467522963,True
KLNC0280,Kalyanpur,Commercial,Commercial,41.84160261653365,0.6121447644736214,2.1810007638341204,25.949485617142333,0.43637347206647276,LT-E,3351.05709256288,3081.8969872950165,40.12519103124989,269.16010526786306,84,209,7072.079352645073,807.480315803589,30,,0.0,0,10.984209803670606,11.120690045273497,11.55,52124.639039740076,46270.506510310355,807.480315803589,15.36,30,1.0,3351.05709256288,3081.8969872950165,55137.323788854126,50796.309611094024,0.0,51472.236941765834,47337.93772485145,16.453710654832573,16.482156873023193,flat,flat,4341.014177760102,7.873095535764156,5854.13252942972,269.1601052678634,8.032095480116409,-0.13648024160289118,-1.2425130623168126,0.9148894889575769,True,-1923.584859081382,False,True,False,0.6138243027683918,True
KLNC0281,Kalyanpur,Commercial,Commercial,41.84160261653365,0.6947987000324164,2.5813765230937813,28.3956435128531,0.3710478980902071,LT-E,2445.0995738242486,2248.691802412096,0.0,196.40777141215295,0,208,5577.1250601734355,589.2233142364589,16,,0.0,0,7.343054059939589,7.343054059939589,9.25,37455.70664868307,33470.18134272033,589.2233142364589,15.36,30,1.0,2445.0995738242486,2248.691802412096,40308.690926637486,37141.02638930228,0.0,37556.72945394046,34539.90608504979,16.48550077802878,16.516726013525886,flat,flat,3167.6645373352076,7.858515036125613,3985.525305962743,196.40777141215267,8.032710549491522,0.0,0.0,0.9196728945050847,True,-1820.237208601769,False,True,False,0.5679744497672606,True
KLNC0282,Kalyanpur,Commercial,Commercial,41.84160261653365,0.5278591433295006,3.024292192799971,28.873392507234783,0.4030570506069352,LT-E,6556.291139208728,6029.8363818675,21.704237232976094,526.4547573412283,28,251,15266.174801228699,1579.364272023685,30,,0.0,0,20.18026802671558,20.18026802671558,17.05,100479.3358644255,89769.77066041966,1579.364272023685,15.36,30,1.0,6556.291139208728,6029.8363818675,107351.08849315837,98860.42616675905,0.0,100704.63189824607,92618.2868254848,16.37375250942783,16.395208742984334,flat,flat,8490.662326399324,7.909246609027579,10709.565204005848,526.4547573412283,8.029764788705913,0.0,0.0,0.9183781743562103,True,-5196.148202805689,False,False,False,0.5561748399288572,True
KLNC0283,Kalyanpur,Commercial,Commercial,41.84160261653365,0.46627664814315367,2.8053527750693874,25.710981882905187,0.33056496989877127,LT-E,5286.21005259497,4861.568398402878,0.0,424.64165419209263,0,220,10917.953877659782,1273.9249625762777,16,,0.0,0,16.83900960308621,16.83900960308621,14.3,82828.56294623415,74058.86860930307,1273.9249625762777,15.36,30,1.0,5286.21005259497,4861.568398402878,86607.34572825168,79758.7251294416,0.0,81196.18640785874,74673.6905994682,16.383636833677585,16.405965851605405,flat,flat,6848.62059881007,7.907667116712044,8769.694336931076,424.64165419209166,8.033007579478184,0.0,0.0,0.919669924205218,True,-2795.408316273434,False,False,False,0.6272805944732607,True
KLNC0284,Kalyanpur,Commercial,Commercial,41.84160261653365,0.5674427116274638,2.801442348807359,24.502284486424983,0.2166632109640127,LT-E,5257.89125884674,4835.5681963453335,0.0,422.32306250140766,0,528,10347.879822587727,1266.9691875042229,16,,0.0,0,12.647267113483846,12.647267113483846,11.950000000000001,80317.55120815887,72434.13865420243,1266.9691875042229,15.36,30,1.0,5257.89125884674,4835.5681963453335,85928.54522268023,79117.31887065753,0.0,80761.20973588593,74274.32749586432,16.34277716909796,16.36153512020645,flat,flat,6811.226352022699,7.926616625908993,7883.412553956441,422.32306250140664,8.032175671012993,0.0,0.0,0.9196782432898699,True,-2269.6842830608057,False,True,False,0.6582243385891385,True
KLNC0285,Kalyanpur,Commercial,Commercial,41.84160261653365,0.49238287019574395,2.1532127220967006,26.578542684988925,0.3044376984751405,LT-E,1470.1014728360824,1352.0986219572915,0.0,118.00285087879075,0,294,3136.3438090323234,354.0085526363723,16,,0.0,0,7.670311782947254,7.396344243385478,10.15,23054.732020505005,20689.36897192291,354.0085526363723,15.36,30,1.0,1470.1014728360824,1352.0986219572915,24668.971553900334,22765.821574927195,0.0,22580.758622762223,20768.234833263996,16.780454961594984,16.837397217350535,flat,flat,1903.1499789731388,7.714752010698386,2365.363048582094,118.00285087879092,8.026850735081764,0.27396753956177555,3.5717914383984244,0.9197314926491824,True,-879.1852774228123,False,False,False,0.606805278647155,True
KLNC0286,Kalyanpur,Commercial,Commercial,41.84160261653365,0.5064741866219781,2.920290727842117,26.730863940200422,0.35029248624246523,LT-E,2942.977040545454,2706.5891298972747,18.800788587865362,236.3879106481798,28,364,6373.756845234009,709.1637319445394,30,,0.0,0,7.178079346075224,7.234112971026061,7.300000000000001,44818.687658331975,40187.147533104035,709.1637319445394,15.36,30,1.0,2942.977040545454,2706.5891298972747,48154.18370991709,44341.71948698324,0.0,45204.12734277818,41573.209035222135,16.3624054984106,16.382877991040395,flat,flat,3812.4642229338497,7.917202471752613,4631.540125227941,236.3879106481795,8.03227165524768,-0.05603362495083708,-0.780621420428777,0.917121940564606,True,-1852.1288903556197,False,False,False,0.598150245688244,True
KLNC0287,Kalyanpur,Commercial,Commercial,41.84160261653365,0.47955190684206445,2.851770115716595,32.32371749370286,0.32986583398328,LT-E,5204.246574731048,4972.346754836431,0.0,231.89981989461776,0,184,7495.864265114199,695.6994596838534,16,,0.0,0,17.006497944517307,16.403386896414673,16.25,78650.22320101208,73735.09036284682,695.6994596838534,15.36,30,1.0,5204.246574731048,4972.346754836431,85469.71375726235,81729.63346200195,0.0,79937.2273878689,76375.24615428757,16.4230715301339,16.43683304719373,flat,flat,3740.080295260399,4.375912976475371,4915.1328381652565,231.8998198946174,4.455972955251488,0.6031110481026332,3.546356516610576,0.955440270447485,True,-3060.084510169947,False,False,False,0.4989525107420577,True
KLNC0288,Kalyanpur,Commercial,Commercial,41.84160261653365,0.5768442080828117,2.0175549347711645,24.538852326013345,0.2865266163297989,LT-E,2534.8638322160646,2331.584368100945,53.61841011715982,203.2794641151191,84,462,5096.4228387585,609.8383923453573,30,,0.0,0,7.576435448968546,7.636140198397999,9.15,38518.97757770904,34589.70871473689,609.8383923453573,15.36,30,1.0,2534.8638322160646,2331.584368100945,41746.95888598068,38468.46768873204,0.0,38935.50846283875,35813.135894030514,16.469112997475712,16.4988529752686,flat,flat,3278.4911972486443,7.8532455650311235,3929.2688629721524,203.27946411511948,8.019344531710235,-0.0597047494294527,-0.788032179929427,0.9113456015641206,True,-1208.093249164498,False,True,False,0.6432926193477486,True
KLNC0289,Kalyanpur,Commercial,Commercial,41.84160261653365,0.5268150291363808,2.5434506681347773,30.193056933656216,0.278676276202891,LT-E,3731.709536658177,3432.0977068001075,17.968778330101713,299.6118298580689,28,367,9091.899738150858,898.8354895742068,30,,0.0,0,11.947430211579368,11.728666327752832,12.650000000000002,57403.91850876845,51554.72751572621,898.8354895742068,15.36,30,1.0,3731.709536658177,3432.0977068001075,61380.436407223075,56548.29681527214,0.0,57319.058483069595,52717.02077644965,16.44834245652209,16.47630739160819,flat,flat,4832.139591950938,7.872442548131354,5849.190993042241,299.61182985806954,8.02880896583334,0.21876388382653644,1.8310538747864957,0.9177858463590779,True,-3360.9246566257134,False,False,False,0.5314774393820708,True
KLNC0290,Kalyanpur,Commercial,Commercial,41.84160261653365,0.587755256124807,2.8511483457026072,20.93501887520453,0.31322121954073856,LT-E,3995.902199877191,3674.791675880822,0.0,321.1105239963689,0,252,6722.4548808908,963.3315719891065,16,,0.0,0,12.724630238857042,12.724630238857042,12.5,61738.392545084076,55296.62432292975,963.3315719891065,15.36,30,1.0,3995.902199877191,3674.791675880822,65627.16067961934,60448.29014860589,0.0,61377.05779011365,56444.80014152942,16.423615343147365,16.44944679322995,flat,flat,5178.870531013446,7.891352417782956,6441.768222154329,321.110523996369,8.035995575823602,0.0,0.0,0.919640044241764,True,-580.2527778882477,False,True,False,0.7703838289394644,True
KLNC0291,Kalyanpur,Commercial,Commercial,41.84160261653365,0.6719364153951406,2.2370798124924667,29.7684947823157,0.363600414057694,LT-E,6928.777360354113,6371.990204472211,17.68825285469057,556.7871558819005,28,291,16614.28557811023,1670.3614676457014,30,,0.0,0,15.761496740161778,15.761496740161778,15.85,105508.59558668728,94335.13302658164,1670.3614676457014,15.36,30,1.0,6928.777360354113,6371.990204472211,113245.14626779113,104265.28301772782,0.0,106426.02025503917,97873.76954069316,16.344174502672065,16.363063920680347,flat,flat,8979.86325006331,7.929578923257869,11173.462560105647,556.7871558819015,8.035864437899122,0.0,0.0,0.9186202084872649,True,-5964.060860401218,False,True,False,0.5404904837975413,True
KLNC0292,Kalyanpur,Commercial,Commercial,41.84160261653365,0.650507324310981,2.3185226823354608,29.624790067196308,0.3781374829101042,LT-E,7971.366382124463,7330.762057385664,0.0,640.6043247387972,0,256,18977.768636524917,1921.8129742163912,16,,0.0,0,21.166646261627502,21.166646261627502,18.1,122844.05959329753,109657.65751006124,1921.8129742163912,15.36,30,1.0,7971.366382124463,7330.762057385664,130272.64701090334,119940.98046151598,0.0,122440.18762943175,112600.5052014438,16.342574254651705,16.361324992219156,flat,flat,10331.666549387359,7.930802656157463,13186.402083236288,640.6043247387988,8.036317665379599,0.0,0.0,0.9196368233462042,True,-6724.2891129211675,False,True,False,0.5444089211575099,True
KLNC0293,Kalyanpur,Commercial,Commercial,41.84160261653365,0.5010613650634076,1.4844864754477742,20.859729913421106,0.28668541257781915,LT-E,5512.036655719837,5069.206535492698,9.405682692015754,442.8301202271383,14,307,9251.279314214553,1328.490360681415,30,,0.0,0,15.672266985878688,15.55296816572605,14.950000000000001,85289.93700828863,76480.69474149974,1328.490360681415,15.36,30,1.0,5512.036655719837,5069.206535492698,90310.90218344952,83168.93800442622,0.0,84664.88303185669,77863.01238516784,16.384307257778115,16.406697462829392,flat,flat,7141.9641790233,7.908197134954703,8809.24226678889,442.83012022713865,8.033874734262048,0.11929882015263793,0.7612097232655028,0.9189786967689129,True,-780.8247745098379,False,False,False,0.7719974650478557,True
KLNC0294,Kalyanpur,Commercial,Commercial,41.84160261653365,0.42063225877706556,3.000837817548257,22.347047611540003,0.3192170637376128,LT-E,5638.249760857307,5185.2141972229565,0.0,453.0355636343513,0,271,10124.00731025771,1359.1066909030537,16,,0.0,0,16.965856732622285,16.965856732622285,15.05,88564.76194221844,79206.25386275833,1359.1066909030537,15.36,30,1.0,5638.249760857307,5185.2141972229565,92355.91714310664,85049.35957281184,0.0,86603.51632676822,79644.8900693446,16.380245831653923,16.402284715327998,flat,flat,7306.557570294797,7.911304219926912,9358.508079460109,453.0355636343502,8.035038936718994,0.0,0.0,0.9196496106328098,True,-1458.3430490598585,False,False,False,0.7217060741245954,True
KLNC0295,Kalyanpur,Commercial,Commercial,41.84160261653365,0.460293172514028,2.44277743147754,25.964902218650835,0.31277205439097316,LT-E,3113.6538674545527,2863.7167469105216,0.0,249.93712054403133,0,248,6489.592895736919,749.811361632094,16,,0.0,0,13.265439209390737,13.265439209390737,10.950000000000001,48280.07530034874,43234.1931797354,749.811361632094,15.36,30,1.0,3113.6538674545527,2863.7167469105216,51251.78457430702,47220.79869417289,0.0,47825.723404101926,43986.68923254561,16.46033462807667,16.489339857063847,flat,flat,4030.9858801341325,7.865064433590283,5045.882120613343,249.93712054403113,8.027132468271354,0.0,0.0,0.9197286753172864,True,-1708.795653970692,False,False,False,0.6211461866555804,True
KLNC0296,Kalyanpur,Commercial,Commercial,41.84160261653365,0.5958264844843056,2.592489236993659,27.218195293246552,0.13498351076113876,LT-E,3072.9204115002635,2940.251364260628,108.88062503579872,132.66904723963592,150,480,3893.283885659812,398.0071417189077,30,,0.0,0,10.392549969579377,10.320074966268521,10.350000000000001,47472.91992819159,44582.68179939258,398.0071417189077,15.36,30,1.0,3072.9204115002635,2940.251364260628,50538.13539667625,48398.44900279541,0.0,47200.05752064405,45162.260955043246,16.446288425674677,16.460650130491803,flat,flat,2139.6863938808383,4.233805574911574,2890.238128799014,132.66904723963535,4.3173603437019565,0.07247500331085632,0.6973745954842846,0.9426534782370363,True,-1355.5903500600657,False,False,False,0.5495839647763616,True
KLNC0297,Kalyanpur,Commercial,Commercial,41.84160261653365,0.4162860720427436,3.5694096588002733,30.25640108235271,0.24224357604325236,LT-E,852.4904472715355,851.1361142100394,0.0,1.3543330614960154,0,7,40.9772443077141,4.062999184488046,1,,0.0,0,3.699169593683191,3.699169593683191,5.3,13196.915314959844,13167.889248785861,4.062999184488046,15.36,30,1.0,852.4904472715355,851.1361142100394,14249.815933595324,14227.973249979514,0.0,13094.253270090785,13073.450714266204,16.71551391479284,16.716448770576314,flat,flat,21.84268361581053,0.15328397024634038,29.026066173983054,1.3543330614960496,0.15886782847018427,0.0,0.0,0.9984113217152982,True,-15.071561507415527,False,False,False,0.5330442294212198,True
KLNC0298,Kalyanpur,Commercial,Commercial,41.84160261653365,0.49558776652418485,2.3760827792397854,23.345780331058265,0.265028849435301,LT-E,3947.573506870597,3630.957484988002,9.345234829479564,316.61602188259656,14,436,7413.853147710911,949.8480656477892,30,,0.0,0,10.496890123847564,10.310631237075356,11.350000000000001,60764.49993730862,54730.89695771085,949.8480656477892,15.36,30,1.0,3947.573506870597,3630.957484988002,64739.040518808986,59632.65731788649,0.0,60634.72906553237,55771.50696941571,16.399704883552698,16.423397289677585,flat,flat,5106.383200922493,7.887641151306386,6033.6029795977665,316.6160218825953,8.02052251418593,0.18625888677220814,1.7744197050234172,0.9188478402601434,True,-1357.621881140628,False,False,False,0.6887623883539064,True
KLNC0299,Kalyanpur,Commercial,Commercial,41.84160261653365,0.7393793349908486,3.2202416992126297,23.445967914315606,0.18831240191585086,LT-E,6517.031022873327,5993.7188571615825,18.95551393867208,523.3121657117466,28,480,12330.601582863936,1569.9364971352393,30,,0.0,0,18.354419422139486,18.40293441766745,17.85,99675.45159411123,89982.05014565423,1569.9364971352393,15.36,30,1.0,6517.031022873327,5993.7188571615825,106793.50133690101,98353.52272830199,0.0,100101.5965113343,92063.5216460019,16.386833354341817,16.409432119223357,flat,flat,8439.97860859902,7.903082587369671,9693.401448457007,523.3121657117445,8.029916750051294,-0.04851499552796312,-0.26432323688453646,0.9185373877423793,True,-2320.686477129677,False,True,False,0.6844741963221173,True
KLNC0300,Kalyanpur,Commercial,Commercial,41.84160261653365,0.3954788516848634,3.0637757735942,31.54437258045566,0.35808060323932034,LT-E,4914.108201582147,4914.108201582147,0.0,0.0,0,0,0.0,0.0,0,,0.0,0,17.693804334227476,17.693804334227476,15.750000000000002,75638.28070535585,75638.28070535585,0.0,15.36,30,1.0,4914.108201582147,4914.108201582147,80743.11207511686,80743.11207511686,0.0,75480.70197630177,75480.70197630177,16.430877946301795,16.430877946301795,flat,flat,0.0,0.0,0.0,0.0,0.0,0.0,0.0,1.0,True,0.0,False,False,False,,False
KLNC0301,Kalyanpur,Commercial,Commercial,41.84160261653365,0.6634695580029075,2.5464967917523404,24.610482942403497,0.3278862943176203,LT-E,3990.9292996330933,3670.3791292388432,54.7462369525402,320.55017039424973,70,335,8028.305617432375,961.6505111827494,30,,0.0,0,12.43738914894018,12.623600839254943,11.85,61330.70895631508,54832.4769942202,961.6505111827494,15.36,30,1.0,3990.9292996330933,3670.3791292388432,65485.53274448253,60315.69959636406,0.0,61300.67404236431,56377.02342510863,16.40859254272005,16.433097909662596,flat,flat,5169.833148118472,7.894618752344281,6498.231962094884,320.55017039425,8.031968153976566,-0.18621169031476192,-1.4971927635683044,0.9141932518807715,True,-1896.8219581311532,False,True,False,0.6439507156893581,True
KLNC0302,Kalyanpur,Commercial,Commercial,41.84160261653365,0.475754613331504,2.7649914705355725,25.33418632487061,0.27740025185061873,LT-E,5878.663035041188,5406.111276736601,8.305073250730462,472.55175830458535,14,346,11994.67774973403,1417.655274913756,30,,0.0,0,16.480517051251113,16.480517051251113,17.15,90426.69225820832,81172.71737732309,1417.655274913756,15.36,30,1.0,5878.663035041188,5406.111276736601,96431.75242914427,88810.43767120791,0.0,90296.26421823264,83037.8692106742,16.403687684485327,16.4277857271222,flat,flat,7621.314757936358,7.903324958795409,9253.974880885231,472.55175830458666,8.03842226519581,0.0,0.0,0.9190506778891192,True,-2955.707716883917,False,False,False,0.635391372486464,True
KLNC0303,Kalyanpur,Commercial,Commercial,41.84160261653365,0.5156552506546577,3.2048138142794933,23.42180872014198,0.27782009185692863,LT-E,7775.044281718413,7150.451066190962,11.352284321753832,624.593215527451,14,334,14665.484779600361,1873.779646582353,30,,0.0,0,23.947212359769477,23.966709523999352,20.3,118968.42562973266,106822.4118675063,1873.779646582353,15.36,30,1.0,7775.044281718413,7150.451066190962,127314.26417555456,117240.82479552782,0.0,119424.68016719482,109830.92837669316,16.374731713735784,16.396283774302074,flat,flat,10073.439380026743,7.912262970107108,12146.013762226372,624.5932155274513,8.033307501489958,-0.019497164229875352,-0.08141726033477677,0.9190828879604653,True,-2718.2657529912667,False,False,False,0.6868807633307057,True
KLNC0304,Kalyanpur,Commercial,Commercial,41.84160261653365,0.30784625005834465,2.4274031444524407,25.434829516993545,0.41324805828634237,LT-E,5222.188403001623,5222.188403001623,0.0,0.0,0,0,0.0,0.0,0,,0.0,0,17.39156811058918,17.39156811058918,18.15,80818.53898852441,80818.53898852441,0.0,15.36,30,1.0,5222.188403001623,5222.188403001623,85938.62956361016,85938.62956361016,0.0,80212.81387010492,80212.81387010492,16.456439892941077,16.456439892941077,flat,flat,0.0,0.0,0.0,0.0,0.0,0.0,0.0,1.0,True,0.0,False,False,False,,False
KLNC0305,Kalyanpur,Commercial,Commercial,41.84160261653365,0.544500493761359,2.2425813367950345,31.557237070778317,0.30527696190372766,LT-E,1776.0828829846785,1639.5843474155984,62.866069534066966,136.4985355690794,108,448,4448.4989210222575,409.4956067072381,30,,0.0,0,5.238839127838916,5.405151481103643,6.55,27194.084666205206,24406.167561751787,409.4956067072381,15.36,30,1.0,1776.0828829846785,1639.5843474155984,29263.639736776895,27062.19135511877,0.0,27280.63308264466,25184.01557630359,16.47650569527466,16.505519461548694,flat,flat,2201.4483816581233,7.522811247882698,2787.9171044534196,136.4985355690801,7.685369690613567,-0.16631235326472726,-3.1746031746031704,0.9089879391714736,True,-1837.5549326568962,False,False,False,0.49487443309354207,True
KLNC0306,Kalyanpur,Commercial,Commercial,41.84160261653365,0.39521177380977335,1.8171055138778023,30.060323092789105,0.3235259938130926,LT-E,5240.719682262334,5240.719682262333,77.84265257598733,0.0,150,0,141.44831321070066,0.0,30,,0.0,0,19.275764010069935,19.399323776063564,22.0,81855.59998697272,81548.14375005547,0.0,15.36,30,1.0,5240.719682262334,5240.719682262333,86601.32703552692,86601.3270355269,0.0,80497.45431954945,80497.45431954943,16.524701240678176,16.524701240678176,flat,flat,1.4551915228366852e-11,1.680333977145309e-14,307.45623691724904,9.094947017729282e-13,1.735438559805424e-14,-0.12355976599362961,-0.641010991466176,0.9940586287918087,True,-141.4483132106861,False,False,False,1.0287796933067979e-13,True
KLNC0307,Kalyanpur,Commercial,Commercial,41.84160261653365,0.6507709218809288,2.6794854810589954,22.74107766854527,0.24442848218438568,LT-E,2501.664195924184,2301.1870684846176,0.0,200.4771274395655,0,480,4559.065925870007,601.4313823186965,16,,0.0,0,7.526662656417871,7.5260659263851775,7.1000000000000005,37795.59223632196,34111.49082228503,601.4313823186965,15.36,30,1.0,2501.664195924184,2301.1870684846176,41017.790151865236,37784.49504051991,0.0,38425.56204939546,35346.23337192373,16.396201464086644,16.41956690874412,flat,flat,3233.2951113453237,7.882665300530077,3684.10141403693,200.47712743956617,8.013750517203384,0.0005967300326936709,0.00792821546459038,0.9198624948279664,True,-724.3394322059867,False,True,False,0.7092012188282436,True
KLNC0308,Kalyanpur,Commercial,Commercial,41.84160261653365,0.38631315777924935,2.80840278788873,28.802085848764797,0.11735472242801101,LT-E,3301.1243089566246,3301.1243089566246,0.0,0.0,0,0,0.0,0.0,0,,0.0,0,10.136238678212756,10.136238678212756,8.35,50807.35613210683,50807.35613210683,0.0,15.36,30,1.0,3301.1243089566246,3301.1243089566246,54029.60785485244,54029.60785485244,0.0,50705.26938557375,50705.26938557375,16.367032198169294,16.367032198169294,flat,flat,0.0,0.0,0.0,0.0,0.0,0.0,0.0,1.0,True,0.0,False,False,False,,False
KLNC0309,Kalyanpur,Commercial,Commercial,41.84160261653365,0.4452184526169219,2.8356535310069253,29.905417255537984,0.2789936366319991,LT-E,3563.323599787192,3426.612743328762,0.0,136.7108564584291,0,192,4088.395205751283,410.1325693752874,16,,0.0,0,8.888068728678046,8.888068728678046,9.450000000000001,54710.415084041764,51780.428008424715,410.1325693752874,15.36,30,1.0,3563.323599787192,3426.612743328762,58362.30801736783,56157.435324406266,0.0,54732.65049273127,52632.77173752978,16.37861574538258,16.38861450968996,flat,flat,2204.872692961566,3.7779052403229594,2929.9870756170494,136.71085645843004,3.83661075481875,0.0,0.0,0.9616338924518127,True,-1473.3899434144296,False,False,False,0.5393002833629923,True
KLNC0310,Kalyanpur,Commercial,Commercial,41.84160261653365,0.5284975998313183,2.100481701596606,23.02689166658585,0.2636237451040669,LT-E,3255.7397015163297,2994.7012160704517,71.92989812200011,261.03848544587834,84,478,6161.99235997486,783.1154563376351,30,,0.0,0,15.647593658603768,15.270919316958803,13.950000000000001,50068.39994121359,44961.75329560615,783.1154563376351,15.36,30,1.0,3255.7397015163297,2994.7012160704517,53826.84490605536,49616.816212784244,0.0,50008.16181529082,45998.61067884214,16.532907984316445,16.568202512666623,flat,flat,4210.028693271117,7.821429438450146,5106.646645607441,261.038485445878,8.017793477909239,0.3766743416449643,2.407234938886922,0.9109847619084223,True,-1168.848210366108,False,False,False,0.6832252374438669,True
KLNC0311,Kalyanpur,Commercial,Commercial,41.84160261653365,0.5130308819414163,3.1158229058150235,24.413051240429972,0.27919829554078357,LT-E,2655.417379575036,2442.317910297848,14.242098793198315,213.09946927718818,28,385,5246.784120419154,639.2984078315646,30,,0.0,0,6.8544810131021245,6.860060600048986,9.100000000000001,40730.54375343862,36553.76015404722,639.2984078315646,15.36,30,1.0,2655.417379575036,2442.317910297848,43686.52149778618,40249.653257283695,0.0,40787.21095027256,37514.003102174946,16.451847394618476,16.480104038697867,flat,flat,3436.8682405024883,7.867113523050014,4176.783599391405,213.0994692771883,8.025083774637793,-0.005579586946861781,-0.08140057483851186,0.9176037972495747,True,-1170.6174720851004,False,False,False,0.6550428151078426,True
KLNC0312,Kalyanpur,Commercial,Commercial,41.84160261653365,0.6847025199727446,1.8706930127381827,17.23508330230406,0.25735938599621083,LT-E,2007.4347267681924,1846.8399486267372,46.376379826327884,160.59477814145527,84,608,2854.6203488802257,481.78433442436585,30,,0.0,0,4.733335274337908,4.891078062862833,6.25,30547.225664951795,27420.00359632647,481.78433442436585,15.36,30,1.0,2007.4347267681924,1846.8399486267372,32966.5322733174,30376.459691452015,0.0,30834.197403159433,28367.46161090668,16.422218781873347,16.44780302377538,flat,flat,2590.072581865388,7.8566728231884815,3127.222068625324,160.5947781414552,7.999999999999991,-0.15774278852492518,-3.332592757165084,0.9107590759075909,True,217.2365674095281,True,True,True,0.9073264621270527,True
KLNC0313,Kalyanpur,Commercial,Commercial,41.84160261653365,0.7573239288527975,3.216653718689649,24.287391846572902,0.3496238586745406,LT-E,770.3264599429983,708.7003431475584,11.21834650402424,61.62611679543987,14,296,1532.8231825932337,184.87835038631962,30,,0.0,0,2.902524571676113,2.6557718254424736,3.1,11773.955948708119,10544.129769936639,184.87835038631962,15.36,30,1.0,770.3264599429983,708.7003431475584,12716.775145960677,11722.869134283823,0.0,11832.214424724454,10885.637270746498,16.508293310996585,16.541362294561505,flat,flat,993.9060116768542,7.815707994117957,1229.82617877148,61.626116795439884,8.000000000000002,0.24675274623363963,8.501314636283956,0.9141747572815534,True,-354.03882053005987,False,True,False,0.6484153051465217,True
KLNC0314,Kalyanpur,Commercial,Commercial,41.84160261653365,0.5495779125734669,2.7378869197974147,23.543368253764243,0.39017845917453664,LT-E,4259.77967495704,3917.896957693392,8.046143826053754,341.8827172636481,14,215,8071.100144071788,1025.6481517909442,30,,0.0,0,14.310217527871039,13.845727715527364,15.95,65876.30797046676,58710.27103180048,1025.6481517909442,15.36,30,1.0,4259.77967495704,3917.896957693392,70209.00159770715,64695.11713367902,0.0,65430.21580734013,60178.8972701705,16.481838722894796,16.512715324643807,flat,flat,5513.884464028124,7.853529232080967,7166.036938666279,341.8827172636479,8.02583099012265,0.46448981234367537,3.245861297628915,0.9189861445598005,True,-1531.56752825272,False,False,False,0.6831639263053952,True
KLNC0315,Kalyanpur,Commercial,Commercial,41.84160261653365,0.6286606158847438,2.0211845160466693,26.867181794803212,0.38509973516713836,LT-E,1692.5215169791002,1557.1197956207718,41.1376757599087,135.4017213583281,84,512,3721.009496335566,406.2051640749842,30,,0.0,0,4.840206691592432,4.980130758803006,5.95,25813.209829287254,23157.89935533532,406.2051640749842,15.36,30,1.0,1692.5215169791002,1557.1197956207718,27859.262025838925,25675.503063771805,0.0,25997.130500798976,23917.360060735053,16.460211433863233,16.489099384633946,flat,flat,2183.7589620671206,7.838538436666867,2655.310473951933,135.40172135832836,8.00000000000002,-0.1399240672105737,-2.8908696699590437,0.9102777777777777,True,-1131.0453701934612,False,True,False,0.5868727194106,True
KLNC0316,Kalyanpur,Commercial,Commercial,41.84160261653365,0.42567518102853596,1.9391669969950946,19.6347134549405,0.3378919272159905,LT-E,5506.784544679387,5064.746819196867,12.219478523557882,442.0377254825179,28,286,8702.979685596263,1326.1131764475535,30,,0.0,0,17.611928395205528,17.63034289723762,18.85,84994.72123021666,76170.29311516,1326.1131764475535,15.36,30,1.0,5506.784544679387,5064.746819196867,90594.74613658915,83465.56170000708,0.0,84584.21060627539,77794.51114286388,16.45147824498075,16.479710571839103,flat,flat,7129.1844365820725,7.869313332843214,8824.428115056653,442.0377254825198,8.027147637537649,-0.01841450203209405,-0.10455698898427843,0.9188409291727679,True,-247.68207256663663,False,False,False,0.8191659286969408,True
KLNC0317,Kalyanpur,Commercial,Commercial,41.84160261653365,0.47394895826091216,2.525683788401058,28.096780403821942,0.2230137844428745,LT-E,3008.4709803044952,2767.1035060916356,0.0,241.36747421285904,0,505,6781.648919583856,724.1024226385771,16,,0.0,0,7.738476113778251,7.738476113778251,8.25,46558.37319110728,42031.40313917873,724.1024226385771,15.36,30,1.0,3008.4709803044952,2767.1035060916356,49300.2449703509,45407.4703462459,0.0,46210.11425747704,42502.709853567525,16.387143267495002,16.409747682471473,flat,flat,3892.774624104997,7.896055336938197,4526.970051928554,241.36747421285963,8.022928450798291,0.0,0.0,0.9197707154920173,True,-2164.7718728402815,False,False,False,0.5740159466031265,True
KLNC0318,Kalyanpur,Commercial,Commercial,41.84160261653365,0.3983713334562372,2.1207360734244536,25.18196299340167,0.36920121268935646,LT-E,2413.1937194173665,2269.1943830350765,16.614770870384397,143.99933638228987,30,211,3661.421503789727,431.99800914686955,30,,0.0,0,7.284859104465456,7.3112317566406695,8.85,37013.729844896945,33910.55231775878,431.99800914686955,15.36,30,1.0,2413.1937194173665,2269.1943830350765,39756.31330676329,37433.89200958972,0.0,37066.65553025075,34854.82572341878,16.47456355735996,16.49655590964464,flat,flat,2322.4212971735687,5.841641500441847,3103.177527138163,143.99933638229004,5.967168537843566,-0.026372652175213673,-0.36202007200177455,0.9375743258743376,True,-907.0021974692886,False,False,False,0.6342949848220872,True
KLNC0319,Kalyanpur,Commercial,Commercial,41.84160261653365,0.5023288116838692,1.9087348163592903,24.310248271120358,0.3488275017952898,LT-E,2629.3439609611464,2418.2368589869575,11.476918236181152,211.10710197418882,14,280,5153.972454211159,633.3213059225665,30,,0.0,0,7.977672662848143,8.010550674245428,6.3500000000000005,40689.74244339605,36387.231703029065,633.3213059225665,15.36,30,1.0,2629.3439609611464,2418.2368589869575,43006.134402381365,39601.39906174165,0.0,40386.72324036321,37144.118154039665,16.356222328044385,16.376145667687567,flat,flat,3404.735340639716,7.916859740947065,4302.510740366983,211.10710197418894,8.028888768779401,-0.03287801139728508,-0.4121253501713263,0.9179651378932508,True,-1115.9158076488766,False,False,False,0.6606041011837009,True
KLNC0320,Kalyanpur,Commercial,Commercial,41.84160261653365,0.4949986299900036,2.1397181912805507,27.616830136751304,0.23601365912446365,LT-E,2464.0581343860827,2266.256370632225,0.0,197.80176375385818,0,360,5462.657710340112,593.4052912615745,16,,0.0,0,8.077817835790157,8.077817835790157,7.1,38249.29671915302,34423.809058875384,593.4052912615745,15.36,30,1.0,2464.0581343860827,2266.256370632225,40411.27959137874,37221.13274555652,0.0,37847.93294417023,34809.69785291097,16.40029471197812,16.42406094380788,flat,flat,3190.1468458222225,7.894199040662899,3825.487660277635,197.8017637538578,8.027479587170532,0.0,0.0,0.9197252041282945,True,-1679.1055732563154,False,False,False,0.5839917152018664,True
KLNC0321,Kalyanpur,Commercial,Commercial,41.84160261653365,0.6007750892352862,2.2168278716367835,25.20345800020913,0.2843100650949069,LT-E,1577.757382212732,1483.2225429192338,75.18982825574743,94.5348392934982,180,560,2549.287758631125,283.6045178804947,30,,0.0,0,3.387151362554059,3.4993301116122946,5.25,24094.099986415866,22064.81850753441,283.6045178804947,15.36,30,1.0,1577.757382212732,1483.2225429192338,25942.19606032694,24417.5381722014,0.0,24234.35339078756,22782.29825923943,16.442449487350334,16.462491275343982,flat,flat,1524.657888125541,5.877135014244921,2029.281478881454,94.53483929349818,5.991722197548361,-0.11217874905823555,-3.311890643518449,0.9210203216282619,True,-741.0253526250895,False,True,False,0.5980721018894418,True
KLNC0322,Kalyanpur,Commercial,Commercial,41.84160261653365,0.6723098041528844,2.5805451817090614,25.560116176632945,0.20529129420862074,LT-E,2406.8895046385696,2220.248396546591,35.03989334569932,186.64110809197848,60,416,4860.990434107322,559.9233242759356,30,,0.0,0,8.546710011448502,7.432118461854204,8.8,37396.7343698098,33760.17941722889,559.9233242759356,15.36,30,1.0,2406.8895046385696,2220.248396546591,39649.91393081085,36639.766139503416,0.0,36969.82279124843,34103.01537095563,16.47350817492757,16.50255268576862,flat,flat,3010.147791307434,7.591814187945391,3636.554952580911,186.64110809197882,7.754452696406841,1.114591549594298,13.041176641085032,0.9166322072352924,True,-1290.919318523952,False,True,False,0.6192457755494887,True
KLNC0323,Kalyanpur,Commercial,Commercial,41.84160261653365,0.5864617522940576,2.1342501355336827,26.70017082561094,0.34620052885380603,LT-E,3116.252365719525,2866.0806248794506,0.0,250.17174084007522,0,197,6679.628216170477,750.5152225202255,16,,0.0,0,10.807123613188251,10.807123613188251,10.15,48741.33199951175,43525.06808952497,750.5152225202255,15.36,30,1.0,3116.252365719525,2866.0806248794506,51218.0931543245,47183.32331805578,0.0,47865.636337451906,44022.99839814836,16.435797600268657,16.462664346729724,flat,flat,4034.7698362687224,7.877626025849137,5216.263909986781,250.17174084007456,8.027967939698982,0.0,0.0,0.91972032060301,True,-1894.3431573815287,False,True,False,0.6040410791877743,True
KLNC0324,Kalyanpur,Commercial,Commercial,41.84160261653365,0.4753427111172905,2.5207009597982757,30.782223703488427,0.32713538375059154,LT-E,6698.496269671568,6243.685059686493,139.51490624013817,454.8112099850749,180,242,14351.77576668051,1364.4336299552247,30,,0.0,0,17.719254295622477,17.94070652774968,15.35,103049.36151622662,93265.86651391651,1364.4336299552247,15.36,30,1.0,6698.496269671568,6243.685059686493,109483.92283726306,102148.72764262375,0.0,102888.90270215529,95903.00251678453,16.344552333777912,16.36032674072014,flat,flat,7335.195194639309,6.699792083210561,9783.495002310112,454.81120998507504,6.789750888483733,-0.2214522321272021,-1.2497830237805867,0.9237713731672846,True,-5652.146942085976,False,False,False,0.5111001811823807,True
KLNC0325,Kalyanpur,Commercial,Commercial,41.84160261653365,0.2813070215268519,2.699693923478403,25.207902663194325,0.3087889287576175,LT-E,4605.052333435435,4605.052333435435,0.0,0.0,0,0,0.0,0.0,0,,0.0,0,11.515278370840043,11.515278370840043,12.650000000000002,70807.86316613325,70807.86316613325,0.0,15.36,30,1.0,4605.052333435435,4605.052333435435,75465.70903364668,75465.70903364668,0.0,70733.60384156827,70733.60384156827,16.38758988377189,16.38758988377189,flat,flat,0.0,0.0,0.0,0.0,0.0,0.0,0.0,1.0,True,0.0,False,False,False,,False
KLNC0326,Kalyanpur,Commercial,Commercial,41.84160261653365,0.573823683652001,2.372414930973574,25.875170914482254,0.28831531159028767,LT-E,4114.4419479622775,3784.4202820396295,52.301615129910225,330.02166592264894,84,348,8663.448143878937,990.0649977679466,30,,0.0,0,15.224027370824551,14.919725423636805,15.15,63193.51490631416,56789.03769550452,990.0649977679466,15.36,30,1.0,4114.4419479622775,3784.4202820396295,67789.39473673562,62466.80530873514,0.0,63197.82832070058,58128.69553212871,16.47596334912662,16.506307612078537,flat,flat,5322.589428000472,7.851655039362844,6404.477210809637,330.021665922648,8.021055348370995,0.3043019471877457,1.9988268529450521,0.9147047603506908,True,-2350.793718110518,False,False,False,0.6143730925152577,True
KLNC0327,Kalyanpur,Commercial,Commercial,41.84160261653365,0.40947203530993925,2.7475896107911026,21.721785297036497,0.3131977598882793,LT-E,1828.2379725298097,1681.6111141703927,0.0,146.62685835941673,0,283,3184.9971360622317,439.8805750782503,16,,0.0,0,6.184326482908289,6.184326482908289,6.85,28160.34355600713,25261.86892559599,439.8805750782503,15.36,30,1.0,1828.2379725298097,1681.6111141703927,30133.147020960772,27768.34904934009,0.0,28081.735258057877,25829.54671365723,16.48207042722358,16.51294334067205,flat,flat,2364.797971620683,7.84782940187335,2898.4746304111395,146.62685835941693,8.020118855562506,0.0,0.0,0.919798811444375,True,-380.31858936329854,False,False,False,0.7424804075473671,True
KLNC0328,Kalyanpur,Commercial,Commercial,41.84160261653365,0.38507865495720706,3.0243263339514312,21.56052357848951,0.31162430233545674,LT-E,5809.15574687693,5342.5687028695975,0.0,466.587044007332,0,288,10059.860963737805,1399.7611320219962,16,,0.0,0,19.775259850684904,19.775259850684904,18.45,90156.741262258,80738.00340676727,1399.7611320219962,15.36,30,1.0,5809.15574687693,5342.5687028695975,95433.5888856311,87908.47303988086,0.0,89228.63227202963,82061.85527607701,16.428133974018053,16.4543458266926,flat,flat,7525.115845750246,7.88518584873555,9418.737855490734,466.5870440073322,8.03192519426209,0.0,0.0,0.9196807480573791,True,-1134.9839859655622,False,False,False,0.7480337822635514,True
KLNC0329,Kalyanpur,Commercial,Commercial,41.84160261653365,0.5178649198745998,1.7639034856841382,26.523441931231517,0.3066077198135349,LT-E,1508.1309474467007,1387.4391741534264,0.0,120.69177329327412,0,384,3201.1612405215146,362.0753198798224,16,,0.0,0,3.553885788754477,3.553885788754477,3.3499999999999996,23129.18753157587,20836.619243295638,362.0753198798224,15.36,30,1.0,1508.1309474467007,1387.4391741534264,24639.710920420388,22693.19400074646,0.0,23164.89135278132,21311.06571499663,16.33791214359467,16.35617216487574,flat,flat,1946.5169196739298,7.899917843844247,2292.568288280232,120.69177329327431,8.002738323061944,0.0,0.0,0.9199726167693807,True,-892.5690009677623,False,False,False,0.608065877792777,True
KLNC0330,Kalyanpur,Commercial,Commercial,41.84160261653365,0.34648059045366786,1.266925277939385,29.69415226955377,0.34202995910801565,LT-E,7868.7720522754635,7868.7720522754635,0.0,0.0,0,0,0.0,0.0,0,,0.0,0,21.95314442216484,21.95314442216484,17.95,121029.8775842091,121029.8775842091,0.0,15.36,30,1.0,7868.7720522754635,7868.7720522754635,128603.83065909868,128603.83065909868,0.0,120864.33872295111,120864.33872295111,16.343570484026092,16.343570484026092,flat,flat,0.0,0.0,0.0,0.0,0.0,0.0,0.0,1.0,True,0.0,False,False,False,,False
KLNC0331,Kalyanpur,Commercial,Commercial,41.84160261653365,0.5494556031101845,2.5191606041939796,30.50837975119646,0.32169473375595975,LT-E,7103.61013149936,6533.258448102396,51.118581020813146,570.3516833969636,84,266,17529.28166425867,1711.0550501908906,30,,0.0,0,22.98172396475393,23.13365032724139,20.749999999999996,109263.407196732,97758.86086691965,1711.0550501908906,15.36,30,1.0,7103.61013149936,6533.258448102396,116527.89920082167,107329.26725099544,0.0,109111.45161983017,100350.8497628528,16.404039220016443,16.428137368753497,flat,flat,9198.631949826231,7.8939309924171095,11504.54632981235,570.3516833969643,8.029039781728281,-0.15192636248746183,-0.6610746988366264,0.9168311457317283,True,-6619.594664241547,False,False,False,0.5247580663035258,True
KLNC0332,Kalyanpur,Commercial,Commercial,41.84160261653365,0.645470383029274,2.579616669266135,20.522389456614157,0.32560811659361594,LT-E,3384.9925083820394,3113.397824863569,27.7456701031019,271.59468351847016,42,436,5645.345062609836,814.7840505554107,30,,0.0,0,8.592773615972881,8.478782314767829,10.05,51706.06831410624,46401.388524254864,814.7840505554107,15.36,30,1.0,3384.9925083820394,3113.397824863569,55542.884175185536,51162.60511939964,0.0,51993.48492874813,47821.79058990442,16.408569306327344,16.433044537648065,flat,flat,4380.279055785897,7.88630104617945,5304.679789851376,271.59468351847045,8.023494375421452,0.11399130120505241,1.3265949540804494,0.9164863878251734,True,-450.2819562685281,False,True,False,0.7759098880947589,True
KLNC0333,Kalyanpur,Commercial,Commercial,41.84160261653365,0.5008718578136403,1.9330317542828577,28.751889857076993,0.366746363889481,LT-E,3112.0403904248215,2878.3004745792928,79.82259855877281,233.73991584552812,168,247,6874.7639333165525,701.2197475365845,30,,0.0,0,10.995668536918785,11.131421255556154,15.25,48466.396115870964,43409.90602692734,701.2197475365845,15.36,30,1.0,3112.0403904248215,2878.3004745792928,51632.11241677152,47862.355054014835,0.0,47800.94039692525,44210.695289537936,16.591080429301005,16.62868608636513,flat,flat,3769.7573627566817,7.301187548414466,5056.490088943625,233.73991584552869,7.510825263216493,-0.13575271863736837,-1.2346017723394298,0.9146319064217636,True,-2403.786823023286,False,False,False,0.5483471722552747,True
KLNC0334,Kalyanpur,Commercial,Commercial,41.84160261653365,0.5190240695244206,3.1258343990676756,22.361347737043214,0.3171933268197769,LT-E,2958.8179892482,2722.040119103858,33.744612451285704,236.77787014434114,56,588,5400.152361117514,710.3336104330235,30,,0.0,0,6.3661094610326625,6.465390046258785,8.950000000000001,44719.861188948766,40219.72607818952,710.3336104330235,15.36,30,1.0,2958.8179892482,2722.040119103858,48565.59153059497,44746.83804090702,0.0,45447.44431485235,41810.53622943526,16.413848944772337,16.43871364233913,flat,flat,3818.7534896879442,7.86308447881714,4500.135110759249,236.7778701443417,8.002447970938022,-0.09928058522612293,-1.5595174075127884,0.9154136158309463,True,-871.0652609965464,False,False,False,0.7071566197250195,True
KLNC0335,Kalyanpur,Commercial,Commercial,41.84160261653365,0.5110797241775474,2.887522731898998,22.7858738193406,0.29969400543407226,LT-E,2101.1939505327887,1932.7221020076804,0.0,168.47184852510782,0,377,3838.7782826041694,505.4155455753235,16,,0.0,0,7.168995536260018,7.168995536260018,8.15,32623.728592726504,29395.4061728974,505.4155455753235,15.36,30,1.0,2101.1939505327887,1932.7221020076804,34658.23103419282,31941.11706117987,0.0,32274.339080183632,29686.61148683797,16.494541603551024,16.526492364318674,flat,flat,2717.113973012947,7.839736454905389,3228.3224198291027,168.47184852510827,8.017910411477711,0.0,0.0,0.9198208958852231,True,-616.2487640158988,False,False,False,0.7078069565324564,True
KLNC0336,Kalyanpur,Commercial,Commercial,41.84160261653365,0.5263957338308654,2.1139131118179093,24.87136939129114,0.19222889420024764,LT-E,2235.348441437561,2066.3975523672125,41.46220821094139,168.9508890703478,60,544,4289.687476637708,506.8526672110434,30,,0.0,0,6.596714497714954,6.420032217084219,7.45,34792.22343484304,31465.818052035625,506.8526672110434,15.36,30,1.0,2235.348441437561,2066.3975523672125,36755.72466350498,34030.8847245784,0.0,34334.95206048094,31739.866404360382,16.442950898459138,16.468701623070295,flat,flat,2724.8399389265833,7.4133756411340626,3326.4053828074175,168.9508890703487,7.5581455641741355,0.1766822806307351,2.6783375374504437,0.9169991716211341,True,-1057.994870500081,False,False,False,0.6352070992972045,True
KLNC0337,Kalyanpur,Commercial,Commercial,41.84160261653365,0.507008687409017,2.272281485723974,15.457680710848907,0.3040878570749878,LT-E,1902.37677370972,1750.1866318129446,44.50747799454563,152.19014189677773,84,390,2453.640139002452,456.5704256903334,30,,0.0,0,5.008857444148071,5.160243423721355,7.050000000000001,29266.40844205823,26205.631396283046,456.5704256903334,15.36,30,1.0,1902.37677370972,1750.1866318129446,31347.757606390365,28893.234997879168,0.0,29220.5072441813,26882.866664646826,16.47820665159869,16.50865940391162,flat,flat,2454.522608511197,7.8299782693574,3060.777045775183,152.19014189677546,7.999999999999887,-0.15138597957328415,-3.0223655047350335,0.9106417112299464,True,457.45289519907874,True,True,True,1.0003596572678763,True
KLNC0338,Kalyanpur,Commercial,Commercial,41.84160261653365,0.4649837302391815,2.942367995155056,23.987691235108052,0.20813304550318823,LT-E,2319.075908929075,2132.9711451607063,9.077801393718623,186.10476376836866,14,467,4490.933842945603,558.314291305106,30,,0.0,0,7.361904807524984,7.387910051401695,7.55,34829.56164522108,31417.68640206344,558.314291305106,15.36,30,1.0,2319.075908929075,2132.9711451607063,38115.531259208125,35114.03362915187,0.0,35621.00596115059,32762.43678966845,16.435654871172147,16.462498195917338,flat,flat,3001.4976300562557,7.8747364418045205,3411.875243157643,186.10476376836868,8.02495351927958,-0.026005243876711326,-0.35324069730065,0.9181847029692641,True,-931.1219215842411,False,False,False,0.6683459910617552,True
KLNC0339,Kalyanpur,Commercial,Commercial,41.84160261653365,0.6172976318721086,2.3217816301788,22.389958677522156,0.31117985003107423,LT-E,7123.954240921245,6551.782566872626,51.51398737591172,572.1716740486203,56,241,12930.504367983936,1716.5150221458612,30,,0.0,0,23.463369783941655,23.114127555574893,20.55,111498.13570216762,99667.35431215796,1716.5150221458612,15.36,30,1.0,7123.954240921245,6551.782566872626,116837.10899757783,107609.12423852172,0.0,109423.93714055032,100635.38022716354,16.40059790480474,16.424404067164726,flat,flat,9227.984759056111,7.898162525784011,11830.781390009666,572.171674048619,8.031658468017163,0.3492422283667622,1.4884572488210275,0.9167909774610892,True,-1986.0045867819645,False,True,False,0.7136600782491282,True
KLNC0340,Kalyanpur,Commercial,Commercial,41.84160261653365,0.5257567337657183,3.1239955415108285,20.831157685675066,0.2712180970486998,LT-E,2484.717200892598,2285.5094988655965,9.04361109318732,199.20770202700183,14,300,4177.979253859719,597.6231060810053,30,,0.0,0,10.670504094078158,10.701264676027774,11.95,38207.81784550116,34340.45317840639,597.6231060810053,15.36,30,1.0,2484.717200892598,2285.5094988655965,41202.79401599582,37989.97219770434,0.0,38165.256205710306,35105.42590257556,16.582488341608585,16.62210208120356,flat,flat,3212.821818291486,7.7975824092031205,3867.364667094771,199.2077020270017,8.017318910797545,-0.030760581949616395,-0.2882767456758457,0.9183709331623676,True,-367.5343294872282,False,True,False,0.7689894140387132,True
KLNC0341,Kalyanpur,Industrial,Industrial,37.84738363836992,0.6062703761129841,1.7018875497204804,20.322559238193055,0.37151970322762234,LT-C1,3839.5846204653203,3551.249421697652,55.89624752423623,288.3351987676686,60,512,5954.83828514971,865.0055963030057,30,,0.0,0,13.233333452293133,13.248521697137436,17.4,46282.492022846374,41763.59019617323,865.0055963030057,12.73,30,1.0,3839.5846204653203,3551.249421697652,52198.7678294497,48344.735395121665,0.0,48877.91221852353,45207.405138211114,13.594899706396813,13.613444074004459,flat,flat,3854.032434328037,7.383378180344047,4518.901826673144,288.3351987676683,7.509541454844272,-0.015188244844303256,-0.11477263003352618,0.9190814297668194,True,-1235.8002545186673,False,True,False,0.647210259922473,True
KLNC0342,Kalyanpur,Industrial,Industrial,37.84738363836992,0.8290050527914574,1.1785572829107167,16.103049406449557,0.39200092157735844,LT-C1,6184.155937536315,5957.738656722437,0.0,226.41728081387612,0,336,3646.0086594198106,679.2518424416284,16,,0.0,0,18.989886179578274,18.949294222365126,21.9,76502.63003896053,73059.92421848487,679.2518424416284,12.73,30,1.0,6184.155937536315,5957.738656722437,83764.28033907915,80737.87375508045,0.0,78724.3050848373,75842.01310007663,13.54498191590714,13.551764924092394,flat,flat,3026.4065839987015,3.613003743060597,3442.7058204756613,226.41728081387828,3.6612479229312562,0.04059195721314879,0.2137556635636994,0.9633875207706878,True,59.64976702051945,True,True,True,0.8300601744813996,True
KLNC0343,Kalyanpur,Industrial,Industrial,37.84738363836992,0.5801264917410442,2.2705636211298827,21.579602717712515,0.36351544804933283,LT-C1,6299.342681755865,5907.662872272256,89.3049410022843,391.67980948360764,90,480,8655.067231432517,1175.039428450823,30,,0.0,0,23.087285218540654,23.137393620740745,32.9,77120.73438164264,70897.15640185693,1175.039428450823,12.73,30,1.0,6299.342681755865,5907.662872272256,85858.32395568976,80622.93578222711,0.0,80190.63233875216,75204.54836402582,13.62972746416104,13.647179523502029,flat,flat,5235.388173462648,6.097706002465825,6223.57797978571,391.67980948360855,6.2177885736870655,-0.05010840220009172,-0.21703895337097182,0.9321513676145352,True,-2244.6396295190452,False,True,False,0.6048928371635687,True
KLNC0344,Kalyanpur,Industrial,Industrial,37.84738363836992,0.7054136966494513,2.0717702317287046,15.792435011125601,0.3952149101336858,LT-C1,1975.229748528386,1903.9730083033955,74.13598455630122,71.25674022498904,30,384,1278.9101650114426,213.77022067496725,30,,0.0,0,8.764520840878276,8.88219700684066,14.2,23971.277518403553,22664.423788588392,213.77022067496725,12.73,30,1.0,1975.229748528386,1903.9730083033955,27117.58843370467,26165.135215487335,0.0,25144.674698766354,24237.576395702225,13.728827471289456,13.742387681641942,flat,flat,952.4532182173352,3.5123079640574653,1306.8537298151605,71.25674022499038,3.6075165574070107,-0.11767616596238284,-1.3426423200859288,0.948911697931498,True,-112.68672611914008,False,True,False,0.7447381718236742,True
KLNC0345,Kalyanpur,Industrial,Industrial,37.84738363836992,0.6954888052396004,2.046567967191764,19.727231651688914,0.40104611137049706,LT-C1,4975.379139379207,4576.803301055479,0.0,398.57583832372916,0,467,7862.797893378314,1195.7275149711872,16,,0.0,0,17.96781404002838,17.94009555690645,22.5,59254.53229614531,53264.111661940384,1195.7275149711872,12.73,30,1.0,4975.379139379207,4576.803301055479,67637.40526651217,62309.84132355807,0.0,63336.57644429731,58262.70602243625,13.59442232877784,13.614271189934794,flat,flat,5327.563942954104,7.876653342868292,5990.420634204929,398.575838323728,8.010964132744656,0.02771848312193015,0.15426741984405784,0.9198903586725532,True,-1339.5064354530223,False,True,False,0.6775659269381364,True
KLNC0346,Kalyanpur,Industrial,Industrial,37.84738363836992,0.5784397304377872,2.4840206144130272,25.283093471747364,0.4105626408855633,LT-C1,6389.100027367196,5971.4880068760895,116.14223826276398,417.61202049110716,60,512,10847.02346305071,1252.8360614733215,30,,0.0,0,20.671136721904226,20.68592453039299,26.2,77132.47560025087,70477.59929301133,1252.8360614733215,12.73,30,1.0,6389.100027367196,5971.4880068760895,86720.38551580363,81138.37444390926,0.0,81333.2433483844,76017.04232753262,13.573176995874823,13.587630813371725,flat,flat,5582.011071894376,6.43679227057533,6654.876307239538,417.6120204911067,6.536319962158976,-0.014787808488765819,-0.0715384387792079,0.9273655266299775,True,-4012.176329683012,False,False,False,0.5146122427879808,True
KLNC0347,Kalyanpur,Industrial,Industrial,37.84738363836992,0.7128935984571388,2.2620994900098683,16.378522781445213,0.38755931844744873,LT-C1,4748.159786973586,4367.613915145069,13.76114314460408,380.5458718285175,14,410,6263.908306017666,1141.6376154855525,30,,0.0,0,15.589152294135918,15.599602552014844,17.7,57737.35064803756,51722.56006050936,1141.6376154855525,12.73,30,1.0,4748.159786973586,4367.613915145069,64358.357792582436,59271.79139678656,0.0,60444.07408817375,55599.72513979673,13.554379102646754,13.570748822659585,flat,flat,5086.566395795875,7.903505574503833,6014.790587528201,380.5458718285172,8.014596999716222,-0.01045025787892584,-0.06703544671160121,0.9186947477746062,True,-35.70429473623881,False,True,False,0.8120435592758067,True
KLNC0348,Kalyanpur,Industrial,Industrial,37.84738363836992,0.5407022596950631,1.8016032067576087,21.080493806680614,0.41035478052209784,LT-C1,3822.596643714025,3516.6077372801815,24.287790537089343,305.9889064338442,28,401,6494.154208308302,917.9667193015326,30,,0.0,0,11.702383677239588,11.716517560409036,15.6,46387.98676161447,41631.010509284235,917.9667193015326,12.73,30,1.0,3822.596643714025,3516.6077372801815,51880.978038203524,47790.97732035555,0.0,48661.65527447954,44766.41649557671,13.57218217713813,13.590079102003598,flat,flat,4090.000717847972,7.883430252290586,4756.976252330234,305.98890643384357,8.004739577664296,-0.01413388316944797,-0.12077781381358652,0.9174111076647776,True,-1486.1867711587975,False,False,False,0.6297972894785013,True
KLNC0349,Kalyanpur,Industrial,Industrial,37.84738363836992,0.5686289383924172,2.0736595239112,16.16035014504871,0.30027390278705984,LT-C1,3867.349199753605,3639.8157075713925,69.43764400667622,227.53349218221265,60,320,3821.010935202659,682.600476546638,30,,0.0,0,14.634790763733484,14.639765453106063,18.099999999999998,46373.75054393513,42740.5817243253,682.600476546638,12.73,30,1.0,3867.349199753605,3639.8157075713925,52605.163078506564,49563.83665525302,0.0,49231.355312863394,46334.85395738383,13.602382500617768,13.617128073861652,flat,flat,3041.326423253544,5.781421908558193,3633.168819609833,227.53349218221229,5.883448337086002,-0.004974689372579277,-0.03399221384775154,0.9339835798119421,True,-97.08403540247718,False,True,False,0.7959481076680661,True
KLNC0350,Kalyanpur,Industrial,Industrial,37.84738363836992,0.6490678318257149,1.8140652092756826,15.428039548730455,0.42461133835133336,LT-C1,3707.809997668967,3413.5495693573753,28.410750739712675,294.26042831159157,44,480,4591.4004801039155,882.7812849347747,30,,0.0,0,12.659013694757867,12.65747811945294,18.5,44948.02080902852,40455.299104813654,882.7812849347747,12.73,30,1.0,3707.809997668967,3413.5495693573753,50492.84233384224,46559.61031881536,0.0,47200.42127032595,43454.486017919386,13.617969196260375,13.639646758544224,flat,flat,3933.232015026886,7.78968232570794,4492.7217042148695,294.26042831159157,7.936232668248583,0.001535575304927761,0.012130291837535865,0.917572710360127,True,224.6128198577453,True,True,True,0.8566519152643959,True
KLNC0351,Kalyanpur,Industrial,Industrial,37.84738363836992,0.5226793150094735,1.777737364849414,25.716877416022207,0.3579150458677165,LT-C1,4022.960575661585,3700.6171512110986,12.028490222792824,322.3434244504879,14,378,8311.049828965799,967.0302733514637,30,,0.0,0,13.044926855869182,13.014802440615718,17.099999999999998,48661.52660613155,43701.4345928195,967.0302733514637,12.73,30,1.0,4022.960575661585,3700.6171512110986,54634.74253458058,50326.139151663156,0.0,51212.28812817198,47108.85633491729,13.58073028731975,13.599390884083471,flat,flat,4308.603382917427,7.8861969198268556,4960.092013312045,322.3434244504865,8.012592179019213,0.03012441525346432,0.23092820363274574,0.9186780943072494,True,-3035.4161726969087,False,False,False,0.5184186681086925,True
KLNC0352,Kalyanpur,Industrial,Industrial,37.84738363836992,0.5668202681550005,1.732666979915341,25.756059121004235,0.4329379043120656,LT-C1,3259.799373648443,2998.396051947864,25.35664496306408,261.4033217005787,14,278,6776.654029595933,784.2099651017363,30,,0.0,0,11.50244788275625,11.548155554524973,10.3,39235.305181043936,35079.86789957317,784.2099651017363,12.73,30,1.0,3259.799373648443,2998.396051947864,44091.22832787192,40597.18082836113,0.0,41497.246026544686,38169.581741296315,13.525749064281827,13.53963256521358,flat,flat,3494.047499510787,7.924586435942072,4155.437281470768,261.403321700579,8.019000304549735,-0.04570767176872259,-0.397373430722035,0.9166985606902907,True,-2498.39656498341,False,False,False,0.515600690879467,True
KLNC0353,Kalyanpur,Industrial,Industrial,37.84738363836992,0.736221288197259,1.7902372211473032,21.75501500597185,0.3464180897517008,LT-C1,6878.185823925011,6547.683311769255,24.160310328935214,330.50251215575724,30,512,7233.339798285223,991.5075364672716,30,,0.0,0,18.501773233350992,18.424316618635746,27.4,83911.3094824711,78880.25999295515,991.5075364672716,12.73,30,1.0,6878.185823925011,6547.683311769255,93318.23081549366,88900.56898676376,0.0,87559.3055385654,83352.00855882262,13.567273871970205,13.577408184505163,flat,flat,4417.661828729906,4.733975119464481,5031.04948951595,330.50251215575645,4.8050826281276064,0.07745661471524556,0.4186442766232998,0.9505441340209072,True,-1824.1704330880448,False,True,False,0.6107361124908278,True
KLNC0354,Kalyanpur,Industrial,Industrial,37.84738363836992,0.5370861011437649,2.2900333952852754,22.232846226213926,0.34340018578708353,LT-C1,3709.679947200432,3412.3557201845488,0.0,297.32422701588274,0,390,6610.363818572039,891.9726810476479,16,,0.0,0,12.504816823560745,12.504816823560745,19.0,45510.601150046125,40942.18810502932,891.9726810476479,12.73,30,1.0,3709.679947200432,3412.3557201845488,50543.03701425457,46568.852733846776,0.0,47224.2257278615,43439.28831794931,13.624635476275431,13.6471272494792,flat,flat,3974.184280407797,7.862970876259303,4568.413045016801,297.324227015883,8.014821527670154,0.0,0.0,0.9198517847232985,True,-1744.2068571165946,False,False,False,0.601205075769384,True
KLNC0355,Kalyanpur,Industrial,Industrial,37.84738363836992,0.6446192350262605,2.20653479351065,24.82653158194638,0.3713924887619942,LT-C1,2523.0419877664344,2320.9162811843894,23.031271841971463,202.1257065820455,28,268,5068.89954064049,606.3771197461367,30,,0.0,0,10.949589693961371,10.949589693961371,14.1,30945.653217458013,27688.164262458755,606.3771197461367,12.73,30,1.0,2523.0419877664344,2320.9162811843894,34434.88072948005,31733.16747245114,0.0,32118.32450426671,29545.264259477277,13.648159997513204,13.672689415689458,flat,flat,2701.7132570289104,7.845862102016652,3257.4889549992586,202.12570658204504,8.011190759491887,0.0,0.0,0.9162367426528939,True,-1760.8091638654432,False,True,False,0.5329979880973397,True
KLNC0356,Kalyanpur,Industrial,Industrial,37.84738363836992,0.7464353217531766,1.9895393205422105,24.286845034188506,0.3107599401760826,LT-C1,3406.3531637490414,3346.1067971200014,0.0,60.246366629040864,0,336,1463.194170192422,180.73909988712256,16,,0.0,0,10.061855649955572,10.061855649955572,14.2,40821.87388038291,39907.067229616136,180.73909988712256,12.73,30,1.0,3406.3531637490414,3346.1067971200014,46246.69956325156,45441.4165037045,0.0,43362.875774525295,42595.93952733762,13.576601526646263,13.580384386659741,flat,flat,805.2830595470587,1.7412768200802609,914.8066507667754,60.24636662904004,1.7686471053615804,0.0,0.0,0.9823135289463839,True,-477.17201075824073,False,True,False,0.5503596692441424,True
KLNC0357,Kalyanpur,Hospital,Hospital,4.522339746454612,0.0377893415976123,221.113753919836,4642.427384737005,0.05852971793905632,LT-D1,37404.389510879555,37404.389510879555,0.0,0.0,0,0,0.0,0.0,0,,0.0,0,73.21842972874462,73.21842972874462,95.0,338509.72507346,338509.72507346,0.0,9.05,30,1.0,37404.389510879555,37404.389510879555,361420.211327133,361420.211327133,0.0,338509.72507346,338509.72507346,9.662507958377699,9.662507958377699,flat,flat,0.0,0.0,0.0,0.0,0.0,0.0,0.0,1.0,True,0.0,False,False,False,,False
KLNC0358,Kalyanpur,Hospital,Hospital,4.522339746454612,0.003908112470187727,206.18344060507442,4588.668188137328,0.05803399663311229,LT-D1,38274.62892316876,38274.62892316876,0.0,0.0,0,0,0.0,0.0,0,,0.0,0,70.3687940336608,70.3687940336608,77.5,346385.39175467734,346385.39175467734,0.0,9.05,30,1.0,38274.62892316876,38274.62892316876,368587.1613424112,368587.1613424112,0.0,346385.39175467734,346385.39175467734,9.630064920611014,9.630064920611014,flat,flat,0.0,0.0,0.0,0.0,0.0,0.0,0.0,1.0,True,0.0,False,False,False,,False
KLNC0359,Kalyanpur,Hospital,Hospital,4.522339746454612,0.015936268317640008,195.74293973991718,5531.592915403516,0.04795029808799475,LT-D1,48012.403976748865,48012.403976748865,0.0,0.0,0,0,0.0,0.0,0,,0.0,0,84.3113585833576,84.3113585833576,92.5,434512.2559895773,434512.2559895773,0.0,9.05,30,1.0,48012.403976748865,48012.403976748865,462065.36878905614,462065.36878905614,0.0,434512.2559895773,434512.2559895773,9.623874884765657,9.623874884765657,flat,flat,0.0,0.0,0.0,0.0,0.0,0.0,0.0,1.0,True,0.0,False,False,False,,False
KLNC0360,Kalyanpur,Hospital,Hospital,4.522339746454612,0.01711322030701757,224.91845628927456,5273.9872883233675,0.04538790375689651,LT-D1,26974.98673051504,26974.98673051504,0.0,0.0,0,0,0.0,0.0,0,,0.0,0,54.489540911414394,54.489540911414394,66.5,244123.62991116112,244123.62991116112,0.0,9.05,30,1.0,26974.98673051504,26974.98673051504,260519.3114067192,260519.3114067192,0.0,244123.62991116114,244123.62991116114,9.657810549059908,9.657810549059908,flat,flat,0.0,0.0,0.0,0.0,0.0,0.0,0.0,1.0,True,0.0,False,False,False,,False
KLNC0361,Kalyanpur,Hospital,Hospital,4.522339746454612,0.03261323162684451,210.46261928938443,4766.239371593706,0.03542444232877773,LT-D1,34660.11384443765,34660.11384443765,0.0,0.0,0,0,0.0,0.0,0,,0.0,0,58.80363180761417,58.80363180761417,63.5,313674.03029216087,313674.03029216087,0.0,9.05,30,1.0,34660.11384443765,34660.11384443765,333358.2318067688,333358.2318067688,0.0,313674.03029216075,313674.03029216075,9.617920855740843,9.617920855740843,flat,flat,0.0,0.0,0.0,0.0,0.0,0.0,0.0,1.0,True,0.0,False,False,False,,False
KLNC0362,Kalyanpur,Hospital,Hospital,4.522339746454612,0.03417771210627867,199.0739899462726,5024.235883625232,0.06387566139427248,LT-D1,29284.95221533036,29284.95221533036,0.0,0.0,0,0,0.0,0.0,0,,0.0,0,50.910285534710546,50.910285534710546,81.5,265028.8175487397,265028.8175487397,0.0,9.05,30,1.0,29284.95221533036,29284.95221533036,283414.7584261768,283414.7584261768,0.0,265028.8175487398,265028.8175487398,9.677828952639103,9.677828952639103,flat,flat,0.0,0.0,0.0,0.0,0.0,0.0,0.0,1.0,True,0.0,False,False,False,,False
KLNC0363,Kalyanpur,Hospital,Hospital,4.522339746454612,0.023823052468548447,188.3520924466487,5200.9479305826335,0.05220050271431097,LT-D1,43522.871709786916,43522.871709786916,0.0,0.0,0,0,0.0,0.0,0,,0.0,0,76.2937059780185,76.2937059780185,83.0,393881.9889735715,393881.9889735715,0.0,9.05,30,1.0,43522.871709786916,43522.871709786916,418805.08842225024,418805.08842225024,0.0,393881.9889735716,393881.9889735716,9.622643726610399,9.622643726610399,flat,flat,0.0,0.0,0.0,0.0,0.0,0.0,0.0,1.0,True,0.0,False,False,False,,False
KLNC0364,Kalyanpur,Hospital,Hospital,4.522339746454612,0.018513896723701982,161.06402043621407,4670.8371939848585,0.04522862190276618,LT-D1,28110.84001988761,28110.84001988761,0.0,0.0,0,0,0.0,0.0,0,,0.0,0,50.23133778568722,50.23133778568722,63.0,254403.10217998287,254403.10217998287,0.0,9.05,30,1.0,28110.84001988761,28110.84001988761,271092.25728898204,271092.25728898204,0.0,254403.1021799829,254403.1021799829,9.643691084905042,9.643691084905042,flat,flat,0.0,0.0,0.0,0.0,0.0,0.0,0.0,1.0,True,0.0,False,False,False,,False
KLNC0365,Kalyanpur,Hospital,Hospital,4.522339746454612,0.03814120972885127,185.90627963937695,5253.265756948205,0.048055103668772775,LT-D1,29995.114798812825,29995.114798812825,0.0,0.0,0,0,0.0,0.0,0,,0.0,0,52.62070690485271,52.62070690485271,74.5,271455.788929256,271455.788929256,0.0,9.05,30,1.0,29995.114798812825,29995.114798812825,289722.0783757189,289722.0783757189,0.0,271455.7889292561,271455.7889292561,9.658975480473433,9.658975480473433,flat,flat,0.0,0.0,0.0,0.0,0.0,0.0,0.0,1.0,True,0.0,False,False,False,,False
KLNC0366,Kalyanpur,Hospital,Hospital,4.522339746454612,0.00829964306758106,220.03191581555143,5039.953404808149,0.05024071452997755,LT-D1,48322.86802780281,48322.86802780281,0.0,0.0,0,0,0.0,0.0,0,,0.0,0,83.31339148271047,83.31339148271047,103.0,437321.9556516155,437321.9556516155,0.0,9.05,30,1.0,48322.86802780281,48322.86802780281,465677.0534341962,465677.0534341962,0.0,437321.95565161546,437321.95565161546,9.63678424811761,9.63678424811761,flat,flat,0.0,0.0,0.0,0.0,0.0,0.0,0.0,1.0,True,0.0,False,False,False,,False
KLNC0367,Kalyanpur,Hospital,Hospital,4.522339746454612,0.009738867770621112,169.0829512191493,4550.49007262783,0.059557090351027235,LT-D1,23117.055570837485,23117.055570837485,0.0,0.0,0,0,0.0,0.0,0,,0.0,0,38.75709721547267,38.75709721547267,52.0,209209.35291607928,209209.35291607928,0.0,9.05,30,1.0,23117.055570837485,23117.055570837485,222945.8205618832,222945.8205618832,0.0,209209.35291607925,209209.35291607925,9.644213549546194,9.644213549546194,flat,flat,0.0,0.0,0.0,0.0,0.0,0.0,0.0,1.0,True,0.0,False,False,False,,False
KLNC0368,Kalyanpur,Hospital,Hospital,4.522339746454612,0.009993166646579123,221.9266035588224,5172.880271456225,0.0418363285757814,LT-D1,45088.00955231303,45088.00955231303,0.0,0.0,0,0,0.0,0.0,0,,0.0,0,75.98232035164787,75.98232035164787,92.5,408046.4864484331,408046.4864484331,0.0,9.05,30,1.0,45088.00955231303,45088.00955231303,434276.3107708546,434276.3107708546,0.0,408046.48644843296,408046.48644843296,9.63174722244034,9.63174722244034,flat,flat,0.0,0.0,0.0,0.0,0.0,0.0,0.0,1.0,True,0.0,False,False,False,,False
KLNC0369,Kalyanpur,Educational,Educational,32.2077240164891,0.4690381512156441,4.064632193778081,35.81225941100693,0.24571338445952592,LT-D1,2060.390987255386,2060.390987255386,0.0,0.0,0,0,0.0,0.0,0,,0.0,0,7.41064259289127,7.41064259289127,10.5,18646.538434661245,18646.538434661245,0.0,9.05,30,1.0,2060.390987255386,2060.390987255386,20240.365356394308,20240.365356394308,0.0,18646.538434661245,18646.538434661245,9.823555568623496,9.823555568623496,flat,flat,0.0,0.0,0.0,0.0,0.0,0.0,0.0,1.0,True,0.0,False,False,False,,False
KLNC0370,Kalyanpur,Educational,Educational,32.2077240164891,0.4587274846804966,2.947621845248375,46.03745692149742,0.21499514548298096,LT-D1,5876.466546057578,5876.466546057578,0.0,0.0,0,0,0.0,0.0,0,,0.0,0,20.42311075402005,20.42311075402005,19.2,53182.02224182108,53182.02224182108,0.0,9.05,30,1.0,5876.466546057578,5876.466546057578,57050.72335391214,57050.72335391214,0.0,53182.02224182108,53182.02224182108,9.708337979425153,9.708337979425153,flat,flat,0.0,0.0,0.0,0.0,0.0,0.0,0.0,1.0,True,0.0,False,False,False,,False
KLNC0371,Kalyanpur,Educational,Educational,32.2077240164891,0.531266200040287,5.237368719919592,31.80489005311126,0.25833929285337953,LT-D1,8611.299861791722,8528.132226959942,0.0,83.16763483177881,0,45,2645.1374818020317,249.50290449533645,2,,0.0,0,24.003963551179567,24.003963551179567,23.0,77932.26374921508,76930.09374949214,249.50290449533645,9.05,30,1.0,8611.299861791722,8528.132226959942,83277.87693667584,82487.57648668686,0.0,77932.26374921508,77179.59665398748,9.67076727941843,9.672408247367377,flat,flat,790.3004499889794,0.948992072156115,1002.1699997229443,83.16763483177965,0.9657965251075958,0.0,0.0,0.9903420347489241,True,-1605.334127317716,False,False,False,0.2987748105442813,True
KLNC0372,Kalyanpur,Educational,Educational,32.2077240164891,0.4868033167919624,3.9950675865648555,38.466483696681394,0.27352798409765894,LT-D1,12662.007886338344,12662.007886338344,0.0,0.0,0,0,0.0,0.0,0,,0.0,0,42.5291484389807,42.5291484389807,32.9,114591.17137136203,114591.17137136203,0.0,9.05,30,1.0,12662.007886338344,12662.007886338344,122393.42993993012,122393.42993993012,0.0,114591.17137136203,114591.17137136203,9.666194417078696,9.666194417078696,flat,flat,0.0,0.0,0.0,0.0,0.0,0.0,0.0,1.0,True,0.0,False,False,False,,False
KLNC0373,Kalyanpur,Educational,Educational,32.2077240164891,0.4395674766469571,4.912210485270211,43.22831502913025,0.2389128763463667,LT-D1,6121.597027338107,6121.597027338107,0.0,0.0,0,0,0.0,0.0,0,,0.0,0,21.95695663531587,21.95695663531587,20.4,55400.45309740989,55400.45309740989,0.0,9.05,30,1.0,6121.597027338107,6121.597027338107,59455.67575228037,59455.67575228037,0.0,55400.453097409874,55400.453097409874,9.712445214338759,9.712445214338759,flat,flat,0.0,0.0,0.0,0.0,0.0,0.0,0.0,1.0,True,0.0,False,False,False,,False
KLNC0374,Kalyanpur,Educational,Educational,32.2077240164891,0.4343457537371318,3.3912784002327694,34.01609151027222,0.1872248814081816,LT-D1,3048.4868669879943,3048.4868669879943,0.0,0.0,0,0,0.0,0.0,0,,0.0,0,10.37099576130964,10.37099576130964,10.399999999999999,27588.806146241357,27588.806146241357,0.0,9.05,30,1.0,3048.4868669879943,3048.4868669879943,29623.446453553417,29623.446453553417,0.0,27588.80614624135,27588.80614624135,9.717426299042042,9.717426299042042,flat,flat,0.0,0.0,0.0,0.0,0.0,0.0,0.0,1.0,True,0.0,False,False,False,,False
KLNC0375,Kalyanpur,Educational,Educational,32.2077240164891,0.4606482083948239,3.6624518161939505,37.78252894701446,0.2853843975932727,LT-D1,1865.530575496687,1865.530575496687,0.0,0.0,0,0,0.0,0.0,0,,0.0,0,5.875064105477131,5.875064105477131,7.699999999999999,16883.05170824502,16883.05170824502,0.0,9.05,30,1.0,1865.530575496687,1865.530575496687,18212.30429365727,18212.30429365727,0.0,16883.05170824502,16883.05170824502,9.762533261513736,9.762533261513736,flat,flat,0.0,0.0,0.0,0.0,0.0,0.0,0.0,1.0,True,0.0,False,False,False,,False
KLNC0376,Kalyanpur,Educational,Educational,32.2077240164891,0.3313934983333149,3.131211075989609,42.58881058329511,0.1951621247570469,LT-D1,8475.028906180214,8475.028906180214,0.0,0.0,0,0,0.0,0.0,0,,0.0,0,30.993240185565814,30.993240185565814,30.2,76699.01160093093,76699.01160093093,0.0,9.05,30,1.0,8475.028906180214,8475.028906180214,82436.56218097749,82436.56218097749,0.0,76699.01160093094,76699.01160093094,9.726994809523609,9.726994809523609,flat,flat,0.0,0.0,0.0,0.0,0.0,0.0,0.0,1.0,True,0.0,False,False,False,,False
KLNC0377,Kalyanpur,Educational,Educational,32.2077240164891,0.5036900145674883,4.4127163079740965,37.57295131637641,0.32500525976784445,LT-D1,1433.614602272143,1433.614602272143,0.0,0.0,0,0,0.0,0.0,0,,0.0,0,4.600056864714095,4.600056864714095,6.199999999999999,12974.2121505629,12974.2121505629,0.0,9.05,30,1.0,1433.614602272143,1433.614602272143,14013.52275809104,14013.52275809104,0.0,12974.212150562895,12974.212150562895,9.774958162312895,9.774958162312895,flat,flat,0.0,0.0,0.0,0.0,0.0,0.0,0.0,1.0,True,0.0,False,False,False,,False
KLNC0378,Kalyanpur,Educational,Educational,32.2077240164891,0.39754905007601565,4.833672427015431,34.46061966599529,0.2608034419367525,LT-D1,2208.65278582822,2208.65278582822,0.0,0.0,0,0,0.0,0.0,0,,0.0,0,6.627911913800073,6.627911913800073,6.699999999999999,19988.307711745387,19988.307711745387,0.0,9.05,30,1.0,2208.65278582822,2208.65278582822,21409.823097332664,21409.823097332664,0.0,19988.307711745394,19988.307711745394,9.693611976816094,9.693611976816094,flat,flat,0.0,0.0,0.0,0.0,0.0,0.0,0.0,1.0,True,0.0,False,False,False,,False
KLNC0379,Kalyanpur,Educational,Educational,32.2077240164891,0.6147414106029814,5.150926800877877,47.53082801981596,0.28448832878702596,LT-D1,6055.336358196331,6055.336358196331,0.0,0.0,0,0,0.0,0.0,0,,0.0,0,28.880287883726243,28.880287883726243,30.5,54800.79404167681,54800.79404167681,0.0,9.05,30,1.0,6055.336358196331,6055.336358196331,59462.333743760646,59462.333743760646,0.0,54800.7940416768,54800.7940416768,9.81982341299243,9.81982341299243,flat,flat,0.0,0.0,0.0,0.0,0.0,0.0,0.0,1.0,True,0.0,False,False,False,,False
KLNC0380,Kalyanpur,Educational,Educational,32.2077240164891,0.4508284368759,3.4632079336706045,44.0156019830533,0.2949352804623851,LT-D1,2222.8960990708947,2222.8960990708947,0.0,0.0,0,0,0.0,0.0,0,,0.0,0,8.524818869120455,8.524818869120455,10.899999999999999,20117.209696591603,20117.209696591603,0.0,9.05,30,1.0,2222.8960990708947,2222.8960990708947,21809.77018142118,21809.77018142118,0.0,20117.2096965916,20117.2096965916,9.811421321283088,9.811421321283088,flat,flat,0.0,0.0,0.0,0.0,0.0,0.0,0.0,1.0,True,0.0,False,False,False,,False
KLNC0381,Kalyanpur,Educational,Educational,32.2077240164891,0.330826757125844,3.2941521918975045,38.97553422070491,0.23221206305820513,LT-D1,2118.5998176252397,2118.5998176252397,0.0,0.0,0,0,0.0,0.0,0,,0.0,0,7.820078710449452,7.820078710449452,8.0,19173.32834950842,19173.32834950842,0.0,9.05,30,1.0,2118.5998176252397,2118.5998176252397,20635.994766983844,20635.994766983844,0.0,19173.32834950842,19173.32834950842,9.740392968651788,9.740392968651788,flat,flat,0.0,0.0,0.0,0.0,0.0,0.0,0.0,1.0,True,0.0,False,False,False,,False
KLNC0382,Kalyanpur,Educational,Educational,32.2077240164891,0.33118449150036844,2.94684428180822,45.526644313392026,0.21510852836776767,LT-D1,13178.298639672968,13178.298639672968,0.0,0.0,0,0,0.0,0.0,0,,0.0,0,40.838684398062064,40.838684398062064,29.4,119263.60268904033,119263.60268904033,0.0,9.05,30,1.0,13178.298639672968,13178.298639672968,127078.98282349239,127078.98282349239,0.0,119263.60268904037,119263.60268904037,9.643049250752597,9.643049250752597,flat,flat,0.0,0.0,0.0,0.0,0.0,0.0,0.0,1.0,True,0.0,False,False,False,,False
KLNC0383,Kalyanpur,Educational,Educational,32.2077240164891,0.30159119155994407,4.439560063318042,50.90996134567339,0.2324504501146672,LT-D1,7217.893956392481,7217.893956392481,0.0,0.0,0,0,0.0,0.0,0,,0.0,0,26.685276264428524,26.685276264428524,25.7,65321.94030535197,65321.94030535197,0.0,9.05,30,1.0,7217.893956392481,7217.893956392481,70207.13732061956,70207.13732061956,0.0,65321.94030535196,65321.94030535196,9.726817510035744,9.726817510035744,flat,flat,0.0,0.0,0.0,0.0,0.0,0.0,0.0,1.0,True,0.0,False,False,False,,False
KLNC0384,Kalyanpur,Educational,Educational,32.2077240164891,0.4524330246720962,4.773367206291792,38.626811548543785,0.21801567309757516,LT-D1,2652.8061462973474,2652.8061462973474,0.0,0.0,0,0,0.0,0.0,0,,0.0,0,8.065809489181756,8.065809489181756,11.399999999999999,24007.895623990997,24007.895623990997,0.0,9.05,30,1.0,2652.8061462973474,2652.8061462973474,25926.490405190547,25926.490405190547,0.0,24007.895623990997,24007.895623990997,9.773232183353251,9.773232183353251,flat,flat,0.0,0.0,0.0,0.0,0.0,0.0,0.0,1.0,True,0.0,False,False,False,,False
KLNC0385,Kalyanpur,Educational,Educational,32.2077240164891,0.36646437455266223,5.5499215811632,43.31624308657588,0.2421527587240822,LT-D1,2642.4778693758676,2642.4778693758676,0.0,0.0,0,0,0.0,0.0,0,,0.0,0,7.041405375516168,7.041405375516168,10.2,23914.4247178516,23914.4247178516,0.0,9.05,30,1.0,2642.4778693758676,2642.4778693758676,25752.745953744186,25752.745953744186,0.0,23914.424717851605,23914.424717851605,9.745680844557757,9.745680844557757,flat,flat,0.0,0.0,0.0,0.0,0.0,0.0,0.0,1.0,True,0.0,False,False,False,,False
KLNC0386,Kalyanpur,Educational,Educational,32.2077240164891,0.3924167669538951,3.3122326787161347,43.24120089413816,0.2644653248668255,LT-D1,1688.691948814847,1688.691948814847,0.0,0.0,0,0,0.0,0.0,0,,0.0,0,6.909226935497092,6.909226935497092,7.3999999999999995,15282.662136774366,15282.662136774366,0.0,9.05,30,1.0,1688.691948814847,1688.691948814847,16512.995243613084,16512.995243613084,0.0,15282.662136774366,15282.662136774366,9.778571666195358,9.778571666195358,flat,flat,0.0,0.0,0.0,0.0,0.0,0.0,0.0,1.0,True,0.0,False,False,False,,False
KLNC0387,Kalyanpur,Educational,Educational,32.2077240164891,0.4079888236138065,5.207509461439235,39.582630904179176,0.2056148487501925,LT-D1,2104.967459254294,2104.967459254294,0.0,0.0,0,0,0.0,0.0,0,,0.0,0,9.247256299618826,9.247256299618826,10.1,19049.955506251365,19049.955506251365,0.0,9.05,30,1.0,2104.967459254294,2104.967459254294,20638.75328156393,20638.75328156393,0.0,19049.955506251365,19049.955506251365,9.804784957994276,9.804784957994276,flat,flat,0.0,0.0,0.0,0.0,0.0,0.0,0.0,1.0,True,0.0,False,False,False,,False
KLNC0388,Kalyanpur,Educational,Educational,32.2077240164891,0.35495301808208246,6.425524253941575,34.67126990144977,0.19350608841170366,LT-D1,7763.343870338437,7763.343870338437,0.0,0.0,0,0,0.0,0.0,0,,0.0,0,31.241048402109836,31.241048402109836,32.2,70258.2620265629,70258.2620265629,0.0,9.05,30,1.0,7763.343870338437,7763.343870338437,75799.77512789101,75799.77512789101,0.0,70258.26202656286,70258.26202656286,9.763804926573036,9.763804926573036,flat,flat,0.0,0.0,0.0,0.0,0.0,0.0,0.0,1.0,True,0.0,False,False,False,,False
KLNC0389,Kalyanpur,Government,Government,43.345383890742546,0.3367858279638008,4.142981442114474,39.117959638549756,0.18171592811232304,LT-E,2651.129985748426,2651.129985748426,0.0,0.0,0,0,0.0,0.0,0,,0.0,0,8.951063689014443,8.951063689014443,9.8,38785.999950741265,38785.999950741265,0.0,15.36,30,1.0,2651.129985748426,2651.129985748426,43683.52441015062,43683.52441015062,0.0,40721.356581095824,40721.356581095824,16.477322743501226,16.477322743501226,flat,flat,0.0,0.0,0.0,0.0,0.0,0.0,0.0,1.0,True,0.0,False,False,False,,False
KLNC0390,Kalyanpur,Government,Government,43.345383890742546,0.3087955469856391,5.308017201938748,49.29081841448871,0.23108689653166029,LT-E,5838.317926486511,5838.317926486511,0.0,0.0,0,0,0.0,0.0,0,,0.0,0,18.714981540556863,18.714981540556863,18.499999999999996,85105.63359855408,85105.63359855408,0.0,15.36,30,1.0,5838.317926486511,5838.317926486511,95908.64151837444,95908.64151837444,0.0,89676.5633508328,89676.5633508328,16.427444124491537,16.427444124491537,flat,flat,0.0,0.0,0.0,0.0,0.0,0.0,0.0,1.0,True,0.0,False,False,False,,False
KLNC0391,Kalyanpur,Government,Government,43.345383890742546,0.41589094004298055,5.161368792096398,44.3695918947802,0.2521626893876839,LT-E,2490.775003239409,2490.775003239409,0.0,0.0,0,0,0.0,0.0,0,,0.0,0,7.276379414218476,7.276379414218476,11.6,36454.7691209765,36454.7691209765,0.0,15.36,30,1.0,2490.775003239409,2490.775003239409,41267.41925224519,41267.41925224519,0.0,38258.304049757324,38258.304049757324,16.568103983127468,16.568103983127468,flat,flat,0.0,0.0,0.0,0.0,0.0,0.0,0.0,1.0,True,0.0,False,False,False,,False
KLNC0392,Kalyanpur,Government,Government,43.345383890742546,0.3219565555329886,4.5840102120725,46.405603830690204,0.24705330790570498,LT-E,2926.780498993545,2926.780498993545,0.0,0.0,0,0,0.0,0.0,0,,0.0,0,10.059721069255067,10.059721069255067,11.600000000000001,43155.33412453986,43155.33412453986,0.0,15.36,30,1.0,2926.780498993545,2926.780498993545,48299.31588776789,48299.31588776789,0.0,44955.348464540846,44955.348464540846,16.50254124092222,16.50254124092222,flat,flat,0.0,0.0,0.0,0.0,0.0,0.0,0.0,1.0,True,0.0,False,False,False,,False
KLNC0393,Kalyanpur,Government,Government,43.345383890742546,0.4081764995476865,4.803008539231635,40.366617797756014,0.21373290094275615,LT-E,4060.832729162799,4060.832729162799,0.0,0.0,0,0,0.0,0.0,0,,0.0,0,15.72236161628048,15.72236161628048,15.000000000000002,59678.99196200602,59678.99196200602,0.0,15.36,30,1.0,4060.832729162799,4060.832729162799,66910.61025593762,66910.61025593762,0.0,62374.39071994059,62374.39071994059,16.477066335537597,16.477066335537597,flat,flat,0.0,0.0,0.0,0.0,0.0,0.0,0.0,1.0,True,0.0,False,False,False,,False
KLNC0394,Kalyanpur,Government,Government,43.345383890742546,0.31907161789768845,4.212186634537179,33.28690736283832,0.2286489556523901,LT-E,1278.9380026648748,1278.9380026648748,0.0,0.0,0,0,0.0,0.0,0,,0.0,0,3.544058375572552,3.544058375572552,7.1,19283.765569755273,19283.765569755273,0.0,15.36,30,1.0,1278.9380026648748,1278.9380026648748,21297.6621069791,21297.6621069791,0.0,19644.487720932477,19644.487720932477,16.6526149528765,16.6526149528765,flat,flat,0.0,0.0,0.0,0.0,0.0,0.0,0.0,1.0,True,0.0,False,False,False,,False
KLNC0395,Kalyanpur,Government,Government,43.345383890742546,0.2957766345451226,4.4025964740729435,47.03768802476532,0.20848684926261046,LT-E,5482.576401318383,5482.576401318383,0.0,0.0,0,0,0.0,0.0,0,,0.0,0,19.01988456163023,19.01988456163023,13.200000000000001,80545.04748431328,80545.04748431328,0.0,15.36,30,1.0,5482.576401318383,5482.576401318383,89670.39220046288,89670.39220046288,0.0,84212.37352425036,84212.37352425036,16.35552076919531,16.35552076919531,flat,flat,0.0,0.0,0.0,0.0,0.0,0.0,0.0,1.0,True,0.0,False,False,False,,False
KLNC0396,Kalyanpur,Government,Government,43.345383890742546,0.22178768546063687,4.418628087525342,51.40772438122065,0.1417994212384862,LT-E,3872.3461416357104,3872.3461416357104,0.0,0.0,0,0,0.0,0.0,0,,0.0,0,15.627326323768823,15.627326323768823,17.3,56257.06529131458,56257.06529131458,0.0,15.36,30,1.0,3872.3461416357104,3872.3461416357104,64088.04857230073,64088.04857230073,0.0,59479.23673552451,59479.23673552451,16.550185915257416,16.550185915257416,flat,flat,0.0,0.0,0.0,0.0,0.0,0.0,0.0,1.0,True,0.0,False,False,False,,False
KLNC0397,Kalyanpur,Government,Government,43.345383890742546,0.23046946966162035,4.088093431579646,42.754606977981624,0.23537782473576746,LT-E,3380.2186451865264,3380.2186451865264,0.0,0.0,0,0,0.0,0.0,0,,0.0,0,10.507023911526217,10.507023911526217,12.8,49403.40739684992,49403.40739684992,0.0,15.36,30,1.0,3380.2186451865264,3380.2186451865264,55725.766309568295,55725.766309568295,0.0,51920.158390065044,51920.158390065044,16.485846674126385,16.485846674126385,flat,flat,0.0,0.0,0.0,0.0,0.0,0.0,0.0,1.0,True,0.0,False,False,False,,False
KLNC0398,Kalyanpur,Government,Government,43.345383890742546,0.2607253018916155,4.275370891142514,46.13608812519161,0.16753806423864676,LT-E,3337.877224375454,3337.877224375454,0.0,0.0,0,0,0.0,0.0,0,,0.0,0,12.472847437049264,12.472847437049264,11.600000000000001,48777.580653905046,48777.580653905046,0.0,15.36,30,1.0,3337.877224375454,3337.877224375454,54929.48387472732,54929.48387472732,0.0,51269.794166406966,51269.794166406966,16.456412319061588,16.456412319061588,flat,flat,0.0,0.0,0.0,0.0,0.0,0.0,0.0,1.0,True,0.0,False,False,False,,False
KLNC0399,Kalyanpur,Government,Government,43.345383890742546,0.3681111396238556,3.2613018353081786,45.67065926333949,0.20775123447994442,LT-E,3716.172412559262,3716.172412559262,0.0,0.0,0,0,0.0,0.0,0,,0.0,0,11.132712150396255,11.132712150396255,12.8,54302.949357527614,54302.949357527614,0.0,15.36,30,1.0,3716.172412559262,3716.172412559262,61144.028669755775,61144.028669755775,0.0,57080.40825691026,57080.40825691026,16.453496200314067,16.453496200314067,flat,flat,0.0,0.0,0.0,0.0,0.0,0.0,0.0,1.0,True,0.0,False,False,False,,False
KLNC0400,Kalyanpur,Government,Government,43.345383890742546,0.3137441869168885,7.514141065823928,40.10964104342511,0.2237138607551086,LT-E,5837.264069899267,5837.264069899267,0.0,0.0,0,0,0.0,0.0,0,,0.0,0,18.560230684290595,18.560230684290595,21.8,85951.53919947064,85951.53919947064,0.0,15.36,30,1.0,5837.264069899267,5837.264069899267,96203.49491933538,96203.49491933538,0.0,89660.37611365275,89660.37611365275,16.480922186718125,16.480922186718125,flat,flat,0.0,0.0,0.0,0.0,0.0,0.0,0.0,1.0,True,0.0,False,False,False,,False
