household_id,substation,category,archetype,income_band,w_h,A_energy_kwh,B_energy_kwh,energy_reduction_kwh,energy_reduction_pct,A_bill_tk,B_bill_tk,bill_reduction_tk,bill_reduction_pct,incentive_tk,discomfort_tk,net_benefit_tk,gained,A_qoe,B_qoe,qoe_difference,A_peak_kw,B_peak_kw,peak_reduction_pct,n_dr_events,A_slab,B_slab
DHNC0001,Dhanmondi,Residential,Res-A,upper-middle,597.3547737671756,741.8844889317587,691.8884817821382,49.99600714962048,6.739055458836975,9581.274447114316,8670.472186866104,910.8022602482124,9.506065871252936,47.81959451823425,1022.1917942973004,-63.56993953085373,False,1.0,0.9326094454116303,0.06739055458836973,4.522244194721653,4.522244194721653,0.0,30,601-above,601-above
DHNC0002,Dhanmondi,Residential,Res-A,upper-middle,597.3547737671756,206.54885510342336,196.54625506863385,10.00260003478951,4.842728384904867,1827.18877051321,1733.7897864875572,93.39898402565291,5.111622046550753,9.62170711033571,169.4598384652609,-66.43914732927229,False,1.0,0.9515727161509515,0.048427283849048486,0.9056059902486513,0.9056059902486513,0.0,30,201-300,76-200
DHNC0003,Dhanmondi,Residential,Res-A,upper-middle,597.3547737671756,176.71666423334503,171.50581460443738,5.210849628907653,2.948703027818022,1499.4542282826044,1452.9473953446036,46.5068329380008,3.1015840337632223,5.091390039988598,79.66010096525427,-28.06187798726488,False,1.0,0.97051296972182,0.029487030278180004,0.9728447772494944,0.9728447772494944,0.0,30,76-200,76-200
DHNC0004,Dhanmondi,Residential,Res-B,middle,597.3547737671756,125.77903603831048,125.18376480614293,0.5952712321675477,0.4732674465609966,1040.619936641921,1035.3071408948256,5.312795747095379,0.5105414147877815,1.489054716775927,12.081875368561478,-5.280024904690173,False,1.0,0.99526732553439,0.004732674465609987,0.7631324280611624,0.7631324280611624,0.0,12,76-200,76-200
DHNC0005,Dhanmondi,Residential,Res-B,middle,597.3547737671756,196.82248550892285,195.78708038781002,1.0354051211128308,0.5260603830073527,1730.9410931671366,1721.7001024612046,9.240990705932063,0.5338708949952562,3.106215363338333,19.669191108227082,-7.3219850389566865,False,1.0,0.9947393961699268,0.005260603830073207,0.9916189913789257,0.9916189913789257,0.0,10,76-200,76-200
DHNC0006,Dhanmondi,Residential,Res-C,lower-middle,597.3547737671756,114.42690706294435,114.42690706294435,0.0,0.0,860.6101455367783,860.6101455367783,0.0,0.0,0.0,0.0,0.0,False,1.0,1.0,0.0,0.2689426569645353,0.2689426569645353,0.0,0,76-200,76-200
DHNC0007,Dhanmondi,Residential,Res-C,lower-middle,597.3547737671756,149.25384920148198,149.25384920148198,0.0,0.0,1234.0405541232267,1234.0405541232267,0.0,0.0,0.0,0.0,0.0,False,1.0,1.0,0.0,1.2511246302574692,1.2511246302574692,0.0,0,76-200,76-200
DHNC0008,Dhanmondi,Residential,Res-B,middle,597.3547737671756,188.3564219134829,187.77165842692668,0.584763486556227,0.3104558265737413,1595.4187055778348,1590.1996914603208,5.219014117514007,0.32712504242726453,0.8353764093660344,10.540672324704127,-4.486281797824086,False,1.0,0.9968954417342626,0.0031045582657374116,0.922622061291981,0.922622061291981,0.0,21,76-200,76-200
DHNC0009,Dhanmondi,Residential,Res-A,upper-middle,597.3547737671756,398.077109371363,373.15990225937503,24.917207111987977,6.259392093993255,3724.025751760138,3472.337042721947,251.68870903819106,6.758511509197592,23.925582428075483,465.24730044056804,-189.6330089743015,False,1.0,0.9374060790600679,0.0625939209399321,2.560466022218713,2.560466022218713,0.0,30,301-400,301-400
DHNC0010,Dhanmondi,Residential,Res-A,upper-middle,597.3547737671756,196.77862878463787,196.05412211570777,0.7245066689301041,0.3681836149610698,1738.4788519028932,1732.012629882692,6.466222020201258,0.37194711992748725,0.869408002716163,16.843520486477455,-9.507890463560035,False,1.0,0.9963181638503892,0.0036818361496108176,0.9831174001378662,0.9831174001378662,0.0,25,76-200,76-200
DHNC0011,Dhanmondi,Residential,Res-A,upper-middle,597.3547737671756,495.66845075302064,484.9002480206379,10.768202732382747,2.172460788259505,5321.328438092982,5151.616178929264,169.71225916371804,3.189283674896381,13.044413383233744,221.60795435173742,-38.85128180478563,False,1.0,0.978275392117405,0.021724607882595004,2.681841055030918,2.681841055030918,0.0,24,401-600,401-600
DHNC0012,Dhanmondi,Residential,Res-A,upper-middle,597.3547737671756,157.25263141484473,156.53332201984162,0.7193093950031084,0.4574228033777788,1350.9276553774891,1344.5078190270863,6.419836350402875,0.4752168870663161,0.7193093950031079,14.813579575628651,-7.674433830222669,False,1.0,0.9954257719662222,0.004574228033777827,0.9674737262491748,0.9674737262491748,0.0,30,76-200,76-200
DHNC0013,Dhanmondi,Residential,Res-B,middle,597.3547737671756,185.82639660692382,184.37499147663667,1.4514051302871565,0.7810543371603417,1551.8819097167952,1538.9281189289823,12.953790787812977,0.8347149809985819,3.6311130738888613,31.32865129506409,-14.743747433362252,False,1.0,0.992189456628397,0.007810543371603029,1.0613030785431088,1.0613030785431088,0.0,12,76-200,76-200
DHNC0014,Dhanmondi,Residential,Res-B,middle,597.3547737671756,139.96076086458442,139.96076086458442,0.0,0.0,1190.551600716416,1190.551600716416,0.0,0.0,0.0,0.0,0.0,False,1.0,1.0,0.0,0.8231676560421688,0.8231676560421688,0.0,0,76-200,76-200
DHNC0015,Dhanmondi,Residential,Res-A,upper-middle,597.3547737671756,578.3988813460238,544.8417362513142,33.557145094709654,5.801730635546352,6582.442029454009,6053.5646441888375,528.8773852651711,8.03466833279563,32.114023267544056,609.8435938869845,-48.852185354269295,False,1.0,0.9419826936445365,0.05801730635546354,3.202978446236219,3.202978446236219,0.0,30,401-600,401-600
DHNC0016,Dhanmondi,Residential,Res-A,upper-middle,597.3547737671756,205.91342095875007,205.52551789329138,0.387903065458687,0.1883816332381726,1776.774647260857,1773.068233470399,3.706413790457873,0.2086034825053262,0.8951609202893489,10.803101796324347,-6.2015270855771245,False,1.0,0.9981161836676181,0.0018838163323818824,0.8430372817850791,0.8430372817850791,0.0,13,201-300,201-300
DHNC0017,Dhanmondi,Residential,Res-A,upper-middle,597.3547737671756,445.16895505283173,413.01068403269187,32.158271020139864,7.223835052990923,4513.519726110155,4006.6892956972406,506.8304304129142,11.229161744457716,30.71925122311422,713.6561870317428,-176.1065053957143,False,1.0,0.9277616494700909,0.07223835052990912,3.889339225488028,3.889339225488028,0.0,30,401-600,401-600
DHNC0018,Dhanmondi,Residential,Res-B,middle,597.3547737671756,166.20105462023224,165.83953482357379,0.361519796658456,0.21751955634970258,1407.5957324855729,1404.369168300396,3.2265641851768123,0.22922520370811675,1.0845593899753427,6.131397574537484,-1.8202739993853285,False,1.0,0.997824804436503,0.00217519556349699,0.8779939686360916,0.8779939686360916,0.0,5,76-200,76-200
DHNC0019,Dhanmondi,Residential,Res-B,middle,597.3547737671756,159.37148827089507,157.922749324891,1.4487389460040845,0.9090327019733666,1367.5805328177385,1354.650537724652,12.929995093086518,0.9454649859958,1.7019446809582897,26.7070173186563,-12.07507754461149,False,1.0,0.9909096729802664,0.009090327019733557,1.0075919079701723,1.0075919079701723,0.0,25,76-200,76-200
DHNC0020,Dhanmondi,Residential,Res-A,upper-middle,597.3547737671756,275.89435902555635,264.3281717184377,11.56618730711864,4.192252189558994,2560.323010489191,2449.8080907696726,110.51491971951828,4.3164444199719405,11.507726750420302,208.97045148814004,-86.94780501820146,False,1.0,0.9580774781044104,0.04192252189558965,1.8755679711321622,1.8596489246214194,0.8487587096688105,29,201-300,201-300
DHNC0021,Dhanmondi,Residential,Res-A,upper-middle,597.3547737671756,657.973080885311,626.8082461668581,31.16483471845288,4.73649084192323,8039.176691028153,7471.431314544739,567.7453764834145,7.062232841791214,29.824572493425062,783.5541478212623,-185.98419884442274,False,1.0,0.9526350915807674,0.047364908419232576,3.292968961196623,3.292968961196623,0.0,30,601-above,601-above
DHNC0022,Dhanmondi,Residential,Res-B,middle,597.3547737671756,133.95380611275885,132.40868999334646,1.5451161194123983,1.153469366978464,1066.6485395563727,1052.858378190617,13.790161365755694,1.2928495989401652,1.5659736190362534,22.148171424440235,-6.792036439648289,False,1.0,0.9884653063302158,0.011534693669784213,0.6353992997170809,0.6353992997170809,0.0,29,76-200,76-200
DHNC0023,Dhanmondi,Residential,Res-C,lower-middle,597.3547737671756,272.03224092858227,272.03224092858227,0.0,0.0,2381.8330120726037,2381.8330120726037,0.0,0.0,0.0,0.0,0.0,False,1.0,1.0,0.0,1.0955845399535906,1.0955845399535906,0.0,0,201-300,201-300
DHNC0024,Dhanmondi,Residential,Res-A,upper-middle,597.3547737671756,431.11695257040515,407.47429553710106,23.64265703330409,5.484047169182714,4292.308920985871,3919.6888248124815,372.62009617338936,8.681110866731483,22.673828165593445,453.53803903016274,-58.24411469117996,False,1.0,0.9451595283081733,0.05484047169182671,2.596500948654084,2.596500948654084,0.0,30,401-600,401-600
DHNC0025,Dhanmondi,Residential,Res-A,upper-middle,597.3547737671756,567.3292533741046,550.0859167077014,17.243336666403252,3.0393878975658533,6475.196377802576,6203.432770271728,271.76360753084737,4.1969940627974145,16.54238416803209,332.57358699004686,-44.267595291167424,False,1.0,0.9696061210243414,0.030393878975658595,3.3153360078658327,3.3153360078658327,0.0,30,401-600,401-600
DHNC0026,Dhanmondi,Residential,Res-A,upper-middle,597.3547737671756,470.1141317899835,468.3473232191563,1.7668085708272088,0.3758254541508878,4906.218364076035,4878.372577595513,27.845786480522293,0.5675610911330963,1.7465491732082912,34.51672393423867,-4.9243882805080865,False,1.0,0.9962417454584914,0.0037582545415085766,3.371064558176016,3.371064558176016,0.0,30,401-600,401-600
DHNC0027,Dhanmondi,Residential,Res-A,upper-middle,597.3547737671756,275.0476850721528,270.7177025381422,4.329982534010583,1.5742661251174341,2480.6058208644195,2439.2328377519484,41.37298311247105,1.6678580193790626,4.257099030027829,77.15071114948233,-31.520629006983455,False,1.0,0.9842573387488258,0.015742661251174184,1.1719317158741753,1.1719317158741753,0.0,30,201-300,201-300
DHNC0028,Dhanmondi,Residential,Res-A,upper-middle,597.3547737671756,623.2412291604629,574.0001806487462,49.24104851171671,7.900800878986594,7412.195412230733,6579.028167114565,833.1672451161685,11.240492172418632,47.129659261204765,833.2676570248256,47.02924735254771,True,1.0,0.9209919912101341,0.07900800878986591,3.2768272328076478,3.2768272328076478,0.0,30,601-above,401-600
DHNC0029,Dhanmondi,Residential,Res-A,upper-middle,597.3547737671756,624.4129303924487,592.8009016199399,31.612028772508893,5.062680036532951,7384.589879424435,6826.385929981062,558.203949443373,7.559037922995396,36.643109511919995,709.034158251488,-114.18709929619502,False,1.0,0.949373199634671,0.05062680036532896,3.1068196972156823,3.105233789939865,0.0510460029990917,25,601-above,401-600
DHNC0030,Dhanmondi,Residential,Res-A,upper-middle,597.3547737671756,404.32435633914633,389.6423347407644,14.682021598381937,3.631248369827785,3866.6970180831154,3693.920223216461,172.7767948666542,4.468330310304657,14.150579335450026,289.7300410078706,-102.80266680576639,False,1.0,0.9636875163017222,0.036312483698277775,2.1577045951524205,2.1577045951524205,0.0,30,401-600,301-400
DHNC0031,Dhanmondi,Residential,Res-A,upper-middle,597.3547737671756,441.85756643749727,412.2619160504492,29.595650387048067,6.698006922381062,4453.573395838175,3987.1311479131045,466.44224792507066,10.473437989389753,28.32744129728018,614.5817349791888,-119.81204575683796,False,1.0,0.9330199307761896,0.06698006922381039,2.7046567135470405,2.7046567135470405,0.0,30,401-600,401-600
DHNC0032,Dhanmondi,Residential,Res-A,upper-middle,597.3547737671756,349.49508962096536,331.6497478741175,17.84534174684785,5.10603504220946,3291.5195902613714,3111.263793276461,180.25579698491038,5.476370170125486,17.03834623516231,416.5558626714599,-219.26171945138722,False,1.0,0.9489396495779053,0.05106035042209467,1.8606251097774307,1.8606251097774307,0.0,30,301-400,301-400
DHNC0033,Dhanmondi,Residential,Res-A,upper-middle,597.3547737671756,384.79949945318106,364.9927540354639,19.80674541771714,5.147289808293278,3584.3917039765815,3384.323768512221,200.06793546436074,5.581642632483558,19.050836018630733,360.2944431271646,-141.17567164417312,False,1.0,0.9485271019170675,0.05147289808293254,1.7967119512109364,1.7967119512109364,0.0,30,301-400,301-400
DHNC0034,Dhanmondi,Residential,Res-A,upper-middle,597.3547737671756,320.73820057350525,300.62414558033413,20.114054993171123,6.27117535647628,2935.1167539929766,2731.944684506955,203.17206948602143,6.922112015122503,19.328996663748647,395.8939411107285,-173.39287496095844,False,1.0,0.9372882464352372,0.06271175356476277,1.4470815531004906,1.4470815531004906,0.0,30,301-400,301-400
DHNC0035,Dhanmondi,Residential,Res-A,upper-middle,597.3547737671756,541.4722637248677,514.7645586773233,26.707705047544437,4.932423475178246,6061.066702435777,5640.139917033955,420.9267854018226,6.944764116069925,25.583976884652493,527.9253179254328,-81.41455563895767,False,1.0,0.9506757652482176,0.04932423475178238,2.7252667279185627,2.5773794328336503,5.426525542248927,30,401-600,401-600
DHNC0036,Dhanmondi,Residential,Res-A,upper-middle,597.3547737671756,353.040811548088,331.8447748554479,21.19603669264012,6.003848846736799,3322.042927447237,3107.941760814879,214.10116663235794,6.444864539931759,20.309751570981284,466.97453816501155,-232.56361996167232,False,1.0,0.9399615115326322,0.06003848846736781,2.338062951529534,2.338062951529534,0.0,30,301-400,301-400
DHNC0037,Dhanmondi,Residential,Res-B,middle,597.3547737671756,89.70684034796955,89.70684034796955,0.0,0.0,726.4371901056282,726.4371901056282,0.0,0.0,0.0,0.0,0.0,False,1.0,1.0,0.0,0.7117994791378291,0.7117994791378291,0.0,0,76-200,76-200
DHNC0038,Dhanmondi,Residential,Res-B,middle,597.3547737671756,122.61475577696295,121.33238998939032,1.2823657875726298,1.0458494815299895,998.5269253093944,987.0818106553087,11.445114654085728,1.146199903476759,3.2079053035180976,24.869820774880544,-10.216800817276718,False,1.0,0.9895415051847,0.010458494815300035,0.7351805302782848,0.7351805302782848,0.0,12,76-200,76-200
DHNC0039,Dhanmondi,Residential,Res-B,middle,597.3547737671756,267.8041982701952,251.00499887240974,16.79919939778543,6.272941016718582,2434.251334471715,2273.734984225875,160.51635024583993,6.594074653374913,16.114533100971823,274.0232871073908,-97.39240376057904,False,1.0,0.9372705898328145,0.06272941016718547,1.7540977811110463,1.2081731682767467,31.12281531355172,30,201-300,201-300
DHNC0040,Dhanmondi,Residential,Res-B,middle,597.3547737671756,241.854593958359,241.20475015680276,0.6498438015562442,0.2686919404425827,2169.5889652721203,2163.37970774825,6.209257523870292,0.28619510991527825,1.9495314046688095,15.429575646642505,-7.270786718103404,False,1.0,0.9973130805955741,0.0026869194044258915,1.7412662609423442,1.7412662609423442,0.0,7,201-300,201-300
DHNC0041,Dhanmondi,Residential,Res-B,middle,597.3547737671756,231.40151671267756,231.40151671267756,0.0,0.0,2087.354222189634,2087.354222189634,0.0,0.0,0.0,0.0,0.0,False,1.0,1.0,0.0,1.2714816312702506,1.2714816312702506,0.0,0,201-300,201-300
DHNC0042,Dhanmondi,Residential,Res-A,upper-middle,597.3547737671756,586.5865757346617,544.8367178569755,41.74985787768617,7.117424708432371,6689.853136866135,6031.854501784863,657.9986350812724,9.835771004526299,39.93562261255644,833.2897014033498,-135.35544370952096,False,1.0,0.9288257529156764,0.07117424708432363,2.7947687083347503,2.5552924472795606,8.568732730583651,30,401-600,401-600
DHNC0043,Dhanmondi,Residential,Res-A,upper-middle,597.3547737671756,444.5260782543428,398.47848624487614,46.047592009466655,10.358805537415462,4540.90353632757,3823.7814695594934,717.1220667680764,15.792497264719364,44.1773629540424,1079.2390479362455,-317.93961821412665,False,1.0,0.8964119446258454,0.10358805537415461,3.7811730375004524,2.8187370327691657,25.453371088446826,30,401-600,301-400
DHNC0044,Dhanmondi,Residential,Res-A,upper-middle,597.3547737671756,240.79483692437557,236.11030914245586,4.684527781919712,1.9454436157162882,2120.028766812409,2075.268103856166,44.76066295624287,2.1113233771607365,4.616458314039766,94.08969414968499,-44.71257287940235,False,1.0,0.9805455638428373,0.01945443615716269,1.601118112256346,1.601118112256346,0.0,30,201-300,201-300
DHNC0045,Dhanmondi,Residential,Res-A,upper-middle,597.3547737671756,358.13514373014027,338.81707403788386,19.318069692256415,5.394072609308861,3335.310176818147,3140.178354856665,195.13182196148182,5.850485010891421,18.53936204523313,310.47120959181217,-96.80002558509722,False,1.0,0.9460592739069119,0.05394072609308809,1.5801558631935804,1.5801558631935804,0.0,30,301-400,301-400
DHNC0046,Dhanmondi,Residential,Res-B,middle,597.3547737671756,211.6008884640585,211.6008884640585,0.0,0.0,1837.310039274079,1837.310039274079,0.0,0.0,0.0,0.0,0.0,False,1.0,1.0,0.0,1.3667714567211422,1.3667714567211422,0.0,0,201-300,201-300
DHNC0047,Dhanmondi,Residential,Res-B,middle,597.3547737671756,166.57813096673863,165.39926742888147,1.1788635378571541,0.7076940598478337,1359.1524588781424,1348.6311018027673,10.521357075375136,0.774111616886568,3.536590613571598,25.000116468542547,-10.942168779595814,False,1.0,0.9929230594015214,0.0070769405984786315,0.9413984127095423,0.9413984127095423,0.0,10,76-200,76-200
DHNC0048,Dhanmondi,Residential,Res-B,middle,597.3547737671756,254.3248654332369,254.3248654332369,0.0,0.0,2256.5626392145787,2256.5626392145787,0.0,0.0,0.0,0.0,0.0,False,1.0,1.0,0.0,1.318344304216851,1.318344304216851,0.0,0,201-300,201-300
DHNC0049,Dhanmondi,Residential,Res-B,middle,597.3547737671756,125.29698922599817,125.29698922599817,0.0,0.0,1018.0514488420338,1018.0514488420338,0.0,0.0,0.0,0.0,0.0,False,1.0,1.0,0.0,0.799211508859545,0.799211508859545,0.0,0,76-200,76-200
DHNC0050,Dhanmondi,Residential,Res-B,middle,597.3547737671756,147.13363333260193,146.0442556477421,1.0893776848598407,0.7404001792012131,1248.4439974934724,1238.7213016560981,9.722695837374204,0.7787851002443575,3.268133054579585,25.301105417401462,-12.310276525447673,False,1.0,0.9925959982079877,0.0074040017920122825,0.609624165543079,0.609624165543079,0.0,9,76-200,76-200
DHNC0051,Dhanmondi,Residential,Res-A,upper-middle,597.3547737671756,649.498883370988,616.7765848405268,32.72229853046122,5.038083877931863,7865.667417810974,7269.548944332296,596.1184734786784,7.57873988072304,31.367989160142255,577.5976466930884,49.888815945732176,True,1.0,0.9496191612206817,0.050380838779318315,3.289320262604461,3.1973572887785133,2.795804801115106,30,601-above,601-above
DHNC0052,Dhanmondi,Residential,Res-B,middle,597.3547737671756,150.49813153630498,149.35782883200994,1.1403027042950384,0.7576856221766187,1257.696633961522,1247.5194323256887,10.177201635833171,0.8091936768389676,3.420908112885072,24.281774881624525,-10.683665132906281,False,1.0,0.9924231437782339,0.007576856221766071,0.7707490196024964,0.7707490196024964,0.0,10,76-200,76-200
DHNC0053,Dhanmondi,Residential,Res-A,upper-middle,597.3547737671756,513.7550022660504,496.7614502810417,16.993551985008708,3.3077151385493506,5622.680893214087,5354.854017154357,267.82687605972933,4.763330538337412,16.248104219509788,338.10778206613236,-54.03280178689323,False,1.0,0.9669228486145064,0.03307715138549361,4.090200695867592,4.090200695867592,0.0,30,401-600,401-600
DHNC0054,Dhanmondi,Residential,Res-A,upper-middle,597.3547737671756,421.104037435801,400.8508070738537,20.253230361947317,4.809555017632668,4130.972372006941,3811.771334887471,319.2010371194706,7.727019412729546,19.428652035834382,289.4628636924224,49.16682546288257,True,1.0,0.9519044498236735,0.048095550176326496,2.118022367630691,2.118022367630691,0.0,30,401-600,401-600
DHNC0055,Dhanmondi,Residential,Res-B,middle,597.3547737671756,136.12540807363925,132.7378110478976,3.3875970257416554,2.4885853961290456,1160.2900770572303,1130.055773602486,30.23430345474435,2.6057538586752105,3.6809175829581067,65.20578826881355,-31.29056723111109,False,1.0,0.9751141460387096,0.024885853961290394,0.8014233717856606,0.7956538176222662,0.7199133899151468,27,76-200,76-200
DHNC0056,Dhanmondi,Residential,Res-B,middle,597.3547737671756,182.08517895680382,182.08517895680382,0.0,0.0,1571.848132189474,1571.848132189474,0.0,0.0,0.0,0.0,0.0,False,1.0,1.0,0.0,1.0352773503428032,1.0352773503428032,0.0,0,76-200,76-200
DHNC0057,Dhanmondi,Residential,Res-A,upper-middle,597.3547737671756,307.2130744885073,295.1437332545896,12.069341233917669,3.9286548119777946,2860.190945408412,2740.9300512476034,119.26089416080868,4.16968294904448,11.570163930649937,205.20650147124783,-74.37544337978923,False,1.0,0.9607134518802218,0.039286548119778164,1.9898865958128031,1.9898865958128031,0.0,30,301-400,201-300
DHNC0058,Dhanmondi,Residential,Res-B,middle,597.3547737671756,122.32622612310952,120.92926147571609,1.3969646473934318,1.1419993011045089,931.1115681487524,918.6436586707661,12.467909477986382,1.339034966859582,4.190893942180336,29.29497034106843,-12.636166920901712,False,1.0,0.9885800069889548,0.011419993011045237,0.31683256362057566,0.31683256362057566,0.0,10,76-200,76-200
DHNC0059,Dhanmondi,Residential,Res-B,middle,597.3547737671756,186.75369561814352,186.22184321385947,0.5318524042840522,0.28478815507433614,1613.078053391931,1608.331270683696,4.7467827082350595,0.29426863122052094,0.6250726854820484,11.877956496902511,-6.5061011031854035,False,1.0,0.9971521184492569,0.0028478815507431143,0.9512570634449838,0.9512570634449838,0.0,25,76-200,76-200
DHNC0060,Dhanmondi,Residential,Res-B,middle,597.3547737671756,221.00999712624505,221.00999712624505,0.0,0.0,1953.6652525412717,1953.6652525412717,0.0,0.0,0.0,0.0,0.0,False,1.0,1.0,0.0,1.5588965110607325,1.5588965110607325,0.0,0,201-300,201-300
DHNC0061,Dhanmondi,Residential,Res-A,upper-middle,597.3547737671756,420.37400567712103,410.3956970956724,9.97830858144863,2.3736740251995325,4090.312196474266,3933.049064076345,157.2631323979208,3.84477088407768,9.627467438619025,179.69108014560604,-12.800480309066216,False,1.0,0.9762632597480047,0.023736740251995347,2.0980278784337933,2.0980278784337933,0.0,30,401-600,401-600
DHNC0062,Dhanmondi,Residential,Res-A,upper-middle,597.3547737671756,541.7017373274599,527.479241273431,14.222496054028966,2.625521587617031,6069.3226411494325,5845.168992089908,224.15364905952447,3.693223483289288,13.67601282600684,240.66393843667535,-2.834276551144029,False,1.0,0.9737447841238296,0.026255215876170412,3.134362305600136,3.134362305600136,0.0,30,401-600,401-600
DHNC0063,Dhanmondi,Residential,Res-B,middle,597.3547737671756,192.55977707048777,191.37321799433903,1.1865590761487397,0.6162029756164455,1661.8059203541034,1651.215880599476,10.590039754627469,0.6372609234880392,2.9672062303851527,21.384993911534412,-7.827747926521791,False,1.0,0.9938379702438354,0.006162029756164644,1.0765110476120967,1.0765110476120967,0.0,12,76-200,76-200
DHNC0064,Dhanmondi,Residential,Res-A,upper-middle,597.3547737671756,436.5674191334551,428.40219460697546,8.16522452647962,1.8703238420051629,4300.3171692528185,4171.629148103237,128.6880211495818,2.9925239484589317,7.886623557779615,214.67529081454427,-78.10064610718285,False,1.0,0.9812967615799485,0.018703238420051504,1.9434235199937748,1.9434235199937748,0.0,30,401-600,401-600
DHNC0065,Dhanmondi,Residential,Res-A,upper-middle,597.3547737671756,641.0435271182372,621.790201093226,19.253326025011233,3.0034350571423922,7745.1391452764865,7394.391678415845,350.7474668606419,4.5286141447123205,18.423085726647184,381.09277684209127,-11.922224254802188,False,1.0,0.9699656494285761,0.030034350571423896,3.6686335388922786,3.6686335388922786,0.0,30,601-above,601-above
DHNC0066,Dhanmondi,Residential,Res-C,lower-middle,597.3547737671756,63.09386822946161,63.09386822946161,0.0,0.0,526.0870709409764,526.0870709409764,0.0,0.0,0.0,0.0,0.0,False,1.0,1.0,0.0,0.6378323315962104,0.6378323315962104,0.0,0,1-75,1-75
DHNC0067,Dhanmondi,Residential,Res-C,lower-middle,597.3547737671756,75.1916472500326,75.1916472500326,0.0,0.0,573.255901706541,573.255901706541,0.0,0.0,0.0,0.0,0.0,False,1.0,1.0,0.0,0.8324575360206663,0.8324575360206663,0.0,0,76-200,76-200
DHNC0068,Dhanmondi,Residential,Res-C,lower-middle,597.3547737671756,23.22873740460795,23.22873740460795,0.0,0.0,151.80572714214003,151.80572714214003,0.0,0.0,0.0,0.0,0.0,False,1.0,1.0,0.0,0.09364494383941682,0.09364494383941682,0.0,0,lifeline 0-50,lifeline 0-50
DHNC0069,Dhanmondi,Residential,Res-B,middle,597.3547737671756,230.43421755477934,227.46491587823223,2.9693016765471043,1.2885680382260223,2050.3374987359166,2021.965821216509,28.371677519407513,1.3837564565296858,8.907905029641345,67.26677297184933,-29.98719042280048,False,1.0,0.9871143196177398,0.012885680382260234,1.1890448001695697,1.1890448001695697,0.0,10,201-300,201-300
DHNC0070,Dhanmondi,Residential,Res-A,upper-middle,597.3547737671756,299.6852394551699,287.9086501636786,11.776589291491291,3.929652762645642,2728.5861529941485,2616.0608423139493,112.52531068019925,4.1239420113864576,11.329068768451531,235.23803677110521,-111.38365732245443,False,1.0,0.9607034723735436,0.03929652762645641,1.4783867503475456,1.4783867503475456,0.0,30,201-300,201-300
DHNC0071,Dhanmondi,Residential,Res-B,middle,597.3547737671756,136.53075810234316,135.8718433144993,0.6589147878438553,0.4826127072039944,1118.7450160634125,1112.8642015819062,5.880814481506377,0.5256617367735421,1.9767443635316395,13.695022758166024,-5.8374639131280075,False,1.0,0.9951738729279599,0.0048261270720401095,1.4443860398529669,1.4443860398529669,0.0,10,76-200,76-200
DHNC0072,Dhanmondi,Residential,Res-B,middle,597.3547737671756,153.79687796322426,150.9298970785853,2.866980884638963,1.8641346447387002,1288.0684558217765,1262.4806514263737,25.587804395402827,1.9865251943521922,3.004978475175272,40.3520165316177,-11.759233661039602,False,1.0,0.981358653552613,0.01864134644738702,0.9944238077557326,0.9944238077557326,0.0,28,76-200,76-200
DHNC0073,Dhanmondi,Residential,Res-C,lower-middle,597.3547737671756,73.4460231550191,73.4460231550191,0.0,0.0,523.5445142529189,523.5445142529189,0.0,0.0,0.0,0.0,0.0,False,1.0,1.0,0.0,0.6633339823234214,0.6633339823234214,0.0,0,1-75,1-75
DHNC0074,Dhanmondi,Residential,Res-C,lower-middle,597.3547737671756,117.37901300795615,117.37901300795615,0.0,0.0,946.9601510960088,946.9601510960088,0.0,0.0,0.0,0.0,0.0,False,1.0,1.0,0.0,0.7462881801220801,0.7462881801220801,0.0,0,76-200,76-200
DHNC0075,Dhanmondi,Residential,Res-A,upper-middle,597.3547737671756,424.2818280677285,407.89947185737026,16.38235621035824,3.8611967627666366,4228.031261261435,3969.8371362080843,258.19412505335094,6.106722233087714,15.707191092969033,337.934742305907,-64.03342615958701,False,1.0,0.9613880323723336,0.03861196762766639,2.605297385589501,2.605297385589501,0.0,30,401-600,401-600
DHNC0076,Dhanmondi,Residential,Res-C,lower-middle,597.3547737671756,123.63919120523688,123.63919120523688,0.0,0.0,1010.3204215067392,1010.3204215067392,0.0,0.0,0.0,0.0,0.0,False,1.0,1.0,0.0,1.314783036934591,1.314783036934591,0.0,0,76-200,76-200
DHNC0077,Dhanmondi,Residential,Res-B,middle,597.3547737671756,191.89553268386084,191.89553268386084,0.0,0.0,1604.717129203458,1604.717129203458,0.0,0.0,0.0,0.0,0.0,False,1.0,1.0,0.0,0.7408720534525541,0.7408720534525541,0.0,0,76-200,76-200
DHNC0078,Dhanmondi,Residential,Res-A,upper-middle,597.3547737671756,273.0102025259504,271.80588507999545,1.2043174459549277,0.4411254359039765,2470.394265135456,2458.887011939357,11.5072531960991,0.46580634348534394,1.4145061559236163,30.934578700672436,-18.01281934864972,False,1.0,0.9955887456409606,0.00441125435903944,1.8883483512547863,1.8883483512547863,0.0,25,201-300,201-300
DHNC0079,Dhanmondi,Residential,Res-A,upper-middle,597.3547737671756,306.173609098205,301.4190990563546,4.754510041850438,1.5528804248851609,2768.3885455009686,2720.3632395682375,48.025305932731044,1.7347747667421578,4.577631122734347,62.8629246301786,-10.259987574713207,False,1.0,0.984471195751148,0.015528804248851946,1.1191541082594143,1.1191541082594143,0.0,30,301-400,301-400
DHNC0080,Dhanmondi,Residential,Res-B,middle,597.3547737671756,250.52593063203358,245.93701639069707,4.588914241336511,1.8317122821416028,2188.498587189081,2144.6515116131104,43.84707557597039,2.0035231383122714,9.774601517900512,89.42740952828572,-35.805732434414814,False,1.0,0.9816828771785837,0.018317122821416287,1.2065862998479697,1.2065862998479697,0.0,14,201-300,201-300
DHNC0081,Dhanmondi,Residential,Res-B,middle,597.3547737671756,274.73326518153254,274.29898721945773,0.43427796207481606,0.158072580613004,2474.488078809544,2470.3385528819185,4.149525927625291,0.16769229818321024,1.3028338862243845,10.078825601100085,-4.62646578725041,False,1.0,0.99841927419387,0.0015807258061300011,1.278246582089067,1.278246582089067,0.0,3,201-300,201-300
DHNC0082,Dhanmondi,Residential,Res-A,upper-middle,597.3547737671756,409.5268214075858,404.75610933877675,4.770712068809075,1.1649327515134777,3988.6494787942565,3913.460671233791,75.18880756046565,1.8850693188310632,4.696601921301751,87.73507378303361,-7.849664301266216,False,1.0,0.9883506724848653,0.0116493275151347,3.0770120255378766,3.0770120255378766,0.0,30,401-600,401-600
DHNC0083,Dhanmondi,Residential,Res-B,middle,597.3547737671756,146.50897687551065,146.50897687551065,0.0,0.0,1175.6076186139326,1175.6076186139326,0.0,0.0,0.0,0.0,0.0,False,1.0,1.0,0.0,0.6314812020861154,0.6314812020861154,0.0,0,76-200,76-200
DHNC0084,Dhanmondi,Residential,Res-A,upper-middle,597.3547737671756,352.78281064135996,348.53834867535164,4.244461966008316,1.2031374086202995,3256.3694502883773,3213.4961399697268,42.87331031865051,1.3165984687288397,4.158081695682142,69.27910148284637,-22.24770946851372,False,1.0,0.9879686259137966,0.012031374086203361,1.6981349128710093,1.6981349128710093,0.0,30,301-400,301-400
DHNC0085,Dhanmondi,Residential,Res-A,upper-middle,597.3547737671756,310.9052122174596,301.88372613331154,9.02148608414808,2.901683770369887,2828.2923286085593,2737.1662976725797,91.12603093597954,3.2219452711527525,8.673545139262897,174.3997506391306,-74.60017456388815,False,1.0,0.9709831622963013,0.029016837703698672,1.6229157285343612,1.6229157285343612,0.0,30,301-400,301-400
DHNC0086,Dhanmondi,Residential,Res-A,upper-middle,597.3547737671756,539.8436450995874,513.2157650084825,26.627880091104885,4.932517096907331,5985.129268592047,5565.460564416189,419.6687041758578,7.011856976559195,25.53409031417283,534.1969920934324,-88.9941976034018,False,1.0,0.9506748290309267,0.049325170969073295,2.5636619043549516,2.5636619043549516,0.0,30,401-600,401-600
DHNC0087,Dhanmondi,Residential,Res-B,middle,597.3547737671756,88.55859844515962,88.55859844515962,0.0,0.0,692.5559411230495,692.5559411230495,0.0,0.0,0.0,0.0,0.0,False,1.0,1.0,0.0,0.8637849199766358,0.8637849199766358,0.0,0,76-200,76-200
DHNC0088,Dhanmondi,Residential,Res-B,middle,597.3547737671756,139.24796596601095,139.24796596601095,0.0,0.0,1122.2294062466478,1122.2294062466478,0.0,0.0,0.0,0.0,0.0,False,1.0,1.0,0.0,0.6174283178350306,0.6174283178350306,0.0,0,76-200,76-200
DHNC0089,Dhanmondi,Residential,Res-A,upper-middle,597.3547737671756,276.61450220386786,269.9500276582507,6.664474545617168,2.409300485881748,2495.3518485579575,2431.6727942745856,63.6790542833719,2.551906831101653,6.4201234600050725,129.92399611609198,-59.824818372715015,False,1.0,0.9759069951411824,0.0240930048588176,1.85709812678959,1.85709812678959,0.0,30,201-300,201-300
DHNC0090,Dhanmondi,Residential,Res-B,middle,597.3547737671756,229.82260820529396,229.82260820529396,0.0,0.0,1983.181341401584,1983.181341401584,0.0,0.0,0.0,0.0,0.0,False,1.0,1.0,0.0,0.9576792143850454,0.9576792143850454,0.0,0,201-300,201-300
DHNC0091,Dhanmondi,Residential,Res-B,middle,597.3547737671756,258.93270217081755,257.53669204649566,1.39601012432189,0.5391401366525516,2321.9657892421615,2308.6269125042663,13.338876737895134,0.5744648262991269,1.457284401184611,21.418317268451574,-6.622156129371829,False,1.0,0.9946085986334746,0.0053914013665253835,1.1266393845116296,1.1266393845116296,0.0,28,201-300,201-300
DHNC0092,Dhanmondi,Residential,Res-C,lower-middle,597.3547737671756,98.60577813484387,98.60577813484387,0.0,0.0,794.3986198534816,794.3986198534816,0.0,0.0,0.0,0.0,0.0,False,1.0,1.0,0.0,1.175593797826386,1.175593797826386,0.0,0,76-200,76-200
DHNC0093,Dhanmondi,Residential,Res-A,upper-middle,597.3547737671756,171.4582587207953,169.3984561167243,2.0598026040709954,1.2013434753383345,1502.404469083098,1484.0207308417644,18.38373824133373,1.223621110003296,2.0248309720654434,41.04494448376306,-20.636375270363885,False,1.0,0.9879865652466164,0.012013434753383567,1.0168275362828154,1.0168275362828154,0.0,30,76-200,76-200
DHNC0094,Dhanmondi,Residential,Res-B,middle,597.3547737671756,161.62611818797333,160.23119061986435,1.394927568108983,0.8630582629514517,1365.657514827662,1353.2077862822894,12.449728545372636,0.9116288974504504,3.4894685383142408,23.70644217647577,-7.76724509278889,False,1.0,0.9913694173704858,0.008630582629514216,0.9657980823887327,0.9657980823887327,0.0,12,76-200,76-200
DHNC0095,Dhanmondi,Residential,Res-A,upper-middle,597.3547737671756,325.6271144175251,319.1846408437424,6.442473573782706,1.978481916442022,3011.612352731421,2946.536927162642,65.07542556877934,2.160816796682293,6.219550844641966,125.95013353750012,-54.65515712407881,False,1.0,0.9802151808355793,0.019784819164420653,1.541534604039834,1.541534604039834,0.0,30,301-400,301-400
DHNC0096,Dhanmondi,Residential,Res-B,middle,597.3547737671756,143.68775835431532,142.88641576779517,0.8013425865201498,0.5576971870798786,1185.7082433122641,1178.556260727572,7.151982584692178,0.6031823279488372,2.404027759560419,16.996004704867296,-7.439994360614699,False,1.0,0.9944230281292012,0.0055769718707987526,0.7859930622080519,0.7859930622080519,0.0,10,76-200,76-200
DHNC0097,Dhanmondi,Residential,Res-A,upper-middle,597.3547737671756,388.7135700900934,363.284000227944,25.429569862149435,6.541981504853443,3657.8891414800337,3401.025056302462,256.8640851775717,7.0221943651808125,24.4514070929327,484.981613482821,-203.66612121231657,False,1.0,0.9345801849514652,0.06541981504853478,1.8877619490143358,1.749606053695815,7.318501964225773,30,301-400,301-400
DHNC0098,Dhanmondi,Residential,Res-A,upper-middle,597.3547737671756,375.3941728735684,355.1485667652205,20.245606108347886,5.393159396527592,3512.942310195914,3308.4414428954924,204.50086730042176,5.821355696815211,19.410667495866594,395.23817111048993,-171.32663631420158,False,1.0,0.9460684060347239,0.05393159396527614,1.6515744590922738,1.6515744590922738,0.0,30,301-400,301-400
DHNC0099,Dhanmondi,Residential,Res-A,upper-middle,597.3547737671756,377.74136314827007,366.28925702205186,11.452106126218212,3.031732090648241,3532.483829160676,3416.806105179746,115.6777239809303,3.2746851670207224,11.005537545154478,198.8438914483677,-72.16062992228294,False,1.0,0.9696826790935172,0.03031732090648276,2.0760980991822704,2.0760980991822704,0.0,30,301-400,301-400
DHNC0100,Dhanmondi,Residential,Res-B,middle,597.3547737671756,312.6194029235564,311.0680881910171,1.5513147325392538,0.49623110978770274,2830.150318930843,2814.4804888174635,15.669830113379248,0.5536748351691405,4.6539441976177285,37.031206265878744,-16.707431954881766,False,1.0,0.995037688902123,0.004962311097877037,1.3826132404676084,1.3826132404676084,0.0,3,301-400,301-400
DHNC0101,Dhanmondi,Residential,Res-B,middle,597.3547737671756,125.84105324269851,125.84105324269851,0.0,0.0,1035.2464001910844,1035.2464001910844,0.0,0.0,0.0,0.0,0.0,False,1.0,1.0,0.0,0.6799512318739235,0.6799512318739235,0.0,0,76-200,76-200
DHNC0102,Dhanmondi,Residential,Res-B,middle,597.3547737671756,227.9174838633324,222.0746999425589,5.842783920773485,2.5635523092546206,1991.883288314141,1936.0554879511506,55.8278003629905,2.8027646343798165,5.817226387140712,101.38226393194087,-39.737237181809654,False,1.0,0.9743644769074539,0.02563552309254613,1.0130939955126856,1.0130939955126856,0.0,29,201-300,201-300
DHNC0103,Dhanmondi,Residential,Res-B,middle,597.3547737671756,182.7025392819645,181.85291611687313,0.8496231650913728,0.46503084655005855,1523.3443930915332,1515.7615063430926,7.582886748440615,0.4977788859058729,2.5488694952739723,16.900892962645194,-6.769136718930607,False,1.0,0.9953496915344997,0.004650308465500297,0.8367026554190634,0.8367026554190634,0.0,10,76-200,76-200
DHNC0104,Dhanmondi,Residential,Res-A,upper-middle,597.3547737671756,319.6251644563124,305.2566169052809,14.368547551031497,4.495436889480411,2952.7109661732115,2807.5742673602426,145.13669881296892,4.915371009072039,13.796302861540447,205.35930487538064,-46.426303200871274,False,1.0,0.9550456311051964,0.04495436889480364,1.430351739471404,1.430351739471404,0.0,30,301-400,301-400
DHNC0105,Dhanmondi,Residential,Res-B,middle,597.3547737671756,187.5986226071353,187.5986226071353,0.0,0.0,1551.3776167686824,1551.3776167686824,0.0,0.0,0.0,0.0,0.0,False,1.0,1.0,0.0,1.1254614668133551,1.1254614668133551,0.0,0,76-200,76-200
DHNC0106,Dhanmondi,Residential,Res-C,lower-middle,597.3547737671756,113.68956414820126,113.68956414820126,0.0,0.0,923.6809000226962,923.6809000226962,0.0,0.0,0.0,0.0,0.0,False,1.0,1.0,0.0,0.6812977102039717,0.6812977102039717,0.0,0,76-200,76-200
DHNC0107,Dhanmondi,Residential,Res-A,upper-middle,597.3547737671756,449.009329793266,435.52800745587416,13.481322337391816,3.002459290455929,4610.419632206767,4397.947251508305,212.47238069846208,4.608525853356273,12.928557181608607,288.1926124345551,-62.791674554484416,False,1.0,0.9699754070954407,0.030024592904559277,2.8753624723808864,2.80117341227903,2.5801637468136556,30,401-600,401-600
DHNC0108,Dhanmondi,Residential,Res-C,lower-middle,597.3547737671756,69.55073368864824,69.55073368864824,0.0,0.0,524.3222609056384,524.3222609056384,0.0,0.0,0.0,0.0,0.0,False,1.0,1.0,0.0,0.6783694919701949,0.6783694919701949,0.0,0,1-75,1-75
DHNC0109,Dhanmondi,Residential,Res-A,upper-middle,597.3547737671756,320.82976655817487,309.7750371053928,11.054729452782055,3.4456682655652346,2958.254832004124,2846.591009801573,111.66382220255127,3.7746518993058675,10.659146837649226,271.74857583246506,-149.42560679226455,False,1.0,0.9655433173443476,0.03445668265565238,1.4504629464167051,1.4504629464167051,0.0,30,301-400,301-400
DHNC0110,Dhanmondi,Residential,Res-B,middle,597.3547737671756,212.33231444808825,212.33231444808825,0.0,0.0,1864.3422645514831,1864.3422645514831,0.0,0.0,0.0,0.0,0.0,False,1.0,1.0,0.0,1.1822873022027829,1.1822873022027829,0.0,0,201-300,201-300
DHNC0111,Dhanmondi,Residential,Res-B,middle,597.3547737671756,172.34652583608207,172.01131863516724,0.33520720091482303,0.19449605919740845,1473.9056530870325,1470.9139288188678,2.9917242681647167,0.20297936044269033,0.8386246305013636,7.441311449523964,-3.6109625508578835,False,1.0,0.9980550394080261,0.00194496059197391,0.9404599829223522,0.9404599829223522,0.0,12,76-200,76-200
DHNC0112,Dhanmondi,Residential,Res-B,middle,597.3547737671756,174.34417141018622,174.34417141018622,0.0,0.0,1527.680549835912,1527.680549835912,0.0,0.0,0.0,0.0,0.0,False,1.0,1.0,0.0,1.1537196491849602,1.1537196491849602,0.0,0,76-200,76-200
DHNC0113,Dhanmondi,Residential,Res-A,upper-middle,597.3547737671756,491.31541311088574,459.0746072992277,32.24080581165805,6.562140114334571,5277.418388334115,4769.287168339478,508.1312199946369,9.628405076199295,30.83911823620572,683.775300783491,-144.80496255264836,False,1.0,0.9343785988566543,0.06562140114334569,3.0068384590450066,3.0068384590450066,0.0,30,401-600,401-600
DHNC0114,Dhanmondi,Residential,Res-B,middle,597.3547737671756,154.7281126268614,154.7281126268614,0.0,0.0,1293.7381351947379,1293.7381351947379,0.0,0.0,0.0,0.0,0.0,False,1.0,1.0,0.0,0.696458307991284,0.696458307991284,0.0,0,76-200,76-200
DHNC0115,Dhanmondi,Residential,Res-C,lower-middle,597.3547737671756,276.27879879111384,276.27879879111384,0.0,0.0,2459.2720624490926,2459.2720624490926,0.0,0.0,0.0,0.0,0.0,False,1.0,1.0,0.0,0.9819170001913283,0.9819170001913283,0.0,0,201-300,201-300
DHNC0116,Dhanmondi,Residential,Res-C,lower-middle,597.3547737671756,194.0721989559309,194.0721989559309,0.0,0.0,1601.6837456816831,1601.6837456816831,0.0,0.0,0.0,0.0,0.0,False,1.0,1.0,0.0,0.699770504499517,0.699770504499517,0.0,0,76-200,76-200
DHNC0117,Dhanmondi,Residential,Res-A,upper-middle,597.3547737671756,467.1984284849003,453.63730255286373,13.561125932036589,2.9026480196037046,4864.926792136272,4651.196666884409,213.73012525186277,4.393285539205622,13.044184155183054,277.8284363173227,-51.05412691027689,False,1.0,0.970973519803963,0.02902648019603704,2.638256655005639,2.638256655005639,0.0,30,401-600,401-600
DHNC0118,Dhanmondi,Residential,Res-A,upper-middle,597.3547737671756,341.36000661012395,327.1006975144508,14.259309095673132,4.177205536546364,3155.337846768862,3011.3045655934675,144.03328117539468,4.564749899060351,15.351059229409119,262.60522752487327,-103.22088712006948,False,1.0,0.9582279446345361,0.04177205536546391,2.1252071206320147,2.1252071206320147,0.0,27,301-400,301-400
DHNC0119,Dhanmondi,Residential,Res-A,upper-middle,597.3547737671756,402.81525057410425,389.1043271244983,13.710923449605957,3.4037746659454284,3816.50567667317,3662.078728284557,154.4269483886128,4.046291594231979,13.14148878689031,291.87664198565545,-124.30820481015235,False,1.0,0.9659622533405459,0.03403774665945414,2.6918850538047177,2.6918850538047177,0.0,30,401-600,301-400
DHNC0120,Dhanmondi,Residential,Res-A,upper-middle,597.3547737671756,208.23913787743916,205.1637605280516,3.0753773493875656,1.4768488674773539,1787.288322418931,1757.9030918455328,29.385230573398303,1.6441236819377907,3.0070514931372023,59.09047736810468,-26.69819530156917,False,1.0,0.9852315113252265,0.014768488674773539,0.8757192936260122,0.8757192936260122,0.0,30,201-300,201-300
DHNC0121,Dhanmondi,Residential,Res-B,middle,597.3547737671756,201.26326844563383,195.45479952596796,5.80846891966587,2.8860054616646957,1750.211759998031,1697.5753157692639,52.63644422876723,3.007432896509988,6.076050264926438,95.9403802556413,-37.22788576194763,False,1.0,0.9711399453833532,0.028860054616646758,0.980790266136546,0.980790266136546,0.0,28,201-300,76-200
DHNC0122,Dhanmondi,Residential,Res-A,upper-middle,597.3547737671756,774.3666950791597,738.2394657144825,36.12722936467719,4.665390388591555,10127.812127604593,9469.664326653587,658.1478009510065,6.498420316833722,34.587499783017776,615.7426792569069,76.99262147711738,True,1.0,0.9533460961140845,0.046653903885915504,4.309447436951095,4.309447436951095,0.0,30,601-above,601-above
DHNC0123,Dhanmondi,Residential,Res-B,middle,597.3547737671756,161.09481302468106,161.09481302468106,0.0,0.0,1403.2648462452785,1403.2648462452785,0.0,0.0,0.0,0.0,0.0,False,1.0,1.0,0.0,1.4084606705359426,1.4084606705359426,0.0,0,76-200,76-200
DHNC0124,Dhanmondi,Residential,Res-A,upper-middle,597.3547737671756,541.5601708204397,520.7444117183575,20.81575910208221,3.843665066902401,6070.610662215539,5742.543890887173,328.0667713283665,5.404180725512624,19.99602746119433,428.53889069955505,-80.47609190999424,False,1.0,0.9615633493309763,0.038436650669023686,3.1673615288603747,3.1673615288603747,0.0,30,401-600,401-600
DHNC0125,Dhanmondi,Residential,Res-B,middle,597.3547737671756,151.38680043394024,149.21679686824018,2.170003565700057,1.4334166251482199,1297.8651038729167,1278.4978220490436,19.3672818238731,1.4922415100059188,2.6633353948234486,40.805813607522985,-18.775196388826437,False,1.0,0.9856658337485175,0.014334166251482539,0.8681061253983784,0.8681061253983784,0.0,24,76-200,76-200
DHNC0126,Dhanmondi,Residential,Res-B,middle,597.3547737671756,145.76305529479862,144.54040920719927,1.222646087599344,0.8387901070861902,1262.6407185060775,1251.7286021742536,10.912116331823881,0.8642297188653003,1.506272638778238,22.630281744202723,-10.211892773600603,False,1.0,0.9916120989291386,0.008387901070861403,1.4788227158229676,1.4788227158229676,0.0,24,76-200,76-200
DHNC0127,Dhanmondi,Residential,Res-A,upper-middle,597.3547737671756,421.67282805492425,406.7563907704696,14.916437284454673,3.5374433190918717,4107.699696559634,3872.609186737986,235.09050982164763,5.72316691063238,14.318212591458193,221.03233136031898,28.376391052786857,True,1.0,0.9646255668090812,0.03537443319091882,2.358010065497659,2.358010065497659,0.0,30,401-600,401-600
DHNC0128,Dhanmondi,Residential,Res-C,lower-middle,597.3547737671756,40.70580839446334,40.70580839446334,0.0,0.0,279.43828569147223,279.43828569147223,0.0,0.0,0.0,0.0,0.0,False,1.0,1.0,0.0,0.5372044126176874,0.5372044126176874,0.0,0,lifeline 0-50,lifeline 0-50
DHNC0129,Dhanmondi,Residential,Res-A,upper-middle,597.3547737671756,368.01852512194097,364.88942873908826,3.1290963828527083,0.8502551282753766,3421.065492256725,3389.4584896935303,31.607002563194783,0.9238935248312082,9.387289148558178,69.00565355262115,-28.01136184086819,False,1.0,0.9914974487172462,0.00850255128275379,1.360999615608951,1.360999615608951,0.0,9,301-400,301-400
DHNC0130,Dhanmondi,Residential,Res-A,upper-middle,597.3547737671756,291.6511099615775,278.1360676171598,13.51504234441768,4.633975967448973,2639.926275682873,2510.7900460819624,129.1362296009106,4.891660452430884,12.98139545708698,252.5634384928823,-110.44581343488471,False,1.0,0.9536602403255101,0.04633975967448989,1.2133883557043317,1.2133883557043317,0.0,30,201-300,201-300
DHNC0131,Dhanmondi,Residential,Res-C,lower-middle,597.3547737671756,92.34181344449863,92.34181344449863,0.0,0.0,736.7287349921503,736.7287349921503,0.0,0.0,0.0,0.0,0.0,False,1.0,1.0,0.0,0.5898951703101828,0.5898951703101828,0.0,0,76-200,76-200
DHNC0132,Dhanmondi,Residential,Res-A,upper-middle,597.3547737671756,267.4003681184043,263.91191850457085,3.4884496138334384,1.3045792114574655,2373.5037373713526,2340.1716013111745,33.33213606017807,1.4043431040514518,3.531779265492209,77.62206542718175,-40.75815010151147,False,1.0,0.9869542078854255,0.013045792114574462,0.915791085474901,0.915791085474901,0.0,29,201-300,201-300
DHNC0133,Dhanmondi,Residential,Res-B,middle,597.3547737671756,133.54810465178795,133.28816369697446,0.2599409548134872,0.19464218941276237,1159.1568340172075,1156.836860995497,2.319973021710439,0.20014315178303121,0.7798228644403817,5.070353363834732,-1.9705574776839114,False,1.0,0.9980535781058726,0.0019464218941274147,0.6885241749247835,0.6885241749247835,0.0,10,76-200,76-200
DHNC0134,Dhanmondi,Residential,Res-B,middle,597.3547737671756,115.35518579447488,115.35518579447488,0.0,0.0,899.3284432156883,899.3284432156883,0.0,0.0,0.0,0.0,0.0,False,1.0,1.0,0.0,0.728351248386059,0.728351248386059,0.0,0,76-200,76-200
DHNC0135,Dhanmondi,Residential,Res-C,lower-middle,597.3547737671756,295.40846620307053,295.40846620307053,0.0,0.0,2608.544444570339,2608.544444570339,0.0,0.0,0.0,0.0,0.0,False,1.0,1.0,0.0,1.2232286083000776,1.2232286083000776,0.0,0,201-300,201-300
DHNC0136,Dhanmondi,Residential,Res-B,middle,597.3547737671756,116.77221535066711,116.45202645015446,0.3201889005126475,0.2741995598448825,950.756972004704,947.8992860676286,2.8576859370754164,0.30056954839362227,0.800891485342861,6.505104693422508,-2.8465272710042306,False,1.0,0.9972580044015514,0.0027419955984485656,0.8027958701016208,0.8027958701016208,0.0,12,76-200,76-200
DHNC0137,Dhanmondi,Residential,Res-A,upper-middle,597.3547737671756,229.1168175173366,223.68965277792103,5.427164739415588,2.3687325959845484,2035.729961378151,1983.8734022930353,51.856559085115805,2.547320129336304,6.412094794804238,108.51841865656607,-50.249764776646025,False,1.0,0.9763126740401545,0.023687325959845462,1.6506936583080898,1.6506936583080898,0.0,25,201-300,201-300
DHNC0138,Dhanmondi,Residential,Res-B,middle,597.3547737671756,142.7903953391316,142.6274525939669,0.1629427451647132,0.11411323904364795,1162.0437784017497,1160.5895144011547,1.4542640005950034,0.12514709235784277,0.4888282354940896,3.288609320320137,-1.3455170842310442,False,1.0,0.9988588676095637,0.001141132390436339,0.9926962791241454,0.9926962791241454,0.0,1,76-200,76-200
DHNC0139,Dhanmondi,Residential,Res-C,lower-middle,597.3547737671756,140.01108368504399,140.01108368504399,0.0,0.0,1181.5809718890175,1181.5809718890175,0.0,0.0,0.0,0.0,0.0,False,1.0,1.0,0.0,1.2207766548256243,1.2207766548256243,0.0,0,76-200,76-200
DHNC0140,Dhanmondi,Residential,Res-B,middle,597.3547737671756,200.59952118619543,198.21422507116606,2.3852961150293766,1.1890836533031188,1755.7854749340975,1734.119008760157,21.666466173940535,1.234004181220019,2.490477585884804,37.7204393840068,-13.563495624181463,False,1.0,0.9881091634669686,0.011890836533031357,1.1192668364678084,1.1192668364678084,0.0,28,201-300,76-200
DHNC0141,Dhanmondi,Residential,Res-A,upper-middle,597.3547737671756,458.2905911169027,429.8548833879456,28.435707728957084,6.2047330405924885,4718.563681297945,4270.402709635717,448.1609716622279,9.497826074458136,27.225995320023905,502.46591931860695,-27.078952336355144,False,1.0,0.937952669594075,0.06204733040592503,2.227857710348002,2.227857710348002,0.0,30,401-600,401-600
DHNC0142,Dhanmondi,Residential,Res-B,middle,597.3547737671756,182.87998459457563,182.87998459457563,0.0,0.0,1582.2139925065874,1582.2139925065874,0.0,0.0,0.0,0.0,0.0,False,1.0,1.0,0.0,1.1544578227660356,1.1544578227660356,0.0,0,76-200,76-200
DHNC0143,Dhanmondi,Residential,Res-C,lower-middle,597.3547737671756,81.94383717146094,81.94383717146094,0.0,0.0,608.426296755289,608.426296755289,0.0,0.0,0.0,0.0,0.0,False,1.0,1.0,0.0,0.5614341776240442,0.5614341776240442,0.0,0,76-200,76-200
DHNC0144,Dhanmondi,Residential,Res-A,upper-middle,597.3547737671756,246.03424934100113,233.79910120966252,12.235148131338605,4.97294509366491,2236.673532453266,2119.7666920583256,116.90684039494045,5.226817356161617,11.748884399718198,223.2848076208624,-94.62908282620376,False,1.0,0.9502705490633508,0.049729450936649156,1.081796149672319,1.081796149672319,0.0,30,201-300,201-300
DHNC0145,Dhanmondi,Residential,Res-B,middle,597.3547737671756,276.6241913219139,276.1020678194337,0.5221235024801558,0.18874831589567984,2487.0433780808876,2482.0544880146895,4.98889006619811,0.20059521720315782,0.7458907178286825,8.367183076535069,-2.632402292508276,False,1.0,0.9981125168410435,0.0018874831589564822,1.4238470909785188,1.4238470909785188,0.0,21,201-300,201-300
DHNC0146,Dhanmondi,Residential,Res-C,lower-middle,597.3547737671756,41.18644797174788,41.18644797174788,0.0,0.0,252.11749837018368,252.11749837018368,0.0,0.0,0.0,0.0,0.0,False,1.0,1.0,0.0,0.16882759939953645,0.16882759939953645,0.0,0,lifeline 0-50,lifeline 0-50
DHNC0147,Dhanmondi,Residential,Res-A,upper-middle,597.3547737671756,321.4607804578542,321.14901976550203,0.3117606923521521,0.09698249718305096,3010.9557534047854,3007.8066586513364,3.149094753448935,0.10458787877862179,0.31176069235226955,5.983514853095615,-2.5226594072944106,False,1.0,0.9990301750281692,0.000969824971830846,1.6166045452996751,1.6166045452996751,0.0,30,301-400,301-400
DHNC0148,Dhanmondi,Residential,Res-B,middle,597.3547737671756,195.00369110682632,192.6027112163123,2.400979890514037,1.2312484327277373,1676.795583128425,1655.366837605587,21.42874552283797,1.277958132669816,2.52370788760973,40.55540590756498,-16.60295249711728,False,1.0,0.9876875156727228,0.012312484327277162,0.8453655058433606,0.8453655058433606,0.0,28,76-200,76-200
DHNC0149,Dhanmondi,Residential,Res-A,upper-middle,597.3547737671756,430.83250778286373,417.17654285238785,13.655964930475875,3.1696691135847104,4323.066238911824,4107.841403625059,215.22483528676548,4.978522728833796,13.116554016421214,310.77087068339745,-82.42948138021075,False,1.0,0.9683033088641525,0.0316966911358475,2.9583157319067195,2.9583157319067195,0.0,30,401-600,401-600
DHNC0150,Dhanmondi,Residential,Res-A,upper-middle,597.3547737671756,320.272319299007,306.39182367985,13.880495619156989,4.333966684831768,2889.1244672392695,2748.917580990165,140.20688624910463,4.852919555351683,13.456007592831511,318.46906122472194,-164.80616738278582,False,1.0,0.9566603331516821,0.043339666848317915,1.5288066960492408,1.5288066960492408,0.0,30,301-400,301-400
DHNC0151,Dhanmondi,Residential,Res-A,upper-middle,597.3547737671756,444.5688377726652,432.9432105434995,11.625627229165673,2.615034217740326,4470.153087716089,4286.9273897708235,183.2256979452659,4.098868525303244,11.14838700053808,244.07958991065638,-49.705504964852395,False,1.0,0.9738496578225969,0.026150342177403085,2.1560452760811186,2.1560452760811186,0.0,30,401-600,401-600
DHNC0152,Dhanmondi,Residential,Res-C,lower-middle,597.3547737671756,67.20627665050526,67.20627665050526,0.0,0.0,477.8024891851286,477.8024891851286,0.0,0.0,0.0,0.0,0.0,False,1.0,1.0,0.0,0.8674896319499349,0.8674896319499349,0.0,0,1-75,1-75
DHNC0153,Dhanmondi,Residential,Res-C,lower-middle,597.3547737671756,45.246899873122096,45.246899873122096,0.0,0.0,302.5601326912601,302.5601326912601,0.0,0.0,0.0,0.0,0.0,False,1.0,1.0,0.0,0.49312282140590263,0.49312282140590263,0.0,0,lifeline 0-50,lifeline 0-50
DHNC0154,Dhanmondi,Residential,Res-C,lower-middle,597.3547737671756,153.86444099116545,153.86444099116545,0.0,0.0,1236.8319058461518,1236.8319058461518,0.0,0.0,0.0,0.0,0.0,False,1.0,1.0,0.0,0.6875231662527604,0.6875231662527604,0.0,0,76-200,76-200
DHNC0155,Dhanmondi,Residential,Res-B,middle,597.3547737671756,219.3618826517549,217.61097308156948,1.7509095701854278,0.798183143315314,1851.2477887375182,1834.5178477943964,16.729940943121846,0.9037115963028937,1.725043096313971,28.78576963860314,-10.33078559916732,False,1.0,0.992018168566847,0.007981831433153008,0.7443248021868961,0.7443248021868961,0.0,30,201-300,201-300
DHNC0156,Dhanmondi,Residential,Res-B,middle,597.3547737671756,95.23959968379535,95.23959968379535,0.0,0.0,808.8920671778735,808.8920671778735,0.0,0.0,0.0,0.0,0.0,False,1.0,1.0,0.0,0.8644688300963509,0.8644688300963509,0.0,0,76-200,76-200
DHNC0157,Dhanmondi,Residential,Res-B,middle,597.3547737671756,199.53514267074084,196.55565660043672,2.9794860703041195,1.493213691795967,1763.0983783363617,1736.5064651588975,26.59191317746422,1.5082489726158121,3.2508959208953128,63.337407046776676,-33.49459794841714,False,1.0,0.9850678630820405,0.014932136917959471,0.9259105048448533,0.9259105048448533,0.0,27,76-200,76-200
DHNC0158,Dhanmondi,Residential,Res-A,upper-middle,597.3547737671756,363.14754051208837,355.5314495141376,7.616090997950778,2.0972442735564267,3347.8335867126043,3270.9034515423036,76.93013517030067,2.2979079807202125,7.33673585991292,162.07617774456688,-77.80930671435328,False,1.0,0.9790275572644354,0.020972442735564645,2.324365353044163,2.324365353044163,0.0,30,301-400,301-400
DHNC0159,Dhanmondi,Residential,Res-B,middle,597.3547737671756,245.39837034503063,245.39837034503063,0.0,0.0,2124.9473386467675,2124.9473386467675,0.0,0.0,0.0,0.0,0.0,False,1.0,1.0,0.0,1.0624375682733445,1.0624375682733445,0.0,0,201-300,201-300
DHNC0160,Dhanmondi,Residential,Res-A,upper-middle,597.3547737671756,480.6523330655176,478.26211975387207,2.390213311645539,0.49728528235807595,5106.297965279089,5068.627008380901,37.6709568981878,0.7377351880821718,2.328395119445124,59.17210687888456,-19.17275486125164,False,1.0,0.9950271471764189,0.004972852823581064,3.105748483976048,3.105748483976048,0.0,30,401-600,401-600
DHNC0161,Dhanmondi,Residential,Res-A,upper-middle,597.3547737671756,245.2795361666398,242.9236067553203,2.3559294113194937,0.9605079364300924,2192.6122880722432,2170.101382547085,22.51090552515825,1.0266705904923101,2.304129029876388,30.674015710895574,-5.858981155860935,False,1.0,0.9903949206356988,0.009605079364301217,1.2904224827297242,1.2904224827297242,0.0,30,201-300,201-300
DHNC0162,Dhanmondi,Residential,Res-B,middle,597.3547737671756,248.65636493228286,246.0114297649214,2.644935167361467,1.0636909166116735,2191.3574769279626,2166.085121403824,25.272355524138675,1.1532739769856117,6.619687357957337,55.77696533644156,-23.88492245434555,False,1.0,0.989363090833883,0.010636909166117037,1.1102497760801993,1.1102497760801993,0.0,12,201-300,201-300
DHNC0163,Dhanmondi,Residential,Res-A,upper-middle,597.3547737671756,340.73497998049345,333.24023646627285,7.494743514220602,2.199581479614938,3143.714812782964,3068.010408545822,75.70440423714217,2.4081193347854946,7.221923221506666,155.12645286762944,-72.2001254089806,False,1.0,0.9780041852038508,0.021995814796149205,1.3626364427430746,1.3626364427430746,0.0,30,301-400,301-400
DHNC0164,Dhanmondi,Residential,Res-A,upper-middle,597.3547737671756,562.9184885460242,544.8291706961467,18.08931784987749,3.2134879592604655,6328.5540287296135,6043.45733475662,285.0966939729933,4.50492628614286,17.381978002177362,365.8023547314754,-63.32368275630478,False,1.0,0.9678651204073954,0.03213487959260464,3.123549905833586,3.123549905833586,0.0,30,401-600,401-600
DHNC0165,Dhanmondi,Residential,Res-B,middle,597.3547737671756,160.1638698695981,159.36647829435634,0.7973915752417611,0.49785983311403487,1286.9111785861628,1279.79445877713,7.116719809032702,0.5530078475852026,2.3921747257253365,14.23312993467576,-4.724235399917722,False,1.0,0.9950214016688596,0.004978598331140449,0.856104329999187,0.856104329999187,0.0,10,76-200,76-200
DHNC0166,Dhanmondi,Residential,Res-B,middle,597.3547737671756,214.16075611934482,214.16075611934482,0.0,0.0,1870.1353447203398,1870.1353447203398,0.0,0.0,0.0,0.0,0.0,False,1.0,1.0,0.0,1.081108964756739,1.081108964756739,0.0,0,201-300,201-300
DHNC0167,Dhanmondi,Residential,Res-A,upper-middle,597.3547737671756,480.8684776675046,452.1871818185645,28.681295848940067,5.964478268166225,5086.7769222787065,4634.745359051486,452.03156322722043,8.88640430146336,27.447721805749875,608.0089122833731,-128.52962725040277,False,1.0,0.9403552173183378,0.05964478268166218,2.6226779461370295,2.5902139490421945,1.237818663273225,30,401-600,401-600
DHNC0168,Dhanmondi,Residential,Res-C,lower-middle,597.3547737671756,88.11674674271877,88.11674674271877,0.0,0.0,625.791964678765,625.791964678765,0.0,0.0,0.0,0.0,0.0,False,1.0,1.0,0.0,0.1970740994190237,0.1970740994190237,0.0,0,76-200,76-200
DHNC0169,Dhanmondi,Residential,Res-A,upper-middle,597.3547737671756,408.60854383871293,391.08349928067616,17.525044558036768,4.288956954594249,3929.3184451700354,3703.57791623411,225.74052893592534,5.745030139092143,16.79019304596698,377.55542936414747,-135.02470738225514,False,1.0,0.9571104304540579,0.04288956954594214,2.2480006346288075,2.2480006346288075,0.0,30,401-600,301-400
DHNC0170,Dhanmondi,Residential,Res-A,upper-middle,597.3547737671756,198.36510262610145,193.92698995199962,4.438112674101831,2.237345488368099,1724.4670509379555,1684.8568953215965,39.61015561635895,2.2969505619034343,4.374309665163597,96.33535876174926,-52.350893480226716,False,1.0,0.9776265451163192,0.02237345488368081,1.4887619775362513,1.4887619775362513,0.0,30,76-200,76-200
DHNC0171,Dhanmondi,Residential,Res-A,upper-middle,597.3547737671756,391.44162509371256,375.5134156258739,15.928209467838656,4.069114893957786,3675.0949550715904,3514.2041112369525,160.89084383463796,4.377869029278016,15.323363492961729,397.6597087453977,-221.44550141779803,False,1.0,0.9593088510604221,0.040691148939577926,1.5018078016414391,1.5018078016414391,0.0,30,301-400,301-400
DHNC0172,Dhanmondi,Residential,Res-B,middle,597.3547737671756,195.65225707438245,193.44389354417245,2.2083635302099935,1.1287186579045827,1714.5477143888634,1694.838069881739,19.709644507124267,1.1495535727420458,3.107720914433838,37.279873391248046,-14.462507969689941,False,1.0,0.9887128134209542,0.011287186579045816,1.1502755382389827,1.1502755382389827,0.0,21,76-200,76-200
DHNC0173,Dhanmondi,Residential,Res-B,middle,597.3547737671756,186.67736281449746,186.38035579410464,0.2970070203928117,0.15910178712346046,1635.9946931193897,1633.3439054623839,2.6507876570058215,0.16202911098394226,0.8910210611783691,5.404979090476536,-1.8631703722923447,False,1.0,0.9984089821287655,0.0015910178712345013,1.352832332002189,1.352832332002189,0.0,3,76-200,76-200
DHNC0174,Dhanmondi,Residential,Res-B,middle,597.3547737671756,129.56457345591136,129.0962582453647,0.46831521054664904,0.3614531334107381,995.7138180940088,991.53410483988,4.179713254128842,0.4197705382988087,1.4049456316399813,8.434155568349926,-2.849496682581103,False,1.0,0.9963854686658925,0.003614531334107496,0.28309112789184326,0.28309112789184326,0.0,9,76-200,76-200
DHNC0175,Dhanmondi,Residential,Res-A,upper-middle,597.3547737671756,350.44495861986434,338.21515954195684,12.2297990779075,3.489791699692688,3302.2078970192497,3178.6746965333064,123.53320048594333,3.740927413972059,11.76608357448183,231.22893330628426,-95.92964924585911,False,1.0,0.9651020830030727,0.03489791699692735,2.0222656437542774,2.0222656437542774,0.0,30,301-400,301-400
DHNC0176,Dhanmondi,Residential,Res-B,middle,597.3547737671756,164.82714776086524,163.4200914116025,1.4070563492627457,0.853655704401397,1391.3690237657224,1378.811045848552,12.55797791717032,0.902562706418626,1.726760179516019,23.21613677226599,-8.931398675579652,False,1.0,0.9914634429559863,0.008536557044013682,1.0477177173297025,1.0477177173297025,0.0,24,76-200,76-200
DHNC0177,Dhanmondi,Residential,Res-B,middle,597.3547737671756,137.50287259780438,136.364452167538,1.1384204302663932,0.8279248344114748,1188.512867935404,1178.3524655952765,10.160402340127575,0.8548836629575134,1.60213218217056,26.498249480873866,-14.73571495857573,False,1.0,0.991720751655885,0.008279248344114976,1.0077413877766288,1.0077413877766288,0.0,21,76-200,76-200
DHNC0178,Dhanmondi,Residential,Res-C,lower-middle,597.3547737671756,110.50175643627949,110.50175643627949,0.0,0.0,882.2775461937945,882.2775461937945,0.0,0.0,0.0,0.0,0.0,False,1.0,1.0,0.0,0.7556820742584218,0.7556820742584218,0.0,0,76-200,76-200
DHNC0179,Dhanmondi,Residential,Res-A,upper-middle,597.3547737671756,314.8356808863034,308.22185605506684,6.61382483123657,2.100722768339914,2851.407982632551,2784.6017380122303,66.80624462032074,2.342921287561317,6.459904375853892,134.89575296096336,-61.62960396478873,False,1.0,0.9789927723166011,0.02100722768339891,1.6313604004480429,1.6313604004480429,0.0,30,301-400,301-400
DHNC0180,Dhanmondi,Residential,Res-B,middle,597.3547737671756,120.82145582857991,120.82145582857991,0.0,0.0,1025.3075432700757,1025.3075432700757,0.0,0.0,0.0,0.0,0.0,False,1.0,1.0,0.0,0.6677148991074134,0.6677148991074134,0.0,0,76-200,76-200
DHNC0181,Dhanmondi,Residential,Res-B,middle,597.3547737671756,200.7730212435238,200.32624701757666,0.4467742259471379,0.222527022395719,1759.8643579818697,1755.5954302529449,4.268927728924837,0.24257140668615185,1.34032267784152,10.372729165718411,-4.763478758952054,False,1.0,0.9977747297760426,0.002225270223957354,0.9606548943759903,0.9606548943759903,0.0,6,201-300,201-300
DHNC0182,Dhanmondi,Residential,Res-C,lower-middle,597.3547737671756,101.31242876408855,101.31242876408855,0.0,0.0,812.6019767194903,812.6019767194903,0.0,0.0,0.0,0.0,0.0,False,1.0,1.0,0.0,0.6701002253701012,0.6701002253701012,0.0,0,76-200,76-200
DHNC0183,Dhanmondi,Residential,Res-A,upper-middle,597.3547737671756,323.56101541733983,311.8971587783245,11.663856639015307,3.6048399168147234,2963.3742267305497,2845.557610819856,117.8166159106936,3.9757589455949027,11.255611007356418,247.38227990250684,-118.31005298445683,False,1.0,0.9639516008318526,0.036048399168147394,1.4344623579571776,1.363206687380993,4.967413064617469,30,301-400,301-400
DHNC0184,Dhanmondi,Residential,Res-B,middle,597.3547737671756,136.6261290781602,136.03328829939622,0.5928407787639856,0.43391464192390095,1132.8350220225798,1127.5439180721114,5.291103950468369,0.4670674765175918,1.4831719421950842,11.281949801160133,-4.50767390849668,False,1.0,0.9956608535807607,0.00433914641923927,0.8652294506181384,0.8652294506181384,0.0,12,76-200,76-200
DHNC0185,Dhanmondi,Residential,Res-A,upper-middle,597.3547737671756,678.3049265963324,662.6099035326611,15.695023063671329,2.313859511890532,8386.212320268685,8100.2882376062535,285.92408266243183,3.4094543727611124,15.056459373749712,325.7254057499798,-24.74486371379828,False,1.0,0.9768614048810949,0.023138595118905148,3.5186382955203857,3.5186382955203857,0.0,30,601-above,601-above
DHNC0186,Dhanmondi,Residential,Res-C,lower-middle,597.3547737671756,69.4315714943234,69.4315714943234,0.0,0.0,529.9523374266645,529.9523374266645,0.0,0.0,0.0,0.0,0.0,False,1.0,1.0,0.0,0.5137433357182297,0.5137433357182297,0.0,0,1-75,1-75
DHNC0187,Dhanmondi,Residential,Res-A,upper-middle,597.3547737671756,428.53483194547914,404.5358878320635,23.998944113415632,5.6002318421735495,4214.357728876724,3836.122370177237,378.2353586994868,8.974922942773063,22.961549527658793,498.44266689773406,-97.24575867058843,False,1.0,0.9439976815782646,0.05600231842173542,3.0003723278592656,3.0003723278592656,0.0,30,401-600,401-600
DHNC0188,Dhanmondi,Residential,Res-A,upper-middle,597.3547737671756,256.82233735703744,240.0423434569326,16.77999390010484,6.533697213719029,2321.0068034464925,2160.673961730991,160.33284171550167,6.907900548909266,16.089834323754165,351.7040179364038,-175.28134189714794,False,1.0,0.9346630278628095,0.06533697213719047,1.5865676900245038,1.5865676900245038,0.0,30,201-300,201-300
DHNC0189,Dhanmondi,Residential,Res-A,upper-middle,597.3547737671756,471.25382777354855,468.84152677403046,2.412300999518095,0.511889953428087,4948.885362625011,4910.866292722108,38.01906990290354,0.7682350088371674,2.349911552472715,43.8194810501241,-3.450499594747839,False,1.0,0.9948811004657193,0.005118899534280685,2.938370911064099,2.938370911064099,0.0,30,401-600,401-600
DHNC0190,Dhanmondi,Residential,Res-A,upper-middle,597.3547737671756,288.99722191496437,283.018566711866,5.978655203098356,2.0687587110638517,2646.748145397485,2589.6220949318795,57.12605046560566,2.1583485593422997,5.773451753540113,113.44589969622264,-50.546397477076866,False,1.0,0.9793124128893618,0.020687587110638228,1.5062091064230008,1.5062091064230008,0.0,30,201-300,201-300
DHNC0191,Dhanmondi,Residential,Res-B,middle,597.3547737671756,133.1071634158445,133.1071634158445,0.0,0.0,1097.856153486412,1097.856153486412,0.0,0.0,0.0,0.0,0.0,False,1.0,1.0,0.0,0.7031146268222593,0.7031146268222593,0.0,0,76-200,76-200
DHNC0192,Dhanmondi,Residential,Res-B,middle,597.3547737671756,265.92883052436093,262.45581127006835,3.4730192542925806,1.3059957611382147,2400.491475660269,2367.3067766855033,33.184698974765524,1.3824126980345923,10.419057762877827,69.79862282432101,-26.194866086677663,False,1.0,0.9869400423886178,0.013059957611382234,1.7557382811452507,1.7557382811452507,0.0,10,201-300,201-300
DHNC0193,Dhanmondi,Residential,Res-A,upper-middle,597.3547737671756,476.5944399781197,460.37933397597124,16.215106002148445,3.4022860197221094,4981.922131275155,4726.363953128294,255.55817814686088,5.129710409212059,15.606645404079723,293.3240873124707,-22.1592637615301,False,1.0,0.965977139802779,0.034022860197221005,2.1200685808937583,2.1200685808937583,0.0,30,401-600,401-600
DHNC0194,Dhanmondi,Residential,Res-A,upper-middle,597.3547737671756,334.59165580777807,332.51940002004807,2.0722557877300005,0.6193387527035359,3099.539235314366,3078.6073796025057,20.931855711860408,0.6753215275798058,2.0192013525522636,38.371547832930226,-15.420490768517553,False,1.0,0.9938066124729645,0.0061933875270354655,1.4724080506086916,1.4724080506086916,0.0,30,301-400,301-400
DHNC0195,Dhanmondi,Residential,Res-A,upper-middle,597.3547737671756,383.626717143779,369.44826236631206,14.178454777466925,3.6958986806315157,3612.4691598693116,3469.252588162118,143.21657170719345,3.9645064184402505,13.673644675337853,291.6462515353256,-134.75603515279428,False,1.0,0.9630410131936847,0.036958986806315264,2.4697400117185975,2.4697400117185975,0.0,30,301-400,301-400
DHNC0196,Dhanmondi,Residential,Res-B,middle,597.3547737671756,184.42997330882844,181.1707342085378,3.2592391002906425,1.7671959941310833,1486.7149217812937,1457.6262128111998,29.088708970093876,1.9565761091064795,3.402738701776116,68.68792460012551,-36.19647692825552,False,1.0,0.9823280400586895,0.017671959941310544,0.4652543238299651,0.4652543238299651,0.0,28,76-200,76-200
DHNC0197,Dhanmondi,Residential,Res-B,middle,597.3547737671756,142.63618358316248,139.46988787281376,3.16629571034872,2.2198404575951414,1177.4342584797253,1149.175069264863,28.259189214862317,2.4000651426050656,3.113759300700511,37.48047073859718,-6.107522223034348,False,1.0,0.9778015954240483,0.02219840457595168,0.6367368148000918,0.6367368148000918,0.0,30,76-200,76-200
DHNC0198,Dhanmondi,Residential,Res-A,upper-middle,597.3547737671756,198.92741235186574,197.14717753662688,1.780234815238856,0.8949167911006405,1726.7867452404016,1710.8981495143948,15.88859572600677,0.9201249528814732,1.747977029224971,32.59161134177602,-14.955038586544283,False,1.0,0.9910508320889936,0.008949167911006417,0.9635224544317684,0.9635224544317684,0.0,30,76-200,76-200
DHNC0199,Dhanmondi,Residential,Res-C,lower-middle,597.3547737671756,66.26842719769236,66.26842719769236,0.0,0.0,512.9017740858258,512.9017740858258,0.0,0.0,0.0,0.0,0.0,False,1.0,1.0,0.0,0.8287716501633359,0.8287716501633359,0.0,0,1-75,1-75
DHNC0200,Dhanmondi,Residential,Res-B,middle,597.3547737671756,114.47357097509132,113.57827440813678,0.8952965669545421,0.7820989240820946,931.1456209526899,923.1550990926207,7.99052186006918,0.8581388002333918,2.685889700863562,17.801996459023215,-7.125584898090473,False,1.0,0.9921790107591792,0.007820989240820753,0.6905869350352372,0.6905869350352372,0.0,6,76-200,76-200
DHNC0201,Dhanmondi,Residential,Res-B,middle,597.3547737671756,190.29240288607247,186.10626605382527,4.1861368322472,2.1998444334918767,1667.8223357581967,1630.4610645303906,37.36127122780613,2.240122969142369,4.379562066808738,70.99082212468906,-29.249988830074194,False,1.0,0.9780015556650813,0.02199844433491871,1.5936451603438886,1.5936451603438886,0.0,28,76-200,76-200
DHNC0202,Dhanmondi,Residential,Res-A,upper-middle,597.3547737671756,374.2765801961385,359.23932559415863,15.037254601979896,4.017685155213203,3478.567156561195,3326.6758478265965,151.89130873459862,4.366490623822071,14.473175439775302,248.96274911937633,-82.5982649450024,False,1.0,0.959823148447868,0.04017685155213202,1.5440490753157445,1.5440490753157445,0.0,30,301-400,301-400
DHNC0203,Dhanmondi,Residential,Res-A,upper-middle,597.3547737671756,562.9712005700226,560.5585422868427,2.412658283179894,0.428558029387119,6370.12878658384,6332.104085711784,38.0247008720562,0.5969220112494462,2.369169505244112,45.425259513613234,-5.031389136312924,False,1.0,0.9957144197061288,0.004285580293871161,2.667232547149621,2.667232547149621,0.0,30,401-600,401-600
DHNC0204,Dhanmondi,Residential,Res-B,middle,597.3547737671756,288.241538944138,287.17421701101716,1.0673219331208088,0.37028734200855723,2555.2569046112385,2545.058643540269,10.198261070969693,0.39910903097711325,3.201965799362625,19.927546249432325,-6.527319379100007,False,1.0,0.9962971265799142,0.003702873420085795,1.0071083097475904,1.0071083097475904,0.0,10,201-300,201-300
DHNC0205,Dhanmondi,Commercial,Commercial,,36.75972604031296,5527.507947039162,5364.625629857721,162.88231718144107,2.9467586250814857,90588.77316984761,87961.80715834531,2626.9660115023,2.8998803268666884,282.9812936308053,3694.161222818152,-784.2139176850469,False,1.0,0.970532413749185,0.029467586250815025,15.108285123514976,15.108285123514976,0.0,17,flat,flat
DHNC0206,Dhanmondi,Commercial,Commercial,,36.75972604031296,4561.599662205395,4331.469868562377,230.12979364301827,5.044936221600768,75313.00435204862,71601.47104017402,3711.5333118746057,4.928144008868831,278.64473517243755,6997.8452594429655,-3007.6672123959224,False,1.0,0.9495506377839921,0.05044936221600793,14.256703397672208,14.256703397672208,0.0,24,flat,flat
DHNC0207,Dhanmondi,Commercial,Commercial,,36.75972604031296,6477.417823883452,6164.219703226886,313.19812065656606,4.835231093194976,106674.36966359231,101623.11037364321,5051.259289949099,4.735213628052101,301.58217159208647,7909.111647698004,-2556.2701861568185,False,1.0,0.9516476890680502,0.048352310931949805,21.311158646561022,21.311158646561022,0.0,30,flat,flat
DHNC0208,Dhanmondi,Commercial,Commercial,,36.75972604031296,1607.4617786820572,1567.010033315878,40.45174536617924,2.5164981153919097,26288.96856658422,25636.562817318478,652.4057492657412,2.4816711527245348,40.451745366179495,984.2685009255421,-291.4110062936214,False,1.0,0.9748350188460807,0.025164981153919297,3.8974722365177,3.896102379803306,0.03514731167445034,30,flat,flat
DHNC0209,Dhanmondi,Commercial,Commercial,,36.75972604031296,2928.0023760763497,2839.757924361863,88.24445171448679,3.013810795903048,48267.04732135937,46843.84080410812,1423.206517251252,2.9486090329404666,85.28103662439946,2266.1422005411277,-757.6546466654763,False,1.0,0.9698618920409695,0.03013810795903049,11.07355662768989,11.07355662768989,0.0,30,flat,flat
DHNC0210,Dhanmondi,Commercial,Commercial,,36.75972604031296,2440.1545526624254,2398.5654764133087,41.589076249116715,1.7043623816261695,39907.637625339594,39236.889003593846,670.7486217457481,1.6807525116942834,124.76722874734936,1185.4187625025186,-389.90291200942113,False,1.0,0.9829563761837384,0.017043623816261566,6.069810265900839,6.069810265900839,0.0,10,flat,flat
DHNC0211,Dhanmondi,Commercial,Commercial,,36.75972604031296,2801.1579929867053,2801.1579929867053,0.0,0.0,46079.55111088959,46079.55111088959,0.0,0.0,0.0,0.0,0.0,False,1.0,1.0,0.0,8.090227136078058,8.090227136078058,0.0,0,flat,flat
DHNC0212,Dhanmondi,Commercial,Commercial,,36.75972604031296,6956.566754980034,6855.048288587867,101.51846639216637,1.459318511095891,114033.53362431799,112396.24379834512,1637.2898259728681,1.4357967993580716,304.5553991764958,2708.6688217088295,-766.8235965594654,False,1.0,0.9854068148890412,0.01459318511095875,19.3003610580339,19.3003610580339,0.0,9,flat,flat
DHNC0213,Dhanmondi,Commercial,Commercial,,36.75972604031296,5165.165533836952,5010.0050480585,155.1604857784523,3.003978957924918,84886.66472972235,82384.23641508748,2502.4283146348753,2.9479639971750133,149.03772653374352,3433.8861792497814,-782.4201380811628,False,1.0,0.969960210420751,0.03003978957924902,16.01989261484622,16.01989261484622,0.0,30,flat,flat
DHNC0214,Dhanmondi,Commercial,Commercial,,36.75972604031296,2413.2783371729643,2288.652377719459,124.6259594535054,5.164176777035115,39653.72802192556,37643.760547859434,2009.9674740661285,5.068798255121854,124.62595945350571,3525.096825847078,-1390.5033923274436,False,1.0,0.9483582322296488,0.05164176777035123,6.821606551391843,6.821606551391843,0.0,30,flat,flat
DHNC0215,Dhanmondi,Commercial,Commercial,,36.75972604031296,5707.275238553411,5320.200286927051,387.0749516263604,6.7821321987700385,93799.91004738942,87557.16522755948,6242.744819829939,6.655384655140917,371.87478500215957,10683.570150640167,-4068.9505458080694,False,1.0,0.9321786780122999,0.06782132198770008,22.561858245977593,21.09180325278876,6.515664521786092,30,flat,flat
DHNC0216,Dhanmondi,Commercial,Commercial,,36.75972604031296,6774.509675504226,6529.67954385502,244.83013164920612,3.613990434384957,111078.41704653215,107129.79668329375,3948.6203632383986,3.5548043159313942,234.47291587462894,7517.644748362093,-3334.551469249066,False,1.0,0.9638600956561506,0.036139904343849394,18.845208173597825,18.502556325037386,1.8182439026621933,30,flat,flat
DHNC0217,Dhanmondi,Commercial,Commercial,,36.75972604031296,5716.382667002519,5465.611359096571,250.77130790594856,4.386888046412832,94386.21965341663,90341.77999950948,4044.439653907146,4.2849895554226105,241.1170893679087,6366.515164601526,-2080.9584213264707,False,1.0,0.9561311195358716,0.0438688804641284,17.672538503218316,17.672538503218316,0.0,30,flat,flat
DHNC0218,Dhanmondi,Commercial,Commercial,,36.75972604031296,7580.40414073512,7176.649012881719,403.75512785340106,5.32630081928912,123726.232981776,117214.47027975635,6511.762702019652,5.263041268684539,388.79854740286754,10991.915283666112,-4091.3540342435927,False,1.0,0.9467369918071085,0.05326300819289154,21.407562111848844,21.407562111848844,0.0,30,flat,flat
DHNC0219,Dhanmondi,Commercial,Commercial,,36.75972604031296,3154.9136566333536,3046.011710319908,108.90194631344548,3.4518201816545453,51964.47245418272,50208.101864039476,1756.3705901432477,3.379945003178559,104.78005643580367,2163.254188352426,-302.10354177337445,False,1.0,0.9654817981834546,0.03451820181654541,10.985978270487802,10.985978270487802,0.0,30,flat,flat
DHNC0220,Dhanmondi,Commercial,Commercial,,36.75972604031296,5262.7241154011745,4856.673291967018,406.0508234341569,7.7156015502667845,86932.58953319014,80383.80185284406,6548.787680346082,7.533179116729071,391.6235580845051,9415.159424293557,-2474.74818586297,False,1.0,0.9228439844973323,0.07715601550266771,20.608582597204187,19.64209338503339,4.689741313417217,30,flat,flat
DHNC0221,Dhanmondi,Commercial,Commercial,,36.75972604031296,4137.841385690013,4003.138964794117,134.70242089589647,3.255379033177559,68610.93086840854,66438.45022419952,2172.4806442090194,3.1663768683968168,130.06683813368178,3844.811989228038,-1542.2645068853367,False,1.0,0.9674462096682244,0.032553790331775634,15.856202003544492,15.821924106626103,0.21617974411985416,30,flat,flat
DHNC0222,Dhanmondi,Commercial,Commercial,,36.75972604031296,696.4988576373756,669.725189554648,26.77366808272768,3.8440361802670884,11436.308575975594,11004.502857137362,431.80571883823177,3.7757438597392503,26.773668082728477,712.6007227481862,-254.02133582722593,False,1.0,0.961559638197328,0.03844036180267196,2.1336408667060462,2.1336408667060462,0.0,30,flat,flat
DHNC0223,Dhanmondi,Commercial,Commercial,,36.75972604031296,4706.153050309702,4508.269412250101,197.88363805960125,4.204785436091564,77209.66139539487,74018.19408076961,3191.4673146252608,4.133507720337722,189.7729448100112,5134.019153144682,-1752.7788937094097,False,1.0,0.9579521456390847,0.04204785436091529,13.301461859778009,13.301461859778009,0.0,30,flat,flat
DHNC0224,Dhanmondi,Commercial,Commercial,,36.75972604031296,7610.757017753505,7270.2281192846,340.528898468905,4.474310474957459,124404.76418232854,118912.71410782203,5492.050074506507,4.414662180024969,326.03246038536497,6857.004755445474,-1038.9222205536016,False,1.0,0.9552568952504253,0.04474310474957466,18.22716121434781,18.22716121434781,0.0,30,flat,flat
DHNC0225,Dhanmondi,Commercial,Commercial,,36.75972604031296,1698.9761437990423,1684.8519150081327,14.124228790909683,0.8313376760739449,27982.262247190953,27754.466685251162,227.7955619397908,0.814071285328828,35.31057197727521,298.51099527354955,-35.404861356483536,False,1.0,0.9916866232392603,0.008313376760739732,4.659328971950496,4.659328971950496,0.0,12,flat,flat
DHNC0226,Dhanmondi,Commercial,Commercial,,36.75972604031296,9176.6106747667,8789.235273517234,387.37540124946645,4.221334161147845,150093.55196263734,143845.9614912859,6247.590471351432,4.162464269555456,373.0802403449614,8991.03113188551,-2370.3604201891158,False,1.0,0.9577866583885216,0.04221334161147838,22.90971033806363,22.90971033806363,0.0,30,flat,flat
DHNC0227,Dhanmondi,Commercial,Commercial,,36.75972604031296,3244.391337522349,3024.785382085817,219.60595543653199,6.768787504045024,53048.46849156045,49506.66364228006,3541.8048492803937,6.676544959717101,213.25342004405545,4498.931194135236,-743.872924810787,False,1.0,0.9323121249595495,0.06768787504045048,9.080969435693426,9.080969435693426,0.0,30,flat,flat
DHNC0228,Dhanmondi,Commercial,Commercial,,36.75972604031296,2706.0614371430615,2572.197192571964,133.86424457109752,4.946829467124937,44545.83385824329,42386.87132180063,2158.962536442661,4.846609322238876,129.45641400426481,2971.8672875511274,-683.4483371042015,False,1.0,0.9505317053287505,0.04946829467124947,7.750347530480868,7.750347530480868,0.0,30,flat,flat
DHNC0229,Dhanmondi,Commercial,Commercial,,36.75972604031296,917.5030609977321,888.2957995838253,29.207261413906735,3.1833421222753753,15038.464367771421,14567.409655687934,471.0547120834872,3.1323325345172437,29.207261413906775,849.634843091684,-349.3728695942901,False,1.0,0.9681665787772462,0.03183342122275379,2.100352964339147,2.100352964339147,0.0,30,flat,flat
DHNC0230,Dhanmondi,Commercial,Commercial,,36.75972604031296,7652.996666365846,7314.6208103829385,338.3758559829075,4.421481816005952,125445.10523514835,119987.77942985603,5457.325805292319,4.350369665729481,326.2951601605284,8319.203399509033,-2535.582434056186,False,1.0,0.9557851818399402,0.04421481816005979,23.619083959375175,23.619083959375175,0.0,30,flat,flat
DHNC0231,Dhanmondi,Commercial,Commercial,,36.75972604031296,2343.065916282715,2226.8303562230167,116.2355600596984,4.960831842243118,38417.39209780763,36542.74498516481,1874.647112642815,4.879683420129385,120.78287798390079,3391.871012140712,-1396.4410215139962,False,1.0,0.9503916815775686,0.04960831842243141,7.457981334213692,7.448842843887284,0.12253302759668945,28,flat,flat
DHNC0232,Dhanmondi,Commercial,Commercial,,36.75972604031296,5698.4874195185575,5543.8141002566545,154.6733192619031,2.7142872814303907,93431.38010199528,90936.80880893931,2494.5712930559675,2.669950171273018,148.6789721769466,3731.1419055722586,-1087.8916403393446,False,1.0,0.9728571271856961,0.027142872814303942,18.05931136774204,18.05931136774204,0.0,30,flat,flat
DHNC0233,Dhanmondi,Commercial,Commercial,,36.75972604031296,6240.888484049824,5851.730731167037,389.15775288278655,6.235614590412537,102278.44947075556,96002.11323226197,6276.33623849359,6.1365187592995145,372.89846798284566,12944.604150844945,-6295.36944436851,False,1.0,0.9376438540958748,0.06235614590412519,20.28796372332333,20.28796372332333,0.0,30,flat,flat
DHNC0234,Dhanmondi,Commercial,Commercial,,36.75972604031296,5546.543790471945,5382.20592755644,164.33786291550496,2.962887685080762,91009.18325273153,88358.74219963026,2650.441053101269,2.912278693613833,158.10009893860558,3786.8724809623923,-978.3313289225175,False,1.0,0.9703711231491923,0.029628876850807728,16.53308329146391,16.53308329146391,0.0,30,flat,flat
DHNC0235,Dhanmondi,Commercial,Commercial,,36.75972604031296,2620.346980742921,2554.853440816978,65.49353992594297,2.4994224202847453,43059.48110542183,42003.201293496226,1056.279811925604,2.453071390571408,64.335885411065,1577.4132650581873,-456.79756772151836,False,1.0,0.9750057757971523,0.024994224202847692,9.731589257217298,9.711818707082639,0.20315849356256432,30,flat,flat
DHNC0236,Dhanmondi,Commercial,Commercial,,36.75972604031296,1199.2081007497957,1170.3630234976522,28.845077252143483,2.405343762613705,19808.603248892705,19343.389842970137,465.2134059225682,2.3485421969293747,28.84507725214444,718.7365291059359,-224.67804593122327,False,1.0,0.9759465623738621,0.024053437626137875,3.463704053661075,3.463704053661075,0.0,30,flat,flat
DHNC0237,Dhanmondi,Commercial,Commercial,,36.75972604031296,2135.7736467944937,2079.9815001051034,55.79214668939039,2.6122687098947415,35362.40737550159,34462.59163369511,899.8157418064802,2.544554538529115,54.497124248945966,1340.12222883959,-385.8093627841638,False,1.0,0.9738773129010524,0.026122687098947606,8.13680718629048,8.13680718629048,0.0,30,flat,flat
DHNC0238,Dhanmondi,Commercial,Commercial,,36.75972604031296,5043.218360259085,4802.379970562637,240.83838969644785,4.775490024272423,82811.22571425851,78926.9841652342,3884.2415490243147,4.690477064579328,230.91379971215775,5622.603677960661,-1507.4483292241885,False,1.0,0.9522450997572758,0.04775490024272422,16.569233928371567,15.663941492313882,5.463695183321357,30,flat,flat
DHNC0239,Dhanmondi,Commercial,Commercial,,36.75972604031296,5044.2679810233585,4805.469927251146,238.79805377221237,4.73404772844297,82700.57899794473,78849.24398670648,3851.335011238247,4.656962572576378,229.4682166634423,6058.857577269255,-1978.0543493675655,False,1.0,0.9526595227155705,0.04734047728442947,13.739604554225258,13.739604554225258,0.0,30,flat,flat
DHNC0240,Dhanmondi,Commercial,Commercial,,36.75972604031296,4461.895577249598,4138.326481357575,323.56909589202314,7.2518303104591615,73440.37686988151,68221.85449133496,5218.52237854655,7.105794660875042,344.7146808766319,9178.5044686776,-3615.2674092544185,False,1.0,0.9274816968954084,0.07251830310459162,15.497517479912196,15.497517479912196,0.0,27,flat,flat
DHNC0241,Dhanmondi,Commercial,Commercial,,36.75972604031296,6058.818915342006,5750.558500714854,308.2604146271524,5.087797125716734,99242.80646663587,94271.18249952917,4971.6239671067015,5.009556001198027,295.7517614393131,7386.088505989192,-2118.7127774431774,False,1.0,0.9491220287428328,0.0508779712571672,16.203903719264588,16.203903719264588,0.0,30,flat,flat
DHNC0242,Dhanmondi,Commercial,Commercial,,36.75972604031296,1286.0168637148374,1241.3909482127333,44.625915502104135,3.4700878939640036,21161.404977992897,20441.67821277496,719.7267652179362,3.401129395550183,44.62591550210383,855.2451070749133,-90.89242635487335,False,1.0,0.9652991210603602,0.0347008789396398,4.441644813163508,4.441644813163508,0.0,30,flat,flat
DHNC0243,Dhanmondi,Commercial,Commercial,,36.75972604031296,574.3167216106594,566.077777775568,8.23894383509139,1.434564505101896,9475.205086136715,9342.32739996436,132.87768617235452,1.4023726659676152,24.716831505273845,237.37174801785272,-79.77723034022438,False,1.0,0.9856543549489812,0.014345645051018763,2.236192384751572,2.236192384751572,0.0,9,flat,flat
DHNC0244,Dhanmondi,Commercial,Commercial,,36.75972604031296,5016.304300581455,4741.8864572826915,274.4178432987637,5.470518271129507,82249.5807597777,77823.76978305524,4425.810976722467,5.380952627161365,282.44301852740193,6939.946344500266,-2231.6923492503965,False,1.0,0.9452948172887047,0.05470518271129532,14.947977908150243,14.729713023072236,1.4601632837509082,28,flat,flat
DHNC0245,Dhanmondi,Commercial,Commercial,,36.75972604031296,2124.4700980233383,2110.721162168292,13.748935855046511,0.6471701281104816,34844.6287409204,34622.88590345021,221.74283747019217,0.6363759508500217,41.24680756513698,330.6407253816335,-67.65108034630435,False,1.0,0.9935282987188956,0.006471701281104414,4.771432980967091,4.771432980967091,0.0,10,flat,flat
DHNC0246,Dhanmondi,Commercial,Commercial,,36.75972604031296,1798.0165874923164,1767.185153667651,30.831433824665282,1.714746907183193,29692.986523076077,29195.737158351876,497.24936472420086,1.674635740455951,30.83143382466528,1002.0097528358757,-473.92895428700956,False,1.0,0.982852530928168,0.017147469071831956,5.349787166456938,5.09708072444236,4.723672814482082,30,flat,flat
DHNC0247,Dhanmondi,Commercial,Commercial,,36.75972604031296,8231.516395522589,7856.257860818208,375.2585347043805,4.558802007713874,134501.42142698832,128449.25177927606,6052.1696477122605,4.499706830977672,361.72647678525686,7817.29923957192,-1403.403115074403,False,1.0,0.9544119799228612,0.0455880200771388,19.17476137805277,19.17476137805277,0.0,30,flat,flat
DHNC0248,Dhanmondi,Commercial,Commercial,,36.75972604031296,4968.895869357745,4776.538799269516,192.3570700882292,3.8712236107514224,81673.97758100172,78571.64275461875,3102.3348263829685,3.798437297003405,185.64662549013156,5330.096535892472,-2042.1150840193723,False,1.0,0.9612877638924859,0.038712236107514064,14.437190463300405,14.40598604261319,0.21613914955640232,30,flat,flat
DHNC0249,Dhanmondi,Commercial,Commercial,,36.75972604031296,3085.669791352396,2993.242326421584,92.42746493081177,2.9953777034030074,50734.30739493144,49243.6372405273,1490.6701544041425,2.9381896214731147,89.04187948198275,1824.342267845383,-244.6302339592578,False,1.0,0.9700462229659702,0.029953777034029794,7.988087917930544,7.81684430905392,2.1437371575773536,30,flat,flat
DHNC0250,Dhanmondi,Commercial,Commercial,,36.75972604031296,6329.762520361548,6066.974714894236,262.78780546731195,4.151621875575544,103995.30992839104,99757.06820181424,4238.241726576802,4.075416217803634,251.8515305935615,4598.63090610693,-108.53764893656626,False,1.0,0.9584837812442445,0.04151621875575551,18.823267520696554,18.182804424636238,3.4025075367818784,30,flat,flat
DHNC0251,Dhanmondi,Commercial,Commercial,,36.75972604031296,4578.423261211303,4391.474992573557,186.94826863774597,4.083245649688699,75848.93535681588,72833.83368022632,3015.101676589562,3.9751404056044155,179.6457518592125,5157.758562172823,-1963.0111337240487,False,1.0,0.9591675435031127,0.04083245649688727,17.008448034790778,17.008448034790778,0.0,30,flat,flat
DHNC0252,Dhanmondi,Commercial,Commercial,,36.75972604031296,1749.3945798051477,1741.4434700618872,7.951109743260531,0.45450636666235394,28823.760783097423,28695.525285158117,128.2354979393058,0.4448950950720647,19.877774358152344,175.82803464175126,-27.71476234429312,False,1.0,0.9954549363333762,0.004545063666623772,5.124934260846789,5.124934260846789,0.0,12,flat,flat
DHNC0253,Dhanmondi,Commercial,Commercial,,36.75972604031296,4317.664064550847,4144.29473305143,173.36933149941706,4.015350173322299,70693.68603307605,67897.58545465345,2796.1005784226,3.955233819770502,168.8975899805236,4967.069608404864,-2002.0714400017405,False,1.0,0.959846498266777,0.04015350173322296,12.461752481472509,12.444240694057143,0.14052427571002757,30,flat,flat
DHNC0254,Dhanmondi,Commercial,Commercial,,36.75972604031296,8962.724365207096,8560.07433493401,402.6500302730856,4.492495962903371,146464.44356206,139970.5038738157,6493.939688244311,4.433799446684611,386.70605446142537,8077.310680273612,-1196.6649375678762,False,1.0,0.9550750403709662,0.044924959629033756,18.737081295251716,18.737081295251716,0.0,30,flat,flat
DHNC0255,Dhanmondi,Commercial,Commercial,,36.75972604031296,7039.1215643033875,6705.558423661591,333.56314064179605,4.73870407826671,115298.82758908502,109919.12125681415,5379.706332270871,4.665881210382881,403.6635267115356,7102.683594289364,-1319.3137353069578,False,1.0,0.9526129592173325,0.04738704078266753,19.97846541018854,19.97846541018854,0.0,24,flat,flat
DHNC0256,Dhanmondi,Commercial,Commercial,,36.75972604031296,3198.4780850036404,3192.283294690358,6.194790313282283,0.19367931086747567,52676.52955493871,52576.6199767661,99.90957817260642,0.18966621191019475,18.584370939847563,190.27143816988354,-71.77748905742956,False,1.0,0.9980632068913252,0.0019367931086747836,12.415184878541622,12.415184878541622,0.0,1,flat,flat
DHNC0257,Dhanmondi,Commercial,Commercial,,36.75972604031296,7750.515128550931,7313.3909785454925,437.1241500054384,5.63993673652973,126781.63299326942,119731.6947019817,7049.938291287719,5.56069370999661,419.31183942898156,11379.758249211896,-3910.508118495196,False,1.0,0.9436006326347024,0.056399367365297604,19.432903503833273,19.432903503833273,0.0,30,flat,flat
DHNC0258,Dhanmondi,Commercial,Commercial,,36.75972604031296,6245.641426328133,5994.331994099279,251.30943222885435,4.0237569702524745,102340.92992382012,98287.81140083318,4053.1185229869443,3.960408143646905,242.10405634254153,6666.831385230886,-2371.6088059014,False,1.0,0.9597624302974749,0.04023756970252512,15.500950543015255,15.500950543015255,0.0,30,flat,flat
DHNC0259,Dhanmondi,Commercial,Commercial,,36.75972604031296,4964.042714443808,4842.899284571324,121.14342987248438,2.440418764326805,81132.65589854974,79178.8546615663,1953.8012369834323,2.4081563894894717,258.06784751997947,3266.7709212498257,-1054.9018367464141,False,1.0,0.9755958123567315,0.02440418764326846,13.254884112047966,13.254884112047966,0.0,14,flat,flat
DHNC0260,Dhanmondi,Commercial,Commercial,,36.75972604031296,5238.639892146789,4991.54503766613,247.0948544806588,4.716774956245362,85457.40918054341,81472.26336747935,3985.1458130640676,4.663312229188653,237.44424537762092,7515.579890743451,-3292.9898323017624,False,1.0,0.9528322504375467,0.04716774956245329,10.683711300951497,10.683711300951497,0.0,30,flat,flat
DHNC0261,Dhanmondi,Commercial,Commercial,,36.75972604031296,1387.1971599959058,1361.8504515781754,25.346708417730497,1.8271886036592884,22821.59079641397,22412.79908305281,408.79171336115905,1.7912498607476295,25.346708417730486,574.5421758266889,-140.40375404779934,False,1.0,0.9817281139634071,0.01827188603659291,3.860254500351716,3.8337554810267456,0.6864578312791543,30,flat,flat
DHNC0262,Dhanmondi,Commercial,Commercial,,36.75972604031296,2337.2094712431353,2232.280171828204,104.92929941493139,4.489511988804353,38356.014352209284,36663.71461124527,1692.2997409640157,4.41208443980713,104.61518138568127,2638.861485708649,-841.9465633589521,False,1.0,0.9551048801119564,0.04489511988804362,6.573971182997175,6.573971182997175,0.0,29,flat,flat
DHNC0263,Dhanmondi,Commercial,Commercial,,36.75972604031296,5893.196217414975,5579.004185656543,314.19203175843177,5.331436798760635,96949.64359446871,91882.35450626872,5067.289088199992,5.226722760731322,300.9005522920182,6097.913397435582,-729.723756943572,False,1.0,0.9466856320123938,0.05331436798760625,16.34211746563203,16.185347137026177,0.9593024217060273,30,flat,flat
DHNC0264,Dhanmondi,Commercial,Commercial,,36.75972604031296,3416.513498371206,3334.3104813009277,82.20301707027829,2.406049825632707,56027.62970173081,54701.85944242136,1325.770259309451,2.366279398873972,79.66712978965869,1889.3932948892723,-483.95590579016266,False,1.0,0.9759395017436726,0.02406049825632739,9.058842770378284,9.047381730576134,0.12651770311795738,30,flat,flat
DHNC0265,Dhanmondi,Commercial,Commercial,,36.75972604031296,2848.381353809079,2775.264923975877,73.11642983320189,2.566946653243073,46737.21947423283,45557.99769388295,1179.2217803498788,2.5230892928921618,70.85121992290964,1463.4634121173528,-213.39041184456437,False,1.0,0.9743305334675693,0.02566946653243074,9.142864668545823,9.142864668545823,0.0,30,flat,flat
DHNC0266,Dhanmondi,Commercial,Commercial,,36.75972604031296,2024.6277634953303,2009.38138774578,15.246375749550225,0.7530458696876103,33300.52156965269,33054.62802156394,245.89354808874486,0.7384074978358047,45.73912724865409,393.0730192380292,-101.44034390063024,False,1.0,0.9924695413031234,0.00753045869687663,5.610739372809656,5.610739372809656,0.0,10,flat,flat
DHNC0267,Dhanmondi,Commercial,Commercial,,36.75972604031296,12448.36789533793,12088.449710852996,359.9181844849336,2.8912881392244802,202695.07741601014,196890.3169366371,5804.7604793730425,2.863789566758638,344.7441696372624,5749.683108476287,399.8215405340179,True,1.0,0.9710871186077554,0.02891288139224457,23.931442082722274,23.916727572751633,0.06148609816232005,30,flat,flat
DHNC0268,Dhanmondi,Commercial,Commercial,,36.75972604031296,3108.3149689400234,2882.914084300244,225.40088463977918,7.251545834064682,51477.5288190647,47842.26335159433,3635.2654674703663,7.061849220167006,217.02595905168835,4782.7834059342495,-930.4919794121947,False,1.0,0.9274845416593532,0.07251545834064677,12.263890444535967,12.263890444535967,0.0,30,flat,flat
DHNC0269,Dhanmondi,Commercial,Commercial,,36.75972604031296,2643.495271087436,2518.6640551423143,124.83121594512158,4.722203111555809,43593.46673209816,41580.18888133525,2013.2778507629118,4.618301781630324,128.76702807071337,3129.459435489652,-987.4145566560269,False,1.0,0.952777968884442,0.047222031115558005,9.639982074212732,9.639982074212732,0.0,28,flat,flat
DHNC0270,Dhanmondi,Commercial,Commercial,,36.75972604031296,5821.666449917623,5534.610472048469,287.05597786915405,4.930821446721942,96022.81150427143,91393.1726931977,4629.638811073732,4.821394769166688,276.53054424053056,6045.910542417038,-1139.7411871027762,False,1.0,0.9506917855327803,0.04930821446721967,23.45201800027378,23.447421437151363,0.019599861821552086,30,flat,flat
DHNC0271,Dhanmondi,Commercial,Commercial,,36.75972604031296,2544.07785580434,2493.284771990685,50.7930838136549,1.996522382275761,41772.71265841239,40953.52180266577,819.1908557466231,1.9610669348801568,50.79308381365522,986.3300324304885,-116.3460928702101,False,1.0,0.9800347761772422,0.019965223822757783,6.2719060996284135,6.2719060996284135,0.0,30,flat,flat
DHNC0272,Dhanmondi,Commercial,Commercial,,36.75972604031296,3517.340334645197,3352.8081500276044,164.53218461759252,4.677744231827066,57526.18991715773,54872.6148436452,2653.575073512533,4.612812142319683,171.67858134150376,3584.208860865673,-758.9552060116366,False,1.0,0.9532225576817293,0.046777442318270746,10.236912856448784,10.185704460639347,0.5002327999420124,28,flat,flat
DHNC0273,Dhanmondi,Commercial,Commercial,,36.75972604031296,1088.242674531563,1088.242674531563,0.0,0.0,17924.452854845047,17924.452854845047,0.0,0.0,0.0,0.0,0.0,False,1.0,1.0,0.0,3.7450528215171843,3.7450528215171843,0.0,0,flat,flat
DHNC0274,Dhanmondi,Commercial,Commercial,,36.75972604031296,6837.775770907468,6653.30919386653,184.4665770409374,2.6977570371023756,112193.27263319564,109218.19567867939,2975.0769545162475,2.651742733490764,214.67208787218965,5460.9208931152525,-2271.171850726815,False,1.0,0.9730224296289763,0.026977570371023663,22.54216472948664,22.54216472948664,0.0,25,flat,flat
DHNC0275,Dhanmondi,Commercial,Commercial,,36.75972604031296,6248.413429466077,6055.375570565567,193.0378589005104,3.089389988027815,102499.03679042889,99385.72220208145,3113.3145883474353,3.0374086292273814,234.13380591892144,4980.437659682987,-1632.9892654166301,False,1.0,0.9691061001197214,0.030893899880278575,18.415102417184226,18.415102417184226,0.0,24,flat,flat
DHNC0276,Dhanmondi,Commercial,Commercial,,36.75972604031296,5976.804632192927,5718.673964732907,258.13066746002005,4.318874103223118,98033.48010800751,93870.34870321231,4163.131404795204,4.246642473783967,247.64090869383244,3973.8639231587335,436.90839033030306,True,1.0,0.9568112589677685,0.04318874103223147,19.15437575342423,18.575758636223185,3.0208090550672493,30,flat,flat
DHNC0277,Dhanmondi,Commercial,Commercial,,36.75972604031296,1536.1009443087082,1486.2474019971166,49.85354231159158,3.245460039348337,25308.161029810846,24504.1230994095,804.0379304013477,3.176990732176312,49.853542311592285,1038.3387657623884,-184.4472930494485,False,1.0,0.9675453996065162,0.0324546003934838,4.712920564054598,4.710825280614358,0.04445828041789227,30,flat,flat
DHNC0278,Dhanmondi,Commercial,Commercial,,36.75972604031296,2263.6432243286886,2233.454701001044,30.18852332764436,1.333625502605303,37193.16292197309,36706.282417744835,486.8805042282547,1.3090591549034782,90.56556998293267,870.3168404365858,-292.8707662253985,False,1.0,0.986663744973947,0.013336255026052957,7.877607871055033,7.877607871055033,0.0,10,flat,flat
DHNC0279,Dhanmondi,Commercial,Commercial,,36.75972604031296,6555.233487518936,6293.294902304829,261.93858521410766,3.9958696469444557,107324.5806867054,103100.03518437226,4224.545502333145,3.9362329443104467,304.2393082645986,7370.346740328316,-2841.561929730572,False,1.0,0.9600413035305554,0.03995869646944461,17.36847529571119,17.362800066997433,0.03267545721274092,25,flat,flat
DHNC0280,Dhanmondi,Commercial,Commercial,,36.75972604031296,2142.1003449276586,2067.996933899191,74.10341102846769,3.4593809390834234,35223.46936299328,34028.32954992615,1195.1398130671296,3.3930212857532296,87.15942370023939,2045.974413705837,-763.675176938468,False,1.0,0.9654061906091658,0.03459380939083423,6.854564280814256,6.854564280814256,0.0,25,flat,flat
DHNC0281,Dhanmondi,Commercial,Commercial,,36.75972604031296,2688.981372435192,2598.6858838952285,90.29548853996357,3.357981184458347,44242.01657463478,42785.73093546224,1456.2856391725363,3.2916348573664855,110.46147841789333,2054.778088633514,-488.03097104308426,False,1.0,0.9664201881554162,0.03357981184458381,8.457113212583959,8.457113212583959,0.0,24,flat,flat
DHNC0282,Dhanmondi,Commercial,Commercial,,36.75972604031296,1070.3315265082542,1033.1458313991318,37.185695109122435,3.474222162775438,17663.931859525124,17064.200968805195,599.7308907199294,3.3952287377995614,37.18569510912261,1057.9927324627076,-421.0761466336555,False,1.0,0.9652577783722455,0.03474222162775453,2.927005586891676,2.927005586891676,0.0,30,flat,flat
DHNC0283,Dhanmondi,Commercial,Commercial,,36.75972604031296,817.0730088220594,809.6602693380238,7.412739484035569,0.9072309822989028,13532.128486282172,13412.575823883648,119.55266239852426,0.8834727110352043,22.23821845210843,213.94191184789975,-72.15103099726704,False,1.0,0.9909276901770103,0.009072309822989677,3.2589199778356406,3.2589199778356406,0.0,10,flat,flat
DHNC0284,Dhanmondi,Commercial,Commercial,,36.75972604031296,4602.68755955397,4566.6832694928335,36.00429006113609,0.782244929625967,75692.16996048643,75111.49277038041,580.6771901060129,0.7671562202657735,108.01287018340976,1315.8124509982715,-627.1223907088489,False,1.0,0.9921775507037403,0.007822449296259748,11.440139840952352,11.440139840952352,0.0,10,flat,flat
DHNC0285,Dhanmondi,Commercial,Commercial,,36.75972604031296,10123.072178052735,9771.218544423318,351.85363362941644,3.475759408218491,165112.38308763452,159437.68768445926,5674.695403175254,3.4368684510860525,426.1158489233432,10251.56410795003,-4150.752855851432,False,1.0,0.9652424059178152,0.03475759408218482,21.272418915195974,21.272418915195974,0.0,24,flat,flat
DHNC0286,Dhanmondi,Commercial,Commercial,,36.75972604031296,4792.4294688319205,4680.69830353348,111.73116529844083,2.3314096957523622,78771.22747332123,76969.22723938795,1802.0002339332714,2.287637620657346,109.56702492872165,2873.7393496833415,-962.1720908213485,False,1.0,0.9766859030424764,0.023314096957523622,16.27724976429667,16.273905458161227,0.020545891866684585,30,flat,flat
DHNC0287,Dhanmondi,Commercial,Commercial,,36.75972604031296,1994.9811292691606,1906.0120601015915,88.96906916756916,4.459644648376298,32841.28065285302,31406.387505318467,1434.8931475345526,4.369175376265051,85.94848123854767,1999.5121403016751,-478.67051152857493,False,1.0,0.9554035535162372,0.04459644648376282,5.6991551404589265,5.635518298613227,1.1166013255883265,30,flat,flat
DHNC0288,Dhanmondi,Commercial,Commercial,,36.75972604031296,3274.5294432664505,3109.8337086831666,164.69573458328387,5.029600052061052,54054.28586100131,51398.0730536421,2656.2128073592103,4.913972620394185,158.47905711507298,4196.3219388327425,-1381.6300743584593,False,1.0,0.9497039994793899,0.05029600052061012,11.926369076643361,11.926369076643361,0.0,30,flat,flat
DHNC0289,Dhanmondi,Commercial,Commercial,,36.75972604031296,1749.962519037337,1662.146101767674,87.8164172696629,5.018188464857587,28809.29550703417,27392.992329309043,1416.3031777251272,4.916132632883432,84.94836763855588,2448.289500711008,-947.0379553473247,False,1.0,0.9498181153514236,0.050181884648576425,7.316396132117715,7.316396132117715,0.0,30,flat,flat
DHNC0290,Dhanmondi,Commercial,Commercial,,36.75972604031296,2056.1275767706384,1928.816462659722,127.31111411091638,6.191790604300522,33836.900558156856,31783.626909775998,2053.2736483808585,6.06814931187865,122.90006864378614,3035.665492769077,-859.4917757444323,False,1.0,0.9380820939569949,0.061917906043005067,7.668302106556256,7.668302106556256,0.0,30,flat,flat
DHNC0291,Dhanmondi,Commercial,Commercial,,36.75972604031296,1460.659345721593,1418.2108969152482,42.448448806344686,2.9061155792882265,23911.888927797852,23227.280345449122,684.6085823487301,2.8630468484355687,42.44844880634546,1149.244711787949,-422.18768063287337,False,1.0,0.9709388442071172,0.02906115579288282,4.3682736492455785,4.3682736492455785,0.0,30,flat,flat
DHNC0292,Dhanmondi,Commercial,Commercial,,36.75972604031296,1951.9823770653913,1927.8731582346911,24.10921883070023,1.2351145744945715,32062.74677731063,31673.913296009097,388.8334813015317,1.2127266699953847,24.109218830700584,673.149706286658,-260.2070061544257,False,1.0,0.9876488542550541,0.01235114574494589,4.7652990928206895,4.754440533872508,0.22786731192887924,30,flat,flat
DHNC0293,Dhanmondi,Commercial,Commercial,,36.75972604031296,4847.249312273253,4628.741015234157,218.50829703909585,4.507882367136182,79338.78690834301,75814.68509369648,3524.101814646536,4.441839801152735,211.5893679505913,5270.304399080866,-1534.6132164837386,False,1.0,0.9549211763286379,0.04507882367136207,12.469377103369606,12.469377103369606,0.0,30,flat,flat
DHNC0294,Dhanmondi,Commercial,Commercial,,36.75972604031296,4908.093251191203,4888.40211481017,19.691136381033175,0.4011972750569501,80589.40295521173,80271.82430765842,317.57864755330957,0.39406998427548434,59.07340914310245,473.35923527614796,-96.70717857973591,False,1.0,0.9959880272494303,0.004011972750569748,16.7524966567308,16.7524966567308,0.0,3,flat,flat
DHNC0295,Dhanmondi,Commercial,Commercial,,36.75972604031296,6668.0098296546785,6303.335056956594,364.6747726980848,5.469019722740428,109242.66253267064,103361.18779859594,5881.474734074698,5.383862492655519,350.5071064406627,8409.55120645127,-2177.5693659359085,False,1.0,0.9453098027725958,0.0546901972274042,22.78816272229275,21.583174331489626,5.287782106384256,30,flat,flat
DHNC0296,Dhanmondi,Commercial,Commercial,,36.75972604031296,6571.289296080001,6456.0802027692525,115.20909331074836,1.7532190125836422,107290.57876717826,105432.4865102625,1858.0922569157556,1.7318317025279883,345.62727993224814,2612.486302393845,-408.7667655458413,False,1.0,0.9824678098741634,0.017532190125836622,16.33705705099296,16.33705705099296,0.0,10,flat,flat
DHNC0297,Dhanmondi,Commercial,Commercial,,36.75972604031296,3245.767896875684,3055.715404783956,190.05249209172825,5.85539379678594,53958.96964081103,50893.803048355636,3065.1665924553963,5.680550634786593,182.3151595348082,4768.129120307494,-1520.6473683172899,False,1.0,0.9414460620321404,0.05855393796785957,11.57053083442687,10.566096038093697,8.680974198215571,30,flat,flat
DHNC0298,Dhanmondi,Commercial,Commercial,,36.75972604031296,3601.4538042765926,3521.3604696550174,80.0933346215752,2.2239167562406976,59109.571955372885,57817.826654596116,1291.745300776769,2.1853403062232006,86.16935825634889,2471.1514972531436,-1093.2368382200257,False,1.0,0.9777608324375932,0.022239167562406847,11.372787207601974,11.372787207601974,0.0,27,flat,flat
DHNC0299,Dhanmondi,Commercial,Commercial,,36.75972604031296,3704.0153614722226,3585.437617626532,118.57774384569075,3.2013296996306204,60801.484749824005,58889.06289708071,1912.4218527432968,3.145353868597481,115.34883173574077,3088.5132164040047,-1060.7425319249671,False,1.0,0.9679867030036942,0.03201329699630584,9.489300473169573,9.484312191006214,0.052567438215941384,30,flat,flat
DHNC0300,Dhanmondi,Commercial,Commercial,,36.75972604031296,8719.411614941624,8418.280798916057,301.1308160255667,3.453568076882017,142441.0705257785,137584.43272491818,4856.637800860306,3.4095768747970543,289.7930063885352,6976.869099576709,-1830.438292327868,False,1.0,0.9654643192311798,0.03453568076882019,20.97798471007713,20.97798471007713,0.0,30,flat,flat
DHNC0301,Dhanmondi,Industrial,Industrial,,14.47858698270381,7284.486907979365,7165.547788561559,118.93911941780607,1.6327727802972802,98481.9342555062,96892.13451580808,1589.7997396981227,1.6143059655728034,117.88483108907685,2580.0564587870294,-872.3718879998298,False,1.0,0.9836722721970274,0.016327727802972647,19.706692923481913,19.706692923481913,0.0,30,flat,flat
DHNC0302,Dhanmondi,Industrial,Industrial,,14.47858698270381,4049.6938469318047,3925.5917839507792,124.10206298102548,3.064480122986327,55526.31280501397,53867.502580178094,1658.8102248358773,2.9874308972413677,120.48767937070176,2864.753119010966,-1085.4552148043872,False,1.0,0.9693551987701367,0.03064480122986335,20.614429258276274,20.605391960023052,0.04383967239643082,30,flat,flat
DHNC0303,Dhanmondi,Industrial,Industrial,,14.47858698270381,6322.511717951913,6294.461129962805,28.050587989107953,0.44366209570576387,85966.41287800425,85591.47469364783,374.9381843564188,0.43614496848728246,70.17003805481845,813.7818162709692,-368.67359385973197,False,1.0,0.9955633790429422,0.004436620957057769,17.729522001978033,17.729522001978033,0.0,12,flat,flat
DHNC0304,Dhanmondi,Industrial,Industrial,,14.47858698270381,6031.123953358,5981.242898722507,49.881054635493456,0.8270606775992517,81779.2583225597,81112.5232057744,666.7351167853049,0.8152863335535763,149.64316390648054,1615.3699799736585,-798.991699281873,False,1.0,0.9917293932240074,0.008270606775992562,19.081020802469276,19.081020802469276,0.0,10,flat,flat
DHNC0305,Dhanmondi,Industrial,Industrial,,14.47858698270381,4881.074823680002,4799.20522786464,81.86959581536212,1.6772862283974979,66200.48663071875,65106.17667825271,1094.3099524660356,1.6530240307300812,79.66260133796432,1808.7533959062348,-634.7808421022348,False,1.0,0.9832271377160248,0.01677286228397523,16.45701683857687,16.404256642341572,0.32059392508867335,30,flat,flat
DHNC0306,Dhanmondi,Industrial,Industrial,,14.47858698270381,5800.346071787433,5700.708749754622,99.63732203281143,1.7177823667701817,78835.68576854673,77503.88350359515,1331.802264951577,1.6893393543396173,97.83542521500613,2308.6793214724607,-879.0416313058777,False,1.0,0.9828221763322982,0.01717782366770182,17.45205186268975,17.427954180519972,0.13807936372969168,30,flat,flat
DHNC0307,Dhanmondi,Industrial,Industrial,,14.47858698270381,5965.253866382069,5882.097363261229,83.15650312084017,1.3940144876227147,81014.72580499592,79903.21440603121,1111.511398964707,1.3719868677209837,80.88027357776237,2047.9503031077763,-855.5586305653069,False,1.0,0.986059855123773,0.013940144876226968,21.189877474572178,21.189877474572178,0.0,30,flat,flat
DHNC0308,Dhanmondi,Industrial,Industrial,,14.47858698270381,4201.948765605741,3977.7185110860505,224.23025451969033,5.336339565943422,56886.06817546913,53888.8944784317,2997.173697037433,5.268730628020269,217.78591644510988,4926.719529481842,-1711.7599159992992,False,1.0,0.9466366043405664,0.0533633956594336,13.257987379164799,13.214285500691958,0.32962679193314043,30,flat,flat
DHNC0309,Dhanmondi,Hospital,Hospital,,4.814693903588424,22006.45320041576,22006.45320041576,0.0,0.0,213242.82153695077,213242.82153695077,0.0,0.0,0.0,0.0,0.0,False,1.0,1.0,0.0,45.05410823560656,45.05410823560656,0.0,0,flat,flat
DHNC0310,Dhanmondi,Hospital,Hospital,,4.814693903588424,30900.50910490375,30900.50910490375,0.0,0.0,297790.0877693479,297790.0877693479,0.0,0.0,0.0,0.0,0.0,False,1.0,1.0,0.0,58.385771719150014,58.385771719150014,0.0,0,flat,flat
DHNC0311,Dhanmondi,Hospital,Hospital,,4.814693903588424,24701.38782218669,24701.38782218669,0.0,0.0,238504.93778032903,238504.93778032903,0.0,0.0,0.0,0.0,0.0,False,1.0,1.0,0.0,59.07225655585807,59.07225655585807,0.0,0,flat,flat
DHNC0312,Dhanmondi,Hospital,Hospital,,4.814693903588424,31060.11401194996,31060.11401194996,0.0,0.0,300566.7333985545,300566.7333985545,0.0,0.0,0.0,0.0,0.0,False,1.0,1.0,0.0,67.4354911185826,67.4354911185826,0.0,0,flat,flat
DHNC0313,Dhanmondi,Hospital,Hospital,,4.814693903588424,49824.79926274749,49824.79926274749,0.0,0.0,479098.654994258,479098.654994258,0.0,0.0,0.0,0.0,0.0,False,1.0,1.0,0.0,82.07757946538727,82.07757946538727,0.0,0,flat,flat
DHNC0314,Dhanmondi,Hospital,Hospital,,4.814693903588424,25554.59829809075,25554.59829809075,0.0,0.0,247589.0703276074,247589.0703276074,0.0,0.0,0.0,0.0,0.0,False,1.0,1.0,0.0,49.22378104840009,49.22378104840009,0.0,0,flat,flat
DHNC0315,Dhanmondi,Hospital,Hospital,,4.814693903588424,29330.03724798479,29330.03724798479,0.0,0.0,283811.67894897546,283811.67894897546,0.0,0.0,0.0,0.0,0.0,False,1.0,1.0,0.0,46.92197700017128,46.92197700017128,0.0,0,flat,flat
DHNC0316,Dhanmondi,Hospital,Hospital,,4.814693903588424,44230.892498530724,44230.892498530724,0.0,0.0,426509.55596728827,426509.55596728827,0.0,0.0,0.0,0.0,0.0,False,1.0,1.0,0.0,73.70401636342632,73.70401636342632,0.0,0,flat,flat
DHNC0317,Dhanmondi,Hospital,Hospital,,4.814693903588424,34930.54897930112,34930.54897930112,0.0,0.0,337629.0416758089,337629.0416758089,0.0,0.0,0.0,0.0,0.0,False,1.0,1.0,0.0,62.8354348271412,62.8354348271412,0.0,0,flat,flat
DHNC0318,Dhanmondi,Hospital,Hospital,,4.814693903588424,35805.28612169057,35805.28612169057,0.0,0.0,344681.2313713647,344681.2313713647,0.0,0.0,0.0,0.0,0.0,False,1.0,1.0,0.0,61.25072959474063,61.25072959474063,0.0,0,flat,flat
DHNC0319,Dhanmondi,Hospital,Hospital,,4.814693903588424,31078.639931126643,31078.639931126643,0.0,0.0,299356.775945531,299356.775945531,0.0,0.0,0.0,0.0,0.0,False,1.0,1.0,0.0,59.22581177766142,59.22581177766142,0.0,0,flat,flat
DHNC0320,Dhanmondi,Hospital,Hospital,,4.814693903588424,32714.048027601504,32714.048027601504,0.0,0.0,315621.7413822833,315621.7413822833,0.0,0.0,0.0,0.0,0.0,False,1.0,1.0,0.0,57.418980177970916,57.418980177970916,0.0,0,flat,flat
DHNC0321,Dhanmondi,Hospital,Hospital,,4.814693903588424,23503.83111336417,23503.83111336417,0.0,0.0,227314.15515474303,227314.15515474303,0.0,0.0,0.0,0.0,0.0,False,1.0,1.0,0.0,42.92341220103859,42.92341220103859,0.0,0,flat,flat
DHNC0322,Dhanmondi,Hospital,Hospital,,4.814693903588424,44628.683000452154,44628.683000452154,0.0,0.0,429092.56021179666,429092.56021179666,0.0,0.0,0.0,0.0,0.0,False,1.0,1.0,0.0,73.99414263258036,73.99414263258036,0.0,0,flat,flat
DHNC0323,Dhanmondi,Hospital,Hospital,,4.814693903588424,36191.961729358656,36191.961729358656,0.0,0.0,349143.11633323063,349143.11633323063,0.0,0.0,0.0,0.0,0.0,False,1.0,1.0,0.0,61.03258791983948,61.03258791983948,0.0,0,flat,flat
DHNC0324,Dhanmondi,Hospital,Hospital,,4.814693903588424,25702.675711718843,25702.675711718843,0.0,0.0,247893.67595060833,247893.67595060833,0.0,0.0,0.0,0.0,0.0,False,1.0,1.0,0.0,47.65739670810146,47.65739670810146,0.0,0,flat,flat
DHNC0325,Dhanmondi,Hospital,Hospital,,4.814693903588424,44400.20457823594,44400.20457823594,0.0,0.0,427645.944004687,427645.944004687,0.0,0.0,0.0,0.0,0.0,False,1.0,1.0,0.0,89.35465963110865,89.35465963110865,0.0,0,flat,flat
DHNC0326,Dhanmondi,Hospital,Hospital,,4.814693903588424,34343.32673452184,34343.32673452184,0.0,0.0,330568.4622947938,330568.4622947938,0.0,0.0,0.0,0.0,0.0,False,1.0,1.0,0.0,57.6598209085352,57.6598209085352,0.0,0,flat,flat
DHNC0327,Dhanmondi,Hospital,Hospital,,4.814693903588424,20902.025204677026,20902.025204677026,0.0,0.0,203503.99450744345,203503.99450744345,0.0,0.0,0.0,0.0,0.0,False,1.0,1.0,0.0,36.10631841621307,36.10631841621307,0.0,0,flat,flat
DHNC0328,Dhanmondi,Hospital,Hospital,,4.814693903588424,32879.67445547996,32879.67445547996,0.0,0.0,317668.10651319835,317668.10651319835,0.0,0.0,0.0,0.0,0.0,False,1.0,1.0,0.0,63.79832527256518,63.79832527256518,0.0,0,flat,flat
DHNC0329,Dhanmondi,Hospital,Hospital,,4.814693903588424,36583.630990767604,36583.630990767604,0.0,0.0,352896.4534897692,352896.4534897692,0.0,0.0,0.0,0.0,0.0,False,1.0,1.0,0.0,70.77440340792191,70.77440340792191,0.0,0,flat,flat
DHNC0330,Dhanmondi,Hospital,Hospital,,4.814693903588424,32882.515612081705,32882.515612081705,0.0,0.0,317443.10460380645,317443.10460380645,0.0,0.0,0.0,0.0,0.0,False,1.0,1.0,0.0,62.96478424668328,62.96478424668328,0.0,0,flat,flat
DHNC0331,Dhanmondi,Hospital,Hospital,,4.814693903588424,37704.14969422633,37704.14969422633,0.0,0.0,363071.6824693858,363071.6824693858,0.0,0.0,0.0,0.0,0.0,False,1.0,1.0,0.0,98.38232240238827,98.38232240238827,0.0,0,flat,flat
DHNC0332,Dhanmondi,Hospital,Hospital,,4.814693903588424,45340.87717568275,45340.87717568275,0.0,0.0,436143.6853619254,436143.6853619254,0.0,0.0,0.0,0.0,0.0,False,1.0,1.0,0.0,79.32906463500024,79.32906463500024,0.0,0,flat,flat
DHNC0333,Dhanmondi,Hospital,Hospital,,4.814693903588424,48420.4112855426,48420.4112855426,0.0,0.0,466005.4582408686,466005.4582408686,0.0,0.0,0.0,0.0,0.0,False,1.0,1.0,0.0,84.81196802998193,84.81196802998193,0.0,0,flat,flat
DHNC0334,Dhanmondi,Hospital,Hospital,,4.814693903588424,32545.904237231076,32545.904237231076,0.0,0.0,313362.4550142883,313362.4550142883,0.0,0.0,0.0,0.0,0.0,False,1.0,1.0,0.0,63.065504871798666,63.065504871798666,0.0,0,flat,flat
DHNC0335,Dhanmondi,Hospital,Hospital,,4.814693903588424,33582.30113948468,33582.30113948468,0.0,0.0,323903.8165779532,323903.8165779532,0.0,0.0,0.0,0.0,0.0,False,1.0,1.0,0.0,58.60052294440424,58.60052294440424,0.0,0,flat,flat
DHNC0336,Dhanmondi,Hospital,Hospital,,4.814693903588424,24633.071626922156,24633.071626922156,0.0,0.0,237603.76313482778,237603.76313482778,0.0,0.0,0.0,0.0,0.0,False,1.0,1.0,0.0,40.13990591240052,40.13990591240052,0.0,0,flat,flat
DHNC0337,Dhanmondi,Hospital,Hospital,,4.814693903588424,32233.54428016043,32233.54428016043,0.0,0.0,311244.7545222245,311244.7545222245,0.0,0.0,0.0,0.0,0.0,False,1.0,1.0,0.0,73.2114935327898,73.2114935327898,0.0,0,flat,flat
DHNC0338,Dhanmondi,Hospital,Hospital,,4.814693903588424,14014.655501809943,14014.655501809943,0.0,0.0,136450.263905949,136450.263905949,0.0,0.0,0.0,0.0,0.0,False,1.0,1.0,0.0,29.308687330618206,29.308687330618206,0.0,0,flat,flat
DHNC0339,Dhanmondi,Hospital,Hospital,,4.814693903588424,34086.91874877377,34086.91874877377,0.0,0.0,330872.4454102228,330872.4454102228,0.0,0.0,0.0,0.0,0.0,False,1.0,1.0,0.0,76.61542874292483,76.61542874292483,0.0,0,flat,flat
DHNC0340,Dhanmondi,Hospital,Hospital,,4.814693903588424,35182.5093943934,35182.5093943934,0.0,0.0,340306.7955202233,340306.7955202233,0.0,0.0,0.0,0.0,0.0,False,1.0,1.0,0.0,73.78468798097153,73.78468798097153,0.0,0,flat,flat
DHNC0341,Dhanmondi,Hospital,Hospital,,4.814693903588424,37660.78326602419,37660.78326602419,0.0,0.0,363762.09298539493,363762.09298539493,0.0,0.0,0.0,0.0,0.0,False,1.0,1.0,0.0,67.54073851483618,67.54073851483618,0.0,0,flat,flat
DHNC0342,Dhanmondi,Hospital,Hospital,,4.814693903588424,34125.31506273374,34125.31506273374,0.0,0.0,330166.30638362735,330166.30638362735,0.0,0.0,0.0,0.0,0.0,False,1.0,1.0,0.0,66.60511832016661,66.60511832016661,0.0,0,flat,flat
DHNC0343,Dhanmondi,Hospital,Hospital,,4.814693903588424,27867.678844733324,27867.678844733324,0.0,0.0,269002.1182220784,269002.1182220784,0.0,0.0,0.0,0.0,0.0,False,1.0,1.0,0.0,44.95684013797295,44.95684013797295,0.0,0,flat,flat
DHNC0344,Dhanmondi,Hospital,Hospital,,4.814693903588424,30384.15521373263,30384.15521373263,0.0,0.0,293859.9349184943,293859.9349184943,0.0,0.0,0.0,0.0,0.0,False,1.0,1.0,0.0,49.66386734733176,49.66386734733176,0.0,0,flat,flat
DHNC0345,Dhanmondi,Educational,Educational,,32.739518771825146,3465.141977074819,3465.141977074819,0.0,0.0,33664.611637153466,33664.611637153466,0.0,0.0,0.0,0.0,0.0,False,1.0,1.0,0.0,11.623962110814045,11.623962110814045,0.0,0,flat,flat
DHNC0346,Dhanmondi,Educational,Educational,,32.739518771825146,5822.333377870826,5822.333377870826,0.0,0.0,56580.42292321753,56580.42292321753,0.0,0.0,0.0,0.0,0.0,False,1.0,1.0,0.0,21.772634044283723,21.772634044283723,0.0,0,flat,flat
DHNC0347,Dhanmondi,Educational,Educational,,32.739518771825146,6933.509268942299,6933.509268942299,0.0,0.0,67366.1718281242,67366.1718281242,0.0,0.0,0.0,0.0,0.0,False,1.0,1.0,0.0,25.0787745296523,25.0787745296523,0.0,0,flat,flat
DHNC0348,Dhanmondi,Educational,Educational,,32.739518771825146,6852.837076818185,6852.837076818185,0.0,0.0,66920.8843224648,66920.8843224648,0.0,0.0,0.0,0.0,0.0,False,1.0,1.0,0.0,30.066614805234245,30.066614805234245,0.0,0,flat,flat
DHNC0349,Dhanmondi,Educational,Educational,,32.739518771825146,2353.050280657641,2353.050280657641,0.0,0.0,22970.960291949235,22970.960291949235,0.0,0.0,0.0,0.0,0.0,False,1.0,1.0,0.0,8.230918575985537,8.230918575985537,0.0,0,flat,flat
DHNC0350,Dhanmondi,Educational,Educational,,32.739518771825146,2686.0644939748354,2686.0644939748354,0.0,0.0,26154.327853995877,26154.327853995877,0.0,0.0,0.0,0.0,0.0,False,1.0,1.0,0.0,8.369988942306064,8.369988942306064,0.0,0,flat,flat
DHNC0351,Dhanmondi,Educational,Educational,,32.739518771825146,1264.4165079005807,1264.4165079005807,0.0,0.0,12424.617866325269,12424.617866325269,0.0,0.0,0.0,0.0,0.0,False,1.0,1.0,0.0,5.737322915864963,5.737322915864963,0.0,0,flat,flat
DHNC0352,Dhanmondi,Educational,Educational,,32.739518771825146,8014.528725341744,8014.528725341744,0.0,0.0,78029.15921255993,78029.15921255993,0.0,0.0,0.0,0.0,0.0,False,1.0,1.0,0.0,33.230125495837676,33.230125495837676,0.0,0,flat,flat
DHNC0353,Dhanmondi,Educational,Educational,,32.739518771825146,2643.32670160035,2643.32670160035,0.0,0.0,25678.91198195733,25678.91198195733,0.0,0.0,0.0,0.0,0.0,False,1.0,1.0,0.0,8.96741344011169,8.96741344011169,0.0,0,flat,flat
DHNC0354,Dhanmondi,Educational,Educational,,32.739518771825146,7609.519105531896,7609.519105531896,0.0,0.0,73846.65530031684,73846.65530031684,0.0,0.0,0.0,0.0,0.0,False,1.0,1.0,0.0,26.9157728259069,26.9157728259069,0.0,0,flat,flat
DHNC0355,Dhanmondi,Educational,Educational,,32.739518771825146,1748.0666044766858,1748.0666044766858,0.0,0.0,17001.602909039706,17001.602909039706,0.0,0.0,0.0,0.0,0.0,False,1.0,1.0,0.0,5.3537754146042,5.3537754146042,0.0,0,flat,flat
DHNC0356,Dhanmondi,Educational,Educational,,32.739518771825146,4285.9583252420625,4285.9583252420625,0.0,0.0,42579.5189856127,42579.5189856127,0.0,0.0,0.0,0.0,0.0,False,1.0,1.0,0.0,29.73812416400169,29.73812416400169,0.0,0,flat,flat
DHNC0357,Dhanmondi,Educational,Educational,,32.739518771825146,1515.8369927693113,1493.4486936117848,22.38829915752649,1.4769595454076418,14838.941023790381,14626.196211045988,212.74481274439313,1.4336926900869285,67.16489747257901,643.8333270724335,-363.9236168554613,False,1.0,0.9852304045459237,0.0147695954540763,7.104431945232094,7.104431945232094,0.0,10,flat,flat
DHNC0358,Dhanmondi,Educational,Educational,,32.739518771825146,7041.636469805724,7041.636469805724,0.0,0.0,68513.35055432889,68513.35055432889,0.0,0.0,0.0,0.0,0.0,False,1.0,1.0,0.0,24.81956938853613,24.81956938853613,0.0,0,flat,flat
DHNC0359,Dhanmondi,Educational,Educational,,32.739518771825146,9189.61475623746,9189.61475623746,0.0,0.0,89195.41422114648,89195.41422114648,0.0,0.0,0.0,0.0,0.0,False,1.0,1.0,0.0,29.028567069362886,29.028567069362886,0.0,0,flat,flat
DHNC0360,Dhanmondi,Educational,Educational,,32.739518771825146,1576.4145784897685,1576.4145784897685,0.0,0.0,15446.079532099026,15446.079532099026,0.0,0.0,0.0,0.0,0.0,False,1.0,1.0,0.0,6.512676588128933,6.512676588128933,0.0,0,flat,flat
DHNC0361,Dhanmondi,Educational,Educational,,32.739518771825146,5025.852178478843,5025.852178478843,0.0,0.0,49648.1603259952,49648.1603259952,0.0,0.0,0.0,0.0,0.0,False,1.0,1.0,0.0,36.90535748207996,36.90535748207996,0.0,0,flat,flat
DHNC0362,Dhanmondi,Educational,Educational,,32.739518771825146,3447.5544090048816,3447.5544090048816,0.0,0.0,33465.985771568885,33465.985771568885,0.0,0.0,0.0,0.0,0.0,False,1.0,1.0,0.0,9.649722547098584,9.649722547098584,0.0,0,flat,flat
DHNC0363,Dhanmondi,Educational,Educational,,32.739518771825146,5422.848149486044,5422.848149486044,0.0,0.0,52885.114540491144,52885.114540491144,0.0,0.0,0.0,0.0,0.0,False,1.0,1.0,0.0,23.367866100135583,23.367866100135583,0.0,0,flat,flat
DHNC0364,Dhanmondi,Educational,Educational,,32.739518771825146,10222.138061035404,9824.655591676476,397.48246935892894,3.88844747532854,99252.66692498894,95475.58975990572,3777.0771650832176,3.8055170526931796,483.10014561636206,12576.376485240988,-8316.199174541409,False,1.0,0.9611155252467146,0.03888447475328538,29.908354946726693,29.908354946726693,0.0,24,flat,flat
DHNC0365,Dhanmondi,Educational,Educational,,32.739518771825146,1753.8644879585272,1753.8644879585272,0.0,0.0,17233.097296825905,17233.097296825905,0.0,0.0,0.0,0.0,0.0,False,1.0,1.0,0.0,5.981002026217684,5.981002026217684,0.0,0,flat,flat
DHNC0366,Dhanmondi,Educational,Educational,,32.739518771825146,2858.1145146683666,2858.1145146683666,0.0,0.0,27669.533175636156,27669.533175636156,0.0,0.0,0.0,0.0,0.0,False,1.0,1.0,0.0,9.662886921311733,9.662886921311733,0.0,0,flat,flat
DHNC0367,Dhanmondi,Educational,Educational,,32.739518771825146,5809.848488642301,5809.848488642301,0.0,0.0,56461.78526332347,56461.78526332347,0.0,0.0,0.0,0.0,0.0,False,1.0,1.0,0.0,17.960879751142343,17.960879751142343,0.0,0,flat,flat
DHNC0368,Dhanmondi,Educational,Educational,,32.739518771825146,10160.79564883413,10160.79564883413,0.0,0.0,98247.66065304633,98247.66065304633,0.0,0.0,0.0,0.0,0.0,False,1.0,1.0,0.0,29.382920279226052,29.382920279226052,0.0,0,flat,flat
DHNC0369,Dhanmondi,Educational,Educational,,32.739518771825146,7583.863356457181,7583.863356457181,0.0,0.0,73571.36154473438,73571.36154473438,0.0,0.0,0.0,0.0,0.0,False,1.0,1.0,0.0,26.02636350747746,26.02636350747746,0.0,0,flat,flat
DHNC0370,Dhanmondi,Educational,Educational,,32.739518771825146,1882.5041430744652,1882.5041430744652,0.0,0.0,18297.995619565107,18297.995619565107,0.0,0.0,0.0,0.0,0.0,False,1.0,1.0,0.0,5.738412217474011,5.738412217474011,0.0,0,flat,flat
DHNC0371,Dhanmondi,Educational,Educational,,32.739518771825146,2129.9438088217307,2129.9438088217307,0.0,0.0,20901.291043328496,20901.291043328496,0.0,0.0,0.0,0.0,0.0,False,1.0,1.0,0.0,7.376294159225337,7.376294159225337,0.0,0,flat,flat
DHNC0372,Dhanmondi,Educational,Educational,,32.739518771825146,7729.641010084132,7729.641010084132,0.0,0.0,75082.61369832447,75082.61369832447,0.0,0.0,0.0,0.0,0.0,False,1.0,1.0,0.0,22.650004438587207,22.650004438587207,0.0,0,flat,flat
DHNC0373,Dhanmondi,Educational,Educational,,32.739518771825146,9005.656627407636,9005.656627407636,0.0,0.0,87869.45210194107,87869.45210194107,0.0,0.0,0.0,0.0,0.0,False,1.0,1.0,0.0,35.34619233637836,35.34619233637836,0.0,0,flat,flat
DHNC0374,Dhanmondi,Educational,Educational,,32.739518771825146,3260.0825388039098,3260.0825388039098,0.0,0.0,31734.934324984155,31734.934324984155,0.0,0.0,0.0,0.0,0.0,False,1.0,1.0,0.0,11.647484520284689,11.647484520284689,0.0,0,flat,flat
DHNC0375,Dhanmondi,Educational,Educational,,32.739518771825146,1703.519706480597,1703.519706480597,0.0,0.0,16798.796010831877,16798.796010831877,0.0,0.0,0.0,0.0,0.0,False,1.0,1.0,0.0,7.4867292219083765,7.4867292219083765,0.0,0,flat,flat
DHNC0376,Dhanmondi,Educational,Educational,,32.739518771825146,9235.023019568325,9235.023019568325,0.0,0.0,89280.40624344801,89280.40624344801,0.0,0.0,0.0,0.0,0.0,False,1.0,1.0,0.0,28.382216382006675,28.382216382006675,0.0,0,flat,flat
DHNC0377,Dhanmondi,Educational,Educational,,32.739518771825146,2103.876926811757,2103.876926811757,0.0,0.0,20571.690497028725,20571.690497028725,0.0,0.0,0.0,0.0,0.0,False,1.0,1.0,0.0,9.930490233753652,9.930490233753652,0.0,0,flat,flat
DHNC0378,Dhanmondi,Educational,Educational,,32.739518771825146,2786.2359027217335,2786.2359027217335,0.0,0.0,27383.406665613275,27383.406665613275,0.0,0.0,0.0,0.0,0.0,False,1.0,1.0,0.0,11.696037480027535,11.696037480027535,0.0,0,flat,flat
DHNC0379,Dhanmondi,Educational,Educational,,32.739518771825146,1669.6811061887217,1669.6811061887217,0.0,0.0,16433.14471155833,16433.14471155833,0.0,0.0,0.0,0.0,0.0,False,1.0,1.0,0.0,5.703121173397317,5.703121173397317,0.0,0,flat,flat
DHNC0380,Dhanmondi,Educational,Educational,,32.739518771825146,6689.94462675858,6689.94462675858,0.0,0.0,64894.19881577341,64894.19881577341,0.0,0.0,0.0,0.0,0.0,False,1.0,1.0,0.0,23.394954682006677,23.394954682006677,0.0,0,flat,flat
DHNC0381,Dhanmondi,Government,Government,,40.10834784300581,2771.988814367883,2771.988814367883,0.0,0.0,46114.685598125216,46114.685598125216,0.0,0.0,0.0,0.0,0.0,False,1.0,1.0,0.0,14.638804442456838,14.638804442456838,0.0,0,flat,flat
DHNC0382,Dhanmondi,Government,Government,,40.10834784300581,4194.159562054971,4194.159562054971,0.0,0.0,69079.80541682255,69079.80541682255,0.0,0.0,0.0,0.0,0.0,False,1.0,1.0,0.0,13.674971257670553,13.674971257670553,0.0,0,flat,flat
DHNC0383,Dhanmondi,Government,Government,,40.10834784300581,4730.693519114761,4730.693519114761,0.0,0.0,77733.02507628287,77733.02507628287,0.0,0.0,0.0,0.0,0.0,False,1.0,1.0,0.0,17.116547947271194,17.116547947271194,0.0,0,flat,flat
DHNC0384,Dhanmondi,Government,Government,,40.10834784300581,3456.002911684309,3456.002911684309,0.0,0.0,56749.56495964453,56749.56495964453,0.0,0.0,0.0,0.0,0.0,False,1.0,1.0,0.0,10.168609401004325,10.168609401004325,0.0,0,flat,flat
DHNC0385,Dhanmondi,Government,Government,,40.10834784300581,3732.092967129338,3732.092967129338,0.0,0.0,61400.79537386196,61400.79537386196,0.0,0.0,0.0,0.0,0.0,False,1.0,1.0,0.0,12.843783979531125,12.843783979531125,0.0,0,flat,flat
DHNC0386,Dhanmondi,Government,Government,,40.10834784300581,5013.957003097361,5013.957003097361,0.0,0.0,82726.74854595424,82726.74854595424,0.0,0.0,0.0,0.0,0.0,False,1.0,1.0,0.0,18.149343254650304,18.149343254650304,0.0,0,flat,flat
DHNC0387,Dhanmondi,Government,Government,,40.10834784300581,1402.4940234925111,1402.4940234925111,0.0,0.0,23091.92361088722,23091.92361088722,0.0,0.0,0.0,0.0,0.0,False,1.0,1.0,0.0,3.89759917056872,3.89759917056872,0.0,0,flat,flat
DHNC0388,Dhanmondi,Government,Government,,40.10834784300581,2990.7014155456927,2990.7014155456927,0.0,0.0,49538.13242992093,49538.13242992093,0.0,0.0,0.0,0.0,0.0,False,1.0,1.0,0.0,12.938462554355365,12.938462554355365,0.0,0,flat,flat
DHNC0389,Dhanmondi,Government,Government,,40.10834784300581,4849.479917936167,4849.479917936167,0.0,0.0,79762.2121164745,79762.2121164745,0.0,0.0,0.0,0.0,0.0,False,1.0,1.0,0.0,19.904549101188042,19.904549101188042,0.0,0,flat,flat
DHNC0390,Dhanmondi,Government,Government,,40.10834784300581,5941.784003919296,5941.784003919296,0.0,0.0,97690.7424152104,97690.7424152104,0.0,0.0,0.0,0.0,0.0,False,1.0,1.0,0.0,18.883764147600143,18.883764147600143,0.0,0,flat,flat
DHNC0391,Dhanmondi,Government,Government,,40.10834784300581,6558.624063726129,6558.624063726129,0.0,0.0,107639.138899775,107639.138899775,0.0,0.0,0.0,0.0,0.0,False,1.0,1.0,0.0,22.81994789455659,22.81994789455659,0.0,0,flat,flat
DHNC0392,Dhanmondi,Government,Government,,40.10834784300581,5771.503566372906,5771.503566372906,0.0,0.0,94727.10951846222,94727.10951846222,0.0,0.0,0.0,0.0,0.0,False,1.0,1.0,0.0,18.968065198698234,18.968065198698234,0.0,0,flat,flat
DHNC0393,Dhanmondi,Government,Government,,40.10834784300581,3647.552886460389,3647.552886460389,0.0,0.0,59838.88295283315,59838.88295283315,0.0,0.0,0.0,0.0,0.0,False,1.0,1.0,0.0,10.52104042835738,10.52104042835738,0.0,0,flat,flat
DHNC0394,Dhanmondi,Government,Government,,40.10834784300581,1993.519026030114,1993.519026030114,0.0,0.0,33087.02485181368,33087.02485181368,0.0,0.0,0.0,0.0,0.0,False,1.0,1.0,0.0,7.834373360124957,7.834373360124957,0.0,0,flat,flat
DHNC0395,Dhanmondi,Government,Government,,40.10834784300581,3421.673257501811,3421.673257501811,0.0,0.0,56630.596296989206,56630.596296989206,0.0,0.0,0.0,0.0,0.0,False,1.0,1.0,0.0,12.47458441809272,12.47458441809272,0.0,0,flat,flat
DHNC0396,Dhanmondi,Government,Government,,40.10834784300581,5298.224887221339,5298.224887221339,0.0,0.0,87226.37098110575,87226.37098110575,0.0,0.0,0.0,0.0,0.0,False,1.0,1.0,0.0,20.674075309702765,20.674075309702765,0.0,0,flat,flat
DHNC0397,Dhanmondi,Government,Government,,40.10834784300581,1555.65682572885,1555.65682572885,0.0,0.0,25647.18328535489,25647.18328535489,0.0,0.0,0.0,0.0,0.0,False,1.0,1.0,0.0,5.119509490769415,5.119509490769415,0.0,0,flat,flat
DHNC0398,Dhanmondi,Government,Government,,40.10834784300581,4047.264311228186,4047.264311228186,0.0,0.0,66805.1788114882,66805.1788114882,0.0,0.0,0.0,0.0,0.0,False,1.0,1.0,0.0,18.435443171704957,18.435443171704957,0.0,0,flat,flat
DHNC0399,Dhanmondi,Government,Government,,40.10834784300581,3631.482811234373,3631.482811234373,0.0,0.0,59693.104779587964,59693.104779587964,0.0,0.0,0.0,0.0,0.0,False,1.0,1.0,0.0,10.937568201404526,10.937568201404526,0.0,0,flat,flat
DHNC0400,Dhanmondi,Government,Government,,40.10834784300581,3973.131432307371,3973.131432307371,0.0,0.0,65722.96374025328,65722.96374025328,0.0,0.0,0.0,0.0,0.0,False,1.0,1.0,0.0,17.748545251248505,17.748545251248505,0.0,0,flat,flat
KLNC0001,Kalyanpur,Residential,Res-A,upper-middle,795.3408386808318,194.06846911678335,190.5586764655509,3.509792651232459,1.8085331775974351,1678.3579968672911,1647.0330974550416,31.32489941224958,1.8664015347570961,5.633715546137852,74.37708213051063,-37.4184671721232,False,1.0,0.9819146682240254,0.0180853317759746,0.731272626339894,0.731272626339894,0.0,30,76-200,76-200
KLNC0002,Kalyanpur,Residential,Res-B,middle,795.3408386808318,147.00148496907693,143.09802909384302,3.9034558752339024,2.6553853357706076,1223.6666633490115,1188.8283196625491,34.838343686462395,2.847045255863596,6.248412917230033,64.05366764532454,-22.96691104163211,False,1.0,0.9734461466422939,0.026553853357706103,0.7586383038988945,0.7586383038988945,0.0,30,76-200,76-200
KLNC0003,Kalyanpur,Residential,Res-B,middle,795.3408386808318,147.3833782378852,147.2492037117527,0.13417452613251157,0.09103775998128243,1280.2199707731254,1279.0224631273927,1.197507645732685,0.09353920990699041,0.40252357839752506,2.4059626121791284,-0.8059313880489185,False,1.0,0.9990896224001872,0.0009103775998128283,0.8450251098223547,0.8450251098223547,0.0,1,76-200,76-200
KLNC0004,Kalyanpur,Residential,Res-B,middle,795.3408386808318,218.2714637512353,216.63828192693927,1.633181824296031,0.7482342383323977,1910.5244761430533,1894.9194238119048,15.6050523311485,0.816794159196108,4.899545472888125,31.41546224225646,-10.910864438219836,False,1.0,0.992517657616676,0.007482342383324014,0.9288235027459004,0.9288235027459004,0.0,8,201-300,201-300
KLNC0005,Kalyanpur,Residential,Res-B,middle,795.3408386808318,158.80991321724065,158.80991321724065,0.0,0.0,1320.6911154638726,1320.6911154638726,0.0,0.0,0.0,0.0,0.0,False,1.0,1.0,0.0,1.1944969795852936,1.1944969795852936,0.0,0,76-200,76-200
KLNC0006,Kalyanpur,Residential,Res-C,lower-middle,795.3408386808318,157.04912212149483,157.04912212149483,0.0,0.0,1299.2033649343414,1299.2033649343414,0.0,0.0,0.0,0.0,0.0,False,1.0,1.0,0.0,0.8323639610851843,0.8323639610851843,0.0,0,76-200,76-200
KLNC0007,Kalyanpur,Residential,Res-B,middle,795.3408386808318,308.33323298059753,308.33323298059753,0.0,0.0,2794.7848963370157,2794.7848963370157,0.0,0.0,0.0,0.0,0.0,False,1.0,1.0,0.0,1.5442357928271422,1.5442357928271422,0.0,0,301-400,301-400
KLNC0008,Kalyanpur,Residential,Res-B,middle,795.3408386808318,89.40493815747836,89.40493815747836,0.0,0.0,697.0489830554944,697.0489830554944,0.0,0.0,0.0,0.0,0.0,False,1.0,1.0,0.0,0.6446147172505707,0.6446147172505707,0.0,0,76-200,76-200
KLNC0009,Kalyanpur,Residential,Res-C,lower-middle,795.3408386808318,51.842367924303254,51.842367924303254,0.0,0.0,389.5676754608038,389.5676754608038,0.0,0.0,0.0,0.0,0.0,False,1.0,1.0,0.0,0.47591987924698276,0.47591987924698276,0.0,0,1-75,1-75
KLNC0010,Kalyanpur,Residential,Res-B,middle,795.3408386808318,175.9200852730623,171.52532281559036,4.3947624574719555,2.498158439754293,1505.5835810620813,1466.360326129144,39.22325493293738,2.605186150161666,7.046975053962244,59.727793519780576,-13.457563532880954,False,1.0,0.975018415602457,0.024981584397543055,0.9793652321284972,0.9793652321284972,0.0,30,76-200,76-200
KLNC0011,Kalyanpur,Residential,Res-C,lower-middle,795.3408386808318,93.65850189384331,93.65850189384331,0.0,0.0,702.3956794025515,702.3956794025515,0.0,0.0,0.0,0.0,0.0,False,1.0,1.0,0.0,0.826642099368265,0.826642099368265,0.0,0,76-200,76-200
KLNC0012,Kalyanpur,Residential,Res-B,middle,795.3408386808318,181.54710115999396,181.54710115999396,0.0,0.0,1590.207107852946,1590.207107852946,0.0,0.0,0.0,0.0,0.0,False,1.0,1.0,0.0,1.2165557704070715,1.2165557704070715,0.0,0,76-200,76-200
KLNC0013,Kalyanpur,Residential,Res-B,middle,795.3408386808318,223.19365894402856,219.4597525283935,3.7339064156350616,1.6729446675594994,1954.9012312101927,1919.2237554087997,35.67747580139303,1.8250270260102444,11.20171924690526,77.81297559724399,-30.933780548945705,False,1.0,0.9832705533244049,0.01672944667559506,0.9644685370473545,0.9644685370473545,0.0,16,201-300,201-300
KLNC0014,Kalyanpur,Residential,Res-C,lower-middle,795.3408386808318,72.94498600864941,72.94498600864941,0.0,0.0,537.9685642101259,537.9685642101259,0.0,0.0,0.0,0.0,0.0,False,1.0,1.0,0.0,0.8967806247641592,0.8967806247641592,0.0,0,1-75,1-75
KLNC0015,Kalyanpur,Residential,Res-B,middle,795.3408386808318,287.4463324779864,287.4463324779864,0.0,0.0,2588.02784682716,2588.02784682716,0.0,0.0,0.0,0.0,0.0,False,1.0,1.0,0.0,1.292244833944055,1.292244833944055,0.0,0,201-300,201-300
KLNC0016,Kalyanpur,Residential,Res-A,upper-middle,795.3408386808318,385.015929297915,374.64751674665627,10.368412551258757,2.6929827475361305,3586.5822718382396,3481.850936657975,104.73133518026452,2.9200873489676376,16.663231108437856,226.56862861329535,-105.17406232459297,False,1.0,0.9730701725246386,0.026929827475361434,1.371121771723235,1.371121771723235,0.0,30,301-400,301-400
KLNC0017,Kalyanpur,Residential,Res-A,upper-middle,795.3408386808318,419.6739374129215,377.4078496378935,42.266087775027984,10.071172881398624,4074.4851005963487,3536.210699192362,538.2744014039868,13.210857031363398,68.06514203639352,791.4291499964435,-185.08960655606313,False,1.0,0.8992882711860138,0.10071172881398616,2.221130256296523,1.9174150858358303,13.673901816415874,30,401-600,301-400
KLNC0018,Kalyanpur,Residential,Res-C,lower-middle,795.3408386808318,130.33681937508302,130.33681937508302,0.0,0.0,1063.437652922616,1063.437652922616,0.0,0.0,0.0,0.0,0.0,False,1.0,1.0,0.0,0.6687005540961437,0.6687005540961437,0.0,0,76-200,76-200
KLNC0019,Kalyanpur,Residential,Res-B,middle,795.3408386808318,165.53529670858504,163.61855756924635,1.916739139338688,1.1579035876034296,1442.4595731241216,1425.3526763055238,17.10689681859776,1.1859532937583226,5.41601759792124,30.37679470329415,-7.853880286775148,False,1.0,0.988420964123966,0.011579035876034038,0.7653926901209732,0.7653926901209732,0.0,17,76-200,76-200
KLNC0020,Kalyanpur,Residential,Res-A,upper-middle,795.3408386808318,424.775646102099,413.3768978947819,11.398748207317112,2.683474985422613,4183.066070392131,4003.41609927071,179.649971121421,4.294695998062019,18.342444867453068,259.1481339122282,-61.15571792335413,False,1.0,0.9731652501457739,0.02683474985422607,2.656946317760034,2.656946317760034,0.0,30,401-600,401-600
KLNC0021,Kalyanpur,Residential,Res-C,lower-middle,795.3408386808318,22.517097936160862,22.517097936160862,0.0,0.0,173.1747790713946,173.1747790713946,0.0,0.0,0.0,0.0,0.0,False,1.0,1.0,0.0,0.6075833218783241,0.6075833218783241,0.0,0,lifeline 0-50,lifeline 0-50
KLNC0022,Kalyanpur,Residential,Res-A,upper-middle,795.3408386808318,495.4606379628792,486.87339076579786,8.587247197081354,1.733184543657881,5309.480164613958,5174.140855164356,135.3393094496014,2.5490124316048113,13.76438440139873,144.53687458957833,4.566819261421784,True,1.0,0.9826681545634213,0.01733184543657873,2.697363150072563,2.697363150072563,0.0,30,401-600,401-600
KLNC0023,Kalyanpur,Residential,Res-B,middle,795.3408386808318,144.4710047399311,144.4710047399311,0.0,0.0,1211.6705373038849,1211.6705373038849,0.0,0.0,0.0,0.0,0.0,False,1.0,1.0,0.0,0.7496791921377006,0.7496791921377006,0.0,0,76-200,76-200
KLNC0024,Kalyanpur,Residential,Res-B,middle,795.3408386808318,188.10013921583683,176.64454709759627,11.45559211824056,6.0901561083353375,1658.1832925013439,1555.942132846047,102.241159655297,6.165853926864007,18.433713466245933,253.87133584366322,-133.1964627221203,False,1.0,0.939098438916647,0.060901561083352984,0.9773922177056812,0.9773922177056812,0.0,30,76-200,76-200
KLNC0025,Kalyanpur,Residential,Res-B,middle,795.3408386808318,355.6283736337721,355.6283736337721,0.0,0.0,3254.8687020747325,3254.8687020747325,0.0,0.0,0.0,0.0,0.0,False,1.0,1.0,0.0,1.5088144117309192,1.5088144117309192,0.0,0,301-400,301-400
KLNC0026,Kalyanpur,Residential,Res-B,middle,795.3408386808318,170.3623938407903,170.3623938407903,0.0,0.0,1493.2545050290537,1493.2545050290537,0.0,0.0,0.0,0.0,0.0,False,1.0,1.0,0.0,0.8745521096132798,0.8745521096132798,0.0,0,76-200,76-200
KLNC0027,Kalyanpur,Residential,Res-C,lower-middle,795.3408386808318,36.394329360224944,36.394329360224944,0.0,0.0,270.53799380621655,270.53799380621655,0.0,0.0,0.0,0.0,0.0,False,1.0,1.0,0.0,0.711406709276422,0.711406709276422,0.0,0,lifeline 0-50,lifeline 0-50
KLNC0028,Kalyanpur,Residential,Res-B,middle,795.3408386808318,156.8862443835734,156.8862443835734,0.0,0.0,1336.8178711233925,1336.8178711233925,0.0,0.0,0.0,0.0,0.0,False,1.0,1.0,0.0,0.9944296282796875,0.9944296282796875,0.0,0,76-200,76-200
KLNC0029,Kalyanpur,Residential,Res-C,lower-middle,795.3408386808318,161.4231949992065,161.4231949992065,0.0,0.0,1371.325785367918,1371.325785367918,0.0,0.0,0.0,0.0,0.0,False,1.0,1.0,0.0,1.1978466497649216,1.1978466497649216,0.0,0,76-200,76-200
KLNC0030,Kalyanpur,Residential,Res-B,middle,795.3408386808318,227.950860415352,218.51717274973424,9.433687665617754,4.138474252050867,1993.9706112686883,1903.8317256237108,90.13888564497756,4.520572426472504,28.3010629968533,174.23368352497545,-55.79373488314458,False,1.0,0.9586152574794913,0.04138474252050872,1.0908413259248695,1.032560698931522,5.3427226864488615,16,201-300,201-300
KLNC0031,Kalyanpur,Residential,Res-B,middle,795.3408386808318,187.43414806820167,183.81117440143245,3.6229736667692123,1.9329314877302513,1614.2912715087,1581.9562315327848,32.33503997591515,2.003048678179072,10.868921000307884,58.01345549049885,-14.809494514275812,False,1.0,0.9806706851226971,0.01932931487730294,1.0792978324710538,1.073557460755592,0.5318616921817803,16,76-200,76-200
KLNC0032,Kalyanpur,Residential,Res-C,lower-middle,795.3408386808318,66.98183477311001,66.98183477311001,0.0,0.0,520.4460858427108,520.4460858427108,0.0,0.0,0.0,0.0,0.0,False,1.0,1.0,0.0,0.9807076862057156,0.9807076862057156,0.0,0,1-75,1-75
KLNC0033,Kalyanpur,Residential,Res-B,middle,795.3408386808318,204.34555372549886,204.34555372549886,0.0,0.0,1807.2254958471417,1807.2254958471417,0.0,0.0,0.0,0.0,0.0,False,1.0,1.0,0.0,0.9667662754066545,0.9667662754066545,0.0,0,201-300,201-300
KLNC0034,Kalyanpur,Residential,Res-B,middle,795.3408386808318,176.85747166513067,176.85747166513067,0.0,0.0,1523.6429346112911,1523.6429346112911,0.0,0.0,0.0,0.0,0.0,False,1.0,1.0,0.0,1.1256523430040584,1.1256523430040584,0.0,0,76-200,76-200
KLNC0035,Kalyanpur,Residential,Res-B,middle,795.3408386808318,260.3715433999295,260.3715433999295,0.0,0.0,2301.5275971863266,2301.5275971863266,0.0,0.0,0.0,0.0,0.0,False,1.0,1.0,0.0,1.4370197138387333,1.4370197138387333,0.0,0,201-300,201-300
KLNC0036,Kalyanpur,Residential,Res-C,lower-middle,795.3408386808318,48.68053031797447,48.68053031797447,0.0,0.0,311.42981235620545,311.42981235620545,0.0,0.0,0.0,0.0,0.0,False,1.0,1.0,0.0,0.4806327419918769,0.4806327419918769,0.0,0,lifeline 0-50,lifeline 0-50
KLNC0037,Kalyanpur,Residential,Res-A,upper-middle,795.3408386808318,498.969369837785,479.73196370195285,19.237406135832146,3.8554282684899532,5368.267843328411,5065.076703924628,303.1911394037825,5.647839270549496,30.93955443379079,360.8149786686076,-26.68428483103429,False,1.0,0.9614457173151006,0.038554282684899355,2.7878931728785177,2.7878931728785177,0.0,30,401-600,401-600
KLNC0038,Kalyanpur,Residential,Res-B,middle,795.3408386808318,146.48680932215314,146.48680932215314,0.0,0.0,1179.5992732002167,1179.5992732002167,0.0,0.0,0.0,0.0,0.0,False,1.0,1.0,0.0,0.9203493343369314,0.9203493343369314,0.0,0,76-200,76-200
KLNC0039,Kalyanpur,Residential,Res-A,upper-middle,795.3408386808318,345.65121415007525,329.35466180905803,16.296552341017218,4.714738925795169,3214.54610412991,3049.9346289332952,164.61147519661472,5.120831055592234,26.21590592008902,291.3257114449661,-100.49833032826234,False,1.0,0.9528526107420482,0.04714738925795181,1.4740896395716563,1.4740896395716563,0.0,30,301-400,301-400
KLNC0040,Kalyanpur,Residential,Res-A,upper-middle,795.3408386808318,329.7420277218724,312.995507197992,16.74652052388035,5.078673361590881,3015.489232018633,2846.3326282069174,169.15660381171574,5.609590709713087,26.958807459057905,379.9694384183771,-183.85402714760343,False,1.0,0.9492132663840915,0.050786733615908464,1.3540848644358545,1.2913367871092964,4.633984100597749,30,301-400,301-400
KLNC0041,Kalyanpur,Residential,Res-A,upper-middle,795.3408386808318,598.0766632169616,591.0423960663569,7.034267150604705,1.17614807318655,6961.8107106309235,6850.947143203818,110.86356742710541,1.5924530561828252,11.263642028660838,136.48861450201187,-14.361405046245622,False,1.0,0.9882385192681349,0.011761480731865115,3.492687034073403,3.492687034073403,0.0,30,401-600,401-600
KLNC0042,Kalyanpur,Residential,Res-B,middle,795.3408386808318,141.7471169549564,140.9224590390231,0.824657915933301,0.5817810856748191,1167.0782488229859,1159.7181769232814,7.360071899704508,0.630640825251198,2.473973747799869,14.879110323879663,-5.045064676375286,False,1.0,0.9941821891432518,0.005817810856748151,0.72990797741203,0.72990797741203,0.0,7,76-200,76-200
KLNC0043,Kalyanpur,Residential,Res-C,lower-middle,795.3408386808318,135.69884112477337,135.69884112477337,0.0,0.0,1134.9401170386025,1134.9401170386025,0.0,0.0,0.0,0.0,0.0,False,1.0,1.0,0.0,0.8173517821899122,0.8173517821899122,0.0,0,76-200,76-200
KLNC0044,Kalyanpur,Residential,Res-B,middle,795.3408386808318,166.20379424258113,166.20379424258113,0.0,0.0,1450.1722736150366,1450.1722736150366,0.0,0.0,0.0,0.0,0.0,False,1.0,1.0,0.0,1.2383183150434895,1.2383183150434895,0.0,0,76-200,76-200
KLNC0045,Kalyanpur,Residential,Res-A,upper-middle,795.3408386808318,658.176394340554,627.2410714009698,30.93532293958424,4.700156858493723,8053.058833899043,7489.494588247167,563.5642456518763,6.998138934234208,49.72911989732248,632.9790170870951,-19.685651537896433,False,1.0,0.9529984314150627,0.047001568584937314,3.6849676186991096,3.571788426441754,3.07137549005955,30,601-above,601-above
KLNC0046,Kalyanpur,Residential,Res-A,upper-middle,795.3408386808318,459.1114672711171,438.5987455843397,20.512721686777354,4.467917520923969,4706.07303992644,4382.782289781986,323.29075014445425,6.869650075586322,33.01377351245621,463.45344367532476,-107.14892001841429,False,1.0,0.9553208247907604,0.044679175209239586,2.774207545376214,2.774207545376214,0.0,30,401-600,401-600
KLNC0047,Kalyanpur,Residential,Res-B,middle,795.3408386808318,164.70095864241253,162.62748815296672,2.0734704894458105,1.2589304315754397,1418.6784658835318,1400.1727417652278,18.505724118303988,1.3044339900358535,5.858214349332041,40.76999216004418,-16.406053692408154,False,1.0,0.9874106956842457,0.012589304315754335,1.061607418336221,1.061607418336221,0.0,17,76-200,76-200
KLNC0048,Kalyanpur,Residential,Res-C,lower-middle,795.3408386808318,68.1916226169997,68.1916226169997,0.0,0.0,483.702479161711,483.702479161711,0.0,0.0,0.0,0.0,0.0,False,1.0,1.0,0.0,0.8199769728802699,0.8199769728802699,0.0,0,1-75,1-75
KLNC0049,Kalyanpur,Residential,Res-B,middle,795.3408386808318,169.96485503783546,169.96485503783546,0.0,0.0,1414.2998812126816,1414.2998812126816,0.0,0.0,0.0,0.0,0.0,False,1.0,1.0,0.0,1.3776786158131993,1.3776786158131993,0.0,0,76-200,76-200
KLNC0050,Kalyanpur,Residential,Res-B,middle,795.3408386808318,246.4585453122403,246.4585453122403,0.0,0.0,2208.300950458456,2208.300950458456,0.0,0.0,0.0,0.0,0.0,False,1.0,1.0,0.0,1.5602608129079683,1.5602608129079683,0.0,0,201-300,201-300
KLNC0051,Kalyanpur,Residential,Res-C,lower-middle,795.3408386808318,56.9024194746274,56.9024194746274,0.0,0.0,391.2897999708572,391.2897999708572,0.0,0.0,0.0,0.0,0.0,False,1.0,1.0,0.0,0.1450698591344856,0.1450698591344856,0.0,0,1-75,1-75
KLNC0052,Kalyanpur,Residential,Res-B,middle,795.3408386808318,291.8923258904663,291.8923258904663,0.0,0.0,2613.076583883405,2613.076583883405,0.0,0.0,0.0,0.0,0.0,False,1.0,1.0,0.0,1.413590558674043,1.413590558674043,0.0,0,201-300,201-300
KLNC0053,Kalyanpur,Residential,Res-B,middle,795.3408386808318,100.05906586808285,98.71180696802182,1.3472589000610355,1.346463599647484,772.5258028726395,760.5015171895948,12.024285683044695,1.5564898464662738,4.04177670018311,24.672436973836216,-8.60637459060841,False,1.0,0.9865353640035252,0.01346463599647485,0.6511913614769822,0.6511913614769822,0.0,16,76-200,76-200
KLNC0054,Kalyanpur,Residential,Res-B,middle,795.3408386808318,117.33288865854216,117.33288865854216,0.0,0.0,955.9594312774888,955.9594312774888,0.0,0.0,0.0,0.0,0.0,False,1.0,1.0,0.0,0.5655686038189451,0.5655686038189451,0.0,0,76-200,76-200
KLNC0055,Kalyanpur,Residential,Res-C,lower-middle,795.3408386808318,62.067836496534554,62.067836496534554,0.0,0.0,424.80819102601265,424.80819102601265,0.0,0.0,0.0,0.0,0.0,False,1.0,1.0,0.0,0.20778989701093842,0.20778989701093842,0.0,0,1-75,1-75
KLNC0056,Kalyanpur,Residential,Res-B,middle,795.3408386808318,248.091419371688,235.72480949207477,12.366609879613236,4.984698749732133,2250.1205120964787,2131.9575546967744,118.16295739970428,5.251405725358669,21.296902564339035,184.8451813589855,-45.385321394942196,False,1.0,0.9501530125026789,0.04984698749732108,1.0493393671237194,0.9768269483478758,6.910292422803415,28,201-300,201-300
KLNC0057,Kalyanpur,Residential,Res-A,upper-middle,795.3408386808318,478.3834035357462,463.37595362934564,15.007449906400552,3.1371175913461955,5034.566131425128,4798.041217175301,236.5249142498269,4.6980198109518945,24.130230881191096,323.41736635398746,-62.76222122296946,False,1.0,0.968628824086538,0.031371175913461946,2.342908225519633,2.342908225519633,0.0,30,401-600,401-600
KLNC0058,Kalyanpur,Residential,Res-B,middle,795.3408386808318,122.53195424383613,122.53195424383613,0.0,0.0,1003.9663316262374,1003.9663316262374,0.0,0.0,0.0,0.0,0.0,False,1.0,1.0,0.0,0.7304969696021475,0.7304969696021475,0.0,0,76-200,76-200
KLNC0059,Kalyanpur,Residential,Res-C,lower-middle,795.3408386808318,44.51326483978089,44.51326483978089,0.0,0.0,330.66386739501604,330.66386739501604,0.0,0.0,0.0,0.0,0.0,False,1.0,1.0,0.0,0.6609921886138814,0.6609921886138814,0.0,0,lifeline 0-50,lifeline 0-50
KLNC0060,Kalyanpur,Residential,Res-A,upper-middle,795.3408386808318,532.125372160583,495.00838652853224,37.11698563205073,6.975233201406095,5898.364117936869,5313.381865882933,584.9822520539356,9.917703287849085,59.77130717349033,626.3026407991732,18.450918428252635,True,1.0,0.930247667985939,0.06975233201406095,3.7955565957208104,3.403072562288826,10.34061865589039,30,401-600,401-600
KLNC0061,Kalyanpur,Residential,Res-B,middle,795.3408386808318,159.3033630779462,156.92284780025096,2.380515277695224,1.494328325341413,1327.30015547067,1306.05405661724,21.246098853430112,1.6007003966556528,7.141545833085716,42.23983266718454,-13.85218798066871,False,1.0,0.9850567167465858,0.014943283253414208,0.7801242614535695,0.7801242614535695,0.0,16,76-200,76-200
KLNC0062,Kalyanpur,Residential,Res-B,middle,795.3408386808318,106.55774402797542,104.99599187228779,1.5617521556876284,1.465639283126724,815.3164154496806,801.3777774601684,13.93863798951213,1.7095985957579916,4.685256467062879,26.689424967673794,-8.065530511098785,False,1.0,0.9853436071687328,0.014656392831267184,0.6722181515910011,0.6677233743509351,0.6686485971001774,16,76-200,76-200
KLNC0063,Kalyanpur,Residential,Res-B,middle,795.3408386808318,146.87734780981253,146.87734780981253,0.0,0.0,1211.992379202577,1211.992379202577,0.0,0.0,0.0,0.0,0.0,False,1.0,1.0,0.0,0.8708194081643736,0.8708194081643736,0.0,0,76-200,76-200
KLNC0064,Kalyanpur,Residential,Res-B,middle,795.3408386808318,259.2598630770466,250.56106830835608,8.698794768690504,3.355241596384476,2290.2484017011802,2207.1314176863425,83.11698401483773,3.6291689562188547,18.254733162409693,183.2775328710099,-81.90581569376248,False,1.0,0.9664475840361553,0.03355241596384473,1.3648399851177115,1.3648399851177115,0.0,23,201-300,201-300
KLNC0065,Kalyanpur,Residential,Res-C,lower-middle,795.3408386808318,56.91191895531039,56.91191895531039,0.0,0.0,412.05639210100907,412.05639210100907,0.0,0.0,0.0,0.0,0.0,False,1.0,1.0,0.0,0.5243897986799955,0.5243897986799955,0.0,0,1-75,1-75
KLNC0066,Kalyanpur,Residential,Res-C,lower-middle,795.3408386808318,86.01575118502579,86.01575118502579,0.0,0.0,631.5381293263553,631.5381293263553,0.0,0.0,0.0,0.0,0.0,False,1.0,1.0,0.0,0.4673745531858705,0.4673745531858705,0.0,0,76-200,76-200
KLNC0067,Kalyanpur,Residential,Res-A,upper-middle,795.3408386808318,509.7281002287867,490.3194324375068,19.408667791279868,3.807651134510432,5531.445133655792,5225.554824931326,305.8903087244662,5.5300251802787015,31.237981155788248,355.04287373557565,-17.91458385532121,False,1.0,0.9619234886548959,0.03807651134510415,2.876931892666885,2.7247745078113335,5.288876849792349,30,401-600,401-600
KLNC0068,Kalyanpur,Residential,Res-A,upper-middle,795.3408386808318,370.1210071402325,352.6944964227418,17.426510717490714,4.708327920141023,3440.507793123489,3264.4826083661146,176.02518475737452,5.116255952368264,28.053864959295524,344.631392334324,-140.55234261765395,False,1.0,0.9529167207985897,0.04708327920141031,1.571624042452283,1.571624042452283,0.0,30,301-400,301-400
KLNC0069,Kalyanpur,Residential,Res-B,middle,795.3408386808318,129.5481947878661,129.5481947878661,0.0,0.0,1094.3736884817051,1094.3736884817051,0.0,0.0,0.0,0.0,0.0,False,1.0,1.0,0.0,0.7410736664167299,0.7410736664167299,0.0,0,76-200,76-200
KLNC0070,Kalyanpur,Residential,Res-C,lower-middle,795.3408386808318,107.0000529816875,107.0000529816875,0.0,0.0,818.3908428615609,818.3908428615609,0.0,0.0,0.0,0.0,0.0,False,1.0,1.0,0.0,0.5536109480430035,0.5536109480430035,0.0,0,76-200,76-200
KLNC0071,Kalyanpur,Residential,Res-B,middle,795.3408386808318,156.97964987528658,153.95196118211783,3.0276886931687557,1.928714133057451,1271.880775136933,1244.8586535504016,27.022121586531284,2.124579765239555,9.083066079506269,59.0436348297914,-22.93844716375385,False,1.0,0.9807128586694255,0.01928714133057452,0.9708313693658621,0.9708313693658621,0.0,16,76-200,76-200
KLNC0072,Kalyanpur,Residential,Res-C,lower-middle,795.3408386808318,104.08105337322073,104.08105337322073,0.0,0.0,820.5142613559949,820.5142613559949,0.0,0.0,0.0,0.0,0.0,False,1.0,1.0,0.0,0.989028994738717,0.989028994738717,0.0,0,76-200,76-200
KLNC0073,Kalyanpur,Residential,Res-A,upper-middle,795.3408386808318,309.8017707540454,296.54866646927087,13.253104284774508,4.277930449692708,2824.859556386612,2692.874378113883,131.98517827272917,4.672273988783943,21.300378134558827,265.7847256825764,-112.49916927528838,False,1.0,0.9572206955030733,0.042779304496926684,1.1330312963874056,1.1330312963874056,0.0,30,301-400,201-300
KLNC0074,Kalyanpur,Residential,Res-B,middle,795.3408386808318,157.12556164467628,157.12556164467628,0.0,0.0,1310.9326376787358,1310.9326376787358,0.0,0.0,0.0,0.0,0.0,False,1.0,1.0,0.0,0.8964613445292966,0.8964613445292966,0.0,0,76-200,76-200
KLNC0075,Kalyanpur,Residential,Res-C,lower-middle,795.3408386808318,90.88608311495511,90.88608311495511,0.0,0.0,673.8989318009743,673.8989318009743,0.0,0.0,0.0,0.0,0.0,False,1.0,1.0,0.0,0.6111085018213945,0.6111085018213945,0.0,0,76-200,76-200
KLNC0076,Kalyanpur,Residential,Res-C,lower-middle,795.3408386808318,69.40192340074715,69.40192340074715,0.0,0.0,497.1215409474483,497.1215409474483,0.0,0.0,0.0,0.0,0.0,False,1.0,1.0,0.0,0.7950971949909543,0.7950971949909543,0.0,0,1-75,1-75
KLNC0077,Kalyanpur,Residential,Res-A,upper-middle,795.3408386808318,293.198153336343,282.41472536402404,10.783427972318975,3.6778635368650288,2683.095445128758,2580.05979085325,103.03565427550802,3.840178494677571,17.351308231684985,191.78576517994495,-71.39880267275194,False,1.0,0.9632213646313496,0.03677863536865045,1.7830436724537357,1.7830436724537357,0.0,30,201-300,201-300
KLNC0078,Kalyanpur,Residential,Res-B,middle,795.3408386808318,209.93787945307758,208.06243082701545,1.8754486260621377,0.8933350336528059,1883.1423481741563,1865.2224365521326,17.91991162202362,0.9515962316602502,5.299101847532716,32.05883964830576,-8.83982617874942,False,1.0,0.9910666496634721,0.008933350336527868,1.1065261336253138,1.1065261336253138,0.0,17,201-300,201-300
KLNC0079,Kalyanpur,Residential,Res-C,lower-middle,795.3408386808318,33.95274067293845,33.95274067293845,0.0,0.0,237.49086939903418,237.49086939903418,0.0,0.0,0.0,0.0,0.0,False,1.0,1.0,0.0,0.6505080651817063,0.6505080651817063,0.0,0,lifeline 0-50,lifeline 0-50
KLNC0080,Kalyanpur,Residential,Res-B,middle,795.3408386808318,127.55037680438078,122.90563012924731,4.644746675133462,3.6414997677795458,1105.4286629790986,1063.9742989035324,41.45436407556622,3.7500713943718353,7.448035709540148,87.20938571699466,-38.30698593188829,False,1.0,0.9635850023222045,0.036414997677795546,1.0478588381096026,1.0478588381096026,0.0,30,76-200,76-200
KLNC0081,Kalyanpur,Residential,Res-C,lower-middle,795.3408386808318,71.81672245748855,71.81672245748855,0.0,0.0,488.0687120266432,488.0687120266432,0.0,0.0,0.0,0.0,0.0,False,1.0,1.0,0.0,0.22753250696814903,0.22753250696814903,0.0,0,1-75,1-75
KLNC0082,Kalyanpur,Residential,Res-B,middle,795.3408386808318,255.85479395630884,248.20876163255102,7.646032323757822,2.9884264451435296,2322.989786252531,2249.9319473990254,73.05783885350547,3.1449918241510253,22.93809697127334,158.35215945842594,-62.35622363364713,False,1.0,0.9701157355485649,0.029884264451435105,1.6293156031163902,1.5600242695817763,4.252787698226204,16,201-300,201-300
KLNC0083,Kalyanpur,Residential,Res-C,lower-middle,795.3408386808318,197.9023016960585,197.9023016960585,0.0,0.0,1688.297902637322,1688.297902637322,0.0,0.0,0.0,0.0,0.0,False,1.0,1.0,0.0,1.0285994642716565,1.0285994642716565,0.0,0,76-200,76-200
KLNC0084,Kalyanpur,Residential,Res-B,middle,795.3408386808318,180.22977134870482,175.88836807366388,4.341403275040932,2.408815836891495,1545.8115292871903,1507.06450505745,38.74702422974019,2.506581397255288,12.267111750684379,76.28111269712241,-25.26697671669784,False,1.0,0.975911841631085,0.02408815836891498,0.9330096697057129,0.9330096697057129,0.0,17,76-200,76-200
KLNC0085,Kalyanpur,Residential,Res-B,middle,795.3408386808318,147.48875347718513,147.48875347718513,0.0,0.0,1201.5511247838774,1201.5511247838774,0.0,0.0,0.0,0.0,0.0,False,1.0,1.0,0.0,0.7502651532373616,0.7502651532373616,0.0,0,76-200,76-200
KLNC0086,Kalyanpur,Residential,Res-C,lower-middle,795.3408386808318,104.95100946438811,104.95100946438811,0.0,0.0,776.0377594696639,776.0377594696639,0.0,0.0,0.0,0.0,0.0,False,1.0,1.0,0.0,0.2866190594630768,0.2866190594630768,0.0,0,76-200,76-200
KLNC0087,Kalyanpur,Residential,Res-B,middle,795.3408386808318,118.33601896053413,118.33601896053413,0.0,0.0,982.3891992227672,982.3891992227672,0.0,0.0,0.0,0.0,0.0,False,1.0,1.0,0.0,1.207265780833106,1.207265780833106,0.0,0,76-200,76-200
KLNC0088,Kalyanpur,Residential,Res-B,middle,795.3408386808318,173.14755996584915,171.86251861174105,1.2850413541081025,0.7421654422167764,1512.8201126952035,1501.3511186097887,11.468994085414806,0.7581201485338481,3.855124062324301,24.401994846793436,-9.077876699054329,False,1.0,0.9925783455778322,0.0074216544221678005,1.338186608511464,1.338186608511464,0.0,9,76-200,76-200
KLNC0089,Kalyanpur,Residential,Res-B,middle,795.3408386808318,176.57231648242512,176.57231648242512,0.0,0.0,1516.2469246056444,1516.2469246056444,0.0,0.0,0.0,0.0,0.0,False,1.0,1.0,0.0,1.3084542484737454,1.3084542484737454,0.0,0,76-200,76-200
KLNC0090,Kalyanpur,Residential,Res-C,lower-middle,795.3408386808318,79.6618754260604,79.6618754260604,0.0,0.0,604.1165981775891,604.1165981775891,0.0,0.0,0.0,0.0,0.0,False,1.0,1.0,0.0,0.7236456095202486,0.7236456095202486,0.0,0,76-200,76-200
KLNC0091,Kalyanpur,Residential,Res-B,middle,795.3408386808318,166.6468928643913,166.6468928643913,0.0,0.0,1458.1091588146924,1458.1091588146924,0.0,0.0,0.0,0.0,0.0,False,1.0,1.0,0.0,0.8661963194215462,0.8661963194215462,0.0,0,76-200,76-200
KLNC0092,Kalyanpur,Residential,Res-A,upper-middle,795.3408386808318,182.13084768136008,176.02454844228566,6.106299239074417,3.3526990714705587,1537.2447355561387,1482.7460148473995,54.498720708739256,3.5452208388290827,9.788055299712,141.78642221325578,-77.49964620480452,False,1.0,0.9664730092852947,0.03352699071470533,0.8570080673151557,0.8570080673151557,0.0,30,76-200,76-200
KLNC0093,Kalyanpur,Residential,Res-A,upper-middle,795.3408386808318,684.3590547071639,664.3920333098823,19.967021397281542,2.9176236158408684,8528.026079127758,8164.276866822782,363.749212304976,4.2653388829948335,32.163386468749955,462.357922549872,-66.44532377614604,False,1.0,0.9708237638415914,0.029176236158408586,4.2313617703737965,4.148691019556073,1.9537622946009814,30,601-above,601-above
KLNC0094,Kalyanpur,Residential,Res-C,lower-middle,795.3408386808318,53.71795059082613,53.71795059082613,0.0,0.0,419.6032413838707,419.6032413838707,0.0,0.0,0.0,0.0,0.0,False,1.0,1.0,0.0,0.7109715025896866,0.7109715025896866,0.0,0,1-75,1-75
KLNC0095,Kalyanpur,Residential,Res-B,middle,795.3408386808318,135.3794079661305,133.13372044328622,2.245687522844264,1.658810270027252,1151.2109360977145,1131.1681749563295,20.042761141384972,1.7410155266005698,6.737062568532761,45.402075829323024,-18.622252119405292,False,1.0,0.9834118972997276,0.016588102700272445,0.8359392207150389,0.8359392207150389,0.0,16,76-200,76-200
KLNC0096,Kalyanpur,Residential,Res-C,lower-middle,795.3408386808318,185.95607257996576,185.95607257996576,0.0,0.0,1529.8647177761948,1529.8647177761948,0.0,0.0,0.0,0.0,0.0,False,1.0,1.0,0.0,0.628124282400951,0.628124282400951,0.0,0,76-200,76-200
KLNC0097,Kalyanpur,Residential,Res-C,lower-middle,795.3408386808318,71.67768496120168,71.67768496120168,0.0,0.0,508.3653677132377,508.3653677132377,0.0,0.0,0.0,0.0,0.0,False,1.0,1.0,0.0,0.684970291855563,0.684970291855563,0.0,0,1-75,1-75
KLNC0098,Kalyanpur,Residential,Res-B,middle,795.3408386808318,224.7949670043892,218.1541475929693,6.640819411419898,2.9541673018374266,1938.670229726939,1875.2172002508216,63.45302947611731,3.273018200988966,10.679740873380759,110.71584942422271,-36.58307907472465,False,1.0,0.9704583269816258,0.02954167301837418,1.1006923729387919,1.1006923729387919,0.0,30,201-300,201-300
KLNC0099,Kalyanpur,Residential,Res-C,lower-middle,795.3408386808318,126.93117886148636,126.93117886148636,0.0,0.0,1000.2407313387657,1000.2407313387657,0.0,0.0,0.0,0.0,0.0,False,1.0,1.0,0.0,0.5786406206266226,0.5786406206266226,0.0,0,76-200,76-200
KLNC0100,Kalyanpur,Residential,Res-B,middle,795.3408386808318,130.85338790198807,128.75547633108707,2.0979115709010046,1.6032535378238615,1079.9814870252435,1061.2576262549521,18.723860770291367,1.7337205308829258,6.293734712703048,41.34544987032245,-16.32785438732803,False,1.0,0.9839674646217613,0.016032535378238677,0.5615403415495286,0.5575794367358999,0.7053642491114407,16,76-200,76-200
KLNC0101,Kalyanpur,Residential,Res-B,middle,795.3408386808318,200.2673106832954,196.20842954537127,4.058881137924118,2.0267317337390476,1723.2802935788875,1686.8863736924388,36.39391988644866,2.1118978741912153,12.176643413772464,77.15272010473763,-28.5821568045165,False,1.0,0.9797326826626094,0.020267317337390622,0.9792198351706598,0.9792198351706598,0.0,16,201-300,76-200
KLNC0102,Kalyanpur,Residential,Res-C,lower-middle,795.3408386808318,56.64369023509139,56.64369023509139,0.0,0.0,431.3118659355081,431.3118659355081,0.0,0.0,0.0,0.0,0.0,False,1.0,1.0,0.0,0.6805432047322644,0.6805432047322644,0.0,0,1-75,1-75
KLNC0103,Kalyanpur,Residential,Res-C,lower-middle,795.3408386808318,39.31688544915642,39.31688544915642,0.0,0.0,241.67412211898778,241.67412211898778,0.0,0.0,0.0,0.0,0.0,False,1.0,1.0,0.0,0.2185236401510102,0.2185236401510102,0.0,0,lifeline 0-50,lifeline 0-50
KLNC0104,Kalyanpur,Residential,Res-A,upper-middle,795.3408386808318,369.0878597385064,356.5344632483178,12.553396490188561,3.401194636713998,3431.443481218653,3304.641623271258,126.80185794739464,3.695292043754189,20.191971674540408,263.9783269614459,-116.98449733951082,False,1.0,0.9659880536328599,0.03401194636714011,2.083388247162442,2.083388247162442,0.0,30,301-400,301-400
KLNC0105,Kalyanpur,Residential,Res-A,upper-middle,795.3408386808318,388.3165390245575,370.8362661227101,17.480272901847457,4.501552508105246,3716.7256406870556,3540.1574041054946,176.568236581561,4.7506395050704215,28.128522136251316,349.3714055201365,-144.67464680232416,False,1.0,0.9549844749189476,0.04501552508105244,2.715774372824883,2.715774372824883,0.0,30,301-400,301-400
KLNC0106,Kalyanpur,Residential,Res-A,upper-middle,795.3408386808318,383.43296609439636,363.42179244417514,20.011173650221224,5.218949704312781,3601.021760519498,3398.888895478613,202.132865040885,5.613208652527678,32.18897901071651,371.49279796350623,-137.17095391190472,False,1.0,0.9478105029568722,0.05218949704312781,1.800867994276511,1.800867994276511,0.0,30,301-400,301-400
KLNC0107,Kalyanpur,Residential,Res-A,upper-middle,795.3408386808318,268.9617092473896,252.57104582193446,16.39066342545513,6.094050886023736,2429.4133018588072,2272.8005128285836,156.61278903022367,6.446527188700052,26.355617491876586,297.1889968779983,-114.22059035589805,False,1.0,0.9390594911397628,0.060940508860237164,1.4891579901240966,1.4891579901240966,0.0,30,201-300,201-300
KLNC0108,Kalyanpur,Residential,Res-C,lower-middle,795.3408386808318,121.12898502449505,121.12898502449505,0.0,0.0,981.0945613436184,981.0945613436184,0.0,0.0,0.0,0.0,0.0,False,1.0,1.0,0.0,0.730079112476925,0.730079112476925,0.0,0,76-200,76-200
KLNC0109,Kalyanpur,Residential,Res-B,middle,795.3408386808318,152.90311128409724,152.90311128409724,0.0,0.0,1204.0102682105678,1204.0102682105678,0.0,0.0,0.0,0.0,0.0,False,1.0,1.0,0.0,0.42067549437703583,0.42067549437703583,0.0,0,76-200,76-200
KLNC0110,Kalyanpur,Residential,Res-C,lower-middle,795.3408386808318,76.63241938392619,76.63241938392619,0.0,0.0,556.3958030015413,556.3958030015413,0.0,0.0,0.0,0.0,0.0,False,1.0,1.0,0.0,0.5589823306542387,0.5589823306542387,0.0,0,76-200,76-200
KLNC0111,Kalyanpur,Residential,Res-B,middle,795.3408386808318,176.90212332043112,173.86576101998367,3.0363623004474505,1.7164080585666825,1581.1641806348478,1554.0646471033542,27.099533531493535,1.713897510669189,4.868986734848959,62.57190270959371,-30.603382443251213,False,1.0,0.9828359194143335,0.01716408058566654,1.076870370382255,1.076870370382255,0.0,30,76-200,76-200
KLNC0112,Kalyanpur,Residential,Res-A,upper-middle,795.3408386808318,280.6573517094078,270.4096585533117,10.24769315609609,3.651318268942599,2504.606265583391,2406.6895574768932,97.91670810649794,3.90946511042487,16.43936055979316,194.95251378264058,-80.59644511634949,False,1.0,0.9634868173105741,0.03651318268942594,1.37451331701214,1.37451331701214,0.0,30,201-300,201-300
KLNC0113,Kalyanpur,Residential,Res-B,middle,795.3408386808318,233.42308058676517,233.42308058676517,0.0,0.0,2052.6433550065412,2052.6433550065412,0.0,0.0,0.0,0.0,0.0,False,1.0,1.0,0.0,1.3815974507303448,1.3815974507303448,0.0,0,201-300,201-300
KLNC0114,Kalyanpur,Residential,Res-A,upper-middle,795.3408386808318,458.5673313685224,445.3835965768523,13.183734791670076,2.8749834298761066,4722.285796033598,4514.503543849481,207.78225218411717,4.40003551582245,21.20507260400397,313.6072191904356,-84.61989440231449,False,1.0,0.9712501657012391,0.02874983429876088,1.9675599416914458,1.9675599416914458,0.0,30,401-600,401-600
KLNC0115,Kalyanpur,Residential,Res-B,middle,795.3408386808318,116.70513749056212,115.06709584674552,1.6380416438166066,1.4035728666607106,972.865392103267,958.2458704322038,14.61952167106324,1.5027281050112036,4.91412493144989,32.787972503999875,-13.254325901486744,False,1.0,0.9859642713333927,0.014035728666607294,0.7385323282191857,0.7385323282191857,0.0,16,76-200,76-200
KLNC0116,Kalyanpur,Residential,Res-A,upper-middle,795.3408386808318,761.7124321357949,694.2440089528188,67.46842318297604,8.85746645801733,9939.689652433844,8710.583653097976,1229.1059993358685,12.365637583411955,108.63541546121374,1507.9842415270682,-170.24282672998584,False,1.0,0.9114253354198273,0.08857466458017271,4.856851334527162,3.6201112326936182,25.463824536724193,30,601-above,601-above
KLNC0117,Kalyanpur,Residential,Res-C,lower-middle,795.3408386808318,88.04404501993272,88.04404501993272,0.0,0.0,645.8524618028996,645.8524618028996,0.0,0.0,0.0,0.0,0.0,False,1.0,1.0,0.0,0.56457132164401,0.56457132164401,0.0,0,76-200,76-200
KLNC0118,Kalyanpur,Residential,Res-A,upper-middle,795.3408386808318,517.1171661504761,498.51728469925257,18.599881451223553,3.5968408455060192,5644.862017114579,5351.718585502571,293.1434316120085,5.193101810517794,29.895124746368978,404.9941067570469,-81.9555503986694,False,1.0,0.96403159154494,0.03596840845506,2.2667289180690076,2.2667289180690076,0.0,30,401-600,401-600
KLNC0119,Kalyanpur,Residential,Res-B,middle,795.3408386808318,185.07200279529576,184.919545183137,0.15245761215876996,0.08237745842487051,1586.1751749480145,1584.8144907594976,1.3606841885168706,0.08578397960121055,0.45737283647630234,3.0852413191245924,-1.2671842941314195,False,1.0,0.9991762254157514,0.0008237745842486488,1.153528887559556,1.153528887559556,0.0,1,76-200,76-200
KLNC0120,Kalyanpur,Residential,Res-A,upper-middle,795.3408386808318,492.56205176403125,456.81577523296767,35.746276531063586,7.25721285329312,5226.929396827014,4663.550205559187,563.3791912678271,10.778396808072904,57.58220830018148,604.8146096093336,16.146789958674958,True,1.0,0.927427871467069,0.07257212853293105,2.90402016277686,2.90402016277686,0.0,30,401-600,401-600
KLNC0121,Kalyanpur,Residential,Res-B,middle,795.3408386808318,174.1314928774703,172.477405124069,1.654087753401285,0.9499072948080699,1489.8497139314222,1475.0869807323159,14.762733199106378,0.9908874070358688,4.962263260203965,31.43512832948717,-11.710131870176827,False,1.0,0.9905009270519191,0.009499072948080944,0.9091027803756232,0.9091027803756232,0.0,16,76-200,76-200
KLNC0122,Kalyanpur,Residential,Res-B,middle,795.3408386808318,269.48049306214847,264.0569127339496,5.423580328198852,2.0126059094555866,2450.3256612088285,2398.5033511728884,51.82231003594006,2.1149152072453243,16.27074098459681,111.8945559772269,-43.801504956690025,False,1.0,0.9798739409054438,0.020126059094556226,2.193014582195235,2.193014582195235,0.0,10,201-300,201-300
KLNC0123,Kalyanpur,Residential,Res-B,middle,795.3408386808318,147.8444801990225,147.8444801990225,0.0,0.0,1289.4112157762756,1289.4112157762756,0.0,0.0,0.0,0.0,0.0,False,1.0,1.0,0.0,0.7472921096486982,0.7472921096486982,0.0,0,76-200,76-200
KLNC0124,Kalyanpur,Residential,Res-A,upper-middle,795.3408386808318,279.2376449235308,262.4983212106918,16.739323712838996,5.99465151535104,2524.609887244337,2364.66564916816,159.94423807617704,6.3354040909171685,26.906136293935226,347.8301014760309,-160.97972710591864,False,1.0,0.94005348484649,0.059946515153510016,1.1773828380022413,1.1498936605277281,2.3347696762045764,30,201-300,201-300
KLNC0125,Kalyanpur,Residential,Res-A,upper-middle,795.3408386808318,577.5812948622486,570.2405683575055,7.340726504743088,1.2709425616862868,6640.804417676469,6525.110897598464,115.69352007800444,1.7421612323057107,11.77506885119958,136.56536241136186,-9.096773482157843,False,1.0,0.9872905743831372,0.012709425616862835,3.32979102266436,3.32979102266436,0.0,30,401-600,401-600
KLNC0126,Kalyanpur,Residential,Res-B,middle,795.3408386808318,171.68550727129715,165.80528305483236,5.880224216464796,3.4249974327610984,1477.0509723963273,1424.569971264379,52.48100113194823,3.5530934350088463,16.613898373145403,128.05844584371678,-58.963546338623146,False,1.0,0.9657500256723892,0.03424997432761079,1.1624939891493788,1.1567486184552374,0.4942279915223907,17,76-200,76-200
KLNC0127,Kalyanpur,Residential,Res-B,middle,795.3408386808318,232.8621153263047,232.8621153263047,0.0,0.0,2037.1447419428414,2037.1447419428414,0.0,0.0,0.0,0.0,0.0,False,1.0,1.0,0.0,1.0377727161824992,1.0377727161824992,0.0,0,201-300,201-300
KLNC0128,Kalyanpur,Residential,Res-C,lower-middle,795.3408386808318,31.04327000555308,31.04327000555308,0.0,0.0,221.67515625101953,221.67515625101953,0.0,0.0,0.0,0.0,0.0,False,1.0,1.0,0.0,0.5822859589312849,0.5822859589312849,0.0,0,lifeline 0-50,lifeline 0-50
KLNC0129,Kalyanpur,Residential,Res-C,lower-middle,795.3408386808318,105.16433645423493,105.16433645423493,0.0,0.0,866.1681628540467,866.1681628540467,0.0,0.0,0.0,0.0,0.0,False,1.0,1.0,0.0,0.5953294284521123,0.5953294284521123,0.0,0,76-200,76-200
KLNC0130,Kalyanpur,Residential,Res-A,upper-middle,795.3408386808318,446.5883340896875,425.72352119394355,20.864812895743967,4.672046111162797,4538.099259420521,4209.259375777147,328.83988364337347,7.246202977176918,33.57629791462343,414.02589901497777,-51.60971745698089,False,1.0,0.9532795388883717,0.04672046111162831,3.0300299464756884,2.648438996840909,12.593636247015258,30,401-600,401-600
KLNC0131,Kalyanpur,Residential,Res-A,upper-middle,795.3408386808318,334.35732763943236,323.76655206927506,10.590775570157291,3.167502158522537,3105.0970564859063,2998.1196324517473,106.97742403415896,3.4452199750312222,17.042827656617405,250.04852853296774,-126.02827684219137,False,1.0,0.9683249784147748,0.03167502158522517,1.5723189770691643,1.2385697718627204,21.226558355770752,30,301-400,301-400
KLNC0132,Kalyanpur,Residential,Res-A,upper-middle,795.3408386808318,709.7034247506091,649.6590923120076,60.04433243860149,8.460482272535343,8931.92204039422,7838.064414193998,1093.8576262002216,12.246609646314635,96.74327956955412,1468.2499038043168,-277.64899803454114,False,1.0,0.9153951772746467,0.0846048227253533,2.914026096450245,2.5983861309899248,10.831748069957943,30,601-above,601-above
KLNC0133,Kalyanpur,Residential,Res-C,lower-middle,795.3408386808318,79.07193083035482,79.07193083035482,0.0,0.0,545.0669826609168,545.0669826609168,0.0,0.0,0.0,0.0,0.0,False,1.0,1.0,0.0,0.20680288275565248,0.20680288275565248,0.0,0,76-200,76-200
KLNC0134,Kalyanpur,Residential,Res-B,middle,795.3408386808318,133.549616022314,133.549616022314,0.0,0.0,1156.4934529991526,1156.4934529991526,0.0,0.0,0.0,0.0,0.0,False,1.0,1.0,0.0,0.6831867809632647,0.6831867809632647,0.0,0,76-200,76-200
KLNC0135,Kalyanpur,Residential,Res-A,upper-middle,795.3408386808318,690.0053439464314,642.2977098305371,47.70763411589428,6.914096323230515,8626.018713344114,7756.90488883781,869.1138245063039,10.075491989854124,76.81490157192181,947.387265461931,-1.4585393837052152,False,1.0,0.9308590367676948,0.06914096323230523,3.668958498537145,3.668958498537145,0.0,30,601-above,601-above
KLNC0136,Kalyanpur,Residential,Res-A,upper-middle,795.3408386808318,207.40070095167295,202.76534261396574,4.635358337707203,2.2349771801336877,1832.223517593235,1787.9326686764427,44.290848916792356,2.417327825535814,7.437365866516515,88.01381486600711,-36.28560008269824,False,1.0,0.9776502281986631,0.022349771801336904,0.8408967936726965,0.8408967936726965,0.0,30,201-300,201-300
KLNC0137,Kalyanpur,Residential,Res-C,lower-middle,795.3408386808318,105.90089903563384,105.90089903563384,0.0,0.0,840.5401638930321,840.5401638930321,0.0,0.0,0.0,0.0,0.0,False,1.0,1.0,0.0,0.8479604977293661,0.8479604977293661,0.0,0,76-200,76-200
KLNC0138,Kalyanpur,Residential,Res-B,middle,795.3408386808318,165.43710569641112,163.94035596306242,1.4967497333487074,0.9047243223024887,1421.2795783404695,1407.921086970332,13.358491370137472,0.939891881492821,4.49024920004617,39.14718570885228,-21.298445138668633,False,1.0,0.990952756776975,0.00904724322302497,0.8977647030923472,0.8977647030923472,0.0,8,76-200,76-200
KLNC0139,Kalyanpur,Residential,Res-B,middle,795.3408386808318,181.14462603333848,178.15628995778326,2.9883360755552246,1.6496962349880813,1586.6150173475457,1559.9441178732154,26.670899474330326,1.6809937623632176,4.786662439137636,54.03559405672893,-22.57803214326097,False,1.0,0.983503037650119,0.01649696234988096,0.8628376231220072,0.8628376231220072,0.0,30,76-200,76-200
KLNC0140,Kalyanpur,Residential,Res-B,middle,795.3408386808318,193.86453756974612,191.8242768228913,2.0402607468548126,1.0524156570516634,1643.0307278099842,1624.821400644305,18.20932716567927,1.1082767265071607,6.120782240564319,37.891553134239246,-13.561443727995659,False,1.0,0.9894758434294836,0.010524156570516419,0.9179474268766209,0.9179474268766209,0.0,9,76-200,76-200
KLNC0141,Kalyanpur,Residential,Res-B,middle,795.3408386808318,235.27310494401186,232.33703395485298,2.9360709891588783,1.2479416165556099,2067.0260677400333,2038.97190943862,28.05415830141328,1.3572232464434313,5.230100273712798,64.51175021724565,-31.227491642119567,False,1.0,0.9875205838344437,0.012479416165556256,1.573265027101758,1.573265027101758,0.0,27,201-300,201-300
KLNC0142,Kalyanpur,Residential,Res-C,lower-middle,795.3408386808318,74.40157083113665,74.40157083113665,0.0,0.0,540.5892531232456,540.5892531232456,0.0,0.0,0.0,0.0,0.0,False,1.0,1.0,0.0,0.6410111773188366,0.6410111773188366,0.0,0,1-75,1-75
KLNC0143,Kalyanpur,Residential,Res-B,middle,795.3408386808318,170.27052415836295,164.27106627243134,5.999457885931605,3.523485885526322,1485.1580681133894,1431.61290648145,53.545161631939436,3.6053510250231056,9.6174610534504,69.79595228893302,-6.633329603543189,False,1.0,0.9647651411447369,0.03523485885526312,0.8801494487532391,0.8801494487532391,0.0,30,76-200,76-200
KLNC0144,Kalyanpur,Residential,Res-B,middle,795.3408386808318,140.56622729059168,140.56622729059168,0.0,0.0,1188.5201285685307,1188.5201285685307,0.0,0.0,0.0,0.0,0.0,False,1.0,1.0,0.0,0.828921773259824,0.828921773259824,0.0,0,76-200,76-200
KLNC0145,Kalyanpur,Residential,Res-A,upper-middle,795.3408386808318,408.35776168071163,394.11735506101036,14.240406619701275,3.487237896762599,3906.4382729688555,3715.2951734712656,191.1430994975899,4.893027513585233,22.905345602765653,265.4797398686541,-51.43129476829856,False,1.0,0.9651276210323743,0.03487237896762574,1.827733103722328,1.8210345966700117,0.36649262623050216,30,401-600,301-400
KLNC0146,Kalyanpur,Residential,Res-A,upper-middle,795.3408386808318,414.2984062809361,394.9458053282344,19.352600952701664,4.671174365942081,4024.2987521906934,3747.8962996204964,276.40245257019706,6.868338301666416,31.16396372237257,271.90709450862346,35.659321783946154,True,1.0,0.9532882563405788,0.04671174365942121,2.12297060852964,2.12297060852964,0.0,30,401-600,301-400
KLNC0147,Kalyanpur,Residential,Res-C,lower-middle,795.3408386808318,73.91165968650803,73.91165968650803,0.0,0.0,564.9771297057506,564.9771297057506,0.0,0.0,0.0,0.0,0.0,False,1.0,1.0,0.0,0.8635792689610793,0.8635792689610793,0.0,0,1-75,1-75
KLNC0148,Kalyanpur,Residential,Res-B,middle,795.3408386808318,277.2706526994575,277.2706526994575,0.0,0.0,2459.4882265433166,2459.4882265433166,0.0,0.0,0.0,0.0,0.0,False,1.0,1.0,0.0,1.3385164101949767,1.3385164101949767,0.0,0,201-300,201-300
KLNC0149,Kalyanpur,Residential,Res-B,middle,795.3408386808318,263.5080008173748,263.5080008173748,0.0,0.0,2335.6991778100164,2335.6991778100164,0.0,0.0,0.0,0.0,0.0,False,1.0,1.0,0.0,1.6993479989634905,1.6993479989634905,0.0,0,201-300,201-300
KLNC0150,Kalyanpur,Residential,Res-B,middle,795.3408386808318,133.4495586734026,124.22544489639857,9.224113777004035,6.91206015868411,1063.9165411601182,981.5913257003572,82.32521545976101,7.737939234405716,14.792575452758022,114.42883006988049,-17.31103915736145,False,1.0,0.9308793984131588,0.06912060158684119,1.0863432200232415,1.0863432200232415,0.0,30,76-200,76-200
KLNC0151,Kalyanpur,Residential,Res-C,lower-middle,795.3408386808318,57.08882009720424,57.08882009720424,0.0,0.0,424.72322361075834,424.72322361075834,0.0,0.0,0.0,0.0,0.0,False,1.0,1.0,0.0,0.5918776091131395,0.5918776091131395,0.0,0,1-75,1-75
KLNC0152,Kalyanpur,Residential,Res-B,middle,795.3408386808318,162.1242959962872,162.1242959962872,0.0,0.0,1384.877251766863,1384.877251766863,0.0,0.0,0.0,0.0,0.0,False,1.0,1.0,0.0,1.0681071537270677,1.0681071537270677,0.0,0,76-200,76-200
KLNC0153,Kalyanpur,Residential,Res-B,middle,795.3408386808318,159.52422617369936,159.52422617369936,0.0,0.0,1321.1172686002667,1321.1172686002667,0.0,0.0,0.0,0.0,0.0,False,1.0,1.0,0.0,0.9424101435175992,0.9424101435175992,0.0,0,76-200,76-200
KLNC0154,Kalyanpur,Residential,Res-A,upper-middle,795.3408386808318,333.91074594026463,325.2022367393357,8.708509200928916,2.6080350233732323,3093.9711347426132,3006.00648330403,87.96465143858313,2.843098645970428,14.007262793850956,145.80461031444986,-43.83269608201577,False,1.0,0.973919649766268,0.026080350233732008,1.8741067842751218,1.8741067842751218,0.0,30,301-400,301-400
KLNC0155,Kalyanpur,Residential,Res-A,upper-middle,795.3408386808318,567.4277307324703,557.2195442576958,10.208186474774493,1.7990284792033593,6407.961250209097,6247.075127273414,160.88612293568258,2.510722469341286,16.381975260927454,222.5037703482198,-45.235672151609776,False,1.0,0.9820097152079665,0.017990284792033462,2.6856424399862995,2.6856424399862995,0.0,30,401-600,401-600
KLNC0156,Kalyanpur,Residential,Res-B,middle,795.3408386808318,468.1057847159279,468.1057847159279,0.0,0.0,4798.497720015382,4798.497720015382,0.0,0.0,0.0,0.0,0.0,False,1.0,1.0,0.0,2.5004991390302735,2.5004991390302735,0.0,0,401-600,401-600
KLNC0157,Kalyanpur,Residential,Res-A,upper-middle,795.3408386808318,174.7146737099286,171.43610552059243,3.27856818933617,1.8765270939860714,1533.6509228611126,1504.3897017712877,29.261221089824858,1.9079453253440746,9.835704568008433,69.41182497796498,-30.314899320131694,False,1.0,0.9812347290601394,0.01876527093986058,0.8139321907149963,0.8139321907149963,0.0,16,76-200,76-200
KLNC0158,Kalyanpur,Residential,Res-A,upper-middle,795.3408386808318,264.5338066289344,252.58124820490136,11.952558424033072,4.518348174983588,2353.0242123394682,2238.8175165978328,114.20669574163549,4.853613283821111,19.19256358423245,208.2315909779347,-74.83233165206676,False,1.0,0.9548165182501639,0.04518348174983611,1.3161894107613799,1.1937233162184127,9.304595033333682,30,201-300,201-300
KLNC0159,Kalyanpur,Residential,Res-C,lower-middle,795.3408386808318,54.512672584988614,54.512672584988614,0.0,0.0,392.51868240399114,392.51868240399114,0.0,0.0,0.0,0.0,0.0,False,1.0,1.0,0.0,0.8167199724463886,0.8167199724463886,0.0,0,1-75,1-75
KLNC0160,Kalyanpur,Residential,Res-B,middle,795.3408386808318,110.64614992195968,108.15240158038229,2.493748341577387,2.253804893650853,953.4471180534902,931.190414104912,22.256703948578206,2.3343406810035123,3.9936461070445985,45.4764159920542,-19.226065936431397,False,1.0,0.9774619510634913,0.02253804893650868,0.9421720934956012,0.9249436296694636,1.8285899089005395,30,76-200,76-200
KLNC0161,Kalyanpur,Residential,Res-B,middle,795.3408386808318,170.92578163064,170.92578163064,0.0,0.0,1430.5716010534618,1430.5716010534618,0.0,0.0,0.0,0.0,0.0,False,1.0,1.0,0.0,1.0136684190937575,1.0136684190937575,0.0,0,76-200,76-200
KLNC0162,Kalyanpur,Residential,Res-B,middle,795.3408386808318,206.02856642617473,206.02856642617473,0.0,0.0,1844.9156822020996,1844.9156822020996,0.0,0.0,0.0,0.0,0.0,False,1.0,1.0,0.0,1.5132705891733014,1.5132705891733014,0.0,0,201-300,201-300
KLNC0163,Kalyanpur,Residential,Res-B,middle,795.3408386808318,145.393515631273,145.393515631273,0.0,0.0,1165.4536770091117,1165.4536770091117,0.0,0.0,0.0,0.0,0.0,False,1.0,1.0,0.0,0.7458479152508677,0.7458479152508677,0.0,0,76-200,76-200
KLNC0164,Kalyanpur,Residential,Res-C,lower-middle,795.3408386808318,91.33146486073369,91.33146486073369,0.0,0.0,738.4805938820482,738.4805938820482,0.0,0.0,0.0,0.0,0.0,False,1.0,1.0,0.0,1.0482873630904592,1.0482873630904592,0.0,0,76-200,76-200
KLNC0165,Kalyanpur,Residential,Res-B,middle,795.3408386808318,165.37800393988417,159.6297539581904,5.7482499816937604,3.475824985639131,1395.628325163466,1344.3251940768491,51.30313108661676,3.6759880952264115,9.218210800456777,104.43046491854854,-43.909123031475005,False,1.0,0.9652417501436086,0.03475824985639142,0.7301923912242115,0.6948797593808321,4.836072282837082,30,76-200,76-200
KLNC0166,Kalyanpur,Residential,Res-C,lower-middle,795.3408386808318,89.25701084704615,89.25701084704615,0.0,0.0,647.0158718098868,647.0158718098868,0.0,0.0,0.0,0.0,0.0,False,1.0,1.0,0.0,0.6521463883855988,0.6521463883855988,0.0,0,76-200,76-200
KLNC0167,Kalyanpur,Residential,Res-A,upper-middle,795.3408386808318,550.3155967666349,527.4054593349706,22.91013743166434,4.163090700367618,6158.754322840549,5797.679101848804,361.0752209917455,5.862796306919575,36.86117517816766,468.9854189355059,-71.04902276559272,False,1.0,0.9583690929963237,0.04163090700367633,3.1699708769811616,3.1699708769811616,0.0,30,401-600,401-600
KLNC0168,Kalyanpur,Residential,Res-A,upper-middle,795.3408386808318,190.0130321283047,180.87051251251202,9.14251961579268,4.811522406325936,1621.4318117451196,1539.8348241741696,81.59698757094998,5.032403273445618,14.666536296187521,236.54376985734393,-140.28024599020642,False,1.0,0.951884775936741,0.048115224063258966,1.0893179040743552,1.0893179040743552,0.0,30,76-200,76-200
KLNC0169,Kalyanpur,Residential,Res-C,lower-middle,795.3408386808318,144.9990504079944,144.9990504079944,0.0,0.0,1196.7764848913498,1196.7764848913498,0.0,0.0,0.0,0.0,0.0,False,1.0,1.0,0.0,0.8255574352096824,0.8255574352096824,0.0,0,76-200,76-200
KLNC0170,Kalyanpur,Residential,Res-C,lower-middle,795.3408386808318,182.68775484444646,182.68775484444646,0.0,0.0,1531.5649819866846,1531.5649819866846,0.0,0.0,0.0,0.0,0.0,False,1.0,1.0,0.0,1.019353826053312,1.019353826053312,0.0,0,76-200,76-200
KLNC0171,Kalyanpur,Residential,Res-B,middle,795.3408386808318,99.08393173743946,99.08393173743946,0.0,0.0,791.5925007566472,791.5925007566472,0.0,0.0,0.0,0.0,0.0,False,1.0,1.0,0.0,0.9924099615009322,0.9924099615009322,0.0,0,76-200,76-200
KLNC0172,Kalyanpur,Residential,Res-B,middle,795.3408386808318,129.4289238020002,129.4289238020002,0.0,0.0,1093.7016849328518,1093.7016849328518,0.0,0.0,0.0,0.0,0.0,False,1.0,1.0,0.0,0.965742470770985,0.965742470770985,0.0,0,76-200,76-200
KLNC0173,Kalyanpur,Residential,Res-B,middle,795.3408386808318,156.6746276605171,155.34969375254957,1.3249339079675337,0.8456595223818902,1325.0066918701152,1313.1816567415049,11.825035128610352,0.8924509741094583,3.974801723902596,23.081986980526864,-7.282150128013916,False,1.0,0.9915434047761811,0.008456595223818919,0.8547186379288575,0.8547186379288575,0.0,16,76-200,76-200
KLNC0174,Kalyanpur,Residential,Res-A,upper-middle,795.3408386808318,817.2709315666397,795.6550344783077,21.615897088331963,2.6448875462750285,10950.459515815259,10556.67191060857,393.7876052066895,3.59608292819091,34.765138006532226,481.2837146640456,-52.730971450823915,False,1.0,0.9735511245372495,0.026448875462750543,3.9010122594373215,3.874083835469343,0.6902932412691898,30,601-above,601-above
KLNC0175,Kalyanpur,Residential,Res-A,upper-middle,795.3408386808318,642.3392289530084,622.264902534336,20.0743264186724,3.1251907892022857,7764.770183451431,7399.066141919266,365.7040415321653,4.709785774620444,32.29338744939417,379.86344490670723,18.133984074852265,True,1.0,0.9687480921079773,0.0312519078920227,3.1763741182833196,3.1763741182833196,0.0,30,601-above,601-above
KLNC0176,Kalyanpur,Residential,Res-B,middle,795.3408386808318,136.79105869569145,134.2874263315261,2.5036323641653553,1.8302602436428201,1154.826748859046,1132.4818300088702,22.344918850175645,1.9349152478717817,7.510897092496141,46.79909054024783,-16.943274597576046,False,1.0,0.9816973975635717,0.01830260243642834,0.9399383865620875,0.9399383865620875,0.0,16,76-200,76-200
KLNC0177,Kalyanpur,Residential,Res-C,lower-middle,795.3408386808318,101.60169415745172,101.60169415745172,0.0,0.0,746.1451203552566,746.1451203552566,0.0,0.0,0.0,0.0,0.0,False,1.0,1.0,0.0,0.26712957912727187,0.26712957912727187,0.0,0,76-200,76-200
KLNC0178,Kalyanpur,Residential,Res-B,middle,795.3408386808318,138.13731046617204,138.13731046617204,0.0,0.0,1166.1673159105853,1166.1673159105853,0.0,0.0,0.0,0.0,0.0,False,1.0,1.0,0.0,0.7559257244020807,0.7559257244020807,0.0,0,76-200,76-200
KLNC0179,Kalyanpur,Residential,Res-C,lower-middle,795.3408386808318,84.88162886104095,84.88162886104095,0.0,0.0,659.0818975847906,659.0818975847906,0.0,0.0,0.0,0.0,0.0,False,1.0,1.0,0.0,0.605521624567625,0.605521624567625,0.0,0,76-200,76-200
KLNC0180,Kalyanpur,Residential,Res-A,upper-middle,795.3408386808318,529.2020928158654,504.19216211248704,25.00993070337836,4.72596972742519,5841.9370938244465,5447.768080973851,394.1690128505952,6.747231380962217,40.247672491450516,565.3694214525656,-130.95273611051982,False,1.0,0.9527403027257482,0.04725969727425183,2.3660227419131363,2.226496195444304,5.897092365055334,30,401-600,401-600
KLNC0181,Kalyanpur,Residential,Res-A,upper-middle,795.3408386808318,411.35997638290104,384.5055441769438,26.854432205957266,6.528207348242526,3950.9058177827114,3615.357411731309,335.54840605140225,8.492948744592335,43.24759261409772,376.6658124924949,2.130186173005029,True,1.0,0.9347179265175743,0.06528207348242565,2.1599441516055777,2.1599441516055777,0.0,30,401-600,301-400
KLNC0182,Kalyanpur,Residential,Res-A,upper-middle,795.3408386808318,207.9845091127997,204.12613976722517,3.8583693455745447,1.8551234233901386,1827.6543945728015,1790.7876754758363,36.8667190969652,2.0171603124989326,6.184769701073684,73.57199047560897,-30.52050167757009,False,1.0,0.9814487657660984,0.018551234233901592,0.9802048831222069,0.9802048831222069,0.0,30,201-300,201-300
KLNC0183,Kalyanpur,Residential,Res-C,lower-middle,795.3408386808318,233.53572799559632,233.53572799559632,0.0,0.0,1981.1443309979227,1981.1443309979227,0.0,0.0,0.0,0.0,0.0,False,1.0,1.0,0.0,0.7370179218076488,0.7370179218076488,0.0,0,201-300,201-300
KLNC0184,Kalyanpur,Residential,Res-A,upper-middle,795.3408386808318,343.37194577322055,322.30041855077064,21.0715272224499,6.136647877566142,3187.1220342553006,2974.278537781334,212.84349647396675,6.678234914958301,33.9082991437073,468.2527101797648,-221.50091456209074,False,1.0,0.9386335212243384,0.06136647877566159,1.6604919247587728,1.232383891213241,25.78200033148159,30,301-400,301-400
KLNC0185,Kalyanpur,Residential,Res-B,middle,795.3408386808318,230.74871768358497,230.74871768358497,0.0,0.0,2080.6801374666543,2080.6801374666543,0.0,0.0,0.0,0.0,0.0,False,1.0,1.0,0.0,1.145803232389914,1.145803232389914,0.0,0,201-300,201-300
KLNC0186,Kalyanpur,Residential,Res-C,lower-middle,795.3408386808318,123.62714317689979,123.62714317689979,0.0,0.0,966.7788028538307,966.7788028538307,0.0,0.0,0.0,0.0,0.0,False,1.0,1.0,0.0,1.0132872349674096,1.0132872349674096,0.0,0,76-200,76-200
KLNC0187,Kalyanpur,Residential,Res-C,lower-middle,795.3408386808318,71.6588313799534,71.6588313799534,0.0,0.0,519.2680268245175,519.2680268245175,0.0,0.0,0.0,0.0,0.0,False,1.0,1.0,0.0,0.5664748644743902,0.5664748644743902,0.0,0,1-75,1-75
KLNC0188,Kalyanpur,Residential,Res-A,upper-middle,795.3408386808318,245.26101189061117,237.86176779800033,7.399244092610843,3.0168855765428297,2227.4815586147897,2156.781781309893,70.69977730489654,3.1739781203334774,11.888969079477786,148.00532450790368,-65.41657812352935,False,1.0,0.9698311442345713,0.030168855765428715,1.8018739831481057,1.8018739831481057,0.0,30,201-300,201-300
KLNC0189,Kalyanpur,Residential,Res-C,lower-middle,795.3408386808318,88.27329098937403,88.27329098937403,0.0,0.0,689.5729820801632,689.5729820801632,0.0,0.0,0.0,0.0,0.0,False,1.0,1.0,0.0,0.827126814712164,0.827126814712164,0.0,0,76-200,76-200
KLNC0190,Kalyanpur,Residential,Res-A,upper-middle,795.3408386808318,508.1890243384362,485.4441243918056,22.744899946630596,4.475677131405987,5510.522488085924,5152.051492477052,358.4709956088718,6.505208832445695,36.603693264402125,474.0462110365357,-78.97152216326174,False,1.0,0.9552432286859401,0.04475677131405986,2.8568675400058887,2.379575378087267,16.706835554498202,30,401-600,401-600
KLNC0191,Kalyanpur,Residential,Res-B,middle,795.3408386808318,165.95021071848316,165.95021071848316,0.0,0.0,1428.2801306624622,1428.2801306624622,0.0,0.0,0.0,0.0,0.0,False,1.0,1.0,0.0,1.6027745235783262,1.6027745235783262,0.0,0,76-200,76-200
KLNC0192,Kalyanpur,Residential,Res-B,middle,795.3408386808318,250.8319266950383,250.8319266950383,0.0,0.0,2254.494199571091,2254.494199571091,0.0,0.0,0.0,0.0,0.0,False,1.0,1.0,0.0,1.4639899231403852,1.4639899231403852,0.0,0,201-300,201-300
KLNC0193,Kalyanpur,Residential,Res-C,lower-middle,795.3408386808318,57.58392751263782,57.58392751263782,0.0,0.0,456.58774562950686,456.58774562950686,0.0,0.0,0.0,0.0,0.0,False,1.0,1.0,0.0,0.6192905294294364,0.6192905294294364,0.0,0,1-75,1-75
KLNC0194,Kalyanpur,Residential,Res-B,middle,795.3408386808318,147.5259144782692,147.5259144782692,0.0,0.0,1280.3896067185524,1280.3896067185524,0.0,0.0,0.0,0.0,0.0,False,1.0,1.0,0.0,1.57246501825503,1.57246501825503,0.0,0,76-200,76-200
KLNC0195,Kalyanpur,Residential,Res-B,middle,795.3408386808318,177.4525156401119,175.82152424824088,1.6309913918710208,0.9191142689567747,1497.8852520879987,1483.3286539155497,14.556598172448957,0.9718099668955,4.892974175613044,30.40340270166022,-10.953830353598217,False,1.0,0.9908088573104323,0.009191142689567666,1.130991245155322,1.130991245155322,0.0,9,76-200,76-200
KLNC0196,Kalyanpur,Residential,Res-B,middle,795.3408386808318,220.80886560213392,208.98235973921328,11.82650586292064,5.35599231066669,1934.5488508283897,1821.546587308183,113.00226352020672,5.84127216388556,19.03849140988972,188.18807988038924,-56.147324950292784,False,1.0,0.946440076893333,0.05355992310666702,1.0455167591691916,1.0455167591691916,0.0,30,201-300,201-300
KLNC0197,Kalyanpur,Residential,Res-A,upper-middle,795.3408386808318,247.80190017616022,236.77692678863457,11.024973387525648,4.449107686296227,2220.0518461832107,2114.7082254654033,105.34362071780743,4.745097322790808,17.722684929944457,176.8961977483642,-53.82989210061231,False,1.0,0.955508923137038,0.04449107686296205,1.3695633336899735,1.1383224920208401,16.884275154045493,30,201-300,201-300
KLNC0198,Kalyanpur,Residential,Res-C,lower-middle,795.3408386808318,29.61236767658408,29.61236767658408,0.0,0.0,187.46468584139865,187.46468584139865,0.0,0.0,0.0,0.0,0.0,False,1.0,1.0,0.0,0.11118289088639638,0.11118289088639638,0.0,0,lifeline 0-50,lifeline 0-50
KLNC0199,Kalyanpur,Residential,Res-B,middle,795.3408386808318,191.96585339432207,191.96585339432207,0.0,0.0,1659.6097915443245,1659.6097915443245,0.0,0.0,0.0,0.0,0.0,False,1.0,1.0,0.0,0.9522478873816265,0.9522478873816265,0.0,0,76-200,76-200
KLNC0200,Kalyanpur,Residential,Res-B,middle,795.3408386808318,164.15427843725308,164.15427843725308,0.0,0.0,1378.303255052484,1378.303255052484,0.0,0.0,0.0,0.0,0.0,False,1.0,1.0,0.0,0.751260863167833,0.751260863167833,0.0,0,76-200,76-200
KLNC0201,Kalyanpur,Residential,Res-B,middle,795.3408386808318,150.05807366268996,145.53207099928235,4.52600266340761,3.0161673763595322,1307.183037439508,1266.788463668595,40.394573770912984,3.0902002714200845,7.257174925933075,77.54447461156168,-29.892725914715626,False,1.0,0.9698383262364044,0.030161673763595576,0.6635466394749787,0.6635466394749787,0.0,30,76-200,76-200
KLNC0202,Kalyanpur,Residential,Res-C,lower-middle,795.3408386808318,80.8431790782079,80.8431790782079,0.0,0.0,590.8457332730054,590.8457332730054,0.0,0.0,0.0,0.0,0.0,False,1.0,1.0,0.0,0.4720775634133549,0.4720775634133549,0.0,0,76-200,76-200
KLNC0203,Kalyanpur,Residential,Res-A,upper-middle,795.3408386808318,616.5633648290708,608.6376554570406,7.9257093720301555,1.2854655051111237,7257.951518773597,7113.564908288638,144.3866104849585,1.9893576047109784,12.704947106699747,159.4373335238072,-2.3457759321489675,False,1.0,0.9871453449488888,0.012854655051111163,3.2456122519295847,3.2456122519295847,0.0,30,601-above,601-above
KLNC0204,Kalyanpur,Residential,Res-B,middle,795.3408386808318,160.28747346764567,160.28747346764567,0.0,0.0,1289.7607006987378,1289.7607006987378,0.0,0.0,0.0,0.0,0.0,False,1.0,1.0,0.0,0.6635893524804684,0.6635893524804684,0.0,0,76-200,76-200
KLNC0205,Kalyanpur,Residential,Res-C,lower-middle,795.3408386808318,86.45133420714836,86.45133420714836,0.0,0.0,669.1622077987992,669.1622077987992,0.0,0.0,0.0,0.0,0.0,False,1.0,1.0,0.0,0.7412240372044498,0.7412240372044498,0.0,0,76-200,76-200
KLNC0206,Kalyanpur,Residential,Res-C,lower-middle,795.3408386808318,51.76104645358434,51.76104645358434,0.0,0.0,386.1249704373088,386.1249704373088,0.0,0.0,0.0,0.0,0.0,False,1.0,1.0,0.0,0.6070347956085209,0.6070347956085209,0.0,0,1-75,1-75
KLNC0207,Kalyanpur,Residential,Res-A,upper-middle,795.3408386808318,196.6817703768606,192.81954011575746,3.86223026110315,1.9636950865872098,1711.8158906134809,1677.3454855331354,34.47040508034547,2.0136747923278104,6.189253594561491,82.87775770413957,-42.218099029232604,False,1.0,0.9803630491341281,0.019636950865871916,1.0242843098660122,1.0242843098660122,0.0,30,76-200,76-200
KLNC0208,Kalyanpur,Residential,Res-B,middle,795.3408386808318,121.74724787649433,120.0182921783174,1.7289556981769323,1.420118917128098,993.858187297712,978.4272576914827,15.430929606229256,1.5526289166249927,5.186867094530786,29.502123586396667,-8.884326885636625,False,1.0,0.985798810828719,0.014201189171280992,0.977683324636462,0.977683324636462,0.0,16,76-200,76-200
KLNC0209,Kalyanpur,Residential,Res-B,middle,795.3408386808318,234.93937136663226,223.258910222834,11.680461143798254,4.971691664897847,2036.6981034081712,1925.091297179179,111.60680622899213,5.479791336881567,18.735335870597144,196.7828166227833,-66.44067452319402,False,1.0,0.9502830833510213,0.049716916648978704,1.3854686652497121,1.2509460301824273,9.70954005971971,30,201-300,201-300
KLNC0210,Kalyanpur,Residential,Res-C,lower-middle,795.3408386808318,107.24230887646992,107.24230887646992,0.0,0.0,796.487606722494,796.487606722494,0.0,0.0,0.0,0.0,0.0,False,1.0,1.0,0.0,0.28121411115055106,0.28121411115055106,0.0,0,76-200,76-200
KLNC0211,Kalyanpur,Residential,Res-B,middle,795.3408386808318,187.17004786215995,186.8416153154143,0.3284325467456597,0.1754728122886048,1597.1650871697773,1594.2338266900724,2.9312604797048607,0.18352896035932886,0.9852976402369291,6.456888055757037,-2.5403299358152474,False,1.0,0.9982452718771141,0.0017547281228859068,0.7138687581093717,0.7138687581093717,0.0,2,76-200,76-200
KLNC0212,Kalyanpur,Residential,Res-B,middle,795.3408386808318,124.94269922711035,121.58470054727233,3.357998679838019,2.687630970525241,994.1756406019599,964.2055023844056,29.970138217554336,3.0145717711819837,5.384940327011929,54.616305604251274,-19.261227059685005,False,1.0,0.9731236902947477,0.026876309705252344,0.6299054304298738,0.6299054304298738,0.0,30,76-200,76-200
KLNC0213,Kalyanpur,Residential,Res-C,lower-middle,795.3408386808318,142.01205682809007,142.01205682809007,0.0,0.0,1137.9201571907038,1137.9201571907038,0.0,0.0,0.0,0.0,0.0,False,1.0,1.0,0.0,0.5433692856776633,0.5433692856776633,0.0,0,76-200,76-200
KLNC0214,Kalyanpur,Residential,Res-C,lower-middle,795.3408386808318,26.390934409700268,26.390934409700268,0.0,0.0,213.98429961258572,213.98429961258572,0.0,0.0,0.0,0.0,0.0,False,1.0,1.0,0.0,0.8625912668488518,0.8625912668488518,0.0,0,lifeline 0-50,lifeline 0-50
KLNC0215,Kalyanpur,Residential,Res-B,middle,795.3408386808318,181.6127473765679,181.6127473765679,0.0,0.0,1589.6816803358686,1589.6816803358686,0.0,0.0,0.0,0.0,0.0,False,1.0,1.0,0.0,0.9018652261783376,0.9018652261783376,0.0,0,76-200,76-200
KLNC0216,Kalyanpur,Residential,Res-C,lower-middle,795.3408386808318,49.72459040777854,49.72459040777854,0.0,0.0,331.36511201785095,331.36511201785095,0.0,0.0,0.0,0.0,0.0,False,1.0,1.0,0.0,0.8606726462728789,0.8606726462728789,0.0,0,lifeline 0-50,lifeline 0-50
KLNC0217,Kalyanpur,Residential,Res-B,middle,795.3408386808318,167.5744134698586,165.57966959521346,1.9947438746451382,1.1903630353472372,1411.249050218488,1393.4459611372802,17.803089081207872,1.2615129185349403,5.984231623935524,38.043042521335686,-14.255721816192288,False,1.0,0.9880963696465274,0.011903630353472638,0.7950072951387638,0.7950072951387638,0.0,11,76-200,76-200
KLNC0218,Kalyanpur,Residential,Res-C,lower-middle,795.3408386808318,53.16553077432892,53.16553077432892,0.0,0.0,446.1785791946204,446.1785791946204,0.0,0.0,0.0,0.0,0.0,False,1.0,1.0,0.0,0.628204367986294,0.628204367986294,0.0,0,1-75,1-75
KLNC0219,Kalyanpur,Residential,Res-B,middle,795.3408386808318,176.79741323534165,174.54408036828738,2.2533328670542687,1.2745281878387966,1494.8961431254243,1474.785147286965,20.110995838459303,1.345310570968003,6.759998601162852,37.39757489447861,-10.526580454856454,False,1.0,0.9872547181216119,0.012745281878388082,0.8952539374610812,0.8952539374610812,0.0,15,76-200,76-200
KLNC0220,Kalyanpur,Residential,Res-C,lower-middle,795.3408386808318,139.68037581207096,139.68037581207096,0.0,0.0,1113.3569941227333,1113.3569941227333,0.0,0.0,0.0,0.0,0.0,False,1.0,1.0,0.0,0.6146214554276683,0.6146214554276683,0.0,0,76-200,76-200
KLNC0221,Kalyanpur,Residential,Res-B,middle,795.3408386808318,191.07866207021164,191.07866207021164,0.0,0.0,1682.3278789766387,1682.3278789766387,0.0,0.0,0.0,0.0,0.0,False,1.0,1.0,0.0,1.1611213016431265,1.1611213016431265,0.0,0,76-200,76-200
KLNC0222,Kalyanpur,Residential,Res-C,lower-middle,795.3408386808318,93.41109109242831,93.41109109242831,0.0,0.0,737.6372579999226,737.6372579999226,0.0,0.0,0.0,0.0,0.0,False,1.0,1.0,0.0,0.8219707732251087,0.8219707732251087,0.0,0,76-200,76-200
KLNC0223,Kalyanpur,Residential,Res-A,upper-middle,795.3408386808318,338.5047723435514,324.561566690859,13.94320565269237,4.119057334453557,3141.6851654422126,3000.844845144367,140.84032029784566,4.482954620884855,22.390590683888142,204.35543976243866,-41.12452878070485,False,1.0,0.9588094266554642,0.0411905733445358,1.4026013320264041,1.3839999967399015,1.3262025966871447,30,301-400,301-400
KLNC0224,Kalyanpur,Residential,Res-C,lower-middle,795.3408386808318,48.02847911967818,48.02847911967818,0.0,0.0,290.3370843625223,290.3370843625223,0.0,0.0,0.0,0.0,0.0,False,1.0,1.0,0.0,0.16372905210053634,0.16372905210053634,0.0,0,lifeline 0-50,lifeline 0-50
KLNC0225,Kalyanpur,Residential,Res-C,lower-middle,795.3408386808318,89.83122882562901,89.83122882562901,0.0,0.0,641.0937172687389,641.0937172687389,0.0,0.0,0.0,0.0,0.0,False,1.0,1.0,0.0,0.25044514743227037,0.25044514743227037,0.0,0,76-200,76-200
KLNC0226,Kalyanpur,Residential,Res-C,lower-middle,795.3408386808318,77.44625346981394,77.44625346981394,0.0,0.0,546.6366722180893,546.6366722180893,0.0,0.0,0.0,0.0,0.0,False,1.0,1.0,0.0,0.6079507842939875,0.6079507842939875,0.0,0,76-200,76-200
KLNC0227,Kalyanpur,Residential,Res-B,middle,795.3408386808318,161.41513194068727,161.41513194068727,0.0,0.0,1384.510282570634,1384.510282570634,0.0,0.0,0.0,0.0,0.0,False,1.0,1.0,0.0,1.0243543657417322,1.0243543657417322,0.0,0,76-200,76-200
KLNC0228,Kalyanpur,Residential,Res-A,upper-middle,795.3408386808318,374.58621797539416,368.44484334897606,6.141374626418099,1.6395089652821966,3519.5502477694563,3457.516222668007,62.034025101449515,1.762555461191784,9.833775163208344,121.1033516941419,-49.23555142948405,False,1.0,0.9836049103471782,0.01639508965282177,2.275184591781333,2.275184591781333,0.0,30,301-400,301-400
KLNC0229,Kalyanpur,Residential,Res-A,upper-middle,795.3408386808318,505.39554575987125,474.36571192258305,31.02983383728821,6.139712567239645,5500.232368948451,5011.18667275587,489.0456961925811,8.891364280416358,49.95930397687151,642.2465634005819,-103.24156323112925,False,1.0,0.9386028743276036,0.06139712567239641,3.4428339365042584,3.260927713255861,5.283618861765342,30,401-600,401-600
KLNC0230,Kalyanpur,Residential,Res-C,lower-middle,795.3408386808318,163.7130284751444,163.7130284751444,0.0,0.0,1336.4170491406637,1336.4170491406637,0.0,0.0,0.0,0.0,0.0,False,1.0,1.0,0.0,0.5425266274181372,0.5425266274181372,0.0,0,76-200,76-200
KLNC0231,Kalyanpur,Residential,Res-B,middle,795.3408386808318,137.39140375755574,137.39140375755574,0.0,0.0,1157.053728536185,1157.053728536185,0.0,0.0,0.0,0.0,0.0,False,1.0,1.0,0.0,0.8267800846887008,0.8267800846887008,0.0,0,76-200,76-200
KLNC0232,Kalyanpur,Residential,Res-C,lower-middle,795.3408386808318,86.2006634035418,86.2006634035418,0.0,0.0,629.3958708766105,629.3958708766105,0.0,0.0,0.0,0.0,0.0,False,1.0,1.0,0.0,0.8474969361740663,0.8474969361740663,0.0,0,76-200,76-200
KLNC0233,Kalyanpur,Residential,Res-A,upper-middle,795.3408386808318,455.2157799958277,430.5395652477616,24.676214748066116,5.420773143736864,4678.698210624242,4289.7887280873465,388.90948253689567,8.312343840724159,39.717952969463084,527.4478911172415,-98.82045561088273,False,1.0,0.9457922685626312,0.05420773143736879,4.071802193809003,4.071802193809003,0.0,30,401-600,401-600
KLNC0234,Kalyanpur,Residential,Res-B,middle,795.3408386808318,172.6953798607305,169.48501390105037,3.210365959680132,1.858976170798037,1511.2054952570197,1482.5529790668745,28.652516190145207,1.8960039703450193,9.63109787904043,56.345991854424845,-18.062377785239207,False,1.0,0.9814102382920196,0.018589761707980434,1.2781264525487201,1.2781264525487201,0.0,16,76-200,76-200
KLNC0235,Kalyanpur,Residential,Res-C,lower-middle,795.3408386808318,88.94193387694922,88.94193387694922,0.0,0.0,633.1567598517718,633.1567598517718,0.0,0.0,0.0,0.0,0.0,False,1.0,1.0,0.0,0.22967709132068664,0.22967709132068664,0.0,0,76-200,76-200
KLNC0236,Kalyanpur,Residential,Res-C,lower-middle,795.3408386808318,107.85080156355686,107.85080156355686,0.0,0.0,875.772673954745,875.772673954745,0.0,0.0,0.0,0.0,0.0,False,1.0,1.0,0.0,0.8155602178832324,0.8155602178832324,0.0,0,76-200,76-200
KLNC0237,Kalyanpur,Residential,Res-B,middle,795.3408386808318,154.56398754948117,153.98720463168706,0.5767829177941053,0.37316772615578225,1245.9330388791195,1240.7852513378068,5.147787541312709,0.4131672714886685,1.7303487533822495,12.189674215038053,-5.311537920343095,False,1.0,0.9962683227384423,0.0037316772615576532,0.6264927532446423,0.6264927532446423,0.0,10,76-200,76-200
KLNC0238,Kalyanpur,Residential,Res-C,lower-middle,795.3408386808318,115.95809144230091,115.95809144230091,0.0,0.0,915.5359261225357,915.5359261225357,0.0,0.0,0.0,0.0,0.0,False,1.0,1.0,0.0,0.8040808989394168,0.8040808989394168,0.0,0,76-200,76-200
KLNC0239,Kalyanpur,Residential,Res-B,middle,795.3408386808318,115.5090360306217,115.5090360306217,0.0,0.0,888.5696465732987,888.5696465732987,0.0,0.0,0.0,0.0,0.0,False,1.0,1.0,0.0,0.5592589419256709,0.5592589419256709,0.0,0,76-200,76-200
KLNC0240,Kalyanpur,Residential,Res-A,upper-middle,795.3408386808318,366.2848288522523,357.7932825516928,8.491546300559492,2.318290475520817,3423.4160662366003,3337.642957054649,85.77310918195144,2.505483047412428,13.655156298595264,205.70090898972373,-106.27264350917703,False,1.0,0.9768170952447915,0.023182904755208456,1.7981180598047426,1.6785103090749138,6.651829677013364,30,301-400,301-400
KLNC0241,Kalyanpur,Residential,Res-A,upper-middle,795.3408386808318,423.72401792449546,395.5689198524156,28.155098072079852,6.644678347474957,4102.573344499011,3683.9126194292503,418.6607250697607,10.204832184929183,45.33931437083668,543.9107384233763,-79.91069898277891,False,1.0,0.9335532165252505,0.06644678347474953,2.4620279298465997,2.4620279298465997,0.0,30,401-600,301-400
KLNC0242,Kalyanpur,Residential,Res-B,middle,795.3408386808318,134.00062106655602,134.00062106655602,0.0,0.0,1109.6184530190126,1109.6184530190126,0.0,0.0,0.0,0.0,0.0,False,1.0,1.0,0.0,0.7068670211264197,0.7068670211264197,0.0,0,76-200,76-200
KLNC0243,Kalyanpur,Residential,Res-B,middle,795.3408386808318,126.17254435867062,121.50431340235406,4.668230956316563,3.69987859089707,1017.7028684011353,976.03890711601,41.66396128512531,4.0939219666916715,8.014460191428315,63.24402230973758,-13.565600833183957,False,1.0,0.9630012140910293,0.036998785908970655,0.5906449605021932,0.5906449605021932,0.0,28,76-200,76-200
KLNC0244,Kalyanpur,Residential,Res-B,middle,795.3408386808318,132.1233709383672,129.82185823336803,2.301512704999169,1.7419421625813474,1045.1963056249274,1024.6553047328096,20.541000892117836,1.9652768366643127,3.693462991097432,43.24475837303704,-19.010294489821767,False,1.0,0.9825805783741867,0.017419421625813336,0.8941336533383425,0.8941336533383425,0.0,30,76-200,76-200
KLNC0245,Kalyanpur,Residential,Res-C,lower-middle,795.3408386808318,117.1917407017601,117.1917407017601,0.0,0.0,885.2862857632088,885.2862857632088,0.0,0.0,0.0,0.0,0.0,False,1.0,1.0,0.0,0.30360706531659454,0.30360706531659454,0.0,0,76-200,76-200
KLNC0246,Kalyanpur,Residential,Res-C,lower-middle,795.3408386808318,149.5101007533903,149.5101007533903,0.0,0.0,1203.7332892240086,1203.7332892240086,0.0,0.0,0.0,0.0,0.0,False,1.0,1.0,0.0,0.5781391311810536,0.5781391311810536,0.0,0,76-200,76-200
KLNC0247,Kalyanpur,Residential,Res-B,middle,795.3408386808318,175.17898388081866,175.17898388081866,0.0,0.0,1464.3639811363066,1464.3639811363066,0.0,0.0,0.0,0.0,0.0,False,1.0,1.0,0.0,0.9576411828818536,0.9576411828818536,0.0,0,76-200,76-200
KLNC0248,Kalyanpur,Residential,Res-B,middle,795.3408386808318,178.7472748378107,169.81866356862415,8.928611269186547,4.995103437122648,1564.1117479274606,1484.4238923499702,79.68785557749038,5.094767409239234,14.319899143995851,131.2789629865525,-37.271208265066264,False,1.0,0.9500489656287736,0.04995103437122639,1.3692822231165809,1.3692822231165809,0.0,30,76-200,76-200
KLNC0249,Kalyanpur,Residential,Res-C,lower-middle,795.3408386808318,94.89104219040178,94.89104219040178,0.0,0.0,686.2525515493359,686.2525515493359,0.0,0.0,0.0,0.0,0.0,False,1.0,1.0,0.0,0.2764818628870274,0.2764818628870274,0.0,0,76-200,76-200
KLNC0250,Kalyanpur,Residential,Res-B,middle,795.3408386808318,298.6742641047004,294.9166074285647,3.7576566761356958,1.2581119727203705,2633.7868235204123,2597.882413979936,35.904409540476536,1.3632238273743595,11.272970028406814,76.23467605483405,-29.0572964859507,False,1.0,0.9874188802727966,0.012581119727203438,1.1737628904878055,1.1663442970979185,0.6320350941410176,16,201-300,201-300
KLNC0251,Kalyanpur,Residential,Res-C,lower-middle,795.3408386808318,86.61790402035301,86.61790402035301,0.0,0.0,669.5507533816507,669.5507533816507,0.0,0.0,0.0,0.0,0.0,False,1.0,1.0,0.0,0.5700011608521393,0.5700011608521393,0.0,0,76-200,76-200
KLNC0252,Kalyanpur,Residential,Res-A,upper-middle,795.3408386808318,157.91651467087587,154.35311052098257,3.5634041498933016,2.2565113961133356,1346.886213437567,1315.0828313997695,31.80338203779752,2.361252325586427,5.711467217718757,65.10310480164944,-27.588255546133162,False,1.0,0.9774348860388667,0.022565113961133254,1.427214916084355,1.3602486570799244,4.692093548752726,30,76-200,76-200
KLNC0253,Kalyanpur,Residential,Res-B,middle,795.3408386808318,142.14169168845086,138.5885370059911,3.5531546824597626,2.4997273074867024,1108.4188283194242,1076.7069227784705,31.711905540953694,2.861003867016138,5.7019456811679765,57.0510054828804,-19.637154260758727,False,1.0,0.9750027269251325,0.024997273074867543,0.3417874023548698,0.3417874023548698,0.0,30,76-200,76-200
KLNC0254,Kalyanpur,Residential,Res-B,middle,795.3408386808318,117.48759846089321,117.48759846089321,0.0,0.0,995.3147262634718,995.3147262634718,0.0,0.0,0.0,0.0,0.0,False,1.0,1.0,0.0,0.8669779394644956,0.8669779394644956,0.0,0,76-200,76-200
KLNC0255,Kalyanpur,Residential,Res-B,middle,795.3408386808318,117.51262573655765,117.51262573655765,0.0,0.0,1008.5520046987772,1008.5520046987772,0.0,0.0,0.0,0.0,0.0,False,1.0,1.0,0.0,0.8663511728421129,0.8663511728421129,0.0,0,76-200,76-200
KLNC0256,Kalyanpur,Residential,Res-C,lower-middle,795.3408386808318,140.93427729664967,140.93427729664967,0.0,0.0,1097.1884248725983,1097.1884248725983,0.0,0.0,0.0,0.0,0.0,False,1.0,1.0,0.0,0.3816049172251653,0.3816049172251653,0.0,0,76-200,76-200
KLNC0257,Kalyanpur,Residential,Res-B,middle,795.3408386808318,245.7184548559376,245.7184548559376,0.0,0.0,2175.638156148484,2175.638156148484,0.0,0.0,0.0,0.0,0.0,False,1.0,1.0,0.0,1.8114195724017976,1.8114195724017976,0.0,0,201-300,201-300
KLNC0258,Kalyanpur,Residential,Res-C,lower-middle,795.3408386808318,60.09352342481335,60.09352342481335,0.0,0.0,411.9968735036138,411.9968735036138,0.0,0.0,0.0,0.0,0.0,False,1.0,1.0,0.0,0.22035072007499384,0.22035072007499384,0.0,0,1-75,1-75
KLNC0259,Kalyanpur,Residential,Res-B,middle,795.3408386808318,207.80477628572694,207.80477628572694,0.0,0.0,1825.447537410121,1825.447537410121,0.0,0.0,0.0,0.0,0.0,False,1.0,1.0,0.0,1.6409329233647671,1.6409329233647671,0.0,0,201-300,201-300
KLNC0260,Kalyanpur,Residential,Res-B,middle,795.3408386808318,134.3248591291122,134.3248591291122,0.0,0.0,1168.3120077273265,1168.3120077273265,0.0,0.0,0.0,0.0,0.0,False,1.0,1.0,0.0,0.7731894498853206,0.7731894498853206,0.0,0,76-200,76-200
KLNC0261,Kalyanpur,Residential,Res-B,middle,795.3408386808318,141.85940594599458,136.34246136692278,5.516944579071804,3.8890227562154656,1150.8726080680017,1101.633877699786,49.23873036821578,4.278382335545726,8.84433847840776,112.28474758136707,-54.201678734743524,False,1.0,0.9611097724378452,0.03889022756215477,0.7581725980423906,0.7581725980423906,0.0,30,76-200,76-200
KLNC0262,Kalyanpur,Residential,Res-B,middle,795.3408386808318,101.0023534634884,97.7185718109552,3.2837816525332073,3.251193204839796,790.426144661634,761.118393412775,29.30775124885895,3.707841832762886,5.262886794368523,65.74937567578169,-31.178737632554217,False,1.0,0.9674880679516021,0.03251193204839786,1.0792367397457194,1.0792367397457194,0.0,30,76-200,76-200
KLNC0263,Kalyanpur,Residential,Res-B,middle,795.3408386808318,260.6279276337343,260.6279276337343,0.0,0.0,2347.6583985403313,2347.6583985403313,0.0,0.0,0.0,0.0,0.0,False,1.0,1.0,0.0,1.0971467119992102,1.0971467119992102,0.0,0,201-300,201-300
KLNC0264,Kalyanpur,Residential,Res-C,lower-middle,795.3408386808318,75.83752611701682,75.83752611701682,0.0,0.0,533.6458805943752,533.6458805943752,0.0,0.0,0.0,0.0,0.0,False,1.0,1.0,0.0,0.5166752081035826,0.5166752081035826,0.0,0,76-200,76-200
KLNC0265,Kalyanpur,Residential,Res-B,middle,795.3408386808318,192.34778913835174,180.0797550933404,12.268034045011348,6.378047857980425,1688.1467480597894,1578.654544208063,109.49220385172634,6.485941105390705,19.742705528459204,237.7099357282991,-108.47502634811354,False,1.0,0.9362195214201956,0.0637804785798044,0.9525809556546246,0.9525809556546246,0.0,30,76-200,76-200
KLNC0266,Kalyanpur,Residential,Res-C,lower-middle,795.3408386808318,61.80692827041264,61.80692827041264,0.0,0.0,443.21152754670766,443.21152754670766,0.0,0.0,0.0,0.0,0.0,False,1.0,1.0,0.0,0.6261551386186383,0.6261551386186383,0.0,0,1-75,1-75
KLNC0267,Kalyanpur,Residential,Res-B,middle,795.3408386808318,118.27618665699892,115.49546973533802,2.780716921660897,2.351037009440437,912.6270159137152,887.8091173878919,24.817898525823352,2.7193911743863795,4.460864542936318,47.41727608509535,-18.138513016335683,False,1.0,0.9764896299055955,0.023510370094404487,0.6142801793536089,0.550389690394401,10.400870987964842,30,76-200,76-200
KLNC0268,Kalyanpur,Residential,Res-B,middle,795.3408386808318,150.41208457589536,150.41208457589536,0.0,0.0,1311.6523548398661,1311.6523548398661,0.0,0.0,0.0,0.0,0.0,False,1.0,1.0,0.0,1.0587543259529557,1.0587543259529557,0.0,0,76-200,76-200
KLNC0269,Kalyanpur,Residential,Res-B,middle,795.3408386808318,149.94000924193037,146.67967026153374,3.260338980396625,2.1744289578747598,1256.5035824842287,1227.4050570841887,29.09852540003999,2.315833062927636,9.781016941189854,48.380063051107285,-9.500520709877442,False,1.0,0.9782557104212525,0.021744289578747522,1.0271333369893678,1.0271333369893678,0.0,14,76-200,76-200
KLNC0270,Kalyanpur,Residential,Res-C,lower-middle,795.3408386808318,54.61056419807865,54.61056419807865,0.0,0.0,436.85700108133227,436.85700108133227,0.0,0.0,0.0,0.0,0.0,False,1.0,1.0,0.0,0.583871044888462,0.583871044888462,0.0,0,1-75,1-75
KLNC0271,Kalyanpur,Residential,Res-C,lower-middle,795.3408386808318,159.89028564160887,159.89028564160887,0.0,0.0,1334.046659351359,1334.046659351359,0.0,0.0,0.0,0.0,0.0,False,1.0,1.0,0.0,1.24142326073346,1.24142326073346,0.0,0,76-200,76-200
KLNC0272,Kalyanpur,Residential,Res-C,lower-middle,795.3408386808318,86.05211611514554,86.05211611514554,0.0,0.0,630.9895063276739,630.9895063276739,0.0,0.0,0.0,0.0,0.0,False,1.0,1.0,0.0,0.4478492961763269,0.4478492961763269,0.0,0,76-200,76-200
KLNC0273,Kalyanpur,Commercial,Commercial,,41.84160261653365,1906.5833694300939,1819.7127487605521,86.87062066954172,4.556350488649685,31245.501582168552,29844.452212010183,1401.0493701583691,4.484003453981779,139.67415332280774,2006.9478133314278,-466.2242898502509,False,1.0,0.9544364951135031,0.04556350488649685,5.606391425126202,5.606391425126202,0.0,30,flat,flat
KLNC0274,Kalyanpur,Commercial,Commercial,,41.84160261653365,4835.6216691654845,4531.983412080818,303.6382570846663,6.2791979575413555,79269.38128030094,74372.30347003942,4897.077810261515,6.177767167054295,488.670698196199,7661.4296845195995,-2275.6811760618857,False,1.0,0.937208020424586,0.06279197957541405,13.613787660471681,13.613787660471681,0.0,30,flat,flat
KLNC0275,Kalyanpur,Commercial,Commercial,,41.84160261653365,2505.658561359905,2456.3454459577874,49.313115402117546,1.968070038056329,41181.43627761255,40386.114352407196,795.3219252053532,1.9312632027788545,78.90098464338703,1206.169029088364,-331.9461192396237,False,1.0,0.9630974020621365,0.036902597937863546,6.536715021449578,6.707953890724631,-2.619647157833091,30,flat,flat
KLNC0276,Kalyanpur,Commercial,Commercial,,41.84160261653365,5062.212395112361,4826.68040711316,235.5319879992012,4.652748040098253,82555.28650837216,78756.62660592105,3798.659902451109,4.601352697220518,378.97629062510816,6167.650685152813,-1990.014492076596,False,1.0,0.9534725195990176,0.046527480400982424,11.37814941916381,11.37814941916381,0.0,30,flat,flat
KLNC0277,Kalyanpur,Commercial,Commercial,,41.84160261653365,6248.231154966409,6011.127060490835,237.10409447557413,3.794739480582626,102155.89706729824,98331.88223159619,3824.0148357020516,3.7433128634589425,381.72652298615776,7109.558563625677,-2903.817204937468,False,1.0,0.9552853818003533,0.04471461819964673,14.051716087072679,14.219506468191279,-1.194091739961669,30,flat,flat
KLNC0278,Kalyanpur,Commercial,Commercial,,41.84160261653365,5064.133853554161,4802.959954894119,261.17389866004214,5.157326133406653,82789.4507901215,78577.23815253234,4212.212637589153,5.087861554085533,420.3208965096322,7320.168455872291,-2687.634921773506,False,1.0,0.9484267386659331,0.05157326133406692,12.229069045477239,12.229069045477239,0.0,30,flat,flat
KLNC0279,Kalyanpur,Commercial,Commercial,,41.84160261653365,757.5065025302866,736.1986456309115,21.30785689937511,2.8128942561154027,12486.389872808462,12142.736756735341,343.65311607312105,2.752221575441052,34.092571038999594,692.1818792993166,-314.43619218719596,False,1.0,0.9498122339094347,0.0501877660905653,2.6689107779100163,2.7352191202183396,-2.484472049689437,30,flat,flat
KLNC0280,Kalyanpur,Commercial,Commercial,,41.84160261653365,3351.05709256288,3112.2277859439487,238.82930661893124,7.126984113430165,55137.323788854126,51285.484731704004,3851.8390571501222,6.985901368554928,384.6155593346521,6385.025669106048,-2148.5710526212733,False,1.0,0.9184668240630005,0.08153317593699949,10.984209803670606,11.120690045273497,-1.2425130623168126,30,flat,flat
KLNC0281,Kalyanpur,Commercial,Commercial,,41.84160261653365,2445.0995738242486,2279.232258785075,165.86731503917372,6.783662997402987,40308.690926637486,37633.582869685684,2675.1080569518017,6.636554041957217,266.95593448427957,4709.909148286466,-1767.8451568503847,False,1.0,0.9321633700259703,0.06783662997402973,7.343054059939589,7.343054059939589,0.0,30,flat,flat
KLNC0282,Kalyanpur,Commercial,Commercial,,41.84160261653365,6556.291139208728,6128.33049325055,427.96064595817825,6.527480809978617,107351.08849315837,100448.93919514486,6902.149298013508,6.429510305760329,688.7206143410631,12497.332755288191,-4906.46284293362,False,1.0,0.9318876681357908,0.06811233186420917,20.18026802671558,20.254091962882168,-0.36582237693203734,30,flat,flat
KLNC0283,Kalyanpur,Commercial,Commercial,,41.84160261653365,5286.21005259497,4883.376048484567,402.83400411040293,7.620469109294172,86607.34572825168,80110.43890995909,6496.906818292584,7.501565558512741,648.3019575116258,10357.257781500743,-3212.0490056965327,False,1.0,0.9237953089070581,0.07620469109294192,16.83900960308621,16.83900960308621,0.0,30,flat,flat
KLNC0284,Kalyanpur,Commercial,Commercial,,41.84160261653365,5257.89125884674,5088.6129995893025,169.27825925743764,3.219508561966094,85928.54522268023,83198.42545737627,2730.1197653039562,3.177197703311472,272.42840902447887,4147.704065692553,-1145.155891364118,False,1.0,0.967804914380339,0.032195085619661,12.647267113483846,12.647267113483846,0.0,30,flat,flat
KLNC0285,Kalyanpur,Commercial,Commercial,,41.84160261653365,1470.1014728360824,1411.7586541880721,58.34281864801028,3.968625276965188,24668.971553900334,23728.018574745227,940.9529791551067,3.814317824718297,93.85318081218689,1550.667095798714,-515.8609358314204,False,1.0,0.960313747230348,0.039686252769651986,7.670311782947254,7.670311782947254,0.0,30,flat,flat
KLNC0286,Kalyanpur,Commercial,Commercial,,41.84160261653365,2942.977040545454,2814.367873524468,128.6091670209862,4.370036369605849,48154.18370991709,46079.97506420261,2074.208645714476,4.307431848932587,206.97749912590305,3555.4850777917754,-1274.2989329513962,False,1.0,0.9508239015548334,0.04917609844516657,7.178079346075224,7.2420276065781675,-0.8908826082830736,30,flat,flat
KLNC0287,Kalyanpur,Commercial,Commercial,,41.84160261653365,5204.246574731048,5074.782079182903,129.46449554814535,2.487670284047523,85469.71375726235,83381.71037306185,2088.0033842004923,2.442974584108836,366.36786008477645,4184.773779563012,-1730.402535277743,False,1.0,0.9751232971595247,0.024876702840475273,17.006497944517307,17.006497944517307,0.0,17,flat,flat
KLNC0288,Kalyanpur,Commercial,Commercial,,41.84160261653365,2534.8638322160646,2447.409711867039,87.45412034902574,3.450052000330541,41746.95888598068,40336.4988329916,1410.4600529890813,3.37859353262433,140.6983198348579,2377.833932959982,-826.6755601360428,False,1.0,0.9473688661707436,0.05263113382925644,7.576435448968546,7.758810993584736,-2.407141799657495,30,flat,flat
KLNC0289,Kalyanpur,Commercial,Commercial,,41.84160261653365,3731.709536658177,3560.8855847581685,170.82395190000852,4.5776325896196335,61380.436407223075,58625.38771097974,2755.048696243335,4.488480137164891,274.8384850386691,5255.631665168944,-2225.7444838869396,False,1.0,0.9500963941411134,0.049903605858886646,11.947430211579368,11.746092654918662,1.6851955030929633,30,flat,flat
KLNC0290,Kalyanpur,Commercial,Commercial,,41.84160261653365,3995.902199877191,3716.273759669614,279.6284402075771,6.99787998355343,65627.16067961934,61117.31319595153,4509.847483667807,6.871922290961386,450.442941331181,5854.02667378963,-893.7362487906421,False,1.0,0.9300212001644657,0.06997879983553434,12.724630238857042,12.724630238857042,0.0,30,flat,flat
KLNC0291,Kalyanpur,Commercial,Commercial,,41.84160261653365,6928.777360354113,6544.640394523609,384.13696583050387,5.544080085882159,113245.14626779113,107049.78528287676,6195.360984914369,5.470751894535224,618.1430861671198,11519.972191690224,-4706.468120608735,False,1.0,0.9423710267117271,0.05762897328827288,15.761496740161778,15.821660865517869,-0.3817158125775354,30,flat,flat
KLNC0292,Kalyanpur,Commercial,Commercial,,41.84160261653365,7971.366382124463,7397.60630647806,573.7600756464026,7.197763195693042,130272.64701090334,121019.04451087816,9253.602500025183,7.1032582144820395,923.6773527415453,16997.52178996327,-6820.241937196541,False,1.0,0.9280223680430699,0.07197763195693008,21.166646261627502,21.166646261627502,0.0,30,flat,flat
KLNC0293,Kalyanpur,Commercial,Commercial,,41.84160261653365,5512.036655719837,5222.285431608407,289.75122411143,5.256699877181611,90310.90218344952,85637.79444098039,4673.107742469132,5.174466902098484,466.5568750980363,6074.052152937528,-934.3875353703597,False,1.0,0.9459703814671838,0.05402961853281618,15.672266985878688,15.70425910387874,-0.2041320380062387,30,flat,flat
KLNC0294,Kalyanpur,Commercial,Commercial,,41.84160261653365,5638.249760857307,5273.201252419159,365.048508438148,6.4745004907807004,92355.91714310664,86468.4147990162,5887.502344090433,6.374797117728446,587.6124449203953,8157.756398588973,-1682.6416095781442,False,1.0,0.9352549950921929,0.0647450049078071,16.965856732622285,16.965856732622285,0.0,30,flat,flat
KLNC0295,Kalyanpur,Commercial,Commercial,,41.84160261653365,3113.6538674545527,2914.8791034789842,198.77476397556848,6.3839711296512585,51251.78457430702,48045.94518090906,3205.8393933979605,6.2550785695081474,319.68827023363735,5161.167310161044,-1635.639646529446,False,1.0,0.9361602887034873,0.06383971129651267,13.265439209390737,13.265439209390737,0.0,30,flat,flat
KLNC0296,Kalyanpur,Commercial,Commercial,,41.84160261653365,3072.9204115002635,3026.987311836436,45.933099663827306,1.4947702352434769,50538.13539667625,49797.32636529804,740.8090313782086,1.4658416373369596,73.85487442024377,1532.4879255966418,-717.8240197981895,False,1.0,0.9708793793216214,0.029120620678378617,10.392549969579377,10.56537635852509,-1.6629834780838362,30,flat,flat
KLNC0297,Kalyanpur,Commercial,Commercial,,41.84160261653365,852.4904472715355,851.9100188166086,0.5804284549268459,0.06808621220150374,14249.815933595324,14240.454783474263,9.361150121061655,0.06569313010557445,1.741285364780591,17.56167613187747,-6.459240646035223,False,1.0,0.999319137877985,0.0006808621220150135,3.699169593683191,3.699169593683191,0.0,1,flat,flat
KLNC0298,Kalyanpur,Commercial,Commercial,,41.84160261653365,3947.573506870597,3803.6043813024744,143.96912556812276,3.647028366097557,64739.040518808986,62417.106461646305,2321.9340571626817,3.5866056069954846,231.25531512112806,3408.653833281389,-855.464460997579,False,1.0,0.9615005707718882,0.03849942922811178,10.496890123847564,10.528676636873005,-0.3028183838299527,30,flat,flat
KLNC0299,Kalyanpur,Commercial,Commercial,,41.84160261653365,6517.031022873327,6297.709776520125,219.3212463532018,3.3653552604465604,106793.50133690101,103256.28827571658,3537.213061184433,3.31219879197106,352.8698362568875,5273.001768672007,-1382.918871230686,False,1.0,0.9638533514874468,0.036146648512553226,18.354419422139486,18.418893959345855,-0.35127527449110335,30,flat,flat
KLNC0300,Kalyanpur,Commercial,Commercial,,41.84160261653365,4914.108201582147,4914.108201582147,0.0,0.0,80743.11207511686,80743.11207511686,0.0,0.0,0.0,0.0,0.0,False,1.0,1.0,0.0,17.693804334227476,17.693804334227476,0.0,0,flat,flat
KLNC0301,Kalyanpur,Commercial,Commercial,,41.84160261653365,3990.9292996330933,3789.010830982836,201.91846865025718,5.059434870690909,65485.53274448253,62228.991682091175,3256.541062391356,4.9729168045376175,325.10538143399293,5268.049135816579,-1686.4026919912303,False,1.0,0.9376476514799562,0.06235234852004379,12.43738914894018,12.623600839254943,-1.4971927635683044,30,flat,flat
KLNC0302,Kalyanpur,Commercial,Commercial,,41.84160261653365,5878.663035041188,5575.02282441424,303.6402106269479,5.165123580260125,96431.75242914427,91534.64311215286,4897.109316991409,5.078316211861531,489.19052488515126,7741.685078961238,-2355.385237084678,False,1.0,0.9471378367854213,0.052862163214578706,16.480517051251113,16.508765599722985,-0.1714057173329249,30,flat,flat
KLNC0303,Kalyanpur,Commercial,Commercial,,41.84160261653365,7775.044281718413,7380.587317693606,394.45696402480735,5.073372571681687,127314.26417555456,120952.46225976247,6361.8019157920935,4.996927843858689,635.0161390364033,9316.856897469803,-2320.0388426413065,False,1.0,0.9480147663732506,0.05198523362674945,23.947212359769477,23.985825571748233,-0.16124303488294542,30,flat,flat
KLNC0304,Kalyanpur,Commercial,Commercial,,41.84160261653365,5222.188403001623,5222.188403001623,0.0,0.0,85938.62956361016,85938.62956361016,0.0,0.0,0.0,0.0,0.0,False,1.0,1.0,0.0,17.39156811058918,17.39156811058918,0.0,0,flat,flat
KLNC0305,Kalyanpur,Commercial,Commercial,,41.84160261653365,1776.0828829846785,1715.0963614707002,60.98652151397823,3.433765512760946,29263.639736776895,28280.049117799455,983.5906189774396,3.361135620260245,97.57843442236262,2159.5365746299453,-1078.3675212301432,False,1.0,0.9420650716684061,0.05793492833159386,5.238839127838916,5.405151481103643,-3.1746031746031704,30,flat,flat
KLNC0306,Kalyanpur,Commercial,Commercial,,41.84160261653365,5240.719682262334,5240.719682262333,9.094947017729282e-13,1.735438559805424e-14,86601.32703552692,86601.3270355269,1.4551915228366852e-11,1.680333977145309e-14,0.0,141.44831321070066,-141.4483132106861,False,1.0,0.9940586287918087,0.005941371208191271,19.275764010069935,19.399323776063564,-0.641010991466176,30,flat,flat
KLNC0307,Kalyanpur,Commercial,Commercial,,41.84160261653365,2501.664195924184,2428.0414825751714,73.62271334901243,2.942949476151181,41017.790151865236,39830.40303097236,1187.3871208928758,2.894810072645712,118.09617971685302,1674.2598424389505,-368.77654182922174,False,1.0,0.970570505238488,0.02942949476151202,7.526662656417871,7.526662656417871,0.0,30,flat,flat
KLNC0308,Kalyanpur,Commercial,Commercial,,41.84160261653365,3301.1243089566246,3301.1243089566246,0.0,0.0,54029.60785485244,54029.60785485244,0.0,0.0,0.0,0.0,0.0,False,1.0,1.0,0.0,10.136238678212756,10.136238678212756,0.0,0,flat,flat
KLNC0309,Kalyanpur,Commercial,Commercial,,41.84160261653365,3563.323599787192,3488.182041035075,75.14155875211691,2.1087492238034313,58362.30801736783,57150.42495781369,1211.883059554144,2.0764824091492473,225.424676256349,2247.13966771356,-809.831931903067,False,1.0,0.9789125077619658,0.02108749223803419,8.888068728678046,8.888068728678046,0.0,16,flat,flat
KLNC0310,Kalyanpur,Commercial,Commercial,,41.84160261653365,3255.7397015163297,3129.0539667644225,126.68573475190715,3.8911505945301608,53826.84490605536,51783.6573759766,2043.1875300787578,3.795852299433039,203.8388597413758,3240.937478697491,-993.9110888773571,False,1.0,0.9421514155279445,0.05784858447205554,15.647593658603768,15.29417213015607,2.2586318136742367,30,flat,flat
KLNC0311,Kalyanpur,Commercial,Commercial,,41.84160261653365,2655.417379575036,2544.3924289153374,111.02495065969879,4.181073435523979,43686.52149778618,41895.91109354656,1790.6104042396255,4.098770840178623,178.36616881171832,2805.5489329501424,-836.5723598987986,False,1.0,0.9535920549218017,0.04640794507819834,6.8544810131021245,6.90292352600416,-0.7067276546457539,30,flat,flat
KLNC0312,Kalyanpur,Commercial,Commercial,,41.84160261653365,2007.4347267681924,1952.1908909062902,55.2438358619022,2.7519617512465926,32966.5322733174,32075.559688536647,890.9725847807567,2.702657887684159,88.39013737904408,1138.037762369854,-158.6750402100531,False,1.0,0.9526784022895141,0.04732159771048594,4.733335274337908,4.891078062862833,-3.332592757165084,30,flat,flat
KLNC0313,Kalyanpur,Commercial,Commercial,,41.84160261653365,770.3264599429983,732.5052302992495,37.82122964374878,4.909766392621049,12716.775145960677,12106.794354266296,609.980791694381,4.796662555507507,60.51396742999713,995.9051730477565,-325.4104139233784,False,1.0,0.9384196731056904,0.06158032689430959,2.902524571676113,2.6557718254424736,8.501314636283956,30,flat,flat
KLNC0314,Kalyanpur,Commercial,Commercial,,41.84160261653365,4259.77967495704,3925.4795047083476,334.3001702486922,7.847827722499842,70209.00159770715,64817.40845193623,5391.593145770916,7.679347409986517,537.7394666194302,7917.757941038544,-1988.425328648198,False,1.0,0.9199026966200594,0.08009730337994059,14.310217527871039,14.337585364014078,-0.19124682129909412,30,flat,flat
KLNC0315,Kalyanpur,Commercial,Commercial,,41.84160261653365,1692.5215169791002,1643.8636137117517,48.6579032673485,2.874876495171278,27859.262025838925,27074.507361943128,784.7546638957974,2.8168537385087684,77.85264522775945,1485.4725184208514,-622.8652092972945,False,1.0,0.9504179017149532,0.04958209828504678,4.840206691592432,4.980130758803006,-2.8908696699590437,30,flat,flat
KLNC0316,Kalyanpur,Commercial,Commercial,,41.84160261653365,5506.784544679387,5136.872440788884,369.9121038905032,6.71738835774698,90594.74613658915,84628.80372504311,5965.942411546042,6.5853072788031515,595.2528130561211,7313.894469418635,-752.699244816471,False,1.0,0.93092412831141,0.06907587168858997,17.611928395205528,17.65349124732647,-0.23599262493173695,30,flat,flat
KLNC0317,Kalyanpur,Commercial,Commercial,,41.84160261653365,3008.4709803044952,2904.361046118294,104.10993418620137,3.4605596951998563,49300.2449703509,47621.15995179584,1679.085018555059,3.405835041113606,167.3176299804917,2925.153958686044,-1078.7513101504933,False,1.0,0.9653944030480015,0.034605596951998496,7.738476113778251,7.738476113778251,0.0,30,flat,flat
KLNC0318,Kalyanpur,Commercial,Commercial,,41.84160261653365,2413.1937194173665,2311.770718760877,101.42300065648942,4.202853664022325,39756.31330676329,38120.563152175426,1635.7501545878622,4.114441251044248,232.9322990595927,2589.265793147963,-720.5833395005081,False,1.0,0.9552174746125501,0.04478252538744987,7.284859104465456,7.3112317566406695,-0.36202007200177455,30,flat,flat
KLNC0319,Kalyanpur,Commercial,Commercial,,41.84160261653365,2629.3439609611464,2472.9820250787297,156.36193588241667,5.946804153582827,43006.134402381365,40484.32910046975,2521.8053019116123,5.863826956212026,251.64149023798905,3848.139753072932,-1074.6929609233302,False,1.0,0.9367905847092677,0.06320941529073232,7.977672662848143,8.016709799705902,-0.4893298899007787,30,flat,flat
KLNC0320,Kalyanpur,Commercial,Commercial,,41.84160261653365,2464.0581343860827,2347.271119243143,116.78701514293971,4.739620933174008,40411.27959137874,38527.73861115341,1883.5409802253344,4.660928827968034,187.76305079338496,3225.2871593807517,-1153.9831283620324,False,1.0,0.9526037906682602,0.047396209331739825,8.077817835790157,8.077817835790157,0.0,30,flat,flat
KLNC0321,Kalyanpur,Commercial,Commercial,,41.84160261653365,1577.757382212732,1540.3472385224654,37.41014369026652,2.371096095763502,25942.19606032694,25338.84526289032,603.3507974366184,2.325750665184876,59.85622990442599,1109.5478922203376,-446.34086487929324,False,1.0,0.9572265826461106,0.0427734173538894,3.387151362554059,3.5065002962933405,-3.523578398613022,30,flat,flat
KLNC0322,Kalyanpur,Commercial,Commercial,,41.84160261653365,2406.8895046385696,2308.7027948969244,98.18670974164525,4.0794024633212,39649.91393081085,38066.35867609759,1583.555254713261,3.9938428554386447,157.68847051375417,2614.7117479112007,-873.4680226841856,False,1.0,0.9524407802900733,0.047559219709926714,8.546710011448502,7.4398823224831965,12.95033629879434,30,flat,flat
KLNC0323,Kalyanpur,Commercial,Commercial,,41.84160261653365,3116.252365719525,2882.248438840317,234.0039268792084,7.509145583117053,51218.0931543245,47444.07782161663,3774.0153327078733,7.368519795019393,376.3665171314665,6247.9448215386465,-2097.562971699307,False,1.0,0.9249085441688294,0.0750914558311706,10.807123613188251,10.807123613188251,0.0,30,flat,flat
KLNC0324,Kalyanpur,Commercial,Commercial,,41.84160261653365,6698.496269671568,6372.895097725423,325.60117194614577,4.8608099316312705,109483.92283726306,104232.62713611561,5251.29570114745,4.796408061622873,561.4637134191973,10374.403471029886,-4561.6440564632385,False,1.0,0.9430607827358095,0.05693921726419049,17.719254295622477,17.94070652774968,-1.2497830237805867,30,flat,flat
KLNC0325,Kalyanpur,Commercial,Commercial,,41.84160261653365,4605.052333435435,4605.052333435435,0.0,0.0,75465.70903364668,75465.70903364668,0.0,0.0,0.0,0.0,0.0,False,1.0,1.0,0.0,11.515278370840043,11.515278370840043,0.0,0,flat,flat
KLNC0326,Kalyanpur,Commercial,Commercial,,41.84160261653365,4114.4419479622775,3947.9377892012526,166.50415876102488,4.046822409135895,67789.39473673562,65104.015664237806,2685.37907249781,3.9613557296486395,267.85998694669917,4574.211707302685,-1620.9726478581756,False,1.0,0.9486360198395002,0.05136398016049981,15.224027370824551,15.401924020926286,-1.168525553511926,30,flat,flat
KLNC0327,Kalyanpur,Commercial,Commercial,,41.84160261653365,1828.2379725298097,1714.6762472511318,113.56172527867784,6.211539579912439,30133.147020960772,28301.62351566625,1831.5235052945209,6.07810231045733,182.4857862686964,2466.763414464478,-452.75412290126087,False,1.0,0.9378846042008757,0.062115395799124284,6.184326482908289,6.184326482908289,0.0,30,flat,flat
KLNC0328,Kalyanpur,Commercial,Commercial,,41.84160261653365,5809.15574687693,5456.119399800333,353.03634707659694,6.077240178426846,95433.5888856311,89739.81867997977,5693.770205651337,5.966211972259399,568.374227830194,7611.648485208747,-1349.5040517272155,False,1.0,0.9392275982157318,0.06077240178426824,19.775259850684904,19.775259850684904,0.0,30,flat,flat
KLNC0329,Kalyanpur,Commercial,Commercial,,41.84160261653365,1508.1309474467007,1449.9700156298086,58.160931816892116,3.8564908382365517,24639.710920420388,23701.69141207755,938.0195083428371,3.8069420188101506,93.0574909070276,1542.628097711656,-511.5510984617913,False,1.0,0.9614350916176344,0.03856490838236559,3.553885788754477,3.553885788754477,0.0,30,flat,flat
KLNC0330,Kalyanpur,Commercial,Commercial,,41.84160261653365,7868.7720522754635,7868.7720522754635,0.0,0.0,128603.83065909868,128603.83065909868,0.0,0.0,0.0,0.0,0.0,False,1.0,1.0,0.0,21.95314442216484,21.95314442216484,0.0,0,flat,flat
KLNC0331,Kalyanpur,Commercial,Commercial,,41.84160261653365,7103.61013149936,6756.893773751965,346.7163577473948,4.880847221752207,116527.89920082167,110936.0577830717,5591.84141774998,4.7987146907309475,557.9793765206007,10853.702698359002,-4703.881904088422,False,1.0,0.9450234068160731,0.05497659318392689,22.98172396475393,23.155596689314518,-0.7565695455538919,30,flat,flat
KLNC0332,Kalyanpur,Commercial,Commercial,,41.84160261653365,3384.9925083820394,3242.8556587255844,142.13684965645507,4.199029962532878,55542.884175185536,53250.50106392622,2292.383111259318,4.127230959107212,228.51897095744985,3070.358912852944,-549.4568306361762,False,1.0,0.9509839823305026,0.04901601766949737,8.592773615972881,8.687146643534453,-1.0982836483221692,30,flat,flat
KLNC0333,Kalyanpur,Commercial,Commercial,,41.84160261653365,3112.0403904248215,2929.3570630239537,182.6833274008677,5.8702106811643855,51632.11241677152,48685.79571245033,2946.316704321187,5.706364830744642,293.6900113956747,5417.811927143499,-2177.8052114266375,False,1.0,0.9303052064604227,0.0696947935395773,10.995668536918785,11.131421255556154,-1.2346017723394298,30,flat,flat
KLNC0334,Kalyanpur,Commercial,Commercial,,41.84160261653365,2958.8179892482,2882.502954556883,76.31503469131667,2.5792405943397485,48565.59153059497,47334.78265109341,1230.8088795015574,2.5343228419779096,122.10405550610677,1932.5357505472703,-579.6228155396061,False,1.0,0.9644320845001587,0.035567915499841285,6.3661094610326625,6.480887054404382,-1.8029472172019727,30,flat,flat
KLNC0335,Kalyanpur,Commercial,Commercial,,41.84160261653365,2101.1939505327887,2004.1929432465195,97.00100728626921,4.616470900350402,34658.23103419282,33093.798788679866,1564.4322455129513,4.513883711980359,155.84038432275437,2210.2527123738782,-489.9800825381726,False,1.0,0.9538352909964958,0.04616470900350422,7.168995536260018,7.168995536260018,0.0,30,flat,flat
KLNC0336,Kalyanpur,Commercial,Commercial,,41.84160261653365,2235.348441437561,2158.9188306819897,76.4296107555715,3.419136334128711,36755.72466350498,35523.06790123913,1232.656762265855,3.3536456526179403,122.96974718026007,1988.9497930688285,-633.3232836227135,False,1.0,0.9583559789866224,0.04164402101337761,6.596714497714954,6.420032217084219,2.6783375374504437,30,flat,flat
KLNC0337,Kalyanpur,Commercial,Commercial,,41.84160261653365,1902.37677370972,1831.6123279922144,70.76444571750562,3.719791299780841,31347.757606390365,30206.468625858433,1141.2889805319319,3.6407356304786394,113.22311314801188,1310.5688894884445,-56.05679580850074,False,1.0,0.9427486110663617,0.05725138893363835,5.008857444148071,5.160243423721355,-3.0223655047350335,30,flat,flat
KLNC0338,Kalyanpur,Commercial,Commercial,,41.84160261653365,2319.075908929075,2260.447877069349,58.62803185972598,2.5280773101903247,38115.531259208125,37169.97836137446,945.5528978336661,2.480754869723179,94.3834066531406,1463.587338017301,-423.65103353049426,False,1.0,0.9713640229596535,0.028635977040346483,7.361904807524984,7.392781683013823,-0.4194142181419954,30,flat,flat
KLNC0339,Kalyanpur,Commercial,Commercial,,41.84160261653365,7123.954240921245,6689.5773910995695,434.37684982167593,6.097412127193897,116837.10899757783,109831.47916365386,7005.629833923973,5.996065714078228,699.174161183204,9981.974495665267,-2277.1705005580898,False,1.0,0.9328277976021917,0.0671722023978083,23.463369783941655,23.265766242976174,0.84217886341595,30,flat,flat
KLNC0340,Kalyanpur,Commercial,Commercial,,41.84160261653365,2484.717200892598,2394.822965883717,89.89423500888097,3.617885970145326,41202.79401599582,39752.97979377259,1449.8142222232345,3.5187279330144094,144.43560376584273,1933.1414146480147,-338.8915886589375,False,1.0,0.9607014023064246,0.039298597693575354,10.670504094078158,10.701264676027774,-0.2882767456758457,30,flat,flat
KLNC0341,Kalyanpur,Industrial,Industrial,,37.84738363836992,3839.5846204653203,3817.606800688351,21.977819776969227,0.5724009743091879,52198.7678294497,51905.001301400844,293.76652804885816,0.5627844109437384,35.253441525272024,541.8282797330617,-212.80831015893148,False,1.0,0.9884495530777533,0.011550446922246715,13.233333452293133,13.322107653028013,-0.6708377828981328,30,flat,flat
KLNC0342,Kalyanpur,Industrial,Industrial,,37.84738363836992,6184.155937536315,6168.420176237901,15.735761298414218,0.2544528543160109,83764.28033907915,83553.94828568389,210.33205339526467,0.2510999348932948,25.177218077459656,253.39374163642987,-17.884470163705544,False,1.0,0.9974554714568402,0.0025445285431597853,18.989886179578274,18.989886179578274,0.0,30,flat,flat
KLNC0343,Kalyanpur,Industrial,Industrial,,37.84738363836992,6299.342681755865,6257.239905247831,42.10277650803346,0.6683677747834131,85858.32395568976,85295.55719349513,562.7667621946312,0.6554597577342262,67.48249274907394,1111.3337405829207,-481.0844856392156,False,1.0,0.9876455756035718,0.012354424396428199,23.087285218540654,23.229039093147453,-0.6139910919147871,30,flat,flat
KLNC0344,Kalyanpur,Industrial,Industrial,,37.84738363836992,1975.229748528386,1975.229748528386,0.0,0.0,27117.58843370467,27117.58843370467,0.0,0.0,0.0,153.5927259036438,-153.5927259036438,False,1.0,0.9849868635055674,0.015013136494432588,8.764520840878276,8.88219700684066,-1.3426423200859288,30,flat,flat
KLNC0345,Kalyanpur,Industrial,Industrial,,37.84738363836992,4975.379139379207,4967.162579556172,8.216559823034913,0.16514439589140775,67637.40526651217,67527.57861963758,109.826646874586,0.16237560628151723,13.196006152878981,162.0899790090074,-39.067325981542425,False,1.0,0.9983485560410855,0.001651443958914478,17.96781404002838,17.96781404002838,0.0,30,flat,flat
KLNC0346,Kalyanpur,Industrial,Industrial,,37.84738363836992,6389.100027367196,6365.598825300815,23.501202066380756,0.36783274585959286,86720.38551580363,86406.25669838337,314.12881742026366,0.36223180461186705,37.70442615592957,882.6828025915013,-530.849559015308,False,1.0,0.9890503987929714,0.010949601207028592,20.671136721904226,20.85548948105147,-0.8918365817390934,30,flat,flat
KLNC0347,Kalyanpur,Industrial,Industrial,,37.84738363836992,4748.159786973586,4658.718388793667,89.4413981799189,1.8837065767099566,64358.357792582436,63162.83934381055,1195.518448771887,1.8575962622055522,143.58317083144055,1531.623138171343,-192.52151856801538,False,1.0,0.9786787580295471,0.02132124197045293,15.589152294135918,15.635958903471305,-0.30025115190512686,30,flat,flat
KLNC0348,Kalyanpur,Industrial,Industrial,,37.84738363836992,3822.596643714025,3809.5768540017134,13.019789712311649,0.3406006682322008,51880.978038203524,51706.949019013904,174.02901918962016,0.3354389716043338,20.831663539698585,368.22851350183447,-173.36783077251573,False,1.0,0.9911479292635796,0.008852070736420359,11.702383677239588,11.784995209678668,-0.7059376509740815,30,flat,flat
KLNC0349,Kalyanpur,Industrial,Industrial,,37.84738363836992,3867.349199753605,3867.3491997536057,-9.094947017729282e-13,-2.3517263500044777e-14,52605.163078506564,52605.16307850657,-7.275957614183426e-12,-1.3831261397906852e-14,0.0,143.99003181239974,-143.990031812407,False,1.0,0.9928180631828023,0.007181936817197698,14.634790763733484,14.745009246283765,-0.7531264664433267,30,flat,flat
KLNC0350,Kalyanpur,Industrial,Industrial,,37.84738363836992,3707.809997668967,3687.036750438317,20.77324723064976,0.5602565191773452,50492.84233384224,50215.17672473377,277.6656091084733,0.5499108314652572,33.320653436669716,404.29818739572926,-93.31192485058625,False,1.0,0.9894134858361793,0.010586514163820726,12.659013694757867,12.732345186132589,-0.5792828188904529,30,flat,flat
KLNC0351,Kalyanpur,Industrial,Industrial,,37.84738363836992,4022.960575661585,3969.9684557859605,52.99211987562467,1.317241839162443,54634.74253458058,53926.42336426304,708.3191703175398,1.2964629052094743,85.02288597896829,1408.6136290961495,-615.2715727996414,False,1.0,0.9842647589600366,0.015735241039963377,13.044926855869182,13.085840087919498,-0.3136332806029402,30,flat,flat
KLNC0352,Kalyanpur,Industrial,Industrial,,37.84738363836992,3259.799373648443,3227.4604746699033,32.33889897853987,0.9920518188929347,44091.22832787192,43658.97043467526,432.25789319665637,0.9803716285295867,52.03700660536191,927.0682113900275,-442.7733115880092,False,1.0,0.9834121183877591,0.016587881612240896,11.50244788275625,11.588694974467353,-0.7498151053603045,30,flat,flat
KLNC0353,Kalyanpur,Industrial,Industrial,,37.84738363836992,6878.185823925011,6854.612164895401,23.5736590296101,0.34273076699399024,93318.23081549366,93003.13350207437,315.09731341929,0.33765890187341,37.885966441888996,556.0979927601703,-203.11471289899134,False,1.0,0.9951676526322434,0.0048323473677566176,18.501773233350992,18.54012293228581,-0.2072758024387144,30,flat,flat
KLNC0354,Kalyanpur,Industrial,Industrial,,37.84738363836992,3709.679947200432,3665.766722485856,43.91322471457579,1.1837469900257998,50543.03701425457,49956.070896107194,586.9661181473784,1.1613194473886428,70.6207368496389,976.3159723763198,-318.72911737930247,False,1.0,0.9881625300997423,0.011837469900257691,12.504816823560745,12.504816823560745,0.0,30,flat,flat
KLNC0355,Kalyanpur,Industrial,Industrial,,37.84738363836992,2523.0419877664344,2511.8680177583738,11.173970008060678,0.4428768947262992,34434.88072948005,34285.5238593673,149.3568701127515,0.4337371495086538,17.878352012897693,386.30942499680424,-219.07420287115505,False,1.0,0.9877469101551931,0.012253089844806886,10.949589693961371,11.027927353287804,-0.7154392220709019,30,flat,flat
KLNC0356,Kalyanpur,Industrial,Industrial,,37.84738363836992,3406.3531637490414,3395.594883993857,10.758279755184503,0.3158298402431036,46246.69956325156,46102.89901690389,143.80054634767293,0.3109422893000117,17.213247608297394,261.2846732486465,-100.2708792926762,False,1.0,0.9968417015975686,0.0031582984024314253,10.061855649955572,10.061855649955572,0.0,30,flat,flat
KLNC0357,Kalyanpur,Hospital,Hospital,,4.522339746454612,37404.389510879555,37404.389510879555,0.0,0.0,361420.211327133,361420.211327133,0.0,0.0,0.0,0.0,0.0,False,1.0,1.0,0.0,73.21842972874462,73.21842972874462,0.0,0,flat,flat
KLNC0358,Kalyanpur,Hospital,Hospital,,4.522339746454612,38274.62892316876,38274.62892316876,0.0,0.0,368587.1613424112,368587.1613424112,0.0,0.0,0.0,0.0,0.0,False,1.0,1.0,0.0,70.3687940336608,70.3687940336608,0.0,0,flat,flat
KLNC0359,Kalyanpur,Hospital,Hospital,,4.522339746454612,48012.403976748865,48012.403976748865,0.0,0.0,462065.36878905614,462065.36878905614,0.0,0.0,0.0,0.0,0.0,False,1.0,1.0,0.0,84.3113585833576,84.3113585833576,0.0,0,flat,flat
KLNC0360,Kalyanpur,Hospital,Hospital,,4.522339746454612,26974.98673051504,26974.98673051504,0.0,0.0,260519.3114067192,260519.3114067192,0.0,0.0,0.0,0.0,0.0,False,1.0,1.0,0.0,54.489540911414394,54.489540911414394,0.0,0,flat,flat
KLNC0361,Kalyanpur,Hospital,Hospital,,4.522339746454612,34660.11384443765,34660.11384443765,0.0,0.0,333358.2318067688,333358.2318067688,0.0,0.0,0.0,0.0,0.0,False,1.0,1.0,0.0,58.80363180761417,58.80363180761417,0.0,0,flat,flat
KLNC0362,Kalyanpur,Hospital,Hospital,,4.522339746454612,29284.95221533036,29284.95221533036,0.0,0.0,283414.7584261768,283414.7584261768,0.0,0.0,0.0,0.0,0.0,False,1.0,1.0,0.0,50.910285534710546,50.910285534710546,0.0,0,flat,flat
KLNC0363,Kalyanpur,Hospital,Hospital,,4.522339746454612,43522.871709786916,43522.871709786916,0.0,0.0,418805.08842225024,418805.08842225024,0.0,0.0,0.0,0.0,0.0,False,1.0,1.0,0.0,76.2937059780185,76.2937059780185,0.0,0,flat,flat
KLNC0364,Kalyanpur,Hospital,Hospital,,4.522339746454612,28110.84001988761,28110.84001988761,0.0,0.0,271092.25728898204,271092.25728898204,0.0,0.0,0.0,0.0,0.0,False,1.0,1.0,0.0,50.23133778568722,50.23133778568722,0.0,0,flat,flat
KLNC0365,Kalyanpur,Hospital,Hospital,,4.522339746454612,29995.114798812825,29995.114798812825,0.0,0.0,289722.0783757189,289722.0783757189,0.0,0.0,0.0,0.0,0.0,False,1.0,1.0,0.0,52.62070690485271,52.62070690485271,0.0,0,flat,flat
KLNC0366,Kalyanpur,Hospital,Hospital,,4.522339746454612,48322.86802780281,48322.86802780281,0.0,0.0,465677.0534341962,465677.0534341962,0.0,0.0,0.0,0.0,0.0,False,1.0,1.0,0.0,83.31339148271047,83.31339148271047,0.0,0,flat,flat
KLNC0367,Kalyanpur,Hospital,Hospital,,4.522339746454612,23117.055570837485,23117.055570837485,0.0,0.0,222945.8205618832,222945.8205618832,0.0,0.0,0.0,0.0,0.0,False,1.0,1.0,0.0,38.75709721547267,38.75709721547267,0.0,0,flat,flat
KLNC0368,Kalyanpur,Hospital,Hospital,,4.522339746454612,45088.00955231303,45088.00955231303,0.0,0.0,434276.3107708546,434276.3107708546,0.0,0.0,0.0,0.0,0.0,False,1.0,1.0,0.0,75.98232035164787,75.98232035164787,0.0,0,flat,flat
KLNC0369,Kalyanpur,Educational,Educational,,32.2077240164891,2060.390987255386,2060.390987255386,0.0,0.0,20240.365356394308,20240.365356394308,0.0,0.0,0.0,0.0,0.0,False,1.0,1.0,0.0,7.41064259289127,7.41064259289127,0.0,0,flat,flat
KLNC0370,Kalyanpur,Educational,Educational,,32.2077240164891,5876.466546057578,5876.466546057578,0.0,0.0,57050.72335391214,57050.72335391214,0.0,0.0,0.0,0.0,0.0,False,1.0,1.0,0.0,20.42311075402005,20.42311075402005,0.0,0,flat,flat
KLNC0371,Kalyanpur,Educational,Educational,,32.2077240164891,8611.299861791722,8594.456585270815,16.84327652090724,0.19559505290996473,83277.87693667584,83117.82370153592,160.05323513991607,0.19219178133181747,50.52982956272089,535.6985578815963,-325.11549317895935,False,1.0,0.9980440494709004,0.0019559505290995816,24.003963551179567,24.003963551179567,0.0,2,flat,flat
KLNC0372,Kalyanpur,Educational,Educational,,32.2077240164891,12662.007886338344,12662.007886338344,0.0,0.0,122393.42993993012,122393.42993993012,0.0,0.0,0.0,0.0,0.0,False,1.0,1.0,0.0,42.5291484389807,42.5291484389807,0.0,0,flat,flat
KLNC0373,Kalyanpur,Educational,Educational,,32.2077240164891,6121.597027338107,6121.597027338107,0.0,0.0,59455.67575228037,59455.67575228037,0.0,0.0,0.0,0.0,0.0,False,1.0,1.0,0.0,21.95695663531587,21.95695663531587,0.0,0,flat,flat
KLNC0374,Kalyanpur,Educational,Educational,,32.2077240164891,3048.4868669879943,3048.4868669879943,0.0,0.0,29623.446453553417,29623.446453553417,0.0,0.0,0.0,0.0,0.0,False,1.0,1.0,0.0,10.37099576130964,10.37099576130964,0.0,0,flat,flat
KLNC0375,Kalyanpur,Educational,Educational,,32.2077240164891,1865.530575496687,1865.530575496687,0.0,0.0,18212.30429365727,18212.30429365727,0.0,0.0,0.0,0.0,0.0,False,1.0,1.0,0.0,5.875064105477131,5.875064105477131,0.0,0,flat,flat
KLNC0376,Kalyanpur,Educational,Educational,,32.2077240164891,8475.028906180214,8475.028906180214,0.0,0.0,82436.56218097749,82436.56218097749,0.0,0.0,0.0,0.0,0.0,False,1.0,1.0,0.0,30.993240185565814,30.993240185565814,0.0,0,flat,flat
KLNC0377,Kalyanpur,Educational,Educational,,32.2077240164891,1433.614602272143,1433.614602272143,0.0,0.0,14013.52275809104,14013.52275809104,0.0,0.0,0.0,0.0,0.0,False,1.0,1.0,0.0,4.600056864714095,4.600056864714095,0.0,0,flat,flat
KLNC0378,Kalyanpur,Educational,Educational,,32.2077240164891,2208.65278582822,2208.65278582822,0.0,0.0,21409.823097332664,21409.823097332664,0.0,0.0,0.0,0.0,0.0,False,1.0,1.0,0.0,6.627911913800073,6.627911913800073,0.0,0,flat,flat
KLNC0379,Kalyanpur,Educational,Educational,,32.2077240164891,6055.336358196331,6055.336358196331,0.0,0.0,59462.333743760646,59462.333743760646,0.0,0.0,0.0,0.0,0.0,False,1.0,1.0,0.0,28.880287883726243,28.880287883726243,0.0,0,flat,flat
KLNC0380,Kalyanpur,Educational,Educational,,32.2077240164891,2222.8960990708947,2222.8960990708947,0.0,0.0,21809.77018142118,21809.77018142118,0.0,0.0,0.0,0.0,0.0,False,1.0,1.0,0.0,8.524818869120455,8.524818869120455,0.0,0,flat,flat
KLNC0381,Kalyanpur,Educational,Educational,,32.2077240164891,2118.5998176252397,2118.5998176252397,0.0,0.0,20635.994766983844,20635.994766983844,0.0,0.0,0.0,0.0,0.0,False,1.0,1.0,0.0,7.820078710449452,7.820078710449452,0.0,0,flat,flat
KLNC0382,Kalyanpur,Educational,Educational,,32.2077240164891,13178.298639672968,13178.298639672968,0.0,0.0,127078.98282349239,127078.98282349239,0.0,0.0,0.0,0.0,0.0,False,1.0,1.0,0.0,40.838684398062064,40.838684398062064,0.0,0,flat,flat
KLNC0383,Kalyanpur,Educational,Educational,,32.2077240164891,7217.893956392481,7217.893956392481,0.0,0.0,70207.13732061956,70207.13732061956,0.0,0.0,0.0,0.0,0.0,False,1.0,1.0,0.0,26.685276264428524,26.685276264428524,0.0,0,flat,flat
KLNC0384,Kalyanpur,Educational,Educational,,32.2077240164891,2652.8061462973474,2652.8061462973474,0.0,0.0,25926.490405190547,25926.490405190547,0.0,0.0,0.0,0.0,0.0,False,1.0,1.0,0.0,8.065809489181756,8.065809489181756,0.0,0,flat,flat
KLNC0385,Kalyanpur,Educational,Educational,,32.2077240164891,2642.4778693758676,2642.4778693758676,0.0,0.0,25752.745953744186,25752.745953744186,0.0,0.0,0.0,0.0,0.0,False,1.0,1.0,0.0,7.041405375516168,7.041405375516168,0.0,0,flat,flat
KLNC0386,Kalyanpur,Educational,Educational,,32.2077240164891,1688.691948814847,1688.691948814847,0.0,0.0,16512.995243613084,16512.995243613084,0.0,0.0,0.0,0.0,0.0,False,1.0,1.0,0.0,6.909226935497092,6.909226935497092,0.0,0,flat,flat
KLNC0387,Kalyanpur,Educational,Educational,,32.2077240164891,2104.967459254294,2104.967459254294,0.0,0.0,20638.75328156393,20638.75328156393,0.0,0.0,0.0,0.0,0.0,False,1.0,1.0,0.0,9.247256299618826,9.247256299618826,0.0,0,flat,flat
KLNC0388,Kalyanpur,Educational,Educational,,32.2077240164891,7763.343870338437,7763.343870338437,0.0,0.0,75799.77512789101,75799.77512789101,0.0,0.0,0.0,0.0,0.0,False,1.0,1.0,0.0,31.241048402109836,31.241048402109836,0.0,0,flat,flat
KLNC0389,Kalyanpur,Government,Government,,43.345383890742546,2651.129985748426,2651.129985748426,0.0,0.0,43683.52441015062,43683.52441015062,0.0,0.0,0.0,0.0,0.0,False,1.0,1.0,0.0,8.951063689014443,8.951063689014443,0.0,0,flat,flat
KLNC0390,Kalyanpur,Government,Government,,43.345383890742546,5838.317926486511,5838.317926486511,0.0,0.0,95908.64151837444,95908.64151837444,0.0,0.0,0.0,0.0,0.0,False,1.0,1.0,0.0,18.714981540556863,18.714981540556863,0.0,0,flat,flat
KLNC0391,Kalyanpur,Government,Government,,43.345383890742546,2490.775003239409,2490.775003239409,0.0,0.0,41267.41925224519,41267.41925224519,0.0,0.0,0.0,0.0,0.0,False,1.0,1.0,0.0,7.276379414218476,7.276379414218476,0.0,0,flat,flat
KLNC0392,Kalyanpur,Government,Government,,43.345383890742546,2926.780498993545,2926.780498993545,0.0,0.0,48299.31588776789,48299.31588776789,0.0,0.0,0.0,0.0,0.0,False,1.0,1.0,0.0,10.059721069255067,10.059721069255067,0.0,0,flat,flat
KLNC0393,Kalyanpur,Government,Government,,43.345383890742546,4060.832729162799,4060.832729162799,0.0,0.0,66910.61025593762,66910.61025593762,0.0,0.0,0.0,0.0,0.0,False,1.0,1.0,0.0,15.72236161628048,15.72236161628048,0.0,0,flat,flat
KLNC0394,Kalyanpur,Government,Government,,43.345383890742546,1278.9380026648748,1278.9380026648748,0.0,0.0,21297.6621069791,21297.6621069791,0.0,0.0,0.0,0.0,0.0,False,1.0,1.0,0.0,3.544058375572552,3.544058375572552,0.0,0,flat,flat
KLNC0395,Kalyanpur,Government,Government,,43.345383890742546,5482.576401318383,5482.576401318383,0.0,0.0,89670.39220046288,89670.39220046288,0.0,0.0,0.0,0.0,0.0,False,1.0,1.0,0.0,19.01988456163023,19.01988456163023,0.0,0,flat,flat
KLNC0396,Kalyanpur,Government,Government,,43.345383890742546,3872.3461416357104,3872.3461416357104,0.0,0.0,64088.04857230073,64088.04857230073,0.0,0.0,0.0,0.0,0.0,False,1.0,1.0,0.0,15.627326323768823,15.627326323768823,0.0,0,flat,flat
KLNC0397,Kalyanpur,Government,Government,,43.345383890742546,3380.2186451865264,3380.2186451865264,0.0,0.0,55725.766309568295,55725.766309568295,0.0,0.0,0.0,0.0,0.0,False,1.0,1.0,0.0,10.507023911526217,10.507023911526217,0.0,0,flat,flat
KLNC0398,Kalyanpur,Government,Government,,43.345383890742546,3337.877224375454,3337.877224375454,0.0,0.0,54929.48387472732,54929.48387472732,0.0,0.0,0.0,0.0,0.0,False,1.0,1.0,0.0,12.472847437049264,12.472847437049264,0.0,0,flat,flat
KLNC0399,Kalyanpur,Government,Government,,43.345383890742546,3716.172412559262,3716.172412559262,0.0,0.0,61144.028669755775,61144.028669755775,0.0,0.0,0.0,0.0,0.0,False,1.0,1.0,0.0,11.132712150396255,11.132712150396255,0.0,0,flat,flat
KLNC0400,Kalyanpur,Government,Government,,43.345383890742546,5837.264069899267,5837.264069899267,0.0,0.0,96203.49491933538,96203.49491933538,0.0,0.0,0.0,0.0,0.0,False,1.0,1.0,0.0,18.560230684290595,18.560230684290595,0.0,0,flat,flat
