date,substation,slot,clock,G_kw,Bch_kw,Bdis_kw,T_out_kw,T_in_kw,nu_kwh,Z_critical_kw,Z_shiftable_kw,Z_curtailable_kw,SoC_kwh,pi_tk_per_kwh,pi4_tk_per_kwh,c1_slack_kw,post_response_kw,baseline_kw,theta_c,day_mode,weather_source
2026-06-14,Dhanmondi,0,00:00,47108.636989972314,0.0,0.0,0.0,0.0,0.0,0.0,0.0,0.0,20000.0,8.39,0.0,-7.275957614183426e-12,47875.9164302685,47792.80337136417,27.104611918912664,observed,observed
2026-06-14,Dhanmondi,1,00:30,47017.536110349334,0.0,0.0,0.0,0.0,0.0,0.0,0.0,0.0,20000.0,8.39,0.0,-7.275957614183426e-12,47783.33174987365,47700.21869096932,26.98697319145164,observed,observed
2026-06-14,Dhanmondi,2,01:00,53008.566316131604,0.0,0.0,0.0,0.0,0.0,0.0,0.0,0.0,20000.0,8.39,0.0,-7.275957614183426e-12,53871.94054414424,53788.82748523991,26.880991112975366,observed,observed
2026-06-14,Dhanmondi,3,01:30,51685.79790270819,0.0,0.0,0.0,0.0,0.0,0.0,0.0,0.0,20000.0,8.39,0.0,-7.275957614183426e-12,52527.627609954725,52444.51455105039,26.785510643230637,observed,observed
2026-06-14,Dhanmondi,4,02:00,50383.34574446178,0.0,0.0,0.0,0.0,0.0,0.0,0.0,0.0,20000.0,8.39,0.0,-7.275957614183426e-12,51203.961830876884,51120.84877197254,26.699491193209045,observed,observed
2026-06-14,Dhanmondi,5,02:30,55538.188597551336,10000.0,0.0,0.0,0.0,0.0,0.0,0.0,0.0,24750.0,8.39,0.0,-7.275957614183426e-12,46279.88944248703,46196.7763835827,26.621995284340986,observed,observed
2026-06-14,Dhanmondi,6,03:00,48314.349870208396,0.0,0.0,0.0,0.0,0.0,0.0,0.0,0.0,24750.0,8.39,0.0,-7.275957614183426e-12,49101.26729544783,49018.15423654349,26.55217833143349,observed,observed
2026-06-14,Dhanmondi,7,03:30,43185.80543193314,2105.263157894737,0.0,0.0,0.0,0.0,0.0,0.0,0.0,25750.0,8.39,0.0,-7.275957614183426e-12,41749.639439592094,41666.52638068776,26.489279438001745,observed,observed
2026-06-14,Dhanmondi,8,04:00,53322.58560275407,0.0,0.0,0.0,0.0,0.0,0.0,0.0,0.0,25750.0,8.39,0.0,-7.275957614183426e-12,54191.07440333504,54107.96134443074,26.43261310367777,observed,observed
2026-06-14,Dhanmondi,9,04:30,43403.56248872991,0.0,0.0,0.0,0.0,0.0,0.0,0.0,0.0,25750.0,8.39,0.0,-7.275957614183426e-12,44110.495723506,44027.38266460167,26.381561753319733,observed,observed
2026-06-14,Dhanmondi,10,05:00,64567.880597871444,0.0,0.0,0.0,0.0,0.0,0.0,0.0,0.0,25750.0,8.39,0.0,-7.275957614183426e-12,65619.52654756834,65536.41348866401,26.33556900640093,observed,observed
2026-06-14,Dhanmondi,11,05:30,60527.95742826224,0.0,0.0,0.0,0.0,0.0,0.0,0.0,0.0,25750.0,8.39,0.0,-7.275957614183426e-12,61513.803342414125,61430.69028350979,26.4083004179822,observed,observed
2026-06-14,Dhanmondi,12,06:00,63922.14836283487,0.0,0.0,0.0,0.0,0.0,0.0,0.0,0.0,25750.0,8.39,0.0,-7.275957614183426e-12,64963.27698281184,64880.16392390751,26.916570743420596,observed,observed
2026-06-14,Dhanmondi,13,06:30,78544.76534642265,10000.0,0.0,0.0,0.0,0.0,0.0,0.0,0.0,30500.0,8.39,0.0,1.4551915228366852e-11,69661.18459670643,69578.0715378021,27.416757986534215,observed,observed
2026-06-14,Dhanmondi,14,07:00,76443.93280295389,0.0,0.0,0.0,0.0,0.0,0.0,0.0,0.0,30500.0,8.39,0.0,1.4551915228366852e-11,77689.00932655559,77605.89626765126,27.904815722412494,observed,observed
2026-06-14,Dhanmondi,15,07:30,83532.99313142203,0.0,0.0,0.0,0.0,0.0,0.0,0.0,0.0,30500.0,8.39,0.0,1.4551915228366852e-11,84893.53235122128,84810.41929231693,28.37679565167867,observed,observed
2026-06-14,Dhanmondi,16,08:00,86688.54443463977,10000.0,0.0,0.0,0.0,0.0,0.0,0.0,0.0,35250.0,8.39,0.0,1.4551915228366852e-11,77937.60505729087,77854.49199838653,28.828879541522205,observed,observed
2026-06-14,Dhanmondi,17,08:30,82451.97817852597,0.0,0.0,0.0,0.0,0.0,0.0,0.0,0.0,35250.0,8.39,0.0,1.4551915228366852e-11,83794.91042429651,83711.79736539217,29.25741011451607,observed,observed
2026-06-14,Dhanmondi,18,09:00,96563.057322465,0.0,0.0,0.0,0.0,0.0,0.0,0.0,0.0,35250.0,8.39,0.0,1.4551915228366852e-11,98135.82302552368,98052.70996661932,29.6589206353339,observed,observed
2026-06-14,Dhanmondi,19,09:30,99969.24734379322,0.0,0.0,0.0,0.0,0.0,0.0,0.0,0.0,35250.0,8.39,0.0,1.4551915228366852e-11,101597.49118716961,101514.37812826528,30.030162956015786,observed,observed
2026-06-14,Dhanmondi,20,10:00,100110.98323088554,0.0,0.0,3647.105358390246,0.0,0.0,0.0,0.0,0.0,35250.0,8.39,0.0,1.4551915228366852e-11,98035.02819549365,97951.91513658932,30.368133792901574,observed,observed
2026-06-14,Dhanmondi,21,10:30,109263.31792013449,10000.0,0.0,3509.391911172173,0.0,0.0,0.0,0.0,0.0,40000.0,8.39,0.0,1.4551915228366852e-11,97313.51302842877,97230.39996952444,30.670099022655958,observed,observed
2026-06-14,Dhanmondi,22,11:00,109731.49313260202,0.0,0.0,8961.13132926052,0.0,0.0,0.0,0.0,0.0,40000.0,8.39,0.0,1.4551915228366852e-11,102411.65375622413,102328.54069731981,30.933615800834932,observed,observed
2026-06-14,Dhanmondi,23,11:30,110000.00000000001,0.0,8394.069795998386,11224.090540121237,0.0,0.0,0.0,0.0,0.0,35802.9651020008,12.689860650692552,0.0,1.4551915228366852e-11,108488.9652522259,108405.85219332157,31.156552324058353,observed,observed
2026-06-14,Dhanmondi,24,12:00,110000.00000000001,0.0,636.7167021432078,11428.571428571422,0.0,0.0,0.0,0.0,0.0,35484.606750929204,12.689860650692552,0.0,1.4551915228366852e-11,100791.6383475304,123382.18859724286,31.337105075916185,observed,observed
2026-06-14,Dhanmondi,25,12:30,110000.00000000001,0.0,5498.7801932488765,11428.571428571418,0.0,0.0,0.0,0.0,0.0,32735.216654304764,12.689860650692552,0.0,0.0,105485.82973661606,130694.56571717608,31.473813417092156,observed,observed
2026-06-14,Dhanmondi,26,13:00,110000.00000000001,1696.2414600891361,0.0,11428.57142857142,0.0,0.0,0.0,0.0,0.0,33540.9313478471,8.527599237250026,0.0,0.0,98453.03661187152,118124.96476059729,31.565571401673356,observed,observed
2026-06-14,Dhanmondi,27,13:30,110000.00000000001,4712.862930376256,0.0,11428.57142857142,0.0,0.0,0.0,0.0,0.0,35779.54123977583,8.527599237250026,0.0,0.0,95387.28207849457,115186.30960794333,31.6116367240539,observed,observed
2026-06-14,Dhanmondi,28,14:00,110000.00000000001,8598.649651217649,0.0,8337.746009784056,0.0,0.0,0.0,0.0,0.0,39863.899824104206,8.527599237250026,0.0,0.0,94579.37288616244,115039.74675501119,31.6116367240539,observed,observed
2026-06-14,Dhanmondi,29,14:30,110000.00000000001,0.0,9922.68815563036,11428.571428571424,0.0,0.0,0.0,0.0,0.0,34902.55574628903,12.689860650692552,0.0,1.4551915228366852e-11,109756.9937601028,109673.8807011985,31.565571401673356,observed,observed
2026-06-14,Dhanmondi,30,15:00,110000.00000000001,0.0,9222.232875291762,7360.990858130339,0.0,0.0,0.0,0.0,0.0,30291.439308643145,12.689860650692552,0.0,0.0,113214.55412121226,113131.44106230793,31.473813417092156,observed,observed
2026-06-14,Dhanmondi,31,15:30,110000.00000000001,444.6201803257934,0.0,3762.125651751103,0.0,0.0,0.0,0.0,0.0,30502.6338942979,8.527599237250026,0.0,1.4551915228366852e-11,107516.35621526858,107433.24315636425,31.337105075916185,observed,observed
2026-06-14,Dhanmondi,32,16:00,110000.00000000001,4480.447930584904,0.0,6587.315272070593,0.0,0.0,0.0,0.0,0.0,32630.846661325726,8.527599237250026,0.0,0.0,100543.59038614128,100460.47732723695,31.156552324058353,observed,observed
2026-06-14,Dhanmondi,33,16:30,110000.00000000001,0.0,4295.4939646250605,10056.872628065154,0.0,0.0,0.0,0.0,0.0,30483.099679013198,12.689860650692552,0.0,1.4551915228366852e-11,105718.12955386075,105635.01649495642,30.933615800834932,observed,observed
2026-06-14,Dhanmondi,34,17:00,110000.00000000001,0.0,10000.0,0.0,0.0,0.0,0.0,0.0,1014.7416241901916,25483.099679013198,60.0,0.0,1.4551915228366852e-11,122477.61912201572,122394.50606311139,30.670099022655958,observed,observed
2026-06-14,Dhanmondi,35,17:30,110000.00000000001,0.0,10000.0,2496.5644394776796,0.0,0.0,0.0,0.0,0.0,20483.099679013198,49.3,0.0,1.4551915228366852e-11,118909.1228460347,118826.00978713037,30.368133792901574,observed,observed
2026-06-14,Dhanmondi,36,18:00,110000.00000000001,0.0,0.0,207.80406365043413,0.0,0.0,0.0,0.0,0.0,20483.099679013198,9.409916797205781,0.0,1.4551915228366852e-11,111580.43053682981,111497.31747792548,30.03016295601579,observed,observed
2026-06-14,Dhanmondi,37,18:30,110000.00000000001,0.0,10000.0,0.0,5709.625961072579,0.0,0.0,0.0,0.0,15483.099679013196,30.25395715669694,0.0,1.4551915228366852e-11,127248.97113991009,127165.85808100576,29.658713316400302,observed,observed
2026-06-14,Dhanmondi,38,19:00,110000.00000000001,0.0,10000.0,0.0,402.67010672113577,0.0,0.0,0.0,0.0,10483.099679013196,24.99367079911007,0.0,1.4551915228366852e-11,121855.57852198876,121772.4654630844,29.28799242709895,observed,observed
2026-06-14,Dhanmondi,39,19:30,110000.00000000001,0.0,4966.199358026402,0.0,0.0,0.0,0.0,0.0,0.0,7999.9999999999945,12.68986065069255,0.0,1.4551915228366852e-11,116586.35096293497,116503.23790403067,28.954005727049456,observed,observed
2026-06-14,Dhanmondi,40,20:00,110000.00000000001,0.0,0.0,915.7082126420322,0.0,0.0,0.0,0.0,0.0,7999.9999999999945,9.957530676415864,0.0,1.4551915228366852e-11,110860.9964363489,110777.88337744457,28.653113279310222,observed,observed
2026-06-14,Dhanmondi,41,20:30,101241.82223358843,4.786814219857517e-12,0.0,0.0,0.0,0.0,0.0,0.0,0.0,7999.999999999996,8.39,0.0,1.4551915228366852e-11,102890.79307336225,102807.68001445789,28.382035822953156,observed,observed
2026-06-14,Dhanmondi,42,21:00,99286.25411825125,0.0,0.0,2536.2216807317845,0.0,0.0,0.0,0.0,0.0,7999.999999999996,8.39,0.0,1.4551915228366852e-11,98325.84348790284,98242.7304289985,28.13781903420643,observed,observed
2026-06-14,Dhanmondi,43,21:30,88749.97110048895,0.0,0.0,0.0,0.0,0.0,0.0,0.0,0.0,7999.999999999996,8.39,0.0,1.4551915228366852e-11,90195.48157379727,90112.36851489295,27.9178013289082,observed,observed
2026-06-14,Dhanmondi,44,22:00,79873.09657654882,0.0,0.0,0.0,0.0,0.0,0.0,0.0,0.0,7999.999999999996,8.39,0.0,1.4551915228366852e-11,81174.02542424659,81090.91236534226,27.71958485536796,observed,observed
2026-06-14,Dhanmondi,45,22:30,65325.52157532354,0.0,0.0,0.0,0.0,0.0,0.0,0.0,0.0,7999.999999999996,8.39,0.0,-7.275957614183426e-12,66389.50756247998,66306.39450357566,27.54100936150271,observed,observed
2026-06-14,Dhanmondi,46,23:00,59930.67871943232,0.0,0.0,0.0,0.0,0.0,0.0,0.0,0.0,7999.999999999996,8.39,0.0,-7.275957614183426e-12,60906.79648811675,60823.68342921242,27.38012865144032,observed,observed
2026-06-14,Dhanmondi,47,23:30,59418.2490088397,0.0,-0.0,0.0,0.0,0.0,0.0,0.0,0.0,7999.999999999996,8.39,0.0,-7.275957614183426e-12,60386.02060564023,60302.9075467359,27.23518937500349,observed,observed
2026-06-14,Kalyanpur,0,00:00,57982.57460576178,8000.0,0.0,0.0,0.0,0.0,0.0,0.0,0.0,18800.0,8.39,0.0,7.275957614183426e-12,53556.50340504401,52723.98192112756,27.104611918912664,observed,observed
2026-06-14,Kalyanpur,1,00:30,48545.812779191285,0.0,0.0,0.0,0.0,0.0,0.0,0.0,0.0,18800.0,8.39,0.0,7.275957614183426e-12,52017.008085647394,51184.48660173099,26.98697319145164,observed,observed
2026-06-14,Kalyanpur,2,01:00,55601.379246402525,0.0,0.0,0.0,0.0,0.0,0.0,0.0,0.0,18800.0,8.39,0.0,7.275957614183426e-12,59577.0722181212,58744.55073420474,26.880991112975366,observed,observed
2026-06-14,Kalyanpur,3,01:30,53663.028594729614,0.0,0.0,0.0,0.0,0.0,0.0,0.0,0.0,18800.0,8.39,0.0,7.275957614183426e-12,57500.12271931482,56667.60123539837,26.785510643230637,observed,observed
2026-06-14,Kalyanpur,4,02:00,55096.41802763848,0.0,0.0,0.0,0.0,0.0,0.0,0.0,0.0,18800.0,8.39,0.0,7.275957614183426e-12,59036.00450711469,58203.483023198234,26.699491193209045,observed,observed
2026-06-14,Kalyanpur,5,02:30,46458.36888469867,0.0,0.0,0.0,0.0,0.0,0.0,0.0,0.0,18800.0,8.39,0.0,7.275957614183426e-12,49780.30465600172,48947.78317208524,26.621995284340986,observed,observed
2026-06-14,Kalyanpur,6,03:00,44519.46740634755,0.0,0.0,0.0,0.0,0.0,0.0,0.0,0.0,18800.0,8.39,0.0,7.275957614183426e-12,47702.76494448419,46870.24346056773,26.55217833143349,observed,observed
2026-06-14,Kalyanpur,7,03:30,47609.34348401685,8000.0,0.0,0.0,0.0,0.0,0.0,0.0,0.0,22600.0,8.39,0.0,7.275957614183426e-12,42441.54999828214,41609.0285143657,26.489279438001745,observed,observed
2026-06-14,Kalyanpur,8,04:00,47915.51799408593,0.0,0.0,0.0,0.0,0.0,0.0,0.0,0.0,22600.0,8.39,0.0,7.275957614183426e-12,51341.64502020049,50509.12353628408,26.43261310367777,observed,observed
2026-06-14,Kalyanpur,9,04:30,46178.21315335948,0.0,0.0,0.0,0.0,0.0,0.0,0.0,0.0,22600.0,8.39,0.0,7.275957614183426e-12,49480.11681058241,48647.59532666601,26.381561753319733,observed,observed
2026-06-14,Kalyanpur,10,05:00,67135.82617301185,7669.341264153389,0.0,0.0,0.0,0.0,0.0,0.0,0.0,26242.93710047286,8.39,0.0,7.275957614183426e-12,63718.546445987675,62886.024962071235,26.33556900640093,observed,observed
2026-06-14,Kalyanpur,11,05:30,64294.23856438758,0.0,0.0,0.0,0.0,0.0,0.0,0.0,0.0,26242.93710047286,8.39,0.0,7.275957614183426e-12,68891.50136338512,68058.97987946865,26.4083004179822,observed,observed
2026-06-14,Kalyanpur,12,06:00,73950.74258006549,0.0,0.0,0.0,0.0,0.0,0.0,0.0,0.0,26242.93710047286,8.39,0.0,0.0,79238.47917066394,78405.95768674748,26.916570743420596,observed,observed
2026-06-14,Kalyanpur,13,06:30,88000.0,7909.606104267665,0.0,0.0,0.0,0.0,0.0,0.0,0.0,30000.0,8.39,0.0,0.0,85817.13701666034,84984.61553274386,27.416757986534215,observed,observed
2026-06-14,Kalyanpur,14,07:00,88000.0,0.0,2401.1551744058083,0.0,0.0,0.0,0.0,0.0,0.0,28799.422412797096,12.537396121883662,0.0,0.0,96736.51146007396,95903.98997615742,27.904815722412494,observed,observed
2026-06-14,Kalyanpur,15,07:30,88000.0,0.0,6972.853375255909,0.0,0.0,0.0,0.0,0.0,0.0,25312.99572516914,12.537396121883663,0.0,0.0,101390.17253260332,100557.65104868679,28.37679565167867,observed,observed
2026-06-14,Kalyanpur,16,08:00,88000.0,1194.4587721550977,0.0,0.0,0.0,0.0,0.0,0.0,0.0,25880.363641942815,8.39,0.0,0.0,93012.44085593474,92179.91937201831,28.828879541522205,observed,observed
2026-06-14,Kalyanpur,17,08:30,84727.40990028068,4336.731496655317,0.0,0.0,0.0,0.0,0.0,0.0,0.0,27940.311102854088,8.39,0.0,1.4551915228366852e-11,86138.89291651749,85306.37143260101,29.25741011451607,observed,observed
2026-06-14,Kalyanpur,18,09:00,88000.0,0.0,3480.622205708177,0.0,0.0,0.0,0.0,0.0,0.0,26200.0,12.537396121883663,0.0,0.0,97835.3315225436,97002.81003862711,29.6589206353339,observed,observed
2026-06-14,Kalyanpur,19,09:30,87950.09015975366,8000.0,0.0,0.0,0.0,0.0,0.0,0.0,0.0,30000.0,8.39,0.0,0.0,85666.80107312492,84834.27958920853,30.030162956015786,observed,observed
2026-06-14,Kalyanpur,20,10:00,88000.0,0.0,0.0,0.0,3574.163251222441,0.0,0.0,0.0,0.0,30000.0,18.25510204081633,0.0,0.0,98122.0360227861,97289.51453886964,30.368133792901574,observed,observed
2026-06-14,Kalyanpur,21,10:30,88000.0,0.0,0.0,0.0,3439.2040729487294,0.0,0.0,0.0,0.0,30000.0,18.25510204081633,0.0,0.0,97977.4267915136,97144.90530759718,30.670099022655958,observed,observed
2026-06-14,Kalyanpur,22,11:00,88000.0,0.0,0.0,0.0,8781.908702675308,0.0,0.0,0.0,0.0,30000.0,18.25510204081633,0.0,0.0,103702.15347778384,102869.63199386737,30.933615800834932,observed,observed
2026-06-14,Kalyanpur,23,11:30,88000.0,0.0,-0.0,0.0,10999.608729318812,0.0,0.0,0.0,0.0,30000.0,22.642714949686276,0.0,0.0,106078.42680834189,105245.90532442542,31.156552324058353,observed,observed
2026-06-14,Kalyanpur,24,12:00,88000.0,0.0,8000.0,0.0,11199.999999999993,0.0,0.0,0.0,2147.8603807199847,26000.0,22.642714949686276,37.35728505031372,0.0,116738.01322710713,115905.49174319071,31.337105075916185,observed,observed
2026-06-14,Kalyanpur,25,12:30,88000.0,0.0,8000.0,0.0,11199.999999999989,0.0,0.0,0.0,8391.668517060683,22000.0,22.642714949686276,37.35728505031372,-1.4551915228366852e-11,123428.27547053754,122595.75398662112,31.473813417092156,observed,observed
2026-06-14,Kalyanpur,26,13:00,88000.0,0.0,8000.0,0.0,11199.99999999999,0.0,0.0,0.0,8763.110165360053,18000.0,18.395509425765333,41.60449057423467,-1.4551915228366852e-11,123826.27649507123,122993.75501115472,31.565571401673356,observed,observed
2026-06-14,Kalyanpur,27,13:30,88000.0,0.0,8000.0,0.0,11199.99999999999,0.0,0.0,0.0,5795.794409799099,14000.0,18.395509425765333,41.60449057423467,-1.4551915228366852e-11,120646.78729068306,119814.26580676665,31.6116367240539,observed,observed
2026-06-14,Kalyanpur,28,14:00,88000.0,0.0,0.0,0.0,8170.991089588375,0.0,0.0,0.0,0.0,14000.0,18.395509425765333,0.0,0.0,103047.55311988786,102215.03163597145,31.6116367240539,observed,observed
2026-06-14,Kalyanpur,29,14:30,88000.0,0.0,1899.3363201418153,0.0,11199.999999999995,0.0,0.0,0.0,0.0,13050.331839929093,22.642714949686276,0.9811182090564801,0.0,108226.53498623367,107394.01350231728,31.565571401673356,observed,observed
2026-06-14,Kalyanpur,30,15:00,88000.0,0.0,0.0,0.0,7213.771040967732,0.0,0.0,0.0,0.0,13050.331839929093,22.642714949686276,0.0,0.0,102021.88849181122,101189.36700789488,31.473813417092156,observed,observed
2026-06-14,Kalyanpur,31,15:30,88000.0,1999.3013896229643,0.0,0.0,3686.883138716081,0.0,0.0,0.0,0.0,14000.0,18.395509425765333,0.0,-1.4551915228366852e-11,96100.55734867565,95268.0358647592,31.337105075916185,observed,observed
2026-06-14,Kalyanpur,32,16:00,88000.0,0.0,0.0,0.0,6455.568966629181,0.0,0.0,0.0,0.0,14000.0,18.395509425765333,0.0,0.0,101209.47231884889,100376.95083493242,31.156552324058353,observed,observed
2026-06-14,Kalyanpur,33,16:30,88000.0,0.0,0.0,0.0,9855.73517550385,0.0,0.0,0.0,0.0,14000.0,22.642714949686276,0.0,0.0,104852.76229699895,104020.24081308252,30.933615800834932,observed,observed
2026-06-14,Kalyanpur,34,17:00,88000.0,0.0,8000.0,0.0,0.0,0.0,0.0,0.0,21066.62990653533,10000.0,60.0,0.0,0.0,125008.70175511306,124176.18027119675,30.670099022655958,observed,observed
2026-06-14,Kalyanpur,35,17:30,88000.0,0.0,8000.0,0.0,2446.633150688126,0.0,0.0,0.0,11109.717519838156,6000.0,60.0,0.0,0.0,116961.41130141613,116128.88981749963,30.368133792901574,observed,observed
2026-06-14,Kalyanpur,36,18:00,88000.0,0.0,0.0,0.0,203.64798237742545,0.0,0.0,0.0,0.0,6000.0,19.29583346653651,0.0,0.0,94510.51713052316,118236.19272769666,30.03016295601579,observed,observed
2026-06-14,Kalyanpur,37,18:30,88000.0,0.0,7.96555803773165e-13,5826.148939869979,0.0,0.0,0.0,0.0,0.0,6000.0,20.148878013563,0.0,0.0,88049.56865107373,135009.44043522017,29.658713316400302,observed,observed
2026-06-14,Kalyanpur,38,19:00,88000.0,1077.5727041502778,0.0,410.88786400115896,0.0,0.0,0.0,0.0,0.0,6511.847034471382,14.99379738312787,0.0,0.0,92697.41690383623,115381.85464063863,29.28799242709895,observed,observed
2026-06-14,Kalyanpur,39,19:30,88000.0,0.0,0.0,0.0,0.0,0.0,0.0,0.0,0.0,6511.847034471382,19.8204191252036,0.0,0.0,94292.30760555057,121807.28432040867,28.954005727049456,observed,observed
2026-06-14,Kalyanpur,40,20:00,88000.0,0.0,1023.6940689427631,0.0,897.3940483891915,0.0,0.0,0.0,0.0,6000.0,19.854623139199862,0.0,1.4551915228366852e-11,96295.91564980843,125852.70337086715,28.653113279310222,observed,observed
2026-06-14,Kalyanpur,41,20:30,88000.0,3691.769055128505,0.0,0.0,0.0,0.0,0.0,0.0,0.0,7753.59030118604,13.550229591836736,0.0,0.0,90336.56415833667,112380.03911346148,28.382035822953156,observed,observed
2026-06-14,Kalyanpur,42,21:00,88000.0,0.0,3507.18060237208,0.0,2485.4972471171486,0.0,0.0,0.0,0.0,6000.0,18.25510204081633,0.0,0.0,100525.58505504669,99693.06357113023,28.13781903420643,observed,observed
2026-06-14,Kalyanpur,43,21:30,86624.36957126505,-0.0,0.0,0.0,0.0,0.0,0.0,0.0,0.0,6000.0,8.39,0.0,0.0,92818.3147926207,91985.79330870428,27.9178013289082,observed,observed
2026-06-14,Kalyanpur,44,22:00,83488.59467094834,0.0,0.0,0.0,0.0,0.0,0.0,0.0,0.0,6000.0,8.39,0.0,0.0,89458.32102577489,88625.79954185849,27.71958485536796,observed,observed
2026-06-14,Kalyanpur,45,22:30,74922.71424540356,0.0,0.0,0.0,0.0,0.0,0.0,0.0,0.0,6000.0,8.39,0.0,0.0,80279.9502076178,79447.4287237013,27.54100936150271,observed,observed
2026-06-14,Kalyanpur,46,23:00,62243.99893246033,0.0,-0.0,0.0,0.0,0.0,0.0,0.0,0.0,6000.0,8.39,0.0,7.275957614183426e-12,66694.66243112626,65862.14094720985,27.38012865144032,observed,observed
2026-06-14,Kalyanpur,47,23:30,63509.6477789015,0.0,0.0,0.0,0.0,0.0,0.0,0.0,0.0,6000.0,8.39,0.0,7.275957614183426e-12,68050.8095941858,67218.2881102694,27.23518937500349,observed,observed
2026-06-15,Dhanmondi,0,00:00,48615.98624172832,0.0,0.0,0.0,0.0,0.0,0.0,0.0,0.0,7999.999999999996,8.39,0.0,0.0,49104.16696751617,48309.2766826948,27.452101592373356,observed,observed
2026-06-15,Dhanmondi,1,00:30,48510.891102524976,0.0,0.0,0.0,0.0,0.0,0.0,0.0,0.0,7999.999999999996,8.39,0.0,0.0,48998.01650833887,48203.12622351752,27.317935203206595,observed,observed
2026-06-15,Dhanmondi,2,01:00,54645.99706032595,0.0,0.0,0.0,0.0,0.0,0.0,0.0,0.0,7999.999999999996,8.39,0.0,0.0,55194.72854905199,54399.83826423066,27.197067143344054,observed,observed
2026-06-15,Dhanmondi,3,01:30,53249.69057126794,0.0,0.0,0.0,0.0,0.0,0.0,0.0,0.0,7999.999999999996,8.39,0.0,0.0,53784.40095360608,52989.5106687847,27.08817930648965,observed,observed
2026-06-15,Dhanmondi,4,02:00,51896.18072913389,0.0,0.0,0.0,0.0,0.0,0.0,0.0,0.0,7999.999999999996,8.39,0.0,0.0,52417.29975051909,51622.40946569772,26.990084234654166,observed,observed
2026-06-15,Dhanmondi,5,02:30,54300.67487412728,7368.421052631587,0.0,0.0,0.0,0.0,0.0,0.0,0.0,11500.0,8.39,0.0,0.0,47403.52723389795,46608.636949076514,26.901712168531898,observed,observed
2026-06-15,Dhanmondi,6,03:00,49749.404776331095,0.0,0.0,0.0,0.0,0.0,0.0,0.0,0.0,11500.0,8.39,0.0,0.0,50248.96680126801,49454.07651644663,26.822099381420465,observed,observed
2026-06-15,Dhanmondi,7,03:30,52325.747554566995,10000.0,0.0,0.0,0.0,0.0,0.0,0.0,0.0,16250.0,8.39,0.0,7.275957614183426e-12,42750.76442161077,41955.87413678937,26.750377669461383,observed,observed
2026-06-15,Dhanmondi,8,04:00,64845.38121830549,10000.0,0.0,0.0,0.0,0.0,0.0,0.0,0.0,21000.0,8.39,0.0,0.0,55396.114836587665,54601.224551766296,26.685764883588917,observed,observed
2026-06-15,Dhanmondi,9,04:30,54689.745601337454,10000.0,0.0,0.0,0.0,0.0,0.0,0.0,0.0,25750.0,8.39,0.0,7.275957614183426e-12,45138.50071523064,44343.61043040924,26.627556399934996,observed,observed
2026-06-15,Dhanmondi,10,05:00,66133.40743604429,0.0,0.0,0.0,0.0,0.0,0.0,0.0,0.0,25750.0,8.39,0.0,7.275957614183426e-12,66797.4905357972,66002.60025097581,26.575117435672162,observed,observed
2026-06-15,Dhanmondi,11,05:30,61966.02904964658,0.0,0.0,0.0,0.0,0.0,0.0,0.0,0.0,25750.0,8.39,0.0,0.0,62588.26513646039,61793.374851639026,26.660126250689206,observed,observed
2026-06-15,Dhanmondi,12,06:00,75360.32552791318,10000.0,0.0,0.0,0.0,0.0,0.0,0.0,0.0,30500.0,8.39,0.0,7.275957614183426e-12,66016.64567321056,65221.75538838918,27.23960151381873,observed,observed
2026-06-15,Dhanmondi,13,06:30,70085.86097157997,0.0,0.0,0.0,0.0,0.0,0.0,0.0,0.0,30500.0,8.39,0.0,1.4551915228366852e-11,70789.63290179343,69994.74261697204,27.809848994846927,observed,observed
2026-06-15,Dhanmondi,14,07:00,78342.67002482883,0.0,0.0,0.0,0.0,0.0,0.0,0.0,0.0,30500.0,8.39,0.0,1.4551915228366852e-11,79129.35326360379,78334.46297878234,28.36625724923511,observed,observed
2026-06-15,Dhanmondi,15,07:30,95581.10839860706,10000.0,0.0,0.0,0.0,0.0,0.0,0.0,0.0,35250.0,8.39,0.0,1.4551915228366852e-11,86440.47690764077,85645.58662281945,28.90432674670679,observed,observed
2026-06-15,Dhanmondi,16,08:00,78849.15815797231,0.0,0.0,0.0,0.0,0.0,0.0,0.0,0.0,35250.0,8.39,0.0,1.4551915228366852e-11,79640.92733171543,78846.03704689404,29.41970625779037,observed,observed
2026-06-15,Dhanmondi,17,08:30,94908.27318594104,10000.0,0.0,0.0,0.0,0.0,0.0,0.0,0.0,40000.0,8.39,0.0,1.4551915228366852e-11,85760.8853745163,84965.99508969493,29.90822804109144,observed,observed
2026-06-15,Dhanmondi,18,09:00,99817.98352065182,0.0,0.0,0.0,0.0,0.0,0.0,0.0,0.0,40000.0,8.39,0.0,1.4551915228366852e-11,100820.31257758997,100025.4222927686,30.365941546744228,observed,observed
2026-06-15,Dhanmondi,19,09:30,103675.41374734325,9.573628439715034e-13,0.0,0.0,0.0,0.0,0.0,0.0,0.0,40000.0,8.39,0.0,1.4551915228366852e-11,104716.47745173627,103921.58716691488,30.789145363491084,observed,observed
2026-06-15,Dhanmondi,20,10:00,102212.80489713018,0.0,0.0,2025.423121729665,0.0,0.0,0.0,0.0,0.0,40000.0,8.39,0.0,1.4551915228366852e-11,101193.42016998767,100398.52988516627,31.17441715104218,observed,observed
2026-06-15,Dhanmondi,21,10:30,101404.4941723065,0.0,0.0,1911.1908730643638,0.0,0.0,0.0,0.0,0.0,40000.0,8.39,0.0,1.4551915228366852e-11,100492.37205769842,99697.4817728771,31.518641315660204,observed,observed
2026-06-15,Dhanmondi,22,11:00,110000.00000000001,0.0,1775.4080805578535,7248.048703053984,0.0,0.0,0.0,0.0,0.0,39112.29595972107,23.761593279851347,0.0,1.4551915228366852e-11,105487.31615370476,104692.42586888342,31.81903420516461,observed,observed
2026-06-15,Dhanmondi,23,11:30,110000.00000000001,0.0,10000.0,8617.687551572388,0.0,0.0,0.0,0.0,0.0,34112.29595972107,24.723089124726698,0.0,0.0,111995.74471531536,111200.85443049394,32.07316661961002,observed,observed
2026-06-15,Dhanmondi,24,12:00,110000.00000000001,0.0,0.0,17598.685439053137,0.0,0.0,0.0,0.0,0.0,34112.29595972107,18.519837935065837,0.0,0.0,93329.16863309969,126826.79662558182,32.27898345560065,observed,observed
2026-06-15,Dhanmondi,25,12:30,110000.00000000001,4250.439996857433,0.0,11428.571428571433,0.0,0.0,0.0,0.0,0.0,36131.254958228354,18.519837935065834,0.0,2.9103830456733704e-11,95268.11918363479,134335.52852773466,32.43482032538229,observed,observed
2026-06-15,Dhanmondi,26,13:00,110000.00000000001,2277.334155187021,0.0,16335.208019709858,0.0,0.0,0.0,0.0,0.0,37212.98868194219,18.519837935065834,0.0,1.4551915228366852e-11,92305.13118602474,121729.4033891438,32.539417016317444,observed,observed
2026-06-15,Dhanmondi,27,13:30,110000.00000000001,2046.794324373093,0.0,19591.836734693883,0.0,0.0,0.0,0.0,0.0,38185.21598601941,18.519837935065834,0.0,0.0,89248.65562492025,118679.30291794069,32.591927681900486,observed,observed
2026-06-15,Dhanmondi,28,14:00,110000.00000000001,3820.5979241696687,0.0,15362.560492104669,0.0,0.0,0.0,0.0,0.0,40000.0,18.519837935065834,0.0,-1.4551915228366852e-11,91728.78506292735,118716.17542990633,32.591927681900486,observed,observed
2026-06-15,Dhanmondi,29,14:30,110000.00000000001,0.0,7620.532026006057,4438.464633842761,0.0,0.0,0.0,0.0,0.0,36189.73398699697,30.63500180025118,0.0,1.4551915228366852e-11,113933.74009864016,113138.84981381876,32.539417016317444,observed,observed
2026-06-15,Dhanmondi,30,15:00,110000.00000000001,0.0,6720.238626383262,0.0,0.0,0.0,0.0,0.0,0.0,32829.61467380534,30.63500180025118,0.0,1.4551915228366852e-11,117552.90680731671,116758.01652249532,32.43482032538229,observed,observed
2026-06-15,Dhanmondi,31,15:30,110000.00000000001,0.0,436.32944128496786,0.0,0.0,0.0,0.0,0.0,0.0,32611.44995316286,30.63500180025118,0.0,1.4551915228366852e-11,111523.24779588488,110728.35751106343,32.27898345560065,observed,observed
2026-06-15,Dhanmondi,32,16:00,110000.00000000001,3333.049845412396,0.0,3552.252033330267,0.0,0.0,0.0,0.0,0.0,34194.648629733754,24.72308912472669,0.0,0.0,104150.13136163089,103355.24107680956,32.07316661961002,observed,observed
2026-06-15,Dhanmondi,33,16:30,110000.00000000001,620.5398693628474,0.0,1021.2589100663727,0.0,0.0,0.0,0.0,0.0,34489.4050676811,24.72308912472669,0.0,0.0,109446.28745323313,108651.3971684117,31.819034205164616,observed,observed
2026-06-15,Dhanmondi,34,17:00,110000.00000000001,0.0,10000.0,0.0,0.0,0.0,0.0,0.0,5265.828150839508,29489.405067681102,60.0,0.0,1.4551915228366852e-11,126018.67268303415,125223.78239821277,31.518641315660204,observed,observed
2026-06-15,Dhanmondi,35,17:30,110000.00000000001,0.0,10000.0,0.0,0.0,0.0,0.0,0.0,1351.072641268773,24489.405067681102,60.0,0.0,1.4551915228366852e-11,122064.60689028943,121269.71660546807,31.17441715104218,observed,observed
2026-06-15,Dhanmondi,36,18:00,110000.00000000001,0.0,2753.588760480046,0.0,851.5498024921678,0.0,0.0,0.0,0.0,23112.61068744108,30.63500180025118,0.0,1.4551915228366852e-11,114606.85031766207,113811.96003284064,30.789145363491084,observed,observed
2026-06-15,Dhanmondi,37,18:30,110000.00000000001,0.0,10000.0,0.0,9410.231864673704,0.0,0.0,0.0,0.0,18112.61068744108,32.97442730995919,0.0,0.0,130204.69270807349,129409.80242325204,30.365714944799745,observed,observed
2026-06-15,Dhanmondi,38,19:00,110000.00000000001,0.0,9463.800192655573,0.0,4644.393413432086,0.0,0.0,0.0,0.0,13380.710591113293,30.63500180025118,0.0,1.4551915228366852e-11,124876.49287712894,124081.60259230752,29.94275648135586,observed,observed
2026-06-15,Dhanmondi,39,19:30,110000.00000000001,0.0,8444.089673768927,0.0,0.0,0.0,0.0,0.0,0.0,9158.66575422883,30.63500180025118,0.0,0.0,119207.00996127135,118412.11967644992,29.561720894154046,observed,observed
2026-06-15,Dhanmondi,40,20:00,110000.00000000001,0.0,2317.3315084576507,0.0,0.0,0.0,0.0,0.0,0.0,8000.000000000004,30.63500180025118,0.0,1.4551915228366852e-11,113328.14355913775,112533.25327431632,29.218452863690597,observed,observed
2026-06-15,Dhanmondi,41,20:30,104222.17116843523,0.0,0.0,0.0,0.0,0.0,0.0,0.0,0.0,8000.000000000004,8.39,0.0,1.4551915228366852e-11,105268.72517458475,104473.8348897634,28.909208938199075,observed,observed
2026-06-15,Dhanmondi,42,21:00,99603.14191770686,0.0,0.0,0.0,0.0,0.0,0.0,0.0,0.0,8000.000000000004,8.39,0.0,1.4551915228366852e-11,100603.31362810603,99808.42334328472,28.63061671006675,observed,observed
2026-06-15,Dhanmondi,43,21:30,91414.38930950435,0.0,0.0,0.0,0.0,0.0,0.0,0.0,0.0,8000.000000000004,8.39,0.0,1.4551915228366852e-11,92332.33310475462,91537.44281993322,28.379638038610647,observed,observed
2026-06-15,Dhanmondi,44,22:00,82242.56839762343,0.0,0.0,0.0,0.0,0.0,0.0,0.0,0.0,8000.000000000004,8.39,0.0,1.4551915228366852e-11,83068.41273062488,82273.52244580351,28.153535918145348,observed,observed
2026-06-15,Dhanmondi,45,22:30,67235.21165518354,0.0,0.0,0.0,0.0,0.0,0.0,0.0,0.0,8000.000000000004,8.39,0.0,1.4551915228366852e-11,67910.35859679086,67115.46831196948,27.949844630027883,observed,observed
2026-06-15,Dhanmondi,46,23:00,61782.618624432835,0.0,-2.7284841053187847e-12,0.0,0.0,0.0,0.0,0.0,0.0,8000.0000000000055,8.39,0.0,0.0,62403.01298301236,61608.122698191015,27.7663428531778,observed,observed
2026-06-15,Dhanmondi,47,23:30,61231.35587409535,0.0,0.0,0.0,0.0,0.0,0.0,0.0,0.0,8000.0000000000055,8.39,0.0,0.0,61846.214690348934,61051.324405527565,27.60102943983379,observed,observed
2026-06-15,Kalyanpur,0,00:00,56545.515573240555,8000.0,0.0,0.0,0.0,0.0,0.0,0.0,0.0,9800.0,8.39,0.0,0.0,54053.761453860294,53269.31944987515,27.452101592373356,observed,observed
2026-06-15,Kalyanpur,1,00:30,55089.95702054989,8000.0,0.0,0.0,0.0,0.0,0.0,0.0,0.0,13600.0,8.39,0.0,-7.275957614183426e-12,52433.04708178684,51648.60507780169,27.317935203206595,observed,observed
2026-06-15,Kalyanpur,2,01:00,54018.0628296878,0.0,0.0,0.0,0.0,0.0,0.0,0.0,0.0,13600.0,8.39,0.0,0.0,60147.25454898846,59362.81254500329,27.197067143344054,observed,observed
2026-06-15,Kalyanpur,3,01:30,52089.20420616919,0.0,0.0,0.0,0.0,0.0,0.0,0.0,0.0,13600.0,8.39,0.0,-7.275957614183426e-12,57999.53683123971,57215.09482725456,27.08817930648965,observed,observed
2026-06-15,Kalyanpur,4,02:00,61476.52306881445,8000.0,0.0,0.0,0.0,0.0,0.0,0.0,0.0,17400.0,8.39,0.0,0.0,59544.268656133594,58759.82665214846,26.990084234654166,observed,observed
2026-06-15,Kalyanpur,5,02:30,45038.37727732245,0.0,0.0,0.0,0.0,0.0,0.0,0.0,0.0,17400.0,8.39,0.0,-7.275957614183426e-12,50148.683619281685,49364.24161529649,26.901712168531898,observed,observed
2026-06-15,Kalyanpur,6,03:00,43113.73051282203,0.0,0.0,0.0,0.0,0.0,0.0,0.0,0.0,17400.0,8.39,0.0,-7.275957614183426e-12,48005.655661646895,47221.2136576617,26.822099381420465,observed,observed
2026-06-15,Kalyanpur,7,03:30,38279.40270137886,0.0,0.0,0.0,0.0,0.0,0.0,0.0,0.0,17400.0,8.39,0.0,-7.275957614183426e-12,42622.797961531,41838.35595754584,26.750377669461383,observed,observed
2026-06-15,Kalyanpur,8,04:00,46422.362405034786,0.0,0.0,0.0,0.0,0.0,0.0,0.0,0.0,17400.0,8.39,0.0,-7.275957614183426e-12,51689.70344501999,50905.261441034825,26.685764883588917,observed,observed
2026-06-15,Kalyanpur,9,04:30,52699.034886269816,8000.0,0.0,0.0,0.0,0.0,0.0,0.0,0.0,21200.0,8.39,0.0,0.0,49770.83754141953,48986.39553743439,26.627556399934996,observed,observed
2026-06-15,Kalyanpur,10,05:00,65436.92768419783,8000.0,0.0,0.0,0.0,0.0,0.0,0.0,0.0,25000.0,8.39,0.0,0.0,63954.04294347687,63169.60093949177,26.575117435672162,observed,observed
2026-06-15,Kalyanpur,11,05:30,65306.20390137081,3156.6305784528518,0.0,0.0,0.0,0.0,0.0,0.0,0.0,26499.399524765104,8.39,0.0,-7.275957614183426e-12,69201.41173056155,68416.96972657641,26.660126250689206,observed,observed
2026-06-15,Kalyanpur,12,06:00,71499.73727904238,0.0,0.0,0.0,0.0,0.0,0.0,0.0,0.0,26499.399524765104,8.39,0.0,0.0,79612.49761709059,78828.05561310527,27.23960151381873,observed,observed
2026-06-15,Kalyanpur,13,06:30,77461.66740853271,0.0,0.0,0.0,0.0,0.0,0.0,0.0,0.0,26499.399524765104,8.39,0.0,0.0,86250.90170485542,85466.45970087014,27.809848994846927,observed,observed
2026-06-15,Kalyanpur,14,07:00,87247.18787869198,0.0,0.0,0.0,0.0,0.0,0.0,0.0,0.0,26499.399524765104,8.39,0.0,0.0,97146.74209196259,96362.30008797735,28.36625724923511,observed,observed
2026-06-15,Kalyanpur,15,07:30,88000.0,0.0,3999.7739806308996,0.0,0.0,0.0,0.0,0.0,0.0,24499.512534449656,12.537396121883658,0.0,0.0,102215.90267469341,101431.46067070821,28.90432674670679,observed,observed
2026-06-15,Kalyanpur,16,08:00,88000.0,3579.9736116849376,0.0,0.0,0.0,0.0,0.0,0.0,0.0,26200.0,8.39,0.0,0.0,93998.79503675367,93214.35303276857,29.41970625779037,observed,observed
2026-06-15,Kalyanpur,17,08:30,86298.4140827904,8000.0,0.0,0.0,0.0,0.0,0.0,0.0,0.0,30000.0,8.39,0.0,0.0,87182.5903396047,86398.1483356195,29.90822804109144,observed,observed
2026-06-15,Kalyanpur,18,09:00,88000.0,0.0,1283.2992647348076,0.0,0.0,0.0,0.0,0.0,0.0,29358.350367632596,12.537396121883788,0.0,0.0,99342.43659184563,98557.99458786043,30.365941546744228,observed,observed
2026-06-15,Kalyanpur,19,09:30,79561.46889487085,1350.8413312997973,0.0,0.0,0.0,0.0,0.0,0.0,0.0,30000.0,8.39,0.0,0.0,87084.84307061967,86300.4010666346,30.789145363491084,observed,observed
2026-06-15,Kalyanpur,20,10:00,88000.0,0.0,-0.0,0.0,1984.9146592950715,0.0,0.0,0.0,0.0,30000.0,18.25510204081633,0.0,0.0,100195.10667470755,99410.66467072238,31.17441715104218,observed,observed
2026-06-15,Kalyanpur,21,10:30,88000.0,-0.0,0.0,0.0,1872.9670556030765,0.0,0.0,0.0,0.0,30000.0,18.25510204081633,0.0,0.0,100070.45686938886,99286.01486540372,31.518641315660204,observed,observed
2026-06-15,Kalyanpur,22,11:00,88000.0,0.0,-0.0,0.0,7103.087728992905,0.0,0.0,0.0,0.0,30000.0,33.94040130597076,0.0,0.0,105894.01630461209,105109.57430062686,31.81903420516461,observed,observed
2026-06-15,Kalyanpur,23,11:30,88000.0,0.0,801.3003519081159,0.0,8445.33380054094,0.0,0.0,0.0,0.0,29599.34982404594,34.92151951502724,0.0,0.0,108236.17048285916,107451.72847887402,32.07316661961002,observed,observed
2026-06-15,Kalyanpur,24,12:00,88000.0,6046.711730272068,8000.0,0.0,17246.711730272073,0.0,0.0,0.0,370.6366770883582,28471.537895925172,28.59167136231208,31.40832863768792,0.0,119330.8168920734,118546.37488808825,32.27898345560065,observed,observed
2026-06-15,Kalyanpur,25,12:30,88000.0,0.0,8000.0,0.0,11200.000000000004,0.0,0.0,0.0,6614.580982675176,24471.537895925172,28.591671362312077,31.408328637687923,0.0,126283.23406263949,125498.7920586543,32.43482032538229,observed,observed
2026-06-15,Kalyanpur,26,13:00,88000.0,4808.503859315656,8000.0,0.0,16008.50385931566,0.0,0.0,0.0,7398.839464211163,22755.57722910011,28.591671362312077,31.408328637687923,1.4551915228366852e-11,127156.47890057207,126372.03689658699,32.539417016317444,observed,observed
2026-06-15,Kalyanpur,27,13:30,88000.0,8000.0,8000.0,0.0,19200.000000000004,0.0,0.0,0.0,4625.145578599779,22555.57722910011,28.591671362312077,31.408328637687923,0.0,124068.06618379563,123283.62417981047,32.591927681900486,observed,observed
2026-06-15,Kalyanpur,28,14:00,88000.0,8000.0,0.0,0.0,15055.309282262575,0.0,0.0,0.0,0.0,26355.57722910011,28.591671362312077,0.0,0.0,105840.81664792488,105056.37464393971,32.591927681900486,observed,observed
2026-06-15,Kalyanpur,29,14:30,88000.0,0.0,8000.0,0.0,4349.695341165906,0.0,0.0,0.0,0.0,22355.57722910011,40.95408346964406,0.0,0.0,111290.54714037204,110506.10513638692,32.539417016317444,observed,observed
2026-06-15,Kalyanpur,30,15:00,88000.0,0.0,6414.697802760425,0.0,0.0,0.0,0.0,0.0,0.0,19148.228327719895,34.92151951502724,0.0,0.0,104770.39053903609,103985.94853505092,32.43482032538229,observed,observed
2026-06-15,Kalyanpur,31,15:30,88000.0,0.0,522.803505214964,0.0,0.0,0.0,0.0,0.0,0.0,18886.826575112413,34.92151951502724,0.0,0.0,98537.99002058097,97753.54801659574,32.27898345560065,observed,observed
2026-06-15,Kalyanpur,32,16:00,88000.0,0.0,1773.653150224832,0.0,3481.2069926636614,0.0,0.0,0.0,0.0,18000.0,34.921519515027235,0.0,0.0,103737.3333848893,102952.89138090418,32.07316661961002,observed,observed
2026-06-15,Kalyanpur,33,16:30,88000.0,0.0,8000.0,0.0,1000.8337318650451,0.0,0.0,0.0,0.0,13999.999999999998,34.921519515027235,0.0,0.0,107561.70495106556,106777.26294708034,31.819034205164616,observed,observed
2026-06-15,Kalyanpur,34,17:00,88000.0,0.0,8000.0,0.0,0.0,0.0,0.0,0.0,18673.005380692866,9999.999999999998,60.0,0.0,0.0,127239.06009700554,126454.61809302027,31.518641315660204,observed,observed
2026-06-15,Kalyanpur,35,17:30,88000.0,0.0,8000.0,0.0,0.0,0.0,0.0,0.0,11108.642639671118,5999.999999999998,60.0,0.0,0.0,118816.40242563358,118031.96042164837,31.17441715104218,observed,observed
2026-06-15,Kalyanpur,36,18:00,88000.0,0.0,0.0,868.9283698899671,0.0,0.0,0.0,0.0,0.0,5999.999999999998,20.52230176424616,0.0,0.0,97017.450643975,120152.96685348784,30.789145363491084,observed,observed
2026-06-15,Kalyanpur,37,18:30,88000.0,0.0,2.5729126431734154e-12,9602.277412932352,0.0,0.0,0.0,0.0,0.0,5999.999999999997,22.814938763760008,0.0,-1.4551915228366852e-11,87293.16694255456,136956.2683662112,30.365714944799745,observed,observed
2026-06-15,Kalyanpur,38,19:00,88000.0,0.0,0.0,4739.176952481721,0.0,0.0,0.0,0.0,0.0,5999.999999999997,20.52230176424616,0.0,0.0,92708.06199745976,117219.07088615464,29.94275648135586,observed,observed
2026-06-15,Kalyanpur,39,19:30,88000.0,0.0,0.0,0.0,0.0,0.0,0.0,0.0,0.0,5999.999999999997,20.69003846263519,0.0,0.0,97984.97248964694,123573.45358230358,29.561720894154046,observed,observed
2026-06-15,Kalyanpur,40,20:00,88000.0,0.0,-2.070297150088376e-11,0.0,0.0,0.0,0.0,0.0,0.0,6000.000000000007,22.38350699692686,0.0,1.4551915228366852e-11,97984.97248964694,127603.43644703268,29.218452863690597,observed,observed
2026-06-15,Kalyanpur,41,20:30,88000.0,3655.1332176173587,0.0,0.0,0.0,0.0,0.0,0.0,0.0,7736.188278368252,11.434982110551314,0.0,0.0,93915.10740130358,113897.22305021752,28.909208938199075,observed,observed
2026-06-15,Kalyanpur,42,21:00,88000.0,0.0,3472.37655673651,0.0,0.0,0.0,0.0,0.0,0.0,5999.999999999998,15.911337518616417,0.0,0.0,101658.02573187713,100873.58372789195,28.63061671006675,observed,observed
2026-06-15,Kalyanpur,43,21:30,84495.60381538818,-0.0,0.0,0.0,0.0,0.0,0.0,0.0,0.0,5999.999999999998,8.39,0.0,0.0,94082.94790166957,93298.50589768446,28.379638038610647,observed,observed
2026-06-15,Kalyanpur,44,22:00,81335.92147851625,0.0,0.0,0.0,0.0,0.0,0.0,0.0,0.0,5999.999999999998,8.39,0.0,0.0,90564.75032377847,89780.30831979332,28.153535918145348,observed,observed
2026-06-15,Kalyanpur,45,22:30,72915.68660855031,0.0,0.0,0.0,0.0,0.0,0.0,0.0,0.0,5999.999999999998,8.39,0.0,0.0,81189.10848184695,80404.66647786174,27.949844630027883,observed,observed
2026-06-15,Kalyanpur,46,23:00,60545.96448741571,0.0,0.0,0.0,0.0,0.0,0.0,0.0,0.0,5999.999999999998,8.39,0.0,-7.275957614183426e-12,67415.8484620293,66631.4064580441,27.7663428531778,observed,observed
2026-06-15,Kalyanpur,47,23:30,61774.551128216626,0.0,-0.0,0.0,0.0,0.0,0.0,0.0,0.0,5999.999999999998,8.39,0.0,-7.275957614183426e-12,68783.83741884778,67999.39541486258,27.60102943983379,observed,observed
2026-06-16,Dhanmondi,0,00:00,36807.75719733837,0.0,0.0,0.0,0.0,0.0,0.0,0.0,0.0,8000.0000000000055,8.39,0.0,0.0,47011.52408556079,47011.52408556079,26.578957489246267,observed,observed
2026-06-16,Dhanmondi,1,00:30,36665.06990748571,0.0,0.0,0.0,0.0,0.0,0.0,0.0,0.0,8000.0000000000055,8.39,0.0,0.0,46829.28133364173,46829.28133364173,26.413811802452006,observed,observed
2026-06-16,Dhanmondi,2,01:00,41181.794628635645,0.0,0.0,0.0,0.0,0.0,0.0,0.0,0.0,8000.0000000000055,8.39,0.0,0.0,52598.122718836006,52598.122718836006,26.265039236434582,observed,observed
2026-06-16,Dhanmondi,3,01:30,40138.81363014559,0.0,0.0,0.0,0.0,0.0,0.0,0.0,0.0,8000.0000000000055,8.39,0.0,0.0,51266.008782406236,51266.008782406236,26.13101650275591,observed,observed
2026-06-16,Dhanmondi,4,02:00,39093.78477006602,0.0,0.0,0.0,0.0,0.0,0.0,0.0,0.0,8000.0000000000055,8.39,0.0,0.0,49931.279280623676,49931.279280623676,26.01028125146905,observed,observed
2026-06-16,Dhanmondi,5,02:30,35353.6622949974,0.0,0.0,0.0,0.0,0.0,0.0,0.0,0.0,8000.0000000000055,8.39,0.0,0.0,45154.32813750023,45154.32813750023,25.901516115113523,observed,observed
2026-06-16,Dhanmondi,6,03:00,37464.21828816833,0.0,0.0,0.0,0.0,0.0,0.0,0.0,0.0,8000.0000000000055,8.39,0.0,0.0,47849.96790101331,47849.96790101331,25.80353433464471,observed,observed
2026-06-16,Dhanmondi,7,03:30,31993.63570659784,0.0,0.0,0.0,0.0,0.0,0.0,0.0,0.0,8000.0000000000055,8.39,0.0,0.0,40862.84224114975,40862.84224114975,25.71526681045886,observed,observed
2026-06-16,Dhanmondi,8,04:00,41210.32304385456,0.0,0.0,0.0,0.0,0.0,0.0,0.0,0.0,8000.0000000000055,8.39,0.0,0.0,52634.559719656136,52634.559719656136,25.63575043722476,observed,observed
2026-06-16,Dhanmondi,9,04:30,33719.348279595106,0.0,0.0,0.0,0.0,0.0,0.0,0.0,0.0,8000.0000000000055,8.39,0.0,0.0,43066.95312340917,43066.95312340917,25.564117595240983,observed,observed
2026-06-16,Dhanmondi,10,05:00,50119.26855929298,0.0,0.0,0.0,0.0,0.0,0.0,0.0,0.0,8000.0000000000055,8.39,0.0,0.0,64013.223853700896,64013.223853700896,25.49958668365669,observed,observed
2026-06-16,Dhanmondi,11,05:30,47266.48694351768,0.0,0.0,0.0,0.0,0.0,0.0,0.0,0.0,8000.0000000000055,8.39,0.0,0.0,60369.600284847234,60369.600284847234,25.60638481700404,observed,observed
2026-06-16,Dhanmondi,12,06:00,50303.65933695985,0.0,0.0,0.0,0.0,0.0,0.0,0.0,0.0,8000.0000000000055,8.39,0.0,0.0,64248.731044181615,64248.731044181615,26.319447364175634,observed,observed
2026-06-16,Dhanmondi,13,06:30,54147.94707866276,0.0,0.0,0.0,0.0,0.0,0.0,0.0,0.0,8000.0000000000055,8.39,0.0,0.0,69158.72392399666,69158.72392399666,27.02114191288521,observed,observed
2026-06-16,Dhanmondi,14,07:00,60515.64810947016,0.0,0.0,0.0,0.0,0.0,0.0,0.0,0.0,8000.0000000000055,8.39,0.0,0.0,77291.66527042293,77291.66527042293,27.705795881235723,observed,observed
2026-06-16,Dhanmondi,15,07:30,66391.41188190313,0.0,0.0,0.0,0.0,0.0,0.0,0.0,0.0,8000.0000000000055,8.39,0.0,0.0,84796.29557505809,84796.29557505809,28.367874445401416,observed,observed
2026-06-16,Dhanmondi,16,08:00,61183.823612887005,0.0,0.0,0.0,0.0,0.0,0.0,0.0,0.0,8000.0000000000055,8.39,0.0,0.0,78145.07094259831,78145.07094259831,29.0020252837996,observed,observed
2026-06-16,Dhanmondi,17,08:30,66063.9237527601,0.0,0.0,0.0,0.0,0.0,0.0,0.0,0.0,8000.0000000000055,8.39,0.0,0.0,84378.02189463792,84378.02189463792,29.60312184589272,observed,observed
2026-06-16,Dhanmondi,18,09:00,77878.96297357719,0.0,0.0,0.0,0.0,0.0,0.0,0.0,0.0,8000.0000000000055,8.39,0.0,0.0,99468.4007493825,99468.4007493825,30.166304795830467,observed,observed
2026-06-16,Dhanmondi,19,09:30,81111.99562535816,0.0,0.0,0.0,0.0,0.0,0.0,0.0,0.0,8000.0000000000055,8.39,0.0,0.0,103597.68772450948,103597.68772450948,30.687021295896756,observed,observed
2026-06-16,Dhanmondi,20,10:00,82735.23941126344,0.0,0.0,4159.7599968140985,0.0,0.0,0.0,0.0,0.0,8000.0000000000055,8.39,0.0,0.0,100358.00397243403,100358.00397243403,31.1610618121894,observed,observed
2026-06-16,Dhanmondi,21,10:30,82440.70152781546,0.0,0.0,4232.24534332404,0.0,0.0,0.0,0.0,0.0,8000.0000000000055,8.39,0.0,0.0,99889.23535600839,99889.23535600839,31.58459414499111,observed,observed
2026-06-16,Dhanmondi,22,11:00,92138.38965660607,0.0,0.0,9886.738706656597,0.0,0.0,0.0,0.0,0.0,8000.0000000000055,8.39,0.0,0.0,105053.27583475533,105053.27583475533,31.954194408726206,observed,observed
2026-06-16,Dhanmondi,23,11:30,98955.94449297084,0.0,0.0,11428.571428571435,0.0,0.0,0.0,0.0,0.0,8000.0000000000055,8.39,0.0,0.0,111791.52223000496,111791.52223000496,32.2668747110574,observed,observed
2026-06-16,Dhanmondi,24,12:00,97224.69717017385,0.0,0.0,11428.571428571437,0.0,0.0,0.0,0.0,0.0,8000.0000000000055,8.39,0.0,0.0,109580.34226657,127708.62720319616,32.52010730736157,observed,observed
2026-06-16,Dhanmondi,25,12:30,102191.6581773776,0.0,0.0,11428.571428571437,0.0,0.0,0.0,0.0,0.0,8000.0000000000055,8.39,0.0,0.0,115924.23346782707,135385.09087507753,32.71184503531693,observed,observed
2026-06-16,Dhanmondi,26,13:00,98482.52858114449,0.0,0.0,16987.350194527637,0.0,0.0,0.0,0.0,0.0,8000.0000000000055,8.39,0.0,0.0,104087.09558257341,122843.92462371026,32.84053786440579,observed,observed
2026-06-16,Dhanmondi,27,13:30,91504.07600660298,0.0,0.0,11428.571428571437,0.0,0.0,0.0,0.0,0.0,8000.0000000000055,8.39,0.0,0.0,102273.86286947624,119795.36695776328,32.90514542654505,observed,observed
2026-06-16,Dhanmondi,28,14:00,89607.14012060054,0.0,0.0,10370.010977429014,0.0,0.0,0.0,0.0,0.0,8000.0000000000055,8.39,0.0,0.0,101203.0748087596,119890.84983517347,32.90514542654505,observed,observed
2026-06-16,Dhanmondi,29,14:30,100849.68857989128,0.0,0.0,11428.571428571437,0.0,0.0,0.0,0.0,0.0,8000.0000000000055,8.39,0.0,0.0,114210.24595926785,114210.24595926785,32.84053786440579,observed,observed
2026-06-16,Dhanmondi,30,15:00,101499.62294126795,0.0,0.0,9265.214719263031,0.0,0.0,0.0,0.0,0.0,8000.0000000000055,8.39,0.0,0.0,117803.4314994824,117803.4314994824,32.71184503531693,observed,observed
2026-06-16,Dhanmondi,31,15:30,90586.12644945436,0.0,0.0,3230.6935108437337,0.0,0.0,0.0,0.0,0.0,8000.0000000000055,8.39,0.0,0.0,111571.91723420321,111571.91723420321,32.520107307361585,observed,observed
2026-06-16,Dhanmondi,32,16:00,89445.8908694134,0.0,0.0,8044.748208772836,0.0,0.0,0.0,0.0,0.0,8000.0000000000055,8.39,0.0,0.0,103966.9914759054,103966.9914759054,32.2668747110574,observed,observed
2026-06-16,Dhanmondi,33,16:30,96857.89138271914,0.0,0.0,11428.571428571435,0.0,0.0,0.0,0.0,0.0,8000.0000000000055,8.39,0.0,0.0,109111.85137158832,109111.85137158832,31.954194408726213,observed,observed
2026-06-16,Dhanmondi,34,17:00,109644.93180508104,0.0,0.0,11428.571428571437,0.0,0.0,0.0,0.0,0.0,8000.0000000000055,8.39,0.0,0.0,125443.68749993505,125443.68749993505,31.58459414499111,observed,observed
2026-06-16,Dhanmondi,35,17:30,106345.22167485332,0.0,0.0,11428.571428571437,0.0,0.0,0.0,0.0,0.0,8000.0000000000055,8.39,0.0,0.0,121229.23885991343,121229.23885991343,31.1610618121894,observed,observed
2026-06-16,Dhanmondi,36,18:00,89930.3234199722,0.0,0.0,1064.890790954844,0.0,0.0,0.0,0.0,0.0,8000.0000000000055,8.39,0.0,0.0,113500.5157748358,113500.5157748358,30.687021295896756,observed,observed
2026-06-16,Dhanmondi,37,18:30,110000.00000000001,0.0,1.0913936421275139e-11,9174.56103719964,0.0,0.0,0.0,0.0,0.0,8000.0,9.889176559315164,0.0,0.0,128776.04921224822,128776.04921224822,30.166037731890537,observed,observed
2026-06-16,Dhanmondi,38,19:00,96328.45235378732,0.0,0.0,0.0,0.0,0.0,0.0,0.0,0.0,8000.0,8.39,0.0,0.0,123032.41769597237,123032.41769597237,29.645256368566695,observed,observed
2026-06-16,Dhanmondi,39,19:30,92790.08720014796,0.0,0.0,1027.450898708556,0.0,0.0,0.0,0.0,0.0,8000.0,8.39,0.0,0.0,117200.87598685906,117200.87598685906,29.17610709037657,observed,observed
2026-06-16,Dhanmondi,40,20:00,91508.86714530183,0.0,0.0,4531.1498020731215,0.0,0.0,0.0,0.0,0.0,8000.0,8.39,0.0,0.0,111089.49213792288,111089.49213792288,28.75347091188212,observed,observed
2026-06-16,Dhanmondi,41,20:30,80470.44564056101,0.0,0.0,0.0,0.0,0.0,0.0,0.0,0.0,8000.0,8.39,0.0,0.0,102778.288639673,102778.288639673,28.372736361758815,observed,observed
2026-06-16,Dhanmondi,42,21:00,76650.49228877493,0.0,0.0,0.0,0.0,0.0,0.0,0.0,0.0,8000.0,8.39,0.0,0.0,97899.37607674737,97899.37607674737,28.029749166072015,observed,observed
2026-06-16,Dhanmondi,43,21:30,70077.61968498796,0.0,0.0,0.0,0.0,0.0,0.0,0.0,0.0,8000.0,8.39,0.0,0.0,89504.38593736997,89504.38593736997,27.720766920129286,observed,observed
2026-06-16,Dhanmondi,44,22:00,62898.8816804888,0.0,0.0,0.0,0.0,0.0,0.0,0.0,0.0,8000.0,8.39,0.0,0.0,80335.57370050684,80335.57370050684,27.442418254323716,observed,observed
2026-06-16,Dhanmondi,45,22:30,51373.424072198475,0.0,0.0,0.0,0.0,0.0,0.0,0.0,0.0,8000.0,8.39,0.0,0.0,65615.05364696684,65615.05364696684,27.19166604841833,observed,observed
2026-06-16,Dhanmondi,46,23:00,46963.08406534261,0.0,0.0,0.0,0.0,0.0,0.0,0.0,0.0,8000.0,8.39,0.0,0.0,59982.08871660674,59982.08871660674,26.965774292894928,observed,observed
2026-06-16,Dhanmondi,47,23:30,46456.7972544289,0.0,-0.0,0.0,0.0,0.0,0.0,0.0,0.0,8000.0,8.39,0.0,0.0,59335.45017033876,59335.45017033876,26.76227823578467,observed,observed
2026-06-16,Kalyanpur,0,00:00,48222.04964480978,0.0,0.0,0.0,0.0,0.0,0.0,0.0,0.0,5999.999999999998,8.39,0.0,-7.275957614183426e-12,52204.74286885933,51899.039168744,26.578957489246267,observed,observed
2026-06-16,Kalyanpur,1,00:30,54819.566819449596,8000.0,0.0,0.0,0.0,0.0,0.0,0.0,0.0,9799.999999999998,8.39,0.0,-7.275957614183426e-12,50686.42799391702,50380.72429380172,26.413811802452006,observed,observed
2026-06-16,Kalyanpur,2,01:00,61432.39953825451,8000.0,0.0,0.0,0.0,0.0,0.0,0.0,0.0,13599.999999999998,8.39,0.0,-7.275957614183426e-12,57845.41924922029,57539.715549104934,26.265039236434582,observed,observed
2026-06-16,Kalyanpur,3,01:30,59533.23244459805,8000.0,0.0,0.0,0.0,0.0,0.0,0.0,0.0,17400.0,8.39,0.0,-7.275957614183426e-12,55789.39860058317,55483.69490046779,26.13101650275591,observed,observed
2026-06-16,Kalyanpur,4,02:00,52826.69263051225,0.0,0.0,0.0,0.0,0.0,0.0,0.0,0.0,17400.0,8.39,0.0,-7.275957614183426e-12,57189.68657909349,56883.98287897817,26.01028125146905,observed,observed
2026-06-16,Kalyanpur,5,02:30,52529.73490792291,8000.0,0.0,0.0,0.0,0.0,0.0,0.0,0.0,21200.0,8.39,0.0,-7.275957614183426e-12,48207.47724348947,47901.7735433741,25.901516115113523,observed,observed
2026-06-16,Kalyanpur,6,03:00,42726.54174087026,0.0,0.0,0.0,0.0,0.0,0.0,0.0,0.0,21200.0,8.39,0.0,-7.275957614183426e-12,46255.357076009204,45949.65337589384,25.80353433464471,observed,observed
2026-06-16,Kalyanpur,7,03:30,38163.418896080155,0.0,0.0,0.0,0.0,0.0,0.0,0.0,0.0,21200.0,8.39,0.0,-7.275957614183426e-12,41315.362684523905,41009.658984408554,25.71526681045886,observed,observed
2026-06-16,Kalyanpur,8,04:00,45867.955705587774,0.0,0.0,0.0,0.0,0.0,0.0,0.0,0.0,21200.0,8.39,0.0,-7.275957614183426e-12,49656.22264436795,49350.518944252624,25.63575043722476,observed,observed
2026-06-16,Kalyanpur,9,04:30,52293.64732803341,8000.0,0.0,0.0,0.0,0.0,0.0,0.0,0.0,25000.0,8.39,0.0,-7.275957614183426e-12,47951.89102321374,47646.187323098435,25.564117595240983,observed,observed
2026-06-16,Kalyanpur,10,05:00,57596.84270655457,0.0,0.0,0.0,0.0,0.0,0.0,0.0,0.0,25000.0,8.39,0.0,-7.275957614183426e-12,62353.80672744683,62048.10302733155,25.49958668365669,observed,observed
2026-06-16,Kalyanpur,11,05:30,64731.48705321914,2526.315789473684,0.0,0.0,0.0,0.0,0.0,0.0,0.0,26200.0,8.39,0.0,-7.275957614183426e-12,67342.7404031283,67037.03670301294,25.60638481700404,observed,observed
2026-06-16,Kalyanpur,12,06:00,79986.03450335965,8000.0,0.0,0.0,0.0,0.0,0.0,0.0,0.0,30000.0,8.39,0.0,1.4551915228366852e-11,77931.41206309569,77625.70836298031,26.319447364175634,observed,observed
2026-06-16,Kalyanpur,13,06:30,78335.58818880611,0.0,0.0,0.0,0.0,0.0,0.0,0.0,0.0,30000.0,8.39,0.0,1.4551915228366852e-11,84805.37988325924,84499.67618314385,27.02114191288521,observed,observed
2026-06-16,Kalyanpur,14,07:00,88000.0,0.0,723.4518191286646,0.0,0.0,0.0,0.0,0.0,0.0,29638.27409043567,12.537396121883658,0.0,1.4551915228366852e-11,96012.0244151378,95706.3207150224,27.705795881235723,observed,observed
2026-06-16,Kalyanpur,15,07:30,88000.0,0.0,5426.16034702376,0.0,0.0,0.0,0.0,0.0,0.0,26925.19391692379,12.53739612188365,0.0,1.4551915228366852e-11,100848.57754238049,100542.87384226511,28.367874445401416,observed,observed
2026-06-16,Kalyanpur,16,08:00,85709.92723486423,0.0,0.0,0.0,0.0,0.0,0.0,0.0,0.0,26925.19391692379,8.39,0.0,1.4551915228366852e-11,92788.77081257211,92483.06711245679,29.0020252837996,observed,observed
2026-06-16,Kalyanpur,17,08:30,86089.71989554094,6473.275964370974,0.0,0.0,0.0,0.0,0.0,0.0,0.0,30000.0,8.39,0.0,1.4551915228366852e-11,86192.02240830174,85886.31870818642,29.60312184589272,observed,observed
2026-06-16,Kalyanpur,18,09:00,88000.0,0.0,3069.234927444619,0.0,0.0,0.0,0.0,0.0,0.0,28465.38253627769,12.53739612188366,0.0,1.4551915228366852e-11,98424.57126150519,98118.86756138985,30.166304795830467,observed,observed
2026-06-16,Kalyanpur,19,09:30,83047.48708370328,3230.773607836441,0.0,0.0,0.0,0.0,0.0,0.0,0.0,30000.0,8.39,0.0,1.4551915228366852e-11,86408.83235649705,86103.12865638174,30.687021295896756,observed,observed
2026-06-16,Kalyanpur,20,10:00,88000.0,0.0,-0.0,0.0,4076.5647968778167,0.0,0.0,0.0,0.0,30000.0,18.25510204081633,0.0,1.4551915228366852e-11,99681.23347876483,99375.52977864948,31.1610618121894,observed,observed
2026-06-16,Kalyanpur,21,10:30,88000.0,0.0,0.0,0.0,4147.600436457559,0.0,0.0,0.0,0.0,30000.0,18.25510204081633,0.0,1.4551915228366852e-11,99758.1360021147,99452.43230199927,31.58459414499111,observed,observed
2026-06-16,Kalyanpur,22,11:00,88000.0,0.0,0.0,0.0,9689.003932523465,0.0,0.0,0.0,0.0,30000.0,18.25510204081633,0.0,1.4551915228366852e-11,105757.20793654144,105451.50423642616,31.954194408726206,observed,observed
2026-06-16,Kalyanpur,23,11:30,88000.0,0.0,807.6051394447834,0.0,11200.000000000005,0.0,0.0,0.0,0.0,29596.197430277607,18.25510204081633,5.213155068121432,0.0,108223.58876785364,107917.88506773829,32.2668747110574,observed,observed
2026-06-16,Kalyanpur,24,12:00,88000.0,0.0,8000.0,0.0,11200.000000000007,0.0,0.0,0.0,3609.3653841325913,25596.197430277607,18.25510204081633,41.744897959183675,0.0,119528.1530471602,119222.44934704487,32.52010730736157,observed,observed
2026-06-16,Kalyanpur,25,12:30,88000.0,0.0,8000.0,0.0,11200.000000000007,0.0,0.0,0.0,10179.888380662513,21596.197430277607,18.25510204081633,41.744897959183675,1.4551915228366852e-11,126641.3401902681,126335.63649015276,32.71184503531693,observed,observed
2026-06-16,Kalyanpur,26,13:00,88000.0,5447.603190637076,8000.0,0.0,16647.603190637084,0.0,0.0,0.0,11178.411793337178,20183.808945830217,18.25510204081633,41.744897959183675,1.4551915228366852e-11,127722.33235860548,127416.62865849015,32.84053786440579,observed,observed
2026-06-16,Kalyanpur,27,13:30,88000.0,0.0,8000.0,0.0,11200.000000000007,0.0,0.0,0.0,8384.657759478014,16183.808945830217,18.25510204081633,41.744897959183675,0.0,124697.84020095719,124392.13650084182,32.90514542654505,observed,observed
2026-06-16,Kalyanpur,28,14:00,88000.0,0.0,0.0,0.0,10162.610757880433,0.0,0.0,0.0,0.0,16183.808945830217,18.25510204081633,0.0,1.4551915228366852e-11,106269.93028494451,105964.22658482926,32.90514542654505,observed,observed
2026-06-16,Kalyanpur,29,14:30,88000.0,0.0,4259.853772214239,0.0,11200.000000000007,0.0,0.0,0.0,0.0,14053.882059723097,18.25510204081633,5.213155068121432,1.4551915228366852e-11,111774.0924450003,111468.38874488494,32.84053786440579,observed,observed
2026-06-16,Kalyanpur,30,15:00,88000.0,0.0,0.0,0.0,9079.91042487777,0.0,0.0,0.0,0.0,14053.882059723097,18.25510204081633,0.0,1.4551915228366852e-11,105097.80896482735,104792.10526471204,32.71184503531693,observed,observed
2026-06-16,Kalyanpur,31,15:30,88000.0,0.0,0.0,0.0,3166.079640626859,0.0,0.0,0.0,0.0,14053.882059723097,18.25510204081633,0.0,1.4551915228366852e-11,98695.55070878507,98389.84700866978,32.520107307361585,observed,observed
2026-06-16,Kalyanpur,32,16:00,88000.0,0.0,0.0,0.0,7883.853244597379,0.0,0.0,0.0,0.0,14053.882059723097,18.25510204081633,0.0,1.4551915228366852e-11,103802.96857515286,103497.2648750375,32.2668747110574,observed,observed
2026-06-16,Kalyanpur,33,16:30,88000.0,0.0,107.76411944619393,0.0,11200.000000000005,0.0,0.0,0.0,0.0,14000.0,18.25510204081633,5.213155068121432,0.0,107503.82945175543,107198.12575164011,31.954194408726213,observed,observed
2026-06-16,Kalyanpur,34,17:00,88000.0,0.0,8000.0,0.0,11200.000000000007,0.0,0.0,0.0,10453.373879010647,10000.0,18.25510204081633,41.744897959183675,1.4551915228366852e-11,126937.4130495677,126631.70934945236,31.58459414499111,observed,observed
2026-06-16,Kalyanpur,35,17:30,88000.0,0.0,8000.0,0.0,11200.000000000007,0.0,0.0,0.0,2480.580957573872,6000.0,18.25510204081633,41.744897959183675,1.4551915228366852e-11,118306.14151557004,118000.4378154547,31.1610618121894,observed,observed
2026-06-16,Kalyanpur,36,18:00,88000.0,0.0,0.0,0.0,1043.592975135747,0.0,0.0,0.0,0.0,6000.0,18.25510204081633,0.0,0.0,96397.76636675294,119895.05735722352,30.687021295896756,observed,observed
2026-06-16,Kalyanpur,37,18:30,88000.0,0.0,-7.643943957334973e-12,0.0,8991.069816455647,0.0,0.0,0.0,0.0,6000.000000000004,19.784874040117515,0.0,1.4551915228366852e-11,105001.63094765169,136406.42921498578,30.166037731890537,observed,observed
2026-06-16,Kalyanpur,38,19:00,88000.0,960.5375432558794,0.0,0.0,0.0,0.0,0.0,0.0,0.0,6456.255333046546,13.550229591836736,0.0,0.0,94228.11328981169,116384.30905598769,29.645256368566695,observed,observed
2026-06-16,Kalyanpur,39,19:30,88000.0,0.0,867.7997534394717,0.0,1006.9018807343848,0.0,0.0,0.0,0.0,6022.355456326811,18.25510204081633,0.0,0.0,97250.54328093564,122452.76533218299,29.17610709037657,observed,observed
2026-06-16,Kalyanpur,40,20:00,88000.0,0.0,0.0,0.0,4440.526806031659,0.0,0.0,0.0,0.0,6022.355456326811,18.25510204081633,0.0,0.0,100075.25536795995,126163.48901482993,28.75347091188212,observed,observed
2026-06-16,Kalyanpur,41,20:30,88000.0,4529.930795030959,0.0,0.0,0.0,0.0,0.0,0.0,0.0,8174.0725839665165,13.550229591836736,0.0,0.0,90363.9213220442,112353.27562204577,28.372736361758815,observed,observed
2026-06-16,Kalyanpur,42,21:00,88000.0,0.0,4348.145167933034,0.0,0.0,0.0,0.0,0.0,0.0,6000.0,18.255102040816332,0.0,1.4551915228366852e-11,99739.88078715546,99434.17708704008,28.029749166072015,observed,observed
2026-06-16,Kalyanpur,43,21:30,84733.27073120877,-0.0,0.0,0.0,0.0,0.0,0.0,0.0,0.0,6000.0,8.39,0.0,1.4551915228366852e-11,91731.4515567528,91425.74785663748,27.720766920129286,observed,observed
2026-06-16,Kalyanpur,44,22:00,81465.79529644965,0.0,0.0,0.0,0.0,0.0,0.0,0.0,0.0,6000.0,8.39,0.0,1.4551915228366852e-11,88194.11301228323,87888.40931216785,27.442418254323716,observed,observed
2026-06-16,Kalyanpur,45,22:30,72913.23231969828,0.0,0.0,0.0,0.0,0.0,0.0,0.0,0.0,6000.0,8.39,0.0,1.4551915228366852e-11,78935.1878035932,78629.48410347781,27.19166604841833,observed,observed
2026-06-16,Kalyanpur,46,23:00,60357.55599032793,0.0,0.0,0.0,0.0,0.0,0.0,0.0,0.0,6000.0,8.39,0.0,-7.275957614183426e-12,65342.529276065135,65036.82557594981,26.965774292894928,observed,observed
2026-06-16,Kalyanpur,47,23:30,61439.9106894953,0.0,0.0,0.0,0.0,0.0,0.0,0.0,0.0,6000.0,8.39,0.0,-7.275957614183426e-12,66514.2764162039,66208.57271608856,26.76227823578467,observed,observed
2026-06-17,Dhanmondi,0,00:00,59657.14604727851,10000.0,0.0,0.0,0.0,0.0,0.0,0.0,0.0,12750.0,8.39,0.0,7.275957614183426e-12,49904.93016950492,48886.395645369565,27.840394415038592,observed,observed
2026-06-17,Dhanmondi,1,00:30,59583.052192058705,10000.0,0.0,0.0,0.0,0.0,0.0,0.0,0.0,17500.0,8.39,0.0,0.0,49830.46659346268,48811.9320693273,27.71858859266063,observed,observed
2026-06-17,Dhanmondi,2,01:00,55935.306577795775,0.0,0.0,0.0,0.0,0.0,0.0,0.0,0.0,17500.0,8.39,0.0,0.0,56214.41808429772,55195.883560162394,27.6088615760828,observed,observed
2026-06-17,Dhanmondi,3,01:30,64495.69083540572,10000.0,0.0,0.0,0.0,0.0,0.0,0.0,0.0,22250.0,8.39,0.0,7.275957614183426e-12,54767.61880536831,53749.084281232965,27.510015577328225,observed,observed
2026-06-17,Dhanmondi,4,02:00,53119.58989920011,0.0,0.0,0.0,0.0,0.0,0.0,0.0,0.0,22250.0,8.39,0.0,0.0,53384.65126506414,52366.11674092877,27.42097158639042,observed,observed
2026-06-17,Dhanmondi,5,02:30,58033.94595278744,10000.0,0.0,0.0,0.0,0.0,0.0,0.0,0.0,27000.0,8.39,0.0,7.275957614183426e-12,48273.63047117786,47255.09594704246,27.340757592682703,observed,observed
2026-06-17,Dhanmondi,6,03:00,50939.36216088909,0.0,0.0,0.0,0.0,0.0,0.0,0.0,0.0,27000.0,8.39,0.0,0.0,51193.54441147177,50175.0098873364,27.268497974500992,observed,observed
2026-06-17,Dhanmondi,7,03:30,43260.58418482214,0.0,0.0,0.0,0.0,0.0,0.0,0.0,0.0,27000.0,8.39,0.0,0.0,43476.4501121357,42457.915588000295,27.203403940674523,observed,observed
2026-06-17,Dhanmondi,8,04:00,56233.51560330802,0.0,0.0,0.0,0.0,0.0,0.0,0.0,0.0,27000.0,8.39,0.0,0.0,56514.115142600924,55495.580618465654,27.144764920064883,observed,observed
2026-06-17,Dhanmondi,9,04:30,45730.92155718928,0.0,0.0,0.0,0.0,0.0,0.0,0.0,0.0,27000.0,8.39,0.0,0.0,45959.11421743333,44940.57969329792,27.09194080492057,observed,observed
2026-06-17,Dhanmondi,10,05:00,77597.01872438284,10000.0,0.0,0.0,0.0,0.0,0.0,0.0,0.0,31750.0,8.39,0.0,0.0,67934.32099168985,66915.78646755451,27.044354963414865,observed,observed
2026-06-17,Dhanmondi,11,05:30,63165.43832698173,0.0,0.0,0.0,0.0,0.0,0.0,0.0,0.0,31750.0,8.39,0.0,0.0,63480.627457585295,62462.092933449974,27.124442912042902,observed,observed
2026-06-17,Dhanmondi,12,06:00,75884.84667944504,9541.368394272104,0.0,0.0,0.0,0.0,0.0,0.0,0.0,36282.14998727925,8.39,0.0,7.275957614183426e-12,66674.52551283043,65655.99098869514,27.650242513628164,observed,observed
2026-06-17,Dhanmondi,13,06:30,71038.07031587936,0.0,0.0,0.0,0.0,0.0,0.0,0.0,0.0,36282.14998727925,8.39,0.0,0.0,71392.5430816142,70374.00855747885,28.167651680047616,observed,observed
2026-06-17,Dhanmondi,14,07:00,84135.74473432117,0.0,0.0,4695.63860858376,0.0,0.0,0.0,0.0,0.0,36282.14998727925,8.39,0.0,0.0,79836.50419797453,78817.96967383918,28.67248873660246,observed,observed
2026-06-17,Dhanmondi,15,07:30,93634.40027656779,0.0,0.0,6996.753506307527,0.0,0.0,0.0,0.0,0.0,36282.14998727925,8.39,0.0,1.4551915228366852e-11,87069.95984029236,86051.42531615698,29.1606736157496,observed,observed
2026-06-17,Dhanmondi,16,08:00,79816.29955553562,0.0,0.0,0.0,0.0,0.0,0.0,0.0,0.0,36282.14998727925,8.39,0.0,0.0,80214.57479483142,79196.0402706961,29.62826083200105,observed,observed
2026-06-17,Dhanmondi,17,08:30,85870.63171846939,0.0,0.0,0.0,0.0,0.0,0.0,0.0,0.0,36282.14998727925,8.39,0.0,0.0,86299.11746118865,85280.58293705332,30.071471369137967,observed,observed
2026-06-17,Dhanmondi,18,09:00,103045.71457827577,0.0,0.0,2168.1246491202255,0.0,0.0,0.0,0.0,0.0,36282.14998727925,8.39,0.0,0.0,101380.95887124327,100362.42434710785,30.48672322202849,observed,observed
2026-06-17,Dhanmondi,19,09:30,110000.00000000001,5323.66747735122,0.0,0.0,0.0,0.0,0.0,0.0,0.0,38810.89203902108,8.39,0.0,0.0,105198.65680498493,104180.12228084955,30.870660346211967,observed,observed
2026-06-17,Dhanmondi,20,10:00,108493.90980977923,0.0,0.0,7442.219342297628,0.0,0.0,0.0,0.0,0.0,38810.89203902108,8.39,0.0,0.0,101555.92815359714,100537.39362946176,31.22017978128041,observed,observed
2026-06-17,Dhanmondi,21,10:30,110000.00000000001,2503.3851810082547,0.0,7240.697958731895,0.0,0.0,0.0,0.0,0.0,40000.0,8.39,0.0,0.0,100756.18371678783,99737.64919265249,31.532456728847524,observed,observed
2026-06-17,Dhanmondi,22,11:00,110000.00000000001,0.0,6923.468243082591,11428.571428571428,0.0,0.0,0.0,0.0,0.0,36538.2658784587,35.068887765763755,0.0,0.0,105673.40486727,104654.87034313461,31.80496738242627,observed,observed
2026-06-17,Dhanmondi,23,11:30,110000.00000000001,0.0,10000.0,7952.051163926939,0.0,0.0,0.0,0.0,0.0,31538.2658784587,37.69705462373799,0.0,0.0,112104.56178684931,111086.02726271396,32.03550932470522,observed,observed
2026-06-17,Dhanmondi,24,12:00,110000.00000000001,3760.1368193815288,0.0,19591.836734693876,0.0,0.0,0.0,0.0,0.0,33324.330867664925,28.72467120860179,0.0,0.0,87080.39130948545,126619.2006386376,32.22221932737375,observed,observed
2026-06-17,Dhanmondi,25,12:30,110000.00000000001,1928.0523817493527,0.0,19591.836734693876,0.0,0.0,0.0,0.0,0.0,34240.155748995865,28.72467120860179,0.0,0.0,88921.61766263943,134065.6524697076,32.36358840963903,observed,observed
2026-06-17,Dhanmondi,26,13:00,110000.00000000001,3236.47493796277,0.0,19591.836734693872,0.0,0.0,0.0,0.0,0.0,35777.48134452818,28.72467120860179,0.0,-2.9103830456733704e-11,87606.66621057938,121429.81379429201,32.458474033732365,observed,observed
2026-06-17,Dhanmondi,27,13:30,110000.00000000001,5814.68203618075,0.0,19591.836734693872,0.0,0.0,0.0,0.0,0.0,38539.45531171404,28.72467120860179,0.0,0.0,85015.59412043962,118373.51319726625,32.506109338841654,observed,observed
2026-06-17,Dhanmondi,28,14:00,110000.00000000001,3074.830922707274,0.0,19591.836734693876,0.0,0.0,0.0,0.0,0.0,39999.99999999999,28.72467120860179,0.0,0.0,87769.11681307595,118394.32709015775,32.506109338841654,observed,observed
2026-06-17,Dhanmondi,29,14:30,110000.00000000001,0.0,10000.0,6195.988514958168,0.0,0.0,0.0,0.0,0.0,34999.99999999999,49.3,0.0,0.0,113869.3870103252,112850.85248618983,32.458474033732365,observed,observed
2026-06-17,Dhanmondi,30,15:00,110000.00000000001,0.0,10000.0,2575.6989925981907,0.0,0.0,0.0,0.0,0.0,29999.999999999993,49.3,0.0,0.0,117507.74141020855,116489.20688607317,32.36358840963903,observed,observed
2026-06-17,Dhanmondi,31,15:30,110000.00000000001,0.0,3100.3536333644515,1950.8814473136358,0.0,0.0,0.0,0.0,0.0,28449.823183317767,37.69705462373798,0.0,0.0,111548.30557458258,110529.77105044734,32.22221932737375,observed,observed
2026-06-17,Dhanmondi,32,16:00,110000.00000000001,0.0,0.0,6262.788237288012,0.0,0.0,0.0,0.0,0.0,28449.823183317767,37.69705462373798,0.0,0.0,104254.84992770766,103236.31540357239,32.03550932470522,observed,observed
2026-06-17,Dhanmondi,33,16:30,110000.00000000001,0.0,10000.0,10422.276937007642,0.0,0.0,0.0,0.0,0.0,23449.823183317767,37.69705462373798,0.0,0.0,109622.00983770716,108603.4753135719,31.80496738242627,observed,observed
2026-06-17,Dhanmondi,34,17:00,110000.00000000001,0.0,10000.0,0.0,0.0,0.0,0.0,0.0,6161.343996534415,18449.823183317767,60.0,0.0,0.0,126288.38135768948,125269.84683355402,31.532456728847524,observed,observed
2026-06-17,Dhanmondi,35,17:30,110000.00000000001,0.0,10000.0,0.0,0.0,0.0,0.0,0.0,2319.0849488254316,13449.823183317767,60.0,0.0,0.0,122426.94982703912,121408.41530290378,31.220179781280414,observed,observed
2026-06-17,Dhanmondi,36,18:00,110000.00000000001,0.0,0.0,0.0,4507.706157751207,0.0,0.0,0.0,0.0,13449.823183317767,37.05966931185482,0.0,0.0,115079.0879973649,114060.55347322952,30.870660346211967,observed,observed
2026-06-17,Dhanmondi,37,18:30,110000.00000000001,0.0,9806.011957250663,0.0,10846.595919477048,0.0,0.0,0.0,0.0,8546.817204692436,37.69705462373799,0.0,0.0,130811.80399028206,129793.26946614675,30.486534262222136,observed,observed
2026-06-17,Dhanmondi,38,19:00,110000.00000000001,0.0,1093.6344093848877,0.0,13999.999999999984,0.0,0.0,0.0,0.0,7999.999999999992,37.470076373589414,0.22697825014857642,0.0,125662.88438057255,124644.34985643718,30.1023254716598,observed,observed
2026-06-17,Dhanmondi,39,19:30,110000.00000000001,0.0,1.1727694838650917e-12,0.0,9445.559265980102,0.0,0.0,0.0,0.0,7999.999999999991,37.340071343274815,0.0,0.0,120041.58049177477,119023.04596763942,29.75621652950623,observed,observed
2026-06-17,Dhanmondi,40,20:00,110000.00000000001,0.0,-2.5654332459548883e-12,0.0,3686.1583869936753,0.0,0.0,0.0,0.0,7999.999999999993,37.172810704751875,0.0,0.0,114253.4407865581,113234.9062624226,29.44442928574396,observed,observed
2026-06-17,Dhanmondi,41,20:30,105768.48441806305,0.0,0.0,0.0,0.0,0.0,0.0,0.0,0.0,7999.999999999993,8.39,0.0,0.0,106296.25842758415,105277.72390344879,29.16356024847495,observed,observed
2026-06-17,Dhanmondi,42,21:00,108492.8564170694,0.0,0.0,7281.563014132207,0.0,0.0,0.0,0.0,0.0,7999.999999999993,8.39,0.0,0.0,101716.32749151267,100697.7929673773,28.91054343115906,observed,observed
2026-06-17,Dhanmondi,43,21:30,95318.82462849947,7.180221329786276e-13,0.0,2292.149127729016,0.0,0.0,0.0,0.0,0.0,7999.999999999993,8.39,0.0,0.0,93490.8691761511,92472.33465201574,28.682616884085277,observed,observed
2026-06-17,Dhanmondi,44,22:00,83756.42740806725,0.0,0.0,0.0,0.0,0.0,0.0,0.0,0.0,7999.999999999993,8.39,0.0,0.0,84174.3634857139,83155.82896157858,28.47729254473073,observed,observed
2026-06-17,Dhanmondi,45,22:30,68470.11127555667,0.0,0.0,0.0,0.0,0.0,0.0,0.0,0.0,7999.999999999993,8.39,0.0,0.0,68811.77018613929,67793.23566200401,28.292329077891846,observed,observed
2026-06-17,Dhanmondi,46,23:00,63041.98907190719,0.0,0.0,0.0,0.0,0.0,0.0,0.0,0.0,7999.999999999993,8.39,0.0,0.0,63356.562203248985,62338.027679113635,28.12570740910867,observed,observed
2026-06-17,Dhanmondi,47,23:30,62524.16471404314,0.0,0.0,0.0,0.0,0.0,0.0,0.0,0.0,7999.999999999993,8.39,0.0,0.0,62836.15395436031,61817.61943022494,27.97560868430333,observed,observed
2026-06-17,Kalyanpur,0,00:00,52397.31914298535,0.0,0.0,0.0,0.0,0.0,0.0,0.0,0.0,6000.0,8.39,0.0,0.0,55764.135800408556,53878.691942110316,27.840394415038592,observed,observed
2026-06-17,Kalyanpur,1,00:30,58829.80274491219,8000.0,0.0,0.0,0.0,0.0,0.0,0.0,0.0,9800.0,8.39,0.0,0.0,54095.89783096233,52210.4539726641,27.71858859266063,observed,observed
2026-06-17,Kalyanpur,2,01:00,58307.1901325078,0.0,0.0,0.0,0.0,0.0,0.0,0.0,0.0,9800.0,8.39,0.0,0.0,62053.74858619453,60168.30472789622,27.6088615760828,observed,observed
2026-06-17,Kalyanpur,3,01:30,56249.267506829805,0.0,0.0,0.0,0.0,0.0,0.0,0.0,0.0,9800.0,8.39,0.0,0.0,59863.59308507273,57978.149226774476,27.510015577328225,observed,observed
2026-06-17,Kalyanpur,4,02:00,65758.88250087995,8000.0,0.0,0.0,0.0,0.0,0.0,0.0,0.0,13600.0,8.39,0.0,-7.275957614183426e-12,61470.20916603716,59584.765307738904,27.42097158639042,observed,observed
2026-06-17,Kalyanpur,5,02:30,48769.6428747459,0.0,0.0,0.0,0.0,0.0,0.0,0.0,0.0,13600.0,8.39,0.0,0.0,51903.3613300585,50017.91747176022,27.340757592682703,observed,observed
2026-06-17,Kalyanpur,6,03:00,46687.186956979145,0.0,0.0,0.0,0.0,0.0,0.0,0.0,0.0,13600.0,8.39,0.0,0.0,49687.096137562345,47801.65227926409,27.268497974500992,observed,observed
2026-06-17,Kalyanpur,7,03:30,49457.80845493404,8000.0,0.0,0.0,0.0,0.0,0.0,0.0,0.0,17400.0,8.39,0.0,0.0,44121.70123359768,42236.257375299436,27.203403940674523,observed,observed
2026-06-17,Kalyanpur,8,04:00,58278.30135358633,8000.0,0.0,0.0,0.0,0.0,0.0,0.0,0.0,21200.0,8.39,0.0,0.0,53508.959434437,51623.51557613878,27.144764920064883,observed,observed
2026-06-17,Kalyanpur,9,04:30,48401.36589769715,0.0,0.0,0.0,0.0,0.0,0.0,0.0,0.0,21200.0,8.39,0.0,0.0,51511.42052666984,49625.97666837163,27.09194080492057,observed,observed
2026-06-17,Kalyanpur,10,05:00,66665.58993367513,5016.367079985587,0.0,0.0,0.0,0.0,0.0,0.0,0.0,23582.774362993154,8.39,0.0,-7.275957614183426e-12,65610.52533663897,63725.08147834067,27.044354963414865,observed,observed
2026-06-17,Kalyanpur,11,05:30,74678.0435936625,8000.0,0.0,0.0,0.0,0.0,0.0,0.0,0.0,27382.774362993154,8.39,0.0,-7.275957614183426e-12,70962.47553650534,69077.03167820704,27.124442912042902,observed,observed
2026-06-17,Kalyanpur,12,06:00,76344.51962785827,0.0,0.0,0.0,0.0,0.0,0.0,0.0,0.0,27382.774362993154,8.39,0.0,-1.4551915228366852e-11,81250.07595383417,79364.63209553588,27.650242513628164,observed,observed
2026-06-17,Kalyanpur,13,06:30,88000.0,5509.948709488098,0.0,0.0,0.0,0.0,0.0,0.0,0.0,30000.0,8.39,0.0,-1.4551915228366852e-11,87790.49191035943,85905.04805206113,28.167651680047616,observed,observed
2026-06-17,Kalyanpur,14,07:00,88000.0,0.0,-0.0,0.0,4601.725836412085,0.0,0.0,0.0,0.0,30000.0,18.25510204081633,0.0,-1.4551915228366852e-11,98551.89729845556,96666.45344015722,28.67248873660246,observed,observed
2026-06-17,Kalyanpur,15,07:30,88000.0,0.0,2759.1602257998293,0.0,6856.818436181376,0.0,0.0,0.0,0.0,28620.419887100084,18.25510204081633,0.0,-1.4551915228366852e-11,103741.5209409218,101856.07708262352,29.1606736157496,observed,observed
2026-06-17,Kalyanpur,16,08:00,88000.0,0.0,1790.6800529796174,0.0,0.0,0.0,0.0,0.0,0.0,27725.079860610276,18.255102040816332,0.0,-1.4551915228366852e-11,95464.93926822538,93579.49540992716,29.62826083200105,observed,observed
2026-06-17,Kalyanpur,17,08:30,88000.0,4789.305556609944,0.0,0.0,0.0,0.0,0.0,0.0,0.0,30000.0,13.550229591836736,0.0,-1.4551915228366852e-11,88557.4403592117,86671.99650091345,30.071471369137967,observed,observed
2026-06-17,Kalyanpur,18,09:00,88000.0,0.0,4740.984967406368,0.0,2124.762156137821,0.0,0.0,0.0,0.0,27629.507516296817,18.25510204081633,0.0,-1.4551915228366852e-11,100709.11346679978,98823.6696085015,30.48672322202849,observed,observed
2026-06-17,Kalyanpur,19,09:30,88000.0,4990.510492006703,0.0,0.0,0.0,0.0,0.0,0.0,0.0,30000.0,13.550229591836736,0.0,-1.4551915228366852e-11,88343.30689733443,86457.86303903614,30.870660346211967,observed,observed
2026-06-17,Kalyanpur,20,10:00,88000.0,0.0,0.0,0.0,7293.374955451675,0.0,0.0,0.0,0.0,30000.0,18.25510204081633,0.0,-1.4551915228366852e-11,101416.49971430768,99531.0558560094,31.22017978128041,observed,observed
2026-06-17,Kalyanpur,21,10:30,88000.0,0.0,0.0,0.0,7095.883999557257,0.0,0.0,0.0,0.0,30000.0,18.25510204081633,0.0,0.0,101206.3188755935,99320.8750172952,31.532456728847524,observed,observed
2026-06-17,Kalyanpur,22,11:00,88000.0,0.0,1370.154523435042,0.0,11199.999999999998,0.0,0.0,0.0,0.0,29314.92273828248,45.478456903840566,2.6818029163002386,0.0,106959.43173874337,105073.98788044503,31.80496738242627,observed,observed
2026-06-17,Kalyanpur,23,11:30,88000.0,0.0,7218.598129913041,0.0,7793.0101406484,0.0,0.0,0.0,0.0,25705.623673325957,48.16025982014081,0.0,0.0,109246.55043280307,107361.10657450483,32.03550932470522,observed,observed
2026-06-17,Kalyanpur,24,12:00,88000.0,8000.0,8000.0,0.0,19199.999999999996,0.0,0.0,0.0,6211.076054768398,25505.623673325957,39.004766539389585,20.995233460610415,0.0,120272.6607991371,118387.21694083879,32.22221932737375,observed,observed
2026-06-17,Kalyanpur,25,12:30,88000.0,8000.0,8000.0,0.0,19199.999999999996,0.0,0.0,0.0,12691.094765229247,25305.623673325957,39.004766539389585,20.995233460610415,0.0,127169.05644054852,125283.6125822502,32.36358840963903,observed,observed
2026-06-17,Kalyanpur,26,13:00,88000.0,8000.0,8000.0,0.0,19199.999999999993,0.0,0.0,0.0,13449.965305076412,25105.623673325957,39.004766539389585,20.995233460610415,-1.4551915228366852e-11,127976.68859675647,126091.24473845818,32.458474033732365,observed,observed
2026-06-17,Kalyanpur,27,13:30,88000.0,8000.0,8000.0,0.0,19199.999999999993,0.0,0.0,0.0,10526.474518910452,24905.623673325957,39.004766539389585,20.995233460610415,-1.4551915228366852e-11,124865.34740836237,122979.90355006406,32.506109338841654,observed,observed
2026-06-17,Kalyanpur,28,14:00,88000.0,8000.0,1106.708638949518,0.0,19199.999999999996,0.0,0.0,0.0,0.0,28152.2693538512,39.004766539389585,9.15549328075122,0.0,106693.07669037717,104807.63283207892,32.506109338841654,observed,observed
2026-06-17,Kalyanpur,29,14:30,88000.0,0.0,8000.0,0.0,6072.068744659005,0.0,0.0,0.0,3690.6757187263183,24152.2693538512,60.0,0.0,-1.4551915228366852e-11,112132.88173249099,110247.43787419281,32.458474033732365,observed,observed
2026-06-17,Kalyanpur,30,15:00,88000.0,0.0,8000.0,0.0,2524.1850127462267,0.0,0.0,0.0,1160.340505644363,20152.2693538512,60.0,0.0,-1.4551915228366852e-11,105664.1037068756,103778.65984857737,32.36358840963903,observed,observed
2026-06-17,Kalyanpur,31,15:30,88000.0,0.0,3758.4967524161775,0.0,1911.8638183673631,0.0,0.0,0.0,0.0,18273.02097764311,48.1602598201408,0.0,-1.4551915228366852e-11,99489.19766203227,97603.75380373395,32.22221932737375,observed,observed
2026-06-17,Kalyanpur,32,16:00,88000.0,0.0,4496.466509480434,0.0,6137.5324725422515,0.0,0.0,0.0,0.0,16024.787722902895,48.1602598201408,0.0,0.0,104732.50779000415,102847.0639317058,32.03550932470522,observed,observed
2026-06-17,Kalyanpur,33,16:30,88000.0,0.0,4049.575445805789,0.0,10213.83139826749,0.0,0.0,0.0,0.0,14000.0,48.1602598201408,0.0,-1.4551915228366852e-11,108618.9054325418,106733.46157424356,31.80496738242627,observed,observed
2026-06-17,Kalyanpur,34,17:00,88000.0,0.0,8000.0,0.0,0.0,0.0,0.0,0.0,25026.25595209918,10000.0,60.0,0.0,-1.4551915228366852e-11,128377.1579925998,126491.71413430151,31.532456728847524,observed,observed
2026-06-17,Kalyanpur,35,17:30,88000.0,0.0,8000.0,0.0,0.0,0.0,0.0,0.0,17178.76061904486,6000.0,60.0,0.0,-1.4551915228366852e-11,120025.41781575345,118139.9739574551,31.220179781280414,observed,observed
2026-06-17,Kalyanpur,36,18:00,88000.0,2.2737367544323206e-13,0.0,4599.700160970619,0.0,0.0,0.0,0.0,0.0,6000.0,26.81847592561772,0.0,0.0,88759.22894694588,120358.82908192002,30.870660346211967,observed,observed
2026-06-17,Kalyanpur,37,18:30,88000.0,0.0,0.0,11067.955019874538,0.0,0.0,0.0,0.0,0.0,6000.0,27.44311353126323,0.0,-1.4551915228366852e-11,81875.35304941615,137288.96126579295,30.486534262222136,observed,observed
2026-06-17,Kalyanpur,38,19:00,88000.0,0.0,0.0,14285.71428571427,0.0,0.0,0.0,0.0,0.0,6000.0,27.220674846117625,0.0,-1.4551915228366852e-11,78450.83500902462,117666.80887568092,30.1023254716598,observed,observed
2026-06-17,Kalyanpur,39,19:30,88000.0,0.0,0.0,9638.32578161235,0.0,0.0,0.0,0.0,0.0,6000.0,27.09326991640932,0.0,0.0,83396.8438487667,124138.70558081527,29.75621652950623,observed,observed
2026-06-17,Kalyanpur,40,20:00,88000.0,0.0,0.0,3761.3861091772196,0.0,0.0,0.0,0.0,0.0,6000.0,26.929354490656834,0.0,-1.4551915228366852e-11,89651.40929876943,128303.23601432452,29.44442928574396,observed,observed
2026-06-17,Kalyanpur,41,20:30,88000.0,2270.366179693272,0.0,0.0,0.0,0.0,0.0,0.0,0.0,7078.423935354304,13.550229591836736,0.0,0.0,91238.23547974184,114629.23633216077,29.16356024847495,observed,observed
2026-06-17,Kalyanpur,42,21:00,88000.0,0.0,2156.847870708608,0.0,7135.9317538495625,0.0,0.0,0.0,0.0,6000.0,18.25510204081633,0.0,0.0,103429.60529556901,101544.16143727073,28.91054343115906,observed,observed
2026-06-17,Kalyanpur,43,21:30,88000.0,0.0,-0.0,0.0,2246.3061451744356,0.0,0.0,0.0,0.0,6000.0,18.25510204081633,0.0,-1.4551915228366852e-11,96045.12890500574,94159.68504670751,28.682616884085277,observed,observed
2026-06-17,Kalyanpur,44,22:00,86940.67547266651,-0.0,0.0,0.0,0.0,0.0,0.0,0.0,0.0,6000.0,8.39,0.0,-1.4551915228366852e-11,92527.09323557193,90641.64937727374,28.47729254473073,observed,observed
2026-06-17,Kalyanpur,45,22:30,78075.23164694558,0.0,0.0,0.0,0.0,0.0,0.0,0.0,0.0,6000.0,8.39,0.0,-1.4551915228366852e-11,83091.9957627545,81206.5519044562,28.292329077891846,observed,observed
2026-06-17,Kalyanpur,46,23:00,65052.64528083833,-0.0,0.0,0.0,0.0,0.0,0.0,0.0,0.0,6000.0,8.39,0.0,0.0,69232.63642014244,67347.19256184423,28.12570740910867,observed,observed
2026-06-17,Kalyanpur,47,23:30,66416.95038756492,0.0,0.0,0.0,0.0,0.0,0.0,0.0,0.0,6000.0,8.39,0.0,0.0,70684.6056523294,68799.16179403114,27.97560868430333,observed,observed
2026-06-18,Dhanmondi,0,00:00,45931.752462869736,0.0,0.0,0.0,0.0,0.0,0.0,0.0,0.0,7999.999999999993,8.39,0.0,0.0,47791.556784363944,47580.615654104295,26.961849381206644,observed,observed
2026-06-18,Dhanmondi,1,00:30,45795.92995785757,0.0,0.0,0.0,0.0,0.0,0.0,0.0,0.0,7999.999999999993,8.39,0.0,0.0,47650.23474431919,47439.293614059534,26.815259143078134,observed,observed
2026-06-18,Dhanmondi,2,01:00,61530.9134742439,10000.0,0.0,0.0,0.0,0.0,0.0,0.0,0.0,12749.999999999993,8.39,0.0,0.0,53617.431197411875,53406.49006715225,26.683207869985505,observed,observed
2026-06-18,Dhanmondi,3,01:30,50223.47352379174,0.0,0.0,0.0,0.0,0.0,0.0,0.0,0.0,12749.999999999993,8.39,0.0,0.0,52257.052215906864,52046.11108564721,26.56425357297361,observed,observed
2026-06-18,Dhanmondi,4,02:00,58932.129048669485,10000.0,0.0,0.0,0.0,0.0,0.0,0.0,0.0,17499.999999999993,8.39,0.0,0.0,50913.42042522198,50702.47929496234,26.45709728098035,observed,observed
2026-06-18,Dhanmondi,5,02:30,44231.815327529905,0.0,0.0,0.0,0.0,0.0,0.0,0.0,0.0,17499.999999999993,8.39,0.0,0.0,46022.78817055766,45811.84704029803,26.360568856180397,observed,observed
2026-06-18,Dhanmondi,6,03:00,46880.97560516659,0.0,0.0,0.0,0.0,0.0,0.0,0.0,0.0,17499.999999999993,8.39,0.0,0.0,48779.214543400776,48568.27341314113,26.27361421617712,observed,observed
2026-06-18,Dhanmondi,7,03:30,49934.68364614362,10000.0,0.0,0.0,0.0,0.0,0.0,0.0,0.0,22249.999999999993,8.39,0.0,0.0,41551.663039269115,41340.72190900947,26.19528382351019,observed,observed
2026-06-18,Dhanmondi,8,04:00,53830.15612923149,2201.6446843266203,0.0,0.0,0.0,0.0,0.0,0.0,0.0,23295.781225055136,8.39,0.0,-7.275957614183426e-12,53718.980968687276,53508.03983842764,26.12472231678527,observed,observed
2026-06-18,Dhanmondi,9,04:30,52120.94182477613,10000.0,0.0,0.0,0.0,0.0,0.0,0.0,0.0,28045.781225055136,8.39,0.0,0.0,43826.44412831768,43615.50299805804,26.061159170198444,observed,observed
2026-06-18,Dhanmondi,10,05:00,62568.457418539656,0.0,0.0,0.0,0.0,0.0,0.0,0.0,0.0,28045.781225055136,8.39,0.0,0.0,65101.89194382351,64890.95081356387,26.003900279458357,observed,observed
2026-06-18,Dhanmondi,11,05:30,58818.23780820734,0.0,0.0,0.0,0.0,0.0,0.0,0.0,0.0,28045.781225055136,8.39,0.0,0.0,61199.823682746035,60988.88255248638,26.101536332773815,observed,observed
2026-06-18,Dhanmondi,12,06:00,62372.74392213662,0.0,0.0,0.0,0.0,0.0,0.0,0.0,0.0,28045.781225055136,8.39,0.0,0.0,64898.25389007471,64687.31275981504,26.734198329041117,observed,observed
2026-06-18,Dhanmondi,13,06:30,67012.05417090777,0.0,0.0,0.0,0.0,0.0,0.0,0.0,0.0,28045.781225055136,8.39,0.0,0.0,69725.41260503251,69514.47147477289,27.356757150971806,observed,observed
2026-06-18,Dhanmondi,14,07:00,74878.68781300288,0.0,0.0,0.0,0.0,0.0,0.0,0.0,0.0,28045.781225055136,8.39,0.0,0.0,77910.57098129726,77699.62985103761,27.964182376380595,observed,observed
2026-06-18,Dhanmondi,15,07:30,81978.68375333308,0.0,0.0,0.0,0.0,0.0,0.0,0.0,0.0,28045.781225055136,8.39,0.0,0.0,85298.05003351378,85087.10890325412,28.551565866113144,observed,observed
2026-06-18,Dhanmondi,16,08:00,75487.66178068388,0.0,0.0,0.0,0.0,0.0,0.0,0.0,0.0,28045.781225055136,8.39,0.0,0.0,78544.2026717091,78333.26154144944,29.114161422968593,observed,observed
2026-06-18,Dhanmondi,17,08:30,81379.24197364219,0.0,0.0,0.0,0.0,0.0,0.0,0.0,0.0,28045.781225055136,8.39,0.0,0.0,84674.33649512492,84463.39536486527,29.647423142092887,observed,observed
2026-06-18,Dhanmondi,18,09:00,95748.67421281495,0.0,0.0,0.0,0.0,0.0,0.0,0.0,0.0,28045.781225055136,8.39,0.0,0.0,99625.59570023882,99414.65456997917,30.147042142962693,observed,observed
2026-06-18,Dhanmondi,19,09:30,99531.04347877578,0.0,0.0,0.0,0.0,0.0,0.0,0.0,0.0,28045.781225055136,8.39,0.0,0.0,103561.11537586468,103350.17424560504,30.60898138615679,observed,observed
2026-06-18,Dhanmondi,20,10:00,96271.65707300894,0.0,0.0,0.0,0.0,0.0,0.0,0.0,0.0,28045.781225055136,8.39,0.0,0.0,100169.75445142986,99958.81332117021,31.029508293587195,observed,observed
2026-06-18,Dhanmondi,21,10:30,95703.57658220423,0.0,0.0,0.0,0.0,0.0,0.0,0.0,0.0,28045.781225055136,8.39,0.0,0.0,99578.67203940278,99367.73090914314,31.4052249086109,observed,observed
2026-06-18,Dhanmondi,22,11:00,110000.00000000001,4590.118332728044,0.0,4809.330645054971,0.0,0.0,0.0,0.0,0.0,30226.087433100958,8.39,0.0,0.0,104673.92792389437,104462.98679363476,31.73309535232133,observed,observed
2026-06-18,Dhanmondi,23,11:30,110000.00000000001,0.0,4068.283587828924,6972.392313994398,0.0,0.0,0.0,0.0,0.0,28191.945639186495,12.537396121883658,0.0,0.0,111220.6178723542,111009.67674209457,32.010470354166316,observed,observed
2026-06-18,Dhanmondi,24,12:00,110000.00000000001,0.0,0.0,11428.571428571422,0.0,0.0,0.0,0.0,0.0,28191.945639186495,12.367326410396181,0.0,2.9103830456733704e-11,102562.64508295173,126666.33909626922,32.235108658679266,observed,observed
2026-06-18,Dhanmondi,25,12:30,110000.00000000001,0.0,1140.1417266025142,11428.571428571422,0.0,0.0,0.0,0.0,0.0,27621.874775885237,12.537396121883658,0.0,0.0,103689.63649717084,134223.2876955151,32.40519513535223,observed,observed
2026-06-18,Dhanmondi,26,13:00,110000.00000000001,1150.9154977897979,0.0,11428.571428571422,0.0,0.0,0.0,0.0,0.0,28168.55963733539,8.39,0.0,0.0,101365.12832347056,121655.1506530121,32.51935544531868,observed,observed
2026-06-18,Dhanmondi,27,13:30,110000.00000000001,4143.057699840485,0.0,11428.571428571422,0.0,0.0,0.0,0.0,0.0,30136.51204475962,8.39,0.0,0.0,98251.8324815191,118624.926257412,32.57666714633588,observed,observed
2026-06-18,Dhanmondi,28,14:00,108701.22887013936,10000.0,0.0,4917.073370154331,0.0,0.0,0.0,0.0,0.0,34886.51204475962,8.39,0.0,0.0,97581.53244151484,118658.94316626572,32.57666714633588,observed,observed
2026-06-18,Dhanmondi,29,14:30,110000.00000000001,0.0,9119.38184592062,9793.221056659495,0.0,0.0,0.0,0.0,0.0,30326.82112179931,12.537396121883658,0.0,1.4551915228366852e-11,113278.41133029168,113067.47020003204,32.51935544531868,observed,observed
2026-06-18,Dhanmondi,30,15:00,110000.00000000001,0.0,2595.5337312641186,156.08304519618716,0.0,0.0,0.0,0.0,0.0,29029.05425616725,12.537396121883658,0.0,0.0,116857.16034282975,116646.2192125701,32.40519513535223,observed,observed
2026-06-18,Dhanmondi,31,15:30,106474.58479398189,0.0,0.0,0.0,0.0,0.0,0.0,0.0,0.0,29029.05425616725,8.39,0.0,0.0,110785.80486095465,110574.863730695,32.23510865867928,observed,observed
2026-06-18,Dhanmondi,32,16:00,102255.20305524654,0.0,0.0,2909.5860739658806,0.0,0.0,0.0,0.0,0.0,29029.05425616725,8.39,0.0,0.0,103368.1808478053,103157.23971754566,32.010470354166316,observed,observed
2026-06-18,Dhanmondi,33,16:30,110000.00000000001,0.0,638.4006546468386,6261.888113392182,0.0,0.0,0.0,0.0,0.0,28709.85392884383,12.537396121883658,0.0,0.0,108569.56790498203,108358.62677472239,31.73309535232133,observed,observed
2026-06-18,Dhanmondi,34,17:00,110000.00000000001,0.0,10000.0,0.0,0.0,0.0,0.0,0.0,689.9962998906568,23709.85392884383,60.0,0.0,0.0,125056.56163940401,124845.62050914438,31.4052249086109,observed,observed
2026-06-18,Dhanmondi,35,17:30,110000.00000000001,0.0,10000.0,3168.85435438888,0.0,0.0,0.0,0.0,0.0,18709.85392884383,49.3,0.0,0.0,121041.46379798239,120830.52266772276,31.029508293587195,observed,observed
2026-06-18,Dhanmondi,36,18:00,110000.00000000001,942.3487098531904,0.0,0.0,0.0,0.0,0.0,0.0,0.0,19157.469566024098,8.39,0.0,0.0,113473.46127530653,113262.52014504687,30.60898138615679,observed,observed
2026-06-18,Dhanmondi,37,18:30,110000.00000000001,0.0,10000.0,0.0,4408.860418474448,0.0,0.0,0.0,0.0,14157.469566024096,28.379292508937006,0.0,0.0,128926.00480598699,128715.06367572733,30.146822962247075,observed,observed
2026-06-18,Dhanmondi,38,19:00,110000.00000000001,0.0,9031.409002974551,0.0,0.0,0.0,0.0,0.0,0.0,9641.76506453682,12.537396121883658,0.0,0.0,123381.20763537733,123170.26650511767,29.684343889185637,observed,observed
2026-06-18,Dhanmondi,39,19:30,110000.00000000001,0.0,3283.5301290736484,0.0,0.0,0.0,0.0,0.0,0.0,7999.999999999996,12.537396121883658,0.0,0.0,117699.62438154752,117488.68325128786,29.267733948741153,observed,observed
2026-06-18,Dhanmondi,40,20:00,107383.9028296323,0.0,0.0,0.0,0.0,0.0,0.0,0.0,0.0,7999.999999999996,8.39,0.0,0.0,111731.9417315424,111521.00060128278,28.89244379490083,observed,observed
2026-06-18,Dhanmondi,41,20:30,99533.15073590842,0.0,0.0,0.0,0.0,0.0,0.0,0.0,0.0,7999.999999999996,8.39,0.0,0.0,103563.30795710777,103352.36682684816,28.554375290296196,observed,observed
2026-06-18,Dhanmondi,42,21:00,94964.40296520038,0.0,0.0,0.0,0.0,0.0,0.0,0.0,0.0,7999.999999999996,8.39,0.0,0.0,98809.56883744897,98598.62770718933,28.24983675488276,observed,observed
2026-06-18,Dhanmondi,43,21:30,86979.50420611998,0.0,0.0,0.0,0.0,0.0,0.0,0.0,0.0,7999.999999999996,8.39,0.0,0.0,90501.35671838225,90290.41558812259,27.975502653099987,observed,observed
2026-06-18,Dhanmondi,44,22:00,78161.02765836149,0.0,0.0,0.0,0.0,0.0,0.0,0.0,0.0,7999.999999999996,8.39,0.0,0.0,81325.81474391755,81114.87361365792,27.728377279298627,observed,observed
2026-06-18,Dhanmondi,45,22:30,63861.78021455814,0.0,0.0,0.0,0.0,0.0,0.0,0.0,0.0,7999.999999999996,8.39,0.0,0.0,66447.58215880925,66236.64102854958,27.505762044883408,observed,observed
2026-06-18,Dhanmondi,46,23:00,58513.25302422721,0.0,-0.0,0.0,0.0,0.0,0.0,0.0,0.0,7999.999999999996,8.39,0.0,0.0,60882.48988117301,60671.54875091336,27.305226009949266,observed,observed
2026-06-18,Dhanmondi,47,23:30,57941.48279426858,0.0,0.0,0.0,0.0,0.0,0.0,0.0,0.0,7999.999999999996,8.39,0.0,0.0,60287.5683302314,60076.62719997174,27.124579337619103,observed,observed
2026-06-18,Kalyanpur,0,00:00,46604.56097523831,0.0,0.0,0.0,0.0,0.0,0.0,0.0,0.0,6000.0,8.39,0.0,0.0,52955.79895388775,52499.93563873016,26.961849381206644,observed,observed
2026-06-18,Kalyanpur,1,00:30,45234.9601764349,0.0,0.0,0.0,0.0,0.0,0.0,0.0,0.0,6000.0,8.39,0.0,0.0,51399.54988661184,50943.68657145426,26.815259143078134,observed,observed
2026-06-18,Kalyanpur,2,01:00,51759.75500248418,0.0,0.0,0.0,0.0,0.0,0.0,0.0,0.0,6000.0,8.39,0.0,0.0,58813.53932870139,58357.67601354375,26.683207869985505,observed,observed
2026-06-18,Kalyanpur,3,01:30,57920.151035230134,8000.0,0.0,0.0,0.0,0.0,0.0,0.0,0.0,9800.0,8.39,0.0,0.0,56723.2353797716,56267.37206461396,26.56425357297361,observed,observed
2026-06-18,Kalyanpur,4,02:00,51215.64684604997,0.0,0.0,0.0,0.0,0.0,0.0,0.0,0.0,9800.0,8.39,0.0,0.0,58195.28048153384,57739.4171663762,26.45709728098035,observed,observed
2026-06-18,Kalyanpur,5,02:30,43135.890060084734,0.0,0.0,0.0,0.0,0.0,0.0,0.0,0.0,9800.0,8.39,0.0,0.0,49014.41991766716,48558.55660250952,26.360568856180397,observed,observed
2026-06-18,Kalyanpur,6,03:00,49331.297108284554,8000.0,0.0,0.0,0.0,0.0,0.0,0.0,0.0,13600.0,8.39,0.0,0.0,46963.89826164494,46508.03494648732,26.27361421617712,observed,observed
2026-06-18,Kalyanpur,7,03:30,36792.59948397621,0.0,0.0,0.0,0.0,0.0,0.0,0.0,0.0,13600.0,8.39,0.0,0.0,41806.67000166711,41350.80668650946,26.19528382351019,observed,observed
2026-06-18,Kalyanpur,8,04:00,44428.5054452198,0.0,0.0,0.0,0.0,0.0,0.0,0.0,0.0,13600.0,8.39,0.0,0.0,50483.19205128476,50027.32873612718,26.12472231678527,observed,observed
2026-06-18,Kalyanpur,9,04:30,42825.89493341676,0.0,0.0,0.0,0.0,0.0,0.0,0.0,0.0,13600.0,8.39,0.0,0.0,48662.178865268084,48206.31555011046,26.061159170198444,observed,observed
2026-06-18,Kalyanpur,10,05:00,55399.459994854704,0.0,0.0,0.0,0.0,0.0,0.0,0.0,0.0,13600.0,8.39,0.0,0.0,62949.26085024606,62493.39753508845,26.003900279458357,observed,observed
2026-06-18,Kalyanpur,11,05:30,59913.74924874951,0.0,0.0,0.0,0.0,0.0,0.0,0.0,0.0,13600.0,8.39,0.0,0.0,68078.75438363577,67622.89106847811,26.101536332773815,observed,observed
2026-06-18,Kalyanpur,12,06:00,77193.83028301471,8000.0,0.0,0.0,0.0,0.0,0.0,0.0,0.0,17400.0,8.39,0.0,0.0,78623.51857071697,78167.65525555931,26.734198329041117,observed,observed
2026-06-18,Kalyanpur,13,06:30,83128.47342745488,8000.0,0.0,0.0,0.0,0.0,0.0,0.0,0.0,21200.0,8.39,0.0,0.0,85366.93086006396,84911.06754490628,27.356757150971806,observed,observed
2026-06-18,Kalyanpur,14,07:00,84854.85495911875,0.0,0.0,0.0,0.0,0.0,0.0,0.0,0.0,21200.0,8.39,0.0,0.0,96418.81707380305,95962.95375864537,27.964182376380595,observed,observed
2026-06-18,Kalyanpur,15,07:30,88000.0,0.0,1213.9581399115511,0.0,0.0,0.0,0.0,0.0,0.0,20593.020930044222,12.537396121883658,0.0,-1.4551915228366852e-11,101303.00610462503,100847.14278946744,28.551565866113144,observed,observed
2026-06-18,Kalyanpur,16,08:00,88000.0,6034.88872091386,0.0,0.0,0.0,0.0,0.0,0.0,0.0,23459.593072478307,8.39,0.0,-1.4551915228366852e-11,93135.26108387783,92679.39776872024,29.114161422968593,observed,observed
2026-06-18,Kalyanpur,17,08:30,81821.44008817873,5769.277742150931,0.0,0.0,0.0,0.0,0.0,0.0,0.0,26200.0,8.39,0.0,-1.4551915228366852e-11,86416.49947833433,85960.63616317672,29.647423142092887,observed,observed
2026-06-18,Kalyanpur,18,09:00,86714.91088776026,0.0,0.0,0.0,0.0,0.0,0.0,0.0,0.0,26200.0,8.39,0.0,0.0,98532.36016355474,98076.49684839706,30.147042142962693,observed,observed
2026-06-18,Kalyanpur,19,09:30,84044.89590835311,8000.0,0.0,0.0,0.0,0.0,0.0,0.0,0.0,30000.0,8.39,0.0,0.0,86408.24277545892,85952.3794603013,30.60898138615679,observed,observed
2026-06-18,Kalyanpur,20,10:00,87553.56490427529,-0.0,0.0,0.0,0.0,0.0,0.0,0.0,0.0,30000.0,8.39,0.0,0.0,99485.30538095607,99029.44206579837,31.029508293587195,observed,observed
2026-06-18,Kalyanpur,21,10:30,87527.50747331267,-0.0,0.0,0.0,0.0,0.0,0.0,0.0,0.0,30000.0,8.39,0.0,0.0,99455.69686096495,98999.83354580727,31.4052249086109,observed,observed
2026-06-18,Kalyanpur,22,11:00,88000.0,0.0,0.0,0.0,4713.144032153871,0.0,0.0,0.0,0.0,30000.0,18.25510204081633,0.0,-1.4551915228366852e-11,105348.02845494417,104892.16513978646,31.73309535232133,observed,observed
2026-06-18,Kalyanpur,23,11:30,88000.0,0.0,-0.0,0.0,6832.94446771451,0.0,0.0,0.0,0.0,30000.0,22.487138899881288,0.0,-1.4551915228366852e-11,107756.71385694912,107300.85054179156,32.010470354166316,observed,observed
2026-06-18,Kalyanpur,24,12:00,88000.0,0.0,5706.816973110432,0.0,11199.999999999993,0.0,0.0,0.0,0.0,27146.591513444786,22.313598377955287,0.17354052192599756,-1.4551915228366852e-11,118879.21997268156,118423.35665752392,32.235108658679266,observed,observed
2026-06-18,Kalyanpur,25,12:30,88000.0,0.0,8000.0,0.0,11199.999999999993,0.0,0.0,0.0,3969.5619122777803,23146.591513444786,22.487138899881288,37.51286110011871,-1.4551915228366852e-11,125865.1627241686,125409.29940901099,32.40519513535223,observed,observed
2026-06-18,Kalyanpur,26,13:00,88000.0,0.0,8000.0,0.0,11199.999999999993,0.0,0.0,0.0,4755.586655081332,19146.591513444786,18.25510204081633,41.744897959183675,0.0,126758.30638611199,126302.44307095434,32.51935544531868,observed,observed
2026-06-18,Kalyanpur,27,13:30,88000.0,0.0,8000.0,0.0,11199.999999999993,0.0,0.0,0.0,2051.297702206453,15146.591513444786,18.25510204081633,41.744897959183675,-1.4551915228366852e-11,123685.47876785051,123229.61545269289,32.57666714633588,observed,observed
2026-06-18,Kalyanpur,28,14:00,88000.0,0.0,0.0,0.0,4818.731902751245,0.0,0.0,0.0,0.0,15146.591513444786,18.25510204081633,0.0,-1.4551915228366852e-11,105468.00576897334,105012.14245381576,32.57666714633588,observed,observed
2026-06-18,Kalyanpur,29,14:30,88000.0,0.0,0.0,0.0,9597.356635526305,0.0,0.0,0.0,0.0,15146.591513444786,22.487138899881288,0.0,-1.4551915228366852e-11,110897.85824112436,110441.99492596679,32.51935544531868,observed,observed
2026-06-18,Kalyanpur,30,15:00,88000.0,0.0,3880.822790241075,0.0,152.9613842922634,0.0,0.0,0.0,0.0,13206.18011832425,22.487138899881288,0.0,0.0,104355.6009619601,103899.7376468024,32.40519513535223,observed,observed
2026-06-18,Kalyanpur,31,15:30,88000.0,1671.1997508963223,0.0,0.0,0.0,0.0,0.0,0.0,0.0,14000.000000000002,17.36964285714286,0.0,-1.4551915228366852e-11,98093.63062878838,97637.76731363076,32.23510865867928,observed,observed
2026-06-18,Kalyanpur,32,16:00,88000.0,0.0,0.0,0.0,2851.394352486563,0.0,0.0,0.0,0.0,14000.000000000002,18.25510204081633,0.0,-1.4551915228366852e-11,103232.56079092497,102776.69747576727,32.010470354166316,observed,observed
2026-06-18,Kalyanpur,33,16:30,88000.0,0.0,0.0,0.0,6136.650351124338,0.0,0.0,0.0,0.0,14000.000000000002,22.487138899881288,0.0,-1.4551915228366852e-11,106965.52925013527,106509.66593497775,31.73309535232133,observed,observed
2026-06-18,Kalyanpur,34,17:00,88000.0,0.0,8000.0,0.0,0.0,0.0,0.0,0.0,15821.498469328582,10000.000000000002,60.0,0.0,-1.4551915228366852e-11,126605.94475329708,126150.08143813933,31.4052249086109,observed,observed
2026-06-18,Kalyanpur,35,17:30,88000.0,0.0,8000.0,0.0,3105.4772673011025,0.0,0.0,0.0,5270.537308447734,6000.000000000002,60.0,0.0,-1.4551915228366852e-11,118145.79536164601,117689.93204648845,31.029508293587195,observed,observed
2026-06-18,Kalyanpur,36,18:00,88000.0,0.0,0.0,0.0,0.0,0.0,0.0,0.0,0.0,6000.000000000002,14.11225923094429,0.0,0.0,99992.58034890857,119697.97126103041,30.60898138615679,observed,observed
2026-06-18,Kalyanpur,37,18:30,88000.0,0.0,2.3934071099287584e-13,4498.83716170862,0.0,0.0,0.0,0.0,0.0,6000.000000000002,18.311706658758265,0.0,0.0,94880.64470835406,136353.5186576026,30.146822962247075,observed,observed
2026-06-18,Kalyanpur,38,19:00,88000.0,1365.7661272203259,0.0,0.0,0.0,0.0,0.0,0.0,0.0,6648.738910429656,10.971610422437251,0.0,0.0,98440.68853965984,116493.98555305735,29.684343889185637,observed,observed
2026-06-18,Kalyanpur,39,19:30,88000.0,0.0,0.0,0.0,0.0,0.0,0.0,0.0,0.0,6648.738910429656,13.55648334096199,0.0,0.0,99992.58034890852,122719.05544565598,29.267733948741153,observed,observed
2026-06-18,Kalyanpur,40,20:00,88000.0,0.0,1297.4778208593093,0.0,0.0,0.0,0.0,0.0,0.0,6000.000000000002,15.397906285249034,0.0,0.0,101393.16270675558,126593.85764584939,28.89244379490083,observed,observed
2026-06-18,Kalyanpur,41,20:30,85926.27894857532,414.13316978034015,0.0,0.0,0.0,0.0,0.0,0.0,0.0,6196.713255645664,8.39,0.0,0.0,97165.68304083792,112876.02546777327,28.554375290296196,observed,observed
2026-06-18,Kalyanpur,42,21:00,88000.0,0.0,393.42651129132224,0.0,0.0,0.0,0.0,0.0,0.0,6000.000000000002,12.537396121883658,0.0,-1.4551915228366852e-11,100417.27063799503,99961.40732283735,28.24983675488276,observed,observed
2026-06-18,Kalyanpur,43,21:30,81499.03245990239,0.0,0.0,0.0,0.0,0.0,0.0,0.0,0.0,6000.000000000002,8.39,0.0,0.0,92605.66535914878,92149.80204399119,27.975502653099987,observed,observed
2026-06-18,Kalyanpur,44,22:00,78418.26652916838,0.0,0.0,0.0,0.0,0.0,0.0,0.0,0.0,6000.000000000002,8.39,0.0,0.0,89105.05473568174,88649.19142052415,27.728377279298627,observed,observed
2026-06-18,Kalyanpur,45,22:30,70247.48510712158,0.0,0.0,0.0,0.0,0.0,0.0,0.0,0.0,6000.000000000002,8.39,0.0,0.0,79820.76476002969,79364.90144487206,27.505762044883408,observed,observed
2026-06-18,Kalyanpur,46,23:00,58232.875581946726,0.0,0.0,0.0,0.0,0.0,0.0,0.0,0.0,6000.000000000002,8.39,0.0,0.0,66168.81239290687,65712.94907774923,27.305226009949266,observed,observed
2026-06-18,Kalyanpur,47,23:30,59349.832352340905,0.0,0.0,0.0,0.0,0.0,0.0,0.0,0.0,6000.000000000002,8.39,0.0,0.0,67437.98727483748,66982.12395967988,27.124579337619103,observed,observed
2026-06-19,Dhanmondi,0,00:00,32639.154567286383,0.0,0.0,0.0,0.0,0.0,0.0,0.0,0.0,7999.999999999996,8.39,0.0,0.0,46758.03454998468,46758.03454998468,26.40840657400905,observed,observed
2026-06-19,Dhanmondi,1,00:30,32551.74924477577,0.0,0.0,0.0,0.0,0.0,0.0,0.0,0.0,7999.999999999996,8.39,0.0,0.0,46632.819876259644,46632.819876259644,26.284521078095544,observed,observed
2026-06-19,Dhanmondi,2,01:00,36591.49185843055,0.0,0.0,0.0,0.0,0.0,0.0,0.0,0.0,7999.999999999996,8.39,0.0,0.0,52420.05386582005,52420.05386582005,26.172924173773055,observed,observed
2026-06-19,Dhanmondi,3,01:30,35712.237587624084,0.0,0.0,0.0,0.0,0.0,0.0,0.0,0.0,7999.999999999996,8.39,0.0,0.0,51160.45624089271,51160.45624089271,26.072396917030606,observed,observed
2026-06-19,Dhanmondi,4,02:00,34822.687327791304,0.0,0.0,0.0,0.0,0.0,0.0,0.0,0.0,7999.999999999996,8.39,0.0,0.0,49886.108840212866,49886.108840212866,25.981841274743623,observed,observed
2026-06-19,Dhanmondi,5,02:30,31518.57735999824,0.0,0.0,0.0,0.0,0.0,0.0,0.0,0.0,7999.999999999996,8.39,0.0,0.0,45152.723736363914,45152.723736363914,25.9002681311432,observed,observed
2026-06-19,Dhanmondi,6,03:00,33424.20818338911,0.0,0.0,0.0,0.0,0.0,0.0,0.0,0.0,7999.999999999996,8.39,0.0,0.0,47882.682678650155,47882.682678650155,25.826786483961378,observed,observed
2026-06-19,Dhanmondi,7,03:30,28553.107106499127,0.0,0.0,0.0,0.0,0.0,0.0,0.0,0.0,7999.999999999996,8.39,0.0,0.0,40904.46539731247,40904.46539731247,25.760593712244717,observed,observed
2026-06-19,Dhanmondi,8,04:00,36820.02119721583,0.0,0.0,0.0,0.0,0.0,0.0,0.0,0.0,7999.999999999996,8.39,0.0,0.0,52747.43926719676,52747.43926719676,25.70096680953399,observed,observed
2026-06-19,Dhanmondi,9,04:30,30125.184368738308,0.0,-7.275957614183426e-12,0.0,0.0,0.0,0.0,0.0,0.0,8000.0,8.39,0.0,0.0,43156.583870279894,43156.583870279894,25.647254486652376,observed,observed
2026-06-19,Dhanmondi,10,05:00,44804.54042853791,0.0,0.0,0.0,0.0,0.0,0.0,0.0,0.0,8000.0,8.39,0.0,0.0,64185.86134132018,64185.86134132018,25.598870057842863,observed,observed
2026-06-19,Dhanmondi,11,05:30,42204.19183255729,0.0,0.0,0.0,0.0,0.0,0.0,0.0,0.0,8000.0,8.39,0.0,0.0,60460.66713501159,60460.66713501159,25.68216005210243,observed,observed
2026-06-19,Dhanmondi,12,06:00,44772.62325560683,0.0,0.0,0.0,0.0,0.0,0.0,0.0,0.0,8000.0,8.39,0.0,0.0,64140.13759956171,64140.13759956171,26.216754446690157,observed,observed
2026-06-19,Dhanmondi,13,06:30,48069.87154672667,0.0,0.0,0.0,0.0,0.0,0.0,0.0,0.0,8000.0,8.39,0.0,0.0,68863.69283743494,68863.69283743494,26.742807098932804,observed,observed
2026-06-19,Dhanmondi,14,07:00,53457.303797785746,0.0,0.0,0.0,0.0,0.0,0.0,0.0,0.0,8000.0,8.39,0.0,0.0,76581.59321415616,76581.59321415616,27.256068040542644,observed,observed
2026-06-19,Dhanmondi,15,07:30,58511.344239099286,0.0,0.0,0.0,0.0,0.0,0.0,0.0,0.0,8000.0,8.39,0.0,0.0,83821.88484256784,83821.88484256784,27.75239064719248,observed,observed
2026-06-19,Dhanmondi,16,08:00,53641.64919782842,0.0,0.0,0.0,0.0,0.0,0.0,0.0,0.0,8000.0,8.39,0.0,0.0,76845.68181260796,76845.68181260796,28.227765139006188,observed,observed
2026-06-19,Dhanmondi,17,08:30,57655.54388941269,0.0,0.0,0.0,0.0,0.0,0.0,0.0,0.0,8000.0,8.39,0.0,0.0,82595.88671703302,82595.88671703302,28.678350975485788,observed,observed
2026-06-19,Dhanmondi,18,09:00,67357.4823097997,0.0,0.0,0.0,0.0,0.0,0.0,0.0,0.0,8000.0,8.39,0.0,0.0,96494.64046468546,96494.64046468546,29.100507883157174,observed,observed
2026-06-19,Dhanmondi,19,09:30,69667.42062741092,0.0,0.0,0.0,0.0,0.0,0.0,0.0,0.0,8000.0,8.39,0.0,0.0,99803.80018696129,99803.80018696129,29.490825265262785,observed,observed
2026-06-19,Dhanmondi,20,10:00,67269.07356036516,0.0,0.0,0.0,0.0,0.0,0.0,0.0,0.0,8000.0,8.39,0.0,0.0,96367.98830670572,96367.98830670572,29.84614975590088,observed,observed
2026-06-19,Dhanmondi,21,10:30,66843.14793726054,0.0,0.0,0.0,0.0,0.0,0.0,0.0,0.0,8000.0,8.39,0.0,0.0,95757.81793725595,95757.81793725595,30.1636106960022,observed,observed
2026-06-19,Dhanmondi,22,11:00,70511.08003388524,0.0,0.0,0.0,0.0,0.0,0.0,0.0,0.0,8000.0,8.39,0.0,0.0,101012.40550163091,101012.40550163091,30.44064332532407,observed,observed
2026-06-19,Dhanmondi,23,11:30,74647.05482095656,0.0,0.0,0.0,0.0,0.0,0.0,0.0,0.0,8000.0,8.39,0.0,0.0,106937.49929022977,106937.49929022977,30.67500950309434,observed,observed
2026-06-19,Dhanmondi,24,12:00,83440.37593541361,0.0,0.0,9956.624932269555,0.0,0.0,0.0,0.0,0.0,8000.0,8.39,0.0,0.0,105270.97940555353,121654.94705376166,30.86481578990349,observed,observed
2026-06-19,Dhanmondi,25,12:30,88917.00292160269,0.0,0.0,11189.453899818804,0.0,0.0,0.0,0.0,0.0,8000.0,8.39,0.0,0.0,111350.53805250447,128931.74364621702,31.00852874476169,observed,observed
2026-06-19,Dhanmondi,26,13:00,80807.12809958191,0.0,0.0,11373.51538864107,0.0,0.0,0.0,0.0,0.0,8000.0,8.39,0.0,0.0,99468.85282753043,116420.23142988236,31.104987313736267,observed,observed
2026-06-19,Dhanmondi,27,13:30,79672.37071755399,0.0,0.0,11428.571428571422,0.0,0.0,0.0,0.0,0.0,8000.0,8.39,0.0,0.0,97764.35594856659,113553.55440504225,31.15341221008192,observed,observed
2026-06-19,Dhanmondi,28,14:00,67320.86455976154,0.0,0.0,0.0,0.0,0.0,0.0,0.0,0.0,8000.0,8.39,0.0,0.0,96442.18279400971,113321.24702875936,31.15341221008192,observed,observed
2026-06-19,Dhanmondi,29,14:30,75413.2351513146,0.0,0.0,0.0,0.0,0.0,0.0,0.0,0.0,8000.0,8.39,0.0,0.0,108035.11002290195,108035.11002290195,31.104987313736267,observed,observed
2026-06-19,Dhanmondi,30,15:00,77745.03276472603,0.0,0.0,0.0,0.0,0.0,0.0,0.0,0.0,8000.0,8.39,0.0,0.0,111375.58482431555,111375.58482431555,31.00852874476169,observed,observed
2026-06-19,Dhanmondi,31,15:30,73839.7416875658,0.0,0.0,0.0,0.0,0.0,0.0,0.0,0.0,8000.0,8.39,0.0,0.0,105780.96273515686,105780.96273515686,30.86481578990349,observed,observed
2026-06-19,Dhanmondi,32,16:00,69064.25118664454,0.0,0.0,0.0,0.0,0.0,0.0,0.0,0.0,8000.0,8.39,0.0,0.0,98939.71476793771,98939.71476793771,30.675009503094344,observed,observed
2026-06-19,Dhanmondi,33,16:30,72565.55358255171,0.0,0.0,0.0,0.0,0.0,0.0,0.0,0.0,8000.0,8.39,0.0,0.0,103955.59280057091,103955.59280057091,30.44064332532407,observed,observed
2026-06-19,Dhanmondi,34,17:00,95686.45591403932,0.0,0.0,11428.571428571422,0.0,0.0,0.0,0.0,0.0,8000.0,8.39,0.0,0.0,120705.73291836571,120705.73291836571,30.1636106960022,observed,observed
2026-06-19,Dhanmondi,35,17:30,87401.59770191165,0.0,0.0,5560.178358873621,0.0,0.0,0.0,0.0,0.0,8000.0,8.39,0.0,0.0,117243.96553754585,117243.96553754585,29.84614975590088,observed,observed
2026-06-19,Dhanmondi,36,18:00,76681.86536687904,0.0,0.0,0.0,0.0,0.0,0.0,0.0,0.0,8000.0,8.39,0.0,0.0,109852.51786440195,109852.51786440195,29.490825265262785,observed,observed
2026-06-19,Dhanmondi,37,18:30,87530.22469880393,0.0,0.0,0.0,0.0,0.0,0.0,0.0,0.0,8000.0,8.39,0.0,0.0,125393.60546846624,125393.60546846624,29.100328039452517,observed,observed
2026-06-19,Dhanmondi,38,19:00,83578.20389990229,0.0,0.0,0.0,0.0,0.0,0.0,0.0,0.0,8000.0,8.39,0.0,0.0,119732.03955148287,119732.03955148287,28.709422395296432,observed,observed
2026-06-19,Dhanmondi,39,19:30,80015.99769542662,0.0,0.0,0.0,0.0,0.0,0.0,0.0,0.0,8000.0,8.39,0.0,0.0,114628.9122495893,114628.9122495893,28.357291910219597,observed,observed
2026-06-19,Dhanmondi,40,20:00,75999.13643320548,0.0,0.0,0.0,0.0,0.0,0.0,0.0,0.0,8000.0,8.39,0.0,0.0,108874.45751044356,108874.45751044356,28.040090354360412,observed,observed
2026-06-19,Dhanmondi,41,20:30,70379.4667709538,0.0,0.0,0.0,0.0,0.0,0.0,0.0,0.0,8000.0,8.39,0.0,0.0,100823.8596407785,100823.8596407785,27.7543530174822,observed,observed
2026-06-19,Dhanmondi,42,21:00,67156.43178938639,0.0,0.0,0.0,0.0,0.0,0.0,0.0,0.0,8000.0,8.39,0.0,0.0,96206.62052959806,96206.62052959806,27.496958864842867,observed,observed
2026-06-19,Dhanmondi,43,21:30,61496.49611818291,0.0,0.0,0.0,0.0,0.0,0.0,0.0,0.0,8000.0,8.39,0.0,0.0,88098.33858500155,88098.33858500155,27.26509644694276,observed,observed
2026-06-19,Dhanmondi,44,22:00,55343.09907657103,0.0,0.0,0.0,0.0,0.0,0.0,0.0,0.0,8000.0,8.39,0.0,0.0,79283.1362525294,79283.1362525294,27.05623319079174,observed,observed
2026-06-19,Dhanmondi,45,22:30,45355.18505215127,0.0,0.0,0.0,0.0,0.0,0.0,0.0,0.0,8000.0,8.39,0.0,0.0,64974.7010241189,64974.7010241189,26.868087737271964,observed,observed
2026-06-19,Dhanmondi,46,23:00,41491.33163334527,0.0,0.0,0.0,0.0,0.0,0.0,0.0,0.0,8000.0,8.39,0.0,0.0,59439.44148545163,59439.44148545163,26.698605022444582,observed,observed
2026-06-19,Dhanmondi,47,23:30,41109.79653707956,0.0,-0.0,0.0,0.0,0.0,0.0,0.0,0.0,8000.0,8.39,0.0,0.0,58892.86387185424,58892.86387185424,26.5459338306199,observed,observed
2026-06-19,Kalyanpur,0,00:00,45591.13966331695,0.0,0.0,0.0,0.0,0.0,0.0,0.0,0.0,6000.000000000002,8.39,0.0,0.0,52009.68959632432,51631.38282743504,26.40840657400905,observed,observed
2026-06-19,Kalyanpur,1,00:30,44335.892652919094,0.0,0.0,0.0,0.0,0.0,0.0,0.0,0.0,6000.000000000002,8.39,0.0,0.0,50577.722598797496,50199.4158299082,26.284521078095544,observed,observed
2026-06-19,Kalyanpur,2,01:00,50612.37550517067,0.0,0.0,0.0,0.0,0.0,0.0,0.0,0.0,6000.000000000002,8.39,0.0,0.0,57737.840273261165,57359.53350437186,26.172924173773055,observed,observed
2026-06-19,Kalyanpur,3,01:30,56875.08513516683,8000.0,0.0,0.0,0.0,0.0,0.0,0.0,0.0,9800.000000000002,8.39,0.0,0.0,55755.96542762568,55377.658658736356,26.072396917030606,observed,observed
2026-06-19,Kalyanpur,4,02:00,58152.812979005794,8000.0,0.0,0.0,0.0,0.0,0.0,0.0,0.0,13600.000000000002,8.39,0.0,0.0,57213.57822338813,56835.271454498834,25.981841274743623,observed,observed
2026-06-19,Kalyanpur,5,02:30,42320.471518598446,0.0,0.0,0.0,0.0,0.0,0.0,0.0,0.0,13600.000000000002,8.39,0.0,0.0,48278.56034104355,47900.25357215422,25.9002681311432,observed,observed
2026-06-19,Kalyanpur,6,03:00,48631.61613459177,8000.0,0.0,0.0,0.0,0.0,0.0,0.0,0.0,17400.0,8.39,0.0,0.0,46351.93940232762,45973.632633438305,25.826786483961378,observed,observed
2026-06-19,Kalyanpur,7,03:30,44303.92022301989,8000.0,0.0,0.0,0.0,0.0,0.0,0.0,0.0,21200.0,8.39,0.0,0.0,41414.9686950733,41036.661926184,25.760593712244717,observed,observed
2026-06-19,Kalyanpur,8,04:00,43667.350988222366,0.0,0.0,0.0,0.0,0.0,0.0,0.0,0.0,21200.0,8.39,0.0,0.0,49815.06027625278,49436.753507363464,25.70096680953399,observed,observed
2026-06-19,Kalyanpur,9,04:30,42177.326654625154,0.0,0.0,0.0,0.0,0.0,0.0,0.0,0.0,21200.0,8.39,0.0,0.0,48115.2628232026,47736.95605431329,25.647254486652376,observed,observed
2026-06-19,Kalyanpur,10,05:00,62798.96719514561,8000.0,0.0,0.0,0.0,0.0,0.0,0.0,0.0,25000.0,8.39,0.0,0.0,62513.841396947595,62135.53462805831,25.598870057842863,observed,observed
2026-06-19,Kalyanpur,11,05:30,59170.07828658361,0.0,0.0,0.0,0.0,0.0,0.0,0.0,0.0,25000.0,8.39,0.0,0.0,67500.33949143725,67122.03272254794,25.68216005210243,observed,observed
2026-06-19,Kalyanpur,12,06:00,68259.8616967234,0.0,0.0,0.0,0.0,0.0,0.0,0.0,0.0,25000.0,8.39,0.0,0.0,77869.82832524186,77491.52155635251,26.216754446690157,observed,observed
2026-06-19,Kalyanpur,13,06:30,74104.0623553335,0.0,0.0,0.0,0.0,0.0,0.0,0.0,0.0,25000.0,8.39,0.0,0.0,84536.80494476936,84158.49817587998,26.742807098932804,observed,observed
2026-06-19,Kalyanpur,14,07:00,83835.20918622105,0.0,0.0,0.0,0.0,0.0,0.0,0.0,0.0,25000.0,8.39,0.0,0.0,95637.95156729917,95259.64479840982,27.256068040542644,observed,observed
2026-06-19,Kalyanpur,15,07:30,88000.0,427.247570881651,0.0,0.0,0.0,0.0,0.0,0.0,0.0,25202.94259616879,8.39,0.0,0.0,99901.68494513206,99523.37817624275,27.75239064719248,observed,observed
2026-06-19,Kalyanpur,16,08:00,88000.0,7787.0078925213475,0.0,0.0,0.0,0.0,0.0,0.0,0.0,28901.771345116424,8.389999999999993,0.0,0.0,91505.78055101984,91127.47378213058,28.227765139006188,observed,observed
2026-06-19,Kalyanpur,17,08:30,76570.81879368343,2312.0603260706866,0.0,0.0,0.0,0.0,0.0,0.0,0.0,30000.0,8.39,0.0,0.0,84713.27995374732,84334.973184858,28.678350975485788,observed,observed
2026-06-19,Kalyanpur,18,09:00,84286.53320685377,-0.0,0.0,0.0,0.0,0.0,0.0,0.0,0.0,30000.0,8.39,0.0,0.0,96152.81525339735,95774.508484508,29.100507883157174,observed,observed
2026-06-19,Kalyanpur,19,09:30,73783.1835255725,0.0,0.0,0.0,0.0,0.0,0.0,0.0,0.0,30000.0,8.39,0.0,0.0,84170.75117956086,83792.44441067154,29.490825265262785,observed,observed
2026-06-19,Kalyanpur,20,10:00,84410.81909432437,-0.0,0.0,0.0,0.0,0.0,0.0,0.0,0.0,30000.0,8.39,0.0,0.0,96294.59873317614,95916.29196428688,29.84614975590088,observed,observed
2026-06-19,Kalyanpur,21,10:30,84367.51700192947,-0.0,0.0,0.0,0.0,0.0,0.0,0.0,0.0,30000.0,8.39,0.0,0.0,96245.20035443504,95866.89358554571,30.1636106960022,observed,observed
2026-06-19,Kalyanpur,22,11:00,88000.0,0.0,1487.1830838843916,0.0,0.0,0.0,0.0,0.0,0.0,29256.408458057806,18.25510204081633,0.0,0.0,102000.81096581333,101622.50419692404,30.44064332532407,observed,observed
2026-06-19,Kalyanpur,23,11:30,88000.0,0.0,3761.307869477312,0.0,0.0,0.0,0.0,0.0,0.0,27375.75452331915,18.25510204081633,0.0,0.0,104465.38410045471,104087.07733156547,30.67500950309434,observed,observed
2026-06-19,Kalyanpur,24,12:00,88000.0,0.0,3173.51880578041,0.0,9757.492433624164,0.0,0.0,0.0,0.0,25788.995120428946,18.25510204081633,0.0,0.0,114959.57147613898,114581.26470724966,30.86481578990349,observed,observed
2026-06-19,Kalyanpur,25,12:30,88000.0,0.0,8000.0,0.0,10965.664821822427,0.0,0.0,0.0,0.0,21788.995120428946,18.25510204081633,0.0,0.0,121568.51506540483,121190.20829651559,31.00852874476169,observed,observed
2026-06-19,Kalyanpur,26,13:00,88000.0,0.0,8000.0,0.0,11146.045080868249,0.0,0.0,0.0,0.0,17788.995120428946,18.25510204081633,0.0,0.0,121774.29016450435,121395.98339561508,31.104987313736267,observed,observed
2026-06-19,Kalyanpur,27,13:30,88000.0,0.0,4987.323067358556,0.0,11199.999999999993,0.0,0.0,0.0,0.0,15295.333586749666,18.25510204081633,0.0,-1.4551915228366852e-11,118570.86522279512,118192.55845390589,31.15341221008192,observed,observed
2026-06-19,Kalyanpur,28,14:00,88000.0,0.0,808.405689026555,0.0,0.0,0.0,0.0,0.0,0.0,14891.130742236388,18.25510204081633,0.0,0.0,101265.18883005079,100886.88206116145,31.15341221008192,observed,observed
2026-06-19,Kalyanpur,29,14:30,88000.0,0.0,5454.565007869891,0.0,0.0,0.0,0.0,0.0,0.0,12163.848238301442,18.25510204081633,0.0,0.0,106300.44437496559,105922.13760607634,31.104987313736267,observed,observed
2026-06-19,Kalyanpur,30,15:00,88000.0,153.76437333868125,0.0,0.0,0.0,0.0,0.0,0.0,0.0,12236.886315637315,13.550229591836736,0.0,0.0,100213.67048265226,99835.363713763,31.00852874476169,observed,observed
2026-06-19,Kalyanpur,31,15:30,88000.0,5249.945098961487,0.0,0.0,0.0,0.0,0.0,0.0,0.0,14730.610237644023,13.550229591836736,0.0,0.0,94400.02380428961,94021.71703540029,30.86481578990349,observed,observed
2026-06-19,Kalyanpur,32,16:00,88000.0,865.2760262027605,0.0,0.0,0.0,0.0,0.0,0.0,0.0,15141.616350090335,13.550229591836736,0.0,0.0,99401.98864089728,99023.68187200803,30.675009503094344,observed,observed
2026-06-19,Kalyanpur,33,16:30,88000.0,0.0,2283.232700180668,0.0,0.0,0.0,0.0,0.0,0.0,14000.0,18.25510204081633,0.0,0.0,102863.52637641638,102485.2196075271,30.44064332532407,observed,observed
2026-06-19,Kalyanpur,34,17:00,88000.0,0.0,8000.0,0.0,11199.999999999993,0.0,0.0,0.0,1190.9903941771527,10000.0,18.25510204081633,41.744897959183675,0.0,123194.50514021577,122816.19837132652,30.1636106960022,observed,observed
2026-06-19,Kalyanpur,35,17:30,88000.0,0.0,8000.0,0.0,5448.974791696148,0.0,0.0,0.0,0.0,6000.000000000001,18.25510204081633,0.0,0.0,115275.15766778613,114896.85089889684,29.84614975590088,observed,observed
2026-06-19,Kalyanpur,36,18:00,88000.0,0.0,0.0,0.0,0.0,0.0,0.0,0.0,0.0,6000.000000000001,10.324673806853802,0.0,0.0,100389.08257779565,116874.12093193782,29.490825265262785,observed,observed
2026-06-19,Kalyanpur,37,18:30,88000.0,0.0,1.914725687943007e-11,0.0,0.0,0.0,0.0,0.0,0.0,5999.999999999991,13.23508896602873,0.0,0.0,100389.0825777959,133471.84842729656,29.100328039452517,observed,observed
2026-06-19,Kalyanpur,38,19:00,87961.38823034921,1076.4185230192088,0.0,0.0,0.0,0.0,0.0,0.0,0.0,6511.298798434115,8.39,0.0,0.0,99117.07271270941,113758.43280694832,28.709422395296432,observed,observed
2026-06-19,Kalyanpur,39,19:30,88000.0,0.0,0.0,0.0,0.0,0.0,0.0,0.0,0.0,6511.298798434115,11.44912053347939,0.0,0.0,100389.0825777957,120073.08767948198,28.357291910219597,observed,observed
2026-06-19,Kalyanpur,40,20:00,88000.0,0.0,1022.5975968682293,0.0,0.0,0.0,0.0,0.0,0.0,6000.000000000001,12.537396121883658,0.0,0.0,101497.3184058191,123954.30541535582,28.040090354360412,observed,observed
2026-06-19,Kalyanpur,41,20:30,83605.13975085867,-3.231099598403824e-12,0.0,0.0,0.0,0.0,0.0,0.0,0.0,5999.999999999999,8.39,0.0,0.0,95375.49179973979,110573.59215648004,27.7543530174822,observed,observed
2026-06-19,Kalyanpur,42,21:00,86375.74735118315,0.0,0.0,0.0,0.0,0.0,0.0,0.0,0.0,5999.999999999999,8.39,0.0,0.0,98536.15947223573,98157.85270334642,27.496958864842867,observed,observed
2026-06-19,Kalyanpur,43,21:30,79339.10987777087,0.0,0.0,0.0,0.0,0.0,0.0,0.0,0.0,5999.999999999999,8.39,0.0,0.0,90508.86878600395,90130.56201711463,27.26509644694276,observed,observed
2026-06-19,Kalyanpur,44,22:00,76473.02911589155,0.0,0.0,0.0,0.0,0.0,0.0,0.0,0.0,5999.999999999999,8.39,0.0,0.0,87239.28676010693,86860.97999121765,27.05623319079174,observed,observed
2026-06-19,Kalyanpur,45,22:30,68593.2667786984,0.0,0.0,0.0,0.0,0.0,0.0,0.0,0.0,5999.999999999999,8.39,0.0,0.0,78250.17185144915,77871.86508255983,26.868087737271964,observed,observed
2026-06-19,Kalyanpur,46,23:00,56875.73040904803,0.0,0.0,0.0,0.0,0.0,0.0,0.0,0.0,5999.999999999999,8.39,0.0,0.0,64882.98178075417,64504.675011864885,26.698605022444582,observed,observed
2026-06-19,Kalyanpur,47,23:30,57964.43638116994,0.0,0.0,0.0,0.0,0.0,0.0,0.0,0.0,5999.999999999999,8.39,0.0,0.0,66124.96125505291,65746.65448616358,26.5459338306199,observed,observed
2026-06-20,Dhanmondi,0,00:00,38809.815295203,0.0,0.0,0.0,0.0,0.0,0.0,0.0,0.0,8000.0,8.39,0.0,0.0,47933.63165347252,47933.63165347252,27.199362940292243,observed,observed
2026-06-20,Dhanmondi,1,00:30,38648.4211576494,0.0,0.0,0.0,0.0,0.0,0.0,0.0,0.0,8000.0,8.39,0.0,0.0,47734.29529792227,47734.29529792227,27.009398909224824,observed,observed
2026-06-20,Dhanmondi,2,01:00,43483.66689110492,0.0,0.0,0.0,0.0,0.0,0.0,0.0,0.0,8000.0,8.39,0.0,0.0,53706.26105396979,53706.26105396979,26.838279477215572,observed,observed
2026-06-20,Dhanmondi,3,01:30,42314.28960074213,0.0,0.0,0.0,0.0,0.0,0.0,0.0,0.0,8000.0,8.39,0.0,0.0,52261.974347789204,52261.974347789204,26.68413524345388,observed,observed
2026-06-20,Dhanmondi,4,02:00,41174.8680414028,0.0,0.0,0.0,0.0,0.0,0.0,0.0,0.0,8000.0,8.39,0.0,0.0,50854.68567846777,50854.68567846777,26.545282253334715,observed,observed
2026-06-20,Dhanmondi,5,02:30,37162.99073954244,0.0,0.0,0.0,0.0,0.0,0.0,0.0,0.0,8000.0,8.39,0.0,0.0,45899.654396727274,45899.654396727274,26.4202036020318,observed,observed
2026-06-20,Dhanmondi,6,03:00,39368.00951942764,-0.0,0.0,0.0,0.0,0.0,0.0,0.0,0.0,8000.0,8.39,0.0,0.0,48623.05200065945,48623.05200065945,26.30753286301257,observed,observed
2026-06-20,Dhanmondi,7,03:30,33481.468036152386,0.0,0.0,0.0,0.0,0.0,0.0,0.0,0.0,8000.0,8.39,0.0,0.0,41352.640919700825,41352.640919700825,26.206039160459003,observed,observed
2026-06-20,Dhanmondi,8,04:00,43307.22824006988,0.0,0.0,0.0,0.0,0.0,0.0,0.0,0.0,8000.0,8.39,0.0,0.0,53488.343363720065,53488.343363720065,26.114613722517447,observed,observed
2026-06-20,Dhanmondi,9,04:30,35283.529707009315,0.0,0.0,0.0,0.0,0.0,0.0,0.0,0.0,8000.0,8.39,0.0,0.0,43578.35005257511,43578.35005257511,26.032257768477898,observed,observed
2026-06-20,Dhanmondi,10,05:00,52474.257764336224,0.0,0.0,0.0,0.0,0.0,0.0,0.0,0.0,8000.0,8.39,0.0,0.0,64810.45384609081,64810.45384609081,25.958071597555747,observed,observed
2026-06-20,Dhanmondi,11,05:30,49362.61338200373,0.0,0.0,0.0,0.0,0.0,0.0,0.0,0.0,8000.0,8.39,0.0,0.0,60967.29163249072,60967.29163249072,26.086544927336146,observed,observed
2026-06-20,Dhanmondi,12,06:00,52521.82665023391,0.0,0.0,0.0,0.0,0.0,0.0,0.0,0.0,8000.0,8.39,0.0,0.0,64869.2057220645,64869.2057220645,26.906207965800032,observed,observed
2026-06-20,Dhanmondi,13,06:30,56588.439308384986,0.0,0.0,0.0,0.0,0.0,0.0,0.0,0.0,8000.0,8.39,0.0,0.0,69891.84011881352,69891.84011881352,27.71276991069354,observed,observed
2026-06-20,Dhanmondi,14,07:00,63594.678229127916,0.0,0.0,0.0,0.0,0.0,0.0,0.0,0.0,8000.0,8.39,0.0,0.0,78545.17879483201,78545.17879483201,28.49971521045966,observed,observed
2026-06-20,Dhanmondi,15,07:30,69800.36436668415,0.0,0.0,0.0,0.0,0.0,0.0,0.0,0.0,8000.0,8.39,0.0,0.0,86209.76238566008,86209.76238566008,29.260686780307008,observed,observed
2026-06-20,Dhanmondi,16,08:00,64612.55329330084,0.0,0.0,0.0,0.0,0.0,0.0,0.0,0.0,8000.0,8.39,0.0,0.0,79802.34655057112,79802.34655057112,29.989537355877097,observed,observed
2026-06-20,Dhanmondi,17,08:30,69998.12544739575,0.0,0.0,0.0,0.0,0.0,0.0,0.0,0.0,8000.0,8.39,0.0,0.0,86454.01520485333,86454.01520485333,30.680379151944553,observed,observed
2026-06-20,Dhanmondi,18,09:00,85098.67999244074,0.0,0.0,1939.8255568488173,0.0,0.0,0.0,0.0,0.0,8000.0,8.39,0.0,0.0,102708.70569520841,102708.70569520841,31.327631424998582,observed,observed
2026-06-20,Dhanmondi,19,09:30,87060.40530756654,0.0,0.0,0.0,0.0,0.0,0.0,0.0,0.0,8000.0,8.39,0.0,0.0,107527.4738586743,107527.4738586743,31.92606555548655,observed,observed
2026-06-20,Dhanmondi,20,10:00,92020.35214875887,0.0,0.0,7546.810454369104,0.0,0.0,0.0,0.0,0.0,8000.0,8.39,0.0,0.0,104332.46335350674,104332.46335350674,32.4708472855373,observed,observed
2026-06-20,Dhanmondi,21,10:30,91745.00605733594,0.0,0.0,7636.921628224169,0.0,0.0,0.0,0.0,0.0,8000.0,8.39,0.0,0.0,103881.09058077709,103881.09058077709,32.95757577096033,observed,observed
2026-06-20,Dhanmondi,22,11:00,99559.38258098395,0.0,0.0,11428.57142857143,0.0,0.0,0.0,0.0,0.0,8000.0,8.39,0.0,0.0,108849.52187916341,108849.52187916341,33.38231913205178,observed,observed
2026-06-20,Dhanmondi,23,11:30,104791.32148126418,0.0,0.0,11428.57142857143,0.0,0.0,0.0,0.0,0.0,8000.0,8.39,0.0,0.0,115311.43957116811,115311.43957116811,33.74164621602144,observed,observed
2026-06-20,Dhanmondi,24,12:00,102629.3056530671,524.4755237265131,0.0,11428.57142857143,0.0,0.0,0.0,0.0,0.0,8249.125873770094,8.39,0.0,0.0,111993.37979881813,131154.74849703864,34.032654314458284,observed,observed
2026-06-20,Dhanmondi,25,12:30,106897.25217178569,0.0,0.0,11428.57142857143,0.0,0.0,0.0,0.0,0.0,8249.125873770094,8.39,0.0,0.0,117912.45442370915,138330.12871495145,34.25299261192792,observed,observed
2026-06-20,Dhanmondi,26,13:00,105239.71738076935,0.0,0.0,19591.836734693876,0.0,0.0,0.0,0.0,0.0,8249.125873770094,8.39,0.0,0.0,105782.87816012873,125295.92762119886,34.40088117627975,observed,observed
2026-06-20,Dhanmondi,27,13:30,103553.42625311589,0.0,0.0,19591.836734693876,0.0,0.0,0.0,0.0,0.0,8249.125873770094,8.39,0.0,0.0,103700.15611781462,121964.49305436731,34.475125337257126,observed,observed
2026-06-20,Dhanmondi,28,14:00,107816.60392091352,10000.0,0.0,14901.210608106067,0.0,0.0,0.0,0.0,0.0,12999.125873770094,8.39,0.0,0.0,102408.00919117394,122194.34286420047,34.475125337257126,observed,observed
2026-06-20,Dhanmondi,29,14:30,105818.34466828138,0.0,0.0,11428.57142857143,0.0,0.0,0.0,0.0,0.0,12999.125873770094,8.39,0.0,0.0,116579.90608592998,116579.90608592998,34.40088117627975,observed,observed
2026-06-20,Dhanmondi,30,15:00,109152.61684786553,0.0,0.0,11428.57142857143,0.0,0.0,0.0,0.0,0.0,12999.125873770094,8.39,0.0,0.0,120698.03376247066,120698.03376247066,34.25299261192792,observed,observed
2026-06-20,Dhanmondi,31,15:30,98869.6212307048,0.0,0.0,5871.563123395633,0.0,0.0,0.0,0.0,0.0,12999.125873770094,8.39,0.0,0.0,114861.01203771975,114861.01203771975,34.032654314458284,observed,observed
2026-06-20,Dhanmondi,32,16:00,98506.60899839213,0.0,0.0,11351.397059044866,0.0,0.0,0.0,0.0,0.0,12999.125873770094,8.39,0.0,1.4551915228366852e-11,107644.56862275695,107644.56862275695,33.74164621602144,observed,observed
2026-06-20,Dhanmondi,33,16:30,103693.50093122383,0.0,0.0,11428.57142857143,0.0,0.0,0.0,0.0,0.0,12999.125873770094,8.39,0.0,0.0,113955.5319105163,113955.5319105163,33.38231913205178,observed,observed
2026-06-20,Dhanmondi,34,17:00,110000.00000000001,0.0,7054.213505983822,11428.57142857143,0.0,0.0,0.0,0.0,0.0,9472.019120778183,12.537396121883658,0.0,0.0,130021.59063441586,130021.59063441586,32.95757577096033,observed,observed
2026-06-20,Dhanmondi,35,17:30,110000.00000000001,0.0,2944.038241556365,11428.57142857143,0.0,0.0,0.0,0.0,0.0,8000.0,12.537396121883658,0.0,0.0,125198.97438708732,125198.97438708732,32.4708472855373,observed,observed
2026-06-20,Dhanmondi,36,18:00,100139.86796667328,0.0,0.0,5183.917263102891,0.0,0.0,0.0,0.0,0.0,8000.0,8.39,0.0,0.0,117279.18645603104,117279.18645603104,31.92606555548655,observed,observed
2026-06-20,Dhanmondi,37,18:30,110000.00000000001,0.0,0.0,2751.205590853322,0.0,0.0,0.0,0.0,0.0,8000.0,11.147852378581938,0.0,0.0,132461.96013518417,132461.96013518417,31.327361110367182,observed,observed
2026-06-20,Dhanmondi,38,19:00,102705.45989615915,0.0,0.0,0.0,0.0,0.0,0.0,0.0,0.0,8000.0,8.39,0.0,0.0,126850.53113539268,126850.53113539268,30.727896028017554,observed,observed
2026-06-20,Dhanmondi,39,19:30,101994.2376188185,0.0,0.0,4528.505759171465,0.0,0.0,0.0,0.0,0.0,8000.0,8.39,0.0,0.0,120378.99315573141,120378.99315573141,30.187898409391316,observed,observed
2026-06-20,Dhanmondi,40,20:00,99422.41639071403,0.0,0.0,7094.755909171912,0.0,0.0,0.0,0.0,0.0,8000.0,8.39,0.0,0.0,114033.01034251836,114033.01034251836,29.70146902975326,observed,observed
2026-06-20,Dhanmondi,41,20:30,85494.09308092104,0.0,0.0,0.0,0.0,0.0,0.0,0.0,0.0,8000.0,8.39,0.0,0.0,105592.9366093915,105592.9366093915,29.26329387265346,observed,observed
2026-06-20,Dhanmondi,42,21:00,84450.86231258178,0.0,0.0,3028.0893346565185,0.0,0.0,0.0,0.0,0.0,8000.0,8.39,0.0,0.0,100564.48809254172,100564.48809254172,28.868586076750397,observed,observed
2026-06-20,Dhanmondi,43,21:30,74447.22639787525,0.0,0.0,0.0,0.0,0.0,0.0,0.0,0.0,8000.0,8.39,0.0,0.0,91949.0572329394,91949.0572329394,28.513033641560263,observed,observed
2026-06-20,Dhanmondi,44,22:00,66699.8895428069,0.0,0.0,0.0,0.0,0.0,0.0,0.0,0.0,8000.0,8.39,0.0,0.0,82380.39558687073,82380.39558687073,28.19275232084198,observed,observed
2026-06-20,Dhanmondi,45,22:30,54267.46286034632,0.0,0.0,0.0,0.0,0.0,0.0,0.0,0.0,8000.0,8.39,0.0,0.0,67025.22430808531,67025.22430808531,27.904243188999885,observed,observed
2026-06-20,Dhanmondi,46,23:00,49680.85767153893,0.0,0.0,0.0,0.0,0.0,0.0,0.0,0.0,8000.0,8.39,0.0,0.0,61360.35211047467,61360.35211047467,27.644354416936615,observed,observed
2026-06-20,Dhanmondi,47,23:30,49114.64733377389,0.0,0.0,0.0,0.0,0.0,0.0,0.0,0.0,8000.0,8.39,0.0,0.0,60661.03113812848,60661.03113812848,27.410246839774988,observed,observed
2026-06-20,Kalyanpur,0,00:00,49241.35320542943,0.0,0.0,0.0,0.0,0.0,0.0,0.0,0.0,5999.999999999999,8.39,0.0,0.0,53289.181643521406,52872.68069347048,27.199362940292243,observed,observed
2026-06-20,Kalyanpur,1,00:30,47710.45326317442,0.0,0.0,0.0,0.0,0.0,0.0,0.0,0.0,5999.999999999999,8.39,0.0,0.0,51632.435843694584,51215.93489364367,27.009398909224824,observed,observed
2026-06-20,Kalyanpur,2,01:00,62589.997836255316,8000.0,0.0,0.0,0.0,0.0,0.0,0.0,0.0,9800.0,8.39,0.0,0.0,59077.505414593215,58661.00446454222,26.838279477215572,observed,observed
2026-06-20,Kalyanpur,3,01:30,60578.56538012443,8000.0,0.0,0.0,0.0,0.0,0.0,0.0,0.0,13600.0,8.39,0.0,0.0,56900.72548185535,56484.22453180441,26.68413524345388,observed,observed
2026-06-20,Kalyanpur,4,02:00,53894.42076240985,0.0,0.0,0.0,0.0,0.0,0.0,0.0,0.0,13600.0,8.39,0.0,0.0,58324.74923259745,57908.24828254653,26.545282253334715,observed,observed
2026-06-20,Kalyanpur,5,02:30,53336.97187154504,8000.0,0.0,0.0,0.0,0.0,0.0,0.0,0.0,17400.0,8.39,0.0,0.0,49063.84516182625,48647.344211775286,26.4202036020318,observed,observed
2026-06-20,Kalyanpur,6,03:00,51400.917137542594,8000.0,0.0,0.0,0.0,0.0,0.0,0.0,0.0,21200.0,8.39,0.0,0.0,46968.63928960662,46552.13833955567,26.30753286301257,observed,observed
2026-06-20,Kalyanpur,7,03:30,38603.405950867935,0.0,0.0,0.0,0.0,0.0,0.0,0.0,0.0,21200.0,8.39,0.0,0.0,41776.754249466336,41360.2532994154,26.206039160459003,observed,observed
2026-06-20,Kalyanpur,8,04:00,46597.51660723743,0.0,0.0,0.0,0.0,0.0,0.0,0.0,0.0,21200.0,8.39,0.0,0.0,50428.01151830013,50011.51056824921,26.114613722517447,observed,observed
2026-06-20,Kalyanpur,9,04:30,44892.662233991956,0.0,0.0,0.0,0.0,0.0,0.0,0.0,0.0,21200.0,8.39,0.0,0.0,48583.01156485427,48166.51061480332,26.032257768477898,observed,observed
2026-06-20,Kalyanpur,10,05:00,60619.214391508576,2526.315789473684,0.0,0.0,0.0,0.0,0.0,0.0,0.0,22400.0,8.39,0.0,0.0,62868.35808283939,62451.857132788464,25.958071597555747,observed,observed
2026-06-20,Kalyanpur,11,05:30,70851.44989772612,8000.0,0.0,0.0,0.0,0.0,0.0,0.0,0.0,26200.0,8.39,0.0,7.275957614183426e-12,68018.08057925827,67601.57962920726,26.086544927336146,observed,observed
2026-06-20,Kalyanpur,12,06:00,80822.61872750889,8000.0,0.0,0.0,0.0,0.0,0.0,0.0,0.0,30000.0,8.39,0.0,0.0,78808.91779999343,78392.4168499424,26.906207965800032,observed,observed
2026-06-20,Kalyanpur,13,06:30,79249.36081987128,0.0,0.0,0.0,0.0,0.0,0.0,0.0,0.0,30000.0,8.39,0.0,0.0,85763.96278641347,85347.46183636252,27.71276991069354,observed,observed
2026-06-20,Kalyanpur,14,07:00,88000.0,0.0,1631.578214190941,0.0,0.0,0.0,0.0,0.0,0.0,29184.210892904528,18.255102040816332,0.0,0.0,96911.35333247234,96494.85238242133,28.49971521045966,observed,observed
2026-06-20,Kalyanpur,15,07:30,88000.0,0.0,7007.438529690613,0.0,0.0,0.0,0.0,0.0,0.0,25680.491628059222,18.255102040816332,0.0,0.0,102438.24118759131,102021.74023754042,29.260686780307008,observed,observed
2026-06-20,Kalyanpur,16,08:00,88000.0,559.4233709109851,0.0,0.0,0.0,0.0,0.0,0.0,0.0,25946.21772924194,13.550229591836736,0.0,0.0,94628.52800901495,94212.02705896406,29.989537355877097,observed,observed
2026-06-20,Kalyanpur,17,08:30,88000.0,6582.835584829869,0.0,0.0,0.0,0.0,0.0,0.0,0.0,29073.064632036127,13.550229591836736,0.0,0.0,88109.96816679816,87693.4672167472,30.680379151944553,observed,observed
2026-06-20,Kalyanpur,18,09:00,88000.0,0.0,3694.817654469726,0.0,1901.029045711841,0.0,0.0,0.0,0.0,27225.655804801263,18.25510204081633,0.0,0.0,101089.85763778457,100673.35668773357,31.327631424998582,observed,observed
2026-06-20,Kalyanpur,19,09:30,88000.0,5840.724621471019,0.0,0.0,0.0,0.0,0.0,0.0,0.0,29999.999999999996,13.550229591836736,0.0,0.0,88913.08350282664,88496.58255277573,31.92606555548655,observed,observed
2026-06-20,Kalyanpur,20,10:00,88000.0,0.0,-0.0,0.0,7395.874245281722,0.0,0.0,0.0,0.0,29999.999999999996,18.25510204081633,0.0,0.0,103237.78165663459,102821.28070658362,32.4708472855373,observed,observed
2026-06-20,Kalyanpur,21,10:30,88000.0,0.0,-0.0,0.0,7484.183195659685,0.0,0.0,0.0,0.0,29999.999999999996,18.25510204081633,0.0,0.0,103333.34994205128,102916.84899200029,32.95757577096033,observed,observed
2026-06-20,Kalyanpur,22,11:00,88000.0,0.0,2054.1374095252504,0.0,11200.0,0.0,0.0,0.0,0.0,28972.931295237373,18.25510204081633,5.213155068121431,0.0,109466.46679285578,109049.96584280483,33.38231913205178,observed,observed
2026-06-20,Kalyanpur,23,11:30,88000.0,0.0,3745.535985431907,0.0,11200.0,0.0,0.0,0.0,0.0,27100.163302521418,18.25510204081633,5.213155068121431,0.0,111205.38292882596,110788.88197877503,33.74164621602144,observed,observed
2026-06-20,Kalyanpur,24,12:00,88000.0,0.0,8000.0,0.0,11200.0,0.0,0.0,0.0,6342.981672270425,23100.163302521418,18.25510204081633,41.744897959183675,0.0,122443.76950547406,122027.26855542307,34.032654314458284,observed,observed
2026-06-20,Kalyanpur,25,12:30,88000.0,0.0,8000.0,0.0,11200.0,0.0,0.0,0.0,12694.685056066939,19100.163302521418,18.25510204081633,41.744897959183675,0.0,129317.60731315604,128901.10636310503,34.25299261192792,observed,observed
2026-06-20,Kalyanpur,26,13:00,88000.0,8000.0,8000.0,0.0,19199.999999999996,0.0,0.0,0.0,13610.53987312359,18900.163302521418,18.25510204081633,41.744897959183675,0.0,130308.7489152483,129892.24796519741,34.40088117627975,observed,observed
2026-06-20,Kalyanpur,27,13:30,88000.0,8000.0,8000.0,0.0,19199.999999999996,0.0,0.0,0.0,10692.851594597449,18700.163302521418,18.25510204081633,41.744897959183675,0.0,127151.21544932385,126734.7144992729,34.475125337257126,observed,observed
2026-06-20,Kalyanpur,28,14:00,88000.0,3403.1863959439456,1069.2446481261845,0.0,14603.186395943945,0.0,0.0,0.0,0.0,19782.054516531698,18.25510204081633,5.213155068121431,0.0,108453.9047986617,108037.40384861075,34.475125337257126,observed,observed
2026-06-20,Kalyanpur,29,14:30,88000.0,0.0,6679.799414542134,0.0,11200.0,0.0,0.0,0.0,0.0,16442.15480926063,18.25510204081633,5.213155068121431,0.0,114222.08052852211,113805.57957847114,34.40088117627975,observed,observed
2026-06-20,Kalyanpur,30,15:00,88000.0,0.0,323.85067181871347,0.0,11200.0,0.0,0.0,0.0,0.0,16280.229473351275,18.25510204081633,5.213155068121431,0.0,107687.56998466834,107271.06903461738,34.25299261192792,observed,observed
2026-06-20,Kalyanpur,31,15:30,88000.0,0.0,0.0,0.0,5754.1318609277205,0.0,0.0,0.0,0.0,16280.229473351275,18.25510204081633,0.0,0.0,101461.0817400681,101044.5807900171,34.032654314458284,observed,observed
2026-06-20,Kalyanpur,32,16:00,88000.0,0.0,0.0,0.0,11124.36911786397,0.0,0.0,0.0,0.0,16280.229473351275,18.25510204081633,0.0,0.0,107272.77313408375,106856.27218403282,33.74164621602144,observed,observed
2026-06-20,Kalyanpur,33,16:30,88000.0,0.0,4560.458946702556,0.0,11200.0,0.0,0.0,0.0,0.0,13999.999999999996,18.25510204081633,5.213155068121431,0.0,112043.20005076982,111626.69910071894,33.38231913205178,observed,observed
2026-06-20,Kalyanpur,34,17:00,88000.0,0.0,8000.0,0.0,11200.0,0.0,0.0,0.0,14004.256559440733,9999.999999999996,22.487138899881288,37.51286110011871,0.0,130734.83062599487,130318.32967594387,32.95757577096033,observed,observed
2026-06-20,Kalyanpur,35,17:30,88000.0,0.0,8000.0,0.0,11200.0,0.0,0.0,0.0,5478.686000376647,5999.999999999996,22.487138899881288,37.51286110011871,0.0,121508.42540838738,121091.92445833642,32.4708472855373,observed,observed
2026-06-20,Kalyanpur,36,18:00,88000.0,0.0,0.0,0.0,5080.238917840834,0.0,0.0,0.0,0.0,5999.999999999996,18.25510204081633,0.0,0.0,100731.7922076983,123024.20495550845,31.92606555548655,observed,observed
2026-06-20,Kalyanpur,37,18:30,88000.0,0.0,0.0,0.0,2696.1814790362555,0.0,0.0,0.0,0.0,5999.999999999996,21.06923712100198,0.0,0.0,98151.75608693957,139604.2956686311,31.327361110367182,observed,observed
2026-06-20,Kalyanpur,38,19:00,88000.0,0.0,0.0,0.0,0.0,0.0,0.0,0.0,0.0,5999.999999999996,16.046121821668244,0.0,0.0,95233.93813053913,119422.11047078954,30.727896028017554,observed,observed
2026-06-20,Kalyanpur,39,19:30,88000.0,0.0,0.0,0.0,4437.935643988036,0.0,0.0,0.0,0.0,5999.999999999996,18.25510204081633,0.0,0.0,100036.68913675344,125393.27895406607,30.187898409391316,observed,observed
2026-06-20,Kalyanpur,40,20:00,88000.0,0.0,0.0,0.0,6952.860790988474,0.0,0.0,0.0,0.0,5999.999999999996,18.25510204081633,0.0,0.0,102758.35079416688,129099.23189743503,29.70146902975326,observed,observed
2026-06-20,Kalyanpur,41,20:30,88000.0,3496.2447886222944,0.0,0.0,0.0,0.0,0.0,0.0,0.0,7660.716274595587,13.550229591836736,0.0,0.0,91450.28858634713,114916.26586417235,29.26329387265346,observed,observed
2026-06-20,Kalyanpur,42,21:00,88000.0,0.0,3321.4325491911804,0.0,2967.5275479633883,0.0,0.0,0.0,0.0,5999.999999999996,18.25510204081633,0.0,0.0,101860.1515589837,101443.65060893269,28.868586076750397,observed,observed
2026-06-20,Kalyanpur,43,21:30,86946.80552410931,0.0,0.0,0.0,0.0,0.0,0.0,0.0,0.0,5999.999999999996,8.39,0.0,0.0,94094.16702194352,93677.66607189264,28.513033641560263,observed,observed
2026-06-20,Kalyanpur,44,22:00,83441.89822935115,2.6327478209216345e-12,0.0,0.0,0.0,0.0,0.0,0.0,0.0,5999.999999999997,8.39,0.0,0.0,90301.14288032679,89884.64193027589,28.19275232084198,observed,observed
2026-06-20,Kalyanpur,45,22:30,74583.35857995295,0.0,0.0,0.0,0.0,0.0,0.0,0.0,0.0,5999.999999999997,8.39,0.0,0.0,80714.39723376192,80297.89628371096,27.904243188999885,observed,observed
2026-06-20,Kalyanpur,46,23:00,61730.44942209475,0.0,-1.3642420526593924e-12,0.0,0.0,0.0,0.0,0.0,0.0,5999.999999999998,8.39,0.0,0.0,66804.92955720614,66388.42860715519,27.644354416936615,observed,observed
2026-06-20,Kalyanpur,47,23:30,62842.64815322752,0.0,0.0,0.0,0.0,0.0,0.0,0.0,0.0,5999.999999999998,8.39,0.0,0.0,68008.55529754207,67592.05434749112,27.410246839774988,observed,observed
2026-06-21,Dhanmondi,0,00:00,58994.984627834405,10000.0,0.0,0.0,0.0,0.0,0.0,0.0,0.0,12750.0,8.39,0.0,0.0,48153.98839873704,47135.45387460167,26.66233899412,observed,observed
2026-06-21,Dhanmondi,1,00:30,58780.3883239126,10000.0,0.0,0.0,0.0,0.0,0.0,0.0,0.0,17500.0,8.39,0.0,7.275957614183426e-12,47943.075628624814,46924.54110448944,26.47650198575339,observed,observed
2026-06-21,Dhanmondi,2,01:00,54639.72103632,0.0,0.0,0.0,0.0,0.0,0.0,0.0,0.0,17500.0,8.39,0.0,0.0,53701.833215770035,52683.29869163469,26.30910078868651,observed,observed
2026-06-21,Dhanmondi,3,01:30,53247.67609321057,0.0,0.0,0.0,0.0,0.0,0.0,0.0,0.0,17500.0,8.39,0.0,0.0,52333.682647907015,51315.148123771665,26.15830649305223,observed,observed
2026-06-21,Dhanmondi,4,02:00,61861.04628776321,10000.0,0.0,0.0,0.0,0.0,0.0,0.0,0.0,22250.0,8.39,0.0,7.275957614183426e-12,50970.854267164555,49952.31974302916,26.022471624519273,observed,observed
2026-06-21,Dhanmondi,5,02:30,56977.42261331857,10000.0,0.0,0.0,0.0,0.0,0.0,0.0,0.0,27000.0,8.39,0.0,7.275957614183426e-12,46171.05772575684,45152.52320162143,25.900112145125476,observed,observed
2026-06-21,Dhanmondi,6,03:00,59702.44695647179,10000.0,0.0,0.0,0.0,0.0,0.0,0.0,0.0,31750.0,8.39,0.0,7.275957614183426e-12,48849.307175230584,47830.772651095256,25.789891239703913,observed,observed
2026-06-21,Dhanmondi,7,03:30,42589.781113115205,0.0,0.0,0.0,0.0,0.0,0.0,0.0,0.0,31750.0,8.39,0.0,0.0,41858.72985172012,40840.19532758473,25.690604710763637,observed,observed
2026-06-21,Dhanmondi,8,04:00,54529.22825428119,0.0,0.0,0.0,0.0,0.0,0.0,0.0,0.0,31750.0,8.39,0.0,0.0,53593.23703628644,52574.70251215108,25.60116782225955,observed,observed
2026-06-21,Dhanmondi,9,04:30,44807.696246868276,0.0,0.0,0.0,0.0,0.0,0.0,0.0,0.0,31750.0,8.39,0.0,0.0,44038.57459361346,43020.040069478055,25.520603448515512,observed,observed
2026-06-21,Dhanmondi,10,05:00,66076.30841864325,0.0,0.0,0.0,0.0,0.0,0.0,0.0,0.0,31750.0,8.39,0.0,7.275957614183426e-12,64942.112201727134,63923.57767759175,25.448031398824043,observed,observed
2026-06-21,Dhanmondi,11,05:30,62420.70026439054,0.0,0.0,0.0,0.0,0.0,0.0,0.0,0.0,31750.0,8.39,0.0,0.0,61349.2523613301,60330.717837194774,25.57403136888601,observed,observed
2026-06-21,Dhanmondi,12,06:00,66467.8313426711,0.0,0.0,0.0,0.0,0.0,0.0,0.0,0.0,31750.0,8.39,0.0,0.0,65326.91465619635,64308.38013206105,26.375855362661397,observed,observed
2026-06-21,Dhanmondi,13,06:30,71557.88643798645,0.0,0.0,0.0,0.0,0.0,0.0,0.0,0.0,31750.0,8.39,0.0,0.0,70329.59923443591,69311.06471030053,27.164861494802583,observed,observed
2026-06-21,Dhanmondi,14,07:00,80045.55501861258,0.0,0.0,0.0,0.0,0.0,0.0,0.0,0.0,31750.0,8.39,0.0,0.0,78671.57744849985,77653.04292436453,27.934676303366825,observed,observed
2026-06-21,Dhanmondi,15,07:30,87814.85836948328,0.0,0.0,0.0,0.0,0.0,0.0,0.0,0.0,31750.0,8.39,0.0,0.0,86307.52113265294,85288.98660851775,28.679081350771092,observed,observed
2026-06-21,Dhanmondi,16,08:00,86958.2052436104,5746.022064591255,0.0,0.0,0.0,0.0,0.0,0.0,0.0,34479.36048068084,8.39,0.0,0.0,79818.18050039561,78799.64597626023,29.392063455309508,observed,observed
2026-06-21,Dhanmondi,17,08:30,97799.23328002544,10000.0,0.0,0.0,0.0,0.0,0.0,0.0,0.0,39229.36048068084,8.39,0.0,0.0,86292.16424700047,85273.62972286512,30.06786326464751,observed,observed
2026-06-21,Dhanmondi,18,09:00,103801.64919149195,0.0,0.0,41.726371809073356,0.0,0.0,0.0,0.0,0.0,39229.36048068084,8.39,0.0,0.0,101978.8894244155,100960.35490028006,30.701021778924048,observed,observed
2026-06-21,Dhanmondi,19,09:30,110000.00000000001,1622.3989880403242,0.0,0.0,0.0,0.0,0.0,0.0,0.0,40000.0,8.390000000000011,0.0,0.0,106517.3054232986,105498.77089916322,31.286424447655815,observed,observed
2026-06-21,Dhanmondi,20,10:00,110000.00000000001,0.0,1766.4649954734252,6498.693618162225,0.0,0.0,0.0,0.0,0.0,39116.76750226329,48.33850415512465,0.0,0.0,103374.04865806717,102355.51413393178,31.819342484236028,observed,observed
2026-06-21,Dhanmondi,21,10:30,110000.00000000001,0.0,1474.9446701549227,6628.17573604377,0.0,0.0,0.0,0.0,0.0,38379.295167185825,48.33850415512465,0.0,-1.4551915228366852e-11,102974.59851850316,101956.06399436775,32.295471064295924,observed,observed
2026-06-21,Dhanmondi,22,11:00,110000.00000000001,0.0,10000.0,9519.96888195719,0.0,0.0,0.0,0.0,0.0,33379.295167185825,49.300000000000004,0.0,0.0,108092.22990432964,107073.69538019423,32.710964099368965,observed,observed
2026-06-21,Dhanmondi,23,11:30,110000.00000000001,0.0,10000.0,2251.4090101827314,0.0,0.0,0.0,0.0,0.0,28379.295167185825,49.3,0.0,0.0,115236.0253437941,114217.49081965865,33.06246530496172,observed,observed
2026-06-21,Dhanmondi,24,12:00,110000.00000000001,7805.268855954631,0.0,11428.571428571426,0.0,0.0,0.0,0.0,0.0,32086.797873764273,40.700500000000005,0.0,0.0,89208.16355259721,130733.20804730701,33.3471353120688,observed,observed
2026-06-21,Dhanmondi,25,12:30,110000.00000000001,0.0,0.0,17600.089546164556,0.0,0.0,0.0,0.0,0.0,32086.797873764273,40.7005,0.0,0.0,90813.87104896813,137990.04168565053,33.56267460312927,observed,observed
2026-06-21,Dhanmondi,26,13:00,110000.00000000001,6659.372897338367,0.0,12301.066262732234,0.0,0.0,0.0,0.0,0.0,35250.0,40.7005,0.0,1.4551915228366852e-11,89476.87176171772,124975.59909218276,33.707342087151844,observed,observed
2026-06-21,Dhanmondi,27,13:30,110000.00000000001,10000.0,0.0,11833.128115028187,0.0,0.0,0.0,0.0,0.0,40000.0,40.7005,0.0,0.0,86653.4923554179,121651.75238168034,33.77996916396195,observed,observed
2026-06-21,Dhanmondi,28,14:00,110000.00000000001,0.0,0.0,18958.47024961347,0.0,0.0,0.0,0.0,0.0,40000.0,40.7005,0.0,0.0,89478.80687593478,121852.25341746835,33.77996916396195,observed,observed
2026-06-21,Dhanmondi,29,14:30,110000.00000000001,0.0,10000.0,169.66842835012358,0.0,0.0,0.0,0.0,0.0,35000.0,49.3,0.0,0.0,117282.0329624962,116263.49843836087,33.707342087151844,observed,observed
2026-06-21,Dhanmondi,30,15:00,110000.00000000001,0.0,10000.0,0.0,0.0,0.0,0.0,0.0,4028.6932919914543,29999.999999999996,60.0,0.0,0.0,121408.33003373106,120389.79550959573,33.56267460312927,observed,observed
2026-06-21,Dhanmondi,31,15:30,110000.00000000001,0.0,7895.431817922738,0.0,0.0,0.0,0.0,0.0,0.0,26052.284091038626,49.3,0.0,0.0,115483.76782634507,114465.23330220983,33.3471353120688,observed,observed
2026-06-21,Dhanmondi,32,16:00,110000.00000000001,0.0,6104.5681820772625,6423.830900051296,0.0,0.0,0.0,0.0,0.0,22999.999999999993,49.3,0.0,0.0,107498.08425045412,106479.5497263188,33.06246530496172,observed,observed
2026-06-21,Dhanmondi,33,16:30,110000.00000000001,0.0,10000.0,4823.081727125391,0.0,0.0,0.0,0.0,0.0,17999.999999999993,49.3,0.0,0.0,112708.49524826139,111689.96072412611,32.710964099368965,observed,observed
2026-06-21,Dhanmondi,34,17:00,110000.00000000001,0.0,10000.0,0.0,0.0,0.0,0.0,0.0,11582.507731240781,12999.999999999995,60.0,0.0,0.0,128832.48366163482,127813.94913749945,32.295471064295924,observed,observed
2026-06-21,Dhanmondi,35,17:30,110000.00000000001,0.0,10000.0,0.0,0.0,0.0,0.0,0.0,6912.777810865839,7999.9999999999945,60.0,0.0,0.0,124242.90939971697,123224.37487558159,31.819342484236028,observed,observed
2026-06-21,Dhanmondi,36,18:00,110000.00000000001,10000.0,0.0,0.0,18378.99851320857,0.0,0.0,0.0,0.0,12749.999999999995,41.01759834874987,0.0,0.0,116347.0294839261,115328.49495979068,31.286424447655815,observed,observed
2026-06-21,Dhanmondi,37,18:30,110000.00000000001,1083.8180222235987,10000.0,0.0,15083.818022223588,0.0,0.0,0.0,288.1986550569236,8264.813560556204,41.43774984277892,18.56225015722108,0.0,131491.73154885607,130473.19702472078,30.700759669713452,observed,observed
2026-06-21,Dhanmondi,38,19:00,110000.00000000001,3764.3812589841737,4105.789317147385,0.0,17764.381258984165,0.0,0.0,0.0,0.0,7999.999999999994,41.43774984277891,7.71765164506477,1.4551915228366852e-11,125705.09477275677,124686.56024862142,30.114294378646104,observed,observed
2026-06-21,Dhanmondi,39,19:30,110000.00000000001,0.0,4.104693193527821e-13,0.0,11594.100867275163,0.0,0.0,0.0,0.0,7999.999999999994,40.71507851853374,0.0,0.0,119506.94478208327,118488.41025794797,29.586008906200398,observed,observed
2026-06-21,Dhanmondi,40,20:00,110000.00000000001,0.0,3227.7266741721833,0.0,2126.3885498374893,1613.8633370860916,0.0,0.0,0.0,6386.136662913902,40.435132166263514,0.0,0.0,113215.45200467586,112196.91748054048,29.110131570153353,observed,observed
2026-06-21,Dhanmondi,41,20:30,110000.00000000001,3397.6070254444057,0.0,0.0,0.0,0.0,0.0,0.0,0.0,7999.9999999999945,9.81770678005282,0.0,0.0,104772.56873467976,103754.03421054434,28.68146326338573,observed,observed
2026-06-21,Dhanmondi,42,21:00,102641.49208032514,0.0,0.0,1137.5103229114707,0.0,0.0,0.0,0.0,0.0,7999.9999999999945,8.39,0.0,0.0,99761.67146698727,98743.136942852,28.29532065202831,observed,observed
2026-06-21,Dhanmondi,43,21:30,92815.67293564709,0.0,0.0,0.0,0.0,0.0,0.0,0.0,0.0,7999.9999999999945,8.39,0.0,0.0,91222.49699053878,90203.96246640345,27.947485008590462,observed,observed
2026-06-21,Dhanmondi,44,22:00,83306.5882212669,0.0,0.0,0.0,0.0,0.0,0.0,0.0,0.0,7999.9999999999945,8.39,0.0,0.0,81876.63519474307,80858.10067060783,27.63415612105717,observed,observed
2026-06-21,Dhanmondi,45,22:30,68119.98389318665,0.0,0.0,0.0,0.0,0.0,0.0,0.0,0.0,7999.9999999999945,8.39,0.0,0.0,66950.70809862297,65932.17357448765,27.351910774397084,observed,observed
2026-06-21,Dhanmondi,46,23:00,62338.544741327285,0.0,0.0,0.0,0.0,0.0,0.0,0.0,0.0,7999.9999999999945,8.39,0.0,0.0,61268.50703332297,60249.97250918762,27.097665350879247,observed,observed
2026-06-21,Dhanmondi,47,23:30,61629.44456305447,1.9147256879430067e-12,0.0,0.0,0.0,0.0,0.0,0.0,0.0,7999.999999999995,8.39,0.0,0.0,60571.57852079324,59553.04399665793,26.868642140595426,observed,observed
2026-06-21,Kalyanpur,0,00:00,57519.529160759885,8000.0,0.0,0.0,0.0,0.0,0.0,0.0,0.0,9799.999999999998,8.39,0.0,-7.275957614183426e-12,54188.06566134903,52029.89503953359,26.66233899412,observed,observed
2026-06-21,Kalyanpur,1,00:30,48092.780002955624,0.0,0.0,0.0,0.0,0.0,0.0,0.0,0.0,9799.999999999998,8.39,0.0,-7.275957614183426e-12,52626.80733850866,50468.63671669325,26.47650198575339,observed,observed
2026-06-21,Kalyanpur,2,01:00,57159.731979502176,2526.315789473684,0.0,0.0,0.0,0.0,0.0,0.0,0.0,10999.999999999998,8.39,0.0,-7.275957614183426e-12,59784.072950253496,57625.90232843803,26.30910078868651,observed,observed
2026-06-21,Kalyanpur,3,01:30,60720.880765572314,8000.0,0.0,0.0,0.0,0.0,0.0,0.0,0.0,14799.999999999998,8.39,0.0,-7.275957614183426e-12,57691.23004733242,55533.05942551701,26.15830649305223,observed,observed
2026-06-21,Kalyanpur,4,02:00,53976.74419743807,0.0,0.0,0.0,0.0,0.0,0.0,0.0,0.0,14799.999999999998,8.39,0.0,-7.275957614183426e-12,59065.492106382015,56907.32148456653,26.022471624519273,observed,observed
2026-06-21,Kalyanpur,5,02:30,45745.50057381242,0.0,0.0,0.0,0.0,0.0,0.0,0.0,0.0,14799.999999999998,8.39,0.0,-7.275957614183426e-12,50058.234212156414,47900.063590340964,25.900112145125476,observed,observed
2026-06-21,Kalyanpur,6,03:00,43950.269090021495,0.0,0.0,0.0,0.0,0.0,0.0,0.0,0.0,14799.999999999998,8.39,0.0,-7.275957614183426e-12,48093.75427525771,45935.583653442256,25.789891239703913,observed,observed
2026-06-21,Kalyanpur,7,03:30,39435.30781171116,0.0,0.0,0.0,0.0,0.0,0.0,0.0,0.0,14799.999999999998,8.39,0.0,-7.275957614183426e-12,43153.13746500339,40994.96684318794,25.690604710763637,observed,observed
2026-06-21,Kalyanpur,8,04:00,47029.20454956035,0.0,0.0,0.0,0.0,0.0,0.0,0.0,0.0,14799.999999999998,8.39,0.0,-7.275957614183426e-12,51462.96152896386,49304.79090714845,25.60116782225955,observed,observed
2026-06-21,Kalyanpur,9,04:30,53470.081245727044,8000.0,0.0,0.0,0.0,0.0,0.0,0.0,0.0,18600.0,8.39,0.0,0.0,49756.84926590125,47598.678644085834,25.520603448515512,observed,observed
2026-06-21,Kalyanpur,10,05:00,66633.1356737758,8000.0,0.0,0.0,0.0,0.0,0.0,0.0,0.0,22400.0,8.39,0.0,-1.4551915228366852e-11,64160.87268331762,62002.7020615022,25.448031398824043,observed,observed
2026-06-21,Kalyanpur,11,05:30,63200.5767528286,0.0,0.0,0.0,0.0,0.0,0.0,0.0,0.0,22400.0,8.39,0.0,-7.275957614183426e-12,69158.91691537359,67000.74629355801,25.57403136888601,observed,observed
2026-06-21,Kalyanpur,12,06:00,80977.5093533854,8000.0,0.0,0.0,0.0,0.0,0.0,0.0,0.0,26200.0,8.39,0.0,-1.4551915228366852e-11,79857.58620210362,77699.41558028807,26.375855362661397,observed,observed
2026-06-21,Kalyanpur,13,06:30,87352.88931946502,8000.0,0.0,0.0,0.0,0.0,0.0,0.0,0.0,30000.0,8.39,0.0,-1.4551915228366852e-11,86834.0157860045,84675.84516418904,27.164861494802583,observed,observed
2026-06-21,Kalyanpur,14,07:00,88000.0,0.0,1727.140650760769,0.0,0.0,0.0,0.0,0.0,0.0,29136.429674619612,18.255102040816332,0.0,0.0,98091.8185403139,95933.6479184983,27.934676303366825,observed,observed
2026-06-21,Kalyanpur,15,07:30,88000.0,0.0,6656.82170693957,0.0,0.0,0.0,0.0,0.0,0.0,25808.01882114983,18.255102040816332,0.0,0.0,103216.5317802112,101058.36115839586,28.679081350771092,observed,observed
2026-06-21,Kalyanpur,16,08:00,88000.0,888.4602530356086,0.0,0.0,0.0,0.0,0.0,0.0,0.0,26230.037441341745,13.55022959183674,0.0,0.0,95324.12596948218,93165.95534766676,29.392063455309508,observed,observed
2026-06-21,Kalyanpur,17,08:30,88000.0,6828.467714280736,0.0,0.0,0.0,0.0,0.0,0.0,0.0,29473.559605625094,13.55022959183674,0.0,0.0,88824.11436206342,86665.94374024794,30.06786326464751,observed,observed
2026-06-21,Kalyanpur,18,09:00,88000.0,0.0,4917.570462309289,0.0,40.89184437289189,0.0,0.0,0.0,0.0,27014.77437447045,18.25510204081633,0.0,0.0,101453.2178080213,99295.04718620589,30.701021778924048,observed,observed
2026-06-21,Kalyanpur,19,09:30,88000.0,6284.685527430631,0.0,0.0,0.0,0.0,0.0,0.0,0.0,30000.0,13.55022959183674,0.0,0.0,89419.16252479622,87260.99190298078,31.286424447655815,observed,observed
2026-06-21,Kalyanpur,20,10:00,88000.0,0.0,0.0,0.0,6368.7197457989805,0.0,0.0,0.0,0.0,30000.0,59.018881790943524,0.0,0.0,103265.48876023947,101107.31813842402,31.819342484236028,observed,observed
2026-06-21,Kalyanpur,21,10:30,88000.0,0.0,-0.0,0.0,6495.612221322894,0.0,0.0,0.0,0.0,30000.0,59.018881790943524,0.0,0.0,103404.3442362942,101246.1736144787,32.295471064295924,observed,observed
2026-06-21,Kalyanpur,22,11:00,88000.0,0.0,2903.7999180644897,0.0,9329.569504318046,0.0,0.0,0.0,0.0,28548.10004096775,60.00000000000001,0.0,0.0,109524.16007591372,107365.9894540983,32.710964099368965,observed,observed
2026-06-21,Kalyanpur,23,11:30,88000.0,0.0,8000.0,0.0,2206.3808299790767,0.0,0.0,0.0,4535.777408987959,24548.10004096775,60.0,0.0,0.0,111990.63651380272,109832.46589198735,33.06246530496172,observed,observed
2026-06-21,Kalyanpur,24,12:00,88000.0,0.0,0.0,0.0,11199.999999999996,0.0,0.0,0.0,13842.234340989846,24548.10004096775,51.22500000000001,8.774999999999991,0.0,123699.48020081638,121541.30957900084,33.3471353120688,observed,observed
2026-06-21,Kalyanpur,25,12:30,88000.0,6048.087755241267,8000.0,0.0,17248.087755241264,0.0,0.0,0.0,12564.013868459617,23420.941724707358,51.225,8.774999999999999,-1.4551915228366852e-11,130617.25607503766,128459.08545322216,33.56267460312927,observed,observed
2026-06-21,Kalyanpur,26,13:00,88000.0,855.0449374775935,0.0,0.0,12055.044937477589,0.0,0.0,0.0,21089.702090322815,23827.088070009217,51.225,8.774999999999999,0.0,131630.2151034932,129472.04448167772,33.707342087151844,observed,observed
2026-06-21,Kalyanpur,27,13:30,88000.0,396.46555272762635,8000.0,0.0,11596.465552727623,0.0,0.0,0.0,10595.70725157013,20015.40920755484,51.225,8.774999999999999,0.0,128463.3840571632,126305.21343534777,33.77996916396195,observed,observed
2026-06-21,Kalyanpur,28,14:00,88000.0,7379.300844621203,1148.4200404858454,0.0,18579.3008446212,0.0,0.0,0.0,0.0,22946.367088506988,51.225,8.775000000000006,0.0,109746.10084630814,107587.93022449262,33.77996916396195,observed,observed
2026-06-21,Kalyanpur,29,14:30,88000.0,0.0,8000.0,0.0,166.2750597831211,0.0,0.0,0.0,9817.961819225842,18946.367088506988,60.0,0.0,0.0,115538.36754443351,113380.19692261805,33.707342087151844,observed,observed
2026-06-21,Kalyanpur,30,15:00,88000.0,0.0,8000.0,0.0,0.0,0.0,0.0,0.0,4006.870428000283,14946.367088506986,60.0,0.0,0.0,108997.47486595728,106839.30424414184,33.56267460312927,observed,observed
2026-06-21,Kalyanpur,31,15:30,88000.0,0.0,6189.241173684666,0.0,0.0,0.0,0.0,0.0,0.0,11851.746501664653,60.00000000000001,0.0,0.0,102730.4524330523,100572.2818112368,33.3471353120688,observed,observed
2026-06-21,Kalyanpur,32,16:00,88000.0,0.0,3703.493003329304,0.0,6295.354282050271,0.0,0.0,0.0,782.293478329183,10000.0,60.0,0.0,1.4551915228366852e-11,107891.26585513736,105733.09523332196,33.06246530496172,observed,observed
2026-06-21,Kalyanpur,33,16:30,88000.0,0.0,8000.0,0.0,4726.620092582883,0.0,0.0,0.0,1761.5756029109361,6000.000000000001,60.0,0.0,0.0,111712.73122644491,109554.56060462944,32.710964099368965,observed,observed
2026-06-21,Kalyanpur,34,17:00,88000.0,0.0,0.0,0.0,0.0,0.0,0.0,0.0,31438.41340698542,6000.000000000001,60.0,0.0,0.0,130698.66975459266,128540.4991327772,32.295471064295924,observed,observed
2026-06-21,Kalyanpur,35,17:30,88000.0,0.0,-0.0,0.0,0.0,3.296918293926865e-12,0.0,0.0,23226.30246038617,6000.000000000001,60.0,0.0,0.0,121712.3483025456,119554.1776807302,31.819342484236028,observed,observed
2026-06-21,Kalyanpur,36,18:00,88000.0,0.0,0.0,18754.08011551895,0.0,0.0,0.0,0.0,0.0,6000.000000000001,30.697246381774875,0.0,0.0,75774.19488984493,121408.82163014158,31.286424447655815,observed,observed
2026-06-21,Kalyanpur,37,18:30,88000.0,0.0,0.0,15391.651043085294,0.0,0.0,0.0,0.0,0.0,6000.000000000001,31.10899484592334,0.0,0.0,79453.62259133134,137878.86090686743,30.700759669713452,observed,observed
2026-06-21,Kalyanpur,38,19:00,88000.0,0.0,-1.4360442659572551e-12,18126.91965202466,0.0,0.0,0.0,0.0,0.0,6000.000000000002,31.108994845923338,0.0,-1.4551915228366852e-11,76460.48195581652,117700.39268379212,30.114294378646104,observed,observed
2026-06-21,Kalyanpur,39,19:30,88000.0,0.0,0.0,11830.715170688942,0.0,0.0,0.0,0.0,0.0,6000.000000000002,30.40077694816306,0.0,0.0,83350.2716536203,123644.04049971282,29.586008906200398,observed,observed
2026-06-21,Kalyanpur,40,20:00,88000.0,0.0,3.8294513758860134e-12,2169.7842345280505,0.0,0.0,0.0,0.0,0.0,6000.0,30.126429522938245,0.0,0.0,93922.0030248723,127267.98908638749,29.110131570153353,observed,observed
2026-06-21,Kalyanpur,41,20:30,88000.0,4771.574012208715,0.0,0.0,0.0,0.0,0.0,0.0,0.0,8266.49765579914,13.550229591836736,0.0,0.0,91074.92516085863,113241.7797631841,28.68146326338573,observed,observed
2026-06-21,Kalyanpur,42,21:00,88000.0,0.0,4532.995311598271,0.0,1114.7601164532412,0.0,0.0,0.0,0.0,6000.000000000004,18.25510204081633,0.0,0.0,102228.5367730293,100070.36615121382,28.29532065202831,observed,observed
2026-06-21,Kalyanpur,43,21:30,86110.15686996181,0.0,0.0,0.0,0.0,0.0,0.0,0.0,0.0,6000.000000000004,8.39,0.0,-1.4551915228366852e-11,94228.33604557146,92070.165423756,27.947485008590462,observed,observed
2026-06-21,Kalyanpur,44,22:00,82754.83954587068,0.0,0.0,0.0,0.0,0.0,0.0,0.0,0.0,6000.000000000004,8.39,0.0,-1.4551915228366852e-11,90556.69056440669,88398.5199425912,27.63415612105717,observed,observed
2026-06-21,Kalyanpur,45,22:30,74170.31732591415,-0.0,0.0,0.0,0.0,0.0,0.0,0.0,0.0,6000.000000000004,8.39,0.0,-1.4551915228366852e-11,81162.84814284091,79004.67752102534,27.351910774397084,observed,observed
2026-06-21,Kalyanpur,46,23:00,61645.925391645025,0.0,0.0,0.0,0.0,0.0,0.0,0.0,0.0,6000.000000000004,8.39,0.0,-7.275957614183426e-12,67457.69819483931,65299.527573023865,27.097665350879247,observed,observed
2026-06-21,Kalyanpur,47,23:30,62684.185072952976,0.0,0.0,0.0,0.0,0.0,0.0,0.0,0.0,6000.000000000004,8.39,0.0,-7.275957614183426e-12,68593.84154550814,66435.67092369265,26.868642140595426,observed,observed
2026-06-22,Dhanmondi,0,00:00,48997.76869267758,3229.938323072438,0.0,0.0,0.0,0.0,0.0,0.0,0.0,9534.220703459403,8.39,0.0,7.275957614183426e-12,47779.03671859218,47610.75423690155,26.982126994909052,observed,observed
2026-06-22,Dhanmondi,1,00:30,45654.121237544554,0.0,0.0,0.0,0.0,0.0,0.0,0.0,0.0,9534.220703459403,8.39,0.0,0.0,47660.33079016851,47492.04830847786,26.849976856900685,observed,observed
2026-06-22,Dhanmondi,2,01:00,51407.98194784587,0.0,0.0,0.0,0.0,0.0,0.0,0.0,0.0,9534.220703459403,8.39,0.0,0.0,53667.03724601406,53498.754764323414,26.730936421146563,observed,observed
2026-06-22,Dhanmondi,3,01:30,50119.03021769876,0.0,0.0,0.0,0.0,0.0,0.0,0.0,0.0,9534.220703459403,8.39,0.0,0.0,52321.44424879628,52153.161767105645,26.62370516465227,observed,observed
2026-06-22,Dhanmondi,4,02:00,48845.169826787926,0.0,0.0,0.0,0.0,0.0,0.0,0.0,0.0,9534.220703459403,8.39,0.0,0.0,50991.60575961788,50823.323277927244,26.527111580325222,observed,observed
2026-06-22,Dhanmondi,5,02:30,44156.82060693548,0.0,0.0,0.0,0.0,0.0,0.0,0.0,0.0,9534.220703459403,8.39,0.0,0.0,46097.23327755072,45928.95079586008,26.440100378198316,observed,observed
2026-06-22,Dhanmondi,6,03:00,46821.34649764088,0.0,0.0,0.0,0.0,0.0,0.0,0.0,0.0,9534.220703459403,8.39,0.0,0.0,48878.848209732416,48710.56572804179,26.361720956331794,observed,observed
2026-06-22,Dhanmondi,7,03:30,39863.45961535374,0.0,0.0,0.0,0.0,0.0,0.0,0.0,0.0,9534.220703459403,8.39,0.0,0.0,41615.206255374345,41446.9237736837,26.291117015437266,observed,observed
2026-06-22,Dhanmondi,8,04:00,51608.73959890635,0.0,0.0,0.0,0.0,0.0,0.0,0.0,0.0,9534.220703459403,8.39,0.0,0.0,53876.61692466816,53708.33444297752,26.227517203763128,observed,observed
2026-06-22,Dhanmondi,9,04:30,52075.06003221076,10000.0,0.0,0.0,0.0,0.0,0.0,0.0,0.0,14284.220703459403,8.39,0.0,0.0,43923.9925069953,43755.71002530467,26.17022669003631,observed,observed
2026-06-22,Dhanmondi,10,05:00,62534.49420020719,0.0,0.0,0.0,0.0,0.0,0.0,0.0,0.0,14284.220703459403,8.39,0.0,0.0,65282.48926028491,65114.206778594285,26.118619572394206,observed,observed
2026-06-22,Dhanmondi,11,05:30,68729.89616799579,10000.0,0.0,0.0,0.0,0.0,0.0,0.0,0.0,19034.220703459403,8.39,0.0,7.275957614183426e-12,61310.70323476174,61142.420753071114,26.208143805526326,observed,observed
2026-06-22,Dhanmondi,12,06:00,62170.277417285564,0.0,0.0,0.0,0.0,0.0,0.0,0.0,0.0,19034.220703459403,8.39,0.0,0.0,64902.267455925656,64733.98497423502,26.778334564714182,observed,observed
2026-06-22,Dhanmondi,13,06:30,66731.92161646544,0.0,0.0,0.0,0.0,0.0,0.0,0.0,0.0,19034.220703459403,8.39,0.0,1.4551915228366852e-11,69664.36703394084,69496.0845522502,27.33941077327597,observed,observed
2026-06-22,Dhanmondi,14,07:00,74473.17275700608,0.0,0.0,0.0,0.0,0.0,0.0,0.0,0.0,19034.220703459403,8.39,0.0,1.4551915228366852e-11,77745.79714554538,77577.51466385473,27.886840085604696,observed,observed
2026-06-22,Dhanmondi,15,07:30,81461.37428017137,0.0,0.0,0.0,0.0,0.0,0.0,0.0,0.0,19034.220703459403,8.39,0.0,1.4551915228366852e-11,85041.08587729993,84872.80339560933,28.416200395039972,observed,observed
2026-06-22,Dhanmondi,16,08:00,74890.14465342584,0.0,0.0,0.0,0.0,0.0,0.0,0.0,0.0,19034.220703459403,8.39,0.0,1.4551915228366852e-11,78181.0923166027,78012.80983491208,28.923215555424864,observed,observed
2026-06-22,Dhanmondi,17,08:30,80619.45525192373,0.0,0.0,0.0,0.0,0.0,0.0,0.0,0.0,19034.220703459403,8.39,0.0,1.4551915228366852e-11,84162.16983867911,83993.88735698847,29.403789923601135,observed,observed
2026-06-22,Dhanmondi,18,09:00,94607.99153741024,0.0,0.0,0.0,0.0,0.0,0.0,0.0,0.0,19034.220703459403,8.39,0.0,1.4551915228366852e-11,98765.4137203791,98597.13123868845,29.85404144381023,observed,observed
2026-06-22,Dhanmondi,19,09:30,98132.10572210365,0.0,0.0,0.0,0.0,0.0,0.0,0.0,0.0,19034.220703459403,8.39,0.0,1.4551915228366852e-11,102444.3904092719,102276.10792758127,30.27033300674593,observed,observed
2026-06-22,Dhanmondi,20,10:00,106289.81587216989,10000.0,0.0,1482.6084731341439,0.0,0.0,0.0,0.0,0.0,23784.220703459403,8.39,0.0,1.4551915228366852e-11,98973.38385771493,98805.10137602431,30.64930182994177,observed,observed
2026-06-22,Dhanmondi,21,10:30,105590.1257636286,10000.0,0.0,1406.280090406082,0.0,0.0,0.0,0.0,0.0,28534.220703459407,8.39,0.0,1.4551915228366852e-11,98322.62933109501,98154.34684940435,30.987886622159973,observed,observed
2026-06-22,Dhanmondi,22,11:00,105860.63260746615,0.0,0.0,6783.880723891024,0.0,0.0,0.0,0.0,0.0,28534.220703459407,8.39,0.0,1.4551915228366852e-11,103430.54778816737,103262.26530647675,31.283352312349248,observed,observed
2026-06-22,Dhanmondi,23,11:30,110000.00000000001,0.0,4325.0413020735405,9004.481869053825,0.0,0.0,0.0,0.0,0.0,26371.700052422635,12.537396121883658,0.0,1.4551915228366852e-11,109722.97617037303,109554.6936886824,31.533312143412232,observed,observed
2026-06-22,Dhanmondi,24,12:00,110000.00000000001,0.0,0.0,11428.57142857143,0.0,0.0,0.0,0.0,0.0,26371.700052422635,11.994886141217172,0.0,0.0,102903.01871609145,124840.0891473318,31.735746952310194,observed,observed
2026-06-22,Dhanmondi,25,12:30,110000.00000000001,0.0,0.0,11428.571428571428,0.0,0.0,0.0,0.0,0.0,26371.700052422635,12.293097156485715,0.0,2.9103830456733704e-11,102903.01871609122,132267.66275261078,31.889021480761265,observed,observed
2026-06-22,Dhanmondi,26,13:00,110000.00000000001,2930.234439000431,0.0,11428.571428571433,0.0,0.0,0.0,0.0,0.0,27763.56141094784,8.39,0.0,0.0,99844.01902734795,119702.90128320997,31.991897584775217,observed,observed
2026-06-22,Dhanmondi,27,13:30,110000.00000000001,5860.596892824096,0.0,11428.57142857143,0.0,0.0,0.0,0.0,0.0,30547.344935039288,8.39,0.0,0.0,96784.88569834031,116725.29151816417,32.043544236318816,observed,observed
2026-06-22,Dhanmondi,28,14:00,108505.20861638233,10000.0,0.0,6517.671023196193,0.0,0.0,0.0,0.0,0.0,35297.344935039284,8.39,0.0,-1.4551915228366852e-11,96029.80741766885,116659.54866207099,32.043544236318816,observed,observed
2026-06-22,Dhanmondi,29,14:30,110000.00000000001,0.0,8512.657424667937,11415.518507948278,0.0,0.0,0.0,0.0,0.0,31041.01622270532,12.537396121883658,0.0,1.4551915228366852e-11,111359.04330653086,111190.76082484022,31.991897584775217,observed,observed
2026-06-22,Dhanmondi,30,15:00,110000.00000000001,0.0,5637.123529051987,5323.847118300391,0.0,0.0,0.0,0.0,0.0,28222.454458179327,12.537396121883658,0.0,1.4551915228366852e-11,114866.60444941638,114698.32196772574,31.889021480761265,observed,observed
2026-06-22,Dhanmondi,31,15:30,104408.08025473554,0.0,0.0,0.0,0.0,0.0,0.0,0.0,0.0,28222.454458179327,8.39,0.0,1.4551915228366852e-11,108996.15428398486,108827.8718022942,31.735746952310194,observed,observed
2026-06-22,Dhanmondi,32,16:00,102169.57997558359,0.0,0.0,4636.916283845888,0.0,0.0,0.0,0.0,0.0,28222.454458179327,8.39,0.0,1.4551915228366852e-11,101818.60669725786,101650.32421556719,31.533312143412232,observed,observed
2026-06-22,Dhanmondi,33,16:30,110000.00000000001,0.0,557.2028533302422,8038.413549008893,0.0,0.0,0.0,0.0,0.0,27943.853031514205,12.537396121883658,0.0,0.0,106994.75653950659,106826.47405781595,31.283352312349248,observed,observed
2026-06-22,Dhanmondi,34,17:00,110000.00000000001,0.0,10000.0,1081.3681493691902,0.0,0.0,0.0,0.0,0.0,22943.853031514205,49.3,0.0,1.4551915228366852e-11,123622.38090958809,123454.09842789745,30.987886622159973,observed,observed
2026-06-22,Dhanmondi,35,17:30,110000.00000000001,0.0,10000.0,4698.341529527962,0.0,0.0,0.0,0.0,0.0,17943.853031514205,49.3,0.0,1.4551915228366852e-11,119846.46445156116,119678.18196987052,30.64930182994177,observed,observed
2026-06-22,Dhanmondi,36,18:00,107666.7656860896,0.0,0.0,0.0,0.0,0.0,0.0,0.0,0.0,17943.853031514205,8.39,0.0,1.4551915228366852e-11,112398.03830648825,112229.75582479763,30.27033300674593,observed,observed
2026-06-22,Dhanmondi,37,18:30,110000.00000000001,0.0,10000.0,0.0,3067.4342693477893,0.0,0.0,0.0,0.0,12943.853031514205,29.058265757863463,0.0,1.4551915228366852e-11,127953.49692494782,127785.21444325715,29.853854500799248,observed,observed
2026-06-22,Dhanmondi,38,19:00,110000.00000000001,0.0,7695.324157168746,0.0,0.0,0.0,0.0,0.0,0.0,9096.190952929832,12.537396121883658,0.0,1.4551915228366852e-11,122465.61417647969,122297.33169478909,29.436820115790223,observed,observed
2026-06-22,Dhanmondi,39,19:30,110000.00000000001,0.0,2192.3819058596573,0.0,0.0,0.0,0.0,0.0,0.0,8000.000000000003,12.537396121883658,0.0,1.4551915228366852e-11,117008.09054308524,116839.80806139461,29.061156831104263,observed,observed
2026-06-22,Dhanmondi,40,20:00,106582.29328149637,0.0,0.0,99.13454575441708,0.0,0.0,0.0,0.0,0.0,8000.000000000003,8.39,0.0,1.4551915228366852e-11,111162.41932511311,110994.1368434225,28.722760505683773,observed,observed
2026-06-22,Dhanmondi,41,20:30,98749.98424823425,0.0,0.0,0.0,0.0,0.0,0.0,0.0,0.0,8000.000000000003,8.39,0.0,1.4551915228366852e-11,103089.42078430207,102921.13830261143,28.417934141952713,observed,observed
2026-06-22,Dhanmondi,42,21:00,94285.3342340601,0.0,0.0,0.0,0.0,0.0,0.0,0.0,0.0,8000.000000000003,8.39,0.0,1.4551915228366852e-11,98428.57767156942,98260.29518987879,28.14334749592445,observed,observed
2026-06-22,Dhanmondi,43,21:30,86415.9477665555,0.0,-0.0,0.0,0.0,0.0,0.0,0.0,0.0,8000.000000000003,8.39,0.0,1.4551915228366852e-11,90213.38149671658,90045.09901502595,27.896000694111816,observed,observed
2026-06-22,Dhanmondi,44,22:00,77717.56784537713,0.0,0.0,0.0,0.0,0.0,0.0,0.0,0.0,8000.000000000003,8.39,0.0,1.4551915228366852e-11,81132.76285497622,80964.48037328558,27.673191459752182,observed,observed
2026-06-22,Dhanmondi,45,22:30,63546.59963194721,0.0,0.0,0.0,0.0,0.0,0.0,0.0,0.0,8000.000000000003,8.39,0.0,0.0,66339.0703172342,66170.78783554357,27.472485590292294,observed,observed
2026-06-22,Dhanmondi,46,23:00,58252.51002658838,0.0,0.0,0.0,0.0,0.0,0.0,0.0,0.0,8000.000000000003,8.39,0.0,0.0,60812.33899518445,60644.056513493815,27.29169036359793,observed,observed
2026-06-22,Dhanmondi,47,23:30,57717.29691888613,0.0,0.0,0.0,0.0,0.0,0.0,0.0,0.0,8000.000000000003,8.39,0.0,0.0,60253.60666029622,60085.324178605595,27.128830582349725,observed,observed
2026-06-22,Kalyanpur,0,00:00,48166.94815699685,0.0,0.0,0.0,0.0,0.0,0.0,0.0,0.0,6000.000000000004,8.39,0.0,0.0,53080.28584122937,52531.75858079127,26.982126994909052,observed,observed
2026-06-22,Kalyanpur,1,00:30,54770.054052796026,8000.0,0.0,0.0,0.0,0.0,0.0,0.0,0.0,9800.000000000004,8.39,0.0,0.0,51540.89957786824,50992.372317430156,26.849976856900685,observed,observed
2026-06-22,Kalyanpur,2,01:00,61538.3116824784,8000.0,0.0,0.0,0.0,0.0,0.0,0.0,0.0,13600.000000000004,8.39,0.0,0.0,58999.562901515776,58451.03564107764,26.730936421146563,observed,observed
2026-06-22,Kalyanpur,3,01:30,59654.36409201575,8000.0,0.0,0.0,0.0,0.0,0.0,0.0,0.0,17400.000000000004,8.39,0.0,0.0,56923.440572035586,56374.91331159751,26.62370516465227,observed,observed
2026-06-22,Kalyanpur,4,02:00,53014.19920215117,0.0,0.0,0.0,0.0,0.0,0.0,0.0,0.0,17400.000000000004,8.39,0.0,0.0,58421.98758621767,57873.46032577953,26.527111580325222,observed,observed
2026-06-22,Kalyanpur,5,02:30,44668.973133184554,0.0,0.0,0.0,0.0,0.0,0.0,0.0,0.0,17400.000000000004,8.39,0.0,0.0,49225.4949268404,48676.96766640226,26.440100378198316,observed,observed
2026-06-22,Kalyanpur,6,03:00,42804.76421674015,0.0,0.0,0.0,0.0,0.0,0.0,0.0,0.0,17400.000000000004,8.39,0.0,0.0,47171.12474274425,46622.597482306155,26.361720956331794,observed,observed
2026-06-22,Kalyanpur,7,03:30,38097.33361710126,0.0,0.0,0.0,0.0,0.0,0.0,0.0,0.0,17400.000000000004,8.39,0.0,0.0,41983.506025607734,41434.97876516962,26.291117015437266,observed,observed
2026-06-22,Kalyanpur,8,04:00,46040.30539133579,0.0,0.0,0.0,0.0,0.0,0.0,0.0,0.0,17400.000000000004,8.39,0.0,0.0,50736.711871885556,50188.18461144744,26.227517203763128,observed,observed
2026-06-22,Kalyanpur,9,04:30,52378.197090745685,8000.0,0.0,0.0,0.0,0.0,0.0,0.0,0.0,21200.000000000004,8.39,0.0,0.0,48905.057862857626,48356.53060241953,26.17022669003631,observed,observed
2026-06-22,Kalyanpur,10,05:00,65329.728721147156,8000.0,0.0,0.0,0.0,0.0,0.0,0.0,0.0,25000.000000000004,8.39,0.0,0.0,63177.728798592834,62629.20153815474,26.118619572394206,observed,observed
2026-06-22,Kalyanpur,11,05:30,64525.01939892852,2526.315789473677,0.0,0.0,0.0,0.0,0.0,0.0,0.0,26200.0,8.39,0.0,0.0,68322.96907516403,67774.44181472587,26.208143805526326,observed,observed
2026-06-22,Kalyanpur,12,06:00,79482.21046525578,8000.0,0.0,0.0,0.0,0.0,0.0,0.0,0.0,30000.0,8.39,0.0,-1.4551915228366852e-11,78773.85446326082,78225.32720282263,26.778334564714182,observed,observed
2026-06-22,Kalyanpur,13,06:30,77529.79545529661,0.0,0.0,0.0,0.0,0.0,0.0,0.0,0.0,30000.0,8.39,0.0,-1.4551915228366852e-11,85438.331915189,84889.80465475075,27.33941077327597,observed,observed
2026-06-22,Kalyanpur,14,07:00,87508.25975851147,0.0,0.0,0.0,0.0,0.0,0.0,0.0,0.0,30000.0,8.39,0.0,-1.4551915228366852e-11,96434.66358529519,95886.13632485695,27.886840085604696,observed,observed
2026-06-22,Kalyanpur,15,07:30,88000.0,0.0,4006.934715892506,0.0,0.0,0.0,0.0,0.0,0.0,27996.532642053746,12.537396121883658,0.0,0.0,101171.44885758538,100622.92159714719,28.416200395039972,observed,observed
2026-06-22,Kalyanpur,16,08:00,84294.98337632636,0.0,0.0,0.0,0.0,0.0,0.0,0.0,0.0,27996.532642053746,8.39,0.0,-1.4551915228366852e-11,92893.6124002102,92345.08513977205,28.923215555424864,observed,observed
2026-06-22,Kalyanpur,17,08:30,78130.63190084159,0.0,0.0,0.0,0.0,0.0,0.0,0.0,0.0,27996.532642053746,8.39,0.0,-1.4551915228366852e-11,86100.45753231127,85551.93027187318,29.403789923601135,observed,observed
2026-06-22,Kalyanpur,18,09:00,88000.0,0.0,958.984232012307,0.0,0.0,0.0,0.0,0.0,0.0,27517.040526047593,12.537396121883658,0.0,0.0,97980.53092216625,97432.00366172813,29.85404144381023,observed,observed
2026-06-22,Kalyanpur,19,09:30,83127.68428693303,5227.283103057699,0.0,0.0,0.0,0.0,0.0,0.0,0.0,30000.0,8.39,0.0,-1.4551915228366852e-11,85846.74180537404,85298.21454493595,30.27033300674593,observed,observed
2026-06-22,Kalyanpur,20,10:00,88000.0,0.0,0.0,0.0,1452.956303671461,0.0,0.0,0.0,0.0,30000.0,18.25510204081633,0.0,0.0,98577.73165253256,98029.20439209444,30.64930182994177,observed,observed
2026-06-22,Kalyanpur,21,10:30,88000.0,0.0,-0.0,0.0,1378.1544885979604,0.0,0.0,0.0,0.0,30000.0,18.25510204081633,0.0,0.0,98495.29957249714,97946.77231205892,30.987886622159973,observed,observed
2026-06-22,Kalyanpur,22,11:00,88000.0,0.0,0.0,0.0,6648.2031094132035,0.0,0.0,0.0,0.0,30000.0,18.25510204081633,0.0,-1.4551915228366852e-11,104302.9269579455,103754.39969750735,31.283352312349248,observed,observed
2026-06-22,Kalyanpur,23,11:30,88000.0,0.0,0.0,0.0,8824.392231672748,0.0,0.0,0.0,0.0,30000.0,22.487138899881288,0.0,0.0,106701.10133008147,106152.5740696433,31.533312143412232,observed,observed
2026-06-22,Kalyanpur,24,12:00,88000.0,0.0,7882.954993159962,0.0,11200.0,0.0,0.0,0.0,0.0,26058.52250342002,21.933557286956297,0.5535816129249898,-1.4551915228366852e-11,117571.74994949882,117023.22268906073,31.735746952310194,observed,observed
2026-06-22,Kalyanpur,25,12:30,88000.0,0.0,8000.0,0.0,11199.999999999998,0.0,0.0,0.0,6083.693223881601,22058.52250342002,22.237854241311954,37.76214575868805,0.0,124398.55403765877,123850.02677722072,31.889021480761265,observed,observed
2026-06-22,Kalyanpur,26,13:00,88000.0,0.0,8000.0,0.0,11200.000000000004,0.0,0.0,0.0,6648.716046452806,18058.52250342002,18.25510204081633,41.744897959183675,-1.4551915228366852e-11,125021.21281253372,124472.6855520956,31.991897584775217,observed,observed
2026-06-22,Kalyanpur,27,13:30,88000.0,0.0,8000.0,0.0,11200.0,0.0,0.0,0.0,3808.577243749846,14058.52250342002,18.25510204081633,41.744897959183675,0.0,121891.36163357053,121342.83437313231,32.043544236318816,observed,observed
2026-06-22,Kalyanpur,28,14:00,88000.0,0.0,0.0,0.0,6387.31760273227,0.0,0.0,0.0,0.0,14058.52250342002,18.25510204081633,0.0,-1.4551915228366852e-11,104015.42945610406,103466.90219566601,32.043544236318816,observed,observed
2026-06-22,Kalyanpur,29,14:30,88000.0,0.0,0.0,0.0,11187.208137789312,0.0,0.0,0.0,0.0,14058.52250342002,22.487138899881288,0.0,0.0,109304.93961516583,108756.41235472784,31.991897584775217,observed,observed
2026-06-22,Kalyanpur,30,15:00,88000.0,0.0,210.17364012174585,0.0,5217.370175934383,0.0,0.0,0.0,0.0,13953.435683359146,22.487138899881288,0.0,-1.4551915228366852e-11,102946.17195163207,102397.64469119394,31.889021480761265,observed,observed
2026-06-22,Kalyanpur,31,15:30,88000.0,98.03014029653384,0.0,0.0,0.0,0.0,0.0,0.0,0.0,14000.0,17.369642857142857,0.0,0.0,96868.53464230572,96320.00738186754,31.735746952310194,observed,observed
2026-06-22,Kalyanpur,32,16:00,88000.0,0.0,0.0,0.0,4544.17795816897,0.0,0.0,0.0,0.0,14000.0,18.25510204081633,0.0,0.0,101984.27774477213,101435.75048433406,31.533312143412232,observed,observed
2026-06-22,Kalyanpur,33,16:30,88000.0,0.0,0.0,0.0,7877.6452780287145,0.0,0.0,0.0,0.0,14000.0,22.487138899881288,0.0,0.0,105657.78011415257,105109.25285371448,31.283352312349248,observed,observed
2026-06-22,Kalyanpur,34,17:00,88000.0,0.0,8000.0,0.0,1059.7407863818064,0.0,0.0,0.0,17294.22870364498,10000.0,60.0,0.0,0.0,125578.00534835638,125029.47808791825,30.987886622159973,observed,observed
2026-06-22,Kalyanpur,35,17:30,88000.0,0.0,8000.0,0.0,4604.374698937402,0.0,0.0,0.0,6275.094420218399,6000.0,60.0,0.0,0.0,117341.05799364687,116792.5307332087,30.64930182994177,observed,observed
2026-06-22,Kalyanpur,36,18:00,88000.0,3.979039320256561e-13,0.0,0.0,0.0,0.0,0.0,0.0,0.0,6000.0,16.7514386336958,0.0,0.0,96976.56448573753,118842.73081671617,30.27033300674593,observed,observed
2026-06-22,Kalyanpur,37,18:30,88000.0,0.0,0.0,3130.034968722234,0.0,0.0,0.0,0.0,0.0,6000.0,18.977100442706192,0.0,0.0,93527.24587225003,135546.78899711053,29.853854500799248,observed,observed
2026-06-22,Kalyanpur,38,19:00,88000.0,2844.157788950659,0.0,0.0,0.0,0.0,0.0,0.0,0.0,7350.974949751563,13.550229591836736,0.0,0.0,93842.28435814919,115799.45338581798,29.436820115790223,observed,observed
2026-06-22,Kalyanpur,39,19:30,88000.0,0.0,0.0,0.0,0.0,0.0,0.0,0.0,0.0,7350.974949751563,18.194579159758554,0.0,0.0,96976.5644857377,122118.69169775168,29.061156831104263,observed,observed
2026-06-22,Kalyanpur,40,20:00,88000.0,0.0,2701.9498995031263,0.0,97.15185483932873,0.0,0.0,0.0,0.0,6000.0,18.25510204081633,0.0,-1.4551915228366852e-11,99912.31426811051,126068.38560194426,28.722760505683773,observed,observed
2026-06-22,Kalyanpur,41,20:30,88000.0,3296.198757466081,0.0,0.0,0.0,0.0,0.0,0.0,0.0,7565.694409796389,11.130339571410213,0.0,1.4551915228366852e-11,93344.13231117825,112483.35309395024,28.417934141952713,observed,observed
2026-06-22,Kalyanpur,42,21:00,88000.0,0.0,3131.388819592777,0.0,0.0,0.0,0.0,0.0,0.0,6000.0,15.573783458626275,0.0,0.0,100254.83452327739,99706.30726283927,28.14334749592445,observed,observed
2026-06-22,Kalyanpur,43,21:30,83912.71937146001,-0.0,0.0,0.0,0.0,0.0,0.0,0.0,0.0,6000.0,8.39,0.0,-1.4551915228366852e-11,92472.35501477277,91923.82775433458,27.896000694111816,observed,observed
2026-06-22,Kalyanpur,44,22:00,80807.96801143711,0.0,0.0,0.0,0.0,0.0,0.0,0.0,0.0,6000.0,8.39,0.0,-1.4551915228366852e-11,89050.8991002562,88502.3718398182,27.673191459752182,observed,observed
2026-06-22,Kalyanpur,45,22:30,72445.6000439542,-0.0,0.0,0.0,0.0,0.0,0.0,0.0,0.0,6000.0,8.39,0.0,-1.4551915228366852e-11,79835.51595875547,79286.98869831735,27.472485590292294,observed,observed
2026-06-22,Kalyanpur,46,23:00,60103.56656477476,0.0,0.0,0.0,0.0,0.0,0.0,0.0,0.0,6000.0,8.39,0.0,0.0,66234.51589536025,65685.98863492215,27.29169036359793,observed,observed
2026-06-22,Kalyanpur,47,23:30,61287.96274018285,0.0,0.0,0.0,0.0,0.0,0.0,0.0,0.0,6000.0,8.39,0.0,0.0,67539.72807810029,66991.20081766219,27.128830582349725,observed,observed
2026-06-23,Dhanmondi,0,00:00,38794.965187746064,0.0,0.0,0.0,0.0,0.0,0.0,0.0,0.0,8000.000000000003,8.39,0.0,0.0,48088.99031318134,48088.99031318134,27.30389018061065,observed,observed
2026-06-23,Dhanmondi,1,00:30,38677.45812849625,0.0,0.0,0.0,0.0,0.0,0.0,0.0,0.0,8000.000000000003,8.39,0.0,0.0,47943.332344250375,47943.332344250375,27.146965592772986,observed,observed
2026-06-23,Dhanmondi,2,01:00,43587.55076961266,0.0,0.0,0.0,0.0,0.0,0.0,0.0,0.0,8000.000000000003,8.39,0.0,0.0,54029.725161276336,54029.725161276336,27.005607541661607,observed,observed
2026-06-23,Dhanmondi,3,01:30,42443.45733028359,0.0,0.0,0.0,0.0,0.0,0.0,0.0,0.0,8000.000000000003,8.39,0.0,0.0,52611.54375410116,52611.54375410116,26.878271864765146,observed,observed
2026-06-23,Dhanmondi,4,02:00,41330.085586005545,0.0,0.0,0.0,0.0,0.0,0.0,0.0,0.0,8000.000000000003,8.39,0.0,0.0,51231.44397139872,51231.44397139872,26.763567576730612,observed,observed
2026-06-23,Dhanmondi,5,02:30,37313.885106873095,0.0,0.0,0.0,0.0,0.0,0.0,0.0,0.0,8000.000000000003,8.39,0.0,0.0,46253.091110347596,46253.091110347596,26.660241674562535,observed,observed
2026-06-23,Dhanmondi,6,03:00,39564.07849874822,0.0,0.0,0.0,0.0,0.0,0.0,0.0,0.0,8000.000000000003,8.39,0.0,0.0,49042.358421221405,49042.358421221405,26.567165450109336,observed,observed
2026-06-23,Dhanmondi,7,03:30,33608.42704997286,0.0,0.0,0.0,0.0,0.0,0.0,0.0,0.0,8000.000000000003,8.39,0.0,0.0,41659.92455531072,41659.92455531072,26.483322160317677,observed,observed
2026-06-23,Dhanmondi,8,04:00,43611.65610621584,0.0,0.0,0.0,0.0,0.0,0.0,0.0,0.0,8000.000000000003,8.39,0.0,0.0,54059.6053607506,54059.6053607506,26.407795920567562,observed,observed
2026-06-23,Dhanmondi,9,04:30,35474.98394868946,0.0,0.0,0.0,0.0,0.0,0.0,0.0,0.0,8000.000000000003,8.39,0.0,0.0,43973.64841579086,43973.64841579086,26.339761699761507,observed,observed
2026-06-23,Dhanmondi,10,05:00,52780.73866670297,0.0,0.0,0.0,0.0,0.0,0.0,0.0,0.0,8000.000000000003,8.39,0.0,0.0,65425.30501528463,65425.30501528463,26.278476307876495,observed,observed
2026-06-23,Dhanmondi,11,05:30,49530.30914507755,0.0,0.0,0.0,0.0,0.0,0.0,0.0,0.0,8000.000000000003,8.39,0.0,0.0,61396.177188447546,61396.177188447546,26.38433664982912,observed,observed
2026-06-23,Dhanmondi,12,06:00,52464.564206548355,0.0,0.0,0.0,0.0,0.0,0.0,0.0,0.0,8000.000000000003,8.39,0.0,0.0,65033.385329880366,65033.385329880366,27.061466719928713,observed,observed
2026-06-23,Dhanmondi,13,06:30,56396.87062510856,0.0,0.0,0.0,0.0,0.0,0.0,0.0,0.0,8000.000000000003,8.39,0.0,0.0,69907.74581339829,69907.74581339829,27.72777547703782,observed,observed
2026-06-23,Dhanmondi,14,07:00,67934.8656422402,0.0,0.0,4725.081408159561,0.0,0.0,0.0,0.0,0.0,8000.000000000003,8.39,0.0,0.0,78352.81426392714,78352.81426392714,28.377880131405014,observed,observed
2026-06-23,Dhanmondi,15,07:30,71298.44464283147,0.0,0.0,2074.8105095545075,0.0,0.0,0.0,0.0,0.0,8000.000000000003,8.39,0.0,0.0,85807.38905598616,85807.38905598616,29.006528798474456,observed,observed
2026-06-23,Dhanmondi,16,08:00,65552.86060848107,0.0,0.0,1689.3787116022595,0.0,0.0,0.0,0.0,0.0,8000.000000000003,8.39,0.0,0.0,79163.11684886103,79163.11684886103,29.60864292634923,observed,observed
2026-06-23,Dhanmondi,17,08:30,68966.37019935531,0.0,0.0,0.0,0.0,0.0,0.0,0.0,0.0,8000.000000000003,8.39,0.0,0.0,85488.49296299012,85488.49296299012,30.179358322983028,observed,observed
2026-06-23,Dhanmondi,18,09:00,89083.46546651752,0.0,0.0,7606.078873261445,0.0,0.0,0.0,0.0,0.0,8000.000000000003,8.39,0.0,0.0,100996.74624438201,100996.74624438201,30.714064451661145,observed,observed
2026-06-23,Dhanmondi,19,09:30,84909.78645228513,0.0,0.0,0.0,0.0,0.0,0.0,0.0,0.0,8000.000000000003,8.39,0.0,0.0,105251.43864513586,105251.43864513586,31.20844167732136,observed,observed
2026-06-23,Dhanmondi,20,10:00,91114.53828958872,0.0,0.0,8934.737428225084,0.0,0.0,0.0,0.0,0.0,8000.000000000003,8.39,0.0,0.0,101867.43636541694,101867.43636541694,31.65849616281951,observed,observed
2026-06-23,Dhanmondi,21,10:30,90605.1798489294,0.0,0.0,8904.794195580793,0.0,0.0,0.0,0.0,0.0,8000.000000000003,8.39,0.0,0.0,101273.16870252165,101273.16870252165,32.06059213322952,observed,observed
2026-06-23,Dhanmondi,22,11:00,97163.40275146045,0.0,0.0,11428.571428571437,0.0,0.0,0.0,0.0,0.0,8000.000000000003,8.39,0.0,0.0,106274.13771441979,106274.13771441979,32.41148124753003,observed,observed
2026-06-23,Dhanmondi,23,11:30,102700.41022853307,0.0,0.0,11428.571428571437,0.0,0.0,0.0,0.0,0.0,8000.000000000003,8.39,0.0,0.0,113137.63398617473,113137.63398617473,32.70832884039779,observed,observed
2026-06-23,Dhanmondi,24,12:00,104852.27002195477,0.0,0.0,15734.622922889228,0.0,0.0,0.0,0.0,0.0,8000.000000000003,8.39,0.0,0.0,110467.36728182803,129276.19760245578,32.94873682211304,observed,observed
2026-06-23,Dhanmondi,25,12:30,110000.00000000001,0.0,0.0,15773.149734089035,0.0,0.0,0.0,0.0,0.0,8000.000000000003,8.39,0.0,0.0,116800.57109859824,136972.24379221734,33.130763051579265,observed,observed
2026-06-23,Dhanmondi,26,13:00,104297.05769608193,0.0,0.0,19591.836734693887,0.0,0.0,0.0,0.0,0.0,8000.000000000003,8.39,0.0,0.0,104997.86584612561,124370.31386437202,33.25293702595224,observed,observed
2026-06-23,Dhanmondi,27,13:30,102752.02054804808,0.0,0.0,19591.836734693887,0.0,0.0,0.0,0.0,0.0,8000.000000000003,8.39,0.0,0.0,103082.68752116157,121253.17449410156,33.31427176012916,observed,observed
2026-06-23,Dhanmondi,28,14:00,106499.56000355615,4823.174642819434,0.0,19591.836734693887,0.0,0.0,0.0,0.0,0.0,10291.007955339233,8.39,0.0,0.0,101749.36476000407,121425.21447702177,33.31427176012916,observed,observed
2026-06-23,Dhanmondi,29,14:30,104749.4626008031,0.0,0.0,11428.571428571437,0.0,0.0,0.0,0.0,0.0,10291.007955339233,8.39,0.0,0.0,115677.57336244253,115677.57336244253,33.25293702595224,observed,observed
2026-06-23,Dhanmondi,30,15:00,107739.81079378442,0.0,0.0,11428.571428571437,0.0,0.0,0.0,0.0,0.0,10291.007955339233,8.39,0.0,0.0,119384.3127444575,119384.3127444575,33.130763051579265,observed,observed
2026-06-23,Dhanmondi,31,15:30,99017.14016496649,0.0,0.0,7798.689210116818,0.0,0.0,0.0,0.0,0.0,10291.007955339233,8.39,0.0,0.0,113071.45613154832,113071.45613154832,32.94873682211304,observed,observed
2026-06-23,Dhanmondi,32,16:00,96426.86543191527,0.0,0.0,11428.571428571437,0.0,0.0,0.0,0.0,0.0,10291.007955339233,8.39,0.0,0.0,105361.14975700069,105361.14975700069,32.7083288403978,observed,observed
2026-06-23,Dhanmondi,33,16:30,100709.45000487422,0.0,0.0,11428.571428571437,0.0,0.0,0.0,0.0,0.0,10291.007955339233,8.39,0.0,0.0,110669.70376775293,110669.70376775293,32.41148124753003,observed,observed
2026-06-23,Dhanmondi,34,17:00,110000.00000000001,0.0,4114.190150894316,11428.571428571437,0.0,0.0,0.0,0.0,0.0,8233.912879892076,12.537396121883658,0.0,0.0,127030.79736444251,127030.79736444251,32.06059213322953,observed,observed
2026-06-23,Dhanmondi,35,17:30,110000.00000000001,0.0,467.82575978415196,11428.571428571437,0.0,0.0,0.0,0.0,0.0,8000.0,12.537396121883658,0.0,0.0,122736.87721315127,122736.87721315127,31.65849616281951,observed,observed
2026-06-23,Dhanmondi,36,18:00,100378.56596317903,0.0,0.0,7531.14608332241,0.0,0.0,0.0,0.0,0.0,8000.0,8.39,0.0,0.0,115090.67358608224,115090.67358608224,31.20844167732136,observed,observed
2026-06-23,Dhanmondi,37,18:30,110000.00000000001,0.0,0.0,4709.504225770128,0.0,0.0,0.0,0.0,0.0,8000.0,12.431230929381037,0.0,0.0,130514.7100107805,130514.7100107805,30.71383920479431,observed,observed
2026-06-23,Dhanmondi,38,19:00,102746.2834688217,0.0,0.0,1860.630000673715,0.0,0.0,0.0,0.0,0.0,8000.0,8.39,0.0,0.0,125054.6092486545,125054.6092486545,30.218655982977474,observed,observed
2026-06-23,Dhanmondi,39,19:30,103159.90376483476,0.0,0.0,7098.610130867984,0.0,0.0,0.0,0.0,0.0,8000.0,8.39,0.0,0.0,119074.48805997713,119074.48805997713,29.77259373012329,observed,observed
2026-06-23,Dhanmondi,40,20:00,101053.50920942318,0.0,0.0,9887.681748321766,0.0,0.0,0.0,0.0,0.0,8000.0,8.39,0.0,0.0,113006.22574227335,113006.22574227335,29.370779765806574,observed,observed
2026-06-23,Dhanmondi,41,20:30,84536.46008904453,0.0,0.0,0.0,0.0,0.0,0.0,0.0,0.0,8000.0,8.39,0.0,0.0,104788.6752999788,104788.6752999788,29.00882476762677,observed,observed
2026-06-23,Dhanmondi,42,21:00,88945.1014370665,0.0,0.0,8292.686785819695,0.0,0.0,0.0,0.0,0.0,8000.0,8.39,0.0,0.0,99974.13757503692,99974.13757503692,28.682774823269742,observed,observed
2026-06-23,Dhanmondi,43,21:30,75617.47688454794,0.0,0.0,1747.745827487211,0.0,0.0,0.0,0.0,0.0,8000.0,8.39,0.0,0.0,91566.54127794798,91566.54127794798,28.389068238888186,observed,observed
2026-06-23,Dhanmondi,44,22:00,66308.90460615397,0.0,0.0,0.0,0.0,0.0,0.0,0.0,0.0,8000.0,8.39,0.0,0.0,82194.38413854303,82194.38413854303,28.12449663198548,observed,observed
2026-06-23,Dhanmondi,45,22:30,54042.59194715279,0.0,0.0,0.0,0.0,0.0,0.0,0.0,0.0,8000.0,8.39,0.0,0.0,66989.45773166274,66989.45773166274,27.886169883790593,observed,observed
2026-06-23,Dhanmondi,46,23:00,49545.862101768376,0.0,0.0,0.0,0.0,0.0,0.0,0.0,0.0,8000.0,8.39,0.0,0.0,61415.45613302262,61415.45613302262,27.67148456827208,observed,observed
2026-06-23,Dhanmondi,47,23:30,49049.218313927406,0.0,0.0,0.0,0.0,0.0,0.0,0.0,0.0,8000.0,8.39,0.0,0.0,60799.83247704033,60799.83247704033,27.47809551291689,observed,observed
2026-06-23,Kalyanpur,0,00:00,51152.09505251003,0.0,0.0,0.0,0.0,0.0,0.0,0.0,0.0,6000.0,8.39,0.0,0.0,53444.20386056336,53036.72190469373,27.30389018061065,observed,observed
2026-06-23,Kalyanpur,1,00:30,49594.038168391664,0.0,0.0,0.0,0.0,0.0,0.0,0.0,0.0,6000.0,8.39,0.0,0.0,51816.33095221626,51408.84899634665,27.146965592772986,observed,observed
2026-06-23,Kalyanpur,2,01:00,64848.42945728688,8000.0,0.0,0.0,0.0,0.0,0.0,0.0,0.0,9800.0,8.39,0.0,0.0,59395.78916463191,58988.30720876226,27.005607541661607,observed,observed
2026-06-23,Kalyanpur,3,01:30,62787.85191924531,8000.0,0.0,0.0,0.0,0.0,0.0,0.0,0.0,13600.0,8.39,0.0,0.0,57242.877814656036,56835.395858786425,26.878271864765146,observed,observed
2026-06-23,Kalyanpur,4,02:00,56214.678404227474,0.0,0.0,0.0,0.0,0.0,0.0,0.0,0.0,13600.0,8.39,0.0,0.0,58733.63993219509,58326.157976325456,26.763567576730612,observed,observed
2026-06-23,Kalyanpur,5,02:30,55293.023473282796,8000.0,0.0,0.0,0.0,0.0,0.0,0.0,0.0,17400.0,8.39,0.0,0.0,49412.20853405708,49004.72657818743,26.660241674562535,observed,observed
2026-06-23,Kalyanpur,6,03:00,53268.73534894058,8000.0,0.0,0.0,0.0,0.0,0.0,0.0,0.0,21200.0,8.39,0.0,0.0,47297.21271465216,46889.73075878249,26.567165450109336,observed,observed
2026-06-23,Kalyanpur,7,03:30,40209.50326709587,0.0,0.0,0.0,0.0,0.0,0.0,0.0,0.0,21200.0,8.39,0.0,0.0,42011.27808221043,41603.796126340814,26.483322160317677,observed,observed
2026-06-23,Kalyanpur,8,04:00,48695.731043305095,0.0,0.0,0.0,0.0,0.0,0.0,0.0,0.0,21200.0,8.39,0.0,0.0,50877.77097587042,50470.28902000082,26.407795920567562,observed,observed
2026-06-23,Kalyanpur,9,04:30,46896.10805537395,0.0,0.0,0.0,0.0,0.0,0.0,0.0,0.0,21200.0,8.39,0.0,0.0,48997.507464856564,48590.02550898694,26.339761699761507,observed,observed
2026-06-23,Kalyanpur,10,05:00,63040.61076367465,2526.315789473684,0.0,0.0,0.0,0.0,0.0,0.0,0.0,22400.0,8.39,0.0,0.0,63225.92092776392,62818.43897189426,26.278476307876495,observed,observed
2026-06-23,Kalyanpur,11,05:30,73497.47486042499,8000.0,0.0,0.0,0.0,0.0,0.0,0.0,0.0,26200.0,8.39,0.0,7.275957614183426e-12,68432.39549033702,68024.91353446737,26.38433664982912,observed,observed
2026-06-23,Kalyanpur,12,06:00,83614.51062764518,8000.0,0.0,0.0,0.0,0.0,0.0,0.0,0.0,30000.0,8.39,0.0,0.0,79002.77235276818,78595.29039689846,27.061466719928713,observed,observed
2026-06-23,Kalyanpur,13,06:30,82094.70042562002,4.786814219857517e-13,0.0,0.0,0.0,0.0,0.0,0.0,0.0,30000.0,8.39,0.0,-1.4551915228366852e-11,85773.33735626584,85365.85540039613,27.72777547703782,observed,observed
2026-06-23,Kalyanpur,14,07:00,88000.0,0.0,0.0,0.0,4630.579779996369,0.0,0.0,0.0,0.0,30000.0,18.25510204081633,0.0,0.0,96781.3260513048,96373.84409543511,28.377880131405014,observed,observed
2026-06-23,Kalyanpur,15,07:30,88000.0,0.0,8000.0,0.0,2033.3142993634174,0.0,0.0,0.0,0.0,26000.0,18.25510204081633,0.0,0.0,102008.23148379708,101600.74952792746,29.006528798474456,observed,observed
2026-06-23,Kalyanpur,16,08:00,88000.0,0.0,281.69394573581667,0.0,1655.5911373702143,0.0,0.0,0.0,0.0,25859.15302713209,18.25510204081633,0.0,0.0,93952.62986355803,93545.14790768841,29.60864292634923,observed,observed
2026-06-23,Kalyanpur,17,08:30,88000.0,4481.952868418033,0.0,0.0,0.0,0.0,0.0,0.0,0.0,27988.080639630658,13.550229591836736,0.0,0.0,87260.46376701401,86852.98181114435,30.179358322983028,observed,observed
2026-06-23,Kalyanpur,18,09:00,88000.0,0.0,0.0,0.0,7453.9572957962155,0.0,0.0,0.0,0.0,27988.080639630658,18.25510204081633,0.0,1.4551915228366852e-11,99731.21819892533,99323.73624305562,30.714064451661145,observed,observed
2026-06-23,Kalyanpur,19,09:30,88000.0,4235.619706040721,0.0,0.0,0.0,0.0,0.0,0.0,0.0,30000.0,13.55022959183677,0.0,1.4551915228366852e-11,87517.83503859527,87110.3530827256,31.20844167732136,observed,observed
2026-06-23,Kalyanpur,20,10:00,88000.0,0.0,0.0,0.0,8756.042679660583,0.0,0.0,0.0,0.0,30000.0,18.25510204081633,0.0,0.0,101091.64960701656,100684.16765114694,31.65849616281951,observed,observed
2026-06-23,Kalyanpur,21,10:30,88000.0,0.0,0.0,0.0,8726.698311669177,0.0,0.0,0.0,0.0,30000.0,18.25510204081633,0.0,0.0,101060.99032740195,100653.50837153225,32.06059213322952,observed,observed
2026-06-23,Kalyanpur,22,11:00,88000.0,0.0,3395.9508237159216,0.0,11200.000000000007,0.0,0.0,0.0,0.0,28302.024588142038,18.25510204081633,5.2131550681214325,1.4551915228366852e-11,107015.83602910984,106608.35407324017,32.41148124753003,observed,observed
2026-06-23,Kalyanpur,23,11:30,88000.0,0.0,5785.593751986989,0.0,11200.000000000007,0.0,0.0,0.0,0.0,25409.227712148542,18.25510204081633,5.2131550681214325,0.0,109387.72198016029,108980.24002429069,32.70832884039779,observed,observed
2026-06-23,Kalyanpur,24,12:00,88000.0,4219.930464431436,8000.0,0.0,15419.930464431443,0.0,0.0,0.0,8849.525246949153,23413.694682753474,18.25510204081633,41.744897959183675,0.0,120831.74300740656,120424.26105153687,32.94873682211304,observed,observed
2026-06-23,Kalyanpur,25,12:30,88000.0,4257.686739407247,8000.0,0.0,15457.686739407254,0.0,0.0,0.0,15718.580471307476,21436.095883971917,18.25510204081633,41.744897959183675,0.0,128008.59837106682,127601.11641519728,33.130763051579265,observed,observed
2026-06-23,Kalyanpur,26,13:00,88000.0,8000.0,8000.0,0.0,19200.000000000007,0.0,0.0,0.0,16911.266384649687,21236.095883971917,18.25510204081633,41.744897959183675,1.4551915228366852e-11,129254.72815380301,128847.24619793343,33.25293702595224,observed,observed
2026-06-23,Kalyanpur,27,13:30,88000.0,8000.0,8000.0,0.0,19200.000000000007,0.0,0.0,0.0,14033.071133860358,21036.095883971917,18.25510204081633,41.744897959183675,0.0,126247.56190624693,125840.07995037732,33.31427176012916,observed,observed
2026-06-23,Kalyanpur,28,14:00,88000.0,8000.0,3941.7188508082245,0.0,19200.000000000007,0.0,0.0,0.0,0.0,22865.236458567804,18.25510204081633,5.2131550681214325,0.0,107557.54855890998,107150.06660304034,33.31427176012916,observed,observed
2026-06-23,Kalyanpur,29,14:30,88000.0,0.0,8000.0,0.0,11200.000000000007,0.0,0.0,0.0,1539.1223774453683,18865.236458567804,18.25510204081633,41.744897959183675,0.0,113193.7633536007,112786.28139773115,33.25293702595224,observed,observed
2026-06-23,Kalyanpur,30,15:00,88000.0,0.0,2794.305145680586,0.0,11200.000000000007,0.0,0.0,0.0,0.0,17468.083885727512,18.25510204081633,5.2131550681214325,0.0,106418.66106444888,106011.17910857935,33.130763051579265,observed,observed
2026-06-23,Kalyanpur,31,15:30,88000.0,0.0,0.0,0.0,7642.715425914481,0.0,0.0,0.0,0.0,17468.083885727512,18.25510204081633,0.0,0.0,99928.43451970397,99520.95256383435,32.94873682211304,observed,observed
2026-06-23,Kalyanpur,32,16:00,88000.0,0.0,1511.4670027019672,0.0,11200.000000000007,0.0,0.0,0.0,0.0,16712.35038437653,18.25510204081633,5.2131550681214325,1.4551915228366852e-11,105145.35544510104,104737.87348923137,32.7083288403978,observed,observed
2026-06-23,Kalyanpur,33,16:30,88000.0,0.0,5424.700768753062,0.0,11200.000000000007,0.0,0.0,0.0,0.0,13999.999999999996,18.25510204081633,5.2131550681214325,1.4551915228366852e-11,109029.51072330751,108622.02876743794,32.41148124753003,observed,observed
2026-06-23,Kalyanpur,34,17:00,88000.0,0.0,8000.0,0.0,11200.000000000007,0.0,0.0,0.0,16014.045402264412,9999.999999999996,22.487138899881288,37.51286110011871,1.4551915228366852e-11,128317.3029898611,127909.82103399148,32.06059213322953,observed,observed
2026-06-23,Kalyanpur,35,17:30,88000.0,0.0,8000.0,0.0,11200.000000000007,0.0,0.0,0.0,7653.394534634033,5999.999999999997,22.487138899881288,37.51286110011871,1.4551915228366852e-11,119582.01406537143,119174.5321095018,31.65849616281951,observed,observed
2026-06-23,Kalyanpur,36,18:00,88000.0,0.0,0.0,0.0,7380.523161655961,0.0,0.0,0.0,0.0,5999.999999999997,18.25510204081633,0.0,0.0,99654.49350502387,121211.87983681097,31.20844167732136,observed,observed
2026-06-23,Kalyanpur,37,18:30,88000.0,0.0,4.691077935460367e-11,0.0,4615.314141254726,0.0,0.0,0.0,0.0,5999.999999999974,22.378807070796977,0.0,0.0,96765.37636423658,137914.87723723636,30.71383920479431,observed,observed
2026-06-23,Kalyanpur,38,19:00,88000.0,0.0,0.0,0.0,1823.4174006602407,0.0,0.0,0.0,0.0,5999.999999999974,18.25510204081633,0.0,0.0,93848.37563515994,117993.22310665846,30.218655982977474,observed,observed
2026-06-23,Kalyanpur,39,19:30,88000.0,0.0,0.0,0.0,6956.637928250624,0.0,0.0,0.0,0.0,5999.999999999974,18.25510204081633,0.0,0.0,99211.61411163183,124186.30174081164,29.77259373012329,observed,observed
2026-06-23,Kalyanpur,40,20:00,88000.0,0.0,0.0,0.0,9689.92811335533,0.0,0.0,0.0,0.0,5999.999999999974,18.25510204081633,0.0,0.0,102067.38214445334,128075.15955521827,29.370779765806574,observed,observed
2026-06-23,Kalyanpur,41,20:30,88000.0,1030.571255620831,0.0,0.0,0.0,0.0,0.0,0.0,0.0,6489.521346419869,13.550229591836736,0.0,0.0,90866.50067176989,114183.91357346973,29.00882476762677,observed,observed
2026-06-23,Kalyanpur,42,21:00,88000.0,0.0,979.0426928397405,0.0,8126.833050103301,0.0,0.0,0.0,0.0,5999.999999999998,18.25510204081633,0.0,1.4551915228366852e-11,101406.01291259592,100998.53095672632,28.682774823269742,observed,observed
2026-06-23,Kalyanpur,43,21:30,88000.0,0.0,-0.0,0.0,1712.7909109374668,0.0,0.0,0.0,0.0,5999.999999999998,18.25510204081633,0.0,1.4551915228366852e-11,93732.7920082712,93325.31005240152,28.389068238888186,observed,observed
2026-06-23,Kalyanpur,44,22:00,86245.88241044266,-0.0,0.0,0.0,0.0,0.0,0.0,0.0,0.0,5999.999999999998,8.39,0.0,-1.4551915228366852e-11,90110.53246100999,89703.05050514039,28.12449663198548,observed,observed
2026-06-23,Kalyanpur,45,22:30,77203.59378056604,-0.0,0.0,0.0,0.0,0.0,0.0,0.0,0.0,5999.999999999998,8.39,0.0,0.0,80663.06180697141,80255.5798511018,27.886169883790593,observed,observed
2026-06-23,Kalyanpur,46,23:00,63982.89584885592,0.0,0.0,0.0,0.0,0.0,0.0,0.0,0.0,5999.999999999998,8.39,0.0,0.0,66849.94868392304,66442.46672805342,27.67148456827208,observed,observed
2026-06-23,Kalyanpur,47,23:30,65221.83127973305,0.0,0.0,0.0,0.0,0.0,0.0,0.0,0.0,5999.999999999998,8.39,0.0,0.0,68144.40041009184,67736.91845422222,27.47809551291689,observed,observed
2026-06-24,Dhanmondi,0,00:00,58459.773943490145,10000.0,0.0,0.0,0.0,0.0,0.0,0.0,0.0,12750.0,8.39,0.0,0.0,49177.35319176169,48158.81866762635,27.350871566777297,observed,observed
2026-06-24,Dhanmondi,1,00:30,58351.79769000411,10000.0,0.0,0.0,0.0,0.0,0.0,0.0,0.0,17500.0,8.39,0.0,7.275957614183426e-12,49067.77805506797,48049.243530932596,27.21666544243344,observed,observed
2026-06-24,Dhanmondi,2,01:00,54416.7668887918,0.0,0.0,0.0,0.0,0.0,0.0,0.0,0.0,17500.0,8.39,0.0,7.275957614183426e-12,55222.555680191486,54204.021156056144,27.095770903804198,observed,observed
2026-06-24,Dhanmondi,3,01:30,53040.2145141388,0.0,0.0,0.0,0.0,0.0,0.0,0.0,0.0,17500.0,8.39,0.0,7.275957614183426e-12,53825.61968964789,52807.08516551254,26.986867606418674,observed,observed
2026-06-24,Dhanmondi,4,02:00,51700.5029277343,0.0,0.0,0.0,0.0,0.0,0.0,0.0,0.0,17500.0,8.39,0.0,7.275957614183426e-12,52466.07001579803,51447.53549166268,26.88876616762819,observed,observed
2026-06-24,Dhanmondi,5,02:30,54153.62869947106,7368.421052631579,0.0,0.0,0.0,0.0,0.0,0.0,0.0,21000.0,8.39,0.0,-7.275957614183426e-12,47477.99036952819,46459.45584539278,26.800395176815183,observed,observed
2026-06-24,Dhanmondi,6,03:00,49574.903862427454,0.0,0.0,0.0,0.0,0.0,0.0,0.0,0.0,21000.0,8.39,0.0,7.275957614183426e-12,50308.9956534502,49290.46112931487,26.720789494028498,observed,observed
2026-06-24,Dhanmondi,7,03:30,52236.720809621474,10000.0,0.0,0.0,0.0,0.0,0.0,0.0,0.0,25750.0,8.39,0.0,0.0,42862.150767329666,41843.61624319428,26.649079709249193,observed,observed
2026-06-24,Dhanmondi,8,04:00,54613.70682797478,0.0,0.0,0.0,0.0,0.0,0.0,0.0,0.0,25750.0,8.39,0.0,7.275957614183426e-12,55422.41185281953,54403.87732868417,26.58448264716666,observed,observed
2026-06-24,Dhanmondi,9,04:30,54571.96038152659,10000.0,0.0,0.0,0.0,0.0,0.0,0.0,0.0,30500.0,8.39,0.0,7.275957614183426e-12,45231.96993629391,44213.4354121585,26.526292813763348,observed,observed
2026-06-24,Dhanmondi,10,05:00,65849.03093851694,0.0,0.0,0.0,0.0,0.0,0.0,0.0,0.0,30500.0,8.39,0.0,7.275957614183426e-12,66824.10560921954,65805.57108508419,26.473874691292416,observed,observed
2026-06-24,Dhanmondi,11,05:30,71758.56061282386,10000.0,0.0,0.0,0.0,0.0,0.0,0.0,0.0,35250.0,8.39,0.0,7.275957614183426e-12,62673.06470338275,61654.53017924744,26.56372105919652,observed,observed
2026-06-24,Dhanmondi,12,06:00,65172.957348168406,0.0,0.0,0.0,0.0,0.0,0.0,0.0,0.0,35250.0,8.39,0.0,7.275957614183426e-12,66138.02090368696,65119.48637955166,27.1428893879383,observed,observed
2026-06-24,Dhanmondi,13,06:30,69875.71227741918,0.0,0.0,0.0,0.0,0.0,0.0,0.0,0.0,35250.0,8.39,0.0,0.0,70910.41295817238,69891.87843403692,27.712806057598225,observed,observed
2026-06-24,Dhanmondi,14,07:00,85060.79845435027,0.0,0.0,7017.218920811411,0.0,0.0,0.0,0.0,0.0,35250.0,8.39,0.0,0.0,79199.22778727203,78180.69326313667,28.26886639774199,observed,observed
2026-06-24,Dhanmondi,15,07:30,91905.93908625918,0.0,0.0,6658.885903887528,0.0,0.0,0.0,0.0,0.0,35250.0,8.39,0.0,0.0,86509.36852893727,85490.83400480199,28.80657769084744,observed,observed
2026-06-24,Dhanmondi,16,08:00,92378.12406383512,10000.0,0.0,3841.1594448763262,0.0,0.0,0.0,0.0,0.0,40000.0,8.39,0.0,0.0,79699.91878582136,78681.38426168605,29.32159547144205,observed,observed
2026-06-24,Dhanmondi,17,08:30,84542.88008218346,0.0,0.0,0.0,0.0,0.0,0.0,0.0,0.0,40000.0,8.39,0.0,0.0,85794.76822361044,84776.23369947504,29.809758627430504,observed,observed
2026-06-24,Dhanmondi,18,09:00,108359.92255993461,0.0,0.0,9062.06266013311,0.0,0.0,0.0,0.0,0.0,40000.0,8.39,0.0,0.0,100768.23579847913,99749.70127434378,30.26712302000943,observed,observed
2026-06-24,Dhanmondi,19,09:30,103098.98654148543,0.0,0.0,0.0,0.0,0.0,0.0,0.0,0.0,40000.0,8.39,0.0,0.0,104625.6484971576,103607.1139730222,30.68999335053548,observed,observed
2026-06-24,Dhanmondi,20,10:00,109498.46552878805,0.0,0.0,9858.657974497917,0.0,0.0,0.0,0.0,0.0,40000.0,8.39,0.0,-1.4551915228366852e-11,101115.24692150847,100096.71239737318,31.074953016876844,observed,observed
2026-06-24,Dhanmondi,21,10:30,108706.26838318867,0.0,0.0,9745.649707681012,0.0,0.0,0.0,0.0,0.0,40000.0,8.39,0.0,-1.4551915228366852e-11,100426.00079719207,99407.46627305672,31.418891718022216,observed,observed
2026-06-24,Dhanmondi,22,11:00,110000.00000000001,0.0,10000.0,15594.631367289257,0.0,0.0,0.0,0.0,0.0,35000.0,37.75519107543292,0.0,0.0,105443.97127666422,104425.43675252883,31.71903058391447,observed,observed
2026-06-24,Dhanmondi,23,11:30,110000.00000000001,0.0,10000.0,9219.222689156071,0.0,0.0,0.0,0.0,0.0,30000.0,49.3,0.0,0.0,111913.78528512375,110895.25076098843,31.97294462747122,observed,observed
2026-06-24,Dhanmondi,24,12:00,110000.00000000001,4407.172748449715,0.0,19591.83673469387,0.0,0.0,0.0,0.0,0.0,32093.407055513613,27.06314416587903,0.0,-1.4551915228366852e-11,87274.46996390585,126459.6128093888,32.1785823373901,observed,observed
2026-06-24,Dhanmondi,25,12:30,110000.00000000001,2580.4679466681887,0.0,19591.836734693872,0.0,0.0,0.0,0.0,0.0,33319.12933018101,27.06314416587903,0.0,0.0,89128.22411717646,133954.62035960588,32.33428225343761,observed,observed
2026-06-24,Dhanmondi,26,13:00,110000.00000000001,3744.5167653304525,0.0,19591.836734693876,0.0,0.0,0.0,0.0,0.0,35097.77479371297,27.06314416587903,0.0,0.0,87946.93837790407,121356.94505470661,32.43878639030078,observed,observed
2026-06-24,Dhanmondi,27,13:30,110000.00000000001,6437.184749609821,0.0,19591.83673469388,0.0,0.0,0.0,0.0,0.0,38155.437549777635,27.063144165879034,0.0,0.0,85214.39809314189,118320.56752010483,32.49125040154286,observed,observed
2026-06-24,Dhanmondi,28,14:00,110000.00000000001,3883.289368889194,0.0,19591.836734693876,0.0,0.0,0.0,0.0,0.0,40000.0,27.06314416587903,0.0,-1.4551915228366852e-11,87806.11086710093,118338.60095831231,32.49125040154286,observed,observed
2026-06-24,Dhanmondi,29,14:30,110000.00000000001,0.0,10000.0,7361.183476302525,0.0,0.0,0.0,0.0,0.0,35000.0,49.3,0.0,0.0,113799.33784096512,112780.80331682978,32.43878639030078,observed,observed
2026-06-24,Dhanmondi,30,15:00,110000.00000000001,0.0,10000.0,3815.8712966715975,0.0,0.0,0.0,0.0,0.0,30000.0,49.3,0.0,0.0,117397.14804610719,116378.61352197181,32.33428225343761,observed,observed
2026-06-24,Dhanmondi,31,15:30,110000.00000000001,0.0,8413.301358791883,8222.43996981395,0.0,0.0,0.0,0.0,0.0,25793.34932060406,46.03649980657361,0.0,0.0,111395.64374987957,110377.10922574419,32.1785823373901,observed,observed
2026-06-24,Dhanmondi,32,16:00,110000.00000000001,0.0,2311.6486098444093,9657.170387823879,0.0,0.0,0.0,0.0,0.0,24637.525015681855,46.03649980657387,0.0,0.0,104057.26407460132,103038.72955046591,31.97294462747122,observed,observed
2026-06-24,Dhanmondi,33,16:30,110000.00000000001,0.0,9644.760642659097,11428.571428571424,0.0,0.0,0.0,0.0,0.0,19815.144694352304,46.03649980657387,0.0,0.0,109329.2464425687,108310.71191843328,31.71903058391447,observed,observed
2026-06-24,Dhanmondi,34,17:00,110000.00000000001,0.0,10000.0,0.0,0.0,0.0,0.0,0.0,4572.492020349717,14815.144694352306,60.0,0.0,0.0,125909.72398224392,124891.18945810843,31.41889171802222,observed,observed
2026-06-24,Dhanmondi,35,17:30,110000.00000000001,0.0,10000.0,0.0,0.0,0.0,0.0,0.0,706.8024926447397,9815.144694352306,60.0,0.0,0.0,121986.79236776015,120968.25784362492,31.074953016876844,observed,observed
2026-06-24,Dhanmondi,36,18:00,110000.00000000001,850.3318621447174,0.0,0.0,3707.290561270034,0.0,0.0,0.0,0.0,10219.052328871046,38.62294107543292,0.0,0.0,114528.11407182629,113509.57954769082,30.689993350535484,observed,observed
2026-06-24,Dhanmondi,37,18:30,110000.00000000001,0.0,4438.104657742189,0.0,13999.999999999982,0.0,0.0,0.0,0.0,7999.999999999953,40.238424591483245,5.798075215090632,0.0,130114.79028718169,129096.25576304633,30.26692550730291,observed,observed
2026-06-24,Dhanmondi,38,19:00,110000.00000000001,0.0,0.0,0.0,12929.721909128712,0.0,0.0,0.0,0.0,7999.999999999953,39.05987199133697,0.0,0.0,124750.03203976715,123731.49751563181,29.84348294037852,observed,observed
2026-06-24,Dhanmondi,39,19:30,110000.00000000001,0.0,-9.707599402693297e-11,0.0,7379.42768312604,0.0,0.0,0.0,0.0,8000.000000000001,38.86379166441428,0.0,0.0,119117.55055546174,118099.0160313264,29.462040632774542,observed,observed
2026-06-24,Dhanmondi,40,20:00,110000.00000000001,0.0,3.638517323691447e-11,0.0,1588.8492569908503,1.7857808798955948e-11,0.0,0.0,0.0,7999.999999999983,38.696316727027884,0.0,0.0,113241.22680746594,112222.6922833306,29.118432678838655,observed,observed
2026-06-24,Dhanmondi,41,20:30,103640.67542481114,0.0,0.0,0.0,0.0,0.0,0.0,0.0,0.0,7999.999999999983,8.39,0.0,0.0,105175.35856320991,104156.82403907459,28.80890637917453,observed,observed
2026-06-24,Dhanmondi,42,21:00,109778.63408449122,0.0,0.0,10737.664530523647,0.0,0.0,0.0,0.0,0.0,7999.999999999983,8.39,0.0,0.0,100507.54148976524,99489.00696562989,28.530081255697777,observed,observed
2026-06-24,Dhanmondi,43,21:30,94710.38915095653,0.0,0.0,3811.2286413742754,0.0,0.0,0.0,0.0,0.0,7999.999999999983,8.39,0.0,0.0,92245.17073536338,91226.63621122808,28.278912131890895,observed,observed
2026-06-24,Dhanmondi,44,22:00,82167.69404830232,0.0,0.0,361.91480759071965,0.0,0.0,0.0,0.0,0.0,7999.999999999983,8.39,0.0,0.0,83017.13713190335,81998.60260776807,28.052655875039715,observed,observed
2026-06-24,Dhanmondi,45,22:30,66942.84865347442,0.0,0.0,0.0,0.0,0.0,0.0,0.0,0.0,7999.999999999983,8.39,0.0,0.0,67934.12028156604,66915.58575743072,27.848841437228216,observed,observed
2026-06-24,Dhanmondi,46,23:00,61510.48252865563,0.0,0.0,0.0,0.0,0.0,0.0,0.0,0.0,7999.999999999983,8.39,0.0,7.275957614183426e-12,62421.313145926026,61402.778621790676,27.665242867895657,observed,observed
2026-06-24,Dhanmondi,47,23:30,60960.19927995577,0.0,-3.5715617597911896e-11,0.0,0.0,0.0,0.0,0.0,0.0,8000.0,8.39,0.0,-7.275957614183426e-12,61862.881451457484,60844.346927322156,27.499855003213863,observed,observed
2026-06-24,Kalyanpur,0,00:00,60059.99871324869,6859.293894745101,0.0,0.0,0.0,0.0,0.0,0.0,0.0,9258.164600003922,8.39,0.0,7.275957614183426e-12,55088.61961988788,53110.4527663164,27.350871566777297,observed,observed
2026-06-24,Kalyanpur,1,00:30,59651.80849000365,8000.0,0.0,0.0,0.0,0.0,0.0,0.0,0.0,13058.164600003922,8.39,0.0,0.0,53484.75814920865,51506.59129563723,27.21666544243344,observed,observed
2026-06-24,Kalyanpur,2,01:00,59047.44253775227,0.0,0.0,0.0,0.0,0.0,0.0,0.0,0.0,13058.164600003922,8.39,0.0,7.275957614183426e-12,61142.83847529139,59164.671621719914,27.095770903804198,observed,observed
2026-06-24,Kalyanpur,3,01:30,64987.69770948771,8000.0,0.0,0.0,0.0,0.0,0.0,0.0,0.0,16858.164600003918,8.39,0.0,7.275957614183426e-12,59010.000202839896,57031.83334926845,26.986867606418674,observed,observed
2026-06-24,Kalyanpur,4,02:00,58469.1448433151,0.0,0.0,0.0,0.0,0.0,0.0,0.0,0.0,16858.164600003918,8.39,0.0,7.275957614183426e-12,60544.01893287004,58565.85207929861,26.88876616762819,observed,observed
2026-06-24,Kalyanpur,5,02:30,49437.20128762581,0.0,0.0,0.0,0.0,0.0,0.0,0.0,0.0,16858.164600003918,8.39,0.0,7.275957614183426e-12,51191.561955747246,49213.3951021758,26.800395176815183,observed,observed
2026-06-24,Kalyanpur,6,03:00,47386.077177104715,0.0,0.0,0.0,0.0,0.0,0.0,0.0,0.0,16858.164600003918,8.39,0.0,7.275957614183426e-12,49067.65032143415,47089.48346786269,26.720789494028498,observed,observed
2026-06-24,Kalyanpur,7,03:30,50228.98568213162,8000.0,0.0,0.0,0.0,0.0,0.0,0.0,0.0,20658.164600003918,8.39,0.0,0.0,43727.550924617106,41749.38407104567,26.649079709249193,observed,observed
2026-06-24,Kalyanpur,8,04:00,50918.02916184904,0.0,0.0,0.0,0.0,0.0,0.0,0.0,0.0,20658.164600003918,8.39,0.0,7.275957614183426e-12,52724.939450724276,50746.77259715285,26.58448264716666,observed,observed
2026-06-24,Kalyanpur,9,04:30,57083.293760385306,8000.0,0.0,0.0,0.0,0.0,0.0,0.0,0.0,24458.164600003918,8.39,0.0,0.0,50825.09543589044,48846.928582318986,26.526292813763348,observed,observed
2026-06-24,Kalyanpur,10,05:00,70799.37769833408,8000.0,0.0,0.0,0.0,0.0,0.0,0.0,0.0,28258.164600003918,8.39,0.0,-1.4551915228366852e-11,65027.91724642613,63049.75039285468,26.473874691292416,observed,observed
2026-06-24,Kalyanpur,11,05:30,67850.30898399305,0.0,0.0,0.0,0.0,0.0,0.0,0.0,0.0,28258.164600003918,8.39,0.0,-1.4551915228366852e-11,70258.08916371778,68279.9223101463,26.56372105919652,observed,observed
2026-06-24,Kalyanpur,12,06:00,77914.91143611707,0.0,0.0,0.0,0.0,0.0,0.0,0.0,0.0,28258.164600003918,8.39,0.0,-1.4551915228366852e-11,80679.85064229147,78701.68378872,27.1428893879383,observed,observed
2026-06-24,Kalyanpur,13,06:30,88000.0,3667.0218947285834,0.0,0.0,0.0,0.0,0.0,0.0,0.0,30000.0,8.39,0.0,-1.4551915228366852e-11,87325.67299818543,85347.5061446139,27.712806057598225,observed,observed
2026-06-24,Kalyanpur,14,07:00,88000.0,0.0,-0.0,0.0,6876.874542395183,0.0,0.0,0.0,0.0,30000.0,18.25510204081633,0.0,-1.4551915228366852e-11,98243.73699973935,96265.57014616785,28.26886639774199,observed,observed
2026-06-24,Kalyanpur,15,07:30,88000.0,0.0,5456.479142950247,0.0,6525.708185809777,0.0,0.0,0.0,0.0,27271.760428524874,18.25510204081633,0.0,0.0,103247.7146695524,101269.54781598097,28.80657769084744,observed,observed
2026-06-24,Kalyanpur,16,08:00,88000.0,0.0,0.0,0.0,3764.3362559787997,0.0,0.0,0.0,0.0,27271.760428524874,18.25510204081633,0.0,-1.4551915228366852e-11,95020.74515597154,93042.57830240016,29.32159547144205,observed,observed
2026-06-24,Kalyanpur,17,08:30,88000.0,2811.911656519493,0.0,0.0,0.0,0.0,0.0,0.0,0.0,28607.418465371637,13.550229591836736,0.0,-1.4551915228366852e-11,88211.12823428572,86232.96138071423,29.809758627430504,observed,observed
2026-06-24,Kalyanpur,18,09:00,88000.0,0.0,0.0,0.0,8880.821406930447,0.0,0.0,0.0,0.0,28607.418465371637,18.25510204081633,0.0,0.0,100318.79722564174,98340.63037207024,30.26712302000943,observed,observed
2026-06-24,Kalyanpur,19,09:30,88000.0,2931.750599217609,0.0,0.0,0.0,0.0,0.0,0.0,0.0,30000.0,13.550229591836736,0.0,-1.4551915228366852e-11,88087.03660894974,86108.8697553783,30.68999335053548,observed,observed
2026-06-24,Kalyanpur,20,10:00,88000.0,0.0,0.0,0.0,9661.484815007958,0.0,0.0,0.0,0.0,30000.0,18.25510204081633,0.0,0.0,101127.16376299228,99148.99690942088,31.074953016876844,observed,observed
2026-06-24,Kalyanpur,21,10:30,88000.0,0.0,0.0,0.0,9550.73671352739,0.0,0.0,0.0,0.0,30000.0,18.25510204081633,0.0,0.0,101012.48558237612,99034.31872880463,31.418891718022216,observed,observed
2026-06-24,Kalyanpur,22,11:00,88000.0,4082.738739943476,4182.599931067989,0.0,15282.738739943472,0.0,0.0,0.0,0.0,29848.000935939155,48.21958273003359,8.450315031776487,-1.4551915228366852e-11,106834.7507702489,104856.58391667744,31.71903058391447,observed,observed
2026-06-24,Kalyanpur,23,11:30,88000.0,0.0,8000.0,0.0,9034.83823537295,0.0,0.0,0.0,811.9215941996499,25848.000935939155,60.0,0.0,0.0,109188.7121085773,107210.54525500597,31.97294462747122,observed,observed
2026-06-24,Kalyanpur,24,12:00,88000.0,8000.0,8000.0,0.0,19199.99999999999,0.0,0.0,0.0,9322.24292503626,25648.000935939155,37.30933078150922,22.690669218490783,-1.4551915228366852e-11,120243.0323381846,118264.86548461308,32.1785823373901,observed,observed
2026-06-24,Kalyanpur,25,12:30,88000.0,8000.0,8000.0,0.0,19199.999999999993,0.0,0.0,0.0,16014.959044155532,25448.000935939155,37.30933078150922,22.690669218490783,0.0,127173.25053299718,125195.08367942578,32.33428225343761,observed,observed
2026-06-24,Kalyanpur,26,13:00,88000.0,8000.0,8000.0,0.0,19199.999999999996,0.0,0.0,0.0,16814.452106069984,25248.000935939155,37.30933078150922,22.690669218490783,0.0,128001.11492552361,126022.94807195215,32.43878639030078,observed,observed
2026-06-24,Kalyanpur,27,13:30,88000.0,8000.0,8000.0,0.0,19200.0,0.0,0.0,0.0,13824.909027291184,25048.000935939155,37.309330781509225,22.690669218490775,0.0,124905.48297730104,122927.31612372966,32.49125040154286,observed,observed
2026-06-24,Kalyanpur,28,14:00,88000.0,8000.0,4089.057080254023,0.0,19199.999999999996,0.0,0.0,0.0,0.0,26803.47239581214,37.30933078150922,19.360566980300863,0.0,106742.73151567299,104764.56466210142,32.49125040154286,observed,observed
2026-06-24,Kalyanpur,29,14:30,88000.0,0.0,8000.0,0.0,7213.959806776475,0.0,0.0,0.0,5504.857676343274,22803.47239581214,60.0,0.0,0.0,112162.68946738138,110184.52261381001,32.43878639030078,observed,observed
2026-06-24,Kalyanpur,30,15:00,88000.0,0.0,8000.0,0.0,3739.5538707381656,0.0,0.0,0.0,2710.573188588246,18803.47239581214,60.0,0.0,-1.4551915228366852e-11,105671.54421941335,103693.37736584188,32.33428225343761,observed,observed
2026-06-24,Kalyanpur,31,15:30,88000.0,0.0,0.0,0.0,8057.99117041767,0.0,0.0,0.0,0.0,18803.47239581214,56.66989776180981,0.0,0.0,99466.76750036578,97488.60064679432,32.1785823373901,observed,observed
2026-06-24,Kalyanpur,32,16:00,88000.0,0.0,3788.4122679250904,0.0,9464.026980067401,0.0,0.0,0.0,0.0,16909.266261849596,56.66989776181008,0.0,-1.4551915228366852e-11,104649.40662332208,102671.2397697506,31.97294462747122,observed,observed
2026-06-24,Kalyanpur,33,16:30,88000.0,0.0,5818.532523699193,0.0,11199.999999999995,0.0,0.0,0.0,0.0,14000.0,56.66989776181008,0.0,0.0,108444.03781250429,106465.87095893291,31.71903058391447,observed,observed
2026-06-24,Kalyanpur,34,17:00,88000.0,0.0,8000.0,0.0,0.0,0.0,0.0,0.0,28172.667944467325,10000.0,60.0,0.0,-1.4551915228366852e-11,128164.94531403152,126186.77846046012,31.41889171802222,observed,observed
2026-06-24,Kalyanpur,35,17:30,88000.0,0.0,8000.0,0.0,0.0,0.0,0.0,0.0,20070.599962759912,6000.0,60.0,0.0,-1.4551915228366852e-11,119775.36208009829,117797.19522652682,31.074953016876844,observed,observed
2026-06-24,Kalyanpur,36,18:00,88000.0,-7.3725914262468e-11,0.0,3782.949552316361,0.0,0.0,0.0,0.0,0.0,5999.9999999999645,28.350482253924262,0.0,-1.4551915228366852e-11,87205.63145636646,119902.56314046141,30.689993350535484,observed,observed
2026-06-24,Kalyanpur,37,18:30,88000.0,0.0,0.0,14285.714285714268,0.0,0.0,0.0,0.0,0.0,5999.9999999999645,29.93365609965358,0.0,2.9103830456733704e-11,76330.15878491965,136684.23782415845,30.26692550730291,observed,observed
2026-06-24,Kalyanpur,38,19:00,88000.0,0.0,0.0,13193.593784825216,0.0,0.0,0.0,0.0,0.0,5999.9999999999645,28.778674551510232,0.0,-1.4551915228366852e-11,77461.03498398156,116940.51716737973,29.84348294037852,observed,observed
2026-06-24,Kalyanpur,39,19:30,88000.0,0.0,0.0,7530.028248087797,0.0,0.0,0.0,0.0,0.0,5999.9999999999645,28.586515831125993,0.0,0.0,83325.58148970974,123283.75830531224,29.462040632774542,observed,observed
2026-06-24,Kalyanpur,40,20:00,88000.0,0.0,0.0,1621.27475203148,0.0,0.0,0.0,0.0,0.0,5999.9999999999645,28.422390392487323,0.0,1.4551915228366852e-11,89444.0168540981,127293.69580487267,29.118432678838655,observed,observed
2026-06-24,Kalyanpur,41,20:30,88000.0,633.2123147728562,0.0,0.0,0.0,0.0,0.0,0.0,0.0,6300.775849517072,13.550229591836736,0.0,0.0,90467.14231742687,113608.55614561522,28.80890637917453,observed,observed
2026-06-24,Kalyanpur,42,21:00,88000.0,0.0,601.5516990341466,0.0,10522.911239913174,0.0,0.0,0.0,0.0,5999.999999999998,18.25510204081633,0.0,-1.4551915228366852e-11,102610.91314215411,100632.74628858265,28.530081255697777,observed,observed
2026-06-24,Kalyanpur,43,21:30,88000.0,0.0,0.0,0.0,3735.0040685467898,0.0,0.0,0.0,0.0,5999.999999999998,18.25510204081633,0.0,-1.4551915228366852e-11,94990.37206746517,93012.20521389366,28.278912131890895,observed,observed
2026-06-24,Kalyanpur,44,22:00,88000.0,0.0,-0.0,0.0,354.67651143890527,0.0,0.0,0.0,0.0,5999.999999999998,18.25510204081633,0.0,-1.4551915228366852e-11,91490.08800883414,89511.92115526267,28.052655875039715,observed,observed
2026-06-24,Kalyanpur,45,22:30,79331.14994792102,-0.0,0.0,0.0,0.0,0.0,0.0,0.0,0.0,5999.999999999998,8.39,0.0,-1.4551915228366852e-11,82146.34671473957,80168.17986116804,27.848841437228216,observed,observed
2026-06-24,Kalyanpur,46,23:00,66063.81770836726,0.0,0.0,0.0,0.0,0.0,0.0,0.0,0.0,5999.999999999998,8.39,0.0,-1.4551915228366852e-11,68408.20129713883,66430.03444356736,27.665242867895657,observed,observed
2026-06-24,Kalyanpur,47,23:30,67370.78079470013,-0.0,0.0,0.0,0.0,0.0,0.0,0.0,0.0,5999.999999999998,8.39,0.0,-1.4551915228366852e-11,69761.54412531845,67783.37727174704,27.499855003213863,observed,observed
2026-06-25,Dhanmondi,0,00:00,47246.86189840745,0.0,0.0,0.0,0.0,0.0,0.0,0.0,0.0,8000.0,8.39,0.0,0.0,48766.705765824845,47753.70869141094,27.078308531548863,observed,observed
2026-06-25,Dhanmondi,1,00:30,47086.346304270555,0.0,0.0,0.0,0.0,0.0,0.0,0.0,0.0,8000.0,8.39,0.0,0.0,48601.02668290644,47588.029608492536,26.91314187648735,observed,observed
2026-06-25,Dhanmondi,2,01:00,52875.44931160469,0.0,0.0,0.0,0.0,0.0,0.0,0.0,0.0,8000.0,8.39,0.0,0.0,54576.35439067602,53563.35731626208,26.764355337588924,observed,observed
2026-06-25,Dhanmondi,3,01:30,61520.75081464721,10000.0,0.0,0.0,0.0,0.0,0.0,0.0,0.0,12750.0,8.39,0.0,0.0,53178.07775709587,52165.08068268195,26.63032444528122,observed,observed
2026-06-25,Dhanmondi,4,02:00,60191.5035635545,10000.0,0.0,0.0,0.0,0.0,0.0,0.0,0.0,17500.0,8.39,0.0,0.0,51806.07108872804,50793.07401431411,26.509585833940424,observed,observed
2026-06-25,Dhanmondi,5,02:30,55422.94083025321,10000.0,0.0,0.0,0.0,0.0,0.0,0.0,0.0,22250.0,8.39,0.0,0.0,46884.11254170718,45871.11546729323,26.40082126468697,observed,observed
2026-06-25,Dhanmondi,6,03:00,48081.77388911244,0.0,0.0,0.0,0.0,0.0,0.0,0.0,0.0,22250.0,8.39,0.0,0.0,49628.47532585656,48615.47825144264,26.302843232692723,observed,observed
2026-06-25,Dhanmondi,7,03:30,41054.45935882283,0.0,0.0,0.0,0.0,0.0,0.0,0.0,0.0,22250.0,8.39,0.0,0.0,42375.10512828817,41362.10805387423,26.214582001858485,observed,observed
2026-06-25,Dhanmondi,8,04:00,52841.39721169397,0.0,0.0,0.0,0.0,0.0,0.0,0.0,0.0,22250.0,8.39,0.0,0.0,54541.206897904376,53528.20982349049,26.13507392530483,observed,observed
2026-06-25,Dhanmondi,9,04:30,43240.48013643232,0.0,0.0,0.0,0.0,0.0,0.0,0.0,0.0,22250.0,8.39,0.0,0.0,44631.446137536375,43618.4490631224,26.063450924157994,observed,observed
2026-06-25,Dhanmondi,10,05:00,63840.85684026483,0.0,0.0,0.0,0.0,0.0,0.0,0.0,0.0,22250.0,8.39,0.0,0.0,65894.49873013223,64881.5016557183,25.99893100975889,observed,observed
2026-06-25,Dhanmondi,11,05:30,70078.96509520446,10000.0,0.0,0.0,0.0,0.0,0.0,0.0,0.0,27000.0,8.39,0.0,0.0,62011.5939088825,60998.59683446861,26.10828133204954,observed,observed
2026-06-25,Dhanmondi,12,06:00,63741.83481181147,0.0,0.0,0.0,0.0,0.0,0.0,0.0,0.0,27000.0,8.39,0.0,0.0,65792.29134678676,64779.29427237285,26.821181939445484,observed,observed
2026-06-25,Dhanmondi,13,06:30,68499.85456436219,0.0,0.0,0.0,0.0,0.0,0.0,0.0,0.0,27000.0,8.39,0.0,0.0,70703.36776493186,69690.37069051787,27.52270195380365,observed,observed
2026-06-25,Dhanmondi,14,07:00,86631.19862643482,10000.0,0.0,0.0,0.0,0.0,0.0,0.0,0.0,31750.0,8.39,0.0,0.0,79096.28207548308,78083.28500106913,28.20717236686349,observed,observed
2026-06-25,Dhanmondi,15,07:30,83903.72662101111,0.0,0.0,0.0,0.0,0.0,0.0,0.0,0.0,31750.0,8.39,0.0,0.0,86602.75379942163,85589.7567250077,28.869061948800727,observed,observed
2026-06-25,Dhanmondi,16,08:00,82111.80739039232,4606.162860216411,0.0,0.0,0.0,0.0,0.0,0.0,0.0,33937.9273586028,8.39,0.0,0.0,79998.85728116691,78985.860206753,29.50302194629289,observed,observed
2026-06-25,Dhanmondi,17,08:30,83664.7890262356,0.0,0.0,0.0,0.0,0.0,0.0,0.0,0.0,33937.9273586028,8.39,0.0,0.0,86356.1300256382,85343.13295122424,30.103929305985716,observed,observed
2026-06-25,Dhanmondi,18,09:00,98703.1280999415,0.0,0.0,0.0,0.0,0.0,0.0,0.0,0.0,33937.9273586028,8.39,0.0,0.0,101878.22455947309,100865.22748505915,30.66692807407004,observed,observed
2026-06-25,Dhanmondi,19,09:30,110000.00000000001,7111.80522634917,0.0,0.0,0.0,0.0,0.0,0.0,0.0,37316.03484111865,8.39,0.0,0.0,106197.91706150619,105184.91998709222,31.187468637417755,observed,observed
2026-06-25,Dhanmondi,20,10:00,104844.46265436166,0.0,0.0,5161.986423724555,0.0,0.0,0.0,0.0,0.0,37316.03484111865,8.39,0.0,0.0,102889.07650207689,101876.07942766305,31.6613444891678,observed,observed
2026-06-25,Dhanmondi,21,10:30,110000.00000000001,5650.452966065998,0.0,5183.209988429552,0.0,0.0,0.0,0.0,0.0,40000.0,8.39,0.0,0.0,102356.33407720024,101343.33700278625,32.084726221658144,observed,observed
2026-06-25,Dhanmondi,22,11:00,110000.00000000001,0.0,5092.424755407923,10783.860773987093,0.0,0.0,0.0,0.0,0.0,37453.78762229604,28.469567953468747,0.0,0.0,107401.16498032701,106388.16790591314,32.45419247200573,observed,observed
2026-06-25,Dhanmondi,23,11:30,110000.00000000001,0.0,10000.0,8734.33015097634,0.0,0.0,0.0,0.0,0.0,32453.78762229604,29.431063798344105,0.0,0.0,114328.79589118095,113315.79881676692,32.76675757026193,observed,observed
2026-06-25,Dhanmondi,24,12:00,110000.00000000001,2743.0020993419334,0.0,19591.836734693872,0.0,0.0,0.0,0.0,0.0,33756.71361948346,22.76878507800555,0.0,-1.4551915228366852e-11,90485.18671328505,129536.43749403878,33.01989566671797,observed,observed
2026-06-25,Dhanmondi,25,12:30,110000.00000000001,788.2995055314573,0.0,19591.836734693876,0.0,0.0,0.0,0.0,0.0,34131.155884610904,22.768785078005546,0.0,-2.9103830456733704e-11,92502.76846203736,137278.3631810545,33.211561143386476,observed,observed
2026-06-25,Dhanmondi,26,13:00,110000.00000000001,5315.239862879492,0.0,16594.72387326027,0.0,0.0,0.0,0.0,0.0,36655.894819478664,22.76878507800555,0.0,-1.4551915228366852e-11,90923.72925460506,124693.31432109055,33.34020514471344,observed,observed
2026-06-25,Dhanmondi,27,13:30,110000.00000000001,4945.692645715175,0.0,19591.836734693872,0.0,0.0,0.0,0.0,0.0,39005.09882619337,22.76878507800555,0.0,0.0,88211.63969974736,121482.9638637516,33.40478809393514,observed,observed
2026-06-25,Dhanmondi,28,14:00,110000.00000000001,2094.528786961336,0.0,19534.009746893982,0.0,0.0,0.0,0.0,0.0,40000.0,22.76878507800555,0.0,0.0,91214.20738338327,121667.62514313217,33.40478809393514,observed,observed
2026-06-25,Dhanmondi,29,14:30,110000.00000000001,0.0,10000.0,6145.3363960750285,0.0,0.0,0.0,0.0,0.0,35000.0,49.3,0.0,0.0,117001.07277057052,115988.07569615658,33.34020514471344,observed,observed
2026-06-25,Dhanmondi,30,15:00,110000.00000000001,0.0,10000.0,2559.538074465585,0.0,0.0,0.0,0.0,0.0,30000.0,49.3,0.0,0.0,120702.21956972782,119689.22249531385,33.211561143386476,observed,observed
2026-06-25,Dhanmondi,31,15:30,110000.00000000001,0.0,810.6624890887639,0.0,0.0,0.0,0.0,0.0,0.0,29594.66875545562,34.633858290108066,0.0,0.0,114333.39886113272,113320.4017867189,33.01989566671797,observed,observed
2026-06-25,Dhanmondi,32,16:00,110000.00000000001,0.0,0.0,6762.294531031264,0.0,0.0,0.0,0.0,0.0,29594.66875545562,29.431063798344105,0.0,0.0,106558.670867277,105545.673792863,32.76675757026193,observed,observed
2026-06-25,Dhanmondi,33,16:30,110000.00000000001,0.0,3446.387868551599,4931.0557195861475,0.0,0.0,0.0,0.0,0.0,27871.47482117982,34.633858290108066,0.0,0.0,111828.20641491983,110815.20934050601,32.45419247200573,observed,observed
2026-06-25,Dhanmondi,34,17:00,110000.00000000001,0.0,10000.0,0.0,0.0,0.0,0.0,0.0,4631.194058845489,22871.47482117982,60.0,0.0,0.0,128124.2642113395,127111.26713692555,32.084726221658144,observed,observed
2026-06-25,Dhanmondi,35,17:30,110000.00000000001,0.0,10000.0,0.0,0.0,0.0,0.0,0.0,401.49838501930935,17871.47482117982,60.0,0.0,0.0,123758.50707707748,122745.51000266356,31.6613444891678,observed,observed
2026-06-25,Dhanmondi,36,18:00,110000.00000000001,0.0,0.0,0.0,2423.2621900970116,0.0,0.0,0.0,0.0,17871.47482117982,34.48960513426101,0.0,0.0,116039.70990173724,115026.71282732332,31.187468637417755,observed,observed
2026-06-25,Dhanmondi,37,18:30,110000.00000000001,0.0,10000.0,0.0,7783.543229722767,0.0,0.0,0.0,0.0,12871.474821179821,35.00045507959827,0.0,0.0,131378.0186049724,130365.02153055853,30.66667671627926,observed,observed
2026-06-25,Dhanmondi,38,19:00,110000.00000000001,0.0,5635.055536037122,0.0,6535.851910277656,0.0,0.0,0.0,0.0,10053.94705316126,34.633858290108066,0.0,0.0,125810.10257558737,124797.10550117347,30.14563987858365,observed,observed
2026-06-25,Dhanmondi,39,19:30,110000.00000000001,0.0,3990.322168385755,0.0,2260.9671195551423,0.0,0.0,0.0,0.0,8058.785968968383,34.63385829010807,0.0,0.0,119784.94335596805,118771.94628155399,29.676275964357504,observed,observed
2026-06-25,Dhanmondi,40,20:00,110000.00000000001,0.0,117.57193793676407,0.0,1.1296521319120074,0.0,0.0,0.0,0.0,8000.000000000001,34.633858290108066,0.0,0.0,113654.94816351736,112641.95108910349,29.253460401158517,observed,observed
2026-06-25,Dhanmondi,41,20:30,102087.10190701425,0.0,0.0,0.0,0.0,0.0,0.0,0.0,0.0,8000.000000000001,8.39,0.0,0.0,105371.0545240031,104358.05744958928,28.87257683711626,observed,observed
2026-06-25,Dhanmondi,42,21:00,98457.71073086711,0.0,0.0,1089.8039703168645,0.0,0.0,0.0,0.0,0.0,8000.000000000001,8.39,0.0,0.0,100500.05162747267,99487.0545530588,28.52946673903963,observed,observed
2026-06-25,Dhanmondi,43,21:30,89189.95944702573,0.0,0.0,0.0,0.0,0.0,0.0,0.0,0.0,8000.000000000001,8.39,0.0,0.0,92059.0349253558,91046.0378509419,28.22038398904442,observed,observed
2026-06-25,Dhanmondi,44,22:00,80132.20874623267,0.0,0.0,0.0,0.0,0.0,0.0,0.0,0.0,8000.000000000001,8.39,0.0,0.0,82709.91319372483,81696.91611931092,27.941953983981552,observed,observed
2026-06-25,Dhanmondi,45,22:30,65509.180874839156,0.0,-1.8189894035458565e-12,0.0,0.0,0.0,0.0,0.0,0.0,8000.000000000002,8.39,0.0,0.0,67616.48965285381,66603.49257843992,27.691136791108402,observed,observed
2026-06-25,Dhanmondi,46,23:00,60076.894358070895,0.0,0.0,0.0,0.0,0.0,0.0,0.0,0.0,8000.000000000002,8.39,0.0,0.0,62009.45655997816,60996.45948556429,27.465193957732517,observed,observed
2026-06-25,Dhanmondi,47,23:30,59457.419195291426,0.0,0.0,0.0,0.0,0.0,0.0,0.0,0.0,8000.000000000002,8.39,0.0,0.0,61370.05403082272,60357.056956408785,27.26165861245122,observed,observed
2026-06-25,Kalyanpur,0,00:00,57156.0838415639,8000.0,0.0,0.0,0.0,0.0,0.0,0.0,0.0,9799.999999999998,8.39,0.0,0.0,53753.7415950425,52682.70235123472,27.078308531548863,observed,observed
2026-06-25,Kalyanpur,1,00:30,47691.332921079804,0.0,0.0,0.0,0.0,0.0,0.0,0.0,0.0,9799.999999999998,8.39,0.0,0.0,52151.989862040784,51080.950618233,26.91314187648735,observed,observed
2026-06-25,Kalyanpur,2,01:00,62490.818886696325,8000.0,0.0,0.0,0.0,0.0,0.0,0.0,0.0,13599.999999999998,8.39,0.0,0.0,59587.44409295378,58516.40484914596,26.764355337588924,observed,observed
2026-06-25,Kalyanpur,3,01:30,60543.44252950816,8000.0,0.0,0.0,0.0,0.0,0.0,0.0,0.0,17400.0,8.39,0.0,0.0,57457.92609005548,56386.886846247675,26.63032444528122,observed,observed
2026-06-25,Kalyanpur,4,02:00,53872.18324075917,0.0,0.0,0.0,0.0,0.0,0.0,0.0,0.0,17400.0,8.39,0.0,0.0,58910.94633205867,57839.9070882509,26.509585833940424,observed,observed
2026-06-25,Kalyanpur,5,02:30,53439.488117988985,8000.0,0.0,0.0,0.0,0.0,0.0,0.0,0.0,21200.0,8.39,0.0,0.0,49689.52592680089,48618.486682993025,26.40082126468697,observed,observed
2026-06-25,Kalyanpur,6,03:00,51544.30217159359,8000.0,0.0,0.0,0.0,0.0,0.0,0.0,0.0,25000.0,8.39,0.0,0.0,47617.07979855667,46546.04055474887,26.302843232692723,observed,observed
2026-06-25,Kalyanpur,7,03:30,38808.92653260757,0.0,0.0,0.0,0.0,0.0,0.0,0.0,0.0,25000.0,8.39,0.0,0.0,42438.79588005045,41367.75663624265,26.214582001858485,observed,observed
2026-06-25,Kalyanpur,8,04:00,46742.642242603986,0.0,0.0,0.0,0.0,0.0,0.0,0.0,0.0,25000.0,8.39,0.0,0.0,51114.56642227333,50043.5271784655,26.13507392530483,observed,observed
2026-06-25,Kalyanpur,9,04:30,53065.45713783489,8000.0,0.0,0.0,0.0,0.0,0.0,0.0,0.0,28800.0,8.39,0.0,0.0,49280.5111501041,48209.47190629628,26.063450924157994,observed,observed
2026-06-25,Kalyanpur,10,05:00,58122.568893276024,0.0,0.0,0.0,0.0,0.0,0.0,0.0,0.0,28800.0,8.39,0.0,0.0,63558.87827027141,62487.83902646362,25.99893100975889,observed,observed
2026-06-25,Kalyanpur,11,05:30,62827.17877013217,0.0,0.0,0.0,0.0,0.0,0.0,0.0,0.0,28800.0,8.39,0.0,0.0,68703.5188490675,67632.47960525966,26.10828133204954,observed,observed
2026-06-25,Kalyanpur,12,06:00,74733.58600104829,2168.3865652593695,0.0,0.0,0.0,0.0,0.0,0.0,0.0,29829.983618498198,8.39,0.0,-1.4551915228366852e-11,79352.35426476205,78281.31502095425,26.821181939445484,observed,observed
2026-06-25,Kalyanpur,13,06:30,78813.91090577342,0.0,0.0,0.0,0.0,0.0,0.0,0.0,0.0,29829.983618498198,8.39,0.0,-1.4551915228366852e-11,86185.51906165981,85114.47981785193,27.52270195380365,observed,observed
2026-06-25,Kalyanpur,14,07:00,88000.0,0.0,1005.4666480357475,0.0,0.0,0.0,0.0,0.0,0.0,29327.250294480327,12.537396121883654,0.0,0.0,97275.3340245242,96204.29478071634,28.20717236686349,observed,observed
2026-06-25,Kalyanpur,15,07:30,88000.0,0.0,5980.897950761223,0.0,0.0,0.0,0.0,0.0,0.0,26336.801319099715,12.537396121883656,0.0,0.0,102444.08682755422,101373.04758374635,28.869061948800727,observed,observed
2026-06-25,Kalyanpur,16,08:00,86354.38134848404,0.0,0.0,0.0,0.0,0.0,0.0,0.0,0.0,26336.801319099715,8.39,0.0,-1.4551915228366852e-11,94431.26339289948,93360.2241490917,29.50302194629289,observed,observed
2026-06-25,Kalyanpur,17,08:30,88000.0,7711.997222947966,0.0,0.0,0.0,0.0,0.0,0.0,0.0,30000.0,8.389999999999997,0.0,0.0,87797.48542154019,86726.44617773236,30.103929305985716,observed,observed
2026-06-25,Kalyanpur,18,09:00,88000.0,0.0,3908.4302097400227,0.0,0.0,0.0,0.0,0.0,0.0,28045.78489512999,12.537396121883539,0.0,0.0,100291.09288716463,99220.05364335676,30.66692807407004,observed,observed
2026-06-25,Kalyanpur,19,09:30,84716.16217813817,4114.137062884235,0.0,0.0,0.0,0.0,0.0,0.0,0.0,30000.0,8.39,0.0,-1.4551915228366852e-11,88140.8788390708,87069.83959526297,31.187468637417755,observed,observed
2026-06-25,Kalyanpur,20,10:00,88000.0,0.0,-0.0,0.0,5058.746695250064,0.0,0.0,0.0,0.0,30000.0,18.25510204081633,0.0,0.0,101762.70020081085,100691.66095700306,31.6613444891678,observed,observed
2026-06-25,Kalyanpur,21,10:30,88000.0,0.0,-0.0,0.0,5079.545788660961,0.0,0.0,0.0,0.0,30000.0,18.25510204081633,0.0,0.0,101785.44467118458,100714.40542737674,32.084726221658144,observed,observed
2026-06-25,Kalyanpur,22,11:00,88000.0,0.0,0.0,0.0,10568.183558507351,0.0,0.0,0.0,0.0,30000.0,38.744457095376276,0.0,0.0,107787.444695028,106716.40545122011,32.45419247200573,observed,observed
2026-06-25,Kalyanpur,23,11:30,88000.0,0.0,4428.764493461179,0.0,8559.643547956814,0.0,0.0,0.0,0.0,27785.617753269406,39.72557530443276,0.0,0.0,110191.88742339872,109120.8481795909,32.76675757026193,observed,observed
2026-06-25,Kalyanpur,24,12:00,88000.0,8000.0,8000.0,0.0,19199.999999999993,0.0,0.0,0.0,4486.034049782262,27585.617753269406,32.92733171225056,27.072668287749437,0.0,121694.81882913937,120623.77958533149,33.01989566671797,observed,observed
2026-06-25,Kalyanpur,25,12:30,88000.0,8000.0,8000.0,0.0,19199.999999999996,0.0,0.0,0.0,11089.78713020787,27385.617753269406,32.92733171225056,27.072668287749437,0.0,128916.23292280055,127845.19367899274,33.211561143386476,observed,observed
2026-06-25,Kalyanpur,26,13:00,88000.0,5062.829395795069,8000.0,0.0,16262.829395795065,0.0,0.0,0.0,12282.972943912928,25790.461716272068,32.92733171225056,27.072668287749437,0.0,130221.0195716212,129149.98032781322,33.34020514471344,observed,observed
2026-06-25,Kalyanpur,27,13:30,88000.0,8000.0,8000.0,0.0,19199.999999999993,0.0,0.0,0.0,9469.545992844634,25590.461716272068,32.92733171225056,27.072668287749437,-1.4551915228366852e-11,127144.44769067765,126073.40844686978,33.40478809393514,observed,observed
2026-06-25,Kalyanpur,28,14:00,88000.0,8000.0,0.0,0.0,19143.329551956103,0.0,0.0,0.0,0.0,29390.461716272068,32.92733171225056,0.0,0.0,108416.38513729171,107345.34589348387,33.40478809393514,observed,observed
2026-06-25,Kalyanpur,29,14:30,88000.0,0.0,8000.0,0.0,6022.429668153528,0.0,0.0,0.0,2751.4892001636463,25390.461716272068,60.0,0.0,0.0,114136.20096736655,113065.16172355872,33.34020514471344,observed,observed
2026-06-25,Kalyanpur,30,15:00,88000.0,0.0,8000.0,0.0,2508.3473129762733,0.0,0.0,0.0,29.94516658558132,21390.461716272068,60.0,0.0,0.0,107317.34512309839,106246.3058792906,33.211561143386476,observed,observed
2026-06-25,Kalyanpur,31,15:30,88000.0,0.0,4378.831835746879,0.0,0.0,0.0,0.0,0.0,0.0,19201.045798398627,39.72557530443276,0.0,0.0,100779.77207396006,99708.73283015228,33.01989566671797,observed,observed
2026-06-25,Kalyanpur,32,16:00,88000.0,0.0,2402.091596797267,0.0,6627.048640410639,0.0,0.0,0.0,0.0,17999.999999999993,39.72557530443276,0.0,-1.4551915228366852e-11,105973.11367888647,104902.07443507864,32.76675757026193,observed,observed
2026-06-25,Kalyanpur,33,16:30,88000.0,0.0,8000.0,0.0,4832.434605194425,0.0,0.0,0.0,0.0,13999.999999999995,45.03454927562048,0.0,0.0,109826.0625262387,108755.02328243089,32.45419247200573,observed,observed
2026-06-25,Kalyanpur,34,17:00,88000.0,0.0,8000.0,0.0,0.0,0.0,0.0,0.0,22408.146994097242,9999.999999999995,60.0,0.0,0.0,129045.6631996152,127974.62395580731,32.084726221658144,observed,observed
2026-06-25,Kalyanpur,35,17:30,88000.0,0.0,8000.0,0.0,0.0,0.0,0.0,0.0,14366.891295065587,5999.9999999999945,60.0,0.0,-1.4551915228366852e-11,120252.29425796801,119181.25501416018,31.6613444891678,observed,observed
2026-06-25,Kalyanpur,36,18:00,88000.0,-1.0936673788819462e-10,0.0,2472.7165205071547,0.0,0.0,0.0,0.0,0.0,5999.999999999943,24.299813031575788,0.0,0.0,93526.80555881231,121158.91341778659,31.187468637417755,observed,observed
2026-06-25,Kalyanpur,37,18:30,88000.0,0.0,0.0,7942.391050737518,0.0,0.0,0.0,0.0,0.0,5999.999999999943,24.800445978006305,0.0,1.4551915228366852e-11,87545.54244080943,137785.0087245656,30.66667671627926,observed,observed
2026-06-25,Kalyanpur,38,19:00,88000.0,0.0,0.0,6669.236643140466,0.0,0.0,0.0,0.0,0.0,5999.999999999943,24.441181124305906,0.0,0.0,88937.77729127363,117788.34568202824,30.14563987858365,observed,observed
2026-06-25,Kalyanpur,39,19:30,88000.0,0.0,-1.416897009077825e-10,2307.1093056685127,0.0,0.0,0.0,0.0,0.0,6000.000000000014,24.44118112430591,0.0,0.0,93707.902317077,123906.37870041681,29.676275964357504,observed,observed
2026-06-25,Kalyanpur,40,20:00,88000.0,0.0,0.0,1.1527062570530688,0.0,0.0,0.0,0.0,0.0,6000.000000000014,24.441181124305906,0.0,0.0,96229.5392231752,127711.84713585328,29.253460401158517,observed,observed
2026-06-25,Kalyanpur,41,20:30,88000.0,4360.683684659874,0.0,0.0,0.0,0.0,0.0,0.0,0.0,8071.3247502134545,13.550229591836736,0.0,0.0,91462.25339861783,113791.79727313375,28.87257683711626,observed,observed
2026-06-25,Kalyanpur,42,21:00,88000.0,0.0,4142.6495004269045,0.0,1068.007890910527,0.0,0.0,0.0,0.0,6000.000000000002,18.25510204081633,0.0,-1.4551915228366852e-11,101702.31342865058,100631.27418484271,28.52946673903963,observed,observed
2026-06-25,Kalyanpur,43,21:30,85883.99924251584,-0.0,0.0,0.0,0.0,0.0,0.0,0.0,0.0,6000.000000000002,8.39,0.0,-1.4551915228366852e-11,93916.88559468753,92845.84635087973,28.22038398904442,observed,observed
2026-06-25,Kalyanpur,44,22:00,82565.90375779051,0.0,0.0,0.0,0.0,0.0,0.0,0.0,0.0,6000.000000000002,8.39,0.0,-1.4551915228366852e-11,90288.44261602226,89217.40337221448,27.941953983981552,observed,observed
2026-06-25,Kalyanpur,45,22:30,73953.0133865504,0.0,0.0,0.0,0.0,0.0,0.0,0.0,0.0,6000.000000000002,8.39,0.0,-1.4551915228366852e-11,80869.97297360135,79798.9337297935,27.691136791108402,observed,observed
2026-06-25,Kalyanpur,46,23:00,61363.20244722717,0.0,0.0,0.0,0.0,0.0,0.0,0.0,0.0,6000.000000000002,8.39,0.0,0.0,67102.61416316252,66031.57491935472,27.465193957732517,observed,observed
2026-06-25,Kalyanpur,47,23:30,62500.09467140262,0.0,0.0,0.0,0.0,0.0,0.0,0.0,0.0,6000.000000000002,8.39,0.0,0.0,68345.8419808364,67274.80273702857,27.26165861245122,observed,observed
2026-06-26,Dhanmondi,0,00:00,32595.567988540326,0.0,0.0,0.0,0.0,0.0,0.0,0.0,0.0,8000.000000000002,8.39,0.0,0.0,48332.62917341154,48332.62917341154,27.46781343884368,observed,observed
2026-06-26,Dhanmondi,1,00:30,32505.270816414308,0.0,0.0,0.0,0.0,0.0,0.0,0.0,0.0,8000.000000000002,8.39,0.0,0.0,48198.73674554193,48198.73674554193,27.315046500279454,observed,observed
2026-06-26,Dhanmondi,2,01:00,36661.6945791407,0.0,0.0,0.0,0.0,0.0,0.0,0.0,0.0,8000.000000000002,8.39,0.0,0.0,54361.87182212774,54361.87182212774,27.177427093250433,observed,observed
2026-06-26,Dhanmondi,3,01:30,35694.00341956121,0.0,0.0,0.0,0.0,0.0,0.0,0.0,0.0,8000.000000000002,8.39,0.0,0.0,52926.98171722797,52926.98171722797,27.053453271630275,observed,observed
2026-06-26,Dhanmondi,4,02:00,34757.962866106274,0.0,0.0,0.0,0.0,0.0,0.0,0.0,0.0,8000.000000000002,8.39,0.0,0.0,51539.023054341116,51539.023054341116,26.94177201403071,observed,observed
2026-06-26,Dhanmondi,5,02:30,31372.78216855121,0.0,0.0,0.0,0.0,0.0,0.0,0.0,0.0,8000.000000000002,8.39,0.0,0.0,46519.48532462762,46519.48532462762,26.841164457241547,observed,observed
2026-06-26,Dhanmondi,6,03:00,33273.92561144839,0.0,0.0,0.0,0.0,0.0,0.0,0.0,0.0,8000.000000000002,8.39,0.0,0.0,49338.496211730955,49338.496211730955,26.75053259384171,observed,observed
2026-06-26,Dhanmondi,7,03:30,28234.175457323137,0.0,0.0,0.0,0.0,0.0,0.0,0.0,0.0,8000.000000000002,8.39,0.0,0.0,41865.56690393007,41865.56690393007,26.668887288802257,observed,observed
2026-06-26,Dhanmondi,8,04:00,36704.28705945779,0.0,0.0,0.0,0.0,0.0,0.0,0.0,0.0,8000.000000000002,8.39,0.0,0.0,54425.02784866073,54425.02784866073,26.595337484297207,observed,observed
2026-06-26,Dhanmondi,9,04:30,29819.996816041843,0.0,0.0,0.0,0.0,0.0,0.0,0.0,0.0,8000.000000000002,8.39,0.0,0.0,44217.01896922845,44217.01896922845,26.529080474906202,observed,observed
2026-06-26,Dhanmondi,10,05:00,44373.45368387586,0.0,0.0,0.0,0.0,0.0,0.0,0.0,0.0,8000.000000000002,8.39,0.0,0.0,65796.8495226202,65796.8495226202,26.46939314707464,observed,observed
2026-06-26,Dhanmondi,11,05:30,41585.05109206903,0.0,0.0,0.0,0.0,0.0,0.0,0.0,0.0,8000.000000000002,8.39,0.0,0.0,61662.21292100121,61662.21292100121,26.569055482024634,observed,observed
2026-06-26,Dhanmondi,12,06:00,43977.751745991365,0.0,0.0,0.0,0.0,0.0,0.0,0.0,0.0,8000.000000000002,8.39,0.0,0.0,65210.103648650605,65210.103648650605,27.228582882337562,observed,observed
2026-06-26,Dhanmondi,13,06:30,47252.941960713426,0.0,0.0,0.0,0.0,0.0,0.0,0.0,0.0,8000.000000000002,8.39,0.0,0.0,70066.54775713188,70066.54775713188,27.87759056933704,observed,observed
2026-06-26,Dhanmondi,14,07:00,57696.09800034254,0.0,0.0,4713.32184505329,0.0,0.0,0.0,0.0,0.0,8000.000000000002,8.39,0.0,0.0,78562.7320067492,78562.7320067492,28.510832628787977,observed,observed
2026-06-26,Dhanmondi,15,07:30,69421.70888009205,0.0,0.0,11428.571428571431,0.0,0.0,0.0,0.0,0.0,8000.000000000002,8.39,0.0,0.0,85992.08358732917,85992.08358732917,29.123190579660832,observed,observed
2026-06-26,Dhanmondi,16,08:00,57418.48506070768,0.0,0.0,3916.415546711268,0.0,0.0,0.0,0.0,0.0,8000.000000000002,8.39,0.0,0.0,79332.73893982159,79332.73893982159,29.709714746696275,observed,observed
2026-06-26,Dhanmondi,17,08:30,57765.68255096758,0.0,0.0,0.0,0.0,0.0,0.0,0.0,0.0,8000.000000000002,8.39,0.0,0.0,85654.81401233755,85654.81401233755,30.26566426851669,observed,observed
2026-06-26,Dhanmondi,18,09:00,75597.97024821458,0.0,3.637978807091713e-12,7349.287792990471,0.0,0.0,0.0,0.0,0.0,8000.0,8.39,0.0,0.0,101198.98085046324,101198.98085046324,30.786545417899834,observed,observed
2026-06-26,Dhanmondi,19,09:30,71109.37214532963,0.0,0.0,0.0,0.0,0.0,0.0,0.0,0.0,8000.0,8.39,0.0,0.0,105440.80458615275,105440.80458615275,31.268147924472835,observed,observed
2026-06-26,Dhanmondi,20,10:00,79784.41742228859,0.0,0.0,10986.529998125792,0.0,0.0,0.0,0.0,0.0,8000.0,8.39,0.0,-1.4551915228366852e-11,102013.34064665521,102013.34064665521,31.706579006230964,observed,observed
2026-06-26,Dhanmondi,21,10:30,79297.3127826172,0.0,0.0,10924.671386512771,0.0,0.0,0.0,0.0,0.0,8000.0,8.39,0.0,0.0,101382.78686741633,101382.78686741633,32.0982948348052,observed,observed
2026-06-26,Dhanmondi,22,11:00,83151.52511462524,0.0,0.0,11428.571428571433,0.0,0.0,0.0,0.0,0.0,8000.0,8.39,0.0,0.0,106350.62180688344,106350.62180688344,32.440129180145576,observed,observed
2026-06-26,Dhanmondi,23,11:30,87771.85692280797,0.0,0.0,11428.571428571431,0.0,0.0,0.0,0.0,0.0,8000.0,8.39,0.0,0.0,113201.6386083555,113201.6386083555,32.72931900308603,observed,observed
2026-06-26,Dhanmondi,24,12:00,94875.87446577431,0.0,0.0,19591.83673469388,0.0,0.0,0.0,0.0,0.0,8000.0,8.39,0.0,0.0,111630.98859368509,129330.28700457327,32.963526788926515,observed,observed
2026-06-26,Dhanmondi,25,12:30,99151.90208409913,0.0,0.0,19591.83673469388,0.0,0.0,0.0,0.0,0.0,8000.0,8.39,0.0,0.0,117971.47197732853,137010.49594206555,33.140859441510656,observed,observed
2026-06-26,Dhanmondi,26,13:00,91460.65342133366,0.0,0.0,19591.83673469388,0.0,0.0,0.0,0.0,0.0,8000.0,8.39,0.0,0.0,106566.90711045357,124396.02476317745,33.25988358507854,observed,observed
2026-06-26,Dhanmondi,27,13:30,89796.3343440952,0.0,0.0,19591.83673469388,0.0,0.0,0.0,0.0,0.0,8000.0,8.39,0.0,0.0,104099.05881848081,121272.29256461747,33.3196371502101,observed,observed
2026-06-26,Dhanmondi,28,14:00,89179.1800845257,0.0,0.0,19591.836734693883,0.0,0.0,0.0,0.0,0.0,8000.0,8.39,0.0,1.4551915228366852e-11,103183.9439789096,121445.33653750553,33.3196371502101,observed,observed
2026-06-26,Dhanmondi,29,14:30,89458.29804048034,0.0,0.0,11428.571428571431,0.0,0.0,0.0,0.0,0.0,8000.0,8.39,0.0,0.0,115702.28940824058,115702.28940824058,33.25988358507854,observed,observed
2026-06-26,Dhanmondi,30,15:00,91967.15318981907,0.0,0.0,11428.571428571433,0.0,0.0,0.0,0.0,0.0,8000.0,8.39,0.0,0.0,119422.41374003392,119422.41374003392,33.140859441510656,observed,observed
2026-06-26,Dhanmondi,31,15:30,86029.48773001562,0.0,0.0,9739.102590965016,0.0,0.0,0.0,0.0,0.0,8000.0,8.39,0.0,0.0,113123.19808996224,113123.19808996224,32.963526788926515,observed,observed
2026-06-26,Dhanmondi,32,16:00,82528.92973295484,0.0,0.0,11428.571428571433,0.0,0.0,0.0,0.0,0.0,8000.0,8.39,0.0,0.0,105427.43888465507,105427.43888465507,32.72931900308603,observed,observed
2026-06-26,Dhanmondi,33,16:30,86130.13647844485,0.0,0.0,11428.571428571433,0.0,0.0,0.0,0.0,0.0,8000.0,8.39,0.0,0.0,110767.29951441156,110767.29951441156,32.440129180145576,observed,observed
2026-06-26,Dhanmondi,34,17:00,103530.63911442272,0.0,0.0,17776.176870311036,0.0,0.0,0.0,0.0,0.0,8000.0,8.39,0.0,1.4551915228366852e-11,127156.50867219565,127156.50867219565,32.0982948348052,observed,observed
2026-06-26,Dhanmondi,35,17:30,94300.71132174614,0.0,0.0,11428.571428571431,0.0,0.0,0.0,0.0,0.0,8000.0,8.39,0.0,0.0,122882.60807948162,122882.60807948162,31.706579006230964,observed,observed
2026-06-26,Dhanmondi,36,18:00,87383.40296670227,0.0,0.0,9643.352936461764,0.0,0.0,0.0,0.0,0.0,8000.0,8.39,0.0,0.0,115272.75767537055,115272.75767537055,31.26814792447284,observed,observed
2026-06-26,Dhanmondi,37,18:30,102646.2037256431,0.0,0.0,14471.859524164991,0.0,0.0,0.0,0.0,0.0,8000.0,8.39,0.0,0.0,130744.70377068083,130744.70377068083,30.78630355237632,observed,observed
2026-06-26,Dhanmondi,38,19:00,88466.09534952433,0.0,0.0,3925.0012501070014,0.0,0.0,0.0,0.0,0.0,8000.0,8.39,0.0,0.0,125357.32932950217,125357.32932950217,30.30449333968202,observed,observed
2026-06-26,Dhanmondi,39,19:30,89802.96709229052,0.0,0.0,9291.71881733089,0.0,0.0,0.0,0.0,0.0,8000.0,8.39,0.0,-1.4551915228366852e-11,119381.8837128462,119381.8837128462,29.870456784425397,observed,observed
2026-06-26,Dhanmondi,40,20:00,87922.07915794833,0.0,0.0,11483.009957865212,0.0,0.0,0.0,0.0,0.0,8000.0,8.39,0.0,0.0,113343.66645512181,113343.66645512181,29.479456912825416,observed,observed
2026-06-26,Dhanmondi,41,20:30,71238.05046954661,0.0,0.0,316.1046790892623,0.0,0.0,0.0,0.0,0.0,8000.0,8.39,0.0,0.0,105162.88924163258,105162.88924163258,29.127226443433695,observed,observed
2026-06-26,Dhanmondi,42,21:00,79123.65174024962,0.0,0.0,11428.571428571431,0.0,0.0,0.0,0.0,0.0,8000.0,8.39,0.0,0.0,100378.10093442626,100378.10093442626,28.80992121501961,observed,observed
2026-06-26,Dhanmondi,43,21:30,65936.9108290262,0.0,0.0,3903.4015320904,0.0,0.0,0.0,0.0,0.0,8000.0,8.39,0.0,7.275957614183426e-12,91983.13716233664,91983.13716233664,28.524078232290755,observed,observed
2026-06-26,Dhanmondi,44,22:00,55977.927828504726,0.0,0.0,284.8329023299329,0.0,0.0,0.0,0.0,0.0,8000.0,8.39,0.0,0.0,82581.58610804917,82581.58610804917,28.266577871569616,observed,observed
2026-06-26,Dhanmondi,45,22:30,45375.860777862836,0.0,0.0,0.0,0.0,0.0,0.0,0.0,0.0,8000.0,8.39,0.0,0.0,67283.21633087778,67283.21633087778,28.034609833948025,observed,observed
2026-06-26,Dhanmondi,46,23:00,41629.79973343241,0.0,0.0,0.0,0.0,0.0,0.0,0.0,0.0,8000.0,8.39,0.0,0.0,61728.566097905226,61728.566097905226,27.82564247433999,observed,observed
2026-06-26,Dhanmondi,47,23:30,41223.239491062675,0.0,0.0,0.0,0.0,0.0,0.0,0.0,0.0,8000.0,8.39,0.0,0.0,61125.71955637488,61125.71955637488,27.637395171697424,observed,observed
2026-06-26,Kalyanpur,0,00:00,60321.59352389219,8000.0,0.0,0.0,0.0,0.0,0.0,0.0,0.0,9800.000000000002,8.39,0.0,0.0,53528.64026880153,53293.9770445624,27.46781343884368,observed,observed
2026-06-26,Kalyanpur,1,00:30,50709.36438151148,0.0,0.0,0.0,0.0,0.0,0.0,0.0,0.0,9800.000000000002,8.39,0.0,0.0,51879.217382742696,51644.55415850357,27.315046500279454,observed,observed
2026-06-26,Kalyanpur,2,01:00,58216.028801193264,0.0,0.0,0.0,0.0,0.0,0.0,0.0,0.0,9800.000000000002,8.39,0.0,0.0,59559.05876900079,59324.39554476162,27.177427093250433,observed,observed
2026-06-26,Kalyanpur,3,01:30,56092.892832734615,0.0,0.0,0.0,0.0,0.0,0.0,0.0,0.0,9800.000000000002,8.39,0.0,0.0,57386.942557641894,57152.27933340272,27.053453271630275,observed,observed
2026-06-26,Kalyanpur,4,02:00,57573.78210064267,0.0,0.0,0.0,0.0,0.0,0.0,0.0,0.0,9800.000000000002,8.39,0.0,0.0,58901.99558949538,58667.33236525622,26.94177201403071,observed,observed
2026-06-26,Kalyanpur,5,02:30,56392.357747196496,8000.0,0.0,0.0,0.0,0.0,0.0,0.0,0.0,13600.000000000002,8.39,0.0,0.0,49508.7579552783,49274.09473103911,26.841164457241547,observed,observed
2026-06-26,Kalyanpur,6,03:00,54294.810457437976,8000.0,0.0,0.0,0.0,0.0,0.0,0.0,0.0,17400.0,8.39,0.0,0.0,47362.8207473641,47128.1575231249,26.75053259384171,observed,observed
2026-06-26,Kalyanpur,7,03:30,41054.33098925222,0.0,0.0,0.0,0.0,0.0,0.0,0.0,0.0,17400.0,8.39,0.0,0.0,42001.444661590605,41766.781437351434,26.668887288802257,observed,observed
2026-06-26,Kalyanpur,8,04:00,57848.43027213037,8000.0,0.0,0.0,0.0,0.0,0.0,0.0,0.0,21200.0,8.39,0.0,0.0,50998.42172778701,50763.75850354787,26.595337484297207,observed,observed
2026-06-26,Kalyanpur,9,04:30,55978.57677977704,8000.0,0.0,0.0,0.0,0.0,0.0,0.0,0.0,25000.0,8.39,0.0,0.0,49085.4311591447,48850.76793490553,26.529080474906202,observed,observed
2026-06-26,Kalyanpur,10,05:00,61852.19297981149,0.0,0.0,0.0,0.0,0.0,0.0,0.0,0.0,25000.0,8.39,0.0,0.0,63279.10839223479,63044.44516799561,26.46939314707464,observed,observed
2026-06-26,Kalyanpur,11,05:30,66977.02476257896,0.0,0.0,0.0,0.0,0.0,0.0,0.0,0.0,25000.0,8.39,0.0,0.0,68522.16882793448,68287.50560369532,26.569055482024634,observed,observed
2026-06-26,Kalyanpur,12,06:00,85265.81695001519,8000.0,0.0,0.0,0.0,0.0,0.0,0.0,0.0,28800.0,8.39,0.0,0.0,79048.32100925593,78813.65778501672,27.228582882337562,observed,observed
2026-06-26,Kalyanpur,13,06:30,86376.08098384824,2526.315789473684,0.0,0.0,0.0,0.0,0.0,0.0,0.0,30000.0,8.39,0.0,0.0,85784.15937701875,85549.49615277948,27.87759056933704,observed,observed
2026-06-26,Kalyanpur,14,07:00,88000.0,0.0,2042.153833270962,0.0,4619.055408152224,0.0,0.0,0.0,0.0,28978.92308336452,18.25510204081633,0.0,0.0,96740.55758043412,96505.89435619494,28.510832628787977,observed,observed
2026-06-26,Kalyanpur,15,07:30,88000.0,0.0,555.739684503502,0.0,11200.000000000002,0.0,0.0,0.0,0.0,28701.05324111277,18.25510204081633,0.0,0.0,102028.65290025182,101793.9896760126,29.123190579660832,observed,observed
2026-06-26,Kalyanpur,16,08:00,88000.0,0.0,0.0,0.0,3838.087235777042,0.0,0.0,0.0,0.0,28701.05324111277,18.25510204081633,0.0,0.0,93956.77011201673,93722.10688777766,29.709714746696275,observed,observed
2026-06-26,Kalyanpur,17,08:30,88000.0,2734.6247555520677,0.0,0.0,0.0,0.0,0.0,0.0,0.0,30000.0,13.550229591836736,0.0,0.0,87232.42721497497,86997.76399073582,30.26566426851669,observed,observed
2026-06-26,Kalyanpur,18,09:00,88000.0,0.0,2386.2490010525485,0.0,7202.302037130661,0.0,0.0,0.0,0.0,28806.875499473725,18.25510204081633,0.0,0.0,99717.83078960617,99483.16756536698,30.786545417899834,observed,observed
2026-06-26,Kalyanpur,19,09:30,88000.0,2511.841053739525,0.0,0.0,0.0,0.0,0.0,0.0,0.0,30000.0,13.550229591836736,0.0,0.0,87460.35048391424,87225.68725967506,31.268147924472835,observed,observed
2026-06-26,Kalyanpur,20,10:00,88000.0,0.0,0.0,0.0,10766.799398163275,0.0,0.0,0.0,0.0,30000.0,18.25510204081633,0.0,0.0,101045.3260195712,100810.662795332,31.706579006230964,observed,observed
2026-06-26,Kalyanpur,21,10:30,88000.0,-0.0,0.0,0.0,10706.177958782515,0.0,0.0,0.0,0.0,30000.0,18.25510204081633,0.0,0.0,100983.30605797142,100748.64283373224,32.0982948348052,observed,observed
2026-06-26,Kalyanpur,22,11:00,88000.0,0.0,5583.784193618767,0.0,11200.000000000004,0.0,0.0,0.0,0.0,27208.10790319062,18.25510204081633,5.213155068121438,0.0,106915.49118773623,106680.82796349708,32.440129180145576,observed,observed
2026-06-26,Kalyanpur,23,11:30,88000.0,0.0,8000.0,0.0,11200.000000000002,0.0,0.0,0.0,1.5299179715784703,23208.10790319062,18.25510204081633,41.744897959183675,0.0,109265.4158655576,109030.7526413185,32.72931900308603,observed,observed
2026-06-26,Kalyanpur,24,12:00,88000.0,8000.0,8000.0,0.0,19200.0,0.0,0.0,0.0,11178.653547182634,23008.10790319062,18.25510204081633,41.744897959183675,0.0,120700.39308418454,120465.72985994534,32.963526788926515,observed,observed
2026-06-26,Kalyanpur,25,12:30,88000.0,8000.0,8000.0,0.0,19200.0,0.0,0.0,0.0,18182.952070961517,22808.10790319062,18.25510204081633,41.744897959183675,0.0,127866.27911254959,127631.61588831045,33.140859441510656,observed,observed
2026-06-26,Kalyanpur,26,13:00,88000.0,8000.0,8000.0,0.0,19200.0,0.0,0.0,0.0,19394.72476734445,22608.10790319062,18.25510204081633,41.744897959183675,0.0,129106.00711744338,128871.34389320422,33.25988358507854,observed,observed
2026-06-26,Kalyanpur,27,13:30,88000.0,8000.0,8000.0,0.0,19200.0,0.0,0.0,0.0,16450.374985484523,22408.10790319062,18.25510204081633,41.744897959183675,0.0,126093.7318849099,125859.06866067075,33.3196371502101,observed,observed
2026-06-26,Kalyanpur,28,14:00,88000.0,8000.0,6082.582361087872,0.0,19200.000000000004,0.0,0.0,0.0,0.0,23166.816722646683,18.25510204081633,5.213155068121438,0.0,107400.28124440658,107165.61802016744,33.3196371502101,observed,observed
2026-06-26,Kalyanpur,29,14:30,88000.0,0.0,8000.0,0.0,11200.000000000002,0.0,0.0,0.0,3694.071543309108,19166.816722646683,18.25510204081633,41.744897959183675,0.0,113043.14354982642,112808.48032558734,33.25988358507854,observed,observed
2026-06-26,Kalyanpur,30,15:00,88000.0,0.0,4925.015700147915,0.0,11200.000000000004,0.0,0.0,0.0,0.0,16704.30887257272,18.25510204081633,5.213155068121438,0.0,106275.22336778248,106040.56014354329,33.140859441510656,observed,observed
2026-06-26,Kalyanpur,31,15:30,88000.0,0.0,0.0,0.0,9544.320539145716,0.0,0.0,0.0,0.0,16704.30887257272,18.25510204081633,0.0,0.0,99794.64486341174,99559.98163917255,32.963526788926515,observed,observed
2026-06-26,Kalyanpur,32,16:00,88000.0,0.0,3645.3802987939875,0.0,11200.000000000004,0.0,0.0,0.0,0.0,14881.618723175729,18.25510204081633,5.213155068121438,0.0,105031.52489573827,104796.86167149908,32.72931900308603,observed,observed
2026-06-26,Kalyanpur,33,16:30,88000.0,0.0,7672.8581126110375,0.0,11200.000000000004,0.0,0.0,0.0,0.0,11045.18966687021,18.25510204081633,5.213155068121438,0.0,108945.8961283069,108711.23290406771,32.440129180145576,observed,observed
2026-06-26,Kalyanpur,34,17:00,88000.0,6220.653332904814,8000.0,0.0,17420.653332904814,0.0,0.0,0.0,18553.83725877377,9999.999999999996,18.25510204081633,41.744897959183675,0.0,128245.7205336211,128011.05730938191,32.0982948348052,observed,observed
2026-06-26,Kalyanpur,35,17:30,88000.0,0.0,8000.0,0.0,11200.000000000002,0.0,0.0,0.0,10027.502512836332,5999.999999999996,18.25510204081633,41.744897959183675,0.0,119522.68526868304,119288.0220444438,31.706579006230964,observed,observed
2026-06-26,Kalyanpur,36,18:00,88000.0,0.0,0.0,0.0,9450.485877732528,0.0,0.0,0.0,0.0,5999.999999999996,18.25510204081633,0.0,0.0,99698.64545862978,121362.66513639223,31.26814792447284,observed,observed
2026-06-26,Kalyanpur,37,18:30,88000.0,2982.4223336816913,2833.3012169976046,0.0,14182.42233368169,0.0,0.0,0.0,0.0,5999.999999999998,18.25510204081633,5.213155068121438,0.0,104242.2520199327,138114.41795992616,30.78630355237632,observed,observed
2026-06-26,Kalyanpur,38,19:00,88000.0,0.0,0.0,0.0,3846.501225104861,0.0,0.0,0.0,0.0,5999.999999999998,18.25510204081633,0.0,0.0,93965.37821008146,118234.07595309144,30.30449333968202,observed,observed
2026-06-26,Kalyanpur,39,19:30,88000.0,0.0,0.0,0.0,9105.884440984271,0.0,0.0,0.0,0.0,5999.999999999998,18.25510204081633,0.0,0.0,99346.09414852146,124470.71576853287,29.870456784425397,observed,observed
2026-06-26,Kalyanpur,40,20:00,88000.0,53.34975870789956,0.0,0.0,11253.349758707907,0.0,0.0,0.0,0.0,6025.34113538625,18.25510204081633,2.9218865869099417,0.0,101488.52045647902,128411.70891628538,29.479456912825416,observed,observed
2026-06-26,Kalyanpur,41,20:30,88000.0,0.0,0.0,0.0,309.78258550747705,0.0,0.0,0.0,0.0,6025.34113538625,18.25510204081633,0.0,0.0,90347.06831085174,114524.66903960439,29.127226443433695,observed,observed
2026-06-26,Kalyanpur,42,21:00,88000.0,0.0,50.682270772504815,0.0,11200.000000000002,0.0,0.0,0.0,0.0,5999.999999999997,18.25510204081633,5.213155068121438,0.0,101537.77938027306,101303.11615603398,28.80992121501961,observed,observed
2026-06-26,Kalyanpur,43,21:30,88000.0,0.0,9.094947017729282e-13,0.0,3825.333501448592,0.0,0.0,0.0,0.0,5999.999999999997,18.25510204081633,0.0,0.0,93943.72215206434,93709.05892782514,28.524078232290755,observed,observed
2026-06-26,Kalyanpur,44,22:00,88000.0,0.0,0.0,0.0,279.13624428333424,0.0,0.0,0.0,0.0,5999.999999999997,18.25510204081633,0.0,0.0,90315.71496580892,90081.05174156983,28.266577871569616,observed,observed
2026-06-26,Kalyanpur,45,22:30,79014.94111616588,-9.573628439715034e-13,0.0,0.0,0.0,0.0,0.0,0.0,0.0,5999.999999999996,8.39,0.0,0.0,80837.79705479325,80603.13383055408,28.034609833948025,observed,observed
2026-06-26,Kalyanpur,46,23:00,65473.72010791755,0.0,0.0,0.0,0.0,0.0,0.0,0.0,0.0,5999.999999999996,8.39,0.0,0.0,66984.18329167516,66749.520067436,27.82564247433999,observed,observed
2026-06-26,Kalyanpur,47,23:30,66771.30516700928,-1.795055332446569e-12,0.0,0.0,0.0,0.0,0.0,0.0,0.0,5999.999999999995,8.39,0.0,0.0,68311.70333011921,68077.04010588008,27.637395171697424,observed,observed
2026-06-27,Dhanmondi,0,00:00,43963.8666200409,0.0,0.0,0.0,0.0,0.0,0.0,0.0,0.0,8000.0,8.39,0.0,7.275957614183426e-12,50091.838722376255,49734.08649479013,28.4107313714669,observed,observed
2026-06-27,Dhanmondi,1,00:30,43860.11287968068,0.0,0.0,0.0,0.0,0.0,0.0,0.0,0.0,8000.0,8.39,0.0,7.275957614183426e-12,49973.62310513118,49615.87087754507,28.247658427720488,observed,observed
2026-06-27,Dhanmondi,2,01:00,59592.04895642204,10000.0,0.0,0.0,0.0,0.0,0.0,0.0,0.0,12750.0,8.39,0.0,7.275957614183426e-12,56504.51402982098,56146.761802234876,28.10075113098502,observed,observed
2026-06-27,Dhanmondi,3,01:30,48212.112142816724,0.0,0.0,0.0,0.0,0.0,0.0,0.0,0.0,12750.0,8.39,0.0,7.275957614183426e-12,54932.232571695604,54574.48034410951,27.968406958258953,observed,observed
2026-06-27,Dhanmondi,4,02:00,56922.5794040131,10000.0,0.0,0.0,0.0,0.0,0.0,0.0,0.0,17500.0,8.39,0.0,7.275957614183426e-12,53462.956301306556,53105.20407372046,27.849182246867755,observed,observed
2026-06-27,Dhanmondi,5,02:30,52306.37593423312,10000.0,0.0,0.0,0.0,0.0,0.0,0.0,0.0,22250.0,8.39,0.0,7.275957614183426e-12,48203.31611277762,47845.563885191536,27.741776446419433,observed,observed
2026-06-27,Dhanmondi,6,03:00,44884.539954376356,0.0,0.0,0.0,0.0,0.0,0.0,0.0,0.0,22250.0,8.39,0.0,7.275957614183426e-12,51140.84154503746,50783.08931745135,27.645017931885537,observed,observed
2026-06-27,Dhanmondi,7,03:30,37922.56821924587,0.0,0.0,0.0,0.0,0.0,0.0,0.0,0.0,22250.0,8.39,0.0,7.275957614183426e-12,43208.46452370133,42850.712296115234,27.55785122305112,observed,observed
2026-06-27,Dhanmondi,8,04:00,49592.668620994635,0.0,0.0,0.0,0.0,0.0,0.0,0.0,0.0,22250.0,8.39,0.0,7.275957614183426e-12,56505.22006730625,56147.46783972018,27.479325470918347,observed,observed
2026-06-27,Dhanmondi,9,04:30,40114.023291870406,0.0,0.0,0.0,0.0,0.0,0.0,0.0,0.0,22250.0,8.39,0.0,7.275957614183426e-12,45705.37897879162,45347.62675120552,27.408584085468874,observed,observed
2026-06-27,Dhanmondi,10,05:00,59556.91155547359,0.0,0.0,0.0,0.0,0.0,0.0,0.0,0.0,22250.0,8.39,0.0,7.275957614183426e-12,67858.34454059745,67500.59231301138,27.344855391640518,observed,observed
2026-06-27,Dhanmondi,11,05:30,65545.41568670851,10000.0,0.0,0.0,0.0,0.0,0.0,0.0,0.0,27000.0,8.39,0.0,0.0,63287.70006498034,62929.94783739425,27.4492925503375,observed,observed
2026-06-27,Dhanmondi,12,06:00,68405.04578217353,10000.0,0.0,0.0,0.0,0.0,0.0,0.0,0.0,31750.0,8.39,0.0,0.0,66545.92416036483,66188.17193277874,28.153506904673105,observed,observed
2026-06-27,Dhanmondi,13,06:30,62710.35107918977,0.0,0.0,0.0,0.0,0.0,0.0,0.0,0.0,31750.0,8.39,0.0,7.275957614183426e-12,71451.3311495313,71093.57892194517,28.84650042732201,observed,observed
2026-06-27,Dhanmondi,14,07:00,76550.38478213621,0.0,0.0,5882.474631946008,0.0,0.0,0.0,0.0,0.0,31750.0,8.39,0.0,0.0,80518.06699998144,80160.31477239537,29.522670006673028,observed,observed
2026-06-27,Dhanmondi,15,07:30,88678.44919324882,0.0,0.0,11428.571428571428,0.0,0.0,0.0,0.0,0.0,31750.0,8.39,0.0,-1.4551915228366852e-11,88017.47243377245,87659.72020618634,30.176548558983853,observed,observed
2026-06-27,Dhanmondi,16,08:00,71963.87895415384,0.0,0.0,412.19602805504155,0.0,0.0,0.0,0.0,0.0,31750.0,8.39,0.0,0.0,81525.02582233993,81167.27359475382,30.80284923179625,observed,observed
2026-06-27,Dhanmondi,17,08:30,87065.23414171269,9662.331629022985,0.0,0.0,0.0,0.0,0.0,0.0,0.0,36339.60752378592,8.39,0.0,0.0,88191.82677490018,87834.07454731407,31.396508150113934,observed,observed
2026-06-27,Dhanmondi,18,09:00,110000.00000000001,7706.089423608595,0.0,10305.30604141299,0.0,0.0,0.0,0.0,0.0,40000.0,8.39,0.0,1.4551915228366852e-11,104810.57961726435,104452.82738967823,31.95272535972435,observed,observed
2026-06-27,Dhanmondi,19,09:30,96192.8846472599,0.0,0.0,0.0,0.0,0.0,0.0,0.0,0.0,40000.0,8.39,0.0,0.0,109600.87986879167,109243.12764120559,32.46700363662228,observed,observed
2026-06-27,Dhanmondi,20,10:00,104548.16902604396,0.0,0.0,11428.571428571428,0.0,0.0,0.0,0.0,0.0,40000.0,8.39,0.0,0.0,106099.2179113482,105741.46568376212,32.93518484874663,observed,observed
2026-06-27,Dhanmondi,21,10:30,105607.54516056277,-0.0,0.0,13110.474461604697,0.0,0.0,0.0,0.0,0.0,40000.0,8.39,0.0,0.0,105389.91913036903,105032.16690278292,33.35348357603203,observed,observed
2026-06-27,Dhanmondi,22,11:00,110000.00000000001,0.0,0.0,14032.144337201997,0.0,0.0,0.0,0.0,0.0,40000.0,12.923512099774747,0.0,0.0,109344.4848684396,108986.7326408535,33.71851771694479,observed,observed
2026-06-27,Dhanmondi,23,11:30,110000.00000000001,0.0,3203.992143338052,11428.571428571428,0.0,0.0,0.0,0.0,0.0,38398.003928330974,12.923512099774747,0.0,1.4551915228366852e-11,115779.01715178462,115421.26492419853,34.02733583403767,observed,observed
2026-06-27,Dhanmondi,24,12:00,110000.00000000001,0.0,0.0,19591.836734693876,0.0,0.0,0.0,0.0,0.0,38398.003928330974,12.769210194778278,0.0,0.0,103009.84607681347,131273.7202657558,34.27744101742469,observed,observed
2026-06-27,Dhanmondi,25,12:30,110000.00000000001,0.0,594.4239303486673,18631.89579789283,0.0,0.0,0.0,0.0,0.0,38100.79196315664,12.923512099774747,0.0,1.4551915228366852e-11,104747.0045828761,138435.46695672898,34.46681107323066,observed,observed
2026-06-27,Dhanmondi,26,13:00,110000.00000000001,0.0,0.0,19591.836734693876,0.0,0.0,0.0,0.0,0.0,38100.79196315664,12.108806229027035,0.0,0.0,103009.84607681356,125385.08510538616,34.59391487378436,observed,observed
2026-06-27,Dhanmondi,27,13:30,110000.00000000001,1175.8745216548552,0.0,19591.836734693876,0.0,0.0,0.0,0.0,0.0,38659.332360942695,8.738469670046712,0.0,0.0,101670.07045139947,122046.64187417722,34.65772473735798,observed,observed
2026-06-27,Dhanmondi,28,14:00,110000.00000000001,1598.0310289678323,0.0,19591.836734693876,0.0,0.0,0.0,0.0,0.0,39418.397099702415,8.738469670046712,0.0,0.0,101189.0710010398,122284.20084166476,34.65772473735798,observed,observed
2026-06-27,Dhanmondi,29,14:30,110000.00000000001,0.0,4355.772903506352,11428.571428571428,0.0,0.0,0.0,0.0,0.0,37240.51064794924,12.923512099774747,0.0,1.4551915228366852e-11,117025.72449332695,116667.97226574084,34.59391487378436,observed,observed
2026-06-27,Dhanmondi,30,15:00,110000.00000000001,0.0,8167.182042683704,11428.571428571428,0.0,0.0,0.0,0.0,0.0,33156.919626607385,12.923512099774747,0.0,1.4551915228366852e-11,121151.2594212932,120793.50719370712,34.46681107323066,observed,observed
2026-06-27,Dhanmondi,31,15:30,110000.00000000001,0.0,728.9922458754556,9471.589623438913,0.0,0.0,0.0,0.0,0.0,32792.423503669655,12.923512099774747,0.0,1.4551915228366852e-11,115329.79338077562,114972.04115318952,34.27744101742469,observed,observed
2026-06-27,Dhanmondi,32,16:00,110000.00000000001,0.0,0.0,15088.384339914755,0.0,0.0,0.0,0.0,0.0,32792.423503669655,12.923512099774747,0.0,0.0,108141.01920593821,107783.26697835211,34.02733583403767,observed,observed
2026-06-27,Dhanmondi,33,16:30,110000.00000000001,0.0,1993.3300882170101,11428.571428571428,0.0,0.0,0.0,0.0,0.0,31795.75845956115,12.923512099774747,0.0,1.4551915228366852e-11,114468.57568198131,114110.82345439523,33.71851771694479,observed,observed
2026-06-27,Dhanmondi,34,17:00,110000.00000000001,0.0,10000.0,3912.003395162126,0.0,0.0,0.0,0.0,0.0,26795.75845956115,49.3,0.0,0.0,131699.4097496587,131341.65752207264,33.35348357603203,observed,observed
2026-06-27,Dhanmondi,35,17:30,110000.00000000001,0.0,10000.0,8068.060388597787,0.0,0.0,0.0,0.0,0.0,21795.75845956115,49.3,0.0,0.0,126964.05427159253,126606.30204400643,32.93518484874663,observed,observed
2026-06-27,Dhanmondi,36,18:00,110000.00000000001,0.0,1125.4706171702542,6375.475734689396,0.0,0.0,0.0,0.0,0.0,21233.023150976027,12.923512099774747,0.0,1.4551915228366852e-11,119286.61895267082,118928.86672508475,32.46700363662228,observed,observed
2026-06-27,Dhanmondi,37,18:30,110000.00000000001,0.0,10000.0,1187.481444786197,0.0,0.0,0.0,0.0,0.0,16233.023150976025,14.707239227669064,0.0,0.0,134803.6934404748,134445.9412128887,31.95245587151737,observed,observed
2026-06-27,Dhanmondi,38,19:00,110000.00000000001,0.0,6977.220916010079,2783.2413903922225,0.0,0.0,0.0,0.0,0.0,12744.412692970986,12.923512099774747,0.0,0.0,129713.59783948689,129355.84561190076,31.43828686755113,observed,observed
2026-06-27,Dhanmondi,39,19:30,110000.00000000001,0.0,5837.295737107366,7408.846323407666,0.0,0.0,0.0,0.0,0.0,9825.764824417303,12.923512099774747,0.0,0.0,123209.37109401675,122851.61886643067,30.97508814983306,observed,observed
2026-06-27,Dhanmondi,40,20:00,110000.00000000001,0.0,3651.5296488346144,10738.517663593622,0.0,0.0,0.0,0.0,0.0,7999.999999999995,12.923512099774747,0.0,0.0,117049.6774444292,116691.9252168431,30.55780696321809,observed,observed
2026-06-27,Dhanmondi,41,20:30,96511.80312342984,5.7441770638290205e-12,0.0,974.4652443810263,0.0,0.0,0.0,0.0,0.0,7999.999999999998,8.39,0.0,0.0,108853.95869208981,108496.20646450373,30.18189143918424,observed,observed
2026-06-27,Dhanmondi,42,21:00,102722.31692279718,0.0,0.0,11428.571428571428,0.0,0.0,0.0,0.0,0.0,7999.999999999998,8.39,0.0,0.0,104018.86656561244,103661.11433802637,29.84324094224718,observed,observed
2026-06-27,Dhanmondi,43,21:30,88777.01261676248,-0.0,0.0,4986.299615143299,0.0,0.0,0.0,0.0,0.0,7999.999999999998,8.39,0.0,0.0,95470.01218943551,95112.25996184941,29.5381613386036,observed,observed
2026-06-27,Dhanmondi,44,22:00,76402.19898282389,0.0,0.0,1225.177320822567,0.0,0.0,0.0,0.0,0.0,7999.999999999998,8.39,0.0,0.0,85655.68805098996,85297.93582340388,29.263324699055946,observed,observed
2026-06-27,Dhanmondi,45,22:30,61070.217021234974,0.0,0.0,0.0,0.0,0.0,0.0,0.0,0.0,7999.999999999998,8.39,0.0,7.275957614183426e-12,69582.58444842337,69224.83222083728,29.015732996642125,observed,observed
2026-06-27,Dhanmondi,46,23:00,56214.87957904813,0.0,0.0,0.0,0.0,0.0,0.0,0.0,0.0,7999.999999999998,8.39,0.0,7.275957614183426e-12,64050.47822585856,63692.725998272464,28.792685402969507,observed,observed
2026-06-27,Dhanmondi,47,23:30,55675.43260080751,0.0,0.0,0.0,0.0,0.0,0.0,0.0,0.0,7999.999999999998,8.39,0.0,7.275957614183426e-12,63435.8395893883,63078.0873618022,28.591748826508656,observed,observed
2026-06-27,Kalyanpur,0,00:00,52940.58483280597,0.0,0.0,0.0,0.0,0.0,0.0,0.0,0.0,5999.999999999995,8.39,0.0,0.0,55421.17733740871,54773.75781061373,28.4107313714669,observed,observed
2026-06-27,Kalyanpur,1,00:30,59200.73500647212,8000.0,0.0,0.0,0.0,0.0,0.0,0.0,0.0,9799.999999999996,8.39,0.0,0.0,53599.804829525965,52952.38530273096,28.247658427720488,observed,observed
2026-06-27,Kalyanpur,2,01:00,59012.77481943309,0.0,0.0,0.0,0.0,0.0,0.0,0.0,0.0,9799.999999999996,8.39,0.0,0.0,61777.8868285884,61130.46730179338,28.10075113098502,observed,observed
2026-06-27,Kalyanpur,3,01:30,56793.616467717635,0.0,0.0,0.0,0.0,0.0,0.0,0.0,0.0,9799.999999999996,8.39,0.0,0.0,59454.74723844918,58807.32771165419,27.968406958258953,observed,observed
2026-06-27,Kalyanpur,4,02:00,66319.37688982548,8000.0,0.0,0.0,0.0,0.0,0.0,0.0,0.0,13599.999999999996,8.39,0.0,-7.275957614183426e-12,61051.99893476288,60404.57940796788,27.849182246867755,observed,observed
2026-06-27,Kalyanpur,5,02:30,56967.94678777341,8000.0,0.0,0.0,0.0,0.0,0.0,0.0,0.0,17399.999999999996,8.39,0.0,0.0,51262.396729177686,50614.977202382644,27.741776446419433,observed,observed
2026-06-27,Kalyanpur,6,03:00,54748.20784726301,8000.0,0.0,0.0,0.0,0.0,0.0,0.0,0.0,21199.999999999996,8.39,0.0,0.0,48938.64934608213,48291.22981928713,27.645017931885537,observed,observed
2026-06-27,Kalyanpur,7,03:30,41261.632890861074,0.0,0.0,0.0,0.0,0.0,0.0,0.0,0.0,21199.999999999996,8.39,0.0,0.0,43194.99455658472,42547.575029789776,27.55785122305112,observed,observed
2026-06-27,Kalyanpur,8,04:00,50431.43977888345,0.0,0.0,0.0,0.0,0.0,0.0,0.0,0.0,21199.999999999996,8.39,0.0,0.0,52794.46338179424,52147.043854999276,27.479325470918347,observed,observed
2026-06-27,Kalyanpur,9,04:30,48439.79560469236,0.0,0.0,0.0,0.0,0.0,0.0,0.0,0.0,21199.999999999996,8.39,0.0,0.0,50709.49840984591,50062.07888305091,27.408584085468874,observed,observed
2026-06-27,Kalyanpur,10,05:00,69831.06531031753,8000.0,0.0,0.0,0.0,0.0,0.0,0.0,0.0,24999.999999999996,8.39,0.0,-7.275957614183426e-12,64728.231589170835,64080.812062375815,27.344855391640518,observed,observed
2026-06-27,Kalyanpur,11,05:30,67044.78868997142,0.0,0.0,0.0,0.0,0.0,0.0,0.0,0.0,24999.999999999996,8.39,0.0,-1.4551915228366852e-11,70186.25002482926,69538.83049803422,27.4492925503375,observed,observed
2026-06-27,Kalyanpur,12,06:00,83058.63374860852,5999.6638962548495,0.0,0.0,0.0,0.0,0.0,0.0,0.0,27849.84035072105,8.39,0.0,-1.4551915228366852e-11,80669.65726035729,80022.23773356227,28.153506904673105,observed,observed
2026-06-27,Kalyanpur,13,06:30,88000.0,4526.651893218843,0.0,0.0,0.0,0.0,0.0,0.0,0.0,30000.0,8.389999999999997,0.0,-1.4551915228366852e-11,87384.58864750653,86737.16912071146,28.84650042732201,observed,observed
2026-06-27,Kalyanpur,14,07:00,88000.0,0.0,-0.0,0.0,5764.825139307088,0.0,0.0,0.0,0.0,30000.0,18.25510204081633,0.0,-1.4551915228366852e-11,98158.28477279084,97510.86524599581,29.522670006673028,observed,observed
2026-06-27,Kalyanpur,15,07:30,88000.0,0.0,339.9396429394028,0.0,11199.999999999998,0.0,0.0,0.0,0.0,29830.030178530298,18.25510204081633,0.0,0.0,104186.20556920258,103538.78604240771,30.176548558983853,observed,observed
2026-06-27,Kalyanpur,16,08:00,88000.0,0.0,3757.8085847467846,0.0,403.95210749394073,0.0,0.0,0.0,0.0,27951.125886156904,18.25510204081633,0.0,-1.4551915228366852e-11,96283.41262854851,95635.9931017535,30.80284923179625,observed,observed
2026-06-27,Kalyanpur,17,08:30,88000.0,2465.5881119017668,0.0,0.0,0.0,0.0,0.0,0.0,0.0,29122.280239310243,13.550229591836738,0.0,-1.4551915228366852e-11,89542.22596278791,88894.80643599288,31.396508150113934,observed,observed
2026-06-27,Kalyanpur,18,09:00,88000.0,0.0,0.0,0.0,10099.19992058473,0.0,0.0,0.0,0.0,29122.280239310243,18.255102040816325,0.0,-1.4551915228366852e-11,102695.75171159812,102048.3321848031,31.95272535972435,observed,observed
2026-06-27,Kalyanpur,19,09:30,88000.0,1847.831075136326,0.0,0.0,0.0,0.0,0.0,0.0,0.0,29999.999999999996,13.550229591836738,0.0,-1.4551915228366852e-11,90188.92872200625,89541.50919521126,32.46700363662228,observed,observed
2026-06-27,Kalyanpur,20,10:00,88000.0,0.0,846.7828477766769,0.0,11199.999999999998,0.0,0.0,0.0,0.0,29576.60857611166,18.25510204081633,5.213155068121434,0.0,104690.2679037037,104042.84837690866,32.93518484874663,observed,observed
2026-06-27,Kalyanpur,21,10:30,88000.0,1648.264972372605,719.0688759772995,0.0,12848.264972372603,0.0,0.0,0.0,0.0,29999.999999999996,18.25510204081633,5.213155068121434,0.0,104563.25465353245,103915.83512673742,33.35348357603203,observed,observed
2026-06-27,Kalyanpur,22,11:00,88000.0,2551.501450457957,6070.442984588789,0.0,13751.501450457956,0.0,0.0,0.0,0.0,28176.741696673133,22.881134795688517,5.712920379589619,0.0,109885.26765524704,109237.848128452,33.71851771694479,observed,observed
2026-06-27,Kalyanpur,23,11:30,88000.0,0.0,7790.105434250091,0.0,11199.999999999998,0.0,0.0,0.0,0.0,24281.688979548086,22.881134795688517,5.712920379589621,-1.4551915228366852e-11,111595.49492209606,110948.07539530112,34.02733583403767,observed,observed
2026-06-27,Kalyanpur,24,12:00,88000.0,8000.0,8000.0,0.0,19199.999999999996,0.0,0.0,0.0,10528.905515582745,24081.688979548086,22.723683872222733,37.276316127777264,0.0,122826.48746550574,122179.06793871071,34.27744101742469,observed,observed
2026-06-27,Kalyanpur,25,12:30,88000.0,7059.257881934974,8000.0,0.0,18259.257881934973,0.0,0.0,0.0,17080.85585527069,23434.8364734672,22.881134795688517,37.11886520431148,0.0,129685.43703753095,129038.01751073595,34.46681107323066,observed,observed
2026-06-27,Kalyanpur,26,13:00,88000.0,8000.0,8000.0,0.0,19199.999999999996,0.0,0.0,0.0,18008.572871851902,23234.8364734672,22.049802274517383,37.95019772548262,-1.4551915228366852e-11,130656.62331092134,130009.20378412632,34.59391487378436,observed,observed
2026-06-27,Kalyanpur,27,13:30,88000.0,8000.0,8000.0,0.0,19199.999999999996,0.0,0.0,0.0,14988.41530276715,23034.8364734672,18.61068333678236,41.38931666321764,-1.4551915228366852e-11,127494.95275605744,126847.5332292623,34.65772473735798,observed,observed
2026-06-27,Kalyanpur,28,14:00,88000.0,8000.0,4982.092308269126,0.0,19199.999999999996,0.0,0.0,0.0,0.0,24343.79031933264,18.61068333678236,9.983371838495778,-1.4551915228366852e-11,108802.88837616103,108155.46884936605,34.65772473735798,observed,observed
2026-06-27,Kalyanpur,29,14:30,88000.0,0.0,8000.0,0.0,11199.999999999998,0.0,0.0,0.0,2643.303527628341,20343.79031933264,22.881134795688517,37.11886520431148,0.0,114571.39645042067,113923.97692362567,34.59391487378436,observed,observed
2026-06-27,Kalyanpur,30,15:00,88000.0,0.0,4227.285561167082,0.0,11199.999999999998,0.0,0.0,0.0,0.0,18230.147538749097,22.881134795688517,5.712920379589621,-1.4551915228366852e-11,108052.22298810778,107404.8034613128,34.46681107323066,observed,observed
2026-06-27,Kalyanpur,31,15:30,88000.0,0.0,0.0,0.0,9282.157830970134,0.0,0.0,0.0,0.0,18230.147538749097,22.881134795688517,0.0,-1.4551915228366852e-11,101840.42616724188,101193.00664044687,34.27744101742469,observed,observed
2026-06-27,Kalyanpur,32,16:00,88000.0,3586.6166531164613,3867.580897958764,0.0,14786.61665311646,0.0,0.0,0.0,0.0,18000.000000000033,22.881134795688517,5.712920379589619,0.0,107694.49189782742,107047.07237103238,34.02733583403767,observed,observed
2026-06-27,Kalyanpur,33,16:30,88000.0,0.0,8000.0,0.0,11199.999999999998,0.0,0.0,0.0,644.4928101521436,14000.000000000033,22.881134795688517,37.11886520431148,-1.4551915228366852e-11,112478.92913848956,111831.50961169458,33.71851771694479,observed,observed
2026-06-27,Kalyanpur,34,17:00,88000.0,0.0,8000.0,0.0,3833.7633272588832,0.0,0.0,0.0,26685.577806787285,10000.000000000033,60.0,0.0,0.0,132028.80914031356,131381.38961351858,33.35348357603203,observed,observed
2026-06-27,Kalyanpur,35,17:30,88000.0,0.0,8000.0,0.0,7906.699180825831,0.0,0.0,0.0,13830.643469591414,6000.000000000034,60.0,0.0,-1.4551915228366852e-11,122835.31993207854,122187.90040528355,32.93518484874663,observed,observed
2026-06-27,Kalyanpur,36,18:00,88000.0,0.0,0.0,0.0,6247.966219995607,0.0,0.0,0.0,0.0,6000.000000000034,22.881134795688517,0.0,0.0,98664.06398917822,124390.3184613867,32.46700363662228,observed,observed
2026-06-27,Kalyanpur,37,18:30,88000.0,0.0,8.970718904552805e-11,0.0,1163.731815890473,0.0,0.0,0.0,0.0,5999.999999999989,24.701264518029657,0.0,0.0,93341.60188520359,141325.58157751698,31.95245587151737,observed,observed
2026-06-27,Kalyanpur,38,19:00,88000.0,0.0,0.0,0.0,2727.576562584378,0.0,0.0,0.0,0.0,5999.999999999989,22.881134795688517,0.0,0.0,94978.7223913031,121415.4110843032,31.43828686755113,observed,observed
2026-06-27,Kalyanpur,39,19:30,88000.0,0.0,0.0,0.0,7260.669396939513,0.0,0.0,0.0,0.0,5999.999999999989,22.881134795688517,0.0,0.0,99724.21854804468,127681.04532572215,30.97508814983306,observed,observed
2026-06-27,Kalyanpur,40,20:00,88000.0,0.0,0.0,0.0,10523.747310321749,0.0,0.0,0.0,0.0,5999.999999999989,22.881134795688517,0.0,0.0,103140.1917616855,131751.12323126986,30.55780696321809,observed,observed
2026-06-27,Kalyanpur,41,20:30,88000.0,611.535216682661,0.0,0.0,954.9759394934058,0.0,0.0,0.0,0.0,6290.479227924253,18.25510204081633,0.0,0.0,92482.87510155649,117559.95430726281,30.18189143918424,observed,observed
2026-06-27,Kalyanpur,42,21:00,88000.0,0.0,580.9584558485033,0.0,11199.999999999998,0.0,0.0,0.0,0.0,6000.000000000001,18.25510204081633,5.2131550681214325,0.0,104425.90199668592,103778.48246989086,29.84324094224718,observed,observed
2026-06-27,Kalyanpur,43,21:30,88000.0,0.0,0.0,0.0,4886.573622840433,0.0,0.0,0.0,0.0,6000.000000000001,18.25510204081633,0.0,-1.4551915228366852e-11,97238.88176289461,96591.46223609961,29.5381613386036,observed,observed
2026-06-27,Kalyanpur,44,22:00,88000.0,0.0,-0.0,0.0,1200.6737744061156,0.0,0.0,0.0,0.0,6000.000000000001,18.25510204081633,0.0,-1.4551915228366852e-11,93380.27480203191,92732.85527523693,29.263324699055946,observed,observed
2026-06-27,Kalyanpur,45,22:30,79808.22618557271,0.0,0.0,0.0,0.0,0.0,0.0,0.0,0.0,6000.000000000001,8.39,0.0,-1.4551915228366852e-11,83547.73318774876,82900.31366095376,29.015732996642125,observed,observed
2026-06-27,Kalyanpur,46,23:00,66220.2779471624,0.0,0.0,0.0,0.0,0.0,0.0,0.0,0.0,6000.000000000001,8.39,0.0,-1.4551915228366852e-11,69323.10587487071,68675.68634807573,28.792685402969507,observed,observed
2026-06-27,Kalyanpur,47,23:30,67594.86979078148,-0.0,0.0,0.0,0.0,0.0,0.0,0.0,0.0,6000.000000000001,8.39,0.0,-1.4551915228366852e-11,70762.10581362018,70114.68628682519,28.591748826508656,observed,observed
2026-06-28,Dhanmondi,0,00:00,50090.82605979281,0.0,0.0,0.0,0.0,0.0,0.0,0.0,0.0,7999.999999999998,8.39,0.0,0.0,50486.73408345406,49468.1995593187,28.23183933124436,observed,observed
2026-06-28,Dhanmondi,1,00:30,49989.44932452154,0.0,0.0,0.0,0.0,0.0,0.0,0.0,0.0,7999.999999999998,8.39,0.0,0.0,50384.556086433615,49366.02156229826,28.083233306484576,observed,observed
2026-06-28,Dhanmondi,2,01:00,56426.6448203812,0.0,0.0,0.0,0.0,0.0,0.0,0.0,0.0,7999.999999999998,8.39,0.0,0.0,56872.62990767056,55854.0953835352,27.949354718637583,observed,observed
2026-06-28,Dhanmondi,3,01:30,54907.554249104884,0.0,0.0,0.0,0.0,0.0,0.0,0.0,0.0,7999.999999999998,8.39,0.0,0.0,55341.53274370764,54322.998219572255,27.82874402123902,observed,observed
2026-06-28,Dhanmondi,4,02:00,63478.23883807898,10000.0,0.0,0.0,0.0,0.0,0.0,0.0,0.0,12749.999999999998,8.39,0.0,0.0,53900.92030518028,52882.3857810449,27.720086314574285,observed,observed
2026-06-28,Dhanmondi,5,02:30,48306.22444479266,0.0,0.0,0.0,0.0,0.0,0.0,0.0,0.0,12749.999999999998,8.39,0.0,0.0,48688.02732877084,47669.4928046354,27.62219701062121,observed,observed
2026-06-28,Dhanmondi,6,03:00,51217.53109562056,0.0,0.0,0.0,0.0,0.0,0.0,0.0,0.0,12749.999999999998,8.39,0.0,0.0,51622.34437397756,50603.80984984221,27.53400891865289,observed,observed
2026-06-28,Dhanmondi,7,03:30,53411.66344170949,10000.0,0.0,0.0,0.0,0.0,0.0,0.0,0.0,17500.0,8.39,0.0,0.0,43754.780679515476,42736.24615538009,27.454560610707603,observed,observed
2026-06-28,Dhanmondi,8,04:00,56531.472320140725,0.0,0.0,0.0,0.0,0.0,0.0,0.0,0.0,17500.0,8.39,0.0,0.0,56978.28594334212,55959.751419206776,27.382985940086126,observed,observed
2026-06-28,Dhanmondi,9,04:30,55887.67633559749,10000.0,0.0,0.0,0.0,0.0,0.0,0.0,0.0,22250.0,8.39,0.0,0.0,46250.363491659744,45231.82896752435,27.318504598606825,observed,observed
2026-06-28,Dhanmondi,10,05:00,67818.76794911569,0.0,0.0,0.0,0.0,0.0,0.0,0.0,0.0,22250.0,8.39,0.0,0.0,68354.79413390695,67336.25960977162,27.26041360967362,observed,observed
2026-06-28,Dhanmondi,11,05:30,63310.0909164366,0.0,0.0,0.0,0.0,0.0,0.0,0.0,0.0,22250.0,8.39,0.0,0.0,63810.48140595695,62791.94688182163,27.35347318385414,observed,observed
2026-06-28,Dhanmondi,12,06:00,66513.82770452077,0.0,0.0,0.0,0.0,0.0,0.0,0.0,0.0,22250.0,8.39,0.0,7.275957614183426e-12,67039.53989863003,66021.0053744947,27.99542349884437,observed,observed
2026-06-28,Dhanmondi,13,06:30,81203.97836894385,7512.982096253467,0.0,2375.0502720758936,0.0,0.0,0.0,0.0,0.0,25818.666495720398,8.39,0.0,0.0,71879.61319194674,70861.07866781135,28.627157727769912,observed,observed
2026-06-28,Dhanmondi,14,07:00,103763.74425770984,10000.0,0.0,13658.704316684112,0.0,0.0,0.0,0.0,0.0,30568.666495720398,8.39,0.0,0.0,80738.17439982854,79719.63987569325,29.243566262211644,observed,observed
2026-06-28,Dhanmondi,15,07:30,109311.9111323245,10000.0,0.0,11858.216970998923,0.0,0.0,0.0,0.0,0.0,35318.6664957204,8.39,0.0,0.0,88144.91093574955,87126.37641161424,29.839663451411727,observed,observed
2026-06-28,Dhanmondi,16,08:00,110000.00000000001,9855.438956378113,0.0,19256.31651831232,0.0,0.0,0.0,0.0,0.0,40000.0,8.39,0.0,0.0,81527.56927889252,80509.03475475714,30.410627927337387,observed,observed
2026-06-28,Dhanmondi,17,08:30,91408.21377458776,-0.0,0.0,4102.572642110374,0.0,0.0,0.0,0.0,0.0,40000.0,8.39,0.0,0.0,87995.68772492079,86977.15320078545,30.951841600989134,observed,observed
2026-06-28,Dhanmondi,18,09:00,110000.00000000001,0.0,4953.543127810041,11428.57142857142,0.0,0.0,0.0,0.0,0.0,37523.22843609498,48.33850415512465,0.0,0.0,104093.5779381894,103075.04341405409,31.458927014542436,observed,observed
2026-06-28,Dhanmondi,19,09:30,110000.00000000001,0.0,2277.5141615456605,4463.4250540317325,0.0,0.0,0.0,0.0,0.0,36384.471355322145,48.33850415512465,0.0,0.0,108551.45467431533,107532.92015017998,31.92778274721041,observed,observed
2026-06-28,Dhanmondi,20,10:00,110000.00000000001,0.0,5898.417552706059,11428.571428571422,0.0,0.0,0.0,0.0,0.0,33435.262578969116,48.33850415512465,0.0,0.0,104998.30333813172,103979.76881399631,32.35461658845689,observed,observed
2026-06-28,Dhanmondi,21,10:30,110000.00000000001,0.0,5122.482375587878,11428.571428571422,0.0,0.0,0.0,0.0,0.0,30874.021391175178,48.33850415512465,0.0,0.0,104255.33872299276,103236.80419885738,32.735976210247486,observed,observed
2026-06-28,Dhanmondi,22,11:00,110000.00000000001,0.0,10000.0,11307.614254607382,0.0,0.0,0.0,0.0,0.0,25874.021391175178,49.3,0.0,0.0,109047.51705355909,108028.9825294238,33.06877709025464,observed,observed
2026-06-28,Dhanmondi,23,11:30,110000.00000000001,0.0,10000.0,4296.7497249625885,0.0,0.0,0.0,0.0,0.0,20874.021391175178,49.3,0.0,0.0,116113.7940756387,115095.25955150335,33.35032746016738,observed,observed
2026-06-28,Dhanmondi,24,12:00,110000.00000000001,9915.339181188909,0.0,11428.571428571428,0.0,0.0,0.0,0.0,0.0,25583.807502239913,40.7005,0.0,1.4551915228366852e-11,89356.80965973825,130933.94655815371,33.578350077318404,observed,observed
2026-06-28,Dhanmondi,25,12:30,110000.00000000001,8398.92343619035,0.0,11428.571428571422,0.0,0.0,0.0,0.0,0.0,29573.296134430326,40.7005,0.0,0.0,90885.21085612326,138082.82101750217,33.75100064353451,observed,observed
2026-06-28,Dhanmondi,26,13:00,110000.00000000001,9739.43957176693,0.0,11428.57142857143,0.0,0.0,0.0,0.0,0.0,34199.52993101962,40.7005,0.0,-1.4551915228366852e-11,89534.09954502931,125049.2869603296,33.86688272223476,observed,observed
2026-06-28,Dhanmondi,27,13:30,110000.00000000001,10000.0,0.0,13975.612783071003,0.0,0.0,0.0,0.0,0.0,38949.52993101962,40.7005,0.0,0.0,86704.30703077014,121717.02620794374,33.92505903312339,observed,observed
2026-06-28,Dhanmondi,28,14:00,110000.00000000001,2211.515934695542,0.0,18957.19453653979,0.0,0.0,0.0,0.0,0.0,40000.0,40.7005,0.0,0.0,89533.39454565196,121923.65278781803,33.92505903312339,observed,observed
2026-06-28,Dhanmondi,29,14:30,110000.00000000001,0.0,6773.203347431999,0.0,0.0,0.0,0.0,0.0,0.0,36613.398326284005,49.29999999999998,0.0,0.0,117354.8188772768,116336.28435314137,33.86688272223476,observed,observed
2026-06-28,Dhanmondi,30,15:00,110000.00000000001,0.0,10000.0,0.0,0.0,0.0,0.0,0.0,1039.6986456541927,31613.398326284005,60.0,0.0,0.0,121492.42068314976,120473.88615901442,33.75100064353451,observed,observed
2026-06-28,Dhanmondi,31,15:30,110000.00000000001,0.0,5017.257434880257,0.0,0.0,0.0,0.0,0.0,0.0,29104.769608843875,49.29999999999998,0.0,0.0,115673.48554223042,114654.95101809515,33.578350077318404,observed,observed
2026-06-28,Dhanmondi,32,16:00,110000.00000000001,0.0,0.0,2442.9268983070797,0.0,0.0,0.0,0.0,0.0,29104.769608843875,49.3,0.0,0.0,108407.18302385008,107388.64849971473,33.35032746016739,observed,observed
2026-06-28,Dhanmondi,33,16:30,110000.00000000001,0.0,8913.057535981243,5433.3364830078335,0.0,0.0,0.0,0.0,0.0,24648.24084085325,49.3,0.0,0.0,113927.46718869201,112908.93266455678,33.06877709025464,observed,observed
2026-06-28,Dhanmondi,34,17:00,110000.00000000001,0.0,10000.0,0.0,0.0,0.0,0.0,0.0,9779.451184486781,19648.24084085325,60.0,0.0,0.0,130301.25050473293,129282.7159805975,32.7359762102475,observed,observed
2026-06-28,Dhanmondi,35,17:30,110000.00000000001,0.0,10000.0,0.0,0.0,0.0,0.0,0.0,5378.220706332417,14648.240840853252,60.0,0.0,0.0,125865.23356771261,124846.6990435773,32.35461658845689,observed,observed
2026-06-28,Dhanmondi,36,18:00,110000.00000000001,0.0,0.0,0.0,7375.2470057505125,0.0,0.0,0.0,0.0,14648.240840853252,46.12753618107947,0.0,0.0,118302.9578407312,117284.42331659573,31.92778274721042,observed,observed
2026-06-28,Dhanmondi,37,18:30,110000.00000000001,0.0,9312.902778643529,0.0,13999.999999999995,0.0,0.0,0.0,0.0,9991.789451531487,47.981515631758285,1.3184843682417107,0.0,133897.25619949092,132878.7216753556,31.45867055597513,observed,observed
2026-06-28,Dhanmondi,38,19:00,110000.00000000001,0.0,3983.578903062973,0.0,13999.999999999993,0.0,0.0,0.0,0.0,8000.000000000001,47.91308027911573,1.3869197208842632,1.4551915228366852e-11,128794.38268771512,127775.8481635798,30.99027296578419,observed,observed
2026-06-28,Dhanmondi,39,19:30,110000.00000000001,0.0,0.0,0.0,11631.037195106299,0.0,0.0,0.0,0.0,8000.000000000001,47.51913857270016,0.0,0.0,122592.38495755475,121573.8504334195,30.568295404463473,observed,observed
2026-06-28,Dhanmondi,40,20:00,110000.00000000001,0.0,1.5246003290246192e-12,0.0,5648.578584538247,0.0,0.0,0.0,0.0,8000.0,46.19752988722055,0.0,0.0,116562.64217238937,115544.10764825394,30.188137466021495,observed,observed
2026-06-28,Dhanmondi,41,20:30,110000.00000000001,2398.4125617518876,0.0,0.0,0.0,0.0,0.0,0.0,0.0,9139.245966832146,32.14,0.0,0.0,108452.04919295417,107433.51466881885,29.84565466265126,observed,observed
2026-06-28,Dhanmondi,42,21:00,110000.00000000001,0.0,4549.846305721846,11428.571428571428,0.0,1135.6771860287752,0.0,0.0,0.0,6864.322813971224,38.85318559556787,0.0,0.0,103707.03475404158,102688.50022990625,29.537113241459185,observed,observed
2026-06-28,Dhanmondi,43,21:30,108937.62235767633,2390.8993390079477,0.0,12023.955564189113,0.0,0.0,0.0,0.0,0.0,7999.999999999999,8.39,0.0,0.0,95269.85679194044,94251.3222678051,29.259149479032516,observed,observed
2026-06-28,Dhanmondi,44,22:00,93069.63590272034,0.0,-0.0,8118.420399998404,0.0,0.0,0.0,0.0,0.0,7999.999999999999,8.39,0.0,0.0,85622.65317869786,84604.11865456252,29.008733010073904,observed,observed
2026-06-28,Dhanmondi,45,22:30,69235.8328938384,0.0,0.0,0.0,0.0,0.0,0.0,0.0,0.0,7999.999999999999,8.39,0.0,0.0,69783.0592808582,68764.52475672287,28.78313379031143,observed,observed
2026-06-28,Dhanmondi,46,23:00,63774.991763064856,0.0,0.0,0.0,0.0,0.0,0.0,0.0,0.0,7999.999999999999,8.39,0.0,0.0,64279.056737313564,63260.52221317823,28.579892333513122,observed,observed
2026-06-28,Dhanmondi,47,23:30,63198.28424568875,0.0,0.0,0.0,0.0,0.0,0.0,0.0,0.0,7999.999999999999,8.39,0.0,0.0,63697.79103730419,62679.256513168795,28.396792898129476,observed,observed
2026-06-28,Kalyanpur,0,00:00,66116.0112603789,8000.0,0.0,0.0,0.0,0.0,0.0,0.0,0.0,9800.0,8.39,0.0,-1.4551915228366852e-11,57689.775493420246,54493.01121415805,28.23183933124436,observed,observed
2026-06-28,Kalyanpur,1,00:30,58858.03621446755,2526.315789473684,0.0,0.0,0.0,0.0,0.0,0.0,0.0,11000.0,8.39,0.0,7.275957614183426e-12,55918.57104432017,52721.806765058005,28.083233306484576,observed,observed
2026-06-28,Kalyanpur,2,01:00,72504.18002915288,8000.0,0.0,0.0,0.0,0.0,0.0,0.0,0.0,14800.0,8.39,0.0,-1.4551915228366852e-11,64031.09201002529,60834.32773076316,27.949354718637583,observed,observed
2026-06-28,Kalyanpur,3,01:30,70207.70257812907,8000.0,0.0,0.0,0.0,0.0,0.0,0.0,0.0,18600.0,8.39,0.0,-1.4551915228366852e-11,61751.4574359714,58554.69315670926,27.82874402123902,observed,observed
2026-06-28,Kalyanpur,4,02:00,71822.27485529812,8000.0,0.0,0.0,0.0,0.0,0.0,0.0,0.0,22400.0,8.39,0.0,-1.4551915228366852e-11,63354.18808055171,60157.42380128956,27.720086314574285,observed,observed
2026-06-28,Kalyanpur,5,02:30,62029.9726506539,8000.0,0.0,0.0,0.0,0.0,0.0,0.0,0.0,26200.0,8.39,0.0,0.0,53633.70480067488,50436.940521412675,27.62219701062121,observed,observed
2026-06-28,Kalyanpur,6,03:00,51723.00043009954,0.0,0.0,0.0,0.0,0.0,0.0,0.0,0.0,26200.0,8.39,0.0,7.275957614183426e-12,51343.652428066955,48146.88814880477,27.53400891865289,observed,observed
2026-06-28,Kalyanpur,7,03:30,53990.924922978054,8000.0,0.0,0.0,0.0,0.0,0.0,0.0,0.0,30000.0,8.39,0.0,7.275957614183426e-12,45653.61723904466,42456.85295978248,27.454560610707603,observed,observed
2026-06-28,Kalyanpur,8,04:00,55600.84271402679,0.0,0.0,0.0,0.0,0.0,0.0,0.0,0.0,30000.0,8.39,0.0,7.275957614183426e-12,55193.05375322588,51996.28947396371,27.382985940086126,observed,observed
2026-06-28,Kalyanpur,9,04:30,53527.36127990956,0.0,0.0,0.0,0.0,0.0,0.0,0.0,0.0,30000.0,8.39,0.0,7.275957614183426e-12,53134.779693637254,49938.01541437509,27.318504598606825,observed,observed
2026-06-28,Kalyanpur,10,05:00,67673.9504938985,0.0,0.0,0.0,0.0,0.0,0.0,0.0,0.0,30000.0,8.39,0.0,-1.4551915228366852e-11,67177.61467238705,63980.85039312485,27.26041360967362,observed,observed
2026-06-28,Kalyanpur,11,05:30,73135.77420910102,0.0,0.0,0.0,0.0,0.0,0.0,0.0,0.0,30000.0,8.39,0.0,-1.4551915228366852e-11,72599.3801563078,69402.61587704558,27.35347318385414,observed,observed
2026-06-28,Kalyanpur,12,06:00,83625.76754898907,0.0,0.0,0.0,0.0,0.0,0.0,0.0,0.0,30000.0,8.39,0.0,-1.4551915228366852e-11,83012.43754929146,79815.67327002932,27.99542349884437,observed,observed
2026-06-28,Kalyanpur,13,06:30,88000.0,0.0,-4.547473508864641e-13,0.0,2327.5492666343757,0.0,0.0,0.0,0.0,30000.0,18.25510204081633,0.0,0.0,89665.06690757036,86468.30262830824,28.627157727769912,observed,observed
2026-06-28,Kalyanpur,14,07:00,88000.0,2185.5302303504327,2076.253718832911,0.0,13385.53023035043,0.0,0.0,0.0,0.0,30000.0,18.25510204081633,5.2131550681214325,0.0,100430.41982284083,97233.65554357854,29.243566262211644,observed,observed
2026-06-28,Kalyanpur,15,07:30,88000.0,421.0526315789474,8000.0,0.0,11621.052631578945,0.0,0.0,0.0,162.01250135321044,26200.0,18.25510204081633,41.744897959183675,0.0,106177.52928502078,102980.7650057585,29.839663451411727,observed,observed
2026-06-28,Kalyanpur,16,08:00,88000.0,8000.0,0.0,0.0,18871.190187946075,0.0,0.0,0.0,0.0,30000.0,18.25510204081633,0.0,0.0,98146.04686399929,94949.28258473714,30.410627927337387,observed,observed
2026-06-28,Kalyanpur,17,08:30,88000.0,-0.0,0.0,0.0,4020.521189268166,0.0,0.0,0.0,0.0,30000.0,18.25510204081633,0.0,0.0,91345.62219715881,88148.85791789662,30.951841600989134,observed,observed
2026-06-28,Kalyanpur,18,09:00,88000.0,0.0,6029.991192059307,0.0,11199.99999999999,0.0,0.0,0.0,0.0,26985.004403970346,59.018881790943524,0.9811182090564756,-1.4551915228366852e-11,104158.92271096926,100962.15843170711,31.458927014542436,observed,observed
2026-06-28,Kalyanpur,19,09:30,88000.0,0.0,0.0,0.0,4374.156552951098,0.0,0.0,0.0,0.0,26985.004403970346,59.018881790943524,0.0,0.0,91696.6639203424,88499.89964108025,31.92778274721041,observed,observed
2026-06-28,Kalyanpur,20,10:00,88000.0,0.0,7677.172468828904,0.0,11199.999999999993,0.0,0.0,0.0,0.0,23146.418169555895,59.018881790943524,0.9811182090564756,0.0,105712.26816936035,102515.50389009817,32.35461658845689,observed,observed
2026-06-28,Kalyanpur,21,10:30,88000.0,0.0,0.0,0.0,11199.999999999993,0.0,0.0,0.0,7134.335286071265,23146.418169555895,59.018881790943524,0.9811182090564756,0.0,105554.45559419706,102357.69131493488,32.735976210247486,observed,observed
2026-06-28,Kalyanpur,22,11:00,88000.0,0.0,8000.0,0.0,11081.461969515234,0.0,0.0,0.0,5610.06248747208,19146.418169555895,60.0,0.0,0.0,111467.9534132788,108271.18913401665,33.06877709025464,observed,observed
2026-06-28,Kalyanpur,23,11:30,88000.0,0.0,0.0,0.0,4210.814730463337,0.0,0.0,0.0,22351.377470972184,19146.418169555895,60.0,0.0,0.0,113721.96757489197,110525.20329562986,33.35032746016738,observed,observed
2026-06-28,Kalyanpur,24,12:00,88000.0,0.0,3673.27995366945,0.0,11199.999999999998,0.0,0.0,0.0,23175.81464751202,17309.77819272117,51.225,8.774999999999999,0.0,124942.30550968341,121745.54123042121,33.578350077318404,observed,observed
2026-06-28,Kalyanpur,25,12:30,88000.0,0.0,0.0,0.0,11199.999999999993,0.0,0.0,0.0,33550.05617377157,17309.77819272117,51.225,8.774999999999999,0.0,131776.43770306252,128579.67342380038,33.75100064353451,observed,observed
2026-06-28,Kalyanpur,26,13:00,88000.0,0.0,8000.0,0.0,11200.0,0.0,0.0,0.0,26946.397565976557,13309.778192721169,51.225,8.774999999999999,0.0,132765.47170564724,129568.70742638504,33.86688272223476,observed,observed
2026-06-28,Kalyanpur,27,13:30,88000.0,2496.100527409588,0.0,0.0,13696.100527409582,0.0,0.0,0.0,31349.09739339596,14495.425943240723,51.225,8.774999999999999,0.0,129591.62124445775,126394.85696519553,33.92505903312339,observed,observed
2026-06-28,Kalyanpur,28,14:00,88000.0,7378.050645809002,0.0,0.0,18578.050645808995,0.0,0.0,0.0,12497.722585075873,18000.0,51.225,8.774999999999999,-1.4551915228366852e-11,110878.50661651454,107681.74233725242,33.92505903312339,observed,observed
2026-06-28,Kalyanpur,29,14:30,88000.0,0.0,0.0,0.0,0.0,0.0,0.0,0.0,29536.857035991747,18000.0,60.0,0.0,0.0,116674.81555519938,113478.05127593708,33.86688272223476,observed,observed
2026-06-28,Kalyanpur,30,15:00,88000.0,0.0,0.0,0.0,0.0,0.0,0.0,0.0,22967.72048696328,18000.0,60.0,0.0,0.0,110153.85851633514,106957.09423707298,33.75100064353451,observed,observed
2026-06-28,Kalyanpur,31,15:30,88000.0,0.0,0.0,0.0,0.0,0.0,0.0,0.0,16734.021380594026,18000.0,60.0,0.0,0.0,103965.87874723574,100769.11446797359,33.578350077318404,observed,observed
2026-06-28,Kalyanpur,32,16:00,88000.0,0.0,8000.0,0.0,2394.068360340938,0.0,0.0,0.0,12555.559279423705,14000.0,60.0,0.0,0.0,109738.83205517233,106542.06777591014,33.35032746016739,observed,observed
2026-06-28,Kalyanpur,33,16:30,88000.0,0.0,8000.0,0.0,5324.669753347676,0.0,0.0,0.0,13782.100766290798,10000.0,60.0,0.0,-1.4551915228366852e-11,113865.48552351673,110668.72124425466,33.06877709025464,observed,observed
2026-06-28,Kalyanpur,34,17:00,88000.0,0.0,0.0,0.0,0.0,0.0,0.0,0.0,45902.140673363014,10000.0,60.0,0.0,0.0,132920.07255840563,129723.30827914346,32.7359762102475,observed,observed
2026-06-28,Kalyanpur,35,17:30,88000.0,0.0,8000.0,0.0,0.0,0.0,0.0,0.0,29330.61839709819,6000.000000000001,60.0,0.0,0.0,124014.34942415486,120817.58514489267,32.35461658845689,observed,observed
2026-06-28,Kalyanpur,36,18:00,88000.0,583.9645859407785,0.0,7525.762250765829,0.0,0.0,0.0,0.0,0.0,6277.38317832187,35.70498545745788,0.0,-1.4551915228366852e-11,79304.34011118254,123028.54164188342,31.92778274721042,observed,observed
2026-06-28,Kalyanpur,37,18:30,88000.0,0.0,0.0,14285.71428571428,0.0,0.0,0.0,0.0,0.0,6277.38317832187,37.52188531912312,0.0,-2.9103830456733704e-11,73173.64872929949,139965.87460429946,31.45867055597513,observed,observed
2026-06-28,Kalyanpur,38,19:00,88000.0,0.0,0.0,14285.714285714279,0.0,0.0,0.0,0.0,0.0,6277.38317832187,37.45481867353342,0.0,0.0,73173.64872929962,120158.31944466283,30.99027296578419,observed,observed
2026-06-28,Kalyanpur,39,19:30,88000.0,0.0,0.0,11868.405301128876,0.0,0.0,0.0,0.0,0.0,6277.38317832187,37.068755801246155,0.0,0.0,75573.22863154295,126498.80587914598,30.568295404463473,observed,observed
2026-06-28,Kalyanpur,40,20:00,88000.0,0.0,0.0,5763.855698508415,0.0,0.0,0.0,0.0,0.0,6277.38317832187,35.77357928947614,0.0,0.0,81633.00610811095,130606.33763006184,30.188137466021495,observed,observed
2026-06-28,Kalyanpur,41,20:30,88000.0,7837.088045638171,0.0,0.0,0.0,0.0,0.0,0.0,0.0,10000.000000000002,35.70498545745788,0.0,0.0,79574.97930865032,116592.27780489702,29.84565466265126,observed,observed
2026-06-28,Kalyanpur,42,21:00,88000.0,0.0,8000.0,0.0,11199.999999999998,0.0,0.0,0.0,226.8621912116667,6000.000000000002,49.33998530159987,10.660014698400133,0.0,106241.90335281401,103045.1390735518,29.537113241459185,observed,observed
2026-06-28,Kalyanpur,43,21:30,88000.0,583.4764529053313,554.3026302600651,0.0,11783.47645290533,0.0,0.0,0.0,0.0,6000.000000000002,18.25510204081633,5.2131550681214325,0.0,98995.17050045627,95798.40622119406,29.259149479032516,observed,observed
2026-06-28,Kalyanpur,44,22:00,88000.0,-0.0,0.0,0.0,7956.051991998435,0.0,0.0,0.0,0.0,6000.000000000002,18.25510204081633,0.0,0.0,95252.28894067876,92055.5246614165,29.008733010073904,observed,observed
2026-06-28,Kalyanpur,45,22:30,86184.5722033616,0.0,0.0,0.0,0.0,0.0,0.0,0.0,0.0,6000.000000000002,8.39,0.0,-1.4551915228366852e-11,85552.47536057384,82355.71108131163,28.78313379031143,observed,observed
2026-06-28,Kalyanpur,46,23:00,71976.49882151981,0.0,0.0,0.0,0.0,0.0,0.0,0.0,0.0,6000.000000000002,8.39,0.0,-1.4551915228366852e-11,71448.60715254863,68251.84287328643,28.579892333513122,observed,observed
2026-06-28,Kalyanpur,47,23:30,73433.77868449673,-4.786814219857517e-13,0.0,0.0,0.0,0.0,0.0,0.0,0.0,6000.000000000002,8.39,0.0,-1.4551915228366852e-11,72895.1990005259,69698.43472126372,28.396792898129476,observed,observed
2026-06-29,Dhanmondi,0,00:00,49494.06365551245,0.0,0.0,0.0,0.0,0.0,0.0,0.0,0.0,7999.999999999999,8.39,0.0,0.0,49494.06365551245,48475.52913137711,27.563958309530364,observed,observed
2026-06-29,Dhanmondi,1,00:30,59372.85564669695,10000.0,0.0,0.0,0.0,0.0,0.0,0.0,0.0,12750.0,8.39,0.0,0.0,49372.85564669694,48354.32112256161,27.41743613472211,observed,observed
2026-06-29,Dhanmondi,2,01:00,55589.18862214627,0.0,0.0,0.0,0.0,0.0,0.0,0.0,0.0,12750.0,8.39,0.0,0.0,55589.18862214629,54570.65409801093,27.28543021732216,observed,observed
2026-06-29,Dhanmondi,3,01:30,64149.0765841977,10000.0,0.0,0.0,0.0,0.0,0.0,0.0,0.0,17500.0,8.39,0.0,0.0,54149.076584197705,53130.542060062355,27.166502401437594,observed,observed
2026-06-29,Dhanmondi,4,02:00,60128.92916632984,7368.421052631579,0.0,0.0,0.0,0.0,0.0,0.0,0.0,21000.0,8.39,0.0,0.0,52760.50811369831,51741.97358956292,27.059357012278863,observed,observed
2026-06-29,Dhanmondi,5,02:30,57717.15775396336,10000.0,0.0,0.0,0.0,0.0,0.0,0.0,0.0,25750.0,8.39,0.0,0.0,47717.15775396342,46698.623229828016,26.96282674025975,observed,observed
2026-06-29,Dhanmondi,6,03:00,50559.434273197876,0.0,0.0,0.0,0.0,0.0,0.0,0.0,0.0,25750.0,8.39,0.0,0.0,50559.43427319787,49540.89974906253,26.875859923588997,observed,observed
2026-06-29,Dhanmondi,7,03:30,53026.63946666619,10000.0,0.0,0.0,0.0,0.0,0.0,0.0,0.0,30500.0,8.39,0.0,0.0,43026.63946666623,42008.104942530845,26.797509090802087,observed,observed
2026-06-29,Dhanmondi,8,04:00,55699.95057062334,0.0,0.0,0.0,0.0,0.0,0.0,0.0,0.0,30500.0,8.39,0.0,0.0,55699.950570623296,54681.416046488,26.726920638408306,observed,observed
2026-06-29,Dhanmondi,9,04:30,45408.12641234795,0.0,0.0,0.0,0.0,0.0,0.0,0.0,0.0,30500.0,8.39,0.0,0.0,45408.12641234798,44389.591888212606,26.663325531194822,observed,observed
2026-06-29,Dhanmondi,10,05:00,67081.29571634154,0.0,0.0,0.0,0.0,0.0,0.0,0.0,0.0,30500.0,8.39,0.0,0.0,67081.29571634151,66062.76119220619,26.60603092387105,observed,observed
2026-06-29,Dhanmondi,11,05:30,62862.67015109599,0.0,0.0,0.0,0.0,0.0,0.0,0.0,0.0,30500.0,8.39,0.0,0.0,62862.67015109599,61844.13562696065,26.695371407603837,observed,observed
2026-06-29,Dhanmondi,12,06:00,76334.35937325533,10000.0,0.0,0.0,0.0,0.0,0.0,0.0,0.0,35250.0,8.39,0.0,0.0,66334.35937325524,65315.82484911998,27.328559621764764,observed,observed
2026-06-29,Dhanmondi,13,06:30,81564.4507026517,10000.0,0.0,400.82865805981675,0.0,0.0,0.0,0.0,0.0,40000.0,8.39,0.0,0.0,71163.62204459189,70145.08752045652,27.951685644088606,observed,observed
2026-06-29,Dhanmondi,14,07:00,91087.00603552844,0.0,0.0,11428.571428571428,0.0,0.0,0.0,0.0,0.0,40000.0,8.39,0.0,0.0,79658.434606957,78639.90008282167,28.559707432290253,observed,observed
2026-06-29,Dhanmondi,15,07:30,98478.00009959334,0.0,0.0,11428.571428571424,0.0,0.0,0.0,0.0,0.0,40000.0,8.39,0.0,0.0,87049.42867102181,86030.89414688657,29.14770516043312,observed,observed
2026-06-29,Dhanmondi,16,08:00,89003.00231697032,0.0,0.0,8649.704431866516,0.0,0.0,0.0,0.0,0.0,40000.0,8.39,0.0,0.0,80353.29788510373,79334.76336096846,29.71092102784345,observed,observed
2026-06-29,Dhanmondi,17,08:30,94595.18107702796,9.573628439715034e-13,0.0,7962.0446032521095,0.0,0.0,0.0,0.0,0.0,40000.0,8.39,0.0,0.0,86633.1364737758,85614.60194964049,30.244797756992472,observed,observed
2026-06-29,Dhanmondi,18,09:00,110000.00000000001,0.0,3716.0115395714033,11428.571428571426,0.0,0.0,0.0,0.0,0.0,38141.994230214295,48.33850415512466,0.0,0.0,102101.63953402148,101083.10500988607,30.745015468839714,observed,observed
2026-06-29,Dhanmondi,19,09:30,110000.00000000001,1833.870858664873,0.0,1899.0581377609476,0.0,0.0,0.0,0.0,0.0,39013.08288808011,40.70050000000002,0.0,0.0,106267.07100357428,105248.53647943884,31.207526637259566,observed,observed
2026-06-29,Dhanmondi,20,10:00,110000.00000000001,0.0,4446.095240806422,11428.571428571426,0.0,0.0,0.0,0.0,0.0,36790.0352676769,48.33850415512466,0.0,0.0,102795.2190501947,101776.68452605934,31.628588839716357,observed,observed
2026-06-29,Dhanmondi,21,10:30,110000.00000000001,0.0,3745.3139107492434,11428.571428571424,0.0,0.0,0.0,0.0,0.0,34917.37831230228,48.33850415512466,0.0,0.0,102129.47678664041,101110.94226250502,32.00479503918484,observed,observed
2026-06-29,Dhanmondi,22,11:00,110000.00000000001,0.0,8959.984127608206,11428.571428571424,0.0,0.0,0.0,0.0,0.0,30437.386248498176,48.33850415512465,0.0,0.0,107083.41349265641,106064.87896852104,32.33310115228912,observed,observed
2026-06-29,Dhanmondi,23,11:30,110000.00000000001,0.0,10000.0,5641.068480271453,0.0,0.0,0.0,0.0,0.0,25437.386248498176,49.3,0.0,0.0,113858.93151972853,112840.39699559321,32.61085068059158,observed,observed
2026-06-29,Dhanmondi,24,12:00,110000.00000000001,10000.0,0.0,12123.978507378735,0.0,0.0,0.0,0.0,0.0,30187.386248498176,40.70049999999999,0.0,0.0,87876.02149262126,128863.15472736732,32.83579620572711,observed,observed
2026-06-29,Dhanmondi,25,12:30,110000.00000000001,7341.984047037496,0.0,12902.472383863056,0.0,0.0,0.0,0.0,0.0,33674.82867084099,40.70049999999999,0.0,0.0,89755.54356909957,136500.0,33.00611757445387,observed,observed
2026-06-29,Dhanmondi,26,13:00,110000.00000000001,1719.5314570053413,0.0,19591.836734693865,0.0,0.0,0.0,0.0,0.0,34491.606112918525,40.7005,0.0,1.4551915228366852e-11,88688.63180830082,123879.89777481146,33.12043662647618,observed,observed
2026-06-29,Dhanmondi,27,13:30,110000.00000000001,10000.0,0.0,13979.58350379231,0.0,0.0,0.0,0.0,0.0,39241.606112918525,40.70049999999999,0.0,0.0,86020.41649620772,120766.99645747784,33.17782834586846,observed,observed
2026-06-29,Dhanmondi,28,14:00,110000.00000000001,1596.6187096452109,0.0,19591.83673469387,0.0,0.0,0.0,0.0,0.0,40000.0,40.7005,0.0,0.0,88811.54455566099,120913.5046865014,33.17782834586846,observed,observed
2026-06-29,Dhanmondi,29,14:30,110000.00000000001,0.0,6552.281969629342,0.0,0.0,0.0,0.0,0.0,0.0,36723.85901518533,49.3,0.0,0.0,116224.66787114796,115206.13334701254,33.12043662647618,observed,observed
2026-06-29,Dhanmondi,30,15:00,110000.00000000001,0.0,10000.0,0.0,0.0,0.0,0.0,0.0,432.4695588522736,31723.859015185328,60.0,0.0,0.0,119932.46955885236,118913.93503471694,33.00611757445387,observed,observed
2026-06-29,Dhanmondi,31,15:30,110000.00000000001,0.0,6993.2107301771075,2948.676629860576,0.0,0.0,0.0,0.0,0.0,28227.253650096773,49.3,0.0,0.0,113694.87356380769,112676.33903967234,32.83579620572711,observed,observed
2026-06-29,Dhanmondi,32,16:00,110000.00000000001,0.0,0.0,3928.1619359165197,0.0,0.0,0.0,0.0,0.0,28227.253650096773,49.3,0.0,0.0,106071.83806408348,105053.30353994815,32.61085068059158,observed,observed
2026-06-29,Dhanmondi,33,16:30,110000.00000000001,0.0,10000.0,8078.7814620633,0.0,0.0,0.0,0.0,0.0,23227.253650096773,49.3,0.0,0.0,111421.21853793663,110402.68401380136,32.33310115228912,observed,observed
2026-06-29,Dhanmondi,34,17:00,110000.00000000001,0.0,10000.0,0.0,0.0,0.0,0.0,0.0,8363.288836805907,18227.253650096773,60.0,0.0,0.0,127863.288836806,126844.75431267057,32.00479503918484,observed,observed
2026-06-29,Dhanmondi,35,17:30,110000.00000000001,0.0,10000.0,0.0,0.0,0.0,0.0,0.0,4164.767761260649,13227.253650096773,60.0,0.0,0.0,123664.76776126058,122646.23323712531,31.628588839716357,observed,observed
2026-06-29,Dhanmondi,36,18:00,110000.00000000001,0.0,0.0,0.0,6106.417543999531,0.0,0.0,0.0,0.0,13227.253650096773,44.28688660764355,0.0,0.0,116106.41754399957,115087.8830198642,31.207526637259566,observed,observed
2026-06-29,Dhanmondi,37,18:30,110000.00000000001,0.0,8033.008803681933,0.0,13999.999999999993,0.0,0.0,0.0,0.0,9210.749248255805,45.997262545106224,3.302737454893782,1.4551915228366852e-11,131631.35836349777,130612.82383936249,30.7447520199074,observed,observed
2026-06-29,Dhanmondi,38,19:00,110000.00000000001,0.0,2421.4984965116178,0.0,13999.99999999999,0.0,0.0,0.0,0.0,7999.999999999996,45.82427443761012,3.4757255623898846,0.0,126300.42357168597,125281.88904755069,30.28310197914315,observed,observed
2026-06-29,Dhanmondi,39,19:30,110000.00000000001,0.0,0.0,0.0,10390.15251695305,0.0,0.0,0.0,0.0,7999.999999999996,44.74854543492007,0.0,0.0,120390.15251695308,119371.61799281772,29.867188570619444,observed,observed
2026-06-29,Dhanmondi,40,20:00,110000.00000000001,0.0,-2.931923709662729e-13,0.0,4402.639218137221,0.0,0.0,0.0,0.0,7999.999999999996,44.43074324144909,0.0,0.0,114402.63921813725,113384.10469400189,29.492480570803306,observed,observed
2026-06-29,Dhanmondi,41,20:30,110000.00000000001,3274.1775534668004,0.0,456.9488052916249,0.0,0.0,0.0,0.0,0.0,9555.234337896727,23.71313039682427,0.0,0.0,106268.87364124166,105250.33911710624,29.154895673926372,observed,observed
2026-06-29,Dhanmondi,42,21:00,110000.00000000001,0.0,3110.468675793463,11428.571428571424,0.0,0.0,0.0,0.0,0.0,7999.9999999999945,29.515933957700028,0.0,0.0,101526.37381343235,100507.83928929703,28.850756016765786,observed,observed
2026-06-29,Dhanmondi,43,21:30,101951.19122654016,0.0,0.0,8786.997836320797,0.0,0.0,0.0,0.0,0.0,7999.9999999999945,8.39,0.0,0.0,93164.19339021944,92145.65886608402,28.576748109677805,observed,observed
2026-06-29,Dhanmondi,44,22:00,88876.70583956802,0.0,0.0,5104.054917050122,0.0,0.0,0.0,0.0,0.0,7999.9999999999945,8.39,0.0,0.0,83772.65092251792,82754.11639838255,28.329886737347486,observed,observed
2026-06-29,Dhanmondi,45,22:30,68445.9637402058,0.0,0.0,0.0,0.0,0.0,0.0,0.0,0.0,7999.9999999999945,8.39,0.0,0.0,68445.96374020577,67427.42921607045,28.107482435966354,observed,observed
2026-06-29,Dhanmondi,46,23:00,62912.573683053684,1.3667614285645805e-12,0.0,0.0,0.0,0.0,0.0,0.0,0.0,7999.999999999995,8.39,0.0,0.0,62912.573683053684,61894.03915891834,27.907112192513914,observed,observed
2026-06-29,Dhanmondi,47,23:30,62326.730523099315,0.0,-0.0,0.0,0.0,0.0,0.0,0.0,0.0,7999.999999999995,8.39,0.0,0.0,62326.73052309933,61308.19599896397,27.726593046922442,observed,observed
2026-06-29,Kalyanpur,0,00:00,64197.354742139214,8000.0,0.0,0.0,0.0,0.0,0.0,0.0,0.0,9800.000000000002,8.39,0.0,-7.275957614183426e-12,56197.354742139236,53444.86327280585,27.563958309530364,observed,observed
2026-06-29,Kalyanpur,1,00:30,54540.62984419752,0.0,0.0,0.0,0.0,0.0,0.0,0.0,0.0,9800.000000000002,8.39,0.0,-7.275957614183426e-12,54540.629844197436,51788.13837486416,27.41743613472211,observed,observed
2026-06-29,Kalyanpur,2,01:00,70288.14696627355,8000.0,0.0,0.0,0.0,0.0,0.0,0.0,0.0,13600.000000000002,8.39,0.0,-2.1827872842550278e-11,62288.146966273554,59535.6554969402,27.28543021732216,observed,observed
2026-06-29,Kalyanpur,3,01:30,68109.26397182723,8000.0,0.0,0.0,0.0,0.0,0.0,0.0,0.0,17400.0,8.39,0.0,-2.9103830456733704e-11,60109.26397182723,57356.772502493885,27.166502401437594,observed,observed
2026-06-29,Kalyanpur,4,02:00,69644.94162925582,8000.0,0.0,0.0,0.0,0.0,0.0,0.0,0.0,21200.0,8.39,0.0,-2.9103830456733704e-11,61644.9416292558,58892.450159922475,27.059357012278863,observed,observed
2026-06-29,Kalyanpur,5,02:30,60207.72394302197,8000.0,0.0,0.0,0.0,0.0,0.0,0.0,0.0,25000.0,8.39,0.0,-7.275957614183426e-12,52207.72394302201,49455.23247368861,26.96282674025975,observed,observed
2026-06-29,Kalyanpur,6,03:00,52569.92412735827,2526.315789473684,0.0,0.0,0.0,0.0,0.0,0.0,0.0,26200.0,8.39,0.0,-7.275957614183426e-12,50043.60833788459,47291.11686855122,26.875859923588997,observed,observed
2026-06-29,Kalyanpur,7,03:30,52632.243832703505,8000.0,0.0,0.0,0.0,0.0,0.0,0.0,0.0,30000.0,8.39,0.0,-7.275957614183426e-12,44632.243832703476,41879.75236337014,26.797509090802087,observed,observed
2026-06-29,Kalyanpur,8,04:00,53722.15441087635,0.0,0.0,0.0,0.0,0.0,0.0,0.0,0.0,30000.0,8.39,0.0,-7.275957614183426e-12,53722.15441087635,50969.662941542985,26.726920638408306,observed,observed
2026-06-29,Kalyanpur,9,04:30,51788.15063659296,4.786814219857517e-13,0.0,0.0,0.0,0.0,0.0,0.0,0.0,30000.0,8.39,0.0,-7.275957614183426e-12,51788.150636592945,49035.6591672596,26.663325531194822,observed,observed
2026-06-29,Kalyanpur,10,05:00,65958.68760862722,0.0,0.0,0.0,0.0,0.0,0.0,0.0,0.0,30000.0,8.39,0.0,-2.1827872842550278e-11,65958.68760862727,63206.196139293876,26.60603092387105,observed,observed
2026-06-29,Kalyanpur,11,05:30,71219.56490528512,0.0,0.0,0.0,0.0,0.0,0.0,0.0,0.0,30000.0,8.39,0.0,-2.9103830456733704e-11,71219.56490528514,68467.07343595178,26.695371407603837,observed,observed
2026-06-29,Kalyanpur,12,06:00,81696.78688476597,-0.0,0.0,0.0,0.0,0.0,0.0,0.0,0.0,30000.0,8.39,0.0,-2.9103830456733704e-11,81696.78688476604,78944.29541543263,27.328559621764764,observed,observed
2026-06-29,Kalyanpur,13,06:30,88000.0,0.0,-0.0,0.0,392.8120848986204,0.0,0.0,0.0,0.0,30000.0,18.25510204081633,0.0,-1.4551915228366852e-11,88392.81208489866,85640.32061556526,27.951685644088606,observed,observed
2026-06-29,Kalyanpur,14,07:00,88000.0,0.0,112.55679673994361,0.0,11199.999999999998,0.0,0.0,0.0,0.0,29943.72160163003,18.25510204081633,5.2131550681214325,0.0,99306.92895690298,96554.43748756958,28.559707432290253,observed,observed
2026-06-29,Kalyanpur,15,07:30,88000.0,0.0,5670.618344874402,0.0,11199.999999999995,0.0,0.0,0.0,0.0,27108.41242919283,18.25510204081633,5.2131550681214325,0.0,104587.08742763073,101834.59595829732,29.14770516043312,observed,observed
2026-06-29,Kalyanpur,16,08:00,88000.0,0.0,0.0,0.0,8476.710343229186,0.0,0.0,0.0,0.0,27108.41242919283,18.25510204081633,0.0,0.0,96476.71034322915,93724.21887389582,29.71092102784345,observed,observed
2026-06-29,Kalyanpur,17,08:30,88000.0,6087.552780646681,0.0,0.0,7802.803711187067,0.0,0.0,0.0,0.0,30000.0,18.25510204081633,0.0,-1.4551915228366852e-11,89715.25093054042,86962.75946120702,30.244797756992472,observed,observed
2026-06-29,Kalyanpur,18,09:00,88000.0,0.0,3099.272110016897,0.0,11199.999999999996,0.0,0.0,0.0,0.0,28450.36394499155,59.01888179094353,0.9811182090564685,0.0,102144.30850451606,99391.81703518268,30.745015468839714,observed,observed
2026-06-29,Kalyanpur,19,09:30,88000.0,0.0,0.0,0.0,1861.0769750057286,0.0,0.0,0.0,0.0,28450.36394499155,51.22500000000002,0.0,-1.4551915228366852e-11,89861.07697500571,87108.58550567237,31.207526637259566,observed,observed
2026-06-29,Kalyanpur,20,10:00,88000.0,0.0,4376.820717282348,0.0,11199.999999999996,0.0,0.0,0.0,0.0,26261.953586350377,59.01888179094353,0.9811182090564685,0.0,103357.97968141812,100605.48821208486,31.628588839716357,observed,observed
2026-06-29,Kalyanpur,21,10:30,88000.0,0.0,4279.166489620108,0.0,11199.999999999995,0.0,0.0,0.0,0.0,24122.37034154032,59.01888179094353,0.9811182090564685,0.0,103265.20816513916,100512.71669580574,32.00479503918484,observed,observed
2026-06-29,Kalyanpur,22,11:00,88000.0,0.0,8000.0,0.0,11199.999999999995,0.0,0.0,0.0,2362.558619149157,20122.37034154032,59.018881790943524,0.9811182090564756,0.0,109162.55861914916,106410.06714981579,32.33310115228912,observed,observed
2026-06-29,Kalyanpur,23,11:30,88000.0,0.0,8000.0,0.0,5528.247110666024,0.0,0.0,0.0,10369.9041642148,16122.370341540323,60.0,0.0,0.0,111498.1512748809,108745.65980554746,32.61085068059158,observed,observed
2026-06-29,Kalyanpur,24,12:00,88000.0,681.4989372311684,0.0,0.0,11881.498937231161,0.0,0.0,0.0,23660.084279384664,16446.08233672513,51.224999999999994,8.775000000000006,-1.4551915228366852e-11,122860.08427938473,120107.5928100513,32.83579620572711,observed,observed
2026-06-29,Kalyanpur,25,12:30,88000.0,1444.4229361858052,0.0,0.0,12644.422936185794,0.0,0.0,0.0,30777.07514321504,17132.183231413386,51.224999999999994,8.775000000000006,-1.4551915228366852e-11,129977.07514321507,127224.58367388167,33.00611757445387,observed,observed
2026-06-29,Kalyanpur,26,13:00,88000.0,8000.0,7839.3587048574245,0.0,19199.999999999985,0.0,0.0,0.0,24492.701454235492,17012.503878984673,51.225,8.774999999999999,-2.9103830456733704e-11,131140.09222385017,128387.60075451668,33.12043662647618,observed,observed
2026-06-29,Kalyanpur,27,13:30,88000.0,2499.991833716471,8000.0,0.0,13699.991833716464,0.0,0.0,0.0,21309.683050779957,14199.999999999998,51.224999999999994,8.775000000000006,0.0,128109.68305077998,125357.19158144659,33.17782834586846,observed,observed
2026-06-29,Kalyanpur,28,14:00,88000.0,8000.0,0.0,0.0,19199.99999999999,0.0,0.0,0.0,10307.081058136362,18000.0,51.225,8.774999999999999,-1.4551915228366852e-11,109507.08105813635,106754.58958880299,33.17782834586846,observed,observed
2026-06-29,Kalyanpur,29,14:30,88000.0,0.0,0.0,0.0,0.0,0.0,0.0,0.0,27115.344986382366,18000.0,60.0,0.0,-1.4551915228366852e-11,115115.34498638239,112362.853517049,33.12043662647618,observed,observed
2026-06-29,Kalyanpur,30,15:00,88000.0,0.0,0.0,0.0,0.0,0.0,0.0,0.0,20400.94556962667,18000.0,60.0,0.0,-1.4551915228366852e-11,108400.94556962662,105648.45410029331,33.00611757445387,observed,observed
2026-06-29,Kalyanpur,31,15:30,88000.0,0.0,0.0,0.0,2889.7030972633647,0.0,0.0,0.0,11085.703226877402,18000.0,60.0,0.0,0.0,101975.4063241407,99222.9148548074,32.83579620572711,observed,observed
2026-06-29,Kalyanpur,32,16:00,88000.0,0.0,0.0,0.0,3849.5986971981893,0.0,0.0,0.0,15366.825580526076,18000.0,60.0,0.0,-1.4551915228366852e-11,107216.42427772428,104463.9328083909,32.61085068059158,observed,observed
2026-06-29,Kalyanpur,33,16:30,88000.0,0.0,8000.0,0.0,7917.205832822034,0.0,0.0,0.0,7613.253905107942,13999.999999999998,60.0,0.0,-1.4551915228366852e-11,111130.45973792991,108377.96826859661,32.33310115228912,observed,observed
2026-06-29,Kalyanpur,34,17:00,88000.0,0.0,8000.0,0.0,0.0,0.0,0.0,0.0,34912.49061410682,9999.999999999998,60.0,0.0,-1.4551915228366852e-11,130512.49061410694,127759.99914477346,32.00479503918484,observed,observed
2026-06-29,Kalyanpur,35,17:30,88000.0,0.0,8000.0,0.0,0.0,0.0,0.0,0.0,26256.43332433995,5999.999999999998,60.0,0.0,-1.4551915228366852e-11,121856.43332434002,119103.94185500659,31.628588839716357,observed,observed
2026-06-29,Kalyanpur,36,18:00,88000.0,-2.0747847884194925e-12,0.0,6231.038310203603,0.0,0.0,0.0,0.0,0.0,5999.999999999997,33.901148875490684,0.0,0.0,81768.96168979637,121209.5689464698,31.207526637259566,observed,observed
2026-06-29,Kalyanpur,37,18:30,88000.0,0.0,0.0,14285.714285714279,0.0,0.0,0.0,0.0,0.0,5999.999999999997,35.5773172942041,0.0,0.0,73714.28571428577,138000.0,30.7447520199074,observed,observed
2026-06-29,Kalyanpur,38,19:00,88000.0,0.0,0.0,14285.714285714277,0.0,0.0,0.0,0.0,0.0,5999.999999999997,35.40778894885792,0.0,0.0,73714.28571428583,118174.05348417278,30.28310197914315,observed,observed
2026-06-29,Kalyanpur,39,19:30,88000.0,0.0,0.0,10602.19644587046,0.0,0.0,0.0,0.0,0.0,5999.999999999997,34.35357452622167,0.0,-1.4551915228366852e-11,77397.80355412948,124461.21753798387,29.867188570619444,observed,observed
2026-06-29,Kalyanpur,40,20:00,88000.0,0.0,0.0,4492.488998099206,0.0,0.0,0.0,0.0,0.0,5999.999999999997,34.04212837662011,0.0,1.4551915228366852e-11,83507.51100190077,128452.04033730122,29.492480570803306,observed,observed
2026-06-29,Kalyanpur,41,20:30,88000.0,5488.56434977477,0.0,0.0,447.8098291857924,0.0,0.0,0.0,0.0,8607.068066143012,33.89094938451456,0.0,1.4551915228366852e-11,82959.24547941094,114604.30002007709,29.154895673926372,observed,observed
2026-06-29,Kalyanpur,42,21:00,88000.0,0.0,5214.136132286018,0.0,11199.999999999995,0.0,0.0,0.0,0.0,6000.000000000004,39.81217750785717,0.9811182090564756,0.0,104153.42932567169,101400.93785633835,28.850756016765786,observed,observed
2026-06-29,Kalyanpur,43,21:30,88000.0,-1.2445716971629544e-11,0.0,0.0,8611.257879594381,0.0,0.0,0.0,0.0,5999.999999999998,18.25510204081633,0.0,0.0,96611.2578795944,93858.76641026103,28.576748109677805,observed,observed
2026-06-29,Kalyanpur,44,22:00,88000.0,0.0,-0.0,0.0,5001.973818709119,0.0,0.0,0.0,0.0,5999.999999999998,18.25510204081633,0.0,-1.4551915228366852e-11,93001.97381870916,90249.48234937576,28.329886737347486,observed,observed
2026-06-29,Kalyanpur,45,22:30,83526.24758046385,0.0,0.0,0.0,0.0,0.0,0.0,0.0,0.0,5999.999999999998,8.39,0.0,-2.9103830456733704e-11,83526.24758046407,80773.75611113051,28.107482435966354,observed,observed
2026-06-29,Kalyanpur,46,23:00,69664.2837786668,0.0,0.0,0.0,0.0,0.0,0.0,0.0,0.0,5999.999999999998,8.39,0.0,-2.9103830456733704e-11,69664.28377866688,66911.79230933345,27.907112192513914,observed,observed
2026-06-29,Kalyanpur,47,23:30,71019.97849065646,-0.0,0.0,0.0,0.0,0.0,0.0,0.0,0.0,5999.999999999998,8.39,0.0,-2.9103830456733704e-11,71019.97849065655,68267.48702132312,27.726593046922442,observed,observed
2026-06-30,Dhanmondi,0,00:00,54917.007514988094,0.0,0.0,0.0,0.0,0.0,0.0,0.0,0.0,7999.999999999995,8.39,0.0,0.0,48310.496646626096,47291.96212249071,26.767639691677346,forecast,climatology
2026-06-30,Dhanmondi,1,00:30,64814.12991120257,10000.0,0.0,0.0,0.0,0.0,0.0,0.0,0.0,12749.999999999996,8.39,0.0,0.0,48219.9952089551,47201.46068481975,26.65874197117587,forecast,climatology
2026-06-30,Dhanmondi,2,01:00,61598.3404193179,0.0,0.0,0.0,0.0,0.0,0.0,0.0,0.0,12749.999999999996,8.39,0.0,0.0,54188.06582738532,53169.53130324995,26.56062904154156,forecast,climatology
2026-06-30,Dhanmondi,3,01:30,70132.93634051958,10000.0,0.0,0.0,0.0,0.0,0.0,0.0,0.0,17499.999999999996,8.39,0.0,-7.275957614183426e-12,52898.94972222577,51880.41519809041,26.472232820600492,forecast,climatology
2026-06-30,Dhanmondi,4,02:00,68667.35380548889,10000.0,0.0,0.0,0.0,0.0,0.0,0.0,0.0,22249.999999999996,8.39,0.0,-7.275957614183426e-12,51609.676629101945,50591.14210496658,26.392591004727837,forecast,climatology
2026-06-30,Dhanmondi,5,02:30,63167.98230911624,10000.0,0.0,0.0,0.0,0.0,0.0,0.0,0.0,26999.999999999996,8.39,0.0,-7.275957614183426e-12,46771.879009456505,45753.344485321104,26.320836592967158,forecast,climatology
2026-06-30,Dhanmondi,6,03:00,56335.86457685182,0.0,0.0,0.0,0.0,0.0,0.0,0.0,0.0,26999.999999999996,8.39,0.0,0.0,49558.665336635284,48540.13081249993,26.25618844863863,forecast,climatology
2026-06-30,Dhanmondi,7,03:30,53884.27284133439,5728.994235582682,0.0,0.0,0.0,0.0,0.0,0.0,0.0,29721.27226190177,8.39,0.0,7.275957614183426e-12,42362.203092832104,41343.66856869673,26.19794279568754,forecast,climatology
2026-06-30,Dhanmondi,8,04:00,62029.08550297012,0.0,0.0,0.0,0.0,0.0,0.0,0.0,0.0,29721.27226190177,8.39,0.0,0.0,54566.9923177562,53548.457793620924,26.145465557200097,forecast,climatology
2026-06-30,Dhanmondi,9,04:30,50791.895312484645,0.0,0.0,0.0,0.0,0.0,0.0,0.0,0.0,29721.27226190177,8.39,0.0,0.0,44681.63505631443,43663.100532179014,26.09818545268173,forecast,climatology
2026-06-30,Dhanmondi,10,05:00,85037.02137171025,10000.0,0.0,0.0,0.0,0.0,0.0,0.0,0.0,34471.272261901766,8.39,0.0,0.0,66010.07471795421,64991.54019381884,26.0555877789531,forecast,climatology
2026-06-30,Dhanmondi,11,05:30,70517.13807618915,0.0,0.0,0.0,0.0,0.0,0.0,0.0,0.0,34471.272261901766,8.39,0.0,0.0,62033.93296019688,61015.39843606158,26.11994732967873,forecast,climatology
2026-06-30,Dhanmondi,12,06:00,74518.7510168827,0.0,0.0,0.0,0.0,0.0,0.0,0.0,0.0,34471.272261901766,8.39,0.0,0.0,65554.15223834515,64535.61771420979,26.590745776671884,forecast,climatology
2026-06-30,Dhanmondi,13,06:30,94144.10317536937,10000.0,0.0,4330.349132030751,0.0,0.0,0.0,0.0,0.0,39221.272261901766,8.39,0.0,0.0,70212.16689589291,69193.63237175753,27.054074836754857,forecast,climatology
2026-06-30,Dhanmondi,14,07:00,100089.50732759574,0.0,0.0,11428.57142857143,0.0,0.0,0.0,0.0,0.0,39221.272261901766,8.39,0.0,0.0,77995.03360170426,76976.49907756891,27.50618372903118,forecast,climatology
2026-06-30,Dhanmondi,15,07:30,108214.78140031527,0.0,0.0,11428.57142857143,0.0,0.0,0.0,0.0,0.0,39221.272261901766,8.39,0.0,0.0,85142.8379633294,84124.30343919409,27.943412503063097,forecast,climatology
2026-06-30,Dhanmondi,16,08:00,110000.00000000001,1639.426817048905,0.0,19591.83673469388,0.0,0.0,0.0,0.0,0.0,40000.0,8.39,0.0,0.0,78089.86575494567,77071.33123081033,28.362221667214293,forecast,climatology
2026-06-30,Dhanmondi,17,08:30,105182.97354887718,0.0,0.0,9957.035771467203,0.0,0.0,0.0,0.0,0.0,40000.0,8.39,0.0,0.0,83770.26636806146,82751.73184392613,28.759220841844247,forecast,climatology
2026-06-30,Dhanmondi,18,09:00,110000.00000000001,0.0,995.3039182675697,0.0,0.0,0.0,0.0,0.0,0.0,39502.348040866214,49.29999999999998,0.0,0.0,97598.80078938372,96580.26626524841,29.131196205398467,forecast,climatology
2026-06-30,Dhanmondi,19,09:30,110000.00000000001,0.0,4792.979812036042,0.0,0.0,0.0,0.0,0.0,0.0,37105.85813484819,49.29999999999998,0.0,0.0,100772.57583633548,99754.04131220016,29.47513651121065,forecast,climatology
2026-06-30,Dhanmondi,20,10:00,110000.00000000001,0.0,1157.543346384321,595.1281784054224,0.0,0.0,0.0,0.0,0.0,36527.08646165603,49.3,0.0,0.0,97210.85241326786,96192.31788913255,29.788257464403333,forecast,climatology
2026-06-30,Dhanmondi,21,10:30,110000.00000000001,0.0,0.0,305.29631606568,0.0,0.0,0.0,0.0,0.0,36527.08646165603,49.3,0.0,0.0,96498.44108911105,95479.90656497572,30.068024261549102,forecast,climatology
2026-06-30,Dhanmondi,22,11:00,110000.00000000001,0.0,5888.296219928138,0.0,0.0,0.0,0.0,0.0,0.0,33582.93835169196,49.29999999999998,0.0,0.0,101687.94828546661,100669.4137613312,30.31217211062733,forecast,climatology
2026-06-30,Dhanmondi,23,11:30,110000.00000000001,0.0,10000.0,0.0,0.0,0.0,0.0,0.0,2677.410250295681,28582.938351691962,60.0,0.0,0.0,107479.47922288832,106460.944698753,30.518724565161563,forecast,climatology
2026-06-30,Dhanmondi,24,12:00,110000.00000000001,5044.791635244463,0.0,11428.571428571431,0.0,0.0,0.0,0.0,0.0,30979.21437843308,41.56824999999999,0.0,0.0,82275.3912591211,121001.02239434853,30.6860095241175,forecast,climatology
2026-06-30,Dhanmondi,25,12:30,110000.00000000001,3214.771113419696,0.0,11428.571428571426,0.0,0.0,0.0,0.0,0.0,32506.230657307435,41.56824999999999,0.0,0.0,83885.26048330897,128189.70493522986,30.812672768037803,forecast,climatology
2026-06-30,Dhanmondi,26,13:00,110000.00000000001,4395.078444595851,0.0,11428.571428571426,0.0,0.0,0.0,0.0,0.0,34593.89291849046,41.56824999999999,0.0,0.0,82846.94401369411,115652.96984327227,30.89768892183484,forecast,climatology
2026-06-30,Dhanmondi,27,13:30,110000.00000000001,7124.475253966355,0.0,11428.571428571426,0.0,0.0,0.0,0.0,0.0,37978.01866412448,41.56824999999999,0.0,1.4551915228366852e-11,80445.89338524488,112794.43706068378,30.94036975549451,forecast,climatology
2026-06-30,Dhanmondi,28,14:00,110000.00000000001,4256.802812369502,0.0,11428.57142857143,0.0,0.0,0.0,0.0,0.0,39999.99999999999,41.56824999999999,0.0,-1.4551915228366852e-11,82968.58510029466,112522.26445858888,30.94036975549451,forecast,climatology
2026-06-30,Dhanmondi,29,14:30,110000.00000000001,0.0,10000.0,0.0,0.0,0.0,0.0,0.0,3628.407105845632,34999.99999999999,60.0,0.0,0.0,108316.07124565034,107297.53672151496,30.89768892183484,forecast,climatology
2026-06-30,Dhanmondi,30,15:00,110000.00000000001,0.0,10000.0,0.0,0.0,0.0,0.0,0.0,7423.952428480741,29999.999999999993,60.0,0.0,0.0,111655.01282092162,110636.47829678627,30.812672768037803,forecast,climatology
2026-06-30,Dhanmondi,31,15:30,110000.00000000001,0.0,10000.0,0.0,0.0,0.0,0.0,0.0,1193.351374036065,24999.999999999993,60.0,0.0,0.0,106173.95249065764,105155.41796652222,30.6860095241175,forecast,climatology
2026-06-30,Dhanmondi,32,16:00,110000.00000000001,0.0,3227.9838815247213,0.0,0.0,0.0,0.0,0.0,0.0,23386.008059237633,59.99999999999999,0.0,0.0,99464.6851232318,98446.15059909639,30.518724565161563,forecast,climatology
2026-06-30,Dhanmondi,33,16:30,110000.00000000001,0.0,4549.53420738929,0.0,0.0,0.0,0.0,0.0,4509.873367964767,21111.240955542988,60.0,0.0,0.0,104536.46069476995,103517.92617063459,30.31217211062733,forecast,climatology
2026-06-30,Dhanmondi,34,17:00,110000.00000000001,0.0,10000.0,0.0,0.0,0.0,0.0,0.0,18507.892169857776,16111.240955542988,60.0,0.0,0.0,121405.55564795127,120387.02112381592,30.068024261549105,forecast,climatology
2026-06-30,Dhanmondi,35,17:30,110000.00000000001,0.0,0.0,0.0,0.0,0.0,0.0,0.0,24235.564265413675,16111.240955542988,60.0,0.0,0.0,118087.03843763383,117068.50391349848,29.788257464403333,forecast,climatology
2026-06-30,Dhanmondi,36,18:00,110000.00000000001,3748.821335422365,2082.522335376428,0.0,17748.821335422355,0.0,0.0,0.0,0.0,16850.669922180397,51.22499999999999,8.775000000000015,0.0,110823.20693467044,109804.67241053499,29.475136511210646,forecast,climatology
2026-06-30,Dhanmondi,37,18:30,110000.00000000001,0.0,10000.0,0.0,13999.999999999989,0.0,0.0,0.0,10309.769790825765,11850.669922180397,51.22499999999999,8.775000000000013,0.0,126509.46793369282,125490.93340955747,29.130993244263877,forecast,climatology
2026-06-30,Dhanmondi,38,19:00,110000.00000000001,2419.642269093889,10000.0,0.0,16419.642269093878,0.0,0.0,0.0,4078.5090325282763,7999.999999999994,51.224999999999994,8.775000000000006,0.0,121027.82726188774,120009.29273775239,28.78803852337304,forecast,climatology
2026-06-30,Dhanmondi,39,19:30,110000.00000000001,49.35815282773164,0.0,0.0,14049.358152827721,0.0,0.0,0.0,7897.103644202271,8023.445122593166,51.22499999999999,8.775000000000013,0.0,116029.89441046765,115011.35988633224,28.479048654314564,forecast,climatology
2026-06-30,Dhanmondi,40,20:00,110000.00000000001,0.0,0.0,0.0,13999.999999999989,0.0,0.0,0.0,1487.71856520281,8023.445122593166,59.01888179094352,0.9811182090564827,0.0,110391.55775708328,109373.02323294793,28.200659895201476,forecast,climatology
2026-06-30,Dhanmondi,41,20:30,110000.00000000001,1435.7297914024648,0.0,0.0,7907.520220790856,0.0,0.0,0.0,0.0,8705.416773509336,51.224999999999994,0.0,0.0,102460.244932862,101441.71040872662,27.949841635571556,forecast,climatology
2026-06-30,Dhanmondi,42,21:00,110000.00000000001,0.0,1410.833547018686,0.0,0.0,0.0,0.0,0.0,0.0,7999.999999999994,59.99999999999999,0.0,0.0,97946.06516999169,96927.53064585642,27.723863404395104,forecast,climatology
2026-06-30,Dhanmondi,43,21:30,110000.00000000001,0.0,-7.105427357601003e-13,7801.26271445029,0.0,4.320099833421409e-12,0.0,0.0,0.0,7999.9999999999945,37.87173407202215,0.0,0.0,89904.23874744945,88885.70422331414,27.520265145476536,forecast,climatology
2026-06-30,Dhanmondi,44,22:00,99750.53094991161,0.0,0.0,7598.263052368286,0.0,0.0,0.0,0.0,0.0,7999.9999999999945,8.39,0.0,0.0,81066.35868730138,80047.82416316608,27.336830436660247,forecast,climatology
2026-06-30,Dhanmondi,45,22:30,75700.57570208749,0.0,0.0,0.0,0.0,0.0,0.0,0.0,0.0,7999.9999999999945,8.39,0.0,0.0,66593.80352444081,65575.26900030552,27.171562361298292,forecast,climatology
2026-06-30,Dhanmondi,46,23:00,69473.86704413594,0.0,0.0,0.0,0.0,0.0,0.0,0.0,0.0,7999.9999999999945,8.39,0.0,0.0,61116.16733573582,60097.63281160047,27.022661769310545,forecast,climatology
2026-06-30,Dhanmondi,47,23:30,68901.00261773873,0.0,-8.640199666842818e-12,0.0,0.0,0.0,0.0,0.0,0.0,7999.999999999999,8.39,0.0,0.0,60612.21844626146,59593.68392212609,26.888507691181765,forecast,climatology
2026-06-30,Kalyanpur,0,00:00,58474.246299429346,0.0,0.0,0.0,0.0,0.0,0.0,0.0,0.0,5999.999999999998,8.39,0.0,0.0,56007.449681361824,52195.15008613524,26.767639691677346,forecast,climatology
2026-06-30,Kalyanpur,1,00:30,64938.50706447938,8000.0,0.0,0.0,0.0,0.0,0.0,0.0,0.0,9799.999999999998,8.39,0.0,0.0,54536.49719597688,50724.19760075036,26.65874197117587,forecast,climatology
2026-06-30,Kalyanpur,2,01:00,64657.86371091446,0.0,0.0,0.0,0.0,0.0,0.0,0.0,0.0,9799.999999999998,8.39,0.0,0.0,61930.20479049306,58117.90519526651,26.56062904154156,forecast,climatology
2026-06-30,Kalyanpur,3,01:30,70552.0389862024,8000.0,0.0,0.0,0.0,0.0,0.0,0.0,0.0,13599.999999999998,8.39,0.0,0.0,59913.21646193674,56100.91686671016,26.472232820600492,forecast,climatology
2026-06-30,Kalyanpur,4,02:00,72133.7681819736,8000.0,0.0,0.0,0.0,0.0,0.0,0.0,0.0,17400.0,8.39,0.0,0.0,61428.2187740325,57615.91917880599,26.392591004727837,forecast,climatology
2026-06-30,Kalyanpur,5,02:30,62615.7212848444,8000.0,0.0,0.0,0.0,0.0,0.0,0.0,0.0,21200.0,8.39,0.0,0.0,52311.700539217636,48499.40094399109,26.320836592967158,forecast,climatology
2026-06-30,Kalyanpur,6,03:00,52512.99124387175,0.0,0.0,0.0,0.0,0.0,0.0,0.0,0.0,21200.0,8.39,0.0,0.0,50297.67634196328,46485.3767467367,26.25618844863863,forecast,climatology
2026-06-30,Kalyanpur,7,03:30,47154.71205343453,0.0,0.0,0.0,0.0,0.0,0.0,0.0,0.0,21200.0,8.39,0.0,0.0,45165.441706558806,41353.142111332265,26.19794279568754,forecast,climatology
2026-06-30,Kalyanpur,8,04:00,56244.83441519581,0.0,0.0,0.0,0.0,0.0,0.0,0.0,0.0,21200.0,8.39,0.0,0.0,53872.08784555719,50059.78825033064,26.145465557200097,forecast,climatology
2026-06-30,Kalyanpur,9,04:30,62362.96830714376,8000.0,0.0,0.0,0.0,0.0,0.0,0.0,0.0,25000.0,8.39,0.0,0.0,52069.61020755445,48257.310612327914,26.09818545268173,forecast,climatology
2026-06-30,Kalyanpur,10,05:00,69289.9528760894,0.0,0.0,0.0,0.0,0.0,0.0,0.0,0.0,25000.0,8.39,0.0,0.0,66366.88447866974,62554.58488344316,26.0555877789531,forecast,climatology
2026-06-30,Kalyanpur,11,05:30,82608.81334908163,8000.0,0.0,0.0,0.0,0.0,0.0,0.0,0.0,28800.0,8.39,0.0,0.0,71461.36331603439,67649.0637208079,26.11994732967873,forecast,climatology
2026-06-30,Kalyanpur,12,06:00,87921.29983461449,2526.315789473684,0.0,0.0,0.0,0.0,0.0,0.0,0.0,30000.0,8.39,0.0,0.0,81792.50823444291,77980.20863921635,26.590745776671884,forecast,climatology
2026-06-30,Kalyanpur,13,06:30,88000.0,0.0,-4.547473508864641e-13,0.0,4243.742149390137,0.0,0.0,0.0,0.0,30000.0,18.25510204081633,0.0,0.0,88352.34438759927,84540.04479237266,27.054074836754857,forecast,climatology
2026-06-30,Kalyanpur,14,07:00,88000.0,0.0,4731.407160594951,0.0,11200.0,0.0,0.0,0.0,0.0,27634.29641970252,18.25510204081633,5.213155068121438,0.0,99320.36275760218,95508.06316237553,27.50618372903118,forecast,climatology
2026-06-30,Kalyanpur,15,07:30,88000.0,0.0,8000.0,0.0,11200.0,0.0,0.0,0.0,1417.3498921220908,23634.29641970252,18.25510204081633,41.744897959183675,0.0,103652.08895035383,99839.78935512732,27.943412503063097,forecast,climatology
2026-06-30,Kalyanpur,16,08:00,88000.0,8000.0,175.88055587790524,0.0,19200.0,0.0,0.0,0.0,0.0,27346.356141763572,18.255102040816325,5.213155068121441,0.0,95175.18310893557,91362.88351370906,28.362221667214293,forecast,climatology
2026-06-30,Kalyanpur,17,08:30,88000.0,5586.618648918796,0.0,0.0,9757.895056037858,0.0,0.0,0.0,0.0,30000.0,18.25510204081633,0.0,0.0,88282.93568768904,84470.6360924625,28.759220841844247,forecast,climatology
2026-06-30,Kalyanpur,18,09:00,88000.0,0.0,-9.094947017729282e-13,0.0,0.0,0.0,0.0,0.0,16043.493530120586,30000.0,60.0,0.0,0.0,99654.31104014408,95842.01144491743,29.131196205398467,forecast,climatology
2026-06-30,Kalyanpur,19,09:30,88000.0,0.0,-3.637978807091713e-12,0.0,0.0,0.0,0.0,0.0,3431.5737361712,30000.0,60.0,0.0,0.0,87574.43813972342,83762.1385444969,29.47513651121065,forecast,climatology
2026-06-30,Kalyanpur,20,10:00,88000.0,0.0,8000.0,0.0,583.225614837314,0.0,0.0,0.0,7778.810472764802,26000.0,60.0,0.0,0.0,99576.28996417036,95763.99036894385,29.788257464403333,forecast,climatology
2026-06-30,Kalyanpur,21,10:30,88000.0,0.0,0.0,0.0,299.19038974436637,0.0,0.0,0.0,15518.466831119984,26000.0,60.0,0.0,0.0,99438.00186940026,95625.70227417372,30.068024261549102,forecast,climatology
2026-06-30,Kalyanpur,22,11:00,88000.0,0.0,8000.0,0.0,0.0,0.0,0.0,0.0,14139.260039120027,22000.0,60.0,0.0,0.0,105109.79574217917,101297.49614695257,30.31217211062733,forecast,climatology
2026-06-30,Kalyanpur,23,11:30,88000.0,0.0,0.0,0.0,0.0,0.0,0.0,0.0,24259.042721485665,22000.0,60.0,0.0,0.0,107523.27878337799,103710.97918815147,30.518724565161563,forecast,climatology
2026-06-30,Kalyanpur,24,12:00,88000.0,0.0,8000.0,0.0,11200.000000000002,0.0,0.0,0.0,16284.673206028778,18000.0,52.11045918367346,7.889540816326537,0.0,117892.21883824086,114079.91924301426,30.6860095241175,forecast,climatology
2026-06-30,Kalyanpur,25,12:30,88000.0,0.0,0.0,0.0,11199.999999999996,0.0,0.0,0.0,30690.42230814457,18000.0,52.11045918367346,7.889540816326537,0.0,124410.86036854556,120598.56077331891,30.812672768037803,forecast,climatology
2026-06-30,Kalyanpur,26,13:00,88000.0,0.0,8000.0,0.0,11199.999999999996,0.0,0.0,0.0,23172.173114395748,13999.999999999998,52.11045918367346,7.889540816326537,0.0,124489.16243239903,120676.86283717242,30.89768892183484,forecast,climatology
2026-06-30,Kalyanpur,27,13:30,88000.0,0.0,0.0,0.0,11199.999999999996,0.0,0.0,0.0,27391.26057097974,13999.999999999998,52.11045918367346,7.889540816326537,0.0,121250.87718485895,117438.5775896325,30.94036975549451,forecast,climatology
2026-06-30,Kalyanpur,28,14:00,88000.0,0.0,8000.0,0.0,11200.0,0.0,0.0,0.0,1865.866785234206,9999.999999999998,52.11045918367346,7.889540816326537,0.0,104081.68469398402,100269.3850987575,30.94036975549451,forecast,climatology
2026-06-30,Kalyanpur,29,14:30,88000.0,0.0,0.0,0.0,0.0,0.0,0.0,0.0,25875.95446852496,9999.999999999998,60.0,0.0,0.0,109071.97943439266,105259.67983916592,30.89768892183484,forecast,climatology
2026-06-30,Kalyanpur,30,15:00,88000.0,0.0,0.0,0.0,0.0,0.0,0.0,0.0,19617.674970727563,9999.999999999998,60.0,0.0,0.0,103077.71193635714,99265.41234113053,30.812672768037803,forecast,climatology
2026-06-30,Kalyanpur,31,15:30,88000.0,0.0,0.0,0.0,0.0,0.0,0.0,0.0,13650.393913023961,9999.999999999998,60.0,0.0,0.0,97362.16680795174,93549.86721272519,30.6860095241175,forecast,climatology
2026-06-30,Kalyanpur,32,16:00,88000.0,0.0,0.0,0.0,0.0,0.0,0.0,0.0,18906.749319784623,9999.999999999998,60.0,0.0,0.0,102396.77742001487,98584.47782478834,30.518724565161563,forecast,climatology
2026-06-30,Kalyanpur,33,16:30,88000.0,0.0,0.0,0.0,0.0,0.0,0.0,0.0,22561.64194856142,9999.999999999998,60.0,0.0,0.0,105897.48461936518,102085.18502413867,30.31217211062733,forecast,climatology
2026-06-30,Kalyanpur,34,17:00,88000.0,0.0,0.0,0.0,0.0,0.0,0.0,0.0,43937.768275252296,9999.999999999998,60.0,0.0,0.0,126371.83692642959,122559.53733120306,30.068024261549105,forecast,climatology
2026-06-30,Kalyanpur,35,17:30,88000.0,0.0,8000.0,0.0,0.0,0.0,0.0,0.0,28194.924367280477,5999.999999999998,60.0,0.0,0.0,118572.50731893771,114760.20772371112,29.788257464403333,forecast,climatology
2026-06-30,Kalyanpur,36,18:00,88000.0,1523.61583052706,0.0,18111.042179002405,0.0,0.0,0.0,0.0,0.0,6723.717519500352,40.70049999999999,0.0,0.0,65481.279260503135,116834.49972657525,29.475136511210646,forecast,climatology
2026-06-30,Kalyanpur,37,18:30,88000.0,3511.462931722883,0.0,14285.714285714275,0.0,0.0,0.0,0.0,0.0,8391.662412068721,40.70049999999999,0.0,2.9103830456733704e-11,67241.24402305164,133556.28936044028,29.130993244263877,forecast,climatology
2026-06-30,Kalyanpur,38,19:00,88000.0,0.0,0.0,16754.737009279466,0.0,0.0,0.0,0.0,0.0,8391.662412068721,40.70049999999999,0.0,-1.4551915228366852e-11,68239.70781179797,113979.02345593533,28.78803852337304,forecast,climatology
2026-06-30,Kalyanpur,39,19:30,88000.0,713.5230386604181,0.0,14336.07974778339,0.0,0.0,0.0,0.0,0.0,8730.585855432419,40.70049999999999,0.0,1.4551915228366852e-11,69872.90918213128,120426.9426274728,28.479048654314564,forecast,climatology
2026-06-30,Kalyanpur,40,20:00,88000.0,0.0,1700.665978989809,14285.714285714275,0.0,0.0,0.0,0.0,0.0,7880.252865937515,48.338504155124646,0.0,0.0,72152.0477983908,124451.55417334476,28.200659895201476,forecast,climatology
2026-06-30,Kalyanpur,41,20:30,88000.0,8000.0,0.0,8068.898184480466,0.0,0.0,0.0,0.0,0.0,11680.252865937515,40.70049999999999,0.0,0.0,68896.61381572932,111136.2008757153,27.949841635571556,forecast,climatology
2026-06-30,Kalyanpur,42,21:00,88000.0,0.0,8000.0,0.0,0.0,0.0,0.0,0.0,11428.835076323116,7680.252865937515,60.0,0.0,0.0,102513.71286251946,98701.41326729284,27.723863404395104,forecast,climatology
2026-06-30,Kalyanpur,43,21:30,88000.0,0.0,3360.5057318750337,0.0,7645.237460161285,0.0,0.0,0.0,0.0,5999.999999999998,48.338504155124646,0.0,0.0,94668.14644969144,90855.84685446491,27.520265145476536,forecast,climatology
2026-06-30,Kalyanpur,44,22:00,88000.0,-0.0,0.0,0.0,7446.29779132092,0.0,0.0,0.0,0.0,5999.999999999998,18.25510204081633,0.0,0.0,91419.7969041946,87607.49730896798,27.336830436660247,forecast,climatology
2026-06-30,Kalyanpur,45,22:30,86023.7127576517,9.573628439715034e-13,0.0,0.0,0.0,0.0,0.0,0.0,0.0,5999.999999999998,8.39,0.0,0.0,82394.7133752988,78582.41378007208,27.171562361298292,forecast,climatology
2026-06-30,Kalyanpur,46,23:00,71999.82124536396,-2.3934071099287587e-12,0.0,0.0,0.0,0.0,0.0,0.0,0.0,5999.999999999997,8.39,0.0,0.0,68962.43424528098,65150.134650054504,27.022661769310545,forecast,climatology
2026-06-30,Kalyanpur,47,23:30,73386.26096969465,0.0,0.0,0.0,0.0,0.0,0.0,0.0,0.0,5999.999999999997,8.39,0.0,0.0,70290.38557447071,66478.08597924419,26.888507691181765,forecast,climatology
2026-07-01,Dhanmondi,0,00:00,69079.5439878173,10000.0,0.0,0.0,0.0,0.0,0.0,0.0,0.0,12750.0,8.39,0.0,-7.275957614183426e-12,48282.40167598916,47263.8671518538,26.748737045677395,forecast,climatology
2026-07-01,Dhanmondi,1,00:30,58969.409841420005,0.0,0.0,0.0,0.0,0.0,0.0,0.0,0.0,12750.0,8.39,0.0,0.0,48192.39520783339,47173.86068369804,26.64057848921451,forecast,climatology
2026-07-01,Dhanmondi,2,01:00,66264.46202534134,0.0,0.0,0.0,0.0,0.0,0.0,0.0,0.0,12750.0,8.39,0.0,7.275957614183426e-12,54154.23269026253,53135.6981661272,26.543127151158625,forecast,climatology
2026-07-01,Dhanmondi,3,01:30,64691.20934108632,0.0,0.0,0.0,0.0,0.0,0.0,0.0,0.0,12750.0,8.39,0.0,0.0,52868.50140474872,51849.96688061335,26.455323064274925,forecast,climatology
2026-07-01,Dhanmondi,4,02:00,73116.28655426571,10000.0,0.0,0.0,0.0,0.0,0.0,0.0,0.0,17500.0,8.39,0.0,-7.275957614183426e-12,51581.40523796682,50562.870713831464,26.3762111933937,forecast,climatology
2026-07-01,Dhanmondi,5,02:30,57202.57415112101,0.0,0.0,0.0,0.0,0.0,0.0,0.0,0.0,17500.0,8.39,0.0,0.0,46748.459375964456,45729.92485182905,26.304931047600288,forecast,climatology
2026-07-01,Dhanmondi,6,03:00,70610.61877314711,10000.0,0.0,0.0,0.0,0.0,0.0,0.0,0.0,22250.0,8.39,0.0,0.0,49533.663327509625,48515.128803374275,26.240707320772255,forecast,climatology
2026-07-01,Dhanmondi,7,03:30,51814.96455573604,0.0,0.0,0.0,0.0,0.0,0.0,0.0,0.0,22250.0,8.39,0.0,0.0,42345.467866560924,41326.933342425546,26.182841458661983,forecast,climatology
2026-07-01,Dhanmondi,8,04:00,74102.75136466869,7368.421052631579,0.0,0.0,0.0,0.0,0.0,0.0,0.0,25750.0,8.39,0.0,-7.275957614183426e-12,54538.22971904342,53519.69519490813,26.130704060800735,forecast,climatology
2026-07-01,Dhanmondi,9,04:30,54650.81546213916,0.0,0.0,0.0,0.0,0.0,0.0,0.0,0.0,25750.0,8.39,0.0,0.0,44663.049948514854,43644.51542437945,26.08372803458062,forecast,climatology
2026-07-01,Dhanmondi,10,05:00,90737.7846909785,10000.0,0.0,0.0,0.0,0.0,0.0,0.0,0.0,30500.0,8.39,0.0,0.0,65982.46851199791,64963.93398786257,26.04140242705211,forecast,climatology
2026-07-01,Dhanmondi,11,05:30,85876.49134571466,10000.0,0.0,0.0,0.0,0.0,0.0,0.0,0.0,35250.0,8.39,0.0,-1.4551915228366852e-11,62009.6057896783,60991.07126554296,26.103056040355774,forecast,climatology
2026-07-01,Dhanmondi,12,06:00,80187.98629676284,0.0,0.0,0.0,0.0,0.0,0.0,0.0,0.0,35250.0,8.39,0.0,0.0,65533.14908401099,64514.61455987565,26.570883848518445,forecast,climatology
2026-07-01,Dhanmondi,13,06:30,99158.72547002418,10000.0,0.0,3274.9126021615443,0.0,0.0,0.0,0.0,0.0,40000.0,8.39,0.0,0.0,70188.02906140756,69169.49453727224,27.031303000237568,forecast,climatology
2026-07-01,Dhanmondi,14,07:00,110000.00000000001,0.0,-9.094947017729282e-13,14612.800104239534,0.0,0.0,0.0,0.0,0.0,40000.0,40.70049999999999,0.0,0.0,77954.61490130454,76936.08037716916,27.480584334302236,forecast,climatology
2026-07-01,Dhanmondi,15,07:30,110000.00000000001,0.0,5849.043081279595,11428.571428571437,0.0,0.0,0.0,0.0,0.0,37075.4784593602,48.33850415512466,0.0,0.0,85097.99710362504,84079.46257948976,27.91508890016593,forecast,climatology
2026-07-01,Dhanmondi,16,08:00,110000.00000000001,4073.362513548813,0.0,10437.44507097137,0.0,0.0,0.0,0.0,0.0,39010.325653295884,40.70049999999999,0.0,0.0,78037.96767406879,77019.43314993347,28.331297431597154,forecast,climatology
2026-07-01,Dhanmondi,17,08:30,110000.00000000001,2083.5249404297083,0.0,5491.816536685479,0.0,0.0,0.0,0.0,0.0,40000.0,40.70049999999999,0.0,0.0,83705.93560010739,82687.4010759721,28.725838850947934,forecast,climatology
2026-07-01,Dhanmondi,18,09:00,110000.00000000001,0.0,4547.291873619302,0.0,0.0,0.0,0.0,0.0,4982.57419219924,37726.354063190345,60.0,0.0,0.0,97499.25114885523,96480.71662471979,29.09551757317007,forecast,climatology
2026-07-01,Dhanmondi,19,09:30,110000.00000000001,0.0,10000.0,0.0,0.0,0.0,0.0,0.0,3661.1365819402417,32726.35406319035,60.0,0.0,0.0,100652.69746406339,99634.16293992805,29.437339388430505,forecast,climatology
2026-07-01,Dhanmondi,20,10:00,110000.00000000001,0.0,9265.391952587188,0.0,0.0,0.0,0.0,0.0,0.0,28093.658086896754,60.0,0.0,0.0,97090.3193275308,96071.78480339545,29.748535713689733,forecast,climatology
2026-07-01,Dhanmondi,21,10:30,110000.00000000001,0.0,8347.857215726062,0.0,0.0,0.0,0.0,0.0,0.0,23919.729479033722,60.0,0.0,0.0,96377.96207423789,95359.4275501025,30.026586016817856,forecast,climatology
2026-07-01,Dhanmondi,22,11:00,110000.00000000001,0.0,10000.0,0.0,0.0,0.0,0.0,0.0,4787.637615175088,18919.729479033722,60.0,0.0,0.0,101573.32365214432,100554.78912800894,30.269238231624243,forecast,climatology
2026-07-01,Dhanmondi,23,11:30,110000.00000000001,0.0,0.0,0.0,0.0,0.0,0.0,0.0,21349.647864565442,18919.729479033722,60.0,0.0,0.0,107344.70901644783,106326.17449231251,30.47452699844951,forecast,climatology
2026-07-01,Dhanmondi,24,12:00,110000.00000000001,9469.942717153113,0.0,0.0,0.0,0.0,0.0,0.0,0.0,23417.95226968145,51.224999999999994,0.0,0.0,82157.58414183969,120835.64544439418,30.64078958258025,forecast,climatology
2026-07-01,Dhanmondi,25,12:30,110000.00000000001,7506.532927321241,0.0,0.0,0.0,0.0,0.0,0.0,0.0,26983.55541015904,51.224999999999994,0.0,0.0,83762.16897321159,128015.44983476424,30.766679341555463,forecast,climatology
2026-07-01,Dhanmondi,26,13:00,110000.00000000001,8776.001656535547,0.0,0.0,0.0,0.0,0.0,0.0,0.0,31152.156197013424,51.224999999999994,0.0,0.0,82724.70329623099,115480.81658753044,30.85117663228631,forecast,climatology
2026-07-01,Dhanmondi,27,13:30,110000.00000000001,10000.0,0.0,1707.001359916525,0.0,0.0,0.0,0.0,0.0,35902.15619701342,49.3,0.0,0.0,80329.3614327253,112627.77564506228,30.8935970696471,forecast,climatology
2026-07-01,Dhanmondi,28,14:00,110000.00000000001,8627.039585234888,0.0,0.0,0.0,0.0,0.0,0.0,0.0,39999.99999999999,51.224999999999994,0.0,0.0,82846.44165227702,112346.8507795429,30.8935970696471,forecast,climatology
2026-07-01,Dhanmondi,29,14:30,110000.00000000001,0.0,10000.0,0.0,0.0,0.0,0.0,0.0,12835.730675668397,34999.99999999999,60.0,0.0,0.0,108150.57925778344,107132.04473364813,30.85117663228631,forecast,climatology
2026-07-01,Dhanmondi,30,15:00,110000.00000000001,0.0,0.0,0.0,0.0,0.0,0.0,0.0,26411.462178841262,34999.99999999999,60.0,0.0,0.0,111481.44629359304,110462.91176945758,30.766679341555463,forecast,climatology
2026-07-01,Dhanmondi,31,15:30,110000.00000000001,0.0,10000.0,0.0,0.0,0.0,0.0,0.0,10223.504069718198,29999.999999999996,60.0,0.0,0.0,106015.75278919734,104997.21826506197,30.64078958258025,forecast,climatology
2026-07-01,Dhanmondi,32,16:00,110000.00000000001,0.0,4000.0,0.0,0.0,0.0,0.0,0.0,7736.661017462713,27999.999999999996,60.0,0.0,0.0,99325.10458804006,98306.57006390471,30.47452699844951,forecast,climatology
2026-07-01,Dhanmondi,33,16:30,110000.00000000001,0.0,10000.0,0.0,0.0,0.0,0.0,0.0,8234.43320439117,22999.999999999996,60.0,0.0,0.0,104390.19659835177,103371.66207421644,30.269238231624243,forecast,climatology
2026-07-01,Dhanmondi,34,17:00,110000.00000000001,0.0,0.0,0.0,0.0,0.0,0.0,0.0,38385.78434287518,22999.999999999996,60.0,0.0,0.0,121267.38899891933,120248.85447478389,30.026586016817856,forecast,climatology
2026-07-01,Dhanmondi,35,17:30,110000.00000000001,0.0,10000.0,0.0,0.0,0.0,0.0,0.0,24846.916554120427,17999.999999999996,60.0,0.0,0.0,117966.64861180498,116948.11408766982,29.748535713689733,forecast,climatology
2026-07-01,Dhanmondi,36,18:00,110000.00000000001,0.0,10000.0,0.0,13999.999999999993,0.0,0.0,0.0,1964.9786762530057,12999.999999999996,51.61638875152218,8.38361124847782,0.0,110707.93834876051,109689.403824625,29.437339388430505,forecast,climatology
2026-07-01,Dhanmondi,37,18:30,110000.00000000001,0.0,0.0,0.0,13999.999999999993,0.0,0.0,0.0,30661.541923589284,12999.999999999996,51.61638875152218,8.38361124847782,0.0,126396.21410284437,125377.67957870913,29.095310254572535,forecast,climatology
2026-07-01,Dhanmondi,38,19:00,110000.00000000001,0.0,0.0,0.0,13999.999999999993,0.0,0.0,0.0,23949.437274045988,12999.999999999996,51.61638875152218,8.38361124847782,0.0,120910.78698364817,119892.25245951282,28.754851335777442,forecast,climatology
2026-07-01,Dhanmondi,39,19:30,110000.00000000001,0.0,0.0,0.0,13999.999999999993,0.0,0.0,0.0,17858.09078509047,12999.999999999996,51.61638875152218,8.38361124847782,0.0,115932.67073434152,114914.13621020623,28.44809634315671,forecast,climatology
2026-07-01,Dhanmondi,40,20:00,110000.00000000001,0.0,10000.0,0.0,13999.999999999993,0.0,0.0,0.0,1467.8524079311828,7999.999999999995,59.45255353778251,0.5474464622174935,0.0,110301.66489858361,109283.13037444823,28.171708737184254,forecast,climatology
2026-07-01,Dhanmondi,41,20:30,110000.00000000001,0.0,0.0,0.0,13999.999999999993,0.0,0.0,0.0,1267.8625062787842,7999.999999999995,51.61638875152218,8.38361124847782,1.4551915228366852e-11,102374.4065436242,101355.87201948877,27.922682280980386,forecast,climatology
2026-07-01,Dhanmondi,42,21:00,110000.00000000001,0.0,0.0,0.0,0.0,0.0,0.0,0.0,9749.885267611753,7999.999999999995,60.0,0.0,0.0,97864.87286253765,96846.33833840239,27.698308341811643,forecast,climatology
2026-07-01,Dhanmondi,43,21:30,110000.00000000001,0.0,2158.7489630994073,2132.82056059626,0.0,1079.3744815497037,0.0,0.0,0.0,6920.625518450292,38.85318559556787,0.0,0.0,89829.81642122942,88811.28189709414,27.496146429597456,forecast,climatology
2026-07-01,Dhanmondi,44,22:00,107863.94893204414,2272.3673295783237,0.0,6472.913986505119,0.0,0.0,0.0,0.0,0.0,7999.999999999995,8.39,0.0,0.0,81004.13443288453,79985.59990874924,27.313997651974212,forecast,climatology
2026-07-01,Dhanmondi,45,22:30,81433.32703107048,2.8720885319145103e-12,0.0,0.0,0.0,0.0,0.0,0.0,0.0,7999.999999999996,8.39,0.0,0.0,66550.89630240032,65532.36177826501,27.14988079719056,forecast,climatology
2026-07-01,Dhanmondi,46,23:00,74731.93394265822,0.0,0.0,0.0,0.0,0.0,0.0,0.0,0.0,7999.999999999996,8.39,0.0,0.0,61074.22314205678,60055.688617921405,27.002010784690174,forecast,climatology
2026-07-01,Dhanmondi,47,23:30,74117.22873330332,0.0,0.0,0.0,0.0,0.0,0.0,0.0,0.0,7999.999999999996,8.39,0.0,0.0,60571.859010124426,59553.3244859891,26.868779248991494,forecast,climatology
2026-07-01,Kalyanpur,0,00:00,64766.01962439879,6963.002900305173,0.0,0.0,0.0,0.0,0.0,0.0,0.0,9307.426377644955,8.39,0.0,0.0,55969.331670400556,52165.48496787792,26.748737045677395,forecast,climatology
2026-07-01,Kalyanpur,1,00:30,64288.20372118208,8000.0,0.0,0.0,0.0,0.0,0.0,0.0,0.0,13107.426377644955,8.39,0.0,0.0,54502.57307917892,50698.726376656305,26.64057848921451,forecast,climatology
2026-07-01,Kalyanpur,2,01:00,63915.09578652984,0.0,0.0,0.0,0.0,0.0,0.0,0.0,0.0,13107.426377644955,8.39,0.0,0.0,61887.5172535868,58083.67055106416,26.543127151158625,forecast,climatology
2026-07-01,Kalyanpur,3,01:30,61835.792517692535,0.0,0.0,0.0,0.0,0.0,0.0,0.0,0.0,13107.426377644955,8.39,0.0,0.0,59874.17572069764,56070.32901817502,26.455323064274925,forecast,climatology
2026-07-01,Kalyanpur,4,02:00,71399.63305850576,8000.0,0.0,0.0,0.0,0.0,0.0,0.0,0.0,16907.426377644955,8.39,0.0,0.0,61388.40654927497,57584.55984675235,26.3762111933937,forecast,climatology
2026-07-01,Kalyanpur,5,02:30,53992.366359016305,0.0,0.0,0.0,0.0,0.0,0.0,0.0,0.0,16907.426377644955,8.39,0.0,0.0,52279.566563832275,48475.71986130961,26.304931047600288,forecast,climatology
2026-07-01,Kalyanpur,6,03:00,51916.025852750274,0.0,0.0,0.0,0.0,0.0,0.0,0.0,0.0,16907.426377644955,8.39,0.0,0.0,50269.09380579971,46465.24710327705,26.240707320772255,forecast,climatology
2026-07-01,Kalyanpur,7,03:30,54622.73811223499,8000.0,0.0,0.0,0.0,0.0,0.0,0.0,0.0,20707.426377644955,8.39,0.0,0.0,45143.72502807849,41339.87832555586,26.182841458661983,forecast,climatology
2026-07-01,Kalyanpur,8,04:00,55604.476579891176,0.0,0.0,0.0,0.0,0.0,0.0,0.0,0.0,20707.426377644955,8.39,0.0,0.0,53840.53581344893,50036.68911092629,26.130704060800735,forecast,climatology
2026-07-01,Kalyanpur,9,04:30,61746.237443559774,8000.0,0.0,0.0,0.0,0.0,0.0,0.0,0.0,24507.426377644955,8.39,0.0,0.0,52041.24559576552,48237.3988932429,26.08372803458062,forecast,climatology
2026-07-01,Kalyanpur,10,05:00,76515.1449410605,8000.0,0.0,0.0,0.0,0.0,0.0,0.0,0.0,28307.426377644955,8.39,0.0,-7.275957614183426e-12,66341.63905243677,62537.79234991408,26.04140242705211,forecast,climatology
2026-07-01,Kalyanpur,11,05:30,73769.07444259297,0.0,0.0,0.0,0.0,0.0,0.0,0.0,0.0,28307.426377644955,8.39,0.0,0.0,71428.89815255918,67625.0514500365,26.103056040355774,forecast,climatology
2026-07-01,Kalyanpur,12,06:00,88000.0,3563.312889168519,0.0,0.0,0.0,0.0,0.0,0.0,0.0,30000.000000000004,8.3900000000001,0.0,0.0,81758.10215258396,77954.25545006129,26.570883848518445,forecast,climatology
2026-07-01,Kalyanpur,13,06:30,88000.0,0.0,-0.0,0.0,3209.4143501183135,0.0,0.0,0.0,0.0,30000.000000000004,18.25510204081633,0.0,0.0,88315.97817103051,84512.13146850788,27.031303000237568,forecast,climatology
2026-07-01,Kalyanpur,14,07:00,88000.0,3120.544102154738,3515.0942945954534,0.0,14320.544102154743,0.0,0.0,0.0,0.0,29724.711301225776,51.224999999999994,8.775000000000006,0.0,99286.48419170085,95482.63748917809,27.480584334302236,forecast,climatology
2026-07-01,Kalyanpur,15,07:30,88000.0,0.0,1609.0150617842555,0.0,11200.000000000007,0.0,0.0,0.0,6262.22487134067,28920.20377033365,59.01888179094353,0.9811182090564685,1.4551915228366852e-11,103596.7204597352,99792.87375721251,27.91508890016593,forecast,climatology
2026-07-01,Kalyanpur,16,08:00,88000.0,0.0,0.0,0.0,10228.696169551942,0.0,0.0,0.0,0.0,28920.20377033365,51.224999999999994,0.0,0.0,95112.58731887353,91308.74061635083,28.331297431597154,forecast,climatology
2026-07-01,Kalyanpur,17,08:30,88000.0,2273.2552203502282,0.0,0.0,5381.98020595177,0.0,0.0,0.0,0.0,30000.000000000007,51.224999999999994,0.0,0.0,88218.48297514442,84414.6362726218,28.725838850947934,forecast,climatology
2026-07-01,Kalyanpur,18,09:00,88000.0,0.0,0.0,0.0,0.0,0.0,0.0,0.0,14829.436482447883,30000.000000000007,60.0,0.0,0.0,99567.37835047251,95763.53164794976,29.09551757317007,forecast,climatology
2026-07-01,Kalyanpur,19,09:30,88000.0,0.0,0.0,0.0,0.0,0.0,0.0,0.0,2359.4454007105815,30000.000000000007,60.0,0.0,0.0,87492.97278593069,83689.12608340807,29.437339388430505,forecast,climatology
2026-07-01,Kalyanpur,20,10:00,88000.0,0.0,0.0,0.0,0.0,0.0,0.0,0.0,14721.987612807396,30000.000000000007,60.0,0.0,0.0,99463.33808123821,95659.49137871565,29.748535713689733,forecast,climatology
2026-07-01,Kalyanpur,21,10:30,88000.0,0.0,0.0,0.0,0.0,0.0,0.0,0.0,14579.105579144903,30000.000000000007,60.0,0.0,0.0,99324.98869421644,95521.14199169372,30.026586016817856,forecast,climatology
2026-07-01,Kalyanpur,22,11:00,88000.0,0.0,0.0,0.0,0.0,0.0,0.0,0.0,20432.53336736068,30000.000000000007,60.0,0.0,0.0,104992.72819734918,101188.88149482646,30.269238231624243,forecast,climatology
2026-07-01,Kalyanpur,23,11:30,88000.0,0.0,8000.0,0.0,0.0,0.0,0.0,0.0,15327.415191616295,26000.000000000007,60.0,0.0,0.0,107408.46488747258,103604.61818494998,30.47452699844951,forecast,climatology
2026-07-01,Kalyanpur,24,12:00,88000.0,0.0,8000.0,0.0,0.0,0.0,0.0,0.0,26014.967657422967,22000.000000000007,60.0,0.0,0.0,117756.97613488315,113953.1294323605,30.64078958258025,forecast,climatology
2026-07-01,Kalyanpur,25,12:30,88000.0,0.0,0.0,0.0,0.0,0.0,0.0,0.0,40334.62849159719,22000.000000000007,60.0,0.0,0.0,124263.46917374441,120459.62247122178,30.766679341555463,forecast,climatology
2026-07-01,Kalyanpur,26,13:00,88000.0,0.0,0.0,0.0,0.0,0.0,0.0,0.0,40392.34822125787,22000.000000000007,60.0,0.0,0.0,124319.3578604668,120515.51115794422,30.85117663228631,forecast,climatology
2026-07-01,Kalyanpur,27,13:30,88000.0,0.0,8000.0,0.0,1672.8613327181945,0.0,0.0,0.0,27770.788854813276,18000.000000000007,60.0,0.0,0.0,121076.89057180843,117273.04386928576,30.8935970696471,forecast,climatology
2026-07-01,Kalyanpur,28,14:00,88000.0,0.0,0.0,0.0,0.0,0.0,0.0,0.0,19342.901394447472,18000.000000000007,60.0,0.0,0.0,103937.66261864844,100133.81591612575,30.8935970696471,forecast,climatology
2026-07-01,Kalyanpur,29,14:30,88000.0,0.0,0.0,0.0,0.0,0.0,0.0,0.0,24483.192731637275,18000.000000000007,60.0,0.0,0.0,108914.88849782555,105111.04179530281,30.85117663228631,forecast,climatology
2026-07-01,Kalyanpur,30,15:00,88000.0,0.0,8000.0,0.0,0.0,0.0,0.0,0.0,10707.818555164427,14000.000000000007,60.0,0.0,0.0,102935.41571145486,99131.56900893233,30.766679341555463,forecast,climatology
2026-07-01,Kalyanpur,31,15:30,88000.0,0.0,0.0,0.0,0.0,0.0,0.0,0.0,12420.007338599447,14000.000000000007,60.0,0.0,0.0,97234.38352544332,93430.53682292064,30.64078958258025,forecast,climatology
2026-07-01,Kalyanpur,32,16:00,88000.0,0.0,8000.0,0.0,0.0,0.0,0.0,0.0,10014.526644271886,10000.000000000007,60.0,0.0,0.0,102264.1170993018,98460.27039677916,30.47452699844951,forecast,climatology
2026-07-01,Kalyanpur,33,16:30,88000.0,0.0,0.0,0.0,0.0,0.0,0.0,0.0,21220.134137017783,10000.000000000007,60.0,0.0,0.0,105755.34390841503,101951.4972058924,30.269238231624243,forecast,climatology
2026-07-01,Kalyanpur,34,17:00,88000.0,0.0,8000.0,0.0,0.0,0.0,0.0,0.0,34788.42942003817,6000.000000000008,60.0,0.0,0.0,126252.11737696159,122448.27067443875,30.026586016817856,forecast,climatology
2026-07-01,Kalyanpur,35,17:30,88000.0,0.0,0.0,0.0,0.0,0.0,0.0,0.0,34351.660817392796,6000.000000000008,60.0,0.0,0.0,118470.29917832356,114666.45247580089,29.748535713689733,forecast,climatology
2026-07-01,Kalyanpur,36,18:00,88000.0,6044.101088927549,0.0,14285.714285714279,0.0,0.0,0.0,0.0,0.0,8870.948017240595,41.084060976491735,0.0,-1.4551915228366852e-11,65523.48341215934,116739.04488301004,29.437339388430505,forecast,climatology
2026-07-01,Kalyanpur,37,18:30,88000.0,4204.4492634781745,0.0,14285.714285714279,0.0,0.0,0.0,0.0,0.0,10868.061417392728,41.084060976491735,0.0,0.0,67304.77596420911,133458.031254374,29.095310254572535,forecast,climatology
2026-07-01,Kalyanpur,38,19:00,88000.0,2904.1265664546772,0.0,14285.714285714279,0.0,0.0,0.0,0.0,0.0,12247.521536458698,41.084060976491735,0.0,0.0,68563.84852534617,113885.90282752388,28.754851335777442,forecast,climatology
2026-07-01,Kalyanpur,39,19:30,88000.0,1614.5262681150307,0.0,14285.714285714279,0.0,0.0,0.0,0.0,0.0,13014.421513813337,41.084060976491735,0.0,0.0,69812.5388344444,120336.98762303857,28.44809634315671,forecast,climatology
2026-07-01,Kalyanpur,40,20:00,88000.0,0.0,778.1271826458129,14285.714285714279,0.0,0.0,0.0,0.0,0.0,12625.357922490432,48.76350246702685,0.0,0.0,72091.618008952,124361.89876740037,28.171708737184254,forecast,climatology
2026-07-01,Kalyanpur,41,20:30,88000.0,2893.983321072763,0.0,14285.714285714279,0.0,0.0,0.0,0.0,0.0,13999.999999999993,41.084060976491735,0.0,0.0,68573.66999656285,111058.03729846388,27.922682280980386,forecast,climatology
2026-07-01,Kalyanpur,42,21:00,88000.0,0.0,8000.0,0.0,0.0,0.0,0.0,0.0,10200.345896841158,9999.999999999993,60.0,0.0,0.0,102444.04160786932,98640.19490534655,27.698308341811643,forecast,climatology
2026-07-01,Kalyanpur,43,21:30,88000.0,0.0,8000.0,0.0,2090.1641493843345,0.0,0.0,0.0,0.0,5999.999999999994,49.33998530159987,0.0,0.0,94591.13914955444,90787.29244703187,27.496146429597456,forecast,climatology
2026-07-01,Kalyanpur,44,22:00,88000.0,1.687352012499775e-11,0.0,0.0,6343.455706775017,0.0,0.0,0.0,0.0,6000.000000000002,18.25510204081633,0.0,0.0,91350.59833621565,87546.75163369306,27.313997651974212,forecast,climatology
2026-07-01,Kalyanpur,45,22:30,85032.99746442064,0.0,0.0,0.0,0.0,0.0,0.0,0.0,0.0,6000.000000000002,8.39,0.0,0.0,82335.49575329914,78531.64905077648,27.14988079719056,forecast,climatology
2026-07-01,Kalyanpur,46,23:00,71170.59317495862,0.0,0.0,0.0,0.0,0.0,0.0,0.0,0.0,6000.000000000002,8.39,0.0,0.0,68912.84850411692,65109.00180159436,27.002010784690174,forecast,climatology
2026-07-01,Kalyanpur,47,23:30,72541.02938480934,0.0,-2.2737367544323206e-12,0.0,0.0,0.0,0.0,0.0,0.0,6000.000000000003,8.39,0.0,0.0,70239.81036716963,66435.96366464693,26.868779248991494,forecast,climatology
2026-07-02,Dhanmondi,0,00:00,58697.22384893111,0.0,0.0,0.0,0.0,0.0,0.0,0.0,0.0,7999.999999999996,8.39,0.0,0.0,48253.72076511396,47235.18624097866,26.729440171790756,forecast,climatology
2026-07-02,Dhanmondi,1,00:30,58586.86818371115,0.0,0.0,0.0,0.0,0.0,0.0,0.0,0.0,7999.999999999996,8.39,0.0,0.0,48162.99975472899,47144.46523059361,26.621233425427956,forecast,climatology
2026-07-02,Dhanmondi,2,01:00,65829.17421602561,0.0,0.0,0.0,0.0,0.0,0.0,0.0,0.0,7999.999999999996,8.39,0.0,0.0,54116.74322099969,53098.20869686432,26.523733839235685,forecast,climatology
2026-07-02,Dhanmondi,3,01:30,74268.19389942805,10000.0,0.0,0.0,0.0,0.0,0.0,0.0,0.0,12749.999999999996,8.39,0.0,0.0,52833.494995993366,51814.96047185802,26.435881929560928,forecast,climatology
2026-07-02,Dhanmondi,4,02:00,62704.19942402176,0.0,0.0,0.0,0.0,0.0,0.0,0.0,0.0,12749.999999999996,8.39,0.0,0.0,51547.76889609012,50529.23437195474,26.356723049662897,forecast,climatology
2026-07-02,Dhanmondi,5,02:30,65982.4672130904,9151.274204487665,0.0,0.0,0.0,0.0,0.0,0.0,0.0,17096.855247131636,8.39,0.0,-7.275957614183426e-12,46719.697088968176,45701.16256483275,26.285397016001145,forecast,climatology
2026-07-02,Dhanmondi,6,03:00,60215.72035824512,0.0,0.0,0.0,0.0,0.0,0.0,0.0,0.0,17096.855247131636,8.39,0.0,0.0,49502.043969152124,48483.509445016745,26.22112876101231,forecast,climatology
2026-07-02,Dhanmondi,7,03:30,61483.8032196807,10000.0,0.0,0.0,0.0,0.0,0.0,0.0,0.0,21846.855247131636,8.39,0.0,7.275957614183426e-12,42323.72336521996,41305.18884108458,26.163219910803456,forecast,climatology
2026-07-02,Dhanmondi,8,04:00,66295.27773499551,0.0,0.0,0.0,0.0,0.0,0.0,0.0,0.0,21846.855247131636,8.39,0.0,7.275957614183426e-12,54499.91686324717,53481.38233911179,26.111041196240656,forecast,climatology
2026-07-02,Dhanmondi,9,04:30,64298.61862878756,10000.0,0.0,0.0,0.0,0.0,0.0,0.0,0.0,26596.855247131636,8.39,0.0,0.0,44637.72235614255,43619.18783200715,26.064025614967562,forecast,climatology
2026-07-02,Dhanmondi,10,05:00,80216.25532924505,0.0,0.0,0.0,0.0,0.0,0.0,0.0,0.0,26596.855247131636,8.39,0.0,0.0,65944.05206356222,64925.517539426866,26.021662270048694,forecast,climatology
2026-07-02,Dhanmondi,11,05:30,85391.34398937979,10000.0,0.0,0.0,0.0,0.0,0.0,0.0,0.0,31346.855247131636,8.39,0.0,0.0,61977.59659525081,60959.06207111548,26.080830826632013,forecast,climatology
2026-07-02,Dhanmondi,12,06:00,79688.42055056592,0.0,0.0,0.0,0.0,0.0,0.0,0.0,0.0,31346.855247131636,8.39,0.0,0.0,65510.13048515753,64491.59596102223,26.54911598692278,forecast,climatology
2026-07-02,Dhanmondi,13,06:30,95875.11972445769,10000.0,0.0,523.835464101237,0.0,0.0,0.0,0.0,0.0,36096.855247131636,8.39,0.0,0.0,70165.44850984652,69146.91398571116,27.01000031755776,forecast,climatology
2026-07-02,Dhanmondi,14,07:00,110000.00000000001,3785.193723598899,0.0,11428.571428571424,0.0,0.0,0.0,0.0,0.0,37894.82226584111,8.390000000000008,0.0,0.0,77921.71773737099,76903.18321323566,27.459748743927726,forecast,climatology
2026-07-02,Dhanmondi,15,07:30,110000.00000000001,0.0,5163.165280689065,11428.571428571426,0.0,0.0,0.0,0.0,0.0,35313.239625496586,12.537396121883667,0.0,0.0,85065.74419068712,84047.20966655176,27.894716438434475,forecast,climatology
2026-07-02,Dhanmondi,16,08:00,110000.00000000001,2060.911726598859,0.0,13052.107457243112,0.0,0.0,0.0,0.0,0.0,36292.172695631045,8.390000000000008,0.0,0.0,78004.53882336375,76986.0042992284,28.311378358711405,forecast,climatology
2026-07-02,Dhanmondi,17,08:30,110000.00000000001,7805.952219724128,0.0,417.39005189705153,0.0,0.0,0.0,0.0,0.0,40000.0,8.390000000000008,0.0,0.0,83668.393501394,82649.85897725861,28.706357815086918,forecast,climatology
2026-07-02,Dhanmondi,18,09:00,110000.00000000001,0.0,8985.4846001274,0.0,0.0,0.0,0.0,0.0,0.0,35507.25769993631,60.0,0.0,0.0,97446.05997850432,96427.52545436891,29.076453835775645,forecast,climatology
2026-07-02,Dhanmondi,19,09:30,110000.00000000001,0.0,10000.0,0.0,0.0,0.0,0.0,0.0,2864.818346750544,30507.257699936305,60.0,0.0,0.0,100593.47595679386,99574.94143265854,29.41866710802606,forecast,climatology
2026-07-02,Dhanmondi,20,10:00,110000.00000000001,0.0,0.0,0.0,0.0,0.0,0.0,0.0,8035.886446742326,30507.257699936305,60.0,0.0,0.0,97034.75448042898,96016.21995629361,29.730224284993493,forecast,climatology
2026-07-02,Dhanmondi,21,10:30,110000.00000000001,0.0,7550.879820247126,0.0,0.0,0.0,0.0,0.0,0.0,26731.817789812743,60.0,0.0,0.0,96325.67023565952,95307.1357115241,30.00860046135211,forecast,climatology
2026-07-02,Dhanmondi,22,11:00,110000.00000000001,0.0,10000.0,0.0,0.0,0.0,0.0,0.0,3999.255237048259,21731.817789812743,60.0,0.0,0.0,101526.07203784466,100507.53751370926,30.251539635500155,forecast,climatology
2026-07-02,Dhanmondi,23,11:30,110000.00000000001,0.0,10000.0,0.0,0.0,0.0,0.0,0.0,11012.473121303163,16731.817789812743,60.0,0.0,0.0,107291.48708239113,106272.95255825574,30.457072992529785,forecast,climatology
2026-07-02,Dhanmondi,24,12:00,110000.00000000001,10000.0,0.0,115.81552270855173,0.0,0.0,0.0,0.0,0.0,21481.817789812743,49.3,0.0,0.0,82112.63209011428,120772.54201414245,30.623534859793516,forecast,climatology
2026-07-02,Dhanmondi,25,12:30,110000.00000000001,8164.950507700531,0.0,0.0,0.0,0.0,0.0,0.0,0.0,25360.169280970495,51.224999999999994,0.0,0.0,83716.39611014535,127950.65125648753,30.7495762057611,forecast,climatology
2026-07-02,Dhanmondi,26,13:00,110000.00000000001,9425.625798320398,0.0,0.0,0.0,0.0,0.0,0.0,0.0,29837.341535172684,51.224999999999994,0.0,0.0,82680.02216500584,115417.89154610182,30.834175572770075,forecast,climatology
2026-07-02,Dhanmondi,27,13:30,110000.00000000001,10000.0,0.0,2336.406699999294,0.0,0.0,0.0,0.0,0.0,34587.34153517269,49.3,0.0,0.0,80287.13201402473,112567.3800664307,30.87664735506935,forecast,climatology
2026-07-02,Dhanmondi,28,14:00,110000.00000000001,9277.031035192253,0.0,0.0,0.0,0.0,0.0,0.0,0.0,38993.93127688901,51.224999999999994,0.0,0.0,82802.17871240231,112283.28351290019,30.87664735506935,forecast,climatology
2026-07-02,Dhanmondi,29,14:30,110000.00000000001,0.0,4500.612654726667,0.0,0.0,0.0,0.0,0.0,17208.333640072415,36743.62494952567,60.0,0.0,0.0,108090.08902686824,107071.55450273288,30.834175572770075,forecast,climatology
2026-07-02,Dhanmondi,30,15:00,110000.00000000001,0.0,10000.0,0.0,0.0,0.0,0.0,0.0,16030.749491513547,31743.62494952567,60.0,0.0,0.0,111416.90376842591,110398.36924429056,30.7495762057611,forecast,climatology
2026-07-02,Dhanmondi,31,15:30,110000.00000000001,0.0,0.0,0.0,0.0,0.0,0.0,0.0,18887.203497277922,31743.62494952567,60.0,0.0,0.0,105955.38800541294,104936.8534812776,30.623534859793516,forecast,climatology
2026-07-02,Dhanmondi,32,16:00,110000.00000000001,0.0,10000.0,0.0,0.0,0.0,0.0,0.0,1254.8831884017127,26743.62494952567,60.0,0.0,0.0,99269.98301305875,98251.44848892337,30.457072992529785,forecast,climatology
2026-07-02,Dhanmondi,33,16:30,110000.00000000001,0.0,0.0,0.0,0.0,0.0,0.0,0.0,16909.915564863026,26743.62494952567,60.0,0.0,0.0,104329.90227531201,103311.36775117667,30.251539635500155,forecast,climatology
2026-07-02,Dhanmondi,34,17:00,110000.00000000001,0.0,10000.0,0.0,0.0,0.0,0.0,0.0,27940.217246612752,21743.62494952567,60.0,0.0,0.0,121207.42014778193,120188.88562364658,30.00860046135211,forecast,climatology
2026-07-02,Dhanmondi,35,17:30,110000.00000000001,0.0,10000.0,0.0,0.0,0.0,0.0,0.0,23930.5385104617,16743.62494952567,60.0,0.0,0.0,117911.14980644497,116892.61528230962,29.730224284993493,forecast,climatology
2026-07-02,Dhanmondi,36,18:00,110000.00000000001,3877.78619903807,10000.0,0.0,17877.78619903805,0.0,0.0,0.0,1099.0748276255363,13585.573394068753,51.22499999999999,8.775000000000013,0.0,110650.99413714788,109632.45961301244,29.41866710802606,forecast,climatology
2026-07-02,Dhanmondi,37,18:30,110000.00000000001,5600.000000000018,0.0,0.0,19600.0,0.0,0.0,0.0,29678.40077699695,16245.573394068762,51.224999999999994,8.775000000000006,0.0,126335.69617888382,125317.16165474839,29.07624281605279,forecast,climatology
2026-07-02,Dhanmondi,38,19:00,110000.00000000001,0.0,10000.0,0.0,13999.999999999982,0.0,0.0,0.0,13497.730931950038,11245.573394068762,51.22499999999999,8.775000000000013,0.0,120843.6616994255,119825.12717529011,28.735817722448633,forecast,climatology
2026-07-02,Dhanmondi,39,19:30,110000.00000000001,3693.5296966973583,10000.0,0.0,17693.52969669734,0.0,0.0,0.0,7451.192112958353,8000.000000000007,51.224999999999994,8.775000000000006,0.0,115872.9326489687,114854.3981248333,28.42907801469894,forecast,climatology
2026-07-02,Dhanmondi,40,20:00,110000.00000000001,1457.1496116380677,1384.2921310561633,0.0,15457.14961163805,0.0,0.0,0.0,8787.231346896086,8000.000000000007,51.224999999999994,8.775000000000006,0.0,110242.61356707106,109224.07904293569,28.152690491927856,forecast,climatology
2026-07-02,Dhanmondi,41,20:30,110000.00000000001,0.0,0.0,0.0,13999.999999999982,0.0,0.0,0.0,458.0296154318087,8000.000000000007,51.22499999999999,8.775000000000013,0.0,102314.2597594707,101295.72523533534,27.903651776647237,forecast,climatology
2026-07-02,Dhanmondi,42,21:00,110000.00000000001,0.0,-0.0,0.0,0.0,0.0,0.0,0.0,8972.032157638212,8000.000000000007,60.0,0.0,0.0,97804.33966294615,96785.80513881076,27.67925567841964,forecast,climatology
2026-07-02,Dhanmondi,43,21:30,110000.00000000001,0.0,-0.0,800.0355347890436,0.0,0.0,0.0,0.0,0.0,8000.000000000007,37.87173407202214,0.0,0.0,89770.93374000545,88752.3992158701,27.477063786917835,forecast,climatology
2026-07-02,Dhanmondi,44,22:00,102075.00624455119,-1.9147256879430067e-12,0.0,3602.6094353075746,0.0,0.0,0.0,0.0,0.0,8000.000000000007,8.39,0.0,0.0,80952.0319212042,79933.49739706893,27.29487897482893,forecast,climatology
2026-07-02,Dhanmondi,45,22:30,80908.31651011354,0.0,0.0,0.0,0.0,0.0,0.0,0.0,0.0,8000.000000000007,8.39,0.0,0.0,66512.98062243154,65494.446098296205,27.13072152267129,forecast,climatology
2026-07-02,Dhanmondi,46,23:00,74245.0092942851,0.0,0.0,0.0,0.0,0.0,0.0,0.0,0.0,8000.000000000007,8.39,0.0,0.0,61035.21958568688,60016.68506155154,26.982807606083462,forecast,climatology
2026-07-02,Dhanmondi,47,23:30,73633.46193597524,0.0,0.0,0.0,0.0,0.0,0.0,0.0,0.0,8000.000000000007,8.39,0.0,0.0,60532.47970247745,59513.94517834215,26.84952991181625,forecast,climatology
2026-07-02,Kalyanpur,0,00:00,60547.24332181239,4463.490449494675,0.0,0.0,0.0,0.0,0.0,0.0,0.0,8120.157963509973,8.39,0.0,0.0,55947.49685890059,52135.201162856894,26.729440171790756,forecast,climatology
2026-07-02,Kalyanpur,1,00:30,62616.58539512939,8000.0,0.0,0.0,0.0,0.0,0.0,0.0,0.0,11920.157963509973,8.39,0.0,0.0,54483.89387911509,50671.598183071445,26.621233425427956,forecast,climatology
2026-07-02,Kalyanpur,2,01:00,70008.68256678875,8000.0,0.0,0.0,0.0,0.0,0.0,0.0,0.0,15720.157963509973,8.39,0.0,7.275957614183426e-12,61858.03188007324,58045.73618402951,26.523733839235685,forecast,climatology
2026-07-02,Kalyanpur,3,01:30,59993.2119683472,0.0,0.0,0.0,0.0,0.0,0.0,0.0,0.0,15720.157963509973,8.39,0.0,0.0,59847.457886705946,56035.16219066232,26.435881929560928,forecast,climatology
2026-07-02,Kalyanpur,4,02:00,69508.98193284485,8000.0,0.0,0.0,0.0,0.0,0.0,0.0,0.0,19520.157963509973,8.39,0.0,7.275957614183426e-12,61359.545273593416,57547.24957754983,26.356723049662897,forecast,climatology
2026-07-02,Kalyanpur,5,02:30,52386.20496296317,0.0,0.0,0.0,0.0,0.0,0.0,0.0,0.0,19520.157963509973,8.39,0.0,0.0,52258.93217751752,48446.63648147382,26.285397016001145,forecast,climatology
2026-07-02,Kalyanpur,6,03:00,50374.4706465039,0.0,0.0,0.0,0.0,0.0,0.0,0.0,0.0,19520.157963509973,8.39,0.0,0.0,50252.08538879976,46439.78969275612,26.22112876101231,forecast,climatology
2026-07-02,Kalyanpur,7,03:30,53244.86287701925,8000.0,0.0,0.0,0.0,0.0,0.0,0.0,0.0,23320.157963509973,8.39,0.0,0.0,45134.940050398436,41322.64435435477,26.163219910803456,forecast,climatology
2026-07-02,Kalyanpur,8,04:00,53949.2861967448,0.0,0.0,0.0,0.0,0.0,0.0,0.0,0.0,23320.157963509973,8.39,0.0,0.0,53818.21589050818,50005.92019446458,26.111041196240656,forecast,climatology
2026-07-02,Kalyanpur,9,04:30,52149.25622101116,0.0,0.0,0.0,0.0,0.0,0.0,0.0,0.0,23320.157963509973,8.39,0.0,0.0,52022.5591047978,48210.263408754145,26.064025614967562,forecast,climatology
2026-07-02,Kalyanpur,10,05:00,74488.25361521974,8000.0,0.0,0.0,0.0,0.0,0.0,0.0,0.0,27120.157963509973,8.39,0.0,7.275957614183426e-12,66326.71976784506,62514.424071801346,26.021662270048694,forecast,climatology
2026-07-02,Kalyanpur,11,05:30,71579.65574781086,0.0,0.0,0.0,0.0,0.0,0.0,0.0,0.0,27120.157963509973,8.39,0.0,0.0,71405.7522903127,67593.45659426902,26.080830826632013,forecast,climatology
2026-07-02,Kalyanpur,12,06:00,88000.0,6062.825339979002,0.0,0.0,0.0,0.0,0.0,0.0,0.0,30000.0,8.389999999999999,0.0,0.0,81738.10751137184,77925.81181532812,26.54911598692278,forecast,climatology
2026-07-02,Kalyanpur,13,06:30,88000.0,0.0,-9.094947017729282e-13,0.0,513.3587548192122,0.0,0.0,0.0,0.0,30000.0,18.25510204081633,0.0,0.0,88298.31470408403,84486.01900804037,27.01000031755776,forecast,climatology
2026-07-02,Kalyanpur,14,07:00,88000.0,0.0,332.6464162666463,0.0,11199.999999999995,0.0,0.0,0.0,0.0,29833.676791866677,18.255102040816332,5.21315506812144,0.0,99274.23898845077,95461.94329240704,27.459748743927726,forecast,climatology
2026-07-02,Kalyanpur,15,07:30,88000.0,0.0,4867.015598331653,0.0,11199.999999999996,0.0,0.0,0.0,0.0,27400.168992700852,22.487138899881295,0.9811182090564774,0.0,103571.42423282657,99759.12853678287,27.894716438434475,forecast,climatology
2026-07-02,Kalyanpur,16,08:00,88000.0,5473.328436419261,0.0,0.0,12791.065308098248,0.0,0.0,0.0,0.0,30000.0,18.255102040816332,0.0,-1.4551915228366852e-11,95086.16151930104,91273.86582325745,28.311378358711405,forecast,climatology
2026-07-02,Kalyanpur,17,08:30,88000.0,0.0,0.0,0.0,409.0422508591105,0.0,0.0,0.0,0.0,30000.0,18.255102040816332,0.0,0.0,88194.25163806687,84381.95594202325,28.706357815086918,forecast,climatology
2026-07-02,Kalyanpur,18,09:00,88000.0,0.0,305.5503169929225,0.0,0.0,0.0,0.0,0.0,11486.028848442116,29847.22484150354,60.0,0.0,0.0,99533.8941714833,95721.59847543962,29.076453835775645,forecast,climatology
2026-07-02,Kalyanpur,19,09:30,88000.0,321.63191262413284,0.0,0.0,0.0,0.0,0.0,0.0,0.0,30000.000000000004,51.224999999999994,0.0,0.0,87465.35265444455,83653.05695840092,29.41866710802606,forecast,climatology
2026-07-02,Kalyanpur,20,10:00,88000.0,0.0,0.0,0.0,0.0,0.0,0.0,0.0,11665.752723672409,30000.000000000004,60.0,0.0,0.0,99423.61382524188,95611.3181291983,29.730224284993493,forecast,climatology
2026-07-02,Kalyanpur,21,10:30,88000.0,0.0,0.0,0.0,0.0,0.0,0.0,0.0,11529.863855540661,30000.000000000004,60.0,0.0,0.0,99288.05510041371,95475.75940436995,30.00860046135211,forecast,climatology
2026-07-02,Kalyanpur,22,11:00,88000.0,0.0,0.0,0.0,0.0,0.0,0.0,0.0,17212.016665630563,30000.000000000004,60.0,0.0,0.0,104956.40306596516,101144.10736992149,30.251539635500155,forecast,climatology
2026-07-02,Kalyanpur,23,11:30,88000.0,0.0,0.0,0.0,0.0,0.0,0.0,0.0,19636.414687760884,30000.000000000004,60.0,0.0,0.0,107374.91098993842,103562.61529389479,30.457072992529785,forecast,climatology
2026-07-02,Kalyanpur,24,12:00,88000.0,0.0,0.0,0.0,113.4992122543807,0.0,0.0,0.0,29890.23751414114,30000.000000000004,60.0,0.0,-1.4551915228366852e-11,117717.04552063292,113904.74982458907,30.623534859793516,forecast,climatology
2026-07-02,Kalyanpur,25,12:30,88000.0,0.0,0.0,0.0,0.0,0.0,0.0,0.0,36522.7817972024,30000.000000000004,60.0,0.0,-1.4551915228366852e-11,124220.25250915844,120407.95681311468,30.7495762057611,forecast,climatology
2026-07-02,Kalyanpur,26,13:00,88000.0,0.0,8000.0,0.0,0.0,0.0,0.0,0.0,28971.477573564724,26000.000000000004,60.0,0.0,0.0,124268.82997866682,120456.53428262309,30.834175572770075,forecast,climatology
2026-07-02,Kalyanpur,27,13:30,88000.0,0.0,8000.0,0.0,2289.678565999308,0.0,0.0,0.0,23430.42242485316,22000.000000000004,60.0,0.0,0.0,121025.3526464252,117213.0569503816,30.87664735506935,forecast,climatology
2026-07-02,Kalyanpur,28,14:00,88000.0,0.0,0.0,0.0,0.0,0.0,0.0,0.0,16150.016849911448,22000.000000000004,60.0,0.0,0.0,103896.98338894456,100084.68769290081,30.87664735506935,forecast,climatology
2026-07-02,Kalyanpur,29,14:30,88000.0,0.0,8000.0,0.0,0.0,0.0,0.0,0.0,13534.150133654413,18000.000000000004,60.0,0.0,0.0,108869.0076732571,105056.71197721343,30.834175572770075,forecast,climatology
2026-07-02,Kalyanpur,30,15:00,88000.0,0.0,8000.0,0.0,0.0,0.0,0.0,0.0,7544.6846614260385,14000.000000000004,60.0,0.0,0.0,102894.09366461575,99081.7979685721,30.7495762057611,forecast,climatology
2026-07-02,Kalyanpur,31,15:30,88000.0,0.0,0.0,0.0,0.0,0.0,0.0,0.0,9434.016100081699,14000.000000000004,60.0,0.0,0.0,97197.29922709995,93385.00353105622,30.623534859793516,forecast,climatology
2026-07-02,Kalyanpur,32,16:00,88000.0,0.0,0.0,0.0,0.0,0.0,0.0,0.0,14472.473345411909,14000.000000000004,60.0,0.0,0.0,102223.5154924161,98411.2197963724,30.457072992529785,forecast,climatology
2026-07-02,Kalyanpur,33,16:30,88000.0,0.0,8000.0,0.0,0.0,0.0,0.0,0.0,10366.128609099189,10000.000000000004,60.0,0.0,0.0,105708.68288726246,101896.38719121882,30.251539635500155,forecast,climatology
2026-07-02,Kalyanpur,34,17:00,88000.0,0.0,0.0,0.0,0.0,0.0,0.0,0.0,38519.653704481876,10000.000000000004,60.0,0.0,-1.4551915228366852e-11,126212.27299706142,122399.97730101767,30.00860046135211,forecast,climatology
2026-07-02,Kalyanpur,35,17:30,88000.0,0.0,8000.0,0.0,0.0,0.0,0.0,0.0,23123.9687231104,6000.000000000003,60.0,0.0,0.0,118435.52770683076,114623.23201078697,29.730224284993493,forecast,climatology
2026-07-02,Kalyanpur,36,18:00,88000.0,4214.654181507424,0.0,18242.638978610255,0.0,0.0,0.0,0.0,0.0,8001.9607362160295,40.70049999999999,0.0,1.4551915228366852e-11,65383.47020743179,116691.88892314039,29.41866710802606,forecast,climatology
2026-07-02,Kalyanpur,37,18:30,88000.0,697.3243266687787,0.0,20000.0,0.0,0.0,0.0,0.0,0.0,8333.189791383698,40.70049999999999,0.0,0.0,67139.16317978548,133405.5263938596,29.07624281605279,forecast,climatology
2026-07-02,Kalyanpur,38,19:00,88000.0,5408.223622639602,0.0,14285.714285714268,0.0,0.0,0.0,0.0,0.0,10902.09601213751,40.70049999999999,0.0,0.0,68140.11186121093,113832.49601114291,28.735817722448633,forecast,climatology
2026-07-02,Kalyanpur,39,19:30,88000.0,0.0,0.0,18054.62213948708,0.0,0.0,0.0,0.0,0.0,10902.09601213751,40.70049999999999,0.0,0.0,69775.44489675546,120281.7156980433,28.42907801469894,forecast,climatology
2026-07-02,Kalyanpur,40,20:00,88000.0,0.0,0.0,15772.601644528622,0.0,0.0,0.0,0.0,0.0,10902.09601213751,40.70049999999999,0.0,0.0,72051.92120111943,124303.00342035429,28.152690491927856,forecast,climatology
2026-07-02,Kalyanpur,41,20:30,88000.0,4739.710950083427,0.0,14285.714285714268,0.0,0.0,0.0,0.0,0.0,13153.458713427137,40.70049999999999,0.0,1.4551915228366852e-11,68807.00037584228,111003.26823940611,27.903651776647237,forecast,climatology
2026-07-02,Kalyanpur,42,21:00,88000.0,0.0,8000.0,0.0,0.0,0.0,0.0,0.0,7056.253392844311,9153.458713427137,60.0,0.0,0.0,102406.84904446745,98594.55334842377,27.67925567841964,forecast,climatology
2026-07-02,Kalyanpur,43,21:30,88000.0,0.0,6306.917426854272,0.0,784.0348240932627,0.0,0.0,0.0,0.0,6000.000000000001,48.33850415512464,0.0,0.0,94545.34813843669,90733.0524423932,27.477063786917835,forecast,climatology
2026-07-02,Kalyanpur,44,22:00,88000.0,-0.0,0.0,0.0,3530.5572466014232,0.0,0.0,0.0,0.0,6000.000000000001,18.25510204081633,0.0,0.0,91308.18288330467,87495.88718726103,27.29487897482893,forecast,climatology
2026-07-02,Kalyanpur,45,22:30,82499.51901959961,0.0,0.0,0.0,0.0,0.0,0.0,0.0,0.0,6000.000000000001,8.39,0.0,0.0,82299.08564995637,78486.7899539126,27.13072152267129,forecast,climatology
2026-07-02,Kalyanpur,46,23:00,69050.80800216997,-9.573628439715034e-13,0.0,0.0,0.0,0.0,0.0,0.0,0.0,6000.0,8.39,0.0,7.275957614183426e-12,68883.04840442988,65070.75270838631,26.982807606083462,forecast,climatology
2026-07-02,Kalyanpur,47,23:30,70378.1443601716,0.0,1.8189894035458565e-12,0.0,0.0,0.0,0.0,0.0,0.0,6000.0,8.39,0.0,0.0,70207.1599860687,66394.86429002506,26.84952991181625,forecast,climatology
2026-07-03,Dhanmondi,0,00:00,57451.48579425547,10000.0,0.0,0.0,0.0,0.0,0.0,0.0,0.0,12750.000000000007,8.39,0.0,0.0,47505.64214080255,47208.26109217351,26.711324596482378,forecast,climatology
2026-07-03,Dhanmondi,1,00:30,57361.587768610705,10000.0,0.0,0.0,0.0,0.0,0.0,0.0,0.0,17500.000000000007,8.39,0.0,0.0,47415.64151460587,47118.26046597685,26.603988144628133,forecast,climatology
2026-07-03,Dhanmondi,2,01:00,53302.92385012733,0.0,0.0,0.0,0.0,0.0,0.0,0.0,0.0,17500.000000000007,8.39,0.0,0.0,53363.758438711455,53066.37739008243,26.507267496193972,forecast,climatology
2026-07-03,Dhanmondi,3,01:30,52631.71318845084,607.1418713817069,0.0,0.0,0.0,0.0,0.0,0.0,0.0,17788.39238890632,8.39,0.0,0.0,52083.94692282838,51786.56587419935,26.42011272563916,forecast,climatology
2026-07-03,Dhanmondi,4,02:00,50742.56232979211,0.0,0.0,0.0,0.0,0.0,0.0,0.0,0.0,17788.39238890632,8.39,0.0,0.0,50800.47477961789,50503.09373098886,26.341577747292398,forecast,climatology
2026-07-03,Dhanmondi,5,02:30,45924.65170308276,0.0,0.0,0.0,0.0,0.0,0.0,0.0,0.0,17788.39238890632,8.39,0.0,0.0,45977.06547498168,45679.684426352665,26.27081004536783,forecast,climatology
2026-07-03,Dhanmondi,6,03:00,58702.555257473476,10000.0,0.0,0.0,0.0,0.0,0.0,0.0,0.0,22538.39238890632,8.39,0.0,0.0,48758.139448697475,48460.75840006846,26.207041419704353,forecast,climatology
2026-07-03,Dhanmondi,7,03:30,51540.04419472743,10000.0,0.0,0.0,0.0,0.0,0.0,0.0,0.0,27288.39238890632,8.39,0.0,0.0,41587.453817236295,41290.072768607264,26.14957964677094,forecast,climatology
2026-07-03,Dhanmondi,8,04:00,53691.68667344354,0.0,0.0,0.0,0.0,0.0,0.0,0.0,0.0,27288.39238890632,8.39,0.0,0.0,53752.96495675782,53455.58390812878,26.097800965416322,forecast,climatology
2026-07-03,Dhanmondi,9,04:30,43849.962655129115,0.0,0.0,0.0,0.0,0.0,0.0,0.0,0.0,27288.39238890632,8.39,0.0,0.0,43900.008585912474,43602.62753728345,26.051143305793993,forecast,climatology
2026-07-03,Dhanmondi,10,05:00,65124.1253207769,0.0,0.0,0.0,0.0,0.0,0.0,0.0,0.0,27288.39238890632,8.39,0.0,0.0,65198.45143808199,64901.070389452994,26.009100187960918,forecast,climatology
2026-07-03,Dhanmondi,11,05:30,61163.92470093142,0.0,0.0,0.0,0.0,0.0,0.0,0.0,0.0,27288.39238890632,8.39,0.0,0.0,61233.73104412254,60936.34999549351,26.06506095975977,forecast,climatology
2026-07-03,Dhanmondi,12,06:00,64694.76808907183,0.0,0.0,0.0,0.0,0.0,0.0,0.0,0.0,27288.39238890632,8.39,0.0,0.0,64768.60418127778,64471.22313264875,26.529850135375046,forecast,climatology
2026-07-03,Dhanmondi,13,06:30,69341.10479343525,0.0,0.0,0.0,0.0,0.0,0.0,0.0,0.0,27288.39238890632,8.39,0.0,0.0,69420.24374637408,69122.86269774506,26.987310129756303,forecast,climatology
2026-07-03,Dhanmondi,14,07:00,84172.41066359126,0.0,0.0,7100.88685471159,0.0,0.0,0.0,0.0,0.0,27288.39238890632,8.39,0.0,0.0,77159.48548347085,76862.10443484185,27.433731285358142,forecast,climatology
2026-07-03,Dhanmondi,15,07:30,94807.8535559647,0.0,0.0,10605.627495723758,0.0,0.0,0.0,0.0,0.0,27288.39238890632,8.39,0.0,0.0,84298.32600017378,84000.94495154475,27.865493461340623,forecast,climatology
2026-07-03,Dhanmondi,16,08:00,77141.1658392453,0.0,0.0,0.0,0.0,0.0,0.0,0.0,0.0,27288.39238890632,8.39,0.0,0.0,77229.20699623556,76931.82594760656,28.27909539019704,forecast,climatology
2026-07-03,Dhanmondi,17,08:30,92784.97199533008,10000.0,0.0,0.0,0.0,0.0,0.0,0.0,0.0,32038.39238890632,8.39,0.0,0.0,82879.45442421982,82582.07337559079,28.67118307040809,forecast,climatology
2026-07-03,Dhanmondi,18,09:00,99483.54173879801,0.0,0.0,2974.4640884807964,0.0,0.0,0.0,0.0,0.0,32038.39238890632,8.39,0.0,0.0,96619.22339110244,96321.8423424734,29.03857696487936,forecast,climatology
2026-07-03,Dhanmondi,19,09:30,109630.57774161144,10000.0,0.0,0.0,0.0,0.0,0.0,0.0,0.0,36788.392388906315,8.39,0.0,0.0,99744.28604820173,99446.90499957271,29.378297784603074,forecast,climatology
2026-07-03,Dhanmondi,20,10:00,110000.00000000001,6761.279181249857,0.0,7164.13868029659,0.0,0.0,0.0,0.0,0.0,40000.0,8.39,0.0,0.0,96184.23198982414,95886.85094119514,29.687590648458055,forecast,climatology
2026-07-03,Dhanmondi,21,10:30,102393.49523972368,-0.0,0.0,7027.645274034161,0.0,0.0,0.0,0.0,0.0,40000.0,8.39,0.0,0.0,95474.69094154198,95177.30989291296,29.96394742322997,forecast,climatology
2026-07-03,Dhanmondi,22,11:00,110000.00000000001,0.0,2099.7913618932507,11428.57142857142,0.0,0.0,0.0,0.0,0.0,38950.104319053375,19.67128244076789,0.0,0.0,100681.00653148268,100383.62548285363,30.205127062691083,forecast,climatology
2026-07-03,Dhanmondi,23,11:30,110000.00000000001,0.0,8138.446357615747,11428.571428571422,0.0,0.0,0.0,0.0,0.0,34880.8811402455,19.67128244076789,0.0,0.0,106424.27609438487,106126.89504575584,30.409173780804768,forecast,climatology
2026-07-03,Dhanmondi,24,12:00,110000.00000000001,0.0,0.0,14190.186632591443,0.0,0.0,0.0,0.0,0.0,34880.8811402455,14.828332402793016,0.0,1.4551915228366852e-11,95919.16103837152,120592.9679116747,30.574432911683825,forecast,climatology
2026-07-03,Dhanmondi,25,12:30,110000.00000000001,0.0,0.0,11428.57142857142,0.0,0.0,0.0,0.0,0.0,34880.8811402455,14.860340350893463,0.0,0.0,98683.92807183409,127761.1714654769,30.699564327690126,forecast,climatology
2026-07-03,Dhanmondi,26,13:00,110000.00000000001,0.0,0.0,18536.5828621165,0.0,0.0,0.0,0.0,0.0,34880.8811402455,14.828332402793016,0.0,0.0,91567.80426996137,115230.52627182292,30.783553306864906,forecast,climatology
2026-07-03,Dhanmondi,27,13:30,110000.00000000001,8702.245483003282,0.0,11903.167917569908,0.0,0.0,0.0,0.0,0.0,39014.44774467206,14.82833240279302,0.0,0.0,89496.61257670184,112385.91023343743,30.825718761563014,forecast,climatology
2026-07-03,Dhanmondi,28,14:00,110000.00000000001,2074.846853321979,0.0,19591.83673469387,0.0,0.0,0.0,0.0,0.0,40000.0,14.82833240279302,0.0,0.0,88434.131162359,112092.28374896264,30.825718761563014,forecast,climatology
2026-07-03,Dhanmondi,29,14:30,110000.00000000001,0.0,8942.312129084206,11428.57142857142,0.0,0.0,0.0,0.0,0.0,35528.8439354579,20.632778285643237,0.0,0.0,107188.82015613437,106891.43910750536,30.783553306864906,forecast,climatology
2026-07-03,Dhanmondi,30,15:00,110000.00000000001,0.0,10000.0,9118.958567285486,0.0,0.0,0.0,0.0,0.0,30528.843935457902,20.632778285643237,0.0,0.0,110507.01923576955,110209.63818714049,30.699564327690126,forecast,climatology
2026-07-03,Dhanmondi,31,15:30,110000.00000000001,143.86804580932395,0.0,4913.449139662034,0.0,0.0,0.0,0.0,0.0,30597.18125721733,15.696082402793024,0.0,0.0,105062.45382281118,104765.07277418215,30.574432911683825,forecast,climatology
2026-07-03,Dhanmondi,32,16:00,110000.00000000001,1764.409003835458,0.0,9950.20521562362,0.0,0.0,0.0,0.0,0.0,31435.27553403917,15.696082402793024,0.0,0.0,98397.55882051527,98100.17777188629,30.409173780804768,forecast,climatology
2026-07-03,Dhanmondi,33,16:30,110000.00000000001,0.0,1995.0273204633127,8562.575754872592,0.0,0.0,0.0,0.0,0.0,30437.761873807514,20.632778285643237,0.0,0.0,103450.63373585169,103153.25268722264,30.20512706269108,forecast,climatology
2026-07-03,Dhanmondi,34,17:00,110000.00000000001,0.0,10000.0,0.0,0.0,0.0,0.0,0.0,700.1966089333589,25437.761873807514,60.0,0.0,0.0,120337.38100671608,120039.99995808702,29.96394742322997,forecast,climatology
2026-07-03,Dhanmondi,35,17:30,110000.00000000001,0.0,10000.0,2572.6680020453055,0.0,0.0,0.0,0.0,0.0,20437.761873807514,49.3,0.0,0.0,117060.78107771507,116763.40002908603,29.687590648458055,forecast,climatology
2026-07-03,Dhanmondi,36,18:00,110000.00000000001,318.4517481306969,0.0,0.0,0.0,0.0,0.0,0.0,0.0,20589.026454169594,15.696082402793019,0.0,0.0,109806.72772386101,109509.34667523198,29.378297784603074,forecast,climatology
2026-07-03,Dhanmondi,37,18:30,110000.00000000001,0.0,10000.0,0.0,5851.265745108307,0.0,0.0,0.0,0.0,15589.026454169596,33.16688176770003,0.0,0.0,125494.32905438465,125196.94800575562,29.038366989993467,forecast,climatology
2026-07-03,Dhanmondi,38,19:00,110000.00000000001,0.0,10000.0,0.0,362.4992643240409,0.0,0.0,0.0,0.0,10589.026454169596,32.66649194565824,0.0,0.0,119999.29824837066,119701.91719974163,28.70088109521497,forecast,climatology
2026-07-03,Dhanmondi,39,19:30,110000.00000000001,0.0,5178.052908339183,0.0,0.0,0.0,0.0,0.0,0.0,8000.000000000005,20.632778285643234,0.0,0.0,115050.30740631533,114752.9263576863,28.396773273347673,forecast,climatology
2026-07-03,Dhanmondi,40,20:00,110000.00000000001,2.3934071099287587e-12,0.0,696.2766087636961,0.0,0.0,0.0,0.0,0.0,8000.0000000000055,12.787709143071854,0.0,0.0,109428.47165198678,109131.09060335778,28.122742361977078,forecast,climatology
2026-07-03,Dhanmondi,41,20:30,101389.4070757363,-6.7015399078005245e-12,0.0,0.0,0.0,0.0,0.0,0.0,0.0,8000.000000000003,8.39,0.0,0.0,101505.12273297836,101207.74168434933,27.875813690673887,forecast,climatology
2026-07-03,Dhanmondi,42,21:00,106268.54834486799,0.0,0.0,9378.386380528615,0.0,0.0,0.0,0.0,0.0,8000.000000000003,8.39,0.0,0.0,97000.7426363776,96703.36158774859,27.653306790242137,forecast,climatology
2026-07-03,Dhanmondi,43,21:30,91187.58413687101,0.0,0.0,2314.08567317461,0.0,0.0,0.0,0.0,0.0,8000.000000000003,8.39,0.0,1.4551915228366852e-11,88974.92972345752,88677.54867482852,27.452806295591376,forecast,climatology
2026-07-03,Dhanmondi,44,22:00,80077.50579712773,0.0,0.0,0.0,0.0,0.0,0.0,0.0,0.0,8000.000000000003,8.39,0.0,0.0,80168.89819679628,79871.51714816722,27.27213572637669,forecast,climatology
2026-07-03,Dhanmondi,45,22:30,65674.54723590623,0.0,0.0,0.0,0.0,0.0,0.0,0.0,0.0,8000.000000000003,8.39,0.0,0.0,65749.50154934647,65452.12050071747,27.1093338607892,forecast,climatology
2026-07-03,Dhanmondi,46,23:00,60204.37917980882,0.0,0.0,0.0,0.0,0.0,0.0,0.0,0.0,8000.000000000003,8.39,0.0,0.0,60273.09039438808,59975.70934575903,26.96263344602893,forecast,climatology
2026-07-03,Dhanmondi,47,23:30,59704.1368960023,0.0,0.0,0.0,0.0,0.0,0.0,0.0,0.0,8000.000000000003,8.39,0.0,0.0,59772.27718442346,59474.896135794435,26.830442014357235,forecast,climatology
2026-07-03,Kalyanpur,0,00:00,52364.40843301803,0.0,0.0,0.0,0.0,0.0,0.0,0.0,0.0,6000.0,8.39,0.0,0.0,53267.83710594011,52106.77124443049,26.711324596482378,forecast,climatology
2026-07-03,Kalyanpur,1,00:30,53456.11841715761,2526.315789473684,0.0,0.0,0.0,0.0,0.0,0.0,0.0,7200.0,8.39,0.0,0.0,51808.480442959335,50647.41458144969,26.603988144628133,forecast,climatology
2026-07-03,Kalyanpur,2,01:00,58170.98505268251,0.0,0.0,0.0,0.0,0.0,0.0,0.0,0.0,7200.0,8.39,0.0,0.0,59174.59298794532,58013.52712643563,26.507267496193972,forecast,climatology
2026-07-03,Kalyanpur,3,01:30,56198.13247990793,0.0,0.0,0.0,0.0,0.0,0.0,0.0,0.0,7200.0,8.39,0.0,0.0,57167.70333473708,56006.63747322744,26.42011272563916,forecast,climatology
2026-07-03,Kalyanpur,4,02:00,65684.11154705819,8000.0,0.0,0.0,0.0,0.0,0.0,0.0,0.0,11000.0,8.39,0.0,-7.275957614183426e-12,58679.319588228194,57518.253726718554,26.341577747292398,forecast,climatology
2026-07-03,Kalyanpur,5,02:30,56745.00040347719,8000.0,0.0,0.0,0.0,0.0,0.0,0.0,0.0,14800.0,8.39,0.0,0.0,49585.984429534365,48424.91856802471,26.27081004536783,forecast,climatology
2026-07-03,Kalyanpur,6,03:00,54775.53286276723,8000.0,0.0,0.0,0.0,0.0,0.0,0.0,0.0,18600.0,8.39,0.0,0.0,47582.538209413884,46421.47234790424,26.207041419704353,forecast,climatology
2026-07-03,Kalyanpur,7,03:30,49751.404273704924,8000.0,0.0,0.0,0.0,0.0,0.0,0.0,0.0,22400.0,8.39,0.0,0.0,42471.72971773005,41310.663856220424,26.14957964677094,forecast,climatology
2026-07-03,Kalyanpur,8,04:00,50278.8208229612,0.0,0.0,0.0,0.0,0.0,0.0,0.0,0.0,22400.0,8.39,0.0,0.0,51146.26742899475,49985.20156748511,26.097800965416322,forecast,climatology
2026-07-03,Kalyanpur,9,04:30,56516.54435906297,8000.0,0.0,0.0,0.0,0.0,0.0,0.0,0.0,26200.0,8.39,0.0,0.0,49353.586896097266,48192.521034587655,26.051143305793993,forecast,climatology
2026-07-03,Kalyanpur,10,05:00,62580.9275616256,0.0,0.0,0.0,0.0,0.0,0.0,0.0,0.0,26200.0,8.39,0.0,0.0,63660.61901673971,62499.55315523005,26.009100187960918,forecast,climatology
2026-07-03,Kalyanpur,11,05:30,75566.39994070426,8000.0,0.0,0.0,0.0,0.0,0.0,0.0,0.0,30000.0,8.39,0.0,1.4551915228366852e-11,68732.1043735279,67571.03851201822,26.06506095975977,forecast,climatology
2026-07-03,Kalyanpur,12,06:00,77720.80774373439,0.0,0.0,0.0,0.0,0.0,0.0,0.0,0.0,30000.0,8.39,0.0,0.0,79061.70336920822,77900.63750769854,26.529850135375046,forecast,climatology
2026-07-03,Kalyanpur,13,06:30,84167.15888831692,4.786814219857517e-13,0.0,0.0,0.0,0.0,0.0,0.0,0.0,30000.0,8.39,0.0,1.4551915228366852e-11,85619.27162927076,84458.20576776112,26.987310129756303,forecast,climatology
2026-07-03,Kalyanpur,14,07:00,88000.0,0.0,0.0,0.0,6958.869117617358,0.0,0.0,0.0,0.0,30000.0,18.25510204081633,0.0,0.0,96597.16825392585,95436.10239241611,27.433731285358142,forecast,climatology
2026-07-03,Kalyanpur,15,07:30,88000.0,0.0,807.8704418763004,0.0,10393.514945809284,0.0,0.0,0.0,0.0,29596.06477906185,18.25510204081633,0.0,-1.4551915228366852e-11,100871.78906482621,99710.7232033165,27.865493461340623,forecast,climatology
2026-07-03,Kalyanpur,16,08:00,88000.0,0.0,2959.6435560375016,0.0,0.0,0.0,0.0,0.0,0.0,28116.243001043098,18.255102040816332,0.0,0.0,92378.40988509089,91217.34402358129,28.27909539019704,forecast,climatology
2026-07-03,Kalyanpur,17,08:30,88000.0,3965.804208330318,0.0,0.0,0.0,0.0,0.0,0.0,0.0,30000.0,13.550229591836736,0.0,0.0,85484.01455704843,84322.94869553877,28.67118307040809,forecast,climatology
2026-07-03,Kalyanpur,18,09:00,88000.0,0.0,4465.943444335515,0.0,2914.9748067111805,0.0,0.0,0.0,0.0,27767.028277832243,18.25510204081633,0.0,0.0,96799.34922781953,95638.28336630986,29.03857696487936,forecast,climatology
2026-07-03,Kalyanpur,19,09:30,88000.0,4700.993099300542,0.0,0.0,0.0,0.0,0.0,0.0,0.0,30000.0,13.550229591836736,0.0,0.0,84736.1416552397,83575.07579373004,29.378297784603074,forecast,climatology
2026-07-03,Kalyanpur,20,10:00,88000.0,0.0,0.0,0.0,7020.855906690658,0.0,0.0,0.0,0.0,30000.0,18.25510204081633,0.0,0.0,96660.22448394696,95499.15862243733,29.687590648458055,forecast,climatology
2026-07-03,Kalyanpur,21,10:30,88000.0,-0.0,0.0,0.0,6887.092368553478,0.0,0.0,0.0,0.0,30000.0,18.25510204081633,0.0,0.0,96524.15316043874,95363.08729892911,29.96394742322997,forecast,climatology
2026-07-03,Kalyanpur,22,11:00,88000.0,0.0,1320.6757372639674,0.0,11199.99999999999,0.0,0.0,0.0,0.0,29339.662131368015,29.76661473547744,0.981118209056478,-1.4551915228366852e-11,102187.75813717494,101026.69227566528,30.205127062691083,forecast,climatology
2026-07-03,Kalyanpur,23,11:30,88000.0,0.0,3825.517285625749,0.0,11199.999999999993,0.0,0.0,0.0,0.0,27426.90348855514,29.76661473547744,0.9811182090564765,-1.4551915228366852e-11,104608.41218042157,103447.34631891204,30.409173780804768,forecast,climatology
2026-07-03,Kalyanpur,24,12:00,88000.0,2706.3828999396233,8000.0,0.0,13906.382899939614,0.0,0.0,0.0,6178.946763968581,24712.43536602646,24.824828982441854,35.17517101755814,0.0,114928.14132182696,113767.07546031727,30.574432911683825,forecast,climatology
2026-07-03,Kalyanpur,25,12:30,88000.0,0.0,8000.0,0.0,11199.99999999999,0.0,0.0,0.0,12558.682931654495,20712.43536602646,24.857490153972922,35.14250984602708,-1.4551915228366852e-11,121417.94531519909,120256.87945368937,30.699564327690126,forecast,climatology
2026-07-03,Kalyanpur,26,13:00,88000.0,6965.851204874178,8000.0,0.0,18165.85120487417,0.0,0.0,0.0,12582.320709020487,20021.214688341694,24.824828982441854,35.17517101755814,-1.4551915228366852e-11,121441.99090860796,120280.92504709828,30.783553306864906,forecast,climatology
2026-07-03,Kalyanpur,27,13:30,88000.0,465.10455921851934,8000.0,0.0,11665.10455921851,0.0,0.0,0.0,9389.29899557938,16242.139353970491,24.824828982441858,35.17517101755814,-1.4551915228366852e-11,118193.88087362345,117032.81501211382,30.825718761563014,forecast,climatology
2026-07-03,Kalyanpur,28,14:00,88000.0,8000.0,193.16051419418923,0.0,19199.99999999999,0.0,0.0,0.0,0.0,19945.559096873396,24.824828982441858,5.922903962092058,-1.4551915228366852e-11,101098.13860202659,99937.07274051697,30.825718761563014,forecast,climatology
2026-07-03,Kalyanpur,29,14:30,88000.0,0.0,5323.456362940693,0.0,11199.99999999999,0.0,0.0,0.0,0.0,17283.83091540305,30.747732944533915,0.0,-1.4551915228366852e-11,106056.00565650847,104894.93979499886,30.783553306864906,forecast,climatology
2026-07-03,Kalyanpur,30,15:00,88000.0,0.0,1540.0894385766096,0.0,8936.579395939776,0.0,0.0,0.0,0.0,16513.786196114746,30.747732944533915,0.0,-1.4551915228366852e-11,100097.32658873085,98936.2607272212,30.699564327690126,forecast,climatology
2026-07-03,Kalyanpur,31,15:30,88000.0,0.0,0.0,0.0,4815.180156868793,0.0,0.0,0.0,0.0,16513.786196114746,25.71028816611533,0.0,0.0,94416.4948197358,93255.42895822613,30.574432911683825,forecast,climatology
2026-07-03,Kalyanpur,32,16:00,88000.0,0.0,0.0,0.0,9751.201111311148,0.0,0.0,0.0,0.0,16513.786196114746,25.71028816611533,0.0,0.0,99437.67558011948,98276.6097186098,30.409173780804768,forecast,climatology
2026-07-03,Kalyanpur,33,16:30,88000.0,0.0,5027.5723922294965,0.0,8391.32423977514,0.0,0.0,0.0,0.0,13999.999999999998,30.747732944533915,0.0,0.0,102912.93325293138,101751.8673914218,30.20512706269108,forecast,climatology
2026-07-03,Kalyanpur,34,17:00,88000.0,0.0,8000.0,0.0,0.0,0.0,0.0,0.0,25747.56832613858,9999.999999999998,60.0,0.0,0.0,123441.1443999606,122280.07853845094,29.96394742322997,forecast,climatology
2026-07-03,Kalyanpur,35,17:30,88000.0,0.0,8000.0,0.0,2521.214642004399,0.0,0.0,0.0,15600.446651832806,5999.999999999998,60.0,0.0,0.0,115683.669700303,114522.60383879335,29.687590648458055,forecast,climatology
2026-07-03,Kalyanpur,36,18:00,88000.0,0.0,0.0,0.0,0.0,0.0,0.0,0.0,0.0,5999.999999999998,22.58804755653826,0.0,1.4551915228366852e-11,89518.23968982357,116589.93810866731,29.378297784603074,forecast,climatology
2026-07-03,Kalyanpur,37,18:30,88000.0,0.0,-2.9169649152256746e-13,5970.67933174317,0.0,0.0,0.0,0.0,0.0,5999.999999999998,23.003544132346033,0.0,-1.4551915228366852e-11,83444.54987698211,133301.23000595925,29.038366989993467,forecast,climatology
2026-07-03,Kalyanpur,38,19:00,88000.0,0.0,0.0,369.89720849391927,0.0,0.0,0.0,0.0,0.0,5999.999999999998,22.51316210674507,0.0,1.4551915228366852e-11,89141.96074697656,113734.46659321766,28.70088109521497,forecast,climatology
2026-07-03,Kalyanpur,39,19:30,88000.0,0.0,0.0,0.0,0.0,0.0,0.0,0.0,0.0,5999.999999999998,22.692066662348495,0.0,1.4551915228366852e-11,89518.23968982363,120187.83019990785,28.396773273347673,forecast,climatology
2026-07-03,Kalyanpur,40,20:00,88000.0,0.0,5.444553395386029e-13,0.0,682.3510765884222,0.0,0.0,0.0,0.0,5999.999999999998,22.74256035007332,0.0,1.4551915228366852e-11,90212.36318103549,124210.26061032862,28.122742361977078,forecast,climatology
2026-07-03,Kalyanpur,41,20:30,88000.0,899.5304253137729,0.0,0.0,0.0,0.0,0.0,0.0,0.0,6427.27695202404,13.550229591836736,0.0,0.0,88603.18991457905,110923.15129935864,27.875813690673887,forecast,climatology
2026-07-03,Kalyanpur,42,21:00,88000.0,0.0,854.5539040480826,0.0,9190.818652918042,0.0,0.0,0.0,0.0,5999.999999999999,18.25510204081633,0.0,0.0,99693.45742013675,98532.39155862709,27.653306790242137,forecast,climatology
2026-07-03,Kalyanpur,43,21:30,88000.0,0.0,-0.0,0.0,2267.8039597111174,0.0,0.0,0.0,0.0,5999.999999999999,18.25510204081633,0.0,0.0,91825.16944476638,90664.10358325667,27.452806295591376,forecast,climatology
2026-07-03,Kalyanpur,44,22:00,87093.83962571205,-0.0,0.0,0.0,0.0,0.0,0.0,0.0,0.0,5999.999999999999,8.39,0.0,1.4551915228366852e-11,88596.44558092674,87435.3797194171,27.27213572637669,forecast,climatology
2026-07-03,Kalyanpur,45,22:30,78247.79168833498,0.0,0.0,0.0,0.0,0.0,0.0,0.0,0.0,5999.999999999999,8.39,0.0,0.0,79597.77922222465,78436.71336071496,27.1093338607892,forecast,climatology
2026-07-03,Kalyanpur,46,23:00,65069.01767905306,-0.0,0.0,0.0,0.0,0.0,0.0,0.0,0.0,5999.999999999999,8.39,0.0,0.0,66191.63546562323,65030.56960411361,26.96263344602893,forecast,climatology
2026-07-03,Kalyanpur,47,23:30,66370.11028985889,0.0,0.0,0.0,0.0,0.0,0.0,0.0,0.0,5999.999999999999,8.39,0.0,-7.275957614183426e-12,67515.17546781387,66354.10960630424,26.830442014357235,forecast,climatology
2026-07-04,Dhanmondi,0,00:00,54478.934982667604,0.0,0.0,0.0,0.0,0.0,0.0,0.0,0.0,8000.000000000003,8.39,0.0,0.0,48215.37726000648,47196.84273587114,26.703642184214576,forecast,climatology
2026-07-04,Dhanmondi,1,00:30,64377.43953615356,10000.0,0.0,0.0,0.0,0.0,0.0,0.0,0.0,12750.000000000004,8.39,0.0,0.0,48125.55095842028,47107.01643428495,26.59658847946479,forecast,climatology
2026-07-04,Dhanmondi,2,01:00,61095.34995006639,0.0,0.0,0.0,0.0,0.0,0.0,0.0,0.0,12750.000000000004,8.39,0.0,0.0,54071.08908446451,53052.554560329154,26.50011694286969,forecast,climatology
2026-07-04,Dhanmondi,3,01:30,67019.21853094664,7368.421052631572,0.0,0.0,0.0,0.0,0.0,0.0,0.0,16250.0,8.39,0.0,0.0,52792.61984824462,51774.08532410926,26.413181536058953,forecast,climatology
2026-07-04,Dhanmondi,4,02:00,68201.55329422596,10000.0,0.0,0.0,0.0,0.0,0.0,0.0,0.0,21000.0,8.39,0.0,7.275957614183426e-12,51509.99831572095,50491.46379158558,26.334839620670284,forecast,climatology
2026-07-04,Dhanmondi,5,02:30,62753.75816194531,10000.0,0.0,0.0,0.0,0.0,0.0,0.0,0.0,25750.0,8.39,0.0,0.0,46688.54764636214,45670.01312222676,26.26424173734609,forecast,climatology
2026-07-04,Dhanmondi,6,03:00,55895.32982033548,0.0,0.0,0.0,0.0,0.0,0.0,0.0,0.0,25750.0,8.39,0.0,0.0,49468.92620454824,48450.391680412904,26.200622395067704,forecast,climatology
2026-07-04,Dhanmondi,7,03:30,47796.95560133873,0.0,0.0,0.0,0.0,0.0,0.0,0.0,0.0,25750.0,8.39,0.0,0.0,42301.63910016812,41283.10457603274,26.143291770956093,forecast,climatology
2026-07-04,Dhanmondi,8,04:00,61537.14602138908,0.0,0.0,0.0,0.0,0.0,0.0,0.0,0.0,25750.0,8.39,0.0,0.0,54462.09093238221,53443.55640824688,26.09162823054028,forecast,climatology
2026-07-04,Dhanmondi,9,04:30,50408.98369033083,0.0,0.0,0.0,0.0,0.0,0.0,0.0,0.0,25750.0,8.39,0.0,0.0,44613.356826745505,43594.822302610104,26.04507158739089,forecast,climatology
2026-07-04,Dhanmondi,10,05:00,84469.92492586601,10000.0,0.0,0.0,0.0,0.0,0.0,0.0,0.0,30500.0,8.39,0.0,0.0,65907.9610489327,64889.4265247973,26.003117029033202,forecast,climatology
2026-07-04,Dhanmondi,11,05:30,69988.51500493799,0.0,0.0,0.0,0.0,0.0,0.0,0.0,0.0,30500.0,8.39,0.0,0.0,61941.78825089569,60923.25372676034,26.055967717121728,forecast,climatology
2026-07-04,Dhanmondi,12,06:00,73985.41581276726,0.0,0.0,0.0,0.0,0.0,0.0,0.0,0.0,30500.0,8.39,0.0,0.0,65479.15696747618,64460.62244334087,26.519825444509102,forecast,climatology
2026-07-04,Dhanmondi,13,06:30,89240.2347245478,10000.0,0.0,0.0,0.0,0.0,0.0,0.0,0.0,35250.0,8.39,0.0,0.0,70129.81829822957,69111.28377409418,26.976386475582494,forecast,climatology
2026-07-04,Dhanmondi,14,07:00,99074.37668286635,0.0,0.0,11097.453722894332,0.0,0.0,0.0,0.0,0.0,35250.0,8.39,0.0,0.0,77862.03111421166,76843.49659007629,27.42194590981424,forecast,climatology
2026-07-04,Dhanmondi,15,07:30,107470.20295687145,0.0,0.0,11428.571428571438,0.0,0.0,0.0,0.0,0.0,35250.0,8.39,0.0,0.0,84999.52317857828,83980.98865444302,27.852888122412384,forecast,climatology
2026-07-04,Dhanmondi,16,08:00,109045.14495415037,10000.0,0.0,10993.788413888142,0.0,0.0,0.0,0.0,0.0,40000.0,8.39,0.0,1.4551915228366852e-11,77927.90690924412,76909.37238510876,28.265716104385398,forecast,climatology
2026-07-04,Dhanmondi,17,08:30,94430.27694879967,0.0,0.0,0.0,0.0,0.0,0.0,0.0,0.0,40000.0,8.39,0.0,0.0,83573.4294237176,82554.89489958226,28.657079840063634,forecast,climatology
2026-07-04,Dhanmondi,18,09:00,110000.00000000001,0.0,-9.094947017729282e-13,60.91603119525739,0.0,0.0,0.0,0.0,0.0,40000.0,49.3,0.0,0.0,97299.1562860376,96280.62176190219,29.023803491799683,forecast,climatology
2026-07-04,Dhanmondi,19,09:30,110000.00000000001,0.0,3643.7391453853193,0.0,0.0,0.0,0.0,0.0,0.0,38178.13042730734,49.29999999999998,0.0,0.0,100416.63892652065,99398.10440238538,29.36291117124927,forecast,climatology
2026-07-04,Dhanmondi,20,10:00,110000.00000000001,0.0,7400.932732705339,7591.377776890442,0.0,0.0,0.0,0.0,0.0,34477.66406095467,49.3,0.0,0.0,96857.0178994437,95838.48337530835,29.671651088103935,forecast,climatology
2026-07-04,Dhanmondi,21,10:30,110000.00000000001,0.0,0.0,1361.5300634134474,0.0,0.0,0.0,0.0,0.0,34477.66406095467,49.3,0.0,0.0,96148.07658425909,95129.54206012371,29.947517880313452,forecast,climatology
2026-07-04,Dhanmondi,22,11:00,110000.00000000001,0.0,6305.997122742522,1466.4395388086314,0.0,0.0,0.0,0.0,0.0,31324.66549958341,49.3,0.0,0.0,101357.16297546378,100338.62845132843,30.188272944592697,forecast,climatology
2026-07-04,Dhanmondi,23,11:30,110000.00000000001,0.0,10000.0,0.0,0.0,0.0,0.0,0.0,1505.1665502155374,26324.66549958341,60.0,0.0,0.0,107092.9480813957,106074.41355726049,30.391962602235033,forecast,climatology
2026-07-04,Dhanmondi,24,12:00,110000.00000000001,5987.76708741668,0.0,11428.571428571435,0.0,0.0,0.0,0.0,0.0,29168.854866106332,41.56824999999999,0.0,2.9103830456733704e-11,81939.12322229795,120528.97126891394,30.556933952820327,forecast,climatology
2026-07-04,Dhanmondi,25,12:30,110000.00000000001,4184.418637792271,0.0,11428.571428571438,0.0,0.0,0.0,0.0,0.0,31156.45371905766,41.56824999999999,0.0,0.0,83535.13690827684,127694.05077764914,30.681848287167917,forecast,climatology
2026-07-04,Dhanmondi,26,13:00,110000.00000000001,5353.985336210139,0.0,11428.571428571438,0.0,0.0,0.0,0.0,0.0,33699.596753757476,41.56824999999999,0.0,0.0,82500.0377527428,115164.41706397435,30.765691950691142,forecast,climatology
2026-07-04,Dhanmondi,27,13:30,110000.00000000001,8048.221470039511,0.0,11428.571428571437,0.0,0.0,0.0,0.0,0.0,37522.50195202624,41.56824999999999,0.0,0.0,80115.56361312428,112322.00674219034,30.807784568999534,forecast,climatology
2026-07-04,Dhanmondi,28,14:00,110000.00000000001,5215.7853641552765,0.0,11428.571428571438,0.0,0.0,0.0,0.0,0.0,40000.0,41.56824999999999,0.0,0.0,82622.34858337986,112025.02435084853,30.807784568999534,forecast,climatology
2026-07-04,Dhanmondi,29,14:30,110000.00000000001,0.0,10000.0,0.0,0.0,0.0,0.0,0.0,2356.5231718736322,35000.0,60.0,0.0,0.0,107846.4224418823,106827.88791774696,30.765691950691142,forecast,climatology
2026-07-04,Dhanmondi,30,15:00,110000.00000000001,0.0,10000.0,0.0,0.0,0.0,0.0,0.0,6102.048958890649,30000.0,60.0,0.0,0.0,111161.31725242815,110142.78272829279,30.68184828716792,forecast,climatology
2026-07-04,Dhanmondi,31,15:30,110000.00000000001,0.0,9954.273665074572,0.0,0.0,0.0,0.0,0.0,0.0,25022.863167462714,59.99999999999999,0.0,0.0,105722.38806684656,104703.85354271121,30.556933952820327,forecast,climatology
2026-07-04,Dhanmondi,32,16:00,110000.00000000001,0.0,2035.3672084568136,0.0,0.0,0.0,0.0,0.0,0.0,24005.179563234306,59.99999999999999,0.0,0.0,99064.35759519179,98045.82307105644,30.391962602235033,forecast,climatology
2026-07-04,Dhanmondi,33,16:30,110000.00000000001,0.0,8041.734165607655,0.0,0.0,0.0,0.0,0.0,0.0,19984.31248043048,59.99999999999999,0.0,0.0,104114.36979621115,103095.8352720758,30.188272944592697,forecast,climatology
2026-07-04,Dhanmondi,34,17:00,110000.00000000001,0.0,10000.0,0.0,0.0,0.0,0.0,0.0,17223.09564106165,14984.312480430479,60.0,0.0,0.0,121003.75381029418,119985.21928615888,29.947517880313455,forecast,climatology
2026-07-04,Dhanmondi,35,17:30,110000.00000000001,0.0,9051.46207597321,0.0,0.0,0.0,0.0,0.0,14429.261745062411,10458.581442443872,60.0,0.0,0.0,117733.6244747293,116715.089950594,29.671651088103935,forecast,climatology
2026-07-04,Dhanmondi,36,18:00,110000.00000000001,5600.000000000019,877.1628848878305,0.0,19600.0,0.0,0.0,0.0,0.0,12679.999999999967,51.224999999999994,8.775000000000007,0.0,110480.95717360088,109462.42264946541,29.36291117124927,forecast,climatology
2026-07-04,Dhanmondi,37,18:30,110000.00000000001,5600.000000000033,10000.0,0.0,19600.0,0.0,0.0,0.0,9058.90164878208,10339.999999999982,51.224999999999994,8.775000000000006,-2.9103830456733704e-11,126168.60492876728,125150.07040463196,29.023597220660992,forecast,climatology
2026-07-04,Dhanmondi,38,19:00,110000.00000000001,5600.000000000033,10000.0,0.0,19600.0,0.0,0.0,0.0,2848.545194922048,7999.999999999997,51.224999999999994,8.775000000000006,0.0,120672.2662166166,119653.73169248125,28.687217923075544,forecast,climatology
2026-07-04,Dhanmondi,39,19:30,110000.00000000001,4021.764284679878,3820.6760704458866,0.0,18021.76428467986,0.0,0.0,0.0,3136.4277313954985,7999.999999999996,51.224999999999994,8.775000000000006,-1.4551915228366852e-11,115731.61993315908,114713.08540902373,28.38408943450344,forecast,climatology
2026-07-04,Dhanmondi,40,20:00,110000.00000000001,462.5711446556466,439.44258742286127,0.0,14462.571144655629,0.0,0.0,0.0,0.0,7999.999999999997,46.48957691306208,8.263416896424994,-1.4551915228366852e-11,110112.93223296656,109094.39770883134,28.11092494060153,forecast,climatology
2026-07-04,Dhanmondi,41,20:30,110000.00000000001,0.0,0.0,0.0,5466.810523180495,0.0,0.0,0.0,0.0,7999.999999999997,44.87619097352239,0.0,0.0,102191.34849379963,101172.81396966426,27.864762525844082,forecast,climatology
2026-07-04,Dhanmondi,42,21:00,110000.00000000001,0.0,2345.258233614556,1848.4948352489378,0.0,1172.6291168072821,0.0,0.0,0.0,6827.37088319272,49.3,0.0,0.0,97688.93719067308,96670.40266653782,27.6429330575495,forecast,climatology
2026-07-04,Dhanmondi,43,21:30,110000.00000000001,2468.692877489004,0.0,6217.076297177446,0.0,0.0,0.0,0.0,0.0,7999.999999999996,17.818249999999992,0.0,0.0,89665.92064630052,88647.38612216513,27.44303124454387,forecast,climatology
2026-07-04,Dhanmondi,44,22:00,94299.1951696914,0.0,0.0,2929.35909943981,0.0,0.0,0.0,0.0,0.0,7999.999999999996,8.39,0.0,0.0,80864.85386899931,79846.31934486395,27.262889556651125,forecast,climatology
2026-07-04,Dhanmondi,45,22:30,75086.086634179,0.0,0.0,0.0,0.0,0.0,0.0,0.0,0.0,7999.999999999996,8.39,0.0,0.0,66453.28134986966,65434.74682573439,27.10055472221951,forecast,climatology
2026-07-04,Dhanmondi,46,23:00,68898.67548629339,0.0,0.0,0.0,0.0,0.0,0.0,0.0,0.0,7999.999999999996,8.39,0.0,0.0,60977.249873612185,59958.71534947688,26.95426654884773,forecast,climatology
2026-07-04,Dhanmondi,47,23:30,68333.50493725906,0.0,-1.0913936421275139e-11,0.0,0.0,0.0,0.0,0.0,0.0,8000.000000000002,8.39,0.0,0.0,60477.058171138466,59458.52364700316,26.82243883766435,forecast,climatology
2026-07-04,Kalyanpur,0,00:00,55593.85606301297,0.0,0.0,0.0,0.0,0.0,0.0,0.0,0.0,5999.999999999999,8.39,0.0,0.0,55655.55372171573,52094.71474882528,26.703642184214576,forecast,climatology
2026-07-04,Kalyanpur,1,00:30,62137.795037581986,8000.0,0.0,0.0,0.0,0.0,0.0,0.0,0.0,9800.0,8.39,0.0,0.0,54197.87677030724,50637.03779741687,26.59658847946479,forecast,climatology
2026-07-04,Kalyanpur,2,01:00,61492.13570355944,0.0,0.0,0.0,0.0,0.0,0.0,0.0,0.0,9800.0,8.39,0.0,0.0,61560.379230276485,57999.54025738607,26.50011694286969,forecast,climatology
2026-07-04,Kalyanpur,3,01:30,67488.91833264216,8000.0,0.0,0.0,0.0,0.0,0.0,0.0,0.0,13600.0,8.39,0.0,0.0,59554.93870323351,55994.099730343085,26.413181536058953,forecast,climatology
2026-07-04,Kalyanpur,4,02:00,68998.49679097785,8000.0,0.0,0.0,0.0,0.0,0.0,0.0,0.0,17400.0,8.39,0.0,0.0,61066.19248080592,57505.35350791552,26.334839620670284,forecast,climatology
2026-07-04,Kalyanpur,5,02:30,59918.359650076716,8000.0,0.0,0.0,0.0,0.0,0.0,0.0,0.0,21200.0,8.39,0.0,0.0,51975.97826948796,48415.139296597496,26.26424173734609,forecast,climatology
2026-07-04,Kalyanpur,6,03:00,49918.56559428212,0.0,0.0,0.0,0.0,0.0,0.0,0.0,0.0,21200.0,8.39,0.0,0.0,49973.96485673791,46413.12588384751,26.200622395067704,forecast,climatology
2026-07-04,Kalyanpur,7,03:30,44816.243328416334,0.0,0.0,0.0,0.0,0.0,0.0,0.0,0.0,21200.0,8.39,0.0,0.0,44865.9800705859,41305.14109769542,26.143291770956093,forecast,climatology
2026-07-04,Kalyanpur,8,04:00,53477.03287488726,0.0,0.0,0.0,0.0,0.0,0.0,0.0,0.0,21200.0,8.39,0.0,0.0,53536.38129855135,49975.54232566096,26.09162823054028,forecast,climatology
2026-07-04,Kalyanpur,9,04:30,59687.63506956851,8000.0,0.0,0.0,0.0,0.0,0.0,0.0,0.0,25000.0,8.39,0.0,0.0,51744.997632511826,48184.15865962135,26.04507158739089,forecast,climatology
2026-07-04,Kalyanpur,10,05:00,65980.0850804549,0.0,0.0,0.0,0.0,0.0,0.0,0.0,0.0,25000.0,8.39,0.0,-7.275957614183426e-12,66053.30930087698,62492.47032798656,26.003117029033202,forecast,climatology
2026-07-04,Kalyanpur,11,05:30,79040.11093858186,8000.0,0.0,0.0,0.0,0.0,0.0,0.0,0.0,28800.0,8.39,0.0,0.0,71118.95073904336,67558.11176615293,26.055967717121728,forecast,climatology
2026-07-04,Kalyanpur,12,06:00,83792.49753635605,2434.4107366110893,0.0,0.0,0.0,0.0,0.0,0.0,0.0,29956.345099890266,8.39,0.0,-1.4551915228366852e-11,81448.37741506755,77887.53844217703,26.519825444509102,forecast,climatology
2026-07-04,Kalyanpur,13,06:30,88000.0,91.9050528625948,0.0,0.0,0.0,0.0,0.0,0.0,0.0,30000.0,8.390000000000157,0.0,0.0,88005.6547140496,84444.81574115914,26.976386475582494,forecast,climatology
2026-07-04,Kalyanpur,14,07:00,88000.0,0.0,0.0,0.0,10875.504648436445,0.0,0.0,0.0,0.0,30000.0,18.25510204081633,0.0,0.0,98985.23596718059,95424.39699429004,27.42194590981424,forecast,climatology
2026-07-04,Kalyanpur,15,07:30,88000.0,0.0,4143.392305268477,0.0,11200.00000000001,0.0,0.0,0.0,0.0,27928.30384736576,18.25510204081633,5.2131550681214325,1.4551915228366852e-11,103250.68252276443,99689.84354987394,27.852888122412384,forecast,climatology
2026-07-04,Kalyanpur,16,08:00,88000.0,4124.195995174691,0.0,0.0,10773.912645610379,0.0,0.0,0.0,0.0,29887.29694507374,18.25510204081633,0.0,0.0,94754.7582202737,91193.91924738331,28.265716104385398,forecast,climatology
2026-07-04,Kalyanpur,17,08:30,88000.0,237.26958931844183,0.0,0.0,0.0,0.0,0.0,0.0,0.0,30000.0,18.25510204081633,0.0,0.0,87860.12885308433,84299.28988019384,28.657079840063634,forecast,climatology
2026-07-04,Kalyanpur,18,09:00,88000.0,0.0,940.8516075313992,0.0,59.69771057135224,0.0,0.0,0.0,10103.187022811435,29529.5741962343,60.0,0.0,1.4551915228366852e-11,99166.62616164565,95605.78718875519,29.023803491799683,forecast,climatology
2026-07-04,Kalyanpur,19,09:30,88000.0,990.3701131909465,0.0,0.0,0.0,0.0,0.0,0.0,0.0,30000.0,51.224999999999994,0.0,0.0,87106.19254370629,83545.35357081587,29.36291117124927,forecast,climatology
2026-07-04,Kalyanpur,20,10:00,88000.0,0.0,3651.3118585219836,0.0,7439.550221352633,0.0,0.0,0.0,0.0,28174.344070739007,60.0,0.0,0.0,99018.06419783735,95457.22522494693,29.671651088103935,forecast,climatology
2026-07-04,Kalyanpur,21,10:30,88000.0,0.0,0.0,0.0,1334.2994621451783,0.0,0.0,0.0,9438.553081075723,28174.344070739007,60.0,0.0,0.0,98882.46993940223,95321.6309665118,29.947517880313452,forecast,climatology
2026-07-04,Kalyanpur,22,11:00,88000.0,0.0,8000.0,0.0,1437.1107480324588,0.0,0.0,0.0,7391.888199969762,24174.344070739007,60.0,0.0,0.0,104544.89349448694,100984.05452159655,30.188272944592697,forecast,climatology
2026-07-04,Kalyanpur,23,11:30,88000.0,0.0,0.0,0.0,0.0,0.0,0.0,0.0,18848.187418018846,24174.344070739007,60.0,0.0,0.0,106966.76676234162,103405.92778945113,30.391962602235033,forecast,climatology
2026-07-04,Kalyanpur,24,12:00,88000.0,0.0,8000.0,0.0,11200.000000000005,0.0,0.0,0.0,10348.83909184782,20174.344070739007,52.11045918367346,7.889540816326537,0.0,117278.85002477386,113718.01105188348,30.556933952820327,forecast,climatology
2026-07-04,Kalyanpur,25,12:30,88000.0,0.0,0.0,0.0,11200.00000000001,0.0,0.0,0.0,24427.000937745142,20174.344070739007,52.11045918367346,7.889540816326537,0.0,123764.20128775596,120203.3623148656,30.681848287167917,forecast,climatology
2026-07-04,Kalyanpur,26,13:00,88000.0,0.0,8000.0,0.0,11200.00000000001,0.0,0.0,0.0,16842.585120225434,16174.344070739007,52.11045918367346,7.889540816326537,0.0,123779.80276544929,120218.96379255872,30.765691950691142,forecast,climatology
2026-07-04,Kalyanpur,27,13:30,88000.0,0.0,0.0,0.0,11200.000000000007,0.0,0.0,0.0,21196.56765081871,16174.344070739007,52.11045918367346,7.889540816326537,0.0,120530.18288937105,116969.34391648059,30.807784568999534,forecast,climatology
2026-07-04,Kalyanpur,28,14:00,88000.0,0.0,4348.688141478015,0.0,11200.00000000001,0.0,0.0,0.0,0.0,14000.0,52.11045918367346,7.8895408163265355,1.4551915228366852e-11,103445.93001120357,99885.09103831316,30.807784568999534,forecast,climatology
2026-07-04,Kalyanpur,29,14:30,88000.0,0.0,0.0,0.0,0.0,0.0,0.0,0.0,20278.532991965272,14000.0,60.0,0.0,0.0,108398.69972344371,104837.86075055321,30.765691950691142,forecast,climatology
2026-07-04,Kalyanpur,30,15:00,88000.0,0.0,0.0,0.0,0.0,0.0,0.0,0.0,14331.97778660452,14000.0,60.0,0.0,0.0,102445.54507419647,98884.70610130604,30.68184828716792,forecast,climatology
2026-07-04,Kalyanpur,31,15:30,88000.0,0.0,0.0,0.0,0.0,0.0,0.0,0.0,8662.81443626831,14000.0,60.0,0.0,0.0,96770.09012744491,93209.25115455453,30.556933952820327,forecast,climatology
2026-07-04,Kalyanpur,32,16:00,88000.0,0.0,8000.0,0.0,0.0,0.0,0.0,0.0,6076.2409477367055,10000.0,60.0,0.0,0.0,101789.08050333554,98228.24153044501,30.391962602235033,forecast,climatology
2026-07-04,Kalyanpur,33,16:30,88000.0,0.0,0.0,0.0,0.0,0.0,0.0,0.0,17143.538354188917,10000.0,60.0,0.0,0.0,105260.22589132997,101699.38691843968,30.188272944592697,forecast,climatology
2026-07-04,Kalyanpur,34,17:00,88000.0,0.0,0.0,0.0,0.0,0.0,0.0,0.0,37657.34860308566,10000.0,60.0,0.0,0.0,125796.80221822654,122235.96324533602,29.947517880313455,forecast,climatology
2026-07-04,Kalyanpur,35,17:30,88000.0,0.0,8000.0,0.0,0.0,0.0,0.0,0.0,22314.959499695527,5999.999999999999,60.0,0.0,0.0,118045.82066750003,114484.98169460957,29.671651088103935,forecast,climatology
2026-07-04,Kalyanpur,36,18:00,88000.0,421.05263157894734,0.0,20000.0,0.0,0.0,0.0,0.0,0.0,6199.999999999999,35.59618857607438,0.0,-1.4551915228366852e-11,67653.94599462723,116551.07994532942,29.36291117124927,forecast,climatology
2026-07-04,Kalyanpur,37,18:30,88000.0,0.0,0.0,20000.0,0.0,0.0,0.0,0.0,0.0,6199.999999999999,36.248290880234855,0.0,0.0,68075.46590736634,133260.5593790247,29.023597220660992,forecast,climatology
2026-07-04,Kalyanpur,38,19:00,88000.0,0.0,0.0,20000.0,0.0,0.0,0.0,0.0,0.0,6199.999999999999,36.81091397578675,0.0,-1.4551915228366852e-11,68075.46590736634,113696.12881084142,28.687217923075544,forecast,climatology
2026-07-04,Kalyanpur,39,19:30,88000.0,0.0,0.0,18389.55539253047,0.0,0.0,0.0,0.0,0.0,6199.999999999999,40.70049999999999,0.0,0.0,69687.69777459424,120150.96785468065,28.38408943450344,forecast,climatology
2026-07-04,Kalyanpur,40,20:00,88000.0,0.0,0.0,14757.725657811867,0.0,0.0,0.0,0.0,0.0,6199.999999999999,36.05978537480084,0.0,0.0,73323.55808764107,124173.6646403157,28.11092494060153,forecast,climatology
2026-07-04,Kalyanpur,41,20:30,88000.0,8000.0,0.0,5578.378084878056,0.0,0.0,0.0,0.0,0.0,10000.0,34.47866715405194,0.0,-1.4551915228366852e-11,74504.2144919674,110891.3464722965,27.864762525844082,forecast,climatology
2026-07-04,Kalyanpur,42,21:00,88000.0,0.0,8000.0,0.0,1811.524938543959,0.0,0.0,0.0,4543.705649037084,5999.999999999999,60.0,0.0,0.0,102068.37976386095,98507.54079097048,27.6429330575495,forecast,climatology
2026-07-04,Kalyanpur,43,21:30,88000.0,0.0,8.526512829121202e-13,0.0,6092.734771233897,0.0,0.0,0.0,0.0,5999.999999999999,27.875765306122442,0.0,0.0,94197.15820661755,90636.3192337271,27.44303124454387,forecast,climatology
2026-07-04,Kalyanpur,44,22:00,88000.0,0.0,-0.0,0.0,2870.771917451014,0.0,0.0,0.0,0.0,5999.999999999999,18.25510204081633,0.0,0.0,90971.61964180137,87410.78066891096,27.262889556651125,forecast,climatology
2026-07-04,Kalyanpur,45,22:30,81886.12043168124,-0.0,0.0,0.0,0.0,0.0,0.0,0.0,0.0,5999.999999999999,8.39,0.0,-1.4551915228366852e-11,81976.997054903,78416.15808201261,27.10055472221951,forecast,climatology
2026-07-04,Kalyanpur,46,23:00,68498.72391560582,-0.0,0.0,0.0,0.0,0.0,0.0,0.0,0.0,5999.999999999999,8.39,0.0,7.275957614183426e-12,68574.74330316056,65013.904330270154,26.95426654884773,forecast,climatology
2026-07-04,Kalyanpur,47,23:30,69820.37480276565,0.0,0.0,0.0,0.0,0.0,0.0,0.0,0.0,5999.999999999999,8.39,0.0,-1.4551915228366852e-11,69897.86094890012,66337.02197600972,26.82243883766435,forecast,climatology
2026-07-05,Dhanmondi,0,00:00,61894.61813713754,0.0,0.0,0.0,0.0,0.0,0.0,0.0,0.0,8000.000000000002,8.39,0.0,-7.275957614183426e-12,48211.30376336393,47192.76923922859,26.700901484962305,forecast,climatology
2026-07-05,Dhanmondi,1,00:30,71777.69934211604,10000.0,0.0,0.0,0.0,0.0,0.0,0.0,0.0,12750.000000000002,8.39,0.0,-7.275957614183426e-12,48120.23271854483,47101.698194409495,26.593088560982217,forecast,climatology
2026-07-05,Dhanmondi,2,01:00,69407.12634198877,0.0,0.0,0.0,0.0,0.0,0.0,0.0,0.0,12750.000000000002,8.39,0.0,0.0,54062.98886927026,53044.454345134895,26.495926699502846,forecast,climatology
2026-07-05,Dhanmondi,3,01:30,77765.06421060723,10000.0,0.0,0.0,0.0,0.0,0.0,0.0,0.0,17500.0,8.39,0.0,0.0,52783.944606666606,51765.410082531205,26.408363659955935,forecast,climatology
2026-07-05,Dhanmondi,4,02:00,66117.60686994209,0.0,0.0,0.0,0.0,0.0,0.0,0.0,0.0,17500.0,8.39,0.0,0.0,51500.69787733042,50482.163353195065,26.329451154802644,forecast,climatology
2026-07-05,Dhanmondi,5,02:30,67296.9285722529,7368.421052631579,0.0,0.0,0.0,0.0,0.0,0.0,0.0,21000.0,8.39,0.0,-1.4551915228366852e-11,46679.84983301694,45661.31530888154,26.258334579798053,forecast,climatology
2026-07-05,Dhanmondi,6,03:00,63495.953255481174,0.0,0.0,0.0,0.0,0.0,0.0,0.0,0.0,21000.0,8.39,0.0,-7.275957614183426e-12,49458.624712115125,48440.09018797978,26.194243758824125,forecast,climatology
2026-07-05,Dhanmondi,7,03:30,64297.9899275873,10000.0,0.0,0.0,0.0,0.0,0.0,0.0,0.0,25750.0,8.39,0.0,-7.275957614183426e-12,42294.09543070256,41275.56090656718,26.13648460305985,forecast,climatology
2026-07-05,Dhanmondi,8,04:00,79901.4989674212,10000.0,0.0,0.0,0.0,0.0,0.0,0.0,0.0,30500.0,8.39,0.0,0.0,54448.06837269657,53429.533848561274,26.08443159415926,forecast,climatology
2026-07-05,Dhanmondi,9,04:30,57263.04207258372,0.0,0.0,0.0,0.0,0.0,0.0,0.0,0.0,30500.0,8.39,0.0,0.0,44603.65050897949,43585.11598484409,26.037521010031906,forecast,climatology
2026-07-05,Dhanmondi,10,05:00,94595.53116334177,10000.0,0.0,0.0,0.0,0.0,0.0,0.0,0.0,35250.0,8.39,0.0,0.0,65893.6265008131,64875.0919766777,25.99524481986253,forecast,climatology
2026-07-05,Dhanmondi,11,05:30,89502.26317349914,10000.0,0.0,0.0,0.0,0.0,0.0,0.0,0.0,40000.0,8.39,0.0,0.0,61926.34957760043,60907.815053465114,26.045248052983503,forecast,climatology
2026-07-05,Dhanmondi,12,06:00,84053.77215527071,9.573628439715034e-13,0.0,0.0,0.0,0.0,0.0,0.0,0.0,40000.0,8.39,0.0,0.0,65471.63652994378,64453.10200580847,26.512713637036086,forecast,climatology
2026-07-05,Dhanmondi,13,06:30,90100.74636436568,0.0,0.0,71.52817016189032,0.0,0.0,0.0,0.0,0.0,40000.0,8.39,0.0,0.0,70126.06453637076,69107.53001223538,26.972845145003518,forecast,climatology
2026-07-05,Dhanmondi,14,07:00,110000.00000000001,0.0,1305.3405607643379,11279.350599398836,0.0,0.0,0.0,0.0,0.0,39347.32971961783,49.3,0.0,0.0,77861.9680158023,76843.43349166698,27.421905946107508,forecast,climatology
2026-07-05,Dhanmondi,15,07:30,110000.00000000001,0.0,4060.743799631757,4726.8186501337805,0.0,0.0,0.0,0.0,0.0,37316.95781980195,49.3,0.0,0.0,85004.84448784421,83986.3099637089,27.85624931244163,forecast,climatology
2026-07-05,Dhanmondi,16,08:00,110000.00000000001,2965.8243788161726,0.0,6974.510227619574,0.0,0.0,0.0,0.0,0.0,38725.724399739636,41.56824999999999,0.0,0.0,77939.03683291674,76920.50230878142,28.27234803327833,forecast,climatology
2026-07-05,Dhanmondi,17,08:30,110000.00000000001,2682.6854742323485,0.0,0.0,0.0,0.0,0.0,0.0,0.0,40000.0,41.56824999999999,0.0,0.0,83592.2056778284,82573.67115369311,28.666823058802144,forecast,climatology
2026-07-05,Dhanmondi,18,09:00,110000.00000000001,0.0,10000.0,0.0,0.0,0.0,0.0,0.0,5459.94261697105,35000.0,60.0,0.0,0.0,97334.50068972236,96315.96616558704,29.036470940659466,forecast,climatology
2026-07-05,Dhanmondi,19,09:30,110000.00000000001,0.0,10000.0,0.0,0.0,0.0,0.0,0.0,9479.471028531188,30000.0,60.0,0.0,0.0,100465.41434696206,99446.8798228267,29.37828984648594,forecast,climatology
2026-07-05,Dhanmondi,20,10:00,110000.00000000001,0.0,0.0,0.0,0.0,0.0,0.0,0.0,14416.489605543044,30000.0,60.0,0.0,0.0,96911.19121623917,95892.65669210392,29.689503937152978,forecast,climatology
2026-07-05,Dhanmondi,21,10:30,110000.00000000001,0.0,10000.0,0.0,0.0,0.0,0.0,0.0,4011.6944357735774,25000.0,60.0,0.0,0.0,96206.42307829346,95187.88855415807,29.96758590877095,forecast,climatology
2026-07-05,Dhanmondi,22,11:00,110000.00000000001,0.0,0.0,0.0,0.0,0.0,0.0,0.0,20199.736852839138,25000.0,60.0,0.0,0.0,101415.91065986308,100397.37613572767,30.210277516390224,forecast,climatology
2026-07-05,Dhanmondi,23,11:30,110000.00000000001,0.0,0.0,0.0,0.0,0.0,0.0,0.0,27580.59345505634,25000.0,60.0,0.0,0.0,107165.04895965675,106146.51443552137,30.415607912731364,forecast,climatology
2026-07-05,Dhanmondi,24,12:00,110000.00000000001,4721.411191648775,0.0,0.0,0.0,0.0,0.0,0.0,0.0,27242.670316033167,51.224999999999994,0.0,0.0,82004.18998582168,120620.3116152635,30.581909653019547,forecast,climatology
2026-07-05,Dhanmondi,25,12:30,110000.00000000001,2666.674088308442,0.0,0.0,0.0,0.0,0.0,0.0,0.0,28509.34050797968,51.224999999999994,0.0,0.0,83604.67735652502,127792.49605455186,30.707832235951383,forecast,climatology
2026-07-05,Dhanmondi,26,13:00,110000.00000000001,3994.8760040562192,0.0,0.0,0.0,0.0,0.0,0.0,0.0,30406.90660990638,51.224999999999994,0.0,0.0,82570.10685675517,115263.09633085843,30.792353070830693,forecast,climatology
2026-07-05,Dhanmondi,27,13:30,110000.00000000001,7059.701360292092,0.0,0.0,0.0,0.0,0.0,0.0,0.0,33760.26475604512,51.224999999999994,0.0,0.0,80182.83586812476,112418.2180302362,30.834785781811554,forecast,climatology
2026-07-05,Dhanmondi,28,14:00,110000.00000000001,3837.2827552199014,0.0,0.0,0.0,0.0,0.0,0.0,0.0,35582.97406477458,51.224999999999994,0.0,0.0,82692.8602757012,112126.28819730625,30.834785781811554,forecast,climatology
2026-07-05,Dhanmondi,29,14:30,110000.00000000001,0.0,10000.0,0.0,0.0,0.0,0.0,0.0,19077.138505884213,30582.97406477458,60.0,0.0,0.0,107941.28343052609,106922.74890639068,30.792353070830693,forecast,climatology
2026-07-05,Dhanmondi,30,15:00,110000.00000000001,0.0,10000.0,0.0,0.0,0.0,0.0,0.0,23336.967695974192,25582.97406477458,60.0,0.0,0.0,111259.37352049864,110240.83899636325,30.707832235951383,forecast,climatology
2026-07-05,Dhanmondi,31,15:30,110000.00000000001,0.0,0.0,0.0,0.0,0.0,0.0,0.0,25840.652409926173,25582.97406477458,60.0,0.0,0.0,105809.76430354563,104791.22977941032,30.581909653019547,forecast,climatology
2026-07-05,Dhanmondi,32,16:00,110000.00000000001,0.0,10000.0,0.0,0.0,0.0,0.0,0.0,7776.635280199829,20582.97406477458,60.0,0.0,0.0,99139.03195713907,98120.49743300371,30.415607912731364,forecast,climatology
2026-07-05,Dhanmondi,33,16:30,110000.00000000001,0.0,10000.0,0.0,0.0,0.0,0.0,0.0,14260.311423079838,15582.974064774577,60.0,0.0,0.0,104189.33341202614,103170.79888789076,30.210277516390224,forecast,climatology
2026-07-05,Dhanmondi,34,17:00,110000.00000000001,0.0,0.0,0.0,0.0,0.0,0.0,0.0,45432.89783727698,15582.974064774577,60.0,0.0,0.0,121070.66620638232,120052.13168224692,29.96758590877095,forecast,climatology
2026-07-05,Dhanmondi,35,17:30,110000.00000000001,0.0,0.0,0.0,0.0,0.0,0.0,0.0,41218.20426271885,15582.974064774577,60.0,0.0,0.0,117787.73340369,116769.19887955468,29.689503937152978,forecast,climatology
2026-07-05,Dhanmondi,36,18:00,110000.00000000001,0.0,0.0,0.0,13999.999999999989,0.0,0.0,0.0,17897.83241576822,15582.974064774577,51.22499999999999,8.775000000000013,0.0,110527.85699076454,109509.32246662905,29.37828984648594,forecast,climatology
2026-07-05,Dhanmondi,37,18:30,110000.00000000001,0.0,10000.0,0.0,13999.999999999989,0.0,0.0,0.0,28529.374150573345,10582.974064774577,51.22499999999999,8.775000000000013,0.0,126208.83060386725,125190.29607973187,29.03627116148191,forecast,climatology
2026-07-05,Dhanmondi,38,19:00,110000.00000000001,0.0,1666.2429486194487,0.0,13999.999999999987,0.0,0.0,0.0,29386.14321236949,9749.852590464852,51.224999999999994,8.775000000000006,0.0,120709.38194724923,119690.84742311381,28.69774222064025,forecast,climatology
2026-07-05,Dhanmondi,39,19:30,110000.00000000001,2242.114727801436,0.0,0.0,16242.114727801425,0.0,0.0,0.0,24613.07585396834,10814.857086170534,51.22499999999999,8.775000000000013,0.0,115758.53214456672,114739.9976204313,28.392657256402654,forecast,climatology
2026-07-05,Dhanmondi,40,20:00,110000.00000000001,211.5155741668641,0.0,0.0,14211.515574166853,0.0,0.0,0.0,17392.199775327066,10915.326983899795,51.224999999999994,8.775000000000006,0.0,110134.0067731742,109115.47224903876,28.11771226891518,forecast,climatology
2026-07-05,Dhanmondi,41,20:30,110000.00000000001,4388.7852970530585,0.0,0.0,18388.785297053048,0.0,0.0,0.0,7216.225208871238,12999.999999999998,51.224999999999994,8.775000000000006,1.4551915228366852e-11,102207.67948208934,101189.14495795392,27.86992966732616,forecast,climatology
2026-07-05,Dhanmondi,42,21:00,110000.00000000001,0.0,10000.0,0.0,0.0,0.0,0.0,0.0,5930.0383532199485,7999.999999999998,60.0,0.0,0.0,97700.67030220691,96682.13577807164,27.646626023163453,forecast,climatology
2026-07-05,Dhanmondi,43,21:30,110000.00000000001,0.0,2920.954656151577,0.0,1300.945736738774,1460.4773280757881,0.0,0.0,1048.3327416536954,6539.522671924209,60.0,0.0,0.0,89673.17740963183,88654.64288549639,27.445383009422503,forecast,climatology
2026-07-05,Dhanmondi,44,22:00,110000.00000000001,3074.6891117385026,0.0,3105.46485058801,0.0,0.0,0.0,0.0,0.0,7999.999999999998,27.474999999999998,0.0,0.0,80867.93786978252,79849.40334564717,27.264021210642234,forecast,climatology
2026-07-05,Dhanmondi,45,22:30,85314.08242558475,1.1967035549643793e-12,0.0,0.0,0.0,0.0,0.0,0.0,0.0,7999.999999999999,8.39,0.0,0.0,66453.32448774927,65434.78996361396,27.10057652033782,forecast,climatology
2026-07-05,Dhanmondi,46,23:00,78281.21490706736,0.0,0.0,0.0,0.0,0.0,0.0,0.0,0.0,7999.999999999999,8.39,0.0,0.0,60975.24380048365,59956.70927634828,26.953278870180135,forecast,climatology
2026-07-05,Dhanmondi,47,23:30,77636.6291365536,-9.573628439715034e-13,0.0,0.0,0.0,0.0,0.0,0.0,0.0,7999.999999999998,8.39,0.0,0.0,60473.159429998865,59454.62490586349,26.82053306056364,forecast,climatology
2026-07-05,Kalyanpur,0,00:00,55720.67395234058,0.0,0.0,0.0,0.0,0.0,0.0,0.0,0.0,5999.999999999999,8.39,0.0,0.0,55721.77217521742,52090.41359609632,26.700901484962305,forecast,climatology
2026-07-05,Kalyanpur,1,00:30,62262.41884887723,8000.0,0.0,0.0,0.0,0.0,0.0,0.0,0.0,9800.0,8.39,0.0,0.0,54263.48833037309,50632.129751252054,26.593088560982217,forecast,climatology
2026-07-05,Kalyanpur,2,01:00,64147.80375874636,2526.315789473684,0.0,0.0,0.0,0.0,0.0,0.0,0.0,11000.0,8.39,0.0,0.0,61622.70249384667,57991.343914725534,26.495926699502846,forecast,climatology
2026-07-05,Kalyanpur,3,01:30,67615.56832408784,8000.0,0.0,0.0,0.0,0.0,0.0,0.0,0.0,14800.0,8.39,0.0,-7.275957614183426e-12,59616.74331312345,55985.384734002335,26.408363659955935,forecast,climatology
2026-07-05,Kalyanpur,4,02:00,69125.19106600432,8000.0,0.0,0.0,0.0,0.0,0.0,0.0,0.0,18600.0,8.39,0.0,-7.275957614183426e-12,61126.395808847774,57495.037229726746,26.329451154802644,forecast,climatology
2026-07-05,Kalyanpur,5,02:30,52036.6773494139,0.0,0.0,0.0,0.0,0.0,0.0,0.0,0.0,18600.0,8.39,0.0,0.0,52037.7029628074,48406.344383686286,26.258334579798053,forecast,climatology
2026-07-05,Kalyanpur,6,03:00,58035.20434922483,8000.0,0.0,0.0,0.0,0.0,0.0,0.0,0.0,22400.0,8.39,0.0,0.0,50036.190514720765,46404.83193559969,26.194243758824125,forecast,climatology
2026-07-05,Kalyanpur,7,03:30,52929.63527675199,8000.0,0.0,0.0,0.0,0.0,0.0,0.0,0.0,26200.0,8.39,0.0,-7.275957614183426e-12,44930.5208143776,41299.1622352565,26.13648460305985,forecast,climatology
2026-07-05,Kalyanpur,8,04:00,53594.58311878453,0.0,0.0,0.0,0.0,0.0,0.0,0.0,0.0,26200.0,8.39,0.0,0.0,53595.63943761699,49964.280858495935,26.08443159415926,forecast,climatology
2026-07-05,Kalyanpur,9,04:30,59804.09705136119,8000.0,0.0,0.0,0.0,0.0,0.0,0.0,0.0,30000.0,8.39,0.0,-7.275957614183426e-12,51805.11808072891,48173.75950160784,26.037521010031906,forecast,climatology
2026-07-05,Kalyanpur,10,05:00,66114.64836573221,0.0,0.0,0.0,0.0,0.0,0.0,0.0,0.0,30000.0,8.39,0.0,-7.275957614183426e-12,66115.95144794894,62484.592868827815,25.99524481986253,forecast,climatology
2026-07-05,Kalyanpur,11,05:30,71172.82873970098,0.0,0.0,0.0,0.0,0.0,0.0,0.0,0.0,30000.0,8.39,0.0,0.0,71174.2315157837,67542.87293666258,26.045248052983503,forecast,climatology
2026-07-05,Kalyanpur,12,06:00,81507.99768656342,0.0,0.0,0.0,0.0,0.0,0.0,0.0,0.0,30000.0,8.39,0.0,0.0,81509.60416296357,77878.24558384248,26.512713637036086,forecast,climatology
2026-07-05,Kalyanpur,13,06:30,88000.0,0.0,-4.547473508864641e-13,0.0,70.0976067586525,0.0,0.0,0.0,0.0,30000.0,18.25510204081633,0.0,0.0,88071.833418426,84440.47483930488,26.972845145003518,forecast,climatology
2026-07-05,Kalyanpur,14,07:00,88000.0,0.0,0.0,0.0,11053.76358741086,0.0,0.0,0.0,0.0,30000.0,60.0,0.0,0.0,99055.71588090448,95424.35730178324,27.421905946107508,forecast,climatology
2026-07-05,Kalyanpur,15,07:30,88000.0,0.0,52.003186049514696,0.0,4632.282277131105,0.0,0.0,0.0,10643.04787374134,29973.998406975243,60.0,0.0,0.0,103326.76964950099,99695.41107037984,27.85624931244163,forecast,climatology
2026-07-05,Kalyanpur,16,08:00,88000.0,0.0,0.0,0.0,6835.020023067183,0.0,0.0,0.0,0.0,29973.998406975243,52.11045918367346,0.0,0.0,94836.8891675181,91205.53058839693,28.27234803327833,forecast,climatology
2026-07-05,Kalyanpur,17,08:30,88000.0,54.74019584159442,0.0,0.0,0.0,0.0,0.0,0.0,0.0,30000.0,51.224999999999994,0.0,0.0,87946.9931553435,84315.63457622235,28.666823058802144,forecast,climatology
2026-07-05,Kalyanpur,18,09:00,88000.0,0.0,755.5347305192744,0.0,0.0,0.0,0.0,0.0,10545.295058490157,29622.23263474036,60.0,0.0,0.0,99265.00947095353,95633.65089183248,29.036470940659466,forecast,climatology
2026-07-05,Kalyanpur,19,09:30,88000.0,795.2997163360783,0.0,0.0,0.0,0.0,0.0,0.0,0.0,30000.0,51.224999999999994,0.0,0.0,87206.41903884085,83575.0604597198,29.37828984648594,forecast,climatology
2026-07-05,Kalyanpur,20,10:00,88000.0,0.0,8000.0,0.0,0.0,0.0,0.0,0.0,3533.596766736758,26000.0,60.0,0.0,0.0,99135.55063369685,95504.19205457582,29.689503937152978,forecast,climatology
2026-07-05,Kalyanpur,21,10:30,88000.0,0.0,8000.0,0.0,0.0,0.0,0.0,0.0,3401.67552795272,22000.0,60.0,0.0,0.0,99003.62679482001,95372.26821569899,29.96758590877095,forecast,climatology
2026-07-05,Kalyanpur,22,11:00,88000.0,0.0,0.0,0.0,0.0,0.0,0.0,0.0,16669.01756857335,22000.0,60.0,0.0,1.4551915228366852e-11,104671.08053553767,101039.72195641651,30.210277516390224,forecast,climatology
2026-07-05,Kalyanpur,23,11:30,88000.0,0.0,0.0,0.0,0.0,0.0,0.0,0.0,19092.077848193927,22000.0,60.0,0.0,1.4551915228366852e-11,107094.18857230191,103462.82999318076,30.415607912731364,forecast,climatology
2026-07-05,Kalyanpur,24,12:00,88000.0,0.0,-1.8189894035458565e-12,0.0,0.0,0.0,0.0,0.0,29417.083456278728,22000.0,60.0,0.0,0.0,117419.39768039063,113788.03910126939,30.581909653019547,forecast,climatology
2026-07-05,Kalyanpur,25,12:30,88000.0,0.0,0.0,0.0,0.0,0.0,0.0,0.0,35910.77176342719,22000.0,60.0,0.0,0.0,123913.21397445201,120281.85539533093,30.707832235951383,forecast,climatology
2026-07-05,Kalyanpur,26,13:00,88000.0,0.0,0.0,0.0,0.0,0.0,0.0,0.0,35940.36731652753,22000.0,60.0,0.0,0.0,123942.81011086395,120311.45153174283,30.792353070830693,forecast,climatology
2026-07-05,Kalyanpur,27,13:30,88000.0,0.0,0.0,0.0,0.0,0.0,0.0,0.0,32693.883973056225,22000.0,60.0,0.0,0.0,120696.26278104738,117064.90420192636,30.834785781811554,forecast,climatology
2026-07-05,Kalyanpur,28,14:00,88000.0,0.0,0.0,0.0,0.0,0.0,0.0,0.0,15592.670044500606,22000.0,60.0,0.0,1.4551915228366852e-11,103594.71179726577,99963.35321814462,30.834785781811554,forecast,climatology
2026-07-05,Kalyanpur,29,14:30,88000.0,0.0,8000.0,0.0,0.0,0.0,0.0,0.0,12952.280033823488,18000.0,60.0,0.0,0.0,108554.41953768833,104923.06095856712,30.792353070830693,forecast,climatology
2026-07-05,Kalyanpur,30,15:00,88000.0,0.0,0.0,0.0,0.0,0.0,0.0,0.0,14589.657377848744,18000.0,60.0,0.0,1.4551915228366852e-11,102591.67936180302,98960.32078268204,30.707832235951383,forecast,climatology
2026-07-05,Kalyanpur,31,15:30,88000.0,0.0,8000.0,0.0,0.0,0.0,0.0,0.0,1304.607890232313,14000.0,60.0,0.0,0.0,96906.51782508608,93275.15924596497,30.581909653019547,forecast,climatology
2026-07-05,Kalyanpur,32,16:00,88000.0,0.0,0.0,0.0,0.0,0.0,0.0,0.0,13924.041128985824,14000.0,60.0,0.0,0.0,101926.04999402152,98294.69141490042,30.415607912731364,forecast,climatology
2026-07-05,Kalyanpur,33,16:30,88000.0,0.0,8000.0,0.0,0.0,0.0,0.0,0.0,9797.186171202142,10000.0,60.0,0.0,0.0,105399.26348995649,101767.90491083542,30.210277516390224,forecast,climatology
2026-07-05,Kalyanpur,34,17:00,88000.0,0.0,0.0,0.0,0.0,0.0,0.0,0.0,37918.725100964475,10000.0,60.0,0.0,1.4551915228366852e-11,125921.20688761068,122289.84830848951,29.96758590877095,forecast,climatology
2026-07-05,Kalyanpur,35,17:30,88000.0,0.0,8000.0,0.0,0.0,0.0,0.0,0.0,22556.149562521205,5999.999999999999,60.0,0.0,0.0,118158.47835320668,114527.11977408559,29.689503937152978,forecast,climatology
2026-07-05,Kalyanpur,36,18:00,88000.0,7327.768893936896,0.0,14285.714285714275,0.0,0.0,0.0,0.0,0.0,9480.690224620024,40.70049999999999,0.0,0.0,66387.8252609385,116589.91806132844,29.37828984648594,forecast,climatology
2026-07-05,Kalyanpur,37,18:30,88000.0,4494.438129546452,0.0,14285.714285714275,0.0,0.0,0.0,0.0,0.0,11615.548336154588,40.70049999999999,0.0,0.0,69221.21186867126,133295.4588488346,29.03627116148191,forecast,climatology
2026-07-05,Kalyanpur,38,19:00,88000.0,4141.809089023345,0.0,14285.714285714274,0.0,0.0,0.0,0.0,0.0,13582.907653440678,40.70049999999999,0.0,0.0,69573.84785931285,113725.65915896105,28.69774222064025,forecast,climatology
2026-07-05,Kalyanpur,39,19:30,88000.0,878.0891506512003,0.0,16573.58645694023,0.0,0.0,0.0,0.0,0.0,14000.0,40.70049999999999,0.0,-1.4551915228366852e-11,70549.71485986488,120175.86804559072,28.392657256402654,forecast,climatology
2026-07-05,Kalyanpur,40,20:00,88000.0,0.0,0.0,14501.546504251892,0.0,0.0,0.0,0.0,0.0,14000.0,40.70049999999999,0.0,0.0,73499.90210857561,124194.68351199175,28.11771226891518,forecast,climatology
2026-07-05,Kalyanpur,41,20:30,88000.0,0.0,0.0,18764.066629645968,0.0,0.0,0.0,0.0,0.0,14000.0,40.70049999999999,0.0,0.0,69237.29797132747,110906.21730661803,27.86992966732616,forecast,climatology
2026-07-05,Kalyanpur,42,21:00,88000.0,0.0,8000.0,0.0,0.0,0.0,0.0,0.0,6545.73280955584,10000.0,60.0,0.0,0.0,102147.74604400877,98516.38746488771,27.646626023163453,forecast,climatology
2026-07-05,Kalyanpur,43,21:30,88000.0,0.0,8000.0,1327.4956497334429,0.0,0.0,0.0,0.0,0.0,5999.999999999999,49.3,0.0,0.0,94274.36240785247,90643.00382873147,27.445383009422503,forecast,climatology
2026-07-05,Kalyanpur,44,22:00,88000.0,0.0,-3.410605131648481e-13,0.0,3043.35555357625,0.0,0.0,0.0,0.0,5999.999999999999,37.72959183673469,0.0,1.4551915228366852e-11,91045.14996647109,87413.79138735007,27.264021210642234,forecast,climatology
2026-07-05,Kalyanpur,45,22:30,82045.95061961305,0.0,0.0,0.0,0.0,0.0,0.0,0.0,0.0,5999.999999999999,8.39,0.0,0.0,82047.5676987604,78416.20911963927,27.10057652033782,forecast,climatology
2026-07-05,Kalyanpur,46,23:00,68641.94274687313,0.0,0.0,0.0,0.0,0.0,0.0,0.0,0.0,5999.999999999999,8.39,0.0,-1.4551915228366852e-11,68643.29564062855,65011.93706150742,26.953278870180135,forecast,climatology
2026-07-05,Kalyanpur,47,23:30,69962.93258935954,-1.4809206492684194e-12,0.0,0.0,0.0,0.0,0.0,0.0,0.0,5999.999999999998,8.39,0.0,0.0,69964.3115190754,66332.95293995431,26.82053306056364,forecast,climatology
2026-07-06,Dhanmondi,0,00:00,60666.11533170315,0.0,0.0,0.0,0.0,0.0,0.0,0.0,0.0,7999.999999999998,8.39,0.0,0.0,48183.78221804084,47165.247693905454,26.682384646652093,forecast,climatology
2026-07-06,Dhanmondi,1,00:30,70548.31501861503,10000.0,0.0,0.0,0.0,0.0,0.0,0.0,0.0,12749.999999999998,8.39,0.0,0.0,48090.21986284435,47071.68533870897,26.57333718630939,forecast,climatology
2026-07-06,Dhanmondi,2,01:00,68017.57306339806,0.0,0.0,0.0,0.0,0.0,0.0,0.0,0.0,12749.999999999998,8.39,0.0,0.0,54022.64360536305,53004.109081227696,26.47505608428877,forecast,climatology
2026-07-06,Dhanmondi,3,01:30,76408.36454030752,10000.0,0.0,0.0,0.0,0.0,0.0,0.0,0.0,17500.0,8.39,0.0,-7.275957614183426e-12,52744.53716000958,51726.00263587418,26.386478367907003,forecast,climatology
2026-07-06,Dhanmondi,4,02:00,64792.7420231324,0.0,0.0,0.0,0.0,0.0,0.0,0.0,0.0,17500.0,8.39,0.0,0.0,51461.33642944545,50442.80190531006,26.306646012773633,forecast,climatology
2026-07-06,Dhanmondi,5,02:30,64644.160080754045,5915.404324960135,0.0,0.0,0.0,0.0,0.0,0.0,0.0,20309.817054356063,8.39,0.0,0.0,46645.04331291658,45626.5087887812,26.234695581147335,forecast,climatology
2026-07-06,Dhanmondi,6,03:00,62221.61040998249,0.0,0.0,0.0,0.0,0.0,0.0,0.0,0.0,20309.817054356063,8.39,0.0,0.0,49419.227007660906,48400.69248352557,26.16984888330706,forecast,climatology
2026-07-06,Dhanmondi,7,03:30,63215.67184726757,10000.0,0.0,0.0,0.0,0.0,0.0,0.0,0.0,25059.817054356063,8.39,0.0,0.0,42266.30185327677,41247.767329141396,26.111404560934844,forecast,climatology
2026-07-06,Dhanmondi,8,04:00,78490.15559625787,10000.0,0.0,0.0,0.0,0.0,0.0,0.0,0.0,29809.817054356063,8.39,0.0,0.0,54397.99010181928,53379.45557768397,26.058730501479094,forecast,climatology
2026-07-06,Dhanmondi,9,04:30,56116.017428085,0.0,0.0,0.0,0.0,0.0,0.0,0.0,0.0,29809.817054356063,8.39,0.0,0.0,44569.887950046934,43551.35342591152,26.01125700145496,forecast,climatology
2026-07-06,Dhanmondi,10,05:00,92905.19738241831,10000.0,0.0,0.0,0.0,0.0,0.0,0.0,0.0,34559.81705435606,8.39,0.0,0.0,65847.07053643455,64828.536012299184,25.968470604738474,forecast,climatology
2026-07-06,Dhanmondi,11,05:30,87914.92995892637,10000.0,0.0,0.0,0.0,0.0,0.0,0.0,0.0,39309.81705435606,8.39,0.0,0.0,61883.573658010435,60865.03913387513,26.01554708824123,forecast,climatology
2026-07-06,Dhanmondi,12,06:00,82400.54706858021,0.0,0.0,0.0,0.0,0.0,0.0,0.0,0.0,39309.81705435606,8.39,0.0,0.0,65446.25435288146,64427.71982874616,26.48871062448052,forecast,climatology
2026-07-06,Dhanmondi,13,06:30,88268.17276001653,0.0,0.0,0.0,0.0,0.0,0.0,0.0,0.0,39309.81705435606,8.39,0.0,0.0,70106.588987913,69088.0544637776,26.954471748424226,forecast,climatology
2026-07-06,Dhanmondi,14,07:00,110000.00000000001,1453.0167276714437,0.0,10539.914588501071,0.0,0.0,0.0,0.0,0.0,40000.0,8.390000000000004,0.0,0.0,77841.66214483629,76823.12762070095,27.4090451168123,forecast,climatology
2026-07-06,Dhanmondi,15,07:30,110000.00000000001,0.0,8883.70258934877,11428.571428571433,0.0,0.0,0.0,0.0,0.0,35558.14870532561,48.33850415512466,0.0,0.0,84992.95018853141,83974.41566439616,27.84873631173875,forecast,climatology
2026-07-06,Dhanmondi,16,08:00,110000.00000000001,5592.83264116031,0.0,6282.5192383517515,0.0,0.0,0.0,0.0,0.0,38214.74420987676,40.70049999999999,0.0,0.0,77935.04906994906,76916.51454581377,28.269971865999786,forecast,climatology
2026-07-06,Dhanmondi,17,08:30,110000.00000000001,3758.433242364712,0.0,988.1589489370836,0.0,0.0,0.0,0.0,0.0,40000.0,40.70049999999999,0.0,0.0,83597.03356365486,82578.49903951958,28.66932830544903,forecast,climatology
2026-07-06,Dhanmondi,18,09:00,110000.00000000001,0.0,10000.0,0.0,0.0,0.0,0.0,0.0,3074.561952850796,35000.0,60.0,0.0,0.0,97354.28033120614,96335.74580707081,29.043559972326086,forecast,climatology
2026-07-06,Dhanmondi,19,09:30,110000.00000000001,0.0,10000.0,0.0,0.0,0.0,0.0,0.0,7036.921982797066,30000.0,60.0,0.0,0.0,100501.36650457497,99482.83198043963,29.389625403432156,forecast,climatology
2026-07-06,Dhanmondi,20,10:00,110000.00000000001,0.0,0.0,0.0,0.0,0.0,0.0,0.0,12074.7906104445,30000.0,60.0,0.0,0.0,96957.33924820361,95938.80472406828,29.70471204877149,forecast,climatology
2026-07-06,Dhanmondi,21,10:30,110000.00000000001,0.0,10000.0,0.0,0.0,0.0,0.0,0.0,1697.7002298555744,25000.0,60.0,0.0,0.0,96260.71425989244,95242.17973575705,29.986259129764804,forecast,climatology
2026-07-06,Dhanmondi,22,11:00,110000.00000000001,0.0,0.0,0.0,0.0,0.0,0.0,0.0,17761.330972821364,25000.0,60.0,0.0,0.0,101473.84769606989,100455.31317193453,30.2319784512609,forecast,climatology
2026-07-06,Dhanmondi,23,11:30,110000.00000000001,0.0,393.26717146842475,0.0,0.0,0.0,0.0,0.0,24646.430955619027,24803.366414265787,60.0,0.0,0.0,107239.03969764423,106220.50517350888,30.439872998202773,forecast,climatology
2026-07-06,Dhanmondi,24,12:00,110000.00000000001,6665.66331351595,0.0,0.0,0.0,0.0,0.0,0.0,0.0,27969.55648818586,51.224999999999994,0.0,0.0,82072.82017850399,120716.65428285848,30.608253165808893,forecast,climatology
2026-07-06,Dhanmondi,25,12:30,110000.00000000001,4642.895024118101,0.0,0.0,0.0,0.0,0.0,0.0,0.0,30174.931624641962,51.224999999999994,0.0,0.0,83679.39456028184,127898.2698308008,30.735750491363497,forecast,climatology
2026-07-06,Dhanmondi,26,13:00,110000.00000000001,5943.671293136227,0.0,0.0,0.0,0.0,0.0,0.0,0.0,32998.175488881665,51.224999999999994,0.0,0.0,82646.25900976793,115370.34243792451,30.821328776014532,forecast,climatology
2026-07-06,Dhanmondi,27,13:30,110000.00000000001,8952.70170463217,0.0,0.0,0.0,0.0,0.0,0.0,0.0,37250.708798581945,51.224999999999994,0.0,0.0,80256.3504876507,112523.35700966766,30.864292506190008,forecast,climatology
2026-07-06,Dhanmondi,28,14:00,110000.00000000001,5787.981476669578,0.0,0.0,0.0,0.0,0.0,0.0,0.0,40000.0,51.224999999999994,0.0,0.0,82769.91492821889,112236.94857496116,30.864292506190008,forecast,climatology
2026-07-06,Dhanmondi,29,14:30,110000.00000000001,0.0,10000.0,0.0,0.0,0.0,0.0,0.0,16534.003614417874,35000.0,60.0,0.0,0.0,108044.37977554073,107025.84525140532,30.821328776014536,forecast,climatology
2026-07-06,Dhanmondi,30,15:00,110000.00000000001,0.0,10000.0,0.0,0.0,0.0,0.0,0.0,20714.51206954442,30000.0,60.0,0.0,0.0,111364.72932917748,110346.19480504206,30.735750491363497,forecast,climatology
2026-07-06,Dhanmondi,31,15:30,110000.00000000001,0.0,0.0,0.0,0.0,0.0,0.0,0.0,23336.53247024365,30000.0,60.0,0.0,0.0,105901.92576410975,104883.39123997437,30.608253165808897,forecast,climatology
2026-07-06,Dhanmondi,32,16:00,110000.00000000001,0.0,10000.0,0.0,0.0,0.0,0.0,0.0,5418.149128437726,25000.0,60.0,0.0,0.0,99215.66363323649,98197.12910910106,30.439872998202773,forecast,climatology
2026-07-06,Dhanmondi,33,16:30,110000.00000000001,0.0,10000.0,0.0,0.0,0.0,0.0,0.0,11773.362607476418,20000.0,60.0,0.0,0.0,104263.26261907638,103244.72809494108,30.2319784512609,forecast,climatology
2026-07-06,Dhanmondi,34,17:00,110000.00000000001,0.0,3084.289132641444,0.0,0.0,0.0,0.0,0.0,39583.15358752318,18457.855433679277,60.0,0.0,0.0,121132.9279259142,120114.39340177887,29.986259129764804,forecast,climatology
2026-07-06,Dhanmondi,35,17:30,110000.00000000001,0.0,0.0,0.0,0.0,0.0,0.0,0.0,38359.47251528576,18457.855433679277,60.0,0.0,0.0,117833.82658629271,116815.2920621573,29.704712048771494,forecast,climatology
2026-07-06,Dhanmondi,36,18:00,110000.00000000001,2001.0184574531286,0.0,0.0,16001.01845745312,0.0,0.0,0.0,15204.367479780218,19408.339200969513,51.224999999999994,8.775000000000006,0.0,110562.42664907656,109543.89212494124,29.389625403432156,forecast,climatology
2026-07-06,Dhanmondi,37,18:30,110000.00000000001,0.0,10000.0,0.0,13999.999999999993,0.0,0.0,0.0,25432.452662107586,14408.339200969513,51.22499999999999,8.775000000000013,0.0,126231.36728928058,125212.83276514513,29.043371815890303,forecast,climatology
2026-07-06,Dhanmondi,38,19:00,110000.00000000001,5600.000000000022,10000.0,0.0,19600.0,0.0,0.0,0.0,18495.410467597096,12068.339200969524,51.224999999999994,8.775000000000006,0.0,120721.65353045384,119703.11900631842,28.70122187174869,forecast,climatology
2026-07-06,Dhanmondi,39,19:30,110000.00000000001,4545.303510186506,0.0,0.0,18545.303510186495,0.0,0.0,0.0,21747.3320722366,14227.358368308112,51.224999999999994,8.775000000000006,0.0,115759.14609055556,114740.61156642027,28.392852713394575,forecast,climatology
2026-07-06,Dhanmondi,40,20:00,110000.00000000001,2342.4034351408027,10000.0,0.0,16342.403435140794,0.0,0.0,0.0,5154.082295379683,10339.999999999995,51.224999999999994,8.775000000000006,0.0,110125.36518011658,109106.83065598126,28.114929132075307,forecast,climatology
2026-07-06,Dhanmondi,41,20:30,110000.00000000001,5600.00000000001,0.0,0.0,19600.0,0.0,0.0,0.0,4663.442474106802,13000.0,51.224999999999994,8.775000000000006,0.0,102190.34559405899,101171.81106992358,27.864445207335248,forecast,climatology
2026-07-06,Dhanmondi,42,21:00,110000.00000000001,0.0,10000.0,0.0,0.0,0.0,0.0,0.0,3478.94797048709,7999.999999999999,60.0,0.0,0.0,97675.46206007192,96656.9275359366,27.6386917960725,forecast,climatology
2026-07-06,Dhanmondi,43,21:30,110000.00000000001,0.0,3014.9074912035694,0.0,0.0,1507.453745601788,0.0,0.0,0.0,6492.546254398214,38.853185595567865,0.0,0.0,89641.84006039474,88623.3055362594,27.43522723143165,forecast,climatology
2026-07-06,Dhanmondi,44,22:00,107368.90281171638,3173.5868328458623,0.0,2419.7532013609834,0.0,0.0,0.0,0.0,0.0,7999.999999999999,8.39,0.0,0.0,80834.77119273106,79816.23666859572,27.251850914622384,forecast,climatology
2026-07-06,Dhanmondi,45,22:30,83633.63001638681,7.180221329786276e-13,0.0,0.0,0.0,0.0,0.0,0.0,0.0,7999.999999999999,8.39,0.0,0.0,66425.62479532752,65407.0902711922,27.086579514042686,forecast,climatology
2026-07-06,Dhanmondi,46,23:00,76731.26129854946,0.0,0.0,0.0,0.0,0.0,0.0,0.0,0.0,7999.999999999999,8.39,0.0,0.0,60943.45028538179,59924.915761246455,26.937625514284985,forecast,climatology
2026-07-06,Dhanmondi,47,23:30,76094.95160489023,2.8720885319145103e-12,0.0,0.0,0.0,0.0,0.0,0.0,0.0,8000.000000000001,8.39,0.0,0.0,60438.06424681866,59419.52972268329,26.803377883019113,forecast,climatology
2026-07-06,Kalyanpur,0,00:00,55369.80098615992,0.0,0.0,0.0,0.0,0.0,0.0,0.0,0.0,5999.999999999998,8.39,0.0,0.0,55873.64647826658,52061.353950255005,26.682384646652093,forecast,climatology
2026-07-06,Kalyanpur,1,00:30,61926.01673408307,8000.0,0.0,0.0,0.0,0.0,0.0,0.0,0.0,9799.999999999998,8.39,0.0,7.275957614183426e-12,54416.72430309756,50604.431775086,26.57333718630939,forecast,climatology
2026-07-06,Kalyanpur,2,01:00,63166.79824120938,1960.937411252209,0.0,0.0,0.0,0.0,0.0,0.0,0.0,10731.445270344797,8.39,0.0,0.0,61762.81239056311,57950.51986255153,26.47505608428877,forecast,climatology
2026-07-06,Kalyanpur,3,01:30,67219.21543438417,8000.0,0.0,0.0,0.0,0.0,0.0,0.0,0.0,14531.445270344797,8.39,0.0,7.275957614183426e-12,59758.08922860582,55945.796700594205,26.386478367907003,forecast,climatology
2026-07-06,Kalyanpur,4,02:00,68711.21856621736,8000.0,0.0,0.0,0.0,0.0,0.0,0.0,0.0,18331.445270344797,8.39,0.0,0.0,61263.66905818387,57451.37653017228,26.306646012773633,forecast,climatology
2026-07-06,Kalyanpur,5,02:30,51712.873073905525,0.0,0.0,0.0,0.0,0.0,0.0,0.0,0.0,18331.445270344797,8.39,0.0,0.0,52183.4418229008,48371.14929488916,26.234695581147335,forecast,climatology
2026-07-06,Kalyanpur,6,03:00,57732.85326989465,8000.0,0.0,0.0,0.0,0.0,0.0,0.0,0.0,22131.445270344797,8.39,0.0,7.275957614183426e-12,50185.40454303184,46373.11201502023,26.16984888330706,forecast,climatology
2026-07-06,Kalyanpur,7,03:30,52682.82864926437,8000.0,0.0,0.0,0.0,0.0,0.0,0.0,0.0,25931.445270344797,8.39,0.0,0.0,45089.42649481443,41277.13396680281,26.111404560934844,forecast,climatology
2026-07-06,Kalyanpur,8,04:00,53251.78342186071,0.0,0.0,0.0,0.0,0.0,0.0,0.0,0.0,25931.445270344797,8.39,0.0,0.0,53736.355707581046,49924.063179569486,26.058730501479094,forecast,climatology
2026-07-06,Kalyanpur,9,04:30,59481.416907583945,8000.0,0.0,0.0,0.0,0.0,0.0,0.0,0.0,29731.445270344797,8.39,0.0,0.0,51949.87948780226,48137.58695979066,26.01125700145496,forecast,climatology
2026-07-06,Kalyanpur,10,05:00,65675.68196243548,0.0,0.0,0.0,0.0,0.0,0.0,0.0,0.0,29731.445270344797,8.39,0.0,7.275957614183426e-12,66273.30730528393,62461.01477727235,25.968470604738474,forecast,climatology
2026-07-06,Kalyanpur,11,05:30,70669.87255154166,0.0,0.0,0.0,0.0,0.0,0.0,0.0,0.0,29731.445270344797,8.39,0.0,0.0,71312.9432521524,67500.65072414081,26.01554708824123,forecast,climatology
2026-07-06,Kalyanpur,12,06:00,80922.8051099307,0.0,0.0,0.0,0.0,0.0,0.0,0.0,0.0,29731.445270344797,8.39,0.0,0.0,81659.17384951605,77846.88132150438,26.48871062448052,forecast,climatology
2026-07-06,Kalyanpur,13,06:30,88000.0,565.3783782214755,0.0,0.0,0.0,0.0,0.0,0.0,0.0,29999.999999999993,8.39,0.0,0.0,88230.24557515341,84417.95304714177,26.954471748424226,forecast,climatology
2026-07-06,Kalyanpur,14,07:00,88000.0,0.0,-2.2737367544323206e-13,0.0,10329.11629673105,0.0,0.0,0.0,0.0,29999.999999999993,18.255102040816332,0.0,0.0,99223.87627611645,95411.5837481047,27.4090451168123,forecast,climatology
2026-07-06,Kalyanpur,15,07:30,88000.0,0.0,1549.4549259106843,0.0,11200.000000000004,0.0,0.0,0.0,1889.9992368591884,29225.27253704465,59.01888179094353,0.9811182090564685,0.0,103495.25896267929,99682.9664346677,27.84873631173875,forecast,climatology
2026-07-06,Kalyanpur,16,08:00,88000.0,0.0,0.0,0.0,6156.868853584716,0.0,0.0,0.0,0.0,29225.27253704465,51.22499999999999,0.0,0.0,95013.66286544358,91201.37033743199,28.269971865999786,forecast,climatology
2026-07-06,Kalyanpur,17,08:30,88000.0,1631.0051851691414,0.0,0.0,968.3957699583418,0.0,0.0,0.0,0.0,29999.999999999993,51.224999999999994,0.0,0.0,88132.12977031569,84319.83724230413,28.66932830544903,forecast,climatology
2026-07-06,Kalyanpur,18,09:00,88000.0,0.0,1310.0222044053853,0.0,0.0,0.0,0.0,0.0,9320.112471058666,29344.988897797302,60.0,0.0,0.0,99461.53666799131,95649.24413997964,29.043559972326086,forecast,climatology
2026-07-06,Kalyanpur,19,09:30,88000.0,1378.9707414793534,0.0,0.0,0.0,0.0,0.0,0.0,0.0,29999.999999999993,51.224999999999994,0.0,0.0,87409.24981081151,83596.95728279992,29.389625403432156,forecast,climatology
2026-07-06,Kalyanpur,20,10:00,88000.0,0.0,8000.0,0.0,0.0,0.0,0.0,0.0,2860.53783437595,25999.999999999993,60.0,0.0,0.0,99356.49370300285,95544.20117499119,29.70471204877149,forecast,climatology
2026-07-06,Kalyanpur,21,10:30,88000.0,0.0,8000.0,0.0,0.0,0.0,0.0,0.0,2736.848166861177,21999.999999999993,60.0,0.0,0.0,99231.67850351415,95419.38597550253,29.986259129764804,forecast,climatology
2026-07-06,Kalyanpur,22,11:00,88000.0,0.0,0.0,0.0,0.0,0.0,0.0,0.0,15960.90650794409,21999.999999999993,60.0,0.0,0.0,104906.9137748375,101094.62124682596,30.2319784512609,forecast,climatology
2026-07-06,Kalyanpur,23,11:30,88000.0,0.0,0.0,0.0,0.0,0.0,0.0,0.0,18365.626840730794,21999.999999999993,60.0,0.0,0.0,107333.51620721407,103521.22367920255,30.439872998202773,forecast,climatology
2026-07-06,Kalyanpur,24,12:00,88000.0,0.0,0.0,0.0,0.0,0.0,0.0,0.0,28613.057476376605,21999.999999999993,60.0,0.0,0.0,117674.1948162948,113861.90228828315,30.608253165808893,forecast,climatology
2026-07-06,Kalyanpur,25,12:30,88000.0,0.0,0.0,0.0,0.0,0.0,0.0,0.0,35058.69387621114,21999.999999999993,60.0,0.0,0.0,124178.48421444187,120366.19168643036,30.735750491363497,forecast,climatology
2026-07-06,Kalyanpur,26,13:00,88000.0,0.0,0.0,0.0,0.0,0.0,0.0,0.0,35104.05798617276,21999.999999999993,60.0,0.0,0.0,124224.26112166677,120411.96859365513,30.821328776014532,forecast,climatology
2026-07-06,Kalyanpur,27,13:30,88000.0,0.0,0.0,0.0,0.0,0.0,0.0,0.0,31890.661924133063,21999.999999999993,60.0,0.0,0.0,120981.6242985736,117169.331770562,30.864292506190008,forecast,climatology
2026-07-06,Kalyanpur,28,14:00,88000.0,0.0,0.0,0.0,0.0,0.0,0.0,0.0,14924.59289209415,21999.999999999993,60.0,0.0,0.0,103861.17007373442,100048.87754572277,30.864292506190008,forecast,climatology
2026-07-06,Kalyanpur,29,14:30,88000.0,0.0,8000.0,0.0,0.0,0.0,0.0,0.0,12246.584793303728,17999.999999999993,60.0,0.0,0.0,108827.95035032992,105015.65782231824,30.821328776014536,forecast,climatology
2026-07-06,Kalyanpur,30,15:00,88000.0,0.0,0.0,0.0,0.0,0.0,0.0,0.0,13926.36328058598,17999.999999999993,60.0,0.0,0.0,102853.85692786457,99041.56439985313,30.735750491363497,forecast,climatology
2026-07-06,Kalyanpur,31,15:30,88000.0,0.0,8000.0,0.0,0.0,0.0,0.0,0.0,680.8479048303111,13999.999999999995,60.0,0.0,0.0,97156.96937048611,93344.6768424744,30.608253165808897,forecast,climatology
2026-07-06,Kalyanpur,32,16:00,88000.0,0.0,0.0,0.0,0.0,0.0,0.0,0.0,13253.80198827412,13999.999999999995,60.0,0.0,0.0,102175.17556704508,98362.88303903349,30.439872998202773,forecast,climatology
2026-07-06,Kalyanpur,33,16:30,88000.0,0.0,7999.999999999995,0.0,0.0,0.0,0.0,0.0,9095.081962061802,9999.999999999996,60.0,0.0,0.0,105647.7699644173,101835.47743640568,30.2319784512609,forecast,climatology
2026-07-06,Kalyanpur,34,17:00,88000.0,0.0,0.0,0.0,0.0,0.0,0.0,0.0,37014.69145396113,9999.999999999996,60.0,0.0,0.0,126152.28067433652,122339.98814632493,29.986259129764804,forecast,climatology
2026-07-06,Kalyanpur,35,17:30,88000.0,0.0,8000.0,0.0,0.0,0.0,0.0,0.0,21707.8483184152,5999.999999999996,60.0,0.0,0.0,118375.30800783583,114563.01547982423,29.704712048771494,forecast,climatology
2026-07-06,Kalyanpur,36,18:00,88000.0,6928.4098051011215,0.0,16327.569854544,0.0,0.0,0.0,0.0,0.0,9290.994657423029,40.70049999999999,0.0,1.4551915228366852e-11,65333.16789386523,116618.54547356076,29.389625403432156,forecast,climatology
2026-07-06,Kalyanpur,37,18:30,88000.0,7215.557021117489,0.0,14285.714285714279,0.0,0.0,0.0,0.0,0.0,12718.384242453836,40.70049999999999,0.0,0.0,67103.84346848147,133315.011494508,29.043371815890303,forecast,climatology
2026-07-06,Kalyanpur,38,19:00,88000.0,214.02602008465328,0.0,20000.0,0.0,0.0,0.0,0.0,0.0,12820.046601994047,40.70049999999999,0.0,0.0,68402.80222942236,113735.42278526841,28.70122187174869,forecast,climatology
2026-07-06,Kalyanpur,39,19:30,88000.0,0.0,0.0,18923.779092027034,0.0,0.0,0.0,0.0,0.0,12820.046601994047,40.70049999999999,0.0,0.0,69704.78994554187,120176.43609152707,28.392852713394575,forecast,climatology
2026-07-06,Kalyanpur,40,20:00,88000.0,0.0,0.0,16675.921872592648,0.0,0.0,0.0,0.0,0.0,12820.046601994047,40.70049999999999,0.0,0.0,71973.10186603597,124186.06474575686,28.114929132075307,forecast,climatology
2026-07-06,Kalyanpur,41,20:30,88000.0,240.26892899084487,0.0,20000.0,0.0,0.0,0.0,0.0,0.0,12934.174343264698,40.70049999999999,0.0,0.0,68376.32051938049,110890.43324184048,27.864445207335248,forecast,climatology
2026-07-06,Kalyanpur,42,21:00,88000.0,0.0,8000.0,0.0,0.0,0.0,0.0,0.0,5787.086753651891,8934.174343264698,60.0,0.0,0.0,102309.67317637385,98497.3806483624,27.6386917960725,forecast,climatology
2026-07-06,Kalyanpur,43,21:30,88000.0,0.0,5868.348686529404,0.0,0.0,0.0,0.0,0.0,0.0,5999.999999999996,48.338504155124646,0.0,0.0,94426.42983890368,90614.13731089205,27.43522723143165,forecast,climatology
2026-07-06,Kalyanpur,44,22:00,88000.0,-2.3934071099287584e-13,0.0,0.0,2371.358137333764,0.0,0.0,0.0,0.0,5999.999999999995,18.25510204081633,0.0,0.0,91193.70534830586,87381.41282029437,27.251850914622384,forecast,climatology
2026-07-06,Kalyanpur,45,22:30,81454.52219425002,0.0,0.0,0.0,0.0,0.0,0.0,0.0,0.0,5999.999999999995,8.39,0.0,0.0,82195.72937015335,78383.43684214167,27.086579514042686,forecast,climatology
2026-07-06,Kalyanpur,46,23:00,68172.70371798889,0.0,0.0,0.0,0.0,0.0,0.0,0.0,0.0,5999.999999999995,8.39,0.0,0.0,68793.05107053972,64980.75854252817,26.937625514284985,forecast,climatology
2026-07-06,Kalyanpur,47,23:30,69476.40675960356,-0.0,0.0,0.0,0.0,0.0,0.0,0.0,0.0,5999.999999999995,8.39,0.0,0.0,70108.61734606289,66296.32481805129,26.803377883019113,forecast,climatology
2026-07-07,Dhanmondi,0,00:00,58754.02169411878,0.0,0.0,0.0,0.0,0.0,0.0,0.0,0.0,8000.000000000001,8.39,0.0,0.0,48203.353369459146,47184.81884532378,26.695552360968403,forecast,climatology
2026-07-07,Dhanmondi,1,00:30,58638.407759743204,0.0,0.0,0.0,0.0,0.0,0.0,0.0,0.0,8000.000000000001,8.39,0.0,0.0,48108.50063985103,47089.9661157157,26.58536771347994,forecast,climatology
2026-07-07,Dhanmondi,2,01:00,65872.94316747575,0.0,0.0,0.0,0.0,0.0,0.0,0.0,0.0,8000.000000000001,8.39,0.0,0.0,54043.90483291762,53025.37030878226,26.486054522675275,forecast,climatology
2026-07-07,Dhanmondi,3,01:30,74311.25525348056,10000.0,0.0,0.0,0.0,0.0,0.0,0.0,0.0,12750.0,8.39,0.0,0.0,52762.654763551574,51744.12023941621,26.39654014755476,forecast,climatology
2026-07-07,Dhanmondi,4,02:00,62744.486023383135,0.0,0.0,0.0,0.0,0.0,0.0,0.0,0.0,12750.0,8.39,0.0,0.0,51477.235848060714,50458.701323925336,26.31585778010393,forecast,climatology
2026-07-07,Dhanmondi,5,02:30,60504.201466567625,3634.4220683050394,0.0,0.0,0.0,0.0,0.0,0.0,0.0,14476.350482444894,8.39,0.0,0.0,46657.47115404774,45638.93662991232,26.243136003197076,forecast,climatology
2026-07-07,Dhanmondi,6,03:00,60251.26076294803,0.0,0.0,0.0,0.0,0.0,0.0,0.0,0.0,14476.350482444894,8.39,0.0,0.0,49431.72790165832,48413.193377523006,26.177589378778634,forecast,climatology
2026-07-07,Dhanmondi,7,03:30,61527.07605854127,10000.0,0.0,0.0,0.0,0.0,0.0,0.0,0.0,19226.350482444894,8.39,0.0,0.0,42274.17602620874,41255.641502073355,26.118509964669222,forecast,climatology
2026-07-07,Dhanmondi,8,04:00,66320.03659412682,0.0,0.0,0.0,0.0,0.0,0.0,0.0,0.0,19226.350482444894,8.39,0.0,-7.275957614183426e-12,54410.71210521328,53392.177581077995,26.065259668372814,forecast,climatology
2026-07-07,Dhanmondi,9,04:30,64334.68073217164,10000.0,0.0,0.0,0.0,0.0,0.0,0.0,0.0,23976.350482444894,8.39,0.0,0.0,44577.60915814524,43559.07463400986,26.01726335530167,forecast,climatology
2026-07-07,Dhanmondi,10,05:00,80271.29053556352,0.0,0.0,0.0,0.0,0.0,0.0,0.0,0.0,23976.350482444894,8.39,0.0,0.0,65856.6898322742,64838.15530813882,25.974002636983773,forecast,climatology
2026-07-07,Dhanmondi,11,05:30,85432.48771823246,10000.0,0.0,0.0,0.0,0.0,0.0,0.0,0.0,28726.350482444894,8.39,0.0,0.0,61886.80802055317,60868.273496417816,26.017792830443042,forecast,climatology
2026-07-07,Dhanmondi,12,06:00,79780.75364377555,0.0,0.0,0.0,0.0,0.0,0.0,0.0,0.0,28726.350482444894,8.39,0.0,0.0,65454.24039215389,64435.705868018566,26.49626273478432,forecast,climatology
2026-07-07,Dhanmondi,13,06:30,95467.93564232119,10000.0,0.0,0.0,0.0,0.0,0.0,0.0,0.0,33476.3504824449,8.39,0.0,0.0,70120.1549227292,69101.6203985938,26.967269965680472,forecast,climatology
2026-07-07,Dhanmondi,14,07:00,110000.00000000001,4877.04970841726,0.0,10208.91534972906,0.0,0.0,0.0,0.0,0.0,35792.94909394309,8.390000000000004,0.0,-1.4551915228366852e-11,77869.98462577298,76851.45010163767,27.426983307848467,forecast,climatology
2026-07-07,Dhanmondi,15,07:30,110000.00000000001,0.0,5335.659562045702,11428.571428571431,0.0,0.0,0.0,0.0,0.0,33125.119312920244,12.537396121883663,0.0,0.0,85029.24750805688,84010.71298392159,27.87166341151447,forecast,climatology
2026-07-07,Dhanmondi,16,08:00,110000.00000000001,6443.864290829435,0.0,8506.089399503173,0.0,0.0,0.0,0.0,0.0,36185.95485106422,8.39,0.0,1.4551915228366852e-11,77981.57194926073,76963.03742512543,28.297693208622047,forecast,climatology
2026-07-07,Dhanmondi,17,08:30,110000.00000000001,8029.568734601635,0.0,0.0,0.0,0.0,0.0,0.0,0.0,40000.0,8.390000000000004,0.0,0.0,83659.23880261218,82640.70427847686,28.701607334389855,forecast,climatology
2026-07-07,Dhanmondi,18,09:00,110000.00000000001,0.0,9249.850289613685,0.0,0.0,0.0,0.0,0.0,0.0,35375.074855193154,60.0,0.0,0.0,97456.2900982192,96437.75557408386,29.080120314901226,forecast,climatology
2026-07-07,Dhanmondi,19,09:30,110000.00000000001,0.0,10000.0,0.0,0.0,0.0,0.0,0.0,3155.6091606445407,30375.074855193154,60.0,0.0,0.0,100629.90584538388,99611.37132124857,29.43015329144522,forecast,climatology
2026-07-07,Dhanmondi,20,10:00,110000.00000000001,0.0,0.0,0.0,0.0,0.0,0.0,0.0,8342.47988886654,30375.074855193154,60.0,0.0,0.0,97091.30051385333,96072.76598971798,29.748859064230974,forecast,climatology
2026-07-07,Dhanmondi,21,10:30,110000.00000000001,0.0,7892.656553688974,0.0,0.0,0.0,0.0,0.0,0.0,26428.746578348666,60.0,0.0,0.0,96398.48634301452,95379.95181887918,30.033645251767528,forecast,climatology
2026-07-07,Dhanmondi,22,11:00,110000.00000000001,0.0,10000.0,0.0,0.0,0.0,0.0,0.0,4347.68521436672,21428.746578348666,60.0,0.0,0.0,101607.91656880302,100589.38204466757,30.282195377528584,forecast,climatology
2026-07-07,Dhanmondi,23,11:30,110000.00000000001,0.0,10000.0,0.0,0.0,0.0,0.0,0.0,11406.89140974119,16428.746578348666,60.0,0.0,0.0,107399.47603880893,106380.94151467356,30.492487712381443,forecast,climatology
2026-07-07,Dhanmondi,24,12:00,110000.00000000001,9789.973376158858,0.0,0.0,0.0,0.0,0.0,0.0,0.0,21078.983932024123,51.224999999999994,0.0,0.0,82214.95627414125,120916.18411193296,30.662811719514057,forecast,climatology
2026-07-07,Dhanmondi,25,12:30,110000.00000000001,7822.222969795403,0.0,0.0,0.0,0.0,0.0,0.0,0.0,24794.53984267694,51.224999999999994,0.0,0.0,83829.35075209972,128110.55604980979,30.79178196809566,forecast,climatology
2026-07-07,Dhanmondi,26,13:00,110000.00000000001,9081.609068808932,0.0,0.0,0.0,0.0,0.0,0.0,0.0,29108.304150361182,51.224999999999994,0.0,0.0,82796.1170872557,115581.38959532134,30.878349402496085,forecast,climatology
2026-07-07,Dhanmondi,27,13:30,110000.00000000001,10000.0,0.0,2002.6079909594264,0.0,0.0,0.0,0.0,0.0,33858.30415036118,49.3,0.0,0.0,80399.65231469499,112728.30410649326,30.921809875398832,forecast,climatology
2026-07-07,Dhanmondi,28,14:00,110000.00000000001,8930.4678618529,0.0,0.0,0.0,0.0,0.0,0.0,0.0,38100.27638474131,51.224999999999994,0.0,0.0,82920.11733094147,112452.65851676084,30.921809875398832,forecast,climatology
2026-07-07,Dhanmondi,29,14:30,110000.00000000001,0.0,8804.008663098559,0.0,0.0,0.0,0.0,0.0,13576.429525125312,33698.27205319203,60.0,0.0,0.0,108247.26071125561,107228.72618712022,30.878349402496085,forecast,climatology
2026-07-07,Dhanmondi,30,15:00,110000.00000000001,0.0,10000.0,0.0,0.0,0.0,0.0,0.0,16497.781228860462,28698.272053192028,60.0,0.0,0.0,111576.17669418805,110557.64217005273,30.79178196809566,forecast,climatology
2026-07-07,Dhanmondi,31,15:30,110000.00000000001,0.0,0.0,0.0,0.0,0.0,0.0,0.0,19314.20761940183,28698.272053192028,60.0,0.0,0.0,106092.79613268728,105074.26160855195,30.662811719514057,forecast,climatology
2026-07-07,Dhanmondi,32,16:00,110000.00000000001,0.0,10000.0,0.0,0.0,0.0,0.0,0.0,1634.3522004745028,23698.272053192028,60.0,0.0,0.0,99381.82639988505,98363.29187574968,30.492487712381447,forecast,climatology
2026-07-07,Dhanmondi,33,16:30,110000.00000000001,0.0,0.0,0.0,0.0,0.0,0.0,0.0,17292.749083561837,23698.272053192028,60.0,0.0,0.0,104434.3380847924,103415.80356065702,30.282195377528584,forecast,climatology
2026-07-07,Dhanmondi,34,17:00,110000.00000000001,0.0,10000.0,0.0,0.0,0.0,0.0,0.0,28338.87895883777,18698.272053192028,60.0,0.0,0.0,121290.92645433155,120272.39193019607,30.033645251767528,forecast,climatology
2026-07-07,Dhanmondi,35,17:30,110000.00000000001,0.0,10000.0,0.0,0.0,0.0,0.0,0.0,24288.183339044306,13698.272053192028,60.0,0.0,0.0,117967.6286319363,116949.09410780086,29.748859064230974,forecast,climatology
2026-07-07,Dhanmondi,36,18:00,110000.00000000001,5600.000000000013,10000.0,0.0,19600.0,0.0,0.0,0.0,1412.7923920348821,11358.272053192035,51.224999999999994,8.775000000000006,0.0,110686.0231558362,109667.48863170086,29.43015329144522,forecast,climatology
2026-07-07,Dhanmondi,37,18:30,110000.00000000001,5600.000000000015,0.0,0.0,19600.0,0.0,0.0,0.0,30002.185824427303,14018.272053192042,51.224999999999994,8.775000000000006,0.0,126347.46641874651,125328.93189461119,29.079951276460207,forecast,climatology
2026-07-07,Dhanmondi,38,19:00,110000.00000000001,3659.0339371286627,10000.0,0.0,17659.03393712865,0.0,0.0,0.0,13788.087685821445,10756.313173328155,51.224999999999994,8.775000000000006,0.0,120839.0427261971,119820.50820206177,28.73450799614474,forecast,climatology
2026-07-07,Dhanmondi,39,19:30,110000.00000000001,4723.551214045978,10000.0,0.0,18723.551214045965,0.0,0.0,0.0,7712.300820779359,7999.999999999995,51.224999999999994,8.775000000000006,0.0,115854.30648502741,114835.77196089212,28.423148154350518,forecast,climatology
2026-07-07,Dhanmondi,40,20:00,110000.00000000001,2529.7854313762855,2403.296159807471,0.0,16529.785431376273,0.0,0.0,0.0,8050.66542240872,7999.999999999995,51.224999999999994,8.775000000000006,0.0,110210.99983726372,109192.4653131284,28.142508881258884,forecast,climatology
2026-07-07,Dhanmondi,41,20:30,110000.00000000001,0.0,0.0,0.0,13999.999999999987,0.0,0.0,0.0,654.3421207507909,7999.999999999995,51.22499999999999,8.775000000000013,0.0,102269.71922988335,101251.184705748,27.889559107301032,forecast,climatology
2026-07-07,Dhanmondi,42,21:00,110000.00000000001,0.0,-0.0,0.0,0.0,0.0,0.0,0.0,9143.086675860526,7999.999999999995,60.0,0.0,0.0,97748.13949696785,96729.60497283259,27.661566825820042,forecast,climatology
2026-07-07,Dhanmondi,43,21:30,110000.00000000001,0.0,0.0,659.1166576787073,0.0,-1.8189894035458565e-12,0.0,0.0,0.0,7999.999999999995,37.87173407202215,0.0,0.0,89706.15262591127,88687.61810177592,27.456069585788637,forecast,climatology
2026-07-07,Dhanmondi,44,22:00,100740.82203736725,1.9147256879430067e-12,0.0,2149.970684142651,0.0,0.0,0.0,0.0,0.0,7999.999999999996,8.39,0.0,0.0,80886.54205693319,79868.00753279783,27.270847895886618,forecast,climatology
2026-07-07,Dhanmondi,45,22:30,81006.5352497169,0.0,0.0,0.0,0.0,0.0,0.0,0.0,0.0,7999.999999999996,8.39,0.0,0.0,66459.90404208384,65441.36951794856,27.103901252686367,forecast,climatology
2026-07-07,Dhanmondi,46,23:00,74321.76743181521,0.0,0.0,0.0,0.0,0.0,0.0,0.0,0.0,7999.999999999996,8.39,0.0,0.0,60975.543720391084,59957.009196255756,26.953426534036645,forecast,climatology
2026-07-07,Dhanmondi,47,23:30,73702.60350144375,0.0,0.0,0.0,0.0,0.0,0.0,0.0,0.0,7999.999999999996,8.39,0.0,0.0,60467.56525579,59449.030731654646,26.81779852428054,forecast,climatology
2026-07-07,Kalyanpur,0,00:00,57521.1008233863,2323.459231784331,0.0,0.0,0.0,0.0,0.0,0.0,0.0,7103.643135097553,8.39,0.0,0.0,55894.31362701475,52082.01887739649,26.695552360968403,forecast,climatology
2026-07-07,Kalyanpur,1,00:30,61755.13178421277,8000.0,0.0,0.0,0.0,0.0,0.0,0.0,0.0,10903.643135097553,8.39,0.0,0.0,54433.59731270524,50621.30256308708,26.58536771347994,forecast,climatology
2026-07-07,Kalyanpur,2,01:00,69014.24241646631,8000.0,0.0,0.0,0.0,0.0,0.0,0.0,0.0,14703.643135097554,8.39,0.0,-7.275957614183426e-12,61784.3281525191,57972.03340290088,26.486054522675275,forecast,climatology
2026-07-07,Kalyanpur,3,01:30,59031.23469500043,0.0,0.0,0.0,0.0,0.0,0.0,0.0,0.0,14703.643135097554,8.39,0.0,0.0,59776.29207865056,55963.99732903228,26.39654014755476,forecast,climatology
2026-07-07,Kalyanpur,4,02:00,68517.4912749055,8000.0,0.0,0.0,0.0,0.0,0.0,0.0,0.0,18503.643135097554,8.39,0.0,0.0,61281.30731140394,57469.01256178576,26.31585778010393,forecast,climatology
2026-07-07,Kalyanpur,5,02:30,51545.43459058168,0.0,0.0,0.0,0.0,0.0,0.0,0.0,0.0,18503.643135097554,8.39,0.0,0.0,52196.01062602451,48383.715876406226,26.243136003197076,forecast,climatology
2026-07-07,Kalyanpur,6,03:00,49569.83037167246,0.0,0.0,0.0,0.0,0.0,0.0,0.0,0.0,18503.643135097554,8.39,0.0,0.0,50195.4714973497,46383.17674773146,26.177589378778634,forecast,climatology
2026-07-07,Kalyanpur,7,03:30,52533.5928155802,8000.0,0.0,0.0,0.0,0.0,0.0,0.0,0.0,22303.643135097554,8.39,0.0,0.0,45095.669524955316,41283.374775337055,26.118509964669222,forecast,climatology
2026-07-07,Kalyanpur,8,04:00,53076.67250810927,0.0,0.0,0.0,0.0,0.0,0.0,0.0,0.0,22303.643135097554,8.39,0.0,0.0,53746.57492428039,49934.28017466215,26.065259668372814,forecast,climatology
2026-07-07,Kalyanpur,9,04:30,51310.54269134957,0.0,0.0,0.0,0.0,0.0,0.0,0.0,0.0,22303.643135097554,8.39,0.0,0.0,51958.15405995475,48145.85931033652,26.01726335530167,forecast,climatology
2026-07-07,Kalyanpur,10,05:00,73452.08363560837,8000.0,0.0,0.0,0.0,0.0,0.0,0.0,0.0,26103.643135097554,8.39,0.0,0.0,66278.18118277904,62465.88643316077,25.974002636983773,forecast,climatology
2026-07-07,Kalyanpur,11,05:30,70427.24685033287,0.0,0.0,0.0,0.0,0.0,0.0,0.0,0.0,26103.643135097554,8.39,0.0,0.0,71316.13796953614,67503.84321991788,26.017792830443042,forecast,climatology
2026-07-07,Kalyanpur,12,06:00,88000.0,7348.8864623963245,0.0,0.0,0.0,0.0,0.0,0.0,0.0,29594.364204735808,8.389999999999993,0.0,0.0,81669.04426446826,77856.74951484999,26.49626273478432,forecast,climatology
2026-07-07,Kalyanpur,13,06:30,88000.0,853.9700952930368,0.0,0.0,0.0,0.0,0.0,0.0,0.0,30000.0,8.389999999999993,0.0,0.0,88245.93563040912,84433.6408807908,26.967269965680472,forecast,climatology
2026-07-07,Kalyanpur,14,07:00,88000.0,0.0,0.0,0.0,10004.73704273448,0.0,0.0,0.0,0.0,30000.0,18.255102040816332,0.0,1.4551915228366852e-11,99241.69495736476,95429.40020774647,27.426983307848467,forecast,climatology
2026-07-07,Kalyanpur,15,07:30,88000.0,0.0,3202.936660546699,0.0,11200.000000000002,0.0,0.0,0.0,0.0,28398.53166972665,22.487138899881288,0.9811182090564756,0.0,103533.23794163326,99720.94319201502,27.87166341151447,forecast,climatology
2026-07-07,Kalyanpur,16,08:00,88000.0,2458.6316253035066,0.0,0.0,8335.96761151311,0.0,0.0,0.0,0.0,29566.381691745817,18.255102040816325,0.0,1.4551915228366852e-11,95062.2002821253,91249.90553250707,28.297693208622047,forecast,climatology
2026-07-07,Kalyanpur,17,08:30,88000.0,912.8806489561764,0.0,0.0,0.0,0.0,0.0,0.0,0.0,30000.0,18.25510204081633,0.0,0.0,88186.281542527,84373.98679290873,28.701607334389855,forecast,climatology
2026-07-07,Kalyanpur,18,09:00,88000.0,0.0,1522.7678334779998,0.0,0.0,0.0,0.0,0.0,8854.628258211189,29238.616083261,60.0,0.0,1.4551915228366852e-11,99541.95812327265,95729.66337365434,29.080120314901226,forecast,climatology
2026-07-07,Kalyanpur,19,09:30,88000.0,1602.9135089242125,0.0,0.0,0.0,0.0,0.0,0.0,0.0,30000.0,51.224999999999994,0.0,0.0,87487.53949529666,83675.24474567844,29.43015329144522,forecast,climatology
2026-07-07,Kalyanpur,20,10:00,88000.0,0.0,0.0,0.0,0.0,0.0,0.0,0.0,10232.800395281993,30000.0,60.0,0.0,0.0,99472.63679086615,95660.3420412479,29.748859064230974,forecast,climatology
2026-07-07,Kalyanpur,21,10:30,88000.0,0.0,0.0,0.0,0.0,0.0,0.0,0.0,10112.925756993915,30000.0,60.0,0.0,0.0,99351.24916568515,95538.95441606686,30.033645251767528,forecast,climatology
2026-07-07,Kalyanpur,22,11:00,88000.0,0.0,0.0,0.0,0.0,0.0,0.0,0.0,15724.802191625371,30000.0,60.0,0.0,1.4551915228366852e-11,105033.95539060222,101221.66064098403,30.282195377528584,forecast,climatology
2026-07-07,Kalyanpur,23,11:30,88000.0,0.0,0.0,0.0,0.0,0.0,0.0,0.0,18120.741878604887,30000.0,60.0,0.0,1.4551915228366852e-11,107460.1352133978,103647.84046377958,30.492487712381443,forecast,climatology
2026-07-07,Kalyanpur,24,12:00,88000.0,0.0,0.0,0.0,0.0,0.0,0.0,0.0,28358.561838577014,30000.0,60.0,0.0,0.0,117827.17089099929,114014.876141381,30.662811719514057,forecast,climatology
2026-07-07,Kalyanpur,25,12:30,88000.0,0.0,0.0,0.0,0.0,0.0,0.0,0.0,34797.86583229999,30000.0,60.0,0.0,0.0,124347.74797702463,120535.45322740637,30.79178196809566,forecast,climatology
2026-07-07,Kalyanpur,26,13:00,88000.0,0.0,8000.0,0.0,0.0,0.0,0.0,0.0,27271.260083237714,26000.0,60.0,0.0,1.4551915228366852e-11,124422.068566855,120609.77381723672,30.878349402496085,forecast,climatology
2026-07-07,Kalyanpur,27,13:30,88000.0,0.0,8000.0,0.0,1962.5558311402378,0.0,0.0,0.0,22112.16735236668,22000.0,60.0,0.0,1.4551915228366852e-11,121185.18686607851,117372.89211646019,30.921809875398832,forecast,climatology
2026-07-07,Kalyanpur,28,14:00,88000.0,0.0,0.0,0.0,0.0,0.0,0.0,0.0,14731.271173034482,22000.0,60.0,0.0,0.0,104027.88461022072,100215.58986060244,30.921809875398832,forecast,climatology
2026-07-07,Kalyanpur,29,14:30,88000.0,0.0,8000.0,0.0,0.0,0.0,0.0,0.0,12051.458680676085,18000.0,60.0,0.0,1.4551915228366852e-11,109010.17181898584,105197.87706936756,30.878349402496085,forecast,climatology
2026-07-07,Kalyanpur,30,15:00,88000.0,0.0,8000.0,0.0,0.0,0.0,0.0,0.0,6132.901144765426,14000.0,60.0,0.0,0.0,103016.91374503834,99204.61899542018,30.79178196809566,forecast,climatology
2026-07-07,Kalyanpur,31,15:30,88000.0,0.0,0.0,0.0,0.0,0.0,0.0,0.0,8088.177309915619,14000.0,60.0,0.0,0.0,97300.94553941516,93488.650789797,30.662811719514057,forecast,climatology
2026-07-07,Kalyanpur,32,16:00,88000.0,0.0,0.0,0.0,0.0,0.0,0.0,0.0,13047.675648225377,14000.0,60.0,0.0,1.4551915228366852e-11,102323.03973693834,98510.74498732011,30.492487712381447,forecast,climatology
2026-07-07,Kalyanpur,33,16:30,88000.0,0.0,8000.0,0.0,0.0,0.0,0.0,0.0,8885.385180415811,10000.0,60.0,0.0,1.4551915228366852e-11,105804.13800871784,101991.84325909961,30.282195377528584,forecast,climatology
2026-07-07,Kalyanpur,34,17:00,88000.0,0.0,0.0,0.0,0.0,0.0,0.0,0.0,36705.56037780985,10000.0,60.0,0.0,1.4551915228366852e-11,126279.5203165063,122467.22556688792,30.033645251767528,forecast,climatology
2026-07-07,Kalyanpur,35,17:30,88000.0,0.0,8000.0,0.0,0.0,0.0,0.0,0.0,21402.7705552896,5999.999999999999,60.0,0.0,1.4551915228366852e-11,118479.51042969912,114667.21568008093,29.748859064230974,forecast,climatology
2026-07-07,Kalyanpur,36,18:00,88000.0,3411.8286561581626,0.0,20000.0,0.0,0.0,0.0,0.0,0.0,7620.618611675126,40.70049999999999,0.0,-1.4551915228366852e-11,65403.36510024584,116720.89673539675,29.43015329144522,forecast,climatology
2026-07-07,Kalyanpur,37,18:30,88000.0,1690.8375753809814,0.0,20000.0,0.0,0.0,0.0,0.0,0.0,8423.766459981092,40.70049999999999,0.0,0.0,67146.07751411994,133415.7381586025,29.079951276460207,forecast,climatology
2026-07-07,Kalyanpur,38,19:00,88000.0,2692.202170418886,0.0,18019.422384825153,0.0,0.0,0.0,0.0,0.0,9702.562490930064,40.70049999999999,0.0,1.4551915228366852e-11,68137.64958272659,113828.82102253132,28.73450799614474,forecast,climatology
2026-07-07,Kalyanpur,39,19:30,88000.0,0.0,0.0,19105.664504128537,0.0,0.0,0.0,0.0,0.0,9702.562490930064,40.70049999999999,0.0,0.0,69763.87911321364,120264.48207011743,28.423148154350518,forecast,climatology
2026-07-07,Kalyanpur,40,20:00,88000.0,0.0,0.0,16867.12799120028,0.0,0.0,0.0,0.0,0.0,9702.562490930064,40.70049999999999,0.0,0.0,72030.66911204896,124271.47319841446,28.142508881258884,forecast,climatology
2026-07-07,Kalyanpur,41,20:30,88000.0,5791.902881948294,0.0,14285.714285714274,0.0,0.0,0.0,0.0,0.0,12453.716359855502,40.70049999999999,0.0,0.0,68779.65903714341,110962.71007940189,27.889559107301032,forecast,climatology
2026-07-07,Kalyanpur,42,21:00,88000.0,0.0,8000.0,0.0,0.0,0.0,0.0,0.0,5488.593089923342,8453.716359855502,60.0,0.0,0.0,102364.4736144219,98552.17886480354,27.661566825820042,forecast,climatology
2026-07-07,Kalyanpur,43,21:30,88000.0,0.0,4907.432719711011,0.0,645.9343245251331,-2.2737367544323206e-13,0.0,0.0,0.0,5999.999999999997,48.338504155124646,0.0,1.4551915228366852e-11,94485.67382361315,90673.37907399496,27.456069585788637,forecast,climatology
2026-07-07,Kalyanpur,44,22:00,88000.0,0.0,0.0,0.0,2106.971270459798,0.0,0.0,0.0,0.0,5999.999999999997,18.25510204081633,0.0,0.0,91244.2482495078,87431.95349988955,27.270847895886618,forecast,climatology
2026-07-07,Kalyanpur,45,22:30,81211.28741251597,0.0,0.0,0.0,0.0,0.0,0.0,0.0,0.0,5999.999999999997,8.39,0.0,0.0,82236.28832322116,78423.9935736029,27.103901252686367,forecast,climatology
2026-07-07,Kalyanpur,46,23:00,67966.69049953326,0.0,0.0,0.0,0.0,0.0,0.0,0.0,0.0,5999.999999999997,8.39,0.0,-7.275957614183426e-12,68824.52592954882,65012.23117993063,26.953426534036645,forecast,climatology
2026-07-07,Kalyanpur,47,23:30,69265.18490525964,-0.0,0.0,0.0,0.0,0.0,0.0,0.0,0.0,5999.999999999997,8.39,0.0,-7.275957614183426e-12,70139.40916484337,66327.11441522518,26.81779852428054,forecast,climatology
2026-07-08,Dhanmondi,0,00:00,71091.82006227819,10000.0,0.0,0.0,0.0,0.0,0.0,0.0,0.0,12749.999999999996,8.39,0.0,-7.275957614183426e-12,48235.288456589566,47216.75393245421,26.717038685150953,forecast,climatology
2026-07-08,Dhanmondi,1,00:30,64726.854933291936,3757.3736496576544,0.0,0.0,0.0,0.0,0.0,0.0,0.0,14534.752483587381,8.39,0.0,0.0,48138.69538944407,47120.160865308724,26.60523879200427,forecast,climatology
2026-07-08,Dhanmondi,2,01:00,68493.72089985463,0.0,0.0,0.0,0.0,0.0,0.0,0.0,0.0,14534.752483587381,8.39,0.0,0.0,54079.48857476587,53060.9540506305,26.50446200132504,forecast,climatology
2026-07-08,Dhanmondi,3,01:30,66864.8562140205,0.0,0.0,0.0,0.0,0.0,0.0,0.0,0.0,14534.752483587381,8.39,0.0,0.0,52793.41201168642,51774.877487551086,26.413621471394666,forecast,climatology
2026-07-08,Dhanmondi,4,02:00,75232.58285861574,10000.0,0.0,0.0,0.0,0.0,0.0,0.0,0.0,19284.75248358738,8.39,0.0,0.0,51504.64412004904,50486.10959591368,26.33173751952029,forecast,climatology
2026-07-08,Dhanmondi,5,02:30,59121.03814297741,0.0,0.0,0.0,0.0,0.0,0.0,0.0,0.0,19284.75248358738,8.39,0.0,0.0,46679.249787818626,45660.715263683225,26.257927056506652,forecast,climatology
2026-07-08,Dhanmondi,6,03:00,62635.3928394217,0.0,0.0,0.0,0.0,0.0,0.0,0.0,0.0,19284.75248358738,8.39,0.0,0.0,49454.022455402446,48435.487931267075,26.191394062854304,forecast,climatology
2026-07-08,Dhanmondi,7,03:30,53559.96691222992,0.0,0.0,0.0,0.0,0.0,0.0,0.0,0.0,19284.75248358738,8.39,0.0,0.0,42288.483975484014,41269.94945134864,26.131421003973397,forecast,climatology
2026-07-08,Dhanmondi,8,04:00,78943.09235118667,10000.0,0.0,0.0,0.0,0.0,0.0,0.0,0.0,24034.75248358738,8.39,0.0,0.0,54434.291583696686,53415.757059561336,26.07736109182926,forecast,climatology
2026-07-08,Dhanmondi,9,04:30,66477.73932625217,10000.0,0.0,0.0,0.0,0.0,0.0,0.0,0.0,28784.75248358738,8.39,0.0,7.275957614183426e-12,44592.222739488265,43573.688215352886,26.02863130956427,forecast,climatology
2026-07-08,Dhanmondi,10,05:00,83433.56473680229,0.0,0.0,0.0,0.0,0.0,0.0,0.0,0.0,28784.75248358738,8.39,0.0,0.0,65875.30143869674,64856.76691456139,25.984706123869145,forecast,climatology
2026-07-08,Dhanmondi,11,05:30,88395.24650640004,10000.0,0.0,0.0,0.0,0.0,0.0,0.0,0.0,33534.75248358738,8.39,0.0,0.0,61897.27732791065,60878.74280377533,26.02506207285051,forecast,climatology
2026-07-08,Dhanmondi,12,06:00,92919.94176605459,10000.0,0.0,0.0,0.0,0.0,0.0,0.0,0.0,38284.75248358738,8.39,0.0,0.0,65469.76838817225,64451.233864036956,26.51094700250795,forecast,climatology
2026-07-08,Dhanmondi,13,06:30,88839.3787971482,0.0,0.0,0.0,0.0,0.0,0.0,0.0,0.0,38284.75248358738,8.39,0.0,0.0,70143.48333731522,69124.94881317986,26.989278188641844,forecast,climatology
2026-07-08,Dhanmondi,14,07:00,110000.00000000001,3611.0474029739325,0.0,7705.319094921355,0.0,0.0,0.0,0.0,0.0,40000.0,8.39,0.0,0.0,77916.05362331512,76897.51909917979,27.45616134774547,forecast,climatology
2026-07-08,Dhanmondi,15,07:30,110000.00000000001,0.0,7279.984413372404,9150.772662950958,0.0,0.0,0.0,0.0,0.0,36360.007793313795,12.537396121883658,0.0,0.0,85086.45030806542,84067.91578393008,27.907795399231226,forecast,climatology
2026-07-08,Dhanmondi,16,08:00,106242.54211705439,3740.7125259020972,0.0,3644.2195916077735,0.0,0.0,0.0,0.0,0.0,38136.846243117296,8.39,0.0,0.0,78053.4174558235,77034.88293168829,28.340503411532115,forecast,climatology
2026-07-08,Dhanmondi,17,08:30,110000.00000000001,3922.428961858328,0.0,0.0,0.0,0.0,0.0,0.0,0.0,40000.0,8.390000000000004,0.0,0.0,83753.96628522592,82735.43176109054,28.750762537456957,forecast,climatology
2026-07-08,Dhanmondi,18,09:00,110000.00000000001,0.0,10000.0,0.0,0.0,0.0,0.0,0.0,4126.842803445514,35000.0,60.0,0.0,0.0,97610.06330344501,96591.5287793097,29.135232695083676,forecast,climatology
2026-07-08,Dhanmondi,19,09:30,110000.00000000001,0.0,10000.0,0.0,0.0,0.0,0.0,0.0,8195.139504076724,30000.0,60.0,0.0,0.0,100822.20307407051,99803.66854993514,29.490783760688227,forecast,climatology
2026-07-08,Dhanmondi,20,10:00,110000.00000000001,0.0,10000.0,0.0,0.0,0.0,0.0,0.0,3722.164027892766,25000.0,60.0,0.0,0.0,97290.5475736608,96272.01304952546,29.8145210523207,forecast,climatology
2026-07-08,Dhanmondi,21,10:30,110000.00000000001,0.0,10000.0,0.0,0.0,0.0,0.0,0.0,2850.703673196418,20000.0,60.0,0.0,0.0,96602.48259958718,95583.94807545186,30.103808896556785,forecast,climatology
2026-07-08,Dhanmondi,22,11:00,110000.00000000001,0.0,3886.4432766757955,0.0,0.0,0.0,0.0,0.0,15248.704600820862,18056.7783616621,60.0,0.0,0.0,101805.73955382394,100787.20502968859,30.35629208655829,forecast,climatology
2026-07-08,Dhanmondi,23,11:30,110000.00000000001,0.0,0.0,0.0,0.0,0.0,0.0,0.0,26324.530272788805,18056.7783616621,60.0,0.0,0.0,107635.57272829152,106617.0382041562,30.569915056744193,forecast,climatology
2026-07-08,Dhanmondi,24,12:00,110000.00000000001,5607.257687979989,0.0,0.0,0.0,0.0,0.0,0.0,0.0,20720.225763452596,51.224999999999994,0.0,0.0,82423.7030925173,121209.22168837422,30.742938617963617,forecast,climatology
2026-07-08,Dhanmondi,25,12:30,110000.00000000001,3548.419637471932,0.0,0.0,0.0,0.0,0.0,0.0,0.0,22405.725091251763,51.224999999999994,0.0,0.0,84049.26682838921,128421.8813226704,30.873954116923066,forecast,climatology
2026-07-08,Dhanmondi,26,13:00,110000.00000000001,4857.488657905371,0.0,0.0,0.0,0.0,0.0,0.0,0.0,24713.032203756815,51.224999999999994,0.0,0.0,83015.68619933253,115890.61174559021,30.961894904590416,forecast,climatology
2026-07-08,Dhanmondi,27,13:30,110000.00000000001,7904.989012373117,0.0,0.0,0.0,0.0,0.0,0.0,0.0,28467.901984634045,51.224999999999994,0.0,0.0,80609.52022622102,113028.45254194089,31.006045020206873,forecast,climatology
2026-07-08,Dhanmondi,28,14:00,110000.00000000001,4699.9249480155995,0.0,0.0,0.0,0.0,0.0,0.0,0.0,30700.366334941456,51.224999999999994,0.0,0.0,83140.09125043565,112768.56931786262,31.006045020206873,forecast,climatology
2026-07-08,Dhanmondi,29,14:30,110000.00000000001,0.0,0.0,0.0,0.0,0.0,0.0,0.0,27475.74373202803,30700.366334941456,60.0,0.0,0.0,108544.51787389211,107525.98334975677,30.961894904590416,forecast,climatology
2026-07-08,Dhanmondi,30,15:00,110000.00000000001,0.0,10000.0,0.0,0.0,0.0,0.0,0.0,22208.201617246494,25700.366334941456,60.0,0.0,0.0,111886.27175789412,110867.73723375895,30.873954116923066,forecast,climatology
2026-07-08,Dhanmondi,31,15:30,110000.00000000001,0.0,0.0,0.0,0.0,0.0,0.0,0.0,24725.581097757677,25700.366334941456,60.0,0.0,0.0,106373.11607523335,105354.58155109808,30.742938617963617,forecast,climatology
2026-07-08,Dhanmondi,32,16:00,110000.00000000001,0.0,10000.0,0.0,0.0,0.0,0.0,0.0,6680.546343226699,20700.366334941456,60.0,0.0,0.0,99626.35004606278,98607.81552192742,30.569915056744193,forecast,climatology
2026-07-08,Dhanmondi,33,16:30,110000.00000000001,0.0,0.0,0.0,0.0,0.0,0.0,0.0,22589.754215213034,20700.366334941456,60.0,0.0,0.0,104686.7655021477,103668.23097801223,30.35629208655829,forecast,climatology
2026-07-08,Dhanmondi,34,17:00,110000.00000000001,0.0,10000.0,0.0,0.0,0.0,0.0,0.0,34415.85342752171,15700.366334941456,60.0,0.0,0.0,121524.87158755977,120506.3370634245,30.103808896556785,forecast,climatology
2026-07-08,Dhanmondi,35,17:30,110000.00000000001,0.0,0.0,0.0,0.0,0.0,0.0,0.0,39662.52448313279,15700.366334941456,60.0,0.0,0.0,118166.63887613924,117148.10435200394,29.8145210523207,forecast,climatology
2026-07-08,Dhanmondi,36,18:00,110000.00000000001,5600.000000000009,10000.0,0.0,19600.0,0.0,0.0,0.0,6922.2275156512715,13360.36633494146,51.224999999999994,8.775000000000006,0.0,110870.92581346318,109852.39128932783,29.490783760688227,forecast,climatology
2026-07-08,Dhanmondi,37,18:30,110000.00000000001,5600.000000000007,0.0,0.0,19600.0,0.0,0.0,0.0,36245.505360154704,16020.366334941464,51.224999999999994,8.775000000000006,0.0,126522.47333668306,125503.93881254768,29.135090868665223,forecast,climatology
2026-07-08,Dhanmondi,38,19:00,110000.00000000001,5600.000000000011,0.0,0.0,19600.0,0.0,0.0,0.0,29272.215293625788,18680.36633494147,51.224999999999994,8.775000000000006,0.0,121016.68455010571,119998.15002597033,28.78487896777564,forecast,climatology
2026-07-08,Dhanmondi,39,19:30,110000.00000000001,5600.000000000009,10000.0,0.0,19600.0,0.0,0.0,0.0,13417.063119743378,16340.366334941473,51.224999999999994,8.775000000000006,0.0,115998.94898452188,114980.41446038651,28.469196810700435,forecast,climatology
2026-07-08,Dhanmondi,40,20:00,110000.00000000001,4190.816889055333,10000.0,0.0,18190.816889055324,0.0,0.0,0.0,6252.089732981267,13331.004357242757,51.224999999999994,8.775000000000006,0.0,110341.8158733797,109323.28134924428,28.18463987804761,forecast,climatology
2026-07-08,Dhanmondi,41,20:30,110000.00000000001,5600.000000000008,5982.008714485512,0.0,19600.0,0.0,0.0,0.0,0.0,13000.000000000004,51.224999999999994,8.77500000000001,0.0,102391.65378177846,101373.11925764309,27.928139324861466,forecast,climatology
2026-07-08,Dhanmondi,42,21:00,110000.00000000001,0.0,10000.0,0.0,0.0,0.0,0.0,0.0,4444.017848996562,8000.000000000004,60.0,0.0,0.0,97860.49011668762,96841.95559255229,27.696928884225084,forecast,climatology
2026-07-08,Dhanmondi,43,21:30,110000.00000000001,0.0,3940.0431931626795,0.0,0.0,1970.0215965813363,0.0,0.0,0.0,6029.978403418664,38.853185595567865,0.0,0.0,89806.26847567839,88787.73395154311,27.488515034058942,forecast,climatology
2026-07-08,Dhanmondi,44,22:00,106696.14847917248,4147.41388753966,0.0,0.0,0.0,0.0,0.0,0.0,0.0,8000.000000000003,8.39,0.0,0.0,80967.75949453023,79949.2249703948,27.300650105375265,forecast,climatology
2026-07-08,Dhanmondi,45,22:30,84242.67965700327,0.0,0.0,0.0,0.0,0.0,0.0,0.0,0.0,8000.000000000003,8.39,0.0,0.0,66514.1413280737,65495.60680393839,27.131308041970225,forecast,climatology
2026-07-08,Dhanmondi,46,23:00,77292.75471335484,2.8720885319145103e-12,0.0,0.0,0.0,0.0,0.0,0.0,0.0,8000.000000000004,8.39,0.0,0.0,61026.80056679362,60008.266042658266,26.97866255013092,forecast,climatology
2026-07-08,Dhanmondi,47,23:30,76644.7520970505,0.0,0.0,0.0,0.0,0.0,0.0,0.0,0.0,8000.000000000004,8.39,0.0,0.0,60515.167534970395,59496.633010835016,26.8410674027095,forecast,climatology
2026-07-08,Kalyanpur,0,00:00,61819.62832626704,8000.0,0.0,0.0,0.0,0.0,0.0,0.0,0.0,9799.999999999996,8.39,0.0,0.0,55897.3470891584,52115.73872528403,26.717038685150953,forecast,climatology
2026-07-08,Kalyanpur,1,00:30,60407.5708006425,8000.0,0.0,0.0,0.0,0.0,0.0,0.0,0.0,13599.999999999996,8.39,0.0,0.0,54430.77676761682,50649.16840374261,26.60523879200427,forecast,climatology
2026-07-08,Kalyanpur,2,01:00,59492.9106956927,0.0,0.0,0.0,0.0,0.0,0.0,0.0,0.0,13599.999999999996,8.39,0.0,0.0,61789.64779060736,58008.03942673305,26.50446200132504,forecast,climatology
2026-07-08,Kalyanpur,3,01:30,65554.59586933693,8000.0,0.0,0.0,0.0,0.0,0.0,0.0,0.0,17399.999999999996,8.39,0.0,7.275957614183426e-12,59776.50388779095,55994.895523916624,26.413621471394666,forecast,climatology
2026-07-08,Kalyanpur,4,02:00,66491.74757416711,7488.556085372538,0.0,0.0,0.0,0.0,0.0,0.0,0.0,20957.064140551953,8.39,0.0,0.0,61281.02286443239,57499.41450055807,26.33173751952029,forecast,climatology
2026-07-08,Kalyanpur,5,02:30,58247.52893497581,8000.0,0.0,0.0,0.0,0.0,0.0,0.0,0.0,24757.064140551953,8.39,0.0,0.0,52187.34600365243,48405.73763977808,26.257927056506652,forecast,climatology
2026-07-08,Kalyanpur,6,03:00,48317.429766273744,0.0,0.0,0.0,0.0,0.0,0.0,0.0,0.0,24757.064140551953,8.39,0.0,0.0,50182.73492578695,46401.12656191265,26.191394062854304,forecast,climatology
2026-07-08,Kalyanpur,7,03:30,43400.8246249218,0.0,0.0,0.0,0.0,0.0,0.0,0.0,0.0,24757.064140551953,8.39,0.0,0.0,45076.3231456751,41294.71478180082,26.131421003973397,forecast,climatology
2026-07-08,Kalyanpur,8,04:00,51737.48786698476,0.0,0.0,0.0,0.0,0.0,0.0,0.0,0.0,24757.064140551953,8.39,0.0,0.0,53734.825132757534,49953.21676888326,26.07736109182926,forecast,climatology
2026-07-08,Kalyanpur,9,04:30,50012.38508987888,0.0,0.0,0.0,0.0,0.0,0.0,0.0,0.0,24757.064140551953,8.39,0.0,0.0,51943.12437793653,48161.51601406226,26.02863130956427,forecast,climatology
2026-07-08,Kalyanpur,10,05:00,63794.13380164872,0.0,0.0,0.0,0.0,0.0,0.0,0.0,0.0,24757.064140551953,8.39,0.0,0.0,66256.92057450708,62475.31221063277,25.984706123869145,forecast,climatology
2026-07-08,Kalyanpur,11,05:30,68645.70269969499,0.0,0.0,0.0,0.0,0.0,0.0,0.0,0.0,24757.064140551953,8.39,0.0,1.4551915228366852e-11,71295.7853726258,67514.17700875143,26.02506207285051,forecast,climatology
2026-07-08,Kalyanpur,12,06:00,86622.31355954292,8000.0,0.0,0.0,0.0,0.0,0.0,0.0,0.0,28557.064140551953,8.39,0.0,0.0,81657.54552127799,77875.93715740362,26.51094700250795,forecast,climatology
2026-07-08,Kalyanpur,13,06:30,88000.0,3037.759704101154,0.0,0.0,0.0,0.0,0.0,0.0,0.0,30000.0,8.39,0.0,0.0,88242.22654422295,84460.6181803486,26.989278188641844,forecast,climatology
2026-07-08,Kalyanpur,14,07:00,88000.0,0.0,0.0,0.0,7551.212713022927,0.0,0.0,0.0,0.0,30000.0,18.25510204081633,0.0,0.0,99239.98860473567,95458.3802408612,27.45616134774547,forecast,climatology
2026-07-08,Kalyanpur,15,07:30,88000.0,0.0,2889.687140816103,0.0,8967.75720969194,0.0,0.0,0.0,0.0,28555.15642959195,22.487138899881288,0.0,0.0,103562.40106775175,99780.7927038774,27.907795399231226,forecast,climatology
2026-07-08,Kalyanpur,16,08:00,88000.0,0.0,0.0,0.0,3571.335199775618,0.0,0.0,0.0,0.0,28555.15642959195,18.25510204081633,0.0,0.0,95106.46703186817,91324.85866799396,28.340503411532115,forecast,climatology
2026-07-08,Kalyanpur,17,08:30,88000.0,3041.7759377011607,0.0,0.0,0.0,0.0,0.0,0.0,0.0,30000.0,17.369642857142814,0.0,0.0,88238.05526302852,84456.44689915414,28.750762537456957,forecast,climatology
2026-07-08,Kalyanpur,18,09:00,88000.0,0.0,8000.0,0.0,0.0,0.0,0.0,0.0,329.1330044995339,26000.0,60.0,0.0,0.0,99632.49859340812,95850.89022953375,29.135232695083676,forecast,climatology
2026-07-08,Kalyanpur,19,09:30,88000.0,3681.17447699661,0.0,0.0,0.0,0.0,0.0,0.0,0.0,27748.557876573388,51.225,0.0,0.0,87573.97260042382,83792.36423654952,29.490783760688227,forecast,climatology
2026-07-08,Kalyanpur,20,10:00,88000.0,0.0,0.0,0.0,0.0,0.0,0.0,0.0,7911.9885990017865,27748.557876573388,60.0,0.0,0.0,99614.69232430977,95833.0839604355,29.8145210523207,forecast,climatology
2026-07-08,Kalyanpur,21,10:30,88000.0,0.0,8000.0,0.0,0.0,0.0,0.0,0.0,199.25371194585028,23748.557876573388,60.0,0.0,0.0,99497.6052817792,95715.99691790483,30.103808896556785,forecast,climatology
2026-07-08,Kalyanpur,22,11:00,88000.0,0.0,0.0,0.0,0.0,0.0,0.0,0.0,13280.753666535158,23748.557876573388,60.0,0.0,-1.4551915228366852e-11,105190.71976546555,101409.11140159113,30.35629208655829,forecast,climatology
2026-07-08,Kalyanpur,23,11:30,88000.0,0.0,0.0,0.0,0.0,0.0,0.0,0.0,15615.670860821243,23748.557876573388,60.0,0.0,0.0,107615.77695913898,103834.16859526472,30.569915056744193,forecast,climatology
2026-07-08,Kalyanpur,24,12:00,88000.0,0.0,8000.0,0.0,0.0,0.0,0.0,0.0,18034.271673904797,19748.557876573388,60.0,0.0,0.0,118021.14809254277,114239.53972866843,30.742938617963617,forecast,climatology
2026-07-08,Kalyanpur,25,12:30,88000.0,0.0,0.0,0.0,0.0,0.0,0.0,0.0,31935.165804368946,19748.557876573388,60.0,0.0,0.0,124565.28964713433,120783.68128325995,30.873954116923066,forecast,climatology
2026-07-08,Kalyanpur,26,13:00,88000.0,0.0,0.0,0.0,0.0,0.0,0.0,0.0,32046.770156331193,19748.557876573388,60.0,0.0,0.0,124681.20251001162,120899.59414613733,30.961894904590416,forecast,climatology
2026-07-08,Kalyanpur,27,13:30,88000.0,0.0,8000.0,0.0,0.0,0.0,0.0,0.0,21338.192958758744,15748.557876573388,60.0,0.0,0.0,121452.61799596096,117671.00963208663,31.006045020206873,forecast,climatology
2026-07-08,Kalyanpur,28,14:00,88000.0,0.0,3497.11575314678,0.0,0.0,0.0,0.0,0.0,9044.413394995,14000.0,60.0,0.0,0.0,104241.35118519703,100459.74282132272,31.006045020206873,forecast,climatology
2026-07-08,Kalyanpur,29,14:30,88000.0,0.0,0.0,0.0,0.0,0.0,0.0,0.0,17185.750136266426,14000.0,60.0,0.0,-1.4551915228366852e-11,109246.46949541988,105464.86113154558,30.961894904590416,forecast,climatology
2026-07-08,Kalyanpur,30,15:00,88000.0,0.0,8000.0,0.0,0.0,0.0,0.0,0.0,3788.439809311785,10000.0,60.0,0.0,-1.4551915228366852e-11,103225.35270946116,99443.74434558686,30.873954116923066,forecast,climatology
2026-07-08,Kalyanpur,31,15:30,88000.0,0.0,0.0,0.0,0.0,0.0,0.0,0.0,5858.285073013256,10000.0,60.0,0.0,0.0,97481.70511535901,93700.09675148479,30.742938617963617,forecast,climatology
2026-07-08,Kalyanpur,32,16:00,88000.0,0.0,0.0,0.0,0.0,0.0,0.0,0.0,10699.62463942184,10000.0,60.0,0.0,-1.4551915228366852e-11,102509.94567620917,98728.33731233494,30.569915056744193,forecast,climatology
2026-07-08,Kalyanpur,33,16:30,88000.0,0.0,0.0,0.0,0.0,0.0,0.0,0.0,14063.972063383706,10000.0,60.0,0.0,0.0,106004.17448332143,102222.56611944712,30.35629208655829,forecast,climatology
2026-07-08,Kalyanpur,34,17:00,88000.0,0.0,8000.0,0.0,0.0,0.0,0.0,0.0,26137.527320362606,5999.999999999999,60.0,0.0,0.0,126437.2317317002,122655.62336782595,30.103808896556785,forecast,climatology
2026-07-08,Kalyanpur,35,17:30,88000.0,0.0,0.0,0.0,0.0,0.0,0.0,0.0,26195.27206982376,5999.999999999999,60.0,0.0,0.0,118603.80603394903,114822.19767007478,29.8145210523207,forecast,climatology
2026-07-08,Kalyanpur,36,18:00,88000.0,4770.024107065066,0.0,20000.0,0.0,0.0,0.0,0.0,0.0,8265.761450855905,36.72335284573357,0.0,1.4551915228366852e-11,65670.98322381987,116874.01611410023,29.490783760688227,forecast,climatology
2026-07-08,Kalyanpur,37,18:30,88000.0,2418.4688146967083,0.0,20000.0,0.0,0.0,0.0,0.0,0.0,9414.534137836843,36.72335284573357,0.0,1.4551915228366852e-11,68113.32083306529,133567.57274270555,29.135090868665223,forecast,climatology
2026-07-08,Kalyanpur,38,19:00,88000.0,2270.8900841834547,0.0,20000.0,0.0,0.0,0.0,0.0,0.0,10493.206927823983,36.72335284573357,0.0,0.0,68266.59687340641,113970.15799236197,28.78487896777564,forecast,climatology
2026-07-08,Kalyanpur,39,19:30,88000.0,256.5844952496118,0.0,20000.0,0.0,0.0,0.0,0.0,0.0,10615.084563067549,36.72335284573357,0.0,0.0,70358.66517914971,120398.31075467094,28.469196810700435,forecast,climatology
2026-07-08,Kalyanpur,40,20:00,88000.0,0.0,0.0,18562.058050056454,0.0,0.0,0.0,0.0,0.0,10615.084563067549,40.70049999999999,0.0,0.0,72118.60919594049,124401.94368314224,28.18463987804761,forecast,climatology
2026-07-08,Kalyanpur,41,20:30,88000.0,1965.0715784888343,0.0,20000.0,0.0,0.0,0.0,0.0,0.0,11548.493562849744,36.72335284573357,0.0,0.0,68584.2215707654,111073.7424607324,27.928139324861466,forecast,climatology
2026-07-08,Kalyanpur,42,21:00,88000.0,0.0,8000.0,0.0,0.0,0.0,0.0,0.0,3011.5767836184314,7548.493562849745,60.0,0.0,0.0,102418.49871328217,98636.89034940791,27.696928884225084,forecast,climatology
2026-07-08,Kalyanpur,43,21:30,88000.0,0.0,3192.4899418159516,0.0,0.0,47.751408058230254,0.0,0.0,0.0,5952.2485919417695,43.93169290385992,0.0,0.0,94547.2095317495,90765.6011678752,27.488515034058942,forecast,climatology
2026-07-08,Kalyanpur,44,22:00,88000.0,100.52928012256592,0.0,0.0,0.0,0.0,0.0,0.0,0.0,5999.999999999988,12.97335284573357,0.0,0.0,91292.8494042443,87511.24104037003,27.300650105375265,forecast,climatology
2026-07-08,Kalyanpur,45,22:30,79211.78301917526,2.3934071099287587e-11,0.0,0.0,0.0,0.0,0.0,0.0,0.0,5999.999999999999,8.39,0.0,0.0,82269.77158095594,78488.16321708164,27.131308041970225,forecast,climatology
2026-07-08,Kalyanpur,46,23:00,66285.15182654929,-0.0,0.0,0.0,0.0,0.0,0.0,0.0,0.0,5999.999999999999,8.39,0.0,1.4551915228366852e-11,68844.10490619922,65062.496542324974,26.97866255013092,forecast,climatology
2026-07-08,Kalyanpur,47,23:30,67550.59837418683,0.0,0.0,0.0,0.0,0.0,0.0,0.0,0.0,5999.999999999999,8.39,0.0,7.275957614183426e-12,70158.40430022807,66376.79593635387,26.8410674027095,forecast,climatology
2026-07-09,Dhanmondi,0,00:00,59811.57441198049,0.0,0.0,0.0,0.0,0.0,0.0,0.0,0.0,8000.000000000004,8.39,0.0,0.0,48337.7014486698,47319.166924534446,26.785943421166074,forecast,climatology
2026-07-09,Dhanmondi,1,00:30,59692.73245368215,0.0,0.0,0.0,0.0,0.0,0.0,0.0,0.0,8000.000000000004,8.39,0.0,0.0,48241.657377663825,47223.12285352852,26.67299778257424,forecast,climatology
2026-07-09,Dhanmondi,2,01:00,77075.8716216502,10000.0,0.0,0.0,0.0,0.0,0.0,0.0,0.0,12750.000000000004,8.39,0.0,0.0,54208.46196964827,53189.9274455129,26.571179971088117,forecast,climatology
2026-07-09,Dhanmondi,3,01:30,65471.4763857605,0.0,0.0,0.0,0.0,0.0,0.0,0.0,0.0,12750.000000000004,8.39,0.0,0.0,52911.8437367971,51893.309212661785,26.47939363152624,forecast,climatology
2026-07-09,Dhanmondi,4,02:00,63868.8847950631,0.0,0.0,0.0,0.0,0.0,0.0,0.0,0.0,12750.000000000004,8.39,0.0,0.0,51616.68314928785,50598.14862515244,26.396650425723625,forecast,climatology
2026-07-09,Dhanmondi,5,02:30,67876.3020767157,10000.0,0.0,0.0,0.0,0.0,0.0,0.0,0.0,17500.000000000004,8.39,0.0,7.275957614183426e-12,46773.67947995265,45755.14495581727,26.322059390290967,forecast,climatology
2026-07-09,Dhanmondi,6,03:00,71319.61735590453,10000.0,0.0,0.0,0.0,0.0,0.0,0.0,0.0,22250.000000000004,8.39,0.0,7.275957614183426e-12,49556.4510019431,48537.91647780773,26.254817342887232,forecast,climatology
2026-07-09,Dhanmondi,7,03:30,55902.238972900515,3489.6930967664957,0.0,0.0,0.0,0.0,0.0,0.0,0.0,23907.604220964087,8.39,0.0,0.0,42358.055604331465,41339.521080196064,26.194200233702208,forecast,climatology
2026-07-09,Dhanmondi,8,04:00,67505.25646393182,0.0,0.0,0.0,0.0,0.0,0.0,0.0,0.0,23907.604220964087,8.39,0.0,0.0,54555.476347999625,53536.941823864305,26.139555349023315,forecast,climatology
2026-07-09,Dhanmondi,9,04:30,55275.11905341858,0.0,0.0,0.0,0.0,0.0,0.0,0.0,0.0,23907.604220964087,8.39,0.0,0.0,44671.49090475445,43652.95638061904,26.090294282936267,forecast,climatology
2026-07-09,Dhanmondi,10,05:00,91655.46071777695,10000.0,0.0,0.0,0.0,0.0,0.0,0.0,0.0,28657.60422096409,8.39,0.0,0.0,65991.19519313105,64972.66066899569,26.04588660148004,forecast,climatology
2026-07-09,Dhanmondi,11,05:30,76691.76479394053,0.0,0.0,0.0,0.0,0.0,0.0,0.0,0.0,28657.60422096409,8.39,0.0,0.0,61979.70320337452,60961.1686792392,26.08229352560395,forecast,climatology
2026-07-09,Dhanmondi,12,06:00,91092.22477058266,10000.0,0.0,0.0,0.0,0.0,0.0,0.0,0.0,33407.60422096409,8.39,0.0,0.0,65536.006856621,64517.47233248564,26.57358634136098,forecast,climatology
2026-07-09,Dhanmondi,13,06:30,86882.5480635396,0.0,0.0,0.0,0.0,0.0,0.0,0.0,0.0,33407.60422096409,8.39,0.0,0.0,70215.55126550664,69197.01674137129,27.05726767957609,forecast,climatology
2026-07-09,Dhanmondi,14,07:00,110000.00000000001,8100.656769609444,0.0,5345.355607217365,0.0,0.0,0.0,0.0,0.0,37255.41618652857,8.39,0.0,0.0,78031.68322003988,77013.14869590453,27.529395955974692,forecast,climatology
2026-07-09,Dhanmondi,15,07:30,110000.00000000001,0.0,358.9133195075806,4904.188013815854,0.0,0.0,0.0,0.0,0.0,37075.959526774786,12.537396121883663,0.0,0.0,85210.45677260973,84191.92224847441,27.9861237337367,forecast,climatology
2026-07-09,Dhanmondi,16,08:00,98199.28674001251,0.0,0.0,1445.5799417910935,0.0,0.0,0.0,0.0,0.0,37075.959526774786,8.39,0.0,0.0,78193.08953565621,77174.55501152096,28.4237290767766,forecast,climatology
2026-07-09,Dhanmondi,17,08:30,110000.00000000001,6155.874680474139,0.0,0.0,0.0,0.0,0.0,0.0,0.0,40000.0,8.390000000000004,0.0,0.0,83923.3271526798,82904.7926285445,28.83864588030116,forecast,climatology
2026-07-09,Dhanmondi,18,09:00,110000.00000000001,0.0,10000.0,0.0,0.0,0.0,0.0,0.0,1598.19496092615,35000.0,60.0,0.0,0.0,97867.48554175415,96848.95101761888,29.227492931477023,forecast,climatology
2026-07-09,Dhanmondi,19,09:30,110000.00000000001,0.0,10000.0,0.0,0.0,0.0,0.0,0.0,5632.267121760524,30000.000000000004,60.0,0.0,0.0,101127.6868932462,100109.15236911086,29.587101463388784,forecast,climatology
2026-07-09,Dhanmondi,20,10:00,110000.00000000001,0.0,10000.0,0.0,0.0,0.0,0.0,0.0,1259.8562395595363,25000.000000000004,60.0,0.0,0.0,97594.05157411957,96575.5170499842,29.91454097774676,forecast,climatology
2026-07-09,Dhanmondi,21,10:30,110000.00000000001,0.0,10000.0,0.0,0.0,0.0,0.0,0.0,404.67166683336836,20000.000000000004,60.0,0.0,0.0,96902.92018414455,95884.3856600092,30.207143125911674,forecast,climatology
2026-07-09,Dhanmondi,22,11:00,110000.00000000001,0.0,10000.0,0.0,0.0,0.0,0.0,0.0,6822.206030946734,15000.000000000004,60.0,0.0,0.0,102089.35547160887,101070.82094747348,30.46252345362657,forecast,climatology
2026-07-09,Dhanmondi,23,11:30,110000.00000000001,0.0,10000.0,0.0,0.0,0.0,0.0,0.0,14095.002413262511,10000.000000000004,60.0,0.0,0.0,107966.98473787554,106948.45021374019,30.67860083225524,forecast,climatology
2026-07-09,Dhanmondi,24,12:00,110000.00000000001,7654.688837203314,0.0,0.0,0.0,0.0,0.0,0.0,0.0,13635.977197671578,51.224999999999994,0.0,0.0,82712.03599461762,121613.98174889684,30.85361441817936,forecast,climatology
2026-07-09,Dhanmondi,25,12:30,110000.00000000001,5628.5380620766955,0.0,0.0,0.0,0.0,0.0,0.0,0.0,16309.532777158009,51.224999999999994,0.0,0.0,84349.50285986783,128846.91193434598,30.986138002149968,forecast,climatology
2026-07-09,Dhanmondi,26,13:00,110000.00000000001,6910.848372694367,0.0,0.0,0.0,0.0,0.0,0.0,0.0,19592.185754187834,51.224999999999994,0.0,0.0,83313.182823678,116309.58026537763,31.075091631658406,forecast,climatology
2026-07-09,Dhanmondi,27,13:30,110000.00000000001,9905.740409072954,0.0,0.0,0.0,0.0,0.0,0.0,0.0,24297.412448497485,51.224999999999994,0.0,0.0,80892.81187459848,113433.60997843333,31.1197504116146,forecast,climatology
2026-07-09,Dhanmondi,28,14:00,110000.00000000001,6757.610440221964,0.0,0.0,0.0,0.0,0.0,0.0,0.0,27507.27740760292,51.224999999999994,0.0,0.0,83437.02456339622,113195.00369238741,31.1197504116146,forecast,climatology
2026-07-09,Dhanmondi,29,14:30,110000.00000000001,0.0,0.0,0.0,0.0,0.0,0.0,0.0,24807.983092461523,27507.27740760292,60.0,0.0,0.0,108947.27489927915,107928.74037514384,31.075091631658406,forecast,climatology
2026-07-09,Dhanmondi,30,15:00,110000.00000000001,0.0,10000.0,0.0,0.0,0.0,0.0,0.0,19468.448292326313,22507.27740760292,60.0,0.0,0.0,112309.62285108904,111291.08832695367,30.986138002149968,forecast,climatology
2026-07-09,Dhanmondi,31,15:30,110000.00000000001,0.0,4334.5548152058345,0.0,0.0,0.0,0.0,0.0,17984.07317609505,20340.000000000004,60.0,0.0,0.0,106760.30982112967,105741.77529699432,30.85361441817936,forecast,climatology
2026-07-09,Dhanmondi,32,16:00,110000.00000000001,0.0,10000.0,0.0,0.0,0.0,0.0,0.0,4199.275242967953,15340.000000000004,60.0,0.0,0.0,99969.59108492767,98951.05656079238,30.67860083225524,forecast,climatology
2026-07-09,Dhanmondi,33,16:30,110000.00000000001,0.0,10000.0,0.0,0.0,0.0,0.0,0.0,10483.966439474461,10340.000000000004,60.0,0.0,0.0,105048.66699524126,104030.1324711059,30.46252345362657,forecast,climatology
2026-07-09,Dhanmondi,34,17:00,110000.00000000001,0.0,0.0,0.0,0.0,0.0,0.0,0.0,40797.44105188617,10340.000000000004,60.0,0.0,0.0,121869.4166881754,120850.88216404,30.207143125911674,forecast,climatology
2026-07-09,Dhanmondi,35,17:30,110000.00000000001,0.0,0.0,0.0,0.0,0.0,0.0,0.0,36590.83858030492,10340.000000000004,60.0,0.0,0.0,118469.7821461392,117451.24762200391,29.91454097774676,forecast,climatology
2026-07-09,Dhanmondi,36,18:00,110000.00000000001,5600.000000000002,10000.0,0.0,19600.0,0.0,0.0,0.0,4051.7099452340935,8000.000000000005,51.224999999999994,8.775000000000006,2.9103830456733704e-11,111164.66260006944,110146.12807593394,29.587101463388787,forecast,climatology
2026-07-09,Dhanmondi,37,18:30,110000.00000000001,5600.000000000015,0.0,0.0,19600.0,0.0,0.0,0.0,32917.470081696374,10660.000000000011,51.224999999999994,8.775000000000006,0.0,126815.41817715972,125796.8836530244,29.227389271682178,forecast,climatology
2026-07-09,Dhanmondi,38,19:00,110000.00000000001,5600.0,10000.0,0.0,19600.0,0.0,0.0,0.0,16630.780247806455,8320.000000000011,51.224999999999994,8.775000000000006,0.0,121330.64386315021,120312.10933901499,28.873903248784845,forecast,climatology
2026-07-09,Dhanmondi,39,19:30,110000.00000000001,5600.000000000015,0.0,0.0,19600.0,0.0,0.0,0.0,19867.943569406896,10980.000000000018,51.224999999999994,8.775000000000006,0.0,116269.23003884505,115250.6955147098,28.555243992074598,forecast,climatology
2026-07-09,Dhanmondi,40,20:00,110000.00000000001,5559.167722497596,6561.209336372747,0.0,19559.16772249758,0.0,0.0,0.0,6620.590522130483,10340.000000000002,51.224999999999994,8.775000000000006,0.0,110600.58628926954,109582.05176513412,28.267980238178957,forecast,climatology
2026-07-09,Dhanmondi,41,20:30,110000.00000000001,5600.000000000016,0.0,0.0,19600.0,0.0,0.0,0.0,3012.5608895055934,13000.000000000011,51.224999999999994,8.775000000000006,0.0,102647.27703402753,101628.7425098922,28.009018784637217,forecast,climatology
2026-07-09,Dhanmondi,42,21:00,110000.00000000001,0.0,10000.0,0.0,0.0,0.0,0.0,0.0,1898.7062108386017,8000.00000000001,60.0,0.0,0.0,98110.34862006377,97091.81409592844,27.77557118287395,forecast,climatology
2026-07-09,Dhanmondi,43,21:30,110000.00000000001,0.0,1490.5209953134336,0.0,0.0,745.2604976567195,0.0,0.0,0.0,7254.739502343293,38.853185595567865,0.0,0.0,90042.65734903702,89024.1228249017,27.565123712705436,forecast,climatology
2026-07-09,Dhanmondi,44,22:00,102008.06560224138,1568.9694687509896,0.0,0.0,0.0,0.0,0.0,0.0,0.0,8000.000000000013,8.39,0.0,0.0,81171.49716263654,80152.96263850127,27.375410315070113,forecast,climatology
2026-07-09,Dhanmondi,45,22:30,82481.49084835031,-0.0,0.0,0.0,0.0,0.0,0.0,0.0,0.0,8000.000000000013,8.39,0.0,0.0,66658.76494416669,65640.23042003142,27.20438819152774,forecast,climatology
2026-07-09,Dhanmondi,46,23:00,75692.50159287661,-0.0,0.0,0.0,0.0,0.0,0.0,0.0,0.0,8000.000000000013,8.39,0.0,0.0,61172.13231502163,60153.59779088628,27.05021580778727,forecast,climatology
2026-07-09,Dhanmondi,47,23:30,75057.20730204973,-0.0,0.0,0.0,0.0,0.0,0.0,0.0,0.0,8000.000000000013,8.39,0.0,0.0,60658.70885035049,59640.17432621515,26.91123306440945,forecast,climatology
2026-07-09,Kalyanpur,0,00:00,55004.04578878744,2526.315789473684,0.0,0.0,0.0,0.0,0.0,0.0,0.0,7199.999999999999,8.39,0.0,0.0,55756.27385958205,52223.87528682061,26.785943421166074,forecast,climatology
2026-07-09,Kalyanpur,1,00:30,59085.05123194354,8000.0,0.0,0.0,0.0,0.0,0.0,0.0,0.0,11000.0,8.39,0.0,0.0,54276.58754782782,50744.18897506637,26.67299778257424,forecast,climatology
2026-07-09,Kalyanpur,2,01:00,58044.60766096239,0.0,0.0,0.0,0.0,0.0,0.0,0.0,0.0,11000.0,8.39,0.0,0.0,61670.941956882336,58138.54338412074,26.571179971088117,forecast,climatology
2026-07-09,Kalyanpur,3,01:30,56138.98776438144,0.0,0.0,0.0,0.0,0.0,0.0,0.0,0.0,11000.0,8.39,0.0,0.0,59646.268541560654,56113.86996879913,26.47939363152624,forecast,climatology
2026-07-09,Kalyanpur,4,02:00,57560.029275740715,0.0,0.0,0.0,0.0,0.0,0.0,0.0,0.0,11000.0,8.39,0.0,0.0,61156.089558479965,57623.690985718466,26.396650425723625,forecast,climatology
2026-07-09,Kalyanpur,5,02:30,48973.97327331139,0.0,0.0,0.0,0.0,0.0,0.0,0.0,0.0,11000.0,8.39,0.0,0.0,52033.6200871172,48501.22151435569,26.322059390290967,forecast,climatology
2026-07-09,Kalyanpur,6,03:00,55074.9849121145,8000.0,0.0,0.0,0.0,0.0,0.0,0.0,0.0,14800.0,8.39,0.0,0.0,50015.99251205946,46483.593939297905,26.254817342887232,forecast,climatology
2026-07-09,Kalyanpur,7,03:30,50243.11667647704,8000.0,0.0,0.0,0.0,0.0,0.0,0.0,0.0,18600.0,8.39,0.0,0.0,44882.25352214614,41349.85494938464,26.194200233702208,forecast,climatology
2026-07-09,Kalyanpur,8,04:00,50432.18957643208,0.0,0.0,0.0,0.0,0.0,0.0,0.0,0.0,18600.0,8.39,0.0,0.0,53582.93838926871,50050.53981650725,26.139555349023315,forecast,climatology
2026-07-09,Kalyanpur,9,04:30,56734.175483087995,8000.0,0.0,0.0,0.0,0.0,0.0,0.0,0.0,22400.0,8.39,0.0,0.0,51778.84094055745,48246.442367795935,26.090294282936267,forecast,climatology
2026-07-09,Kalyanpur,10,05:00,70190.17107437449,8000.0,0.0,0.0,0.0,0.0,0.0,0.0,0.0,26200.0,8.39,0.0,-7.275957614183426e-12,66075.49926116152,62543.10068839995,26.04588660148004,forecast,climatology
2026-07-09,Kalyanpur,11,05:30,74945.5163348759,8000.0,0.0,0.0,0.0,0.0,0.0,0.0,0.0,30000.0,8.39,0.0,0.0,71127.93450645209,67595.53593369064,26.08229352560395,forecast,climatology
2026-07-09,Kalyanpur,12,06:00,76698.45286685893,0.0,0.0,0.0,0.0,0.0,0.0,0.0,0.0,30000.0,8.39,0.0,0.0,81490.18531683362,77957.78674407212,26.57358634136098,forecast,climatology
2026-07-09,Kalyanpur,13,06:30,82897.34889179996,4.786814219857517e-13,0.0,0.0,0.0,0.0,0.0,0.0,0.0,30000.0,8.39,0.0,0.0,88076.35709671449,84543.95852395297,27.05726767957609,forecast,climatology
2026-07-09,Kalyanpur,14,07:00,88000.0,0.0,-0.0,0.0,5238.4484950730175,0.0,0.0,0.0,0.0,30000.0,18.25510204081633,0.0,0.0,99063.51644024644,95531.11786748494,27.529395955974692,forecast,climatology
2026-07-09,Kalyanpur,15,07:30,88000.0,0.0,4793.9447012649,0.0,4806.104253539537,0.0,0.0,0.0,0.0,27603.02764936755,22.48713889988129,0.0,1.4551915228366852e-11,103442.93538653667,99910.53681377508,27.9861237337367,forecast,climatology
2026-07-09,Kalyanpur,16,08:00,88000.0,0.0,0.0,0.0,1416.6683429552716,0.0,0.0,0.0,0.0,27603.02764936755,18.25510204081633,0.0,0.0,95002.97074218774,91470.57216942636,28.4237290767766,forecast,climatology
2026-07-09,Kalyanpur,17,08:30,88000.0,5046.257580278842,0.0,0.0,0.0,0.0,0.0,0.0,0.0,30000.0,17.369642857142864,0.0,0.0,88136.27380779783,84603.87523503638,28.83864588030116,forecast,climatology
2026-07-09,Kalyanpur,18,09:00,88000.0,0.0,6032.024382894658,0.0,0.0,0.0,0.0,0.0,0.0,26983.987808552673,60.0,0.0,0.0,99586.22720458568,96053.82863182412,29.227492931477023,forecast,climatology
2026-07-09,Kalyanpur,19,09:30,88000.0,5634.934708983398,0.0,0.0,0.0,0.0,0.0,0.0,0.0,29660.581795319787,51.224999999999994,0.0,0.0,87510.81910151856,83978.42052875711,29.587101463388784,forecast,climatology
2026-07-09,Kalyanpur,20,10:00,88000.0,0.0,6074.016953323098,0.0,0.0,0.0,0.0,0.0,0.0,26623.573318658237,60.0,0.0,0.0,99628.6124562734,96096.21388351206,29.91454097774676,forecast,climatology
2026-07-09,Kalyanpur,21,10:30,88000.0,0.0,0.0,0.0,0.0,0.0,0.0,0.0,5657.8656428463355,26623.573318658237,60.0,0.0,0.0,99509.13665577325,95976.73808301179,30.207143125911674,forecast,climatology
2026-07-09,Kalyanpur,22,11:00,88000.0,0.0,8000.0,0.0,0.0,0.0,0.0,0.0,3423.750927135864,22623.573318658237,60.0,0.0,0.0,105210.25538582998,101677.85681306853,30.46252345362657,forecast,climatology
2026-07-09,Kalyanpur,23,11:30,88000.0,0.0,0.0,0.0,0.0,0.0,0.0,0.0,13299.440347545744,22623.573318658237,60.0,0.0,0.0,107628.11840211123,104095.71982934965,30.67860083225524,forecast,climatology
2026-07-09,Kalyanpur,24,12:00,88000.0,0.0,0.0,0.0,0.0,0.0,0.0,0.0,23138.860924387693,22623.573318658237,60.0,0.0,0.0,118082.2563442283,114549.85777146684,30.85361441817936,forecast,climatology
2026-07-09,Kalyanpur,25,12:30,88000.0,0.0,8000.0,0.0,0.0,0.0,0.0,0.0,21725.08853599795,18623.573318658237,60.0,0.0,0.0,124654.96825221588,121122.56967945448,30.986138002149968,forecast,climatology
2026-07-09,Kalyanpur,26,13:00,88000.0,0.0,0.0,0.0,0.0,0.0,0.0,0.0,29484.81488311549,18623.573318658237,60.0,0.0,0.0,124824.6734958039,121292.27492304242,31.075091631658406,forecast,climatology
2026-07-09,Kalyanpur,27,13:30,88000.0,0.0,1247.146637316471,0.0,0.0,0.0,0.0,0.0,25270.44893857712,18000.0,60.0,0.0,0.0,121605.82419020747,118073.425617446,31.1197504116146,forecast,climatology
2026-07-09,Kalyanpur,28,14:00,88000.0,0.0,0.0,0.0,0.0,0.0,0.0,0.0,10187.45598357921,18000.0,60.0,0.0,0.0,104321.71295266961,100789.31437990806,31.1197504116146,forecast,climatology
2026-07-09,Kalyanpur,29,14:30,88000.0,0.0,0.0,0.0,0.0,0.0,0.0,0.0,14928.543187796786,18000.0,60.0,0.0,1.4551915228366852e-11,109358.99937024081,105826.60079747933,31.075091631658406,forecast,climatology
2026-07-09,Kalyanpur,30,15:00,88000.0,0.0,8000.0,0.0,0.0,0.0,0.0,0.0,1628.2720331636149,14000.0,60.0,0.0,0.0,103302.6040273827,99770.20545462133,30.986138002149968,forecast,climatology
2026-07-09,Kalyanpur,31,15:30,88000.0,0.0,0.0,0.0,0.0,0.0,0.0,0.0,3789.9814076584507,14000.0,60.0,0.0,0.0,97524.55643562097,93992.15786285947,30.85361441817936,forecast,climatology
2026-07-09,Kalyanpur,32,16:00,88000.0,0.0,0.0,0.0,0.0,0.0,0.0,0.0,8535.144212104096,14000.0,60.0,0.0,1.4551915228366852e-11,102566.1730763643,99033.77450360276,30.67860083225524,forecast,climatology
2026-07-09,Kalyanpur,33,16:30,88000.0,0.0,8000.0,0.0,0.0,0.0,0.0,0.0,4247.764038281653,10000.0,60.0,0.0,0.0,106085.74867964307,102553.35010688158,30.46252345362657,forecast,climatology
2026-07-09,Kalyanpur,34,17:00,88000.0,0.0,8000.0,0.0,0.0,0.0,0.0,0.0,23429.146101941464,6000.000000000001,60.0,0.0,0.0,126465.48673921012,122933.08816644852,30.207143125911674,forecast,climatology
2026-07-09,Kalyanpur,35,17:30,88000.0,0.0,0.0,0.0,0.0,0.0,0.0,0.0,23617.38225336583,6000.000000000001,60.0,0.0,1.4551915228366852e-11,118590.67327206627,115058.2746993047,29.91454097774676,forecast,climatology
2026-07-09,Kalyanpur,36,18:00,88000.0,4810.558644398596,0.0,20000.0,0.0,0.0,0.0,0.0,0.0,8285.015356089334,35.91494846747861,0.0,0.0,67137.19890900355,117117.2619108062,29.587101463388787,forecast,climatology
2026-07-09,Kalyanpur,37,18:30,88000.0,675.5310831031093,0.0,20000.0,0.0,0.0,0.0,0.0,0.0,8605.89262056331,35.91494846747861,0.0,1.4551915228366852e-11,71530.56213427123,133821.72931287644,29.227389271682178,forecast,climatology
2026-07-09,Kalyanpur,38,19:00,88000.0,1401.4961606091576,0.0,20000.0,0.0,0.0,0.0,0.0,0.0,9271.60329685266,35.91494846747861,0.0,0.0,70759.24242066237,114219.95309680015,28.873903248784845,forecast,climatology
2026-07-09,Kalyanpur,39,19:30,88000.0,326.22693335392574,0.0,20000.0,0.0,0.0,0.0,0.0,0.0,9426.561090195775,35.91494846747861,0.0,0.0,71901.68904532408,120648.38495890675,28.555243992074598,forecast,climatology
2026-07-09,Kalyanpur,40,20:00,88000.0,0.0,0.0,19958.334410711817,0.0,0.0,0.0,0.0,0.0,9426.561090195775,40.70049999999999,0.0,0.0,72292.56563704378,124660.03055533856,28.267980238178957,forecast,climatology
2026-07-09,Kalyanpur,41,20:30,88000.0,1207.239810114159,0.0,20000.0,0.0,0.0,0.0,0.0,0.0,10000.0,35.91494846747861,0.0,0.0,70965.63492806126,111306.51043321911,28.009018784637217,forecast,climatology
2026-07-09,Kalyanpur,42,21:00,88000.0,0.0,8000.0,0.0,0.0,0.0,0.0,0.0,738.911063745508,6000.000000000001,60.0,0.0,0.0,102357.68027074273,98825.28169798118,27.77557118287395,forecast,climatology
2026-07-09,Kalyanpur,43,21:30,88000.0,0.0,1008.5232282643074,0.0,0.0,504.261614132154,0.0,0.0,0.0,5495.738385867848,38.85318559556787,0.0,0.0,94515.75024589464,90983.35167313323,27.565123712705436,forecast,climatology
2026-07-09,Kalyanpur,44,22:00,86938.95566030795,1061.6033981729558,0.0,0.0,0.0,0.0,0.0,0.0,0.0,6000.000000000001,8.39,0.0,0.0,91242.53604578578,87710.13747302433,27.375410315070113,forecast,climatology
2026-07-09,Kalyanpur,45,22:30,77358.68932414881,0.0,0.0,0.0,0.0,0.0,0.0,0.0,0.0,6000.000000000001,8.39,0.0,0.0,82191.6700175861,78659.27144482454,27.20438819152774,forecast,climatology
2026-07-09,Kalyanpur,46,23:00,64695.56319771955,0.0,0.0,0.0,0.0,0.0,0.0,0.0,0.0,6000.000000000001,8.39,0.0,0.0,68737.41564658226,65205.01707382084,27.05021580778727,forecast,climatology
2026-07-09,Kalyanpur,47,23:30,65939.4419152233,0.0,-0.0,0.0,0.0,0.0,0.0,0.0,0.0,6000.000000000001,8.39,0.0,0.0,70059.00563193712,66526.60705917561,26.91123306440945,forecast,climatology
2026-07-10,Dhanmondi,0,00:00,50209.19418135202,0.0,0.0,0.0,0.0,0.0,0.0,0.0,0.0,8000.000000000013,8.39,0.0,0.0,48200.422849707924,47380.864701994986,26.827454453919678,forecast,climatology
2026-07-10,Dhanmondi,1,00:30,60111.04827856585,10000.0,0.0,0.0,0.0,0.0,0.0,0.0,0.0,12750.000000000013,8.39,0.0,0.0,48106.20357189654,47286.64542418358,26.71480180501419,forecast,climatology
2026-07-10,Dhanmondi,2,01:00,56345.04608588457,0.0,0.0,0.0,0.0,0.0,0.0,0.0,0.0,12750.000000000013,8.39,0.0,0.0,54090.79136017282,53271.23321245991,26.613239464874994,forecast,climatology
2026-07-10,Dhanmondi,3,01:30,54989.00398885584,0.0,0.0,0.0,0.0,0.0,0.0,0.0,0.0,12750.000000000013,8.39,0.0,0.0,52789.00184642952,51969.443698716525,26.52167562652083,forecast,climatology
2026-07-10,Dhanmondi,4,02:00,53636.92734473852,0.0,0.0,0.0,0.0,0.0,0.0,0.0,0.0,12750.000000000013,8.39,0.0,0.0,51491.01913560805,50671.46098789514,26.43912596802876,forecast,climatology
2026-07-10,Dhanmondi,5,02:30,58581.12808810934,10000.0,0.0,0.0,0.0,0.0,0.0,0.0,0.0,17500.000000000015,8.39,0.0,0.0,46637.49248603535,45817.934338322375,26.36470307095884,forecast,climatology
2026-07-10,Dhanmondi,6,03:00,51486.451588651296,0.0,0.0,0.0,0.0,0.0,0.0,0.0,0.0,17500.000000000015,8.39,0.0,0.0,49426.579694555534,48607.02154684258,26.29760688050263,forecast,climatology
2026-07-10,Dhanmondi,7,03:30,43965.616419339414,0.0,0.0,0.0,0.0,0.0,0.0,0.0,0.0,17500.000000000015,8.39,0.0,0.0,42206.638381925884,41387.08023421293,26.237116104800805,forecast,climatology
2026-07-10,Dhanmondi,8,04:00,66709.15593241084,10000.0,0.0,0.0,0.0,0.0,0.0,0.0,0.0,22250.000000000015,8.39,0.0,7.275957614183426e-12,54440.33388624721,53620.775738534285,26.182580460971725,forecast,climatology
2026-07-10,Dhanmondi,9,04:30,46383.66419158064,0.0,0.0,0.0,0.0,0.0,0.0,0.0,0.0,22250.000000000015,8.39,0.0,0.0,44527.944807833606,43708.38666012066,26.13341368449471,forecast,climatology
2026-07-10,Dhanmondi,10,05:00,68621.7118683813,0.0,0.0,0.0,0.0,0.0,0.0,0.0,0.0,22250.000000000015,8.39,0.0,0.0,65876.29183571448,65056.73368800148,26.089087226798224,forecast,climatology
2026-07-10,Dhanmondi,11,05:30,64413.24051895665,0.0,0.0,0.0,0.0,0.0,0.0,0.0,0.0,22250.000000000015,8.39,0.0,0.0,61836.19316652506,61016.63501881214,26.120805936601222,forecast,climatology
2026-07-10,Dhanmondi,12,06:00,78101.49141037036,10000.0,0.0,0.0,0.0,0.0,0.0,0.0,0.0,27000.000000000015,8.39,0.0,0.0,65376.88437737865,64557.32622966571,26.611274739485843,forecast,climatology
2026-07-10,Dhanmondi,13,06:30,82975.29182110628,10000.0,0.0,0.0,0.0,0.0,0.0,0.0,0.0,31750.000000000015,8.39,0.0,0.0,70055.69359773857,69236.13545002563,27.094172599061935,forecast,climatology
2026-07-10,Dhanmondi,14,07:00,81135.89450133097,0.0,0.0,0.0,0.0,0.0,0.0,0.0,0.0,31750.000000000015,8.39,0.0,0.0,77889.80657861145,77070.24843089838,27.565560370974946,forecast,climatology
2026-07-10,Dhanmondi,15,07:30,88612.86034096505,0.0,0.0,0.0,0.0,0.0,0.0,0.0,0.0,31750.000000000015,8.39,0.0,0.0,85067.63368735697,84248.07553964405,28.021592802147612,forecast,climatology
2026-07-10,Dhanmondi,16,08:00,83918.39866745759,2612.9777045308633,0.0,0.0,0.0,0.0,0.0,0.0,0.0,32991.16440965217,8.39,0.0,0.0,78052.5506191473,77232.99247143438,28.458549897675994,forecast,climatology
2026-07-10,Dhanmondi,17,08:30,97282.29239119824,10000.0,0.0,0.0,0.0,0.0,0.0,0.0,0.0,37741.16440965217,8.39,0.0,0.0,83790.29915023249,82970.74100251959,28.872867265956568,forecast,climatology
2026-07-10,Dhanmondi,18,09:00,101836.74918025902,0.0,0.0,0.0,0.0,0.0,0.0,0.0,0.0,37741.16440965217,8.39,0.0,0.0,97762.46068396783,96942.90253625489,29.261165194509992,forecast,climatology
2026-07-10,Dhanmondi,19,09:30,110000.00000000001,4755.443348100685,0.0,0.0,0.0,0.0,0.0,0.0,0.0,40000.0,8.390000000000004,0.0,0.0,101033.92846594755,100214.3703182346,29.62027621932123,forecast,climatology
2026-07-10,Dhanmondi,20,10:00,103149.21897374465,4.786814219857517e-13,0.0,1591.7101122871636,0.0,0.0,0.0,0.0,0.0,40000.0,8.39,0.0,0.0,97494.39222235682,96674.8340746439,29.947270962804538,forecast,climatology
2026-07-10,Dhanmondi,21,10:30,102307.32504390471,0.0,0.0,1475.2651155893504,0.0,0.0,0.0,0.0,0.0,40000.0,8.39,0.0,0.0,96797.96707745167,95978.40892973874,30.239482029625236,forecast,climatology
2026-07-10,Dhanmondi,22,11:00,110000.00000000001,0.0,3215.7389183010055,6829.251454950062,0.0,0.0,0.0,0.0,0.0,38392.130540849495,24.132691900694,0.0,0.0,101975.81869076267,101156.26054304974,30.49452576545275,forecast,climatology
2026-07-10,Dhanmondi,23,11:30,110000.00000000001,0.0,10000.0,7139.961573256733,0.0,0.0,0.0,0.0,0.0,33392.130540849495,25.094187745569336,0.0,0.0,107864.73377798038,107045.17563026746,30.710321701152196,forecast,climatology
2026-07-10,Dhanmondi,24,12:00,110000.00000000001,0.0,0.0,17803.210596225574,0.0,0.0,0.0,0.0,0.0,33392.130540849495,18.854754440376333,0.0,0.0,88508.17678125363,121729.16466000551,30.88510952380234,forecast,climatology
2026-07-10,Dhanmondi,25,12:30,110000.00000000001,0.0,0.0,16479.25061553871,0.0,0.0,0.0,0.0,0.0,33392.130540849495,18.854754440376333,0.0,0.0,89779.16772117396,128965.59447352529,31.017463436102194,forecast,climatology
2026-07-10,Dhanmondi,26,13:00,110000.00000000001,6474.354272592663,0.0,12677.616302768733,0.0,0.0,0.0,0.0,0.0,36467.44882033101,18.85475444037634,0.0,0.0,87213.37804215618,116425.10401659427,31.10630378703219,forecast,climatology
2026-07-10,Dhanmondi,27,13:30,110000.00000000001,2332.084479020831,0.0,19591.83673469388,0.0,0.0,0.0,0.0,0.0,37575.18894786591,18.854754440376333,0.0,2.9103830456733704e-11,84552.3277093316,113544.62379316823,31.150905878895117,forecast,climatology
2026-07-10,Dhanmondi,28,14:00,110000.00000000001,5104.8653729138805,0.0,14166.757997735456,0.0,0.0,0.0,0.0,0.0,40000.0,18.854754440376333,0.0,-1.4551915228366852e-11,87098.51232040836,113311.84742370308,31.150905878895117,forecast,climatology
2026-07-10,Dhanmondi,29,14:30,110000.00000000001,0.0,6720.495312610188,2988.3625703354073,0.0,0.0,0.0,0.0,0.0,36639.752343694905,32.041250886232135,0.0,0.0,108859.35221831141,108039.79407059851,31.10630378703219,forecast,climatology
2026-07-10,Dhanmondi,30,15:00,110000.00000000001,0.0,7269.51720165556,0.0,0.0,0.0,0.0,0.0,0.0,33004.993742867126,32.041250886232135,0.0,0.0,112228.86003699474,111409.30188928178,31.017463436102194,forecast,climatology
2026-07-10,Dhanmondi,31,15:30,110000.00000000001,0.0,1175.8888335632907,0.0,0.0,0.0,0.0,0.0,0.0,32417.04932608548,32.041250886232135,0.0,0.0,106671.51749487712,105851.95934716417,30.88510952380234,forecast,climatology
2026-07-10,Dhanmondi,32,16:00,110000.00000000001,5967.0534278089035,0.0,0.0,0.0,0.0,0.0,0.0,0.0,35251.39970429471,25.992228924824506,0.0,0.0,99870.79252793657,99051.23438022358,30.710321701152196,forecast,climatology
2026-07-10,Dhanmondi,33,16:30,110000.00000000001,667.091033835517,0.0,0.0,0.0,0.0,0.0,0.0,0.0,35568.267945366584,25.992228924824506,0.0,0.0,104958.7138268597,104139.1556791467,30.494525765452753,forecast,climatology
2026-07-10,Dhanmondi,34,17:00,110000.00000000001,0.0,10000.0,0.0,0.0,0.0,0.0,0.0,7353.423779302349,30568.267945366584,60.0,0.0,0.0,121778.26722354552,120958.7090758325,30.23948202962524,forecast,climatology
2026-07-10,Dhanmondi,35,17:30,110000.00000000001,0.0,10000.0,0.0,0.0,0.0,0.0,0.0,3803.120645135583,25568.267945366584,60.0,0.0,0.0,118370.00475087183,117550.44660315895,29.947270962804538,forecast,climatology
2026-07-10,Dhanmondi,36,18:00,110000.00000000001,0.0,980.3936683231883,0.0,4764.238575713401,0.0,0.0,0.0,0.0,25078.07111120499,32.041250886232135,0.0,0.0,111066.85813629454,110247.29998858152,29.62027621932123,forecast,climatology
2026-07-10,Dhanmondi,37,18:30,110000.00000000001,0.0,10000.0,0.0,12504.724638715998,0.0,0.0,0.0,0.0,20078.07111120499,32.595711162919365,0.0,0.0,126723.47464418193,125903.91649646901,29.26111220909329,forecast,climatology
2026-07-10,Dhanmondi,38,19:00,110000.00000000001,0.0,10000.0,0.0,6808.344690396305,0.0,0.0,0.0,0.0,15078.071111204988,32.04125088623215,0.0,0.0,121254.99567935563,120435.43753164264,28.90887339689219,forecast,climatology
2026-07-10,Dhanmondi,39,19:30,110000.00000000001,0.0,9254.790020071176,0.0,2233.488111516129,0.0,0.0,0.0,0.0,10450.6761011694,32.041250886232135,0.0,0.0,116183.54432333009,115363.98617561714,28.591311418522658,forecast,climatology
2026-07-10,Dhanmondi,40,20:00,110000.00000000001,0.0,4901.352202338795,0.0,466.13166711389204,0.0,0.0,0.0,0.0,8000.000000000004,32.04125088623214,0.0,0.0,110516.59429421776,109697.03614650473,28.305012445743937,forecast,climatology
2026-07-10,Dhanmondi,41,20:30,106842.58409925939,0.0,0.0,0.0,0.0,0.0,0.0,0.0,0.0,8000.000000000004,8.39,0.0,0.0,102568.02197101327,101748.46382330029,28.046898731265287,forecast,climatology
2026-07-10,Dhanmondi,42,21:00,102119.69628014571,0.0,0.0,0.0,0.0,0.0,0.0,0.0,0.0,8000.000000000004,8.39,0.0,0.0,98034.08762562665,97214.52947791375,27.814195522604248,forecast,climatology
2026-07-10,Dhanmondi,43,21:30,93714.19954693523,0.0,0.0,0.0,0.0,0.0,0.0,0.0,0.0,8000.000000000004,8.39,0.0,0.0,89964.87832226252,89145.32017454958,27.604401233174418,forecast,climatology
2026-07-10,Dhanmondi,44,22:00,84460.20845707187,0.0,0.0,0.0,0.0,0.0,0.0,0.0,0.0,8000.000000000004,8.39,0.0,0.0,81081.12125642005,80261.5631087071,27.41526054993838,forecast,climatology
2026-07-10,Dhanmondi,45,22:30,69312.70955988667,0.0,-2.7284841053187847e-12,0.0,0.0,0.0,0.0,0.0,0.0,8000.000000000005,8.39,0.0,0.0,66539.64406555562,65720.0859178427,27.24474018852997,forecast,climatology
2026-07-10,Dhanmondi,46,23:00,63600.53974816398,0.0,0.0,0.0,0.0,0.0,0.0,0.0,0.0,8000.000000000005,8.39,0.0,0.0,61056.00695877592,60236.44881106298,27.091007035210605,forecast,climatology
2026-07-10,Dhanmondi,47,23:30,63067.160272083245,0.0,0.0,0.0,0.0,0.0,0.0,0.0,0.0,8000.000000000005,8.39,0.0,0.0,60543.96694886088,59724.40880114791,26.952408440683175,forecast,climatology
2026-07-10,Kalyanpur,0,00:00,57159.05054227951,8000.0,0.0,0.0,0.0,0.0,0.0,0.0,0.0,9800.0,8.39,0.0,-7.275957614183426e-12,53408.63291738947,52289.02117674636,26.827454453919678,forecast,climatology
2026-07-10,Kalyanpur,1,00:30,47791.095132384726,0.0,0.0,0.0,0.0,0.0,0.0,0.0,0.0,9800.0,8.39,0.0,-7.275957614183426e-12,51922.42381594253,50802.81207529939,26.71480180501419,forecast,climatology
2026-07-10,Kalyanpur,2,01:00,62618.866468893415,8000.0,0.0,0.0,0.0,0.0,0.0,0.0,0.0,13600.0,8.39,0.0,-7.275957614183426e-12,59340.42576945537,58220.81402881224,26.613239464874994,forecast,climatology
2026-07-10,Kalyanpur,3,01:30,52749.96412267573,0.0,0.0,0.0,0.0,0.0,0.0,0.0,0.0,13600.0,8.39,0.0,-7.275957614183426e-12,57309.965085888216,56190.3533452451,26.52167562652083,forecast,climatology
2026-07-10,Kalyanpur,4,02:00,54144.10440610792,0.0,0.0,0.0,0.0,0.0,0.0,0.0,0.0,13600.0,8.39,0.0,-7.275957614183426e-12,58824.622627313634,57705.01088667049,26.43912596802876,forecast,climatology
2026-07-10,Kalyanpur,5,02:30,53731.07457517107,8000.0,0.0,0.0,0.0,0.0,0.0,0.0,0.0,17400.0,8.39,0.0,-7.275957614183426e-12,49684.323597797054,48564.71185715392,26.36470307095884,forecast,climatology
2026-07-10,Kalyanpur,6,03:00,51866.7566375233,8000.0,0.0,0.0,0.0,0.0,0.0,0.0,0.0,21200.0,8.39,0.0,-7.275957614183426e-12,47658.843624633235,46539.23188399011,26.29760688050263,forecast,climatology
2026-07-10,Kalyanpur,7,03:30,39124.97918896326,0.0,0.0,0.0,0.0,0.0,0.0,0.0,0.0,21200.0,8.39,0.0,-7.275957614183426e-12,42507.1604995027,41387.54875885961,26.237116104800805,forecast,climatology
2026-07-10,Kalyanpur,8,04:00,47160.64887727041,0.0,0.0,0.0,0.0,0.0,0.0,0.0,0.0,21200.0,8.39,0.0,-7.275957614183426e-12,51237.478271996646,50117.86653135354,26.182580460971725,forecast,climatology
2026-07-10,Kalyanpur,9,04:30,45492.79059318849,0.0,0.0,0.0,0.0,0.0,0.0,0.0,0.0,21200.0,8.39,0.0,-7.275957614183426e-12,49425.44102005368,48305.82927941055,26.13341368449471,forecast,climatology
2026-07-10,Kalyanpur,10,05:00,66644.3118291382,8000.0,0.0,0.0,0.0,0.0,0.0,0.0,0.0,25000.0,8.39,0.0,7.275957614183426e-12,63713.8530672307,62594.24132658756,26.089087226798224,forecast,climatology
2026-07-10,Kalyanpur,11,05:30,63467.90516253077,169.84620790177576,0.0,0.0,0.0,0.0,0.0,0.0,0.0,25080.676948753342,8.39,0.0,-7.275957614183426e-12,68769.89603742457,67650.28429678138,26.120805936601222,forecast,climatology
2026-07-10,Kalyanpur,12,06:00,80830.74920062137,8000.0,0.0,0.0,0.0,0.0,0.0,0.0,0.0,28880.676948753342,8.39,0.0,0.0,79126.64517002844,78007.03342938531,26.611274739485843,forecast,climatology
2026-07-10,Kalyanpur,13,06:30,78889.18660492598,0.0,0.0,0.0,0.0,0.0,0.0,0.0,0.0,28880.676948753342,8.39,0.0,0.0,85708.807677443,84589.19593679982,27.094172599061935,forecast,climatology
2026-07-10,Kalyanpur,14,07:00,88000.0,0.0,1045.8421369157552,0.0,0.0,0.0,0.0,0.0,0.0,28357.755880295463,12.537396121883651,0.0,0.0,96686.64860570244,95567.03686505927,27.565560370974946,forecast,climatology
2026-07-10,Kalyanpur,15,07:30,88000.0,0.0,5311.0800298761715,0.0,0.0,0.0,0.0,0.0,0.0,25702.21586535738,12.537396121883658,0.0,0.0,101088.89999779986,99969.28825715673,28.021592802147612,forecast,climatology
2026-07-10,Kalyanpur,16,08:00,88000.0,2720.8556031601006,0.0,0.0,0.0,0.0,0.0,0.0,0.0,26994.622276858427,8.39,0.0,0.0,92651.14904289346,91531.53730225039,28.458549897675994,forecast,climatology
2026-07-10,Kalyanpur,17,08:30,78955.53805679831,0.0,0.0,0.0,0.0,0.0,0.0,0.0,0.0,26994.622276858427,8.39,0.0,0.0,85780.89491870362,84661.28317806045,28.872867265956568,forecast,climatology
2026-07-10,Kalyanpur,18,09:00,88000.0,0.0,1589.2445537168567,0.0,0.0,0.0,0.0,0.0,0.0,26200.0,12.537396121883623,0.0,0.0,97247.50689915897,96127.89515851578,29.261165194509992,forecast,climatology
2026-07-10,Kalyanpur,19,09:30,86385.9934802443,8000.0,0.0,0.0,0.0,0.0,0.0,0.0,0.0,30000.0,8.39,0.0,0.0,85162.11573392045,84042.50399327735,29.62027621932123,forecast,climatology
2026-07-10,Kalyanpur,20,10:00,88000.0,0.0,-0.0,0.0,1559.8759100414204,0.0,0.0,0.0,0.0,30000.0,18.25510204081633,0.0,0.0,97301.93085182716,96182.319111184,29.947270962804538,forecast,climatology
2026-07-10,Kalyanpur,21,10:30,88000.0,0.0,0.0,0.0,1445.7598132775634,0.0,0.0,0.0,0.0,30000.0,18.25510204081633,0.0,0.0,97177.9499234977,96058.33818285455,30.239482029625236,forecast,climatology
2026-07-10,Kalyanpur,22,11:00,88000.0,0.0,-0.0,0.0,6692.666425851061,0.0,0.0,0.0,0.0,30000.0,34.3190733680551,0.0,0.0,102878.42839351512,101758.81665287194,30.49452576545275,forecast,climatology
2026-07-10,Kalyanpur,23,11:30,88000.0,0.0,2017.608650720737,0.0,6997.162341791598,0.0,0.0,0.0,0.0,28991.19567463963,35.30019157711157,0.0,0.0,105291.66752441961,104172.05578377645,30.710321701152196,forecast,climatology
2026-07-10,Kalyanpur,24,12:00,88000.0,6247.146384301062,7733.936440809099,0.0,17447.14638430106,0.0,0.0,0.0,0.0,28091.621986778086,28.933422898343196,6.3667686787683735,0.0,115757.7769787432,114638.16523809999,30.88510952380234,forecast,climatology
2026-07-10,Kalyanpur,25,12:30,88000.0,4949.665603227937,8000.0,0.0,16149.665603227935,0.0,0.0,0.0,5802.796741357078,26442.713148311355,28.933422898343196,31.066577101656804,0.0,122336.81021683324,121217.19847619011,31.017463436102194,forecast,climatology
2026-07-10,Kalyanpur,26,13:00,88000.0,1224.0639767133623,8000.0,0.0,12424.063976713358,0.0,0.0,0.0,5971.559710286839,23024.143537250202,28.933422898343203,31.066577101656797,-1.4551915228366852e-11,122520.16199759781,121400.5502569546,31.10630378703219,forecast,climatology
2026-07-10,Kalyanpur,27,13:30,88000.0,8000.0,8000.0,0.0,19200.0,0.0,0.0,0.0,3010.654845910413,22824.143537250202,28.933422898343196,31.066577101656804,0.0,119303.30001063187,118183.6882699887,31.150905878895117,forecast,climatology
2026-07-10,Kalyanpur,28,14:00,88000.0,8000.0,0.0,0.0,13883.422837780747,0.0,0.0,0.0,0.0,26624.143537250202,28.933422898343196,0.0,0.0,101999.22927841358,100879.61753777052,31.150905878895117,forecast,climatology
2026-07-10,Kalyanpur,29,14:30,88000.0,0.0,8000.0,0.0,2928.5953189286993,0.0,0.0,0.0,0.0,22624.143537250202,42.389031516563406,0.0,0.0,107045.95636420666,105926.34462356355,31.10630378703219,forecast,climatology
2026-07-10,Kalyanpur,30,15:00,88000.0,0.0,5206.514893214814,0.0,0.0,0.0,0.0,0.0,0.0,20020.886090642794,35.30019157711157,0.0,0.0,100980.97588430744,99861.36414366425,31.017463436102194,forecast,climatology
2026-07-10,Kalyanpur,31,15:30,88000.0,379.5209830278004,0.0,0.0,0.0,0.0,0.0,0.0,0.0,20201.158557581002,28.933422898343196,0.0,0.0,95194.88167979365,94075.26993915057,30.88510952380234,forecast,climatology
2026-07-10,Kalyanpur,32,16:00,88000.0,0.0,4491.052701539106,0.0,0.0,0.0,0.0,0.0,0.0,17955.63220681145,35.30019157711157,0.0,0.0,100242.5306889067,99122.91894826358,30.710321701152196,forecast,climatology
2026-07-10,Kalyanpur,33,16:30,88000.0,0.0,7911.264413622898,0.0,0.0,0.0,0.0,0.0,0.0,14000.0,35.30019157711157,0.0,0.0,103772.61087403291,102652.99913338976,30.494525765452753,forecast,climatology
2026-07-10,Kalyanpur,34,17:00,88000.0,0.0,8000.0,0.0,0.0,0.0,0.0,0.0,18662.082366994164,10000.0,60.0,0.0,0.0,124139.53374194556,123019.9220013024,30.23948202962524,forecast,climatology
2026-07-10,Kalyanpur,35,17:30,88000.0,0.0,8000.0,0.0,0.0,0.0,0.0,0.0,11405.02789300813,5999.999999999999,60.0,0.0,0.0,116255.13902343342,115135.52728279028,29.947270962804538,forecast,climatology
2026-07-10,Kalyanpur,36,18:00,88000.0,0.0,0.0,4861.467934401429,0.0,0.0,0.0,0.0,0.0,5999.999999999999,21.90042586850749,0.0,0.0,90325.49024849976,117201.04318580599,29.62027621932123,forecast,climatology
2026-07-10,Kalyanpur,37,18:30,88000.0,0.0,8.13758417375778e-12,12759.92310073061,0.0,0.0,0.0,0.0,0.0,5999.999999999995,22.443796939660977,0.0,0.0,81744.24858619121,133914.59014067345,29.26111220909329,forecast,climatology
2026-07-10,Kalyanpur,38,19:00,88000.0,0.0,0.0,6947.290500404393,0.0,0.0,0.0,0.0,0.0,5999.999999999995,21.900425868507504,0.0,-1.4551915228366852e-11,88059.35755208712,114318.0765716507,28.90887339689219,forecast,climatology
2026-07-10,Kalyanpur,39,19:30,88000.0,0.0,0.0,2279.06950154707,0.0,0.0,0.0,0.0,0.0,5999.999999999995,21.90042586850749,0.0,0.0,93131.12559794838,120753.20574238623,28.591311418522658,forecast,climatology
2026-07-10,Kalyanpur,40,20:00,88000.0,0.0,-1.914725687943007e-11,475.64455827948166,0.0,0.0,0.0,0.0,0.0,6000.000000000005,21.900425868507497,0.0,0.0,95090.44864683859,124774.71120473696,28.305012445743937,forecast,climatology
2026-07-10,Kalyanpur,41,20:30,88000.0,4518.237529447137,0.0,0.0,0.0,0.0,0.0,0.0,0.0,8146.162826487394,12.798083486240413,0.0,0.0,90698.3914030596,111415.52746175724,28.046898731265287,forecast,climatology
2026-07-10,Kalyanpur,42,21:00,88000.0,0.0,4292.32565297479,0.0,0.0,0.0,0.0,0.0,0.0,6000.0,17.42169915372899,0.0,0.0,100037.41987254797,98917.80813190476,27.814195522604248,forecast,climatology
2026-07-10,Kalyanpur,43,21:30,84877.33482440024,-0.0,0.0,0.0,0.0,0.0,0.0,0.0,0.0,6000.0,8.39,0.0,0.0,92214.60481105023,91094.99307040714,27.604401233174418,forecast,climatology
2026-07-10,Kalyanpur,44,22:00,81859.38732741271,0.0,0.0,0.0,0.0,0.0,0.0,0.0,0.0,6000.0,8.39,0.0,0.0,88935.76910831573,87816.15736767254,27.41526054993838,forecast,climatology
2026-07-10,Kalyanpur,45,22:30,73518.05217846982,0.0,-0.0,0.0,0.0,0.0,0.0,0.0,0.0,6000.0,8.39,0.0,0.0,79873.36244877992,78753.75070813677,27.24474018852997,forecast,climatology
2026-07-10,Kalyanpur,46,23:00,61122.13879622523,0.0,0.0,0.0,0.0,0.0,0.0,0.0,0.0,6000.0,8.39,0.0,-7.275957614183426e-12,66405.87721045822,65286.26546981512,27.091007035210605,forecast,climatology
2026-07-10,Kalyanpur,47,23:30,62344.70844149385,0.0,0.0,0.0,0.0,0.0,0.0,0.0,0.0,6000.0,8.39,0.0,-7.275957614183426e-12,67734.13259130491,66614.52085066176,26.952408440683175,forecast,climatology
2026-07-11,Dhanmondi,0,00:00,57000.247646924014,0.0,0.0,0.0,0.0,0.0,0.0,0.0,0.0,8000.000000000005,8.39,0.0,0.0,48439.02601222589,47420.49148809056,26.854115848920245,forecast,climatology
2026-07-11,Dhanmondi,1,00:30,56886.685788136914,0.0,0.0,0.0,0.0,0.0,0.0,0.0,0.0,8000.000000000005,8.39,0.0,0.0,48342.520715163715,47323.98619102837,26.739375657095493,forecast,climatology
2026-07-11,Dhanmondi,2,01:00,63936.66031388781,0.0,0.0,0.0,0.0,0.0,0.0,0.0,0.0,8000.000000000005,8.39,0.0,0.0,54333.615728534365,53315.08120439901,26.635922042185076,forecast,climatology
2026-07-11,Dhanmondi,3,01:30,62397.62305479047,0.0,0.0,0.0,0.0,0.0,0.0,0.0,0.0,8000.000000000005,8.39,0.0,0.0,53025.73604546734,52007.20152133198,26.542644784514287,forecast,climatology
2026-07-11,Dhanmondi,4,02:00,70865.23737069499,10000.0,0.0,0.0,0.0,0.0,0.0,0.0,0.0,12750.000000000004,8.39,0.0,-7.275957614183426e-12,51723.508895991654,50704.97437185627,26.458542872695,forecast,climatology
2026-07-11,Dhanmondi,5,02:30,65145.65733568082,10000.0,0.0,0.0,0.0,0.0,0.0,0.0,0.0,17500.000000000004,8.39,0.0,0.0,46862.98815209608,45844.45362796069,26.382713761202215,forecast,climatology
2026-07-11,Dhanmondi,6,03:00,68428.29493276792,10000.0,0.0,0.0,0.0,0.0,0.0,0.0,0.0,22250.000000000004,8.39,0.0,-7.275957614183426e-12,49652.58599628354,48634.05147214819,26.314343684643905,forecast,climatology
2026-07-11,Dhanmondi,7,03:30,59920.79874394927,10000.0,0.0,0.0,0.0,0.0,0.0,0.0,0.0,27000.000000000004,8.39,0.0,0.0,42422.88356162514,41404.34903748977,26.25269892478101,forecast,climatology
2026-07-11,Dhanmondi,8,04:00,64329.71649719326,0.0,0.0,0.0,0.0,0.0,0.0,0.0,0.0,27000.000000000004,8.39,0.0,0.0,54667.636359555705,53649.101835420355,26.197117936579062,forecast,climatology
2026-07-11,Dhanmondi,9,04:30,53054.31544609949,401.69974174346675,0.0,0.0,0.0,0.0,0.0,0.0,0.0,27190.80737732815,8.39,0.0,0.0,44744.39194568433,43725.85742154893,26.14700424879155,forecast,climatology
2026-07-11,Dhanmondi,10,05:00,77782.71771143781,0.0,0.0,0.0,0.0,0.0,0.0,0.0,0.0,27190.80737732815,8.39,0.0,0.0,66100.04766758735,65081.513143452,26.1018200628872,forecast,climatology
2026-07-11,Dhanmondi,11,05:30,73013.6338116402,0.0,0.0,0.0,0.0,0.0,0.0,0.0,0.0,27190.80737732815,8.39,0.0,0.0,62047.262133957265,61028.727609821944,26.12920228722718,forecast,climatology
2026-07-11,Dhanmondi,12,06:00,77188.24237287468,0.0,0.0,0.0,0.0,0.0,0.0,0.0,0.0,27190.80737732815,8.39,0.0,0.0,65594.86027670695,64576.325752571596,26.62924190541257,forecast,climatology
2026-07-11,Dhanmondi,13,06:30,92705.8391090106,10000.0,0.0,0.0,0.0,0.0,0.0,0.0,0.0,31940.80737732815,8.39,0.0,0.0,70283.73484936134,69265.20032522592,27.121592647320917,forecast,climatology
2026-07-11,Dhanmondi,14,07:00,95901.47397977248,0.0,0.0,3942.967319583084,0.0,0.0,0.0,0.0,0.0,31940.80737732815,8.39,0.0,0.0,78146.68672582056,77128.15220168525,27.602234026238744,forecast,climatology
2026-07-11,Dhanmondi,15,07:30,110000.00000000001,6966.721310888105,0.0,2611.4158154589595,0.0,0.0,0.0,0.0,0.0,35250.0,8.39,0.0,0.0,85338.87884249499,84320.34431835964,28.06724117293485,forecast,climatology
2026-07-11,Dhanmondi,16,08:00,92189.0456839879,0.0,0.0,0.0,0.0,0.0,0.0,0.0,0.0,35250.0,8.39,0.0,0.0,78342.59966009035,77324.06513595497,28.51281688574825,forecast,climatology
2026-07-11,Dhanmondi,17,08:30,108975.35843243121,10000.0,0.0,0.0,0.0,0.0,0.0,0.0,0.0,40000.0,8.39,0.0,0.0,84109.6338979965,83091.0993738612,28.935322638155633,forecast,climatology
2026-07-11,Dhanmondi,18,09:00,110000.00000000001,0.0,5795.433950884847,0.0,0.0,0.0,0.0,0.0,0.0,37102.283024557575,57.86703601108033,0.0,0.0,98157.14859882505,97138.61407468967,29.33130829061352,forecast,climatology
2026-07-11,Dhanmondi,19,09:30,110000.00000000001,0.0,8094.299787748105,0.0,1723.8136163496483,0.0,0.0,0.0,0.0,33055.13313068353,57.86703601108033,0.0,0.0,101477.95756691934,100459.42304278404,29.697540264051312,forecast,climatology
2026-07-11,Dhanmondi,20,10:00,110000.00000000001,0.0,5535.776672774243,0.0,0.0,0.0,0.0,0.0,0.0,30287.244794296403,57.86703601108033,0.0,0.0,97947.52374876739,96928.98922463211,30.031027944953234,forecast,climatology
2026-07-11,Dhanmondi,21,10:30,110000.00000000001,0.0,4680.876260855983,0.0,0.0,0.0,0.0,0.0,0.0,27946.80666386841,57.86703601108033,0.0,0.0,97257.35102583627,96238.81650170087,30.329048106407974,forecast,climatology
2026-07-11,Dhanmondi,22,11:00,110000.00000000001,0.0,10000.0,0.0,0.0,0.0,0.0,0.0,1030.7275623973255,22946.80666386841,60.0,0.0,0.0,102427.46810210645,101408.93357797113,30.58916714570615,forecast,climatology
2026-07-11,Dhanmondi,23,11:30,110000.00000000001,0.0,10000.0,0.0,0.0,0.0,0.0,0.0,8018.14564960498,17946.80666386841,60.0,0.0,0.0,108365.40241742888,107346.8678932936,30.809260956895642,forecast,climatology
2026-07-11,Dhanmondi,24,12:00,110000.00000000001,10000.0,0.0,2258.7084789040964,0.0,0.0,0.0,0.0,0.0,22696.80666386841,49.3,0.0,0.0,83060.9191697856,122103.74193258608,30.987532276017486,forecast,climatology
2026-07-11,Dhanmondi,25,12:30,110000.00000000001,10000.0,0.0,312.85328630832373,0.0,0.0,0.0,0.0,0.0,27446.80666386841,49.3,0.0,0.0,84714.51427123194,129363.64213050746,31.122525357382855,forecast,climatology
2026-07-11,Dhanmondi,26,13:00,110000.00000000001,10000.0,0.0,1534.9317509827379,0.0,0.0,0.0,0.0,0.0,32196.80666386841,49.3,0.0,0.0,83675.98737033094,116820.52281545768,31.21313786104618,forecast,climatology
2026-07-11,Dhanmondi,27,13:30,110000.00000000001,6427.7754444875545,0.0,7975.069972712509,0.0,0.0,0.0,0.0,0.0,35250.0,49.3,0.0,0.0,81238.82349098731,113928.46812301902,31.25862985440242,forecast,climatology
2026-07-11,Dhanmondi,28,14:00,110000.00000000001,10000.0,0.0,1389.3561456900788,0.0,0.0,0.0,0.0,0.0,40000.0,49.3,0.0,0.0,83799.69807024204,113715.84942878019,31.25862985440242,forecast,climatology
2026-07-11,Dhanmondi,29,14:30,110000.00000000001,0.0,10000.0,0.0,0.0,0.0,0.0,0.0,9280.842678679037,35000.0,60.0,0.0,0.0,109438.44712796679,108419.91260383144,31.213137861046178,forecast,climatology
2026-07-11,Dhanmondi,30,15:00,110000.00000000001,0.0,0.0,0.0,0.0,0.0,0.0,0.0,22765.131899748405,35000.0,60.0,0.0,0.0,112824.31117569997,111805.77665156468,31.122525357382855,forecast,climatology
2026-07-11,Dhanmondi,31,15:30,110000.00000000001,0.0,10000.0,0.0,0.0,0.0,0.0,0.0,6680.674930078254,30000.0,60.0,0.0,0.0,107228.81474196754,106210.28021783213,30.987532276017486,forecast,climatology
2026-07-11,Dhanmondi,32,16:00,110000.00000000001,0.0,8551.588233977045,0.0,0.0,0.0,0.0,0.0,0.0,25724.205883011477,60.0,0.0,0.0,100382.22941509467,99363.69489095933,30.809260956895642,forecast,climatology
2026-07-11,Dhanmondi,33,16:30,110000.00000000001,0.0,10000.0,0.0,0.0,0.0,0.0,0.0,4622.897559767822,20724.205883011477,60.0,0.0,0.0,105480.10775063542,104461.57322650004,30.58916714570615,forecast,climatology
2026-07-11,Dhanmondi,34,17:00,110000.00000000001,0.0,10000.0,0.0,0.0,0.0,0.0,0.0,24387.19427737294,15724.205883011477,60.0,0.0,0.0,122275.88184529557,121257.34732116028,30.329048106407974,forecast,climatology
2026-07-11,Dhanmondi,35,17:30,110000.00000000001,0.0,7640.884742569145,0.0,0.0,0.0,0.0,0.0,22565.006774848272,11903.763511726906,60.0,0.0,0.0,118822.83420052667,117804.29967639147,30.031027944953234,forecast,climatology
2026-07-11,Dhanmondi,36,18:00,110000.00000000001,5600.000000000008,7587.87555370173,0.0,19600.0,0.0,0.0,0.0,0.0,10769.825734876043,51.225,8.775000000000002,0.0,111501.46401365886,110482.92948952349,29.697540264051312,forecast,climatology
2026-07-11,Dhanmondi,37,18:30,110000.00000000001,5600.000000000009,10000.0,0.0,19600.0,0.0,0.0,0.0,16117.216885909884,8429.825734876049,51.225,8.774999999999999,0.0,127145.27672766223,126126.74220352693,29.331318111607544,forecast,climatology
2026-07-11,Dhanmondi,38,19:00,110000.00000000001,5600.000000000011,0.0,0.0,19600.0,0.0,0.0,0.0,19185.74629370523,11089.825734876053,51.225,8.774999999999999,0.0,121679.78869605936,120661.25417192398,28.972904509223333,forecast,climatology
2026-07-11,Dhanmondi,39,19:30,110000.00000000001,5600.000000000009,10000.0,0.0,19600.0,0.0,0.0,0.0,3668.2184131130725,8749.825734876056,51.225,8.774999999999999,0.0,116566.07074622107,115547.53622208578,28.649746754211517,forecast,climatology
2026-07-11,Dhanmondi,40,20:00,110000.00000000001,5600.000000000008,6819.651469752129,0.0,19600.0,0.0,0.0,0.0,0.0,7999.999999999996,51.225,8.775000000000002,0.0,110881.26626846044,109862.73174432512,28.358376856613916,forecast,climatology
2026-07-11,Dhanmondi,41,20:30,110000.00000000001,1814.4093599445991,0.0,0.0,12926.056478677747,0.0,0.0,0.0,0.0,8861.84444597368,43.789022560831064,0.0,0.0,102921.13573798515,101902.6012138499,28.09566796007843,forecast,climatology
2026-07-11,Dhanmondi,42,21:00,110000.00000000001,0.0,5490.414023889774,0.0,545.8669738143735,1883.3625659712034,0.0,0.0,0.0,6116.637434028794,51.760689818095365,0.0,0.0,98374.78168441416,97356.24716027883,27.858800785782325,forecast,climatology
2026-07-11,Dhanmondi,43,21:30,110000.00000000001,3964.9738230972694,0.0,0.0,212.85249300079568,0.0,0.0,0.0,0.0,7999.999999999996,20.03902256083107,0.0,0.0,90289.84909880493,89271.31457466958,27.645233377145118,forecast,climatology
2026-07-11,Dhanmondi,44,22:00,95765.70332674147,1.9147256879430067e-12,0.0,0.0,0.0,0.0,0.0,0.0,0.0,7999.999999999997,8.39,0.0,0.0,81382.05685100156,80363.52232686624,27.452673820644506,forecast,climatology
2026-07-11,Dhanmondi,45,22:30,78614.06507503592,0.0,0.0,0.0,0.0,0.0,0.0,0.0,0.0,7999.999999999997,8.39,0.0,0.0,66806.52980113818,65787.99527700283,27.279055649986734,forecast,climatology
2026-07-11,Dhanmondi,46,23:00,72156.63404389119,0.0,0.0,0.0,0.0,0.0,0.0,0.0,0.0,7999.999999999997,8.39,0.0,0.0,61318.98049034751,60300.445966212166,27.122515669679633,forecast,climatology
2026-07-11,Dhanmondi,47,23:30,71548.5160278289,0.0,0.0,0.0,0.0,0.0,0.0,0.0,0.0,7999.999999999997,8.39,0.0,0.0,60802.19950053484,59783.66497639951,26.981373960020385,forecast,climatology
2026-07-11,Kalyanpur,0,00:00,54182.721224130444,2526.315789473684,0.0,0.0,0.0,0.0,0.0,0.0,0.0,7200.0,8.39,0.0,7.275957614183426e-12,55593.99766570777,52330.86259067319,26.854115848920245,forecast,climatology
2026-07-11,Kalyanpur,1,00:30,50268.60306584583,0.0,0.0,0.0,0.0,0.0,0.0,0.0,0.0,7200.0,8.39,0.0,-7.275957614183426e-12,54100.40783879391,50837.27276375939,26.739375657095493,forecast,climatology
2026-07-11,Kalyanpur,2,01:00,57170.411293650104,0.0,0.0,0.0,0.0,0.0,0.0,0.0,0.0,7200.0,8.39,0.0,-7.275957614183426e-12,61528.31745188305,58265.18237684846,26.635922042185076,forecast,climatology
2026-07-11,Kalyanpur,3,01:30,63277.78182423957,8000.0,0.0,0.0,0.0,0.0,0.0,0.0,0.0,11000.0,8.39,0.0,-7.275957614183426e-12,59491.419270154925,56228.284195120425,26.542644784514287,forecast,climatology
2026-07-11,Kalyanpur,4,02:00,64684.45637649654,8000.0,0.0,0.0,0.0,0.0,0.0,0.0,0.0,14800.0,8.39,0.0,-7.275957614183426e-12,61005.31984292147,57742.1847678869,26.458542872695,forecast,climatology
2026-07-11,Kalyanpur,5,02:30,48181.91838333543,0.0,0.0,0.0,0.0,0.0,0.0,0.0,0.0,14800.0,8.39,0.0,0.0,51854.66227457163,48591.52719953704,26.382713761202215,forecast,climatology
2026-07-11,Kalyanpur,6,03:00,54295.20330742278,8000.0,0.0,0.0,0.0,0.0,0.0,0.0,0.0,18600.0,8.39,0.0,0.0,49824.12932045765,46560.99424542305,26.314343684643905,forecast,climatology
2026-07-11,Kalyanpur,7,03:30,49500.89809490567,8000.0,0.0,0.0,0.0,0.0,0.0,0.0,0.0,22400.0,8.39,0.0,0.0,44664.370515123745,41401.23544008918,26.25269892478101,forecast,climatology
2026-07-11,Kalyanpur,8,04:00,57621.28804400303,8000.0,0.0,0.0,0.0,0.0,0.0,0.0,0.0,26200.0,8.39,0.0,0.0,53403.750192747946,50140.61511771337,26.197117936579062,forecast,climatology
2026-07-11,Kalyanpur,9,04:30,47933.847865968244,0.0,0.0,0.0,0.0,0.0,0.0,0.0,0.0,26200.0,8.39,0.0,-7.275957614183426e-12,51587.682184737714,48324.547109703126,26.14700424879155,forecast,climatology
2026-07-11,Kalyanpur,10,05:00,69206.8586346468,8000.0,0.0,0.0,0.0,0.0,0.0,0.0,0.0,30000.0,8.39,0.0,1.4551915228366852e-11,65872.44945574421,62609.31438070964,26.1018200628872,forecast,climatology
2026-07-11,Kalyanpur,11,05:30,65901.87915284076,0.0,0.0,0.0,0.0,0.0,0.0,0.0,0.0,30000.0,8.39,0.0,7.275957614183426e-12,70925.35543192757,67662.22035689297,26.12920228722718,forecast,climatology
2026-07-11,Kalyanpur,12,06:00,75535.80791747085,0.0,0.0,0.0,0.0,0.0,0.0,0.0,0.0,30000.0,8.39,0.0,1.4551915228366852e-11,81293.64584520334,78030.51077016877,26.62924190541257,forecast,climatology
2026-07-11,Kalyanpur,13,06:30,81661.18725587733,0.0,0.0,0.0,0.0,0.0,0.0,0.0,0.0,30000.0,8.39,0.0,1.4551915228366852e-11,87885.94203336354,84622.80695832895,27.121592647320917,forecast,climatology
2026-07-11,Kalyanpur,14,07:00,88000.0,0.0,0.0,0.0,3864.1079731914224,0.0,0.0,0.0,0.0,30000.0,18.25510204081633,0.0,0.0,98866.59672214705,95603.46164711239,27.602234026238744,forecast,climatology
2026-07-11,Kalyanpur,15,07:30,88000.0,0.0,5717.666272854513,0.0,2559.1874991497803,0.0,0.0,0.0,0.0,27141.166863572744,18.25510204081633,0.0,0.0,103308.0359093445,100044.90083430987,28.06724117293485,forecast,climatology
2026-07-11,Kalyanpur,16,08:00,88000.0,0.0,177.75888443762216,0.0,0.0,0.0,0.0,0.0,0.0,27052.287421353933,18.255102040816332,0.0,0.0,94889.68432847771,91626.5492534432,28.51281688574825,forecast,climatology
2026-07-11,Kalyanpur,17,08:30,88000.0,6205.710691886458,0.0,0.0,0.0,0.0,0.0,0.0,0.0,30000.0,13.550229591836736,0.0,0.0,88029.19000269195,84766.0549276574,28.935322638155633,forecast,climatology
2026-07-11,Kalyanpur,18,09:00,88000.0,0.0,4731.324258338321,0.0,0.0,0.0,0.0,0.0,0.0,27634.33787083084,55.55090890953876,0.0,0.0,99545.31910610729,96282.18403107271,29.33130829061352,forecast,climatology
2026-07-11,Kalyanpur,19,09:30,88000.0,4980.341324566653,0.0,1758.9934860710698,0.0,0.0,0.0,0.0,0.0,30000.0,47.209695290858726,0.0,0.0,87454.88953089959,84191.75445586498,29.697540264051312,forecast,climatology
2026-07-11,Kalyanpur,20,10:00,88000.0,0.0,0.0,0.0,0.0,0.0,0.0,0.0,4606.705527308034,30000.0,60.0,0.0,0.0,99665.7999640826,96402.66488904801,30.031027944953234,forecast,climatology
2026-07-11,Kalyanpur,21,10:30,88000.0,0.0,-0.0,0.0,0.0,0.0,0.0,0.0,4496.759869894057,30000.0,60.0,0.0,0.0,99547.47352285634,96284.33844782169,30.329048106407974,forecast,climatology
2026-07-11,Kalyanpur,22,11:00,88000.0,0.0,0.0,0.0,0.0,0.0,0.0,0.0,9805.960663003905,30000.0,60.0,0.0,0.0,105261.37664900938,101998.2415739749,30.58916714570615,forecast,climatology
2026-07-11,Kalyanpur,23,11:30,88000.0,0.0,0.0,0.0,0.0,0.0,0.0,0.0,12047.041247719972,30000.0,60.0,0.0,0.0,107673.28719034542,104410.15211531076,30.809260956895642,forecast,climatology
2026-07-11,Kalyanpur,24,12:00,88000.0,0.0,0.0,0.0,2213.5343093260144,0.0,0.0,0.0,19603.93155419224,30000.0,60.0,0.0,0.0,118188.4780696403,114925.34299460569,30.987532276017486,forecast,climatology
2026-07-11,Kalyanpur,25,12:30,88000.0,0.0,0.0,0.0,306.59622058215723,0.0,0.0,0.0,27651.983075268858,30000.0,60.0,0.0,0.0,124797.70770823417,121534.57263319954,31.122525357382855,forecast,climatology
2026-07-11,Kalyanpur,26,13:00,88000.0,0.0,218.26973706546778,0.0,1504.233115963083,0.0,0.0,0.0,26466.819361593385,29890.865131467268,60.0,0.0,0.0,125034.29399065247,121771.15891561795,31.21313786104618,forecast,climatology
2026-07-11,Kalyanpur,27,13:30,88000.0,0.0,8000.0,0.0,7815.568573258259,0.0,0.0,0.0,9783.705881286098,25890.865131467268,60.0,0.0,0.0,121828.07043642229,118564.93536138773,31.25862985440242,forecast,climatology
2026-07-11,Kalyanpur,28,14:00,88000.0,0.0,0.0,0.0,1361.5690227762773,0.0,0.0,0.0,7695.1168820940275,25890.865131467268,60.0,0.0,0.0,104454.98722248717,101191.85214745265,31.25862985440242,forecast,climatology
2026-07-11,Kalyanpur,29,14:30,88000.0,0.0,8000.0,0.0,0.0,0.0,0.0,0.0,6173.071078557653,21890.865131467268,60.0,0.0,0.0,109530.88640924403,106267.75133420945,31.213137861046178,forecast,climatology
2026-07-11,Kalyanpur,30,15:00,88000.0,0.0,8000.0,0.0,0.0,0.0,0.0,0.0,504.51450385960976,17890.865131467268,60.0,0.0,0.0,103430.23503154934,100167.09995651472,31.122525357382855,forecast,climatology
2026-07-11,Kalyanpur,31,15:30,88000.0,0.0,0.0,0.0,0.0,0.0,0.0,0.0,2695.293274289551,17890.865131467268,60.0,0.0,0.0,97608.68725098585,94345.55217595122,30.987532276017486,forecast,climatology
2026-07-11,Kalyanpur,32,16:00,88000.0,0.0,7781.730262934535,0.0,0.0,0.0,0.0,0.0,0.0,14000.0,60.0,0.0,0.0,102664.10078920035,99400.96571416574,30.809260956895642,forecast,climatology
2026-07-11,Kalyanpur,33,16:30,88000.0,0.0,8000.0,0.0,0.0,0.0,0.0,0.0,3088.165732127455,10000.0,60.0,0.0,0.0,106210.8292123623,102947.69413732777,30.58916714570615,forecast,climatology
2026-07-11,Kalyanpur,34,17:00,88000.0,0.0,8000.0,0.0,0.0,0.0,0.0,0.0,21962.186773577138,6000.0,60.0,0.0,0.0,126523.5527340982,123260.41765906356,30.329048106407974,forecast,climatology
2026-07-11,Kalyanpur,35,17:30,88000.0,0.0,0.0,0.0,0.0,0.0,0.0,0.0,22196.45286491548,6000.0,60.0,0.0,0.0,118596.35396215974,115333.21888712521,30.031027944953234,forecast,climatology
2026-07-11,Kalyanpur,36,18:00,88000.0,1593.4570035902725,0.0,20000.0,0.0,0.0,0.0,0.0,0.0,6756.89207670538,33.413242109614444,0.0,0.0,71468.4880851825,117396.1698716607,29.697540264051312,forecast,climatology
2026-07-11,Kalyanpur,37,18:30,88000.0,0.0,0.0,20000.0,0.0,0.0,0.0,0.0,0.0,6756.89207670538,34.25345280894802,0.0,0.0,73183.40890076387,134107.91191879244,29.331318111607544,forecast,climatology
2026-07-11,Kalyanpur,38,19:00,88000.0,0.0,0.0,20000.0,0.0,0.0,0.0,0.0,0.0,6756.89207670538,34.00611281210748,0.0,0.0,73183.40890076399,114497.74281787848,28.972904509223333,forecast,climatology
2026-07-11,Kalyanpur,39,19:30,88000.0,0.0,0.0,20000.0,0.0,0.0,0.0,0.0,0.0,6756.89207670538,34.2205607826425,0.0,1.4551915228366852e-11,73183.40890076385,120923.03315379328,28.649746754211517,forecast,climatology
2026-07-11,Kalyanpur,40,20:00,88000.0,0.0,0.0,20000.0,0.0,0.0,0.0,0.0,0.0,6756.89207670538,34.84376846148153,0.0,1.4551915228366852e-11,73183.408900764,124939.96911658582,28.358376856613916,forecast,climatology
2026-07-11,Kalyanpur,41,20:30,88000.0,6827.595627988694,0.0,13189.85354967117,0.0,0.0,0.0,0.0,0.0,10000.00000000001,33.413242109614444,0.0,1.4551915228366852e-11,73164.62963159235,111555.88342533624,28.09566796007843,forecast,climatology
2026-07-11,Kalyanpur,42,21:00,88000.0,0.0,8000.0,557.0071161371159,0.0,-6.366462912410498e-12,0.0,0.0,0.0,6000.000000000009,41.225476021733456,0.0,0.0,102287.79722606087,99024.66215102618,27.858800785782325,forecast,climatology
2026-07-11,Kalyanpur,43,21:30,88000.0,0.0,0.0,217.19642142938335,0.0,0.0,0.0,0.0,0.0,6000.000000000009,10.138242109614447,0.0,0.0,94474.18836391135,91211.0532888768,27.645233377145118,forecast,climatology
2026-07-11,Kalyanpur,44,22:00,84720.84667846214,-1.3403079815601049e-11,0.0,0.0,0.0,0.0,0.0,0.0,0.0,6000.000000000003,8.39,0.0,1.4551915228366852e-11,91178.82889542375,87915.69382038925,27.452673820644506,forecast,climatology
2026-07-11,Kalyanpur,45,22:30,76282.47724422245,0.0,0.0,0.0,0.0,0.0,0.0,0.0,0.0,6000.000000000003,8.39,0.0,1.4551915228366852e-11,82097.23123716396,78834.09616212937,27.279055649986734,forecast,climatology
2026-07-11,Kalyanpur,46,23:00,63752.521708768894,0.0,0.0,0.0,0.0,0.0,0.0,0.0,0.0,6000.000000000003,8.39,0.0,0.0,68612.15977452444,65349.024699489855,27.122515669679633,forecast,climatology
2026-07-11,Kalyanpur,47,23:30,64985.84989676908,0.0,0.0,0.0,0.0,0.0,0.0,0.0,0.0,6000.000000000003,8.39,0.0,-7.275957614183426e-12,69939.50037880763,66676.36530377304,26.981373960020385,forecast,climatology
2026-07-12,Dhanmondi,0,00:00,64506.53597178426,0.0,0.0,0.0,0.0,0.0,0.0,0.0,0.0,7999.999999999997,8.39,0.0,0.0,48501.460252864905,47482.92572872955,26.89612238326862,forecast,climatology
2026-07-12,Dhanmondi,1,00:30,71749.0073224896,7368.421052631587,0.0,0.0,0.0,0.0,0.0,0.0,0.0,11500.0,8.39,0.0,7.275957614183426e-12,48406.76063258908,47388.22610845373,26.781651763397473,forecast,climatology
2026-07-12,Dhanmondi,2,01:00,72372.5469212538,0.0,0.0,0.0,0.0,0.0,0.0,0.0,0.0,11500.0,8.39,0.0,0.0,54415.791439105844,53397.256914970494,26.67843155802874,forecast,climatology
2026-07-12,Dhanmondi,3,01:30,80626.07115387439,10000.0,0.0,0.0,0.0,0.0,0.0,0.0,0.0,16250.0,8.39,0.0,0.0,53102.64349621841,52084.108972083035,26.585356052642673,forecast,climatology
2026-07-12,Dhanmondi,4,02:00,78890.27920697277,10000.0,0.0,0.0,0.0,0.0,0.0,0.0,0.0,21000.0,8.39,0.0,0.0,51797.528551637966,50778.99402750259,26.50142820467991,forecast,climatology
2026-07-12,Dhanmondi,5,02:30,62411.65786972275,0.0,0.0,0.0,0.0,0.0,0.0,0.0,0.0,21000.0,8.39,0.0,0.0,46926.35401795294,45907.81949381754,26.425748963031495,forecast,climatology
2026-07-12,Dhanmondi,6,03:00,66130.2369529786,0.0,0.0,0.0,0.0,0.0,0.0,0.0,0.0,21000.0,8.39,0.0,0.0,49722.295745199845,48703.76122106449,26.35750763723198,forecast,climatology
2026-07-12,Dhanmondi,7,03:30,56485.86142038749,0.0,0.0,0.0,0.0,0.0,0.0,0.0,0.0,21000.0,8.39,0.0,0.0,42470.83991191382,41452.305387778455,26.295973213188592,forecast,climatology
2026-07-12,Dhanmondi,8,04:00,82819.88706412098,10000.0,0.0,0.0,0.0,0.0,0.0,0.0,0.0,25750.0,8.39,0.0,0.0,54752.139528984204,53733.60500484891,26.240486522418898,forecast,climatology
2026-07-12,Dhanmondi,9,04:30,69583.9517962363,10000.0,0.0,0.0,0.0,0.0,0.0,0.0,0.0,30500.0,8.39,0.0,0.0,44800.24583893094,43781.71131479553,26.19045318091235,forecast,climatology
2026-07-12,Dhanmondi,10,05:00,88025.1455552584,0.0,0.0,0.0,0.0,0.0,0.0,0.0,0.0,30500.0,8.39,0.0,0.0,66184.73669502983,65166.202170894496,26.145337221975435,forecast,climatology
2026-07-12,Dhanmondi,11,05:30,82595.6962772864,0.0,0.0,0.0,0.0,0.0,0.0,0.0,0.0,30500.0,8.39,0.0,0.0,62102.41830072492,61083.88377658962,26.167499333326607,forecast,climatology
2026-07-12,Dhanmondi,12,06:00,97293.5325468444,10000.0,0.0,0.0,0.0,0.0,0.0,0.0,0.0,35250.0,8.39,0.0,0.0,65634.64826269499,64616.11373855965,26.666867973692106,forecast,climatology
2026-07-12,Dhanmondi,13,06:30,103528.9356541993,10000.0,0.0,0.0,0.0,0.0,0.0,0.0,0.0,40000.0,8.39,0.0,0.0,70322.9507953911,69304.41627125569,27.158589301366277,forecast,climatology
2026-07-12,Dhanmondi,14,07:00,108959.22109481695,9.573628439715034e-13,0.0,4948.325328348669,0.0,0.0,0.0,0.0,0.0,40000.0,8.39,0.0,0.0,78204.17343583329,77185.63891169794,27.63864353388575,forecast,climatology
2026-07-12,Dhanmondi,15,07:30,110000.00000000001,0.0,4318.367607752712,526.9377436844006,0.0,0.0,0.0,0.0,0.0,37840.81619612365,49.3,0.0,1.4551915228366852e-11,85395.65910552134,84377.12458138602,28.103106266355443,forecast,climatology
2026-07-12,Dhanmondi,16,08:00,110000.00000000001,4545.650113423907,0.0,1180.4154157270686,0.0,0.0,0.0,0.0,0.0,40000.0,41.56824999999999,0.0,0.0,78401.94814305152,77383.41361891627,28.54818055314417,forecast,climatology
2026-07-12,Dhanmondi,17,08:30,110000.00000000001,0.0,-0.0,0.0,0.0,0.0,0.0,0.0,1954.5724364703929,40000.0,60.0,0.0,0.0,84176.90026835525,83158.36574421989,28.970227947611054,forecast,climatology
2026-07-12,Dhanmondi,18,09:00,110000.00000000001,0.0,0.0,0.0,0.0,0.0,0.0,0.0,20676.17475762074,40000.0,60.0,0.0,0.0,98253.3816228399,97234.84709870457,29.365798246115315,forecast,climatology
2026-07-12,Dhanmondi,19,09:30,110000.00000000001,0.0,0.0,0.0,0.0,0.0,0.0,0.0,25108.749170057505,40000.0,60.0,0.0,0.0,101586.16532365295,100567.63079951753,29.731657693154677,forecast,climatology
2026-07-12,Dhanmondi,20,10:00,110000.00000000001,0.0,10000.0,0.0,0.0,0.0,0.0,0.0,10905.744935883398,35000.0,60.0,0.0,0.0,98050.04964953534,97031.51512540004,30.06481541705753,forecast,climatology
2026-07-12,Dhanmondi,21,10:30,110000.00000000001,0.0,0.0,0.0,0.0,0.0,0.0,0.0,19481.001493080403,35000.0,60.0,0.0,0.0,97354.74944995824,96336.21492582298,30.36254788011927,forecast,climatology
2026-07-12,Dhanmondi,22,11:00,110000.00000000001,0.0,0.0,0.0,0.0,0.0,0.0,0.0,26345.753257952747,35000.0,60.0,0.0,0.0,102516.24944145343,101497.71491731804,30.62242114330485,forecast,climatology
2026-07-12,Dhanmondi,23,11:30,110000.00000000001,0.0,10000.0,0.0,0.0,0.0,0.0,0.0,24759.1112348857,30000.0,60.0,0.0,0.0,108466.18012061415,107447.64559647877,30.842310763505427,forecast,climatology
2026-07-12,Dhanmondi,24,12:00,110000.00000000001,0.0,0.0,0.0,0.0,0.0,0.0,0.0,584.2766177929007,30000.0,60.0,0.0,0.0,83146.59617307223,122224.01481432474,31.02041916069058,forecast,climatology
2026-07-12,Dhanmondi,25,12:30,110000.00000000001,0.0,0.0,0.0,0.0,0.0,0.0,0.0,2786.219334657246,30000.0,60.0,0.0,0.0,84802.20262522771,129487.77857926104,31.155290312981066,forecast,climatology
2026-07-12,Dhanmondi,26,13:00,110000.00000000001,0.0,1476.4268187314922,0.0,0.0,0.0,0.0,0.0,0.0,29261.786590634252,60.0,0.0,0.0,83761.88490434915,116941.49347440296,31.24582165951105,forecast,climatology
2026-07-12,Dhanmondi,27,13:30,110000.00000000001,1844.8779856486653,0.0,0.0,0.0,0.0,0.0,0.0,0.0,30138.10363381737,51.224999999999994,0.0,0.0,81320.15264030508,114044.78326975336,31.291273113774857,forecast,climatology
2026-07-12,Dhanmondi,28,14:00,110000.00000000001,0.0,0.0,0.0,0.0,0.0,0.0,0.0,1566.272451944882,30138.10363381737,60.0,0.0,0.0,83884.94355448234,113838.27289279162,31.291273113774857,forecast,climatology
2026-07-12,Dhanmondi,29,14:30,110000.00000000001,0.0,10000.0,0.0,0.0,0.0,0.0,0.0,26206.882727974444,25138.10363381737,60.0,0.0,0.0,109554.73696945798,108536.20244532256,31.24582165951105,forecast,climatology
2026-07-12,Dhanmondi,30,15:00,110000.00000000001,0.0,0.0,0.0,0.0,0.0,0.0,0.0,40219.837080985366,25138.10363381737,60.0,0.0,0.0,112947.9570963501,111929.42257221475,31.155290312981066,forecast,climatology
2026-07-12,Dhanmondi,31,15:30,110000.00000000001,0.0,4276.2072676347425,0.0,0.0,0.0,0.0,0.0,28704.048424511846,23000.0,60.0,0.0,0.0,107343.86786146263,106325.33333732733,31.02041916069058,forecast,climatology
2026-07-12,Dhanmondi,32,16:00,110000.00000000001,0.0,10000.0,0.0,0.0,0.0,0.0,0.0,14146.342028727639,18000.0,60.0,0.0,0.0,100486.60415872317,99468.06963458781,30.842310763505427,forecast,climatology
2026-07-12,Dhanmondi,33,16:30,110000.00000000001,0.0,10000.0,0.0,0.0,0.0,0.0,0.0,20938.3312323328,13000.0,60.0,0.0,0.0,105593.39511306355,104574.86058892823,30.62242114330485,forecast,climatology
2026-07-12,Dhanmondi,34,17:00,110000.00000000001,0.0,0.0,0.0,0.0,0.0,0.0,0.0,52774.4557227552,13000.0,60.0,0.0,0.0,122387.57942097817,121369.04489684278,30.36254788011927,forecast,climatology
2026-07-12,Dhanmondi,35,17:30,110000.00000000001,0.0,10000.0,0.0,0.0,0.0,0.0,0.0,38669.570951798494,7999.999999999999,60.0,0.0,0.0,118925.23824387204,117906.70371973676,30.06481541705753,forecast,climatology
2026-07-12,Dhanmondi,36,18:00,110000.00000000001,5600.000000000015,5320.000000000014,0.0,19600.0,0.0,0.0,0.0,19380.394701329205,7999.999999999999,51.224999999999994,8.775000000000006,0.0,111605.51076426756,110586.97624013218,29.731657693154677,forecast,climatology
2026-07-12,Dhanmondi,37,18:30,110000.00000000001,5600.000000000015,0.0,0.0,19600.0,0.0,0.0,0.0,45248.070722373246,10660.000000000005,51.224999999999994,8.775000000000006,0.0,127254.98976732917,126236.45524319376,29.365885500932137,forecast,climatology
2026-07-12,Dhanmondi,38,19:00,110000.00000000001,5600.000000000015,0.0,0.0,19600.0,0.0,0.0,0.0,38000.90915240791,13320.000000000013,51.224999999999994,8.775000000000006,0.0,121805.96179618656,120787.42727205124,29.008681340980928,forecast,climatology
2026-07-12,Dhanmondi,39,19:30,110000.00000000001,5600.000000000015,0.0,0.0,19600.0,0.0,0.0,0.0,31185.78940820288,15980.000000000018,51.224999999999994,8.775000000000006,0.0,116681.77934843185,115663.24482429652,28.686583960969934,forecast,climatology
2026-07-12,Dhanmondi,40,20:00,110000.00000000001,5600.000000000015,10000.0,0.0,19600.0,0.0,0.0,0.0,14127.11468221918,13640.000000000025,51.224999999999994,8.775000000000006,0.0,110998.52948446471,109979.99496032941,28.39614299235379,forecast,climatology
2026-07-12,Dhanmondi,41,20:30,110000.00000000001,5600.000000000014,10000.0,0.0,19600.0,0.0,0.0,0.0,3546.4163646566294,11300.000000000033,51.224999999999994,8.775000000000006,0.0,103043.06712447564,102024.53260034027,28.134247176101564,forecast,climatology
2026-07-12,Dhanmondi,42,21:00,110000.00000000001,0.0,6600.000000000066,0.0,0.0,0.0,0.0,0.0,14733.660107431639,8000.0,60.0,0.0,0.0,98499.61275954515,97481.07823540985,27.89809103429682,forecast,climatology
2026-07-12,Dhanmondi,43,21:30,110000.00000000001,0.0,3647.053282763134,0.0,6647.672294164401,1823.5266413815666,0.0,0.0,136.16328701938255,6176.473358618432,60.0,0.0,0.0,90413.00251359459,89394.46798945926,27.685144817323305,forecast,climatology
2026-07-12,Dhanmondi,44,22:00,110000.00000000001,3839.003455540141,0.0,0.0,2223.0821149555754,0.0,0.0,0.0,0.0,8000.0,27.474999999999998,0.0,0.0,81492.30157766314,80473.76705352783,27.493127404704737,forecast,climatology
2026-07-12,Dhanmondi,45,22:30,88959.8436855955,0.0,0.0,0.0,0.0,0.0,0.0,0.0,0.0,8000.0,8.39,0.0,0.0,66887.52166920363,65868.9871450683,27.319981869307338,forecast,climatology
2026-07-12,Dhanmondi,46,23:00,81665.39812243712,-1.6753849769501311e-12,0.0,0.0,0.0,0.0,0.0,0.0,0.0,7999.999999999999,8.39,0.0,0.0,61402.941599628,60384.40707549265,27.16385344314422,forecast,climatology
2026-07-12,Dhanmondi,47,23:30,80979.86298874472,0.0,0.0,0.0,0.0,0.0,0.0,0.0,0.0,7999.999999999999,8.39,0.0,0.0,60887.49840402271,59868.96387988736,27.02306964874706,forecast,climatology
2026-07-12,Kalyanpur,0,00:00,60436.81024674291,8000.0,0.0,0.0,0.0,0.0,0.0,0.0,0.0,9800.000000000004,8.39,0.0,7.275957614183426e-12,56109.21778495672,52396.78610259991,26.89612238326862,forecast,climatology
2026-07-12,Kalyanpur,1,00:30,51034.77354705139,0.0,0.0,0.0,0.0,0.0,0.0,0.0,0.0,9800.000000000004,8.39,0.0,-7.275957614183426e-12,54608.989564450465,50896.5578820937,26.781651763397473,forecast,climatology
2026-07-12,Kalyanpur,2,01:00,63121.12385621357,5122.301469414079,0.0,0.0,0.0,0.0,0.0,0.0,0.0,12233.093197971692,8.39,0.0,-7.275957614183426e-12,62060.764971379846,58348.333289023074,26.67843155802874,forecast,climatology
2026-07-12,Kalyanpur,3,01:30,56089.73588658695,0.0,0.0,0.0,0.0,0.0,0.0,0.0,0.0,12233.093197971692,8.39,0.0,-7.275957614183426e-12,60017.97576077185,56305.544078415056,26.585356052642673,forecast,climatology
2026-07-12,Kalyanpur,4,02:00,57509.07755136707,0.0,0.0,0.0,0.0,0.0,0.0,0.0,0.0,12233.093197971692,8.39,0.0,-7.275957614183426e-12,61536.72089812228,57824.289215765544,26.50142820467991,forecast,climatology
2026-07-12,Kalyanpur,5,02:30,56940.489155271076,8000.0,0.0,0.0,0.0,0.0,0.0,0.0,0.0,16033.093197971692,8.39,0.0,7.275957614183426e-12,52368.03214371685,48655.6004613601,26.425748963031495,forecast,climatology
2026-07-12,Kalyanpur,6,03:00,55035.42848617442,8000.0,0.0,0.0,0.0,0.0,0.0,0.0,0.0,19833.09319797169,8.39,0.0,7.275957614183426e-12,50329.550712963945,46617.119030607195,26.35750763723198,forecast,climatology
2026-07-12,Kalyanpur,7,03:30,50196.450893195986,8000.0,0.0,0.0,0.0,0.0,0.0,0.0,0.0,23633.09319797169,8.39,0.0,0.0,45151.675736523764,41439.244054167015,26.295973213188592,forecast,climatology
2026-07-12,Kalyanpur,8,04:00,58391.73044263573,8000.0,0.0,0.0,0.0,0.0,0.0,0.0,0.0,27433.09319797169,8.39,0.0,7.275957614183426e-12,53920.91099100181,50208.4793086451,26.240486522418898,forecast,climatology
2026-07-12,Kalyanpur,9,04:30,48687.02771690805,0.0,0.0,0.0,0.0,0.0,0.0,0.0,0.0,27433.09319797169,8.39,0.0,0.0,52096.81955511203,48384.38787275528,26.19045318091235,forecast,climatology
2026-07-12,Kalyanpur,10,05:00,62029.06138271284,0.0,0.0,0.0,0.0,0.0,0.0,0.0,0.0,27433.09319797169,8.39,0.0,0.0,66373.26141201094,62660.82972965417,26.145337221975435,forecast,climatology
2026-07-12,Kalyanpur,11,05:30,66753.98461892422,0.0,0.0,0.0,0.0,0.0,0.0,0.0,0.0,27433.09319797169,8.39,0.0,7.275957614183426e-12,71429.09424452484,67716.66256216812,26.167499333326607,forecast,climatology
2026-07-12,Kalyanpur,12,06:00,76438.72789670434,0.0,0.0,0.0,0.0,0.0,0.0,0.0,0.0,27433.09319797169,8.39,0.0,0.0,81792.10769266107,78079.67601030426,26.666867973692106,forecast,climatology
2026-07-12,Kalyanpur,13,06:30,88000.0,5404.014320059598,0.0,0.0,0.0,0.0,0.0,0.0,0.0,30000.0,8.390000000000008,0.0,0.0,88380.58850017122,84668.15681781432,27.158589301366277,forecast,climatology
2026-07-12,Kalyanpur,14,07:00,88000.0,-0.0,0.0,0.0,4849.358821781696,0.0,0.0,0.0,0.0,30000.0,18.25510204081633,0.0,0.0,99352.055756453,95639.62407409606,27.63864353388575,forecast,climatology
2026-07-12,Kalyanpur,15,07:30,88000.0,0.0,6739.184464918503,0.0,516.3989888107126,0.0,0.0,0.0,2103.200482827091,26630.40776754075,60.0,0.0,0.0,103816.73994121654,100104.30825885973,28.103106266355443,forecast,climatology
2026-07-12,Kalyanpur,16,08:00,88000.0,0.0,0.0,0.0,1156.8071074125273,0.0,0.0,0.0,0.0,26630.40776754075,52.11045918367346,0.0,0.0,95400.89649735909,91688.46481500241,28.54818055314417,forecast,climatology
2026-07-12,Kalyanpur,17,08:30,88000.0,5257.800991666523,0.0,0.0,0.0,0.0,0.0,0.0,0.0,29127.863238582348,51.224999999999994,0.0,0.0,88537.04186656147,84824.61018420459,28.970227947611054,forecast,climatology
2026-07-12,Kalyanpur,18,09:00,88000.0,0.0,5811.32867890333,0.0,0.0,0.0,0.0,0.0,0.0,26222.198899130683,60.0,0.0,0.0,100070.48086117048,96358.04917881367,29.365798246115315,forecast,climatology
2026-07-12,Kalyanpur,19,09:30,88000.0,5787.644738091685,0.0,0.0,0.0,0.0,0.0,0.0,0.0,28971.330149724232,51.224999999999994,0.0,0.0,87970.09055849597,84257.6588761392,29.731657693154677,forecast,climatology
2026-07-12,Kalyanpur,20,10:00,88000.0,0.0,5942.660299448466,0.0,0.0,0.0,0.0,0.0,0.0,26000.0,60.0,0.0,0.0,100203.98380960144,96491.55212724468,30.06481541705753,forecast,climatology
2026-07-12,Kalyanpur,21,10:30,88000.0,0.0,0.0,0.0,0.0,0.0,0.0,0.0,5530.872726795476,26000.0,60.0,0.0,0.0,100081.29942974198,96368.86774738508,30.36254788011927,forecast,climatology
2026-07-12,Kalyanpur,22,11:00,88000.0,0.0,8000.0,0.0,0.0,0.0,0.0,0.0,3270.4183035999836,22000.0,60.0,0.0,0.0,105794.79962610887,102082.36794375212,30.62242114330485,forecast,climatology
2026-07-12,Kalyanpur,23,11:30,88000.0,0.0,0.0,0.0,0.0,0.0,0.0,0.0,13120.17498725917,22000.0,60.0,0.0,0.0,108202.11782743748,104489.68614508066,30.842310763505427,forecast,climatology
2026-07-12,Kalyanpur,24,12:00,88000.0,0.0,8000.0,0.0,0.0,0.0,0.0,0.0,15358.981652750337,18000.0,60.0,0.0,0.0,118729.98447951733,115017.55279716058,31.02041916069058,forecast,climatology
2026-07-12,Kalyanpur,25,12:30,88000.0,0.0,8000.0,0.0,0.0,0.0,0.0,0.0,21541.954835006236,14000.0,60.0,0.0,0.0,125345.9816618268,121633.54997946996,31.155290312981066,forecast,climatology
2026-07-12,Kalyanpur,26,13:00,88000.0,0.0,0.0,0.0,0.0,0.0,0.0,0.0,29376.516729922903,14000.0,60.0,0.0,0.0,125596.97107907009,121884.53939671334,31.24582165951105,forecast,climatology
2026-07-12,Kalyanpur,27,13:30,88000.0,0.0,0.0,0.0,0.0,0.0,0.0,0.0,26382.150959883245,14000.0,60.0,0.0,0.0,122392.89515743428,118680.46347507753,31.291273113774857,forecast,climatology
2026-07-12,Kalyanpur,28,14:00,88000.0,0.0,0.0,0.0,0.0,0.0,0.0,0.0,10126.610500616642,14000.0,60.0,0.0,0.0,104998.89930701311,101286.46762465643,31.291273113774857,forecast,climatology
2026-07-12,Kalyanpur,29,14:30,88000.0,0.0,0.0,0.0,0.0,0.0,0.0,0.0,14879.474500294478,14000.0,60.0,0.0,0.0,110084.62973198245,106372.19804962576,31.24582165951105,forecast,climatology
2026-07-12,Kalyanpur,30,15:00,88000.0,0.0,8000.0,0.0,0.0,0.0,0.0,0.0,1569.61378965698,10000.0,60.0,0.0,0.0,103974.8794129339,100262.44773057719,31.155290312981066,forecast,climatology
2026-07-12,Kalyanpur,31,15:30,88000.0,0.0,0.0,0.0,0.0,0.0,0.0,0.0,3721.089963230372,10000.0,60.0,0.0,0.0,98144.7686845171,94432.3370021603,31.02041916069058,forecast,climatology
2026-07-12,Kalyanpur,32,16:00,88000.0,0.0,8000.0,0.0,0.0,0.0,0.0,0.0,851.3167721091397,5999.999999999999,60.0,0.0,0.0,103206.27652495829,99493.84484260157,30.842310763505427,forecast,climatology
2026-07-12,Kalyanpur,33,16:30,88000.0,0.0,0.0,0.0,0.0,0.0,0.0,0.0,11775.877288866288,5999.999999999999,60.0,0.0,0.0,106763.67235426662,103051.24067190988,30.62242114330485,forecast,climatology
2026-07-12,Kalyanpur,34,17:00,88000.0,0.0,0.0,0.0,0.0,0.0,0.0,0.0,30746.405835493973,5999.999999999999,60.0,0.0,0.0,127062.80025144055,123350.36856908373,30.36254788011927,forecast,climatology
2026-07-12,Kalyanpur,35,17:30,88000.0,0.0,0.0,0.0,0.0,0.0,0.0,0.0,23328.516005926645,5999.999999999999,60.0,0.0,0.0,119125.39913963541,115412.96745727868,30.06481541705753,forecast,climatology
2026-07-12,Kalyanpur,36,18:00,88000.0,5848.559963604101,0.0,20000.0,0.0,0.0,0.0,0.0,0.0,8778.065982711947,39.33482970657879,0.0,0.0,66504.21084427857,117482.33182310997,29.731657693154677,forecast,climatology
2026-07-12,Kalyanpur,37,18:30,88000.0,3109.427012086613,0.0,20000.0,0.0,0.0,0.0,0.0,0.0,10255.043813453089,39.33482970657879,0.0,0.0,69435.17873869176,134203.09806311698,29.365885500932137,forecast,climatology
2026-07-12,Kalyanpur,38,19:00,88000.0,3393.2894927606467,0.0,20000.0,0.0,0.0,0.0,0.0,0.0,11866.856322514395,39.33482970657879,0.0,-1.4551915228366852e-11,69131.43597336773,114598.12978336759,29.008681340980928,forecast,climatology
2026-07-12,Kalyanpur,39,19:30,88000.0,1543.630345370104,0.0,20000.0,0.0,0.0,0.0,0.0,0.0,12600.080736565193,39.33482970657879,0.0,1.4551915228366852e-11,71110.63584156199,121030.09110757234,28.686583960969934,forecast,climatology
2026-07-12,Kalyanpur,40,20:00,88000.0,41.6270190073119,0.0,20000.0,0.0,0.0,0.0,0.0,0.0,12619.853570593667,39.33482970657879,0.0,0.0,72717.83184292156,125056.92258106191,28.39614299235379,forecast,climatology
2026-07-12,Kalyanpur,41,20:30,88000.0,2905.5714303290733,0.0,20000.0,0.0,0.0,0.0,0.0,0.0,13999.999999999976,39.33482970657879,0.0,0.0,69653.31132874991,111666.91292428109,28.134247176101564,forecast,climatology
2026-07-12,Kalyanpur,42,21:00,88000.0,0.0,8000.0,0.0,0.0,0.0,0.0,0.0,500.80387159290905,9999.999999999976,60.0,0.0,0.0,102831.21548331685,99118.78380096004,27.89809103429682,forecast,climatology
2026-07-12,Kalyanpur,43,21:30,88000.0,0.0,8000.0,6783.339075677961,0.0,2.3078428057488054e-11,0.0,0.0,0.0,5999.999999999976,49.3,0.0,0.0,95036.92820531502,91324.49652295835,27.685144817323305,forecast,climatology
2026-07-12,Kalyanpur,44,22:00,88000.0,0.0,0.0,2268.451137709771,0.0,0.0,0.0,0.0,0.0,5999.999999999976,17.425499999999996,0.0,0.0,91735.7505828587,88023.31890050195,27.493127404704737,forecast,climatology
2026-07-12,Kalyanpur,45,22:30,77233.32242317084,4.85861643315538e-11,0.0,0.0,0.0,0.0,0.0,0.0,0.0,5999.999999999999,8.39,0.0,0.0,82642.35157909215,78929.91989673537,27.319981869307338,forecast,climatology
2026-07-12,Kalyanpur,46,23:00,64618.259121642506,0.0,0.0,0.0,0.0,0.0,0.0,0.0,0.0,5999.999999999999,8.39,0.0,-7.275957614183426e-12,69143.79339399669,65431.361711639984,27.16385344314422,forecast,climatology
2026-07-12,Kalyanpur,47,23:30,65864.97386654011,0.0,0.0,0.0,0.0,0.0,0.0,0.0,0.0,5999.999999999999,8.39,0.0,7.275957614183426e-12,70477.82169983785,66765.39001748111,27.02306964874706,forecast,climatology
2026-07-13,Dhanmondi,0,00:00,72317.84450942333,10000.0,0.0,0.0,0.0,0.0,0.0,0.0,0.0,12750.0,8.39,0.0,1.4551915228366852e-11,48557.57496110823,47539.040436972864,26.933877057549,forecast,climatology
2026-07-13,Dhanmondi,1,00:30,64745.111914678666,2548.356883163607,0.0,0.0,0.0,0.0,0.0,0.0,0.0,13960.469519502713,8.39,0.0,0.0,48463.22299102935,47444.688466894004,26.818809480330327,forecast,climatology
2026-07-13,Dhanmondi,2,01:00,69926.99004470564,0.0,0.0,0.0,0.0,0.0,0.0,0.0,0.0,13960.469519502713,8.39,0.0,0.0,54486.56139554083,53468.026871405506,26.715040874375497,forecast,climatology
2026-07-13,Dhanmondi,3,01:30,68234.3334995088,0.0,0.0,0.0,0.0,0.0,0.0,0.0,0.0,13960.469519502713,8.39,0.0,0.0,53167.6567106335,52149.12218649815,26.621461745987787,forecast,climatology
2026-07-13,Dhanmondi,4,02:00,76554.89138442889,10000.0,0.0,0.0,0.0,0.0,0.0,0.0,0.0,18710.469519502713,8.39,0.0,7.275957614183426e-12,51859.04860587947,50840.514081744084,26.53707154734124,forecast,climatology
2026-07-13,Dhanmondi,5,02:30,60290.919840332754,0.0,0.0,0.0,0.0,0.0,0.0,0.0,0.0,18710.469519502713,8.39,0.0,0.0,46978.211179599355,45959.67665546399,26.460967978625604,forecast,climatology
2026-07-13,Dhanmondi,6,03:00,63884.81452376039,0.0,0.0,0.0,0.0,0.0,0.0,0.0,0.0,18710.469519502713,8.39,0.0,0.0,49778.54568838482,48760.01116424947,26.392337340658823,forecast,climatology
2026-07-13,Dhanmondi,7,03:30,54555.27567753512,0.0,0.0,0.0,0.0,0.0,0.0,0.0,0.0,18710.469519502713,8.39,0.0,0.0,42509.0422990362,41490.50777490083,26.33044583481727,forecast,climatology
2026-07-13,Dhanmondi,8,04:00,80353.21307335989,10000.0,0.0,0.0,0.0,0.0,0.0,0.0,0.0,23460.469519502713,8.39,0.0,0.0,54818.671031664424,53800.13650752906,26.274631717262515,forecast,climatology
2026-07-13,Dhanmondi,9,04:30,67551.59896268744,10000.0,0.0,0.0,0.0,0.0,0.0,0.0,0.0,28210.469519502713,8.39,0.0,7.275957614183426e-12,44843.753867959254,43825.21934382386,26.224298223577765,forecast,climatology
2026-07-13,Dhanmondi,10,05:00,85024.04421684868,0.0,0.0,0.0,0.0,0.0,0.0,0.0,0.0,28210.469519502713,8.39,0.0,0.0,66250.06742542122,65231.53290128584,26.178907188164054,forecast,climatology
2026-07-13,Dhanmondi,11,05:30,89753.26713772639,10000.0,0.0,0.0,0.0,0.0,0.0,0.0,0.0,32960.46951950271,8.39,0.0,1.4551915228366852e-11,62143.119325121086,61124.584800985765,26.195759618602747,forecast,climatology
2026-07-13,Dhanmondi,12,06:00,94276.83224407112,10000.0,0.0,0.0,0.0,0.0,0.0,0.0,0.0,37710.46951950271,8.39,0.0,1.4551915228366852e-11,65667.84572527074,64649.311201135446,26.698261620858986,forecast,climatology
2026-07-13,Dhanmondi,13,06:30,90298.05215973343,0.0,0.0,0.0,0.0,0.0,0.0,0.0,0.0,37710.46951950271,8.39,0.0,0.0,70359.53298938797,69340.99846525255,27.19310125154332,forecast,climatology
2026-07-13,Dhanmondi,14,07:00,110000.00000000001,4820.064169467972,0.0,4738.0658364362835,0.0,0.0,0.0,0.0,0.0,40000.0,8.39,0.0,0.0,78263.51617047169,77244.98164633631,27.67622856441071,forecast,climatology
2026-07-13,Dhanmondi,15,07:30,110000.00000000001,0.0,3902.376082773322,4029.6772273985102,0.0,0.0,0.0,0.0,0.0,38048.81195861334,12.537396121883658,0.0,0.0,85459.90890435126,84441.37438021596,28.143689471054916,forecast,climatology
2026-07-13,Dhanmondi,16,08:00,103975.39926777038,2253.1180022518924,0.0,1009.1079176209824,0.0,0.0,0.0,0.0,0.0,39119.04300968299,8.39,0.0,0.0,78474.91361277943,77456.37908864411,28.591658102596053,forecast,climatology
2026-07-13,Dhanmondi,17,08:30,110000.00000000001,1854.6462954042363,0.0,0.0,0.0,0.0,0.0,0.0,0.0,40000.0,8.39,0.0,0.0,84266.01017004698,83247.47564591162,29.01646812197316,forecast,climatology
2026-07-13,Dhanmondi,18,09:00,110000.00000000001,0.0,10000.0,0.0,0.0,0.0,0.0,0.0,6771.37847635326,35000.0,60.0,0.0,0.0,98389.66629984824,97371.13177571289,29.41464273057077,forecast,climatology
2026-07-13,Dhanmondi,19,09:30,110000.00000000001,0.0,10000.0,0.0,0.0,0.0,0.0,0.0,11082.373990141816,30000.0,60.0,0.0,0.0,101748.76014312354,100730.22561898814,29.78292312359442,forecast,climatology
2026-07-13,Dhanmondi,20,10:00,110000.00000000001,0.0,10000.0,0.0,0.0,0.0,0.0,0.0,6543.789141330912,25000.0,60.0,0.0,0.0,98212.33047761797,97193.79595348262,30.11829516130597,forecast,climatology
2026-07-13,Dhanmondi,21,10:30,110000.00000000001,0.0,10000.0,0.0,0.0,0.0,0.0,0.0,5650.149789719013,20000.0,60.0,0.0,0.0,97516.0137140056,96497.4791898704,30.418014037831753,forecast,climatology
2026-07-13,Dhanmondi,22,11:00,110000.00000000001,0.0,0.0,0.0,0.0,0.0,0.0,0.0,21763.3618957578,20000.0,60.0,0.0,0.0,102668.97664301291,101650.4421188775,30.679626745645113,forecast,climatology
2026-07-13,Dhanmondi,23,11:30,110000.00000000001,0.0,0.0,0.0,0.0,0.0,0.0,0.0,29433.021769377578,20000.0,60.0,0.0,0.0,108645.11537456329,107626.58085042784,30.900992151865882,forecast,climatology
2026-07-13,Dhanmondi,24,12:00,110000.00000000001,3091.0757487622905,0.0,0.0,0.0,0.0,0.0,0.0,0.0,21468.260980662086,51.224999999999994,0.0,0.0,83302.59405162724,122443.0037340955,31.08029852206513,forecast,climatology
2026-07-13,Dhanmondi,25,12:30,110000.00000000001,957.7191942257632,0.0,0.0,0.0,0.0,0.0,0.0,0.0,21923.177597919323,51.224999999999994,0.0,0.0,84964.8887222976,129718.08595112522,31.21607834815404,forecast,climatology
2026-07-13,Dhanmondi,26,13:00,110000.00000000001,2294.5390869517287,0.0,0.0,0.0,0.0,0.0,0.0,0.0,23013.083664221394,51.224999999999994,0.0,0.0,83923.24916204729,117168.74494101395,31.30722035900004,forecast,climatology
2026-07-13,Dhanmondi,27,13:30,110000.00000000001,5438.000136308343,0.0,0.0,0.0,0.0,0.0,0.0,0.0,25596.13372896786,51.224999999999994,0.0,0.0,81473.88900296201,114264.65360813602,31.352978615471145,forecast,climatology
2026-07-13,Dhanmondi,28,14:00,110000.00000000001,2136.8965881915065,0.0,0.0,0.0,0.0,0.0,0.0,0.0,26611.159608358827,51.224999999999994,0.0,0.0,84046.0829588653,114069.68977368722,31.352978615471145,forecast,climatology
2026-07-13,Dhanmondi,29,14:30,110000.00000000001,0.0,0.0,0.0,0.0,0.0,0.0,0.0,30880.77742215208,26611.159608358827,60.0,0.0,0.0,109773.19520768925,108754.66068355388,31.30722035900004,forecast,climatology
2026-07-13,Dhanmondi,30,15:00,110000.00000000001,0.0,10000.0,0.0,0.0,0.0,0.0,0.0,25749.608929932612,21611.159608358827,60.0,0.0,0.0,113177.35440320562,112158.81987907013,31.21607834815404,forecast,climatology
2026-07-13,Dhanmondi,31,15:30,110000.00000000001,0.0,0.0,0.0,0.0,0.0,0.0,0.0,28031.874989720352,21611.159608358827,60.0,0.0,0.0,107553.35280927684,106534.81828514152,31.080298522065135,forecast,climatology
2026-07-13,Dhanmondi,32,16:00,110000.00000000001,0.0,10000.0,0.0,0.0,0.0,0.0,0.0,9700.386205830218,16611.159608358827,60.0,0.0,0.0,100671.9261165247,99653.39159238925,30.900992151865882,forecast,climatology
2026-07-13,Dhanmondi,33,16:30,110000.00000000001,0.0,0.0,0.0,0.0,0.0,0.0,0.0,25766.61382853487,16611.159608358827,60.0,0.0,0.0,105788.27910516124,104769.74458102588,30.679626745645113,forecast,climatology
2026-07-13,Dhanmondi,34,17:00,110000.00000000001,0.0,278.50601977058705,0.0,0.0,0.0,0.0,0.0,47042.59923633811,16471.90659847353,60.0,0.0,0.0,122572.51903884843,121553.9845147131,30.418014037831753,forecast,climatology
2026-07-13,Dhanmondi,35,17:30,110000.00000000001,0.0,0.0,0.0,0.0,0.0,0.0,0.0,42834.35144076211,16471.90659847353,60.0,0.0,0.0,119087.32619266013,118068.79166852469,30.118295161305973,forecast,climatology
2026-07-13,Dhanmondi,36,18:00,110000.00000000001,5600.000000000022,10000.0,0.0,19600.0,0.0,0.0,0.0,9932.982278199132,14131.906598473543,51.224999999999994,8.775000000000006,0.0,111761.85318501826,110743.31866088283,29.782923123594422,forecast,climatology
2026-07-13,Dhanmondi,37,18:30,110000.00000000001,5600.000000000022,0.0,0.0,19600.0,0.0,0.0,0.0,39515.911583253466,16791.906598473553,51.224999999999994,8.775000000000006,0.0,127410.31395649679,126391.77943236139,29.414823637499914,forecast,climatology
2026-07-13,Dhanmondi,38,19:00,110000.00000000001,5600.000000000022,0.0,0.0,19600.0,0.0,0.0,0.0,32538.202610348577,19451.906598473564,51.224999999999994,8.775000000000006,0.0,121973.33793179815,120954.80340766285,29.056141440146114,forecast,climatology
2026-07-13,Dhanmondi,39,19:30,110000.00000000001,5600.000000000022,10000.0,0.0,19600.0,0.0,0.0,0.0,16432.940958007493,17111.906598473575,51.224999999999994,8.775000000000006,0.0,116826.56993386472,115808.0354097295,28.732679762235865,forecast,climatology
2026-07-13,Dhanmondi,40,20:00,110000.00000000001,5600.000000000022,10000.0,0.0,19600.0,0.0,0.0,0.0,9132.018001043842,14771.906598473586,51.224999999999994,8.775000000000006,0.0,111137.74811149864,110119.21358736319,28.440980152251296,forecast,climatology
2026-07-13,Dhanmondi,41,20:30,110000.00000000001,5600.00000000002,8863.813196947196,0.0,19600.0,0.0,0.0,0.0,0.0,13000.0,51.224999999999994,8.77500000000001,0.0,103181.10897223883,102162.57444810343,28.17792375863189,forecast,climatology
2026-07-13,Dhanmondi,42,21:00,110000.00000000001,0.0,10000.0,0.0,0.0,0.0,0.0,0.0,7086.211211231392,7999.999999999999,60.0,0.0,0.0,98634.98149398562,97616.44696985032,27.940697983020787,forecast,climatology
2026-07-13,Dhanmondi,43,21:30,110000.00000000001,0.0,5008.37350393454,0.0,1441.1539735509723,2504.186751967269,0.0,0.0,0.0,5495.8132480327295,49.33998530159987,0.0,0.0,90541.43288328765,89522.8983591523,27.726766407969578,forecast,climatology
2026-07-13,Dhanmondi,44,22:00,110000.00000000001,5271.972109404785,0.0,0.0,0.0,0.0,0.0,0.0,0.0,8000.000000000002,17.854336734693874,0.0,0.0,81603.25673744433,80584.72221330903,27.53384167756878,forecast,climatology
2026-07-13,Dhanmondi,45,22:30,85943.42467716848,0.0,0.0,0.0,0.0,0.0,0.0,0.0,0.0,8000.000000000002,8.39,0.0,0.0,66966.44145875292,65947.90693461761,27.359861041043718,forecast,climatology
2026-07-13,Dhanmondi,46,23:00,78905.28668444572,5.7441770638290205e-12,0.0,0.0,0.0,0.0,0.0,0.0,0.0,8000.000000000005,8.39,0.0,0.0,61482.37961645706,60463.84509232167,27.20296429782794,forecast,climatology
2026-07-13,Dhanmondi,47,23:30,78242.65712750588,0.0,0.0,0.0,0.0,0.0,0.0,0.0,0.0,8000.000000000005,8.39,0.0,0.0,60966.06387036785,59947.529346232506,27.06147390830306,forecast,climatology
2026-07-13,Kalyanpur,0,00:00,60272.456443496194,8000.0,0.0,0.0,0.0,0.0,0.0,0.0,0.0,9800.0,8.39,0.0,7.275957614183426e-12,55962.74580738991,52456.036901524916,26.933877057549,forecast,climatology
2026-07-13,Kalyanpur,1,00:30,58864.48379800166,8000.0,0.0,0.0,0.0,0.0,0.0,0.0,0.0,13600.0,8.39,0.0,7.275957614183426e-12,54455.37422731614,50948.66532145117,26.818809480330327,forecast,climatology
2026-07-13,Kalyanpur,2,01:00,57843.09137339084,0.0,0.0,0.0,0.0,0.0,0.0,0.0,0.0,13600.0,8.39,0.0,7.275957614183426e-12,61926.651997726476,58419.9430918614,26.715040874375497,forecast,climatology
2026-07-13,Kalyanpur,3,01:30,63929.12423298095,8000.0,0.0,0.0,0.0,0.0,0.0,0.0,0.0,17400.0,8.39,0.0,7.275957614183426e-12,59877.56412525887,56370.85521939386,26.621461745987787,forecast,climatology
2026-07-13,Kalyanpur,4,02:00,62276.734311942404,4926.278539461499,0.0,0.0,0.0,0.0,0.0,0.0,0.0,19739.982306244212,8.39,0.0,0.0,61399.237699927035,57892.52879406207,26.53707154734124,forecast,climatology
2026-07-13,Kalyanpur,5,02:30,56771.60631818749,8000.0,0.0,0.0,0.0,0.0,0.0,0.0,0.0,23539.982306244212,8.39,0.0,7.275957614183426e-12,52214.74544539814,48708.0365395332,26.460967978625604,forecast,climatology
2026-07-13,Kalyanpur,6,03:00,46860.86950192574,0.0,0.0,0.0,0.0,0.0,0.0,0.0,0.0,23539.982306244212,8.39,0.0,7.275957614183426e-12,50169.11594893743,46662.40704307241,26.392337340658823,forecast,climatology
2026-07-13,Kalyanpur,7,03:30,42010.41312598952,0.0,0.0,0.0,0.0,0.0,0.0,0.0,0.0,23539.982306244212,8.39,0.0,7.275957614183426e-12,44976.23090612771,41469.52200026272,26.33044583481727,forecast,climatology
2026-07-13,Kalyanpur,8,04:00,50223.01490662989,0.0,0.0,0.0,0.0,0.0,0.0,0.0,0.0,23539.982306244212,8.39,0.0,7.275957614183426e-12,53768.61942462212,50261.91051875712,26.274631717262515,forecast,climatology
2026-07-13,Kalyanpur,9,04:30,48512.839511757804,0.0,0.0,0.0,0.0,0.0,0.0,0.0,0.0,23539.982306244212,8.39,0.0,7.275957614183426e-12,51937.710425487334,48431.00151962232,26.224298223577765,forecast,climatology
2026-07-13,Kalyanpur,10,05:00,61841.44531737166,0.0,0.0,0.0,0.0,0.0,0.0,0.0,0.0,23539.982306244212,8.39,0.0,0.0,66207.27855785075,62700.569651985774,26.178907188164054,forecast,climatology
2026-07-13,Kalyanpur,11,05:30,66564.29258283746,0.0,0.0,0.0,0.0,0.0,0.0,0.0,0.0,23539.982306244212,8.39,0.0,0.0,71263.54564355928,67756.83673769442,26.195759618602747,forecast,climatology
2026-07-13,Kalyanpur,12,06:00,84244.74072457907,8000.0,0.0,0.0,0.0,0.0,0.0,0.0,0.0,27339.982306244212,8.39,0.0,0.0,81627.4063747555,78120.69746889047,26.698261620858986,forecast,climatology
2026-07-13,Kalyanpur,13,06:30,88000.0,5600.037250012186,0.0,0.0,0.0,0.0,0.0,0.0,0.0,30000.0,8.39,0.0,0.0,88217.16987608133,84710.46097021633,27.19310125154332,forecast,climatology
2026-07-13,Kalyanpur,14,07:00,88000.0,0.0,0.0,0.0,4643.304519707558,0.0,0.0,0.0,0.0,30000.0,18.25510204081633,0.0,0.0,99183.66295253937,95676.95404667419,27.67622856441071,forecast,climatology
2026-07-13,Kalyanpur,15,07:30,88000.0,0.0,5149.912334989351,0.0,3949.08368285054,0.0,0.0,0.0,0.0,27425.043832505326,22.487138899881288,0.0,0.0,103678.2397324428,100171.5308265778,28.143689471054916,forecast,climatology
2026-07-13,Kalyanpur,16,08:00,88000.0,0.0,0.0,0.0,988.9257592685627,0.0,0.0,0.0,0.0,27425.043832505326,18.25510204081633,0.0,0.0,95271.29526277061,91764.58635690557,28.591658102596053,forecast,climatology
2026-07-13,Kalyanpur,17,08:30,88000.0,5420.960352620369,0.0,0.0,0.0,0.0,0.0,0.0,0.0,30000.0,17.369642857142836,0.0,0.0,88408.88910204786,84902.18019618283,29.01646812197316,forecast,climatology
2026-07-13,Kalyanpur,18,09:00,88000.0,0.0,5662.991546435916,0.0,0.0,0.0,0.0,0.0,0.0,27168.504226782043,60.0,0.0,0.0,99972.1978878223,96465.48898195731,29.41464273057077,forecast,climatology
2026-07-13,Kalyanpur,19,09:30,88000.0,5930.481778584505,0.0,0.0,0.0,0.0,0.0,0.0,0.0,29985.483071609684,51.224999999999994,0.0,0.0,87863.39688712827,84356.68798126325,29.78292312359442,forecast,climatology
2026-07-13,Kalyanpur,20,10:00,88000.0,0.0,0.0,0.0,0.0,0.0,0.0,0.0,5535.602063176938,29985.483071609684,60.0,0.0,0.0,100138.9542092972,96632.2453034322,30.11829516130597,forecast,climatology
2026-07-13,Kalyanpur,21,10:30,88000.0,0.0,5705.599733997648,0.0,0.0,0.0,0.0,0.0,0.0,27132.68320461086,60.0,0.0,0.0,100015.53328404174,96508.82437817671,30.418014037831753,forecast,climatology
2026-07-13,Kalyanpur,22,11:00,88000.0,0.0,0.0,0.0,0.0,0.0,0.0,0.0,10761.509661749136,27132.68320461086,60.0,0.0,0.0,105733.79628196568,102227.08737610068,30.679626745645113,forecast,climatology
2026-07-13,Kalyanpur,23,11:30,88000.0,0.0,0.0,0.0,0.0,0.0,0.0,0.0,13006.812499701758,27132.68320461086,60.0,0.0,0.0,108137.61122639572,104630.90232053089,30.900992151865882,forecast,climatology
2026-07-13,Kalyanpur,24,12:00,88000.0,0.0,8000.0,0.0,0.0,0.0,0.0,0.0,15265.369018414232,23132.68320461086,60.0,0.0,0.0,118692.15428830207,115185.44538243703,31.08029852206513,forecast,climatology
2026-07-13,Kalyanpur,25,12:30,88000.0,0.0,0.0,0.0,0.0,0.0,0.0,0.0,29059.794760009816,23132.68320461086,60.0,0.0,0.0,125323.88917863349,121817.1802727685,31.21607834815404,forecast,climatology
2026-07-13,Kalyanpur,26,13:00,88000.0,0.0,0.0,0.0,0.0,0.0,0.0,0.0,29321.65975717617,23132.68320461086,60.0,0.0,0.0,125604.24111289004,122097.53220702501,31.30722035900004,forecast,climatology
2026-07-13,Kalyanpur,27,13:30,88000.0,0.0,8000.0,0.0,0.0,0.0,0.0,0.0,18733.901052376637,19132.68320461086,60.0,0.0,0.0,122405.55499200236,118898.84608613742,31.352978615471145,forecast,climatology
2026-07-13,Kalyanpur,28,14:00,88000.0,0.0,8000.0,0.0,0.0,0.0,0.0,0.0,2449.973838532913,15132.683204610861,60.0,0.0,0.0,104972.02801782178,101465.31911195675,31.352978615471145,forecast,climatology
2026-07-13,Kalyanpur,29,14:30,88000.0,0.0,0.0,0.0,0.0,0.0,0.0,0.0,14816.555560055946,15132.683204610861,60.0,0.0,0.0,110075.11708998134,106568.40818411636,31.30722035900004,forecast,climatology
2026-07-13,Kalyanpur,30,15:00,88000.0,0.0,8000.0,0.0,0.0,0.0,0.0,0.0,1491.6536218449637,11132.683204610861,60.0,0.0,0.0,103946.05307159816,100439.34416573316,31.21607834815404,forecast,climatology
2026-07-13,Kalyanpur,31,15:30,88000.0,0.0,0.0,0.0,0.0,0.0,0.0,0.0,3628.355038761978,11132.683204610861,60.0,0.0,0.0,98097.06087423625,94590.35196837131,31.080298522065135,forecast,climatology
2026-07-13,Kalyanpur,32,16:00,88000.0,0.0,0.0,0.0,0.0,0.0,0.0,0.0,8362.53875718586,11132.683204610861,60.0,0.0,0.0,103165.4647348053,99658.75582894028,30.900992151865882,forecast,climatology
2026-07-13,Kalyanpur,33,16:30,88000.0,0.0,2265.366409221717,0.0,0.0,0.0,0.0,0.0,9545.599807396542,10000.000000000002,60.0,0.0,0.0,106736.07678980203,103229.36788393713,30.679626745645113,forecast,climatology
2026-07-13,Kalyanpur,34,17:00,88000.0,0.0,8000.0,0.0,0.0,0.0,0.0,0.0,23030.994061408204,6000.000000000002,60.0,0.0,0.0,127006.01076042585,123499.30185456088,30.418014037831753,forecast,climatology
2026-07-13,Kalyanpur,35,17:30,88000.0,0.0,0.0,0.0,0.0,0.0,0.0,0.0,23195.792367999373,6000.000000000002,60.0,0.0,0.0,119045.9046030905,115539.19569722562,30.118295161305973,forecast,climatology
2026-07-13,Kalyanpur,36,18:00,88000.0,4633.828273028565,0.0,20000.0,0.0,0.0,0.0,0.0,0.0,8201.06842968857,35.8897445592969,0.0,0.0,67839.64639153928,117611.8002398304,29.782923123594422,forecast,climatology
2026-07-13,Kalyanpur,37,18:30,88000.0,0.0,0.0,20000.0,0.0,0.0,0.0,0.0,0.0,8201.06842968857,35.889744559296915,0.0,0.0,72800.60999268366,134337.85607120892,29.414823637499914,forecast,climatology
2026-07-13,Kalyanpur,38,19:00,88000.0,1605.3358029556257,0.0,20000.0,0.0,0.0,0.0,0.0,0.0,8963.602936092491,35.8897445592969,0.0,0.0,71081.9419677094,114731.29907485993,29.056141440146114,forecast,climatology
2026-07-13,Kalyanpur,39,19:30,88000.0,508.15319129102863,0.0,20000.0,0.0,0.0,0.0,0.0,0.0,9204.975701955731,35.8897445592969,0.0,0.0,72256.58260598207,121164.05680680976,28.732679762235865,forecast,climatology
2026-07-13,Kalyanpur,40,20:00,88000.0,0.0,0.0,20000.0,0.0,0.0,0.0,0.0,0.0,9204.975701955731,37.03727824428082,0.0,2.9103830456733704e-11,72800.60999268385,125195.77346121018,28.440980152251296,forecast,climatology
2026-07-13,Kalyanpur,41,20:30,88000.0,1673.7353643037354,0.0,20000.0,0.0,0.0,0.0,0.0,0.0,10000.000000000004,35.8897445592969,0.0,0.0,71008.71358845373,111792.61244785506,28.17792375863189,forecast,climatology
2026-07-13,Kalyanpur,42,21:00,88000.0,0.0,8000.0,0.0,0.0,0.0,0.0,0.0,353.50998020770396,6000.000000000005,60.0,0.0,0.0,102727.55966909099,99220.850763226,27.940697983020787,forecast,climatology
2026-07-13,Kalyanpur,43,21:30,88000.0,0.0,2272.5520888197016,1470.5652791336452,0.0,1136.276044409849,0.0,0.0,0.0,4863.723955590154,38.85318559556787,0.0,0.0,94949.50954988365,91442.80064401867,27.726766407969578,forecast,climatology
2026-07-13,Kalyanpur,44,22:00,87987.7005487849,2392.160093494419,0.0,0.0,0.0,0.0,0.0,0.0,0.0,6000.000000000003,8.39,0.0,0.0,91638.34643821437,88131.6375323495,27.53384167756878,forecast,climatology
2026-07-13,Kalyanpur,45,22:30,77087.81655532632,0.0,0.0,0.0,0.0,0.0,0.0,0.0,0.0,6000.000000000003,8.39,0.0,0.0,82530.00100340978,79023.29209754472,27.359861041043718,forecast,climatology
2026-07-13,Kalyanpur,46,23:00,64464.928226157994,-0.0,0.0,0.0,0.0,0.0,0.0,0.0,0.0,6000.000000000003,8.39,0.0,7.275957614183426e-12,69015.97202939529,65509.263123530254,27.20296429782794,forecast,climatology
2026-07-13,Kalyanpur,47,23:30,65714.8138511026,0.0,0.0,0.0,0.0,0.0,0.0,0.0,0.0,6000.000000000003,8.39,0.0,0.0,70354.09608699904,66847.387181134,27.06147390830306,forecast,climatology
