date,substation,slot,clock,G_kw,Bch_kw,Bdis_kw,T_out_kw,T_in_kw,nu_kwh,Z_critical_kw,Z_shiftable_kw,Z_curtailable_kw,SoC_kwh,pi_tk_per_kwh,c1_slack_kw,post_response_kw,baseline_kw,theta_c,day_mode,weather_source
2026-06-14,Dhanmondi,0,00:00,40948.039335123714,0.0,0.0,0.0,0.0,0.0,0.0,0.0,0.0,20000.0,8.39,-7.275957614183426e-12,41614.978366048475,47792.80337136417,27.104611918912664,observed,observed
2026-06-14,Dhanmondi,1,00:30,40501.78034837212,0.0,0.0,0.0,0.0,0.0,0.0,0.0,0.0,20000.0,8.39,0.0,41161.450959587484,47700.21869096932,26.98697319145164,observed,observed
2026-06-14,Dhanmondi,2,01:00,47312.698464042594,0.0,0.0,0.0,0.0,0.0,0.0,0.0,0.0,20000.0,8.39,0.0,48083.30154483478,53788.82748523991,26.880991112975366,observed,observed
2026-06-14,Dhanmondi,3,01:30,44677.61804192143,0.0,0.0,0.0,0.0,0.0,0.0,0.0,0.0,20000.0,8.39,0.0,45405.302389321834,52444.51455105039,26.785510643230637,observed,observed
2026-06-14,Dhanmondi,4,02:00,43898.73007223639,0.0,0.0,0.0,0.0,0.0,0.0,0.0,0.0,20000.0,8.39,0.0,44613.728322911935,51120.84877197254,26.699491193209045,observed,observed
2026-06-14,Dhanmondi,5,02:30,38576.21793689974,0.0,0.0,0.0,0.0,0.0,0.0,0.0,0.0,20000.0,8.39,0.0,39204.5260518993,46196.7763835827,26.621995284340986,observed,observed
2026-06-14,Dhanmondi,6,03:00,40679.73983475881,0.0,0.0,0.0,0.0,0.0,0.0,0.0,0.0,20000.0,8.39,0.0,41342.30895172249,49018.15423654349,26.55217833143349,observed,observed
2026-06-14,Dhanmondi,7,03:30,40176.58600071059,0.0,0.0,0.0,0.0,0.0,0.0,0.0,0.0,20000.0,8.39,0.0,40830.96002614035,41666.52638068776,26.489279438001745,observed,observed
2026-06-14,Dhanmondi,8,04:00,50579.19176824233,0.0,0.0,0.0,0.0,0.0,0.0,0.0,0.0,20000.0,8.39,0.0,51402.99768644013,54107.96134443074,26.43261310367777,observed,observed
2026-06-14,Dhanmondi,9,04:30,37765.672403705394,0.0,0.0,0.0,0.0,0.0,0.0,0.0,0.0,20000.0,8.39,-7.275957614183426e-12,38380.77880108415,44027.38266460167,26.381561753319733,observed,observed
2026-06-14,Dhanmondi,10,05:00,60716.16568628798,0.0,0.0,0.0,0.0,0.0,0.0,0.0,0.0,20000.0,8.39,-7.275957614183426e-12,61705.07703251567,65536.41348866401,26.33556900640093,observed,observed
2026-06-14,Dhanmondi,11,05:30,44833.158357287844,0.0,10000.0,0.0,0.0,0.0,0.0,0.0,0.0,15000.0,8.39,0.0,55218.10680830706,61430.69028350979,26.4083004179822,observed,observed
2026-06-14,Dhanmondi,12,06:00,62311.21810269278,0.0,0.0,0.0,0.0,0.0,0.0,0.0,0.0,15000.0,8.39,0.0,63326.1087810239,64880.16392390751,26.916570743420596,observed,observed
2026-06-14,Dhanmondi,13,06:30,63320.432978222445,0.0,0.0,0.0,0.0,0.0,0.0,0.0,0.0,15000.0,8.39,0.0,64351.761190609206,69578.0715378021,27.416757986534215,observed,observed
2026-06-14,Dhanmondi,14,07:00,70182.53917691596,0.0,0.0,0.0,0.0,0.0,0.0,0.0,0.0,15000.0,8.39,-1.4551915228366852e-11,71325.63358208185,77605.89626765126,27.904815722412494,observed,observed
2026-06-14,Dhanmondi,15,07:30,77737.23463383269,0.0,0.0,0.0,0.0,0.0,0.0,0.0,0.0,15000.0,8.39,1.4551915228366852e-11,79003.37574279144,84810.41929231693,28.37679565167867,observed,observed
2026-06-14,Dhanmondi,16,08:00,69894.01730375971,0.0,0.0,0.0,0.0,0.0,0.0,0.0,0.0,15000.0,8.39,0.0,71032.41242413427,77854.49199838653,28.828879541522205,observed,observed
2026-06-14,Dhanmondi,17,08:30,76841.68291096986,0.0,0.0,0.0,0.0,0.0,0.0,0.0,0.0,15000.0,8.39,0.0,78093.23776847713,83711.79736539217,29.25741011451607,observed,observed
2026-06-14,Dhanmondi,18,09:00,82062.76014281691,0.0,4000.0,0.0,0.0,0.0,0.0,0.0,0.0,13000.0,8.39,1.4551915228366852e-11,87261.24531993402,98052.70996661932,29.6589206353339,observed,observed
2026-06-14,Dhanmondi,19,09:30,95121.81683569869,0.0,0.0,0.0,0.0,0.0,0.0,0.0,0.0,13000.0,8.39,1.4551915228366852e-11,96671.10841034527,101514.37812826528,30.030162956015786,observed,observed
2026-06-14,Dhanmondi,20,10:00,90264.07131531092,0.0,0.0,0.0,0.0,0.0,0.0,0.0,0.0,13000.0,8.39,0.0,91734.24261600923,97951.91513658932,30.368133792901574,observed,observed
2026-06-14,Dhanmondi,21,10:30,87689.74397349232,0.0,0.0,0.0,0.0,0.0,0.0,0.0,0.0,13000.0,8.39,0.0,89117.9860533899,97230.39996952444,30.670099022655958,observed,observed
2026-06-14,Dhanmondi,22,11:00,92255.17888795989,0.0,0.0,0.0,0.0,0.0,0.0,0.0,0.0,13000.0,8.39,-1.4551915228366852e-11,93757.7802482295,102328.54069731981,30.933615800834932,observed,observed
2026-06-14,Dhanmondi,23,11:30,94961.90737033146,0.0,0.0,0.0,0.0,0.0,0.0,0.0,0.0,13000.0,8.39,0.0,96508.59442799508,108405.85219332157,31.156552324058353,observed,observed
2026-06-14,Dhanmondi,24,12:00,120440.7751884251,0.0,0.0,0.0,0.0,0.0,0.0,0.0,0.0,13000.0,8.39,1.4551915228366852e-11,122402.44796182936,123382.18859724286,31.337105075916185,observed,observed
2026-06-14,Dhanmondi,25,12:30,127793.68715570944,0.0,0.0,0.0,0.0,0.0,0.0,0.0,0.0,13000.0,8.39,0.0,129875.12009496201,130694.56571717608,31.473813417092156,observed,observed
2026-06-14,Dhanmondi,26,13:00,111644.36308518192,0.0,0.0,0.0,0.0,0.0,0.0,0.0,0.0,13000.0,8.39,0.0,113462.76476040875,118124.96476059729,31.565571401673356,observed,observed
2026-06-14,Dhanmondi,27,13:30,110596.86235810291,0.0,0.0,0.0,0.0,0.0,0.0,0.0,0.0,13000.0,8.39,-1.4551915228366852e-11,112398.20292048644,115186.30960794333,31.6116367240539,observed,observed
2026-06-14,Dhanmondi,28,14:00,109135.96185757812,0.0,0.0,0.0,0.0,0.0,0.0,0.0,0.0,13000.0,8.39,0.0,110913.5080801125,115039.74675501119,31.6116367240539,observed,observed
2026-06-14,Dhanmondi,29,14:30,92226.88621262889,0.0,0.0,0.0,0.0,0.0,0.0,0.0,0.0,13000.0,8.39,1.4551915228366852e-11,93729.02675744126,109673.8807011985,31.565571401673356,observed,observed
2026-06-14,Dhanmondi,30,15:00,100604.16036025909,0.0,0.0,0.0,0.0,0.0,0.0,0.0,0.0,13000.0,8.39,-2.9103830456733704e-11,102242.7453159036,113131.44106230793,31.473813417092156,observed,observed
2026-06-14,Dhanmondi,31,15:30,104141.73530075268,0.0,0.0,0.0,0.0,0.0,0.0,0.0,0.0,13000.0,8.39,0.0,105837.9383216561,107433.24315636425,31.337105075916185,observed,observed
2026-06-14,Dhanmondi,32,16:00,91244.61238871365,0.0,0.0,0.0,0.0,0.0,0.0,0.0,0.0,13000.0,8.39,1.4551915228366852e-11,92730.75420042765,100460.47732723695,31.156552324058353,observed,observed
2026-06-14,Dhanmondi,33,16:30,88274.2181530123,0.0,0.0,0.0,0.0,0.0,0.0,0.0,0.0,13000.0,8.39,-1.4551915228366852e-11,89711.97982528161,105635.01649495642,30.933615800834932,observed,observed
2026-06-14,Dhanmondi,34,17:00,108524.02164506614,0.0,0.0,0.0,0.0,0.0,0.0,0.0,0.0,13000.0,8.39,1.4551915228366852e-11,110291.6009236651,122394.50606311139,30.670099022655958,observed,observed
2026-06-14,Dhanmondi,35,17:30,89898.51342651872,0.0,10000.0,0.0,0.0,0.0,0.0,0.0,0.0,8000.0,8.39,0.0,101017.46147132004,118826.00978713037,30.368133792901574,observed,observed
2026-06-14,Dhanmondi,36,18:00,96233.39108838496,0.0,0.0,0.0,0.0,0.0,0.0,0.0,0.0,8000.0,8.39,1.4551915228366852e-11,97800.78737004384,111497.31747792548,30.03016295601579,observed,observed
2026-06-14,Dhanmondi,37,18:30,115558.72113677215,0.0,0.0,0.0,0.0,0.0,0.0,0.0,0.0,8000.0,8.39,0.0,117440.87771230705,127165.85808100576,29.658713316400302,observed,observed
2026-06-14,Dhanmondi,38,19:00,106354.10015909841,0.0,0.0,0.0,0.0,0.0,0.0,0.0,0.0,8000.0,8.39,-1.4551915228366852e-11,108086.33695594403,121772.4654630844,29.28799242709895,observed,observed
2026-06-14,Dhanmondi,39,19:30,105717.05752743574,0.0,0.0,0.0,0.0,0.0,0.0,0.0,0.0,8000.0,8.39,0.0,107438.91852601814,116503.23790403067,28.954005727049456,observed,observed
2026-06-14,Dhanmondi,40,20:00,96807.45914711757,0.0,0.0,0.0,0.0,0.0,0.0,0.0,0.0,8000.0,8.39,-1.4551915228366852e-11,98384.20553200472,110777.88337744457,28.653113279310222,observed,observed
2026-06-14,Dhanmondi,41,20:30,92029.91184193984,0.0,0.0,0.0,0.0,0.0,0.0,0.0,0.0,8000.0,8.39,1.4551915228366852e-11,93528.84417707873,102807.68001445789,28.382035822953156,observed,observed
2026-06-14,Dhanmondi,42,21:00,85921.85363251837,0.0,0.0,0.0,0.0,0.0,0.0,0.0,0.0,8000.0,8.39,1.4551915228366852e-11,87321.30129173215,98242.7304289985,28.13781903420643,observed,observed
2026-06-14,Dhanmondi,43,21:30,71075.59639640735,0.0,0.0,0.0,0.0,0.0,0.0,0.0,0.0,8000.0,8.39,0.0,72233.23642393274,90112.36851489295,27.9178013289082,observed,observed
2026-06-14,Dhanmondi,44,22:00,64016.574218884176,0.0,-0.0,0.0,0.0,0.0,0.0,0.0,0.0,8000.0,8.39,0.0,65059.240795011094,81090.91236534226,27.71958485536796,observed,observed
2026-06-14,Dhanmondi,45,22:30,55681.76046021274,0.0,0.0,0.0,0.0,0.0,0.0,0.0,0.0,8000.0,8.39,7.275957614183426e-12,56588.67419685324,66306.39450357566,27.54100936150271,observed,observed
2026-06-14,Dhanmondi,46,23:00,50890.66705726555,0.0,-0.0,0.0,0.0,0.0,0.0,0.0,0.0,8000.0,8.39,0.0,51719.54611280491,60823.68342921242,27.38012865144032,observed,observed
2026-06-14,Dhanmondi,47,23:30,50913.39599901428,0.0,0.0,0.0,0.0,0.0,0.0,0.0,0.0,8000.0,8.39,-1.4551915228366852e-11,51742.64525099369,60302.9075467359,27.23518937500349,observed,observed
2026-06-14,Kalyanpur,0,00:00,43535.83840368493,0.0,0.0,0.0,0.0,0.0,0.0,0.0,0.0,15000.0,8.39,-7.275957614183426e-12,46648.803029838666,52723.98192112756,27.104611918912664,observed,observed
2026-06-14,Kalyanpur,1,00:30,42210.16712385676,0.0,0.0,0.0,0.0,0.0,0.0,0.0,0.0,15000.0,8.39,0.0,45228.3416195954,51184.48660173099,26.98697319145164,observed,observed
2026-06-14,Kalyanpur,2,01:00,54193.553621244886,0.0,0.0,0.0,0.0,0.0,0.0,0.0,0.0,15000.0,8.39,-7.275957614183426e-12,58068.58213968547,58744.55073420474,26.880991112975366,observed,observed
2026-06-14,Kalyanpur,3,01:30,49489.19366679034,0.0,0.0,0.0,0.0,0.0,0.0,0.0,0.0,15000.0,8.39,-1.4551915228366852e-11,53027.84400431436,56667.60123539837,26.785510643230637,observed,observed
2026-06-14,Kalyanpur,4,02:00,47485.93213405111,0.0,0.0,0.0,0.0,0.0,0.0,0.0,0.0,15000.0,8.39,-7.275957614183426e-12,50881.34226954822,58203.483023198234,26.699491193209045,observed,observed
2026-06-14,Kalyanpur,5,02:30,44688.98746477472,0.0,0.0,0.0,0.0,0.0,0.0,0.0,0.0,15000.0,8.39,-7.275957614183426e-12,47884.40627964925,48947.78317208524,26.621995284340986,observed,observed
2026-06-14,Kalyanpur,6,03:00,41230.27540723553,0.0,0.0,0.0,0.0,0.0,0.0,0.0,0.0,15000.0,8.39,-7.275957614183426e-12,44178.38422000707,46870.24346056773,26.55217833143349,observed,observed
2026-06-14,Kalyanpur,7,03:30,38253.27165201969,0.0,0.0,0.0,0.0,0.0,0.0,0.0,0.0,15000.0,8.39,-7.275957614183426e-12,40988.5142901242,41609.0285143657,26.489279438001745,observed,observed
2026-06-14,Kalyanpur,8,04:00,40052.36793254966,0.0,0.0,0.0,0.0,0.0,0.0,0.0,0.0,15000.0,8.39,-7.275957614183426e-12,42916.252243484785,50509.12353628408,26.43261310367777,observed,observed
2026-06-14,Kalyanpur,9,04:30,44481.99434526924,0.0,0.0,0.0,0.0,0.0,0.0,0.0,0.0,15000.0,8.39,-7.275957614183426e-12,47662.612428551,48647.59532666601,26.381561753319733,observed,observed
2026-06-14,Kalyanpur,10,05:00,51665.303159202034,0.0,2000.0,0.0,0.0,0.0,0.0,0.0,0.0,14000.0,8.39,0.0,57395.40957354603,62886.024962071235,26.33556900640093,observed,observed
2026-06-14,Kalyanpur,11,05:30,59841.11963896723,0.0,0.0,0.0,0.0,0.0,0.0,0.0,0.0,14000.0,8.39,-7.275957614183426e-12,64119.96886884152,68058.97987946865,26.4083004179822,observed,observed
2026-06-14,Kalyanpur,12,06:00,70286.87603378152,0.0,0.0,0.0,0.0,0.0,0.0,0.0,0.0,14000.0,8.39,1.4551915228366852e-11,75312.63335921051,78405.95768674748,26.916570743420596,observed,observed
2026-06-14,Kalyanpur,13,06:30,78144.98817093766,0.0,0.0,0.0,0.0,0.0,0.0,0.0,0.0,14000.0,8.39,1.4551915228366852e-11,83732.62798234282,84984.61553274386,27.416757986534215,observed,observed
2026-06-14,Kalyanpur,14,07:00,88807.51141558924,0.0,0.0,0.0,0.0,0.0,0.0,0.0,0.0,14000.0,8.39,1.4551915228366852e-11,95157.55891002492,95903.98997615742,27.904815722412494,observed,observed
2026-06-14,Kalyanpur,15,07:30,86875.03548708334,0.0,0.0,0.0,0.0,0.0,0.0,0.0,0.0,14000.0,8.39,0.0,93086.90419762715,100557.65104868679,28.37679565167867,observed,observed
2026-06-14,Kalyanpur,16,08:00,79858.77235593129,0.0,0.0,0.0,0.0,0.0,0.0,0.0,0.0,14000.0,8.39,0.0,85568.95372712624,92179.91937201831,28.828879541522205,observed,observed
2026-06-14,Kalyanpur,17,08:30,74236.67664797793,0.0,0.0,0.0,0.0,0.0,0.0,0.0,0.0,14000.0,8.39,1.4551915228366852e-11,79544.85852391964,85306.37143260101,29.25741011451607,observed,observed
2026-06-14,Kalyanpur,18,09:00,81634.42779982663,0.0,0.0,0.0,0.0,0.0,0.0,0.0,0.0,14000.0,8.39,1.4551915228366852e-11,87471.57474209512,97002.81003862711,29.6589206353339,observed,observed
2026-06-14,Kalyanpur,19,09:30,73499.55438152794,0.0,0.0,0.0,0.0,0.0,0.0,0.0,0.0,14000.0,8.39,1.4551915228366852e-11,78755.0294387946,84834.27958920853,30.030162956015786,observed,observed
2026-06-14,Kalyanpur,20,10:00,82024.54667645032,0.0,0.0,0.0,0.0,0.0,0.0,0.0,0.0,14000.0,8.39,0.0,87889.58848206475,97289.51453886964,30.368133792901574,observed,observed
2026-06-14,Kalyanpur,21,10:30,79682.5431386722,0.0,0.0,0.0,0.0,0.0,0.0,0.0,0.0,14000.0,8.39,-1.4551915228366852e-11,85380.12350482089,97144.90530759718,30.670099022655958,observed,observed
2026-06-14,Kalyanpur,22,11:00,77397.09172586972,0.0,8000.0,0.0,0.0,0.0,0.0,0.0,0.0,10000.0,8.39,1.4551915228366852e-11,91074.68089310122,102869.63199386737,30.933615800834932,observed,observed
2026-06-14,Kalyanpur,23,11:30,96888.2646367506,0.0,0.0,0.0,0.0,0.0,0.0,0.0,0.0,10000.0,8.39,0.0,103816.11423291457,105245.90532442542,31.156552324058353,observed,observed
2026-06-14,Kalyanpur,24,12:00,99040.21052894874,0.0,0.0,0.0,0.0,0.0,0.0,0.0,0.0,10000.0,8.39,0.0,106121.93177856959,115905.49174319071,31.337105075916185,observed,observed
2026-06-14,Kalyanpur,25,12:30,106805.47692156631,0.0,0.0,0.0,0.0,0.0,0.0,0.0,0.0,10000.0,8.39,0.0,114442.44186188489,122595.75398662112,31.473813417092156,observed,observed
2026-06-14,Kalyanpur,26,13:00,109913.6694121053,0.0,0.0,0.0,0.0,0.0,0.0,0.0,0.0,10000.0,8.39,1.4551915228366852e-11,117772.88098023899,122993.75501115472,31.565571401673356,observed,observed
2026-06-14,Kalyanpur,27,13:30,101300.9978199572,0.0,0.0,0.0,0.0,0.0,0.0,0.0,0.0,10000.0,8.39,0.0,108544.37326350702,119814.26580676665,31.6116367240539,observed,observed
2026-06-14,Kalyanpur,28,14:00,90920.36770055907,0.0,0.0,0.0,0.0,0.0,0.0,0.0,0.0,10000.0,8.39,2.9103830456733704e-11,97421.49180489637,102215.03163597145,31.6116367240539,observed,observed
2026-06-14,Kalyanpur,29,14:30,97931.46012317993,0.0,0.0,0.0,0.0,0.0,0.0,0.0,0.0,10000.0,8.39,1.4551915228366852e-11,104933.90184313175,107394.01350231728,31.565571401673356,observed,observed
2026-06-14,Kalyanpur,30,15:00,82771.35568928423,0.0,0.0,0.0,0.0,0.0,0.0,0.0,0.0,10000.0,8.39,1.4551915228366852e-11,88689.79694980022,101189.36700789488,31.473813417092156,observed,observed
2026-06-14,Kalyanpur,31,15:30,76763.99213354551,0.0,0.0,0.0,0.0,0.0,0.0,0.0,0.0,10000.0,8.39,2.9103830456733704e-11,82252.8859009811,95268.0358647592,31.337105075916185,observed,observed
2026-06-14,Kalyanpur,32,16:00,80294.23149584385,0.0,0.0,0.0,0.0,0.0,0.0,0.0,0.0,10000.0,8.39,1.4551915228366852e-11,86035.54971769766,100376.95083493242,31.156552324058353,observed,observed
2026-06-14,Kalyanpur,33,16:30,85468.12056974265,0.0,0.0,0.0,0.0,0.0,0.0,0.0,0.0,10000.0,8.39,2.9103830456733704e-11,91579.38994580068,104020.24081308252,30.933615800834932,observed,observed
2026-06-14,Kalyanpur,34,17:00,105788.09908103565,0.0,0.0,0.0,0.0,0.0,0.0,0.0,0.0,10000.0,8.39,1.4551915228366852e-11,113352.31794949401,124176.18027119675,30.670099022655958,observed,observed
2026-06-14,Kalyanpur,35,17:30,94681.26172520762,0.0,0.0,0.0,0.0,0.0,0.0,0.0,0.0,10000.0,8.39,1.4551915228366852e-11,101451.30289857865,116128.88981749963,30.368133792901574,observed,observed
2026-06-14,Kalyanpur,36,18:00,102093.10870284104,0.0,0.0,0.0,0.0,0.0,0.0,0.0,0.0,10000.0,8.39,0.0,109393.12284335456,118236.19272769666,30.03016295601579,observed,observed
2026-06-14,Kalyanpur,37,18:30,119036.68728200029,0.0,0.0,0.0,0.0,0.0,0.0,0.0,0.0,10000.0,8.39,0.0,127548.2265175012,135009.44043522017,29.658713316400302,observed,observed
2026-06-14,Kalyanpur,38,19:00,99925.63984929057,0.0,0.0,0.0,0.0,0.0,0.0,0.0,0.0,10000.0,8.39,0.0,107070.6723903497,115381.85464063863,29.28799242709895,observed,observed
2026-06-14,Kalyanpur,39,19:30,107740.91072258556,0.0,0.0,0.0,0.0,0.0,0.0,0.0,0.0,10000.0,8.39,-1.4551915228366852e-11,115444.76244950233,121807.28432040867,28.954005727049456,observed,observed
2026-06-14,Kalyanpur,40,20:00,107784.39680403081,0.0,0.0,0.0,0.0,0.0,0.0,0.0,0.0,10000.0,8.39,0.0,115491.35793777723,125852.70337086715,28.653113279310222,observed,observed
2026-06-14,Kalyanpur,41,20:30,99078.20430151768,0.0,0.0,0.0,0.0,0.0,0.0,0.0,0.0,10000.0,8.39,0.0,106162.6422386851,112380.03911346148,28.382035822953156,observed,observed
2026-06-14,Kalyanpur,42,21:00,87517.478356029,0.0,0.0,0.0,0.0,0.0,0.0,0.0,0.0,10000.0,8.39,2.9103830456733704e-11,93775.28397737283,99693.06357113023,28.13781903420643,observed,observed
2026-06-14,Kalyanpur,43,21:30,70689.99750650012,0.0,0.0,0.0,0.0,0.0,0.0,0.0,0.0,10000.0,8.39,1.4551915228366852e-11,75744.57942634674,91985.79330870428,27.9178013289082,observed,observed
2026-06-14,Kalyanpur,44,22:00,71071.02454875817,0.0,0.0,0.0,0.0,0.0,0.0,0.0,0.0,10000.0,8.39,1.4551915228366852e-11,76152.85123401308,88625.79954185849,27.71958485536796,observed,observed
2026-06-14,Kalyanpur,45,22:30,70534.94099679451,0.0,0.0,0.0,0.0,0.0,0.0,0.0,0.0,10000.0,8.39,1.4551915228366852e-11,75578.43583419439,79447.4287237013,27.54100936150271,observed,observed
2026-06-14,Kalyanpur,46,23:00,58349.62606131841,0.0,0.0,0.0,0.0,0.0,0.0,0.0,0.0,10000.0,8.39,0.0,62521.82828684869,65862.14094720985,27.38012865144032,observed,observed
2026-06-14,Kalyanpur,47,23:30,44697.1356873397,0.0,8000.0,0.0,0.0,0.0,0.0,0.0,0.0,6000.0,8.39,-7.275957614183426e-12,56036.563694543795,67218.2881102694,27.23518937500349,observed,observed
2026-06-15,Dhanmondi,0,00:00,41202.476951913784,0.0,0.0,0.0,0.0,0.0,0.0,0.0,0.0,8000.0,8.39,-7.275957614183426e-12,41616.21442095596,48309.2766826948,27.452101592373356,observed,observed
2026-06-15,Dhanmondi,1,00:30,41915.269606058486,0.0,0.0,0.0,0.0,0.0,0.0,0.0,0.0,8000.0,8.39,0.0,42336.16463092,48203.12622351752,27.317935203206595,observed,observed
2026-06-15,Dhanmondi,2,01:00,45846.22803360228,0.0,0.0,0.0,0.0,0.0,0.0,0.0,0.0,8000.0,8.39,-7.275957614183426e-12,46306.59604433841,54399.83826423066,27.197067143344054,observed,observed
2026-06-15,Dhanmondi,3,01:30,45685.368015615895,0.0,0.0,0.0,0.0,0.0,0.0,0.0,0.0,8000.0,8.39,0.0,46144.12073956262,52989.5106687847,27.08817930648965,observed,observed
2026-06-15,Dhanmondi,4,02:00,44253.324334934034,0.0,0.0,0.0,0.0,0.0,0.0,0.0,0.0,8000.0,8.39,0.0,44697.69709505732,51622.40946569772,26.990084234654166,observed,observed
2026-06-15,Dhanmondi,5,02:30,39162.47692952112,0.0,0.0,0.0,0.0,0.0,0.0,0.0,0.0,8000.0,8.39,-7.275957614183426e-12,39555.72959986792,46608.636949076514,26.901712168531898,observed,observed
2026-06-15,Dhanmondi,6,03:00,47002.87648699621,0.0,0.0,0.0,0.0,0.0,0.0,0.0,0.0,8000.0,8.39,7.275957614183426e-12,47474.85906168773,49454.07651644663,26.822099381420465,observed,observed
2026-06-15,Dhanmondi,7,03:30,39969.592287722655,0.0,0.0,0.0,0.0,0.0,0.0,0.0,0.0,8000.0,8.39,0.0,40370.949661723986,41955.87413678937,26.750377669461383,observed,observed
2026-06-15,Dhanmondi,8,04:00,45571.86392804566,0.0,0.0,0.0,0.0,0.0,0.0,0.0,0.0,8000.0,8.39,7.275957614183426e-12,46029.476892992614,54601.224551766296,26.685764883588917,observed,observed
2026-06-15,Dhanmondi,9,04:30,41838.65477071531,0.0,0.0,0.0,0.0,0.0,0.0,0.0,0.0,8000.0,8.39,7.275957614183426e-12,42258.78046250728,44343.61043040924,26.627556399934996,observed,observed
2026-06-15,Dhanmondi,10,05:00,64004.69435629013,0.0,0.0,0.0,0.0,0.0,0.0,0.0,0.0,8000.0,8.39,-7.275957614183426e-12,64647.40183916051,66002.60025097581,26.575117435672162,observed,observed
2026-06-15,Dhanmondi,11,05:30,58227.54376614803,0.0,0.0,0.0,0.0,0.0,0.0,0.0,0.0,8000.0,8.39,0.0,58812.23959922779,61793.374851639026,26.660126250689206,observed,observed
2026-06-15,Dhanmondi,12,06:00,59118.03093977646,0.0,0.0,0.0,0.0,0.0,0.0,0.0,0.0,8000.0,8.39,0.0,59711.66866025443,65221.75538838918,27.23960151381873,observed,observed
2026-06-15,Dhanmondi,13,06:30,67823.8471662919,0.0,0.0,0.0,0.0,0.0,0.0,0.0,0.0,8000.0,8.39,-1.4551915228366852e-11,68504.9049313393,69994.74261697204,27.809848994846927,observed,observed
2026-06-15,Dhanmondi,14,07:00,68700.26877967181,0.0,0.0,0.0,0.0,0.0,0.0,0.0,0.0,8000.0,8.39,0.0,69390.12719183936,78334.46297878234,28.36625724923511,observed,observed
2026-06-15,Dhanmondi,15,07:30,78236.36125282272,0.0,0.0,0.0,0.0,0.0,0.0,0.0,0.0,8000.0,8.39,-1.4551915228366852e-11,79021.97698484756,85645.58662281945,28.90432674670679,observed,observed
2026-06-15,Dhanmondi,16,08:00,76891.06908566254,0.0,0.0,0.0,0.0,0.0,0.0,0.0,0.0,8000.0,8.39,0.0,77663.17597507547,78846.03704689404,29.41970625779037,observed,observed
2026-06-15,Dhanmondi,17,08:30,75470.7573622011,0.0,0.0,0.0,0.0,0.0,0.0,0.0,0.0,8000.0,8.39,0.0,76228.60209503543,84965.99508969493,29.90822804109144,observed,observed
2026-06-15,Dhanmondi,18,09:00,90574.5381164107,0.0,0.0,0.0,0.0,0.0,0.0,0.0,0.0,8000.0,8.39,0.0,91484.04848889833,100025.4222927686,30.365941546744228,observed,observed
2026-06-15,Dhanmondi,19,09:30,88530.15055514938,0.0,0.0,0.0,0.0,0.0,0.0,0.0,0.0,8000.0,8.39,-1.4551915228366852e-11,89419.13207117231,103921.58716691488,30.789145363491084,observed,observed
2026-06-15,Dhanmondi,20,10:00,92390.6514105993,0.0,0.0,0.0,0.0,0.0,0.0,0.0,0.0,8000.0,8.39,0.0,93318.39840800414,100398.52988516627,31.17441715104218,observed,observed
2026-06-15,Dhanmondi,21,10:30,94464.99457717699,0.0,0.0,0.0,0.0,0.0,0.0,0.0,0.0,8000.0,8.39,0.0,95413.57123229063,99697.4817728771,31.518641315660204,observed,observed
2026-06-15,Dhanmondi,22,11:00,96663.12439999447,0.0,0.0,0.0,0.0,0.0,0.0,0.0,0.0,8000.0,8.39,0.0,97633.77372492792,104692.42586888342,31.81903420516461,observed,observed
2026-06-15,Dhanmondi,23,11:30,95587.75928675417,0.0,0.0,0.0,0.0,0.0,0.0,0.0,0.0,8000.0,8.39,0.0,96547.61025990982,111200.85443049394,32.07316661961002,observed,observed
2026-06-15,Dhanmondi,24,12:00,124440.94396073202,0.0,0.0,0.0,0.0,0.0,0.0,0.0,0.0,8000.0,8.39,0.0,125690.52614627926,126826.79662558182,32.27898345560065,observed,observed
2026-06-15,Dhanmondi,25,12:30,128762.45412009083,0.0,0.0,0.0,0.0,0.0,0.0,0.0,0.0,8000.0,8.39,0.0,130055.43104323743,134335.52852773466,32.43482032538229,observed,observed
2026-06-15,Dhanmondi,26,13:00,119577.38082775046,0.0,0.0,0.0,0.0,0.0,0.0,0.0,0.0,8000.0,8.39,-1.4551915228366852e-11,120778.12521397043,121729.4033891438,32.539417016317444,observed,observed
2026-06-15,Dhanmondi,27,13:30,116341.18950883328,0.0,0.0,0.0,0.0,0.0,0.0,0.0,0.0,8000.0,8.39,0.0,117509.43746025905,118679.30291794069,32.591927681900486,observed,observed
2026-06-15,Dhanmondi,28,14:00,114665.32987489298,0.0,0.0,0.0,0.0,0.0,0.0,0.0,0.0,8000.0,8.39,-1.4551915228366852e-11,115816.74956805105,118716.17542990633,32.591927681900486,observed,observed
2026-06-15,Dhanmondi,29,14:30,97283.57558553077,0.0,0.0,0.0,0.0,0.0,0.0,0.0,0.0,8000.0,8.39,-1.4551915228366852e-11,98260.45521315865,113138.84981381876,32.539417016317444,observed,observed
2026-06-15,Dhanmondi,30,15:00,105455.94035016044,0.0,0.0,0.0,0.0,0.0,0.0,0.0,0.0,8000.0,8.39,1.4551915228366852e-11,106514.88333329365,116758.01652249532,32.43482032538229,observed,observed
2026-06-15,Dhanmondi,31,15:30,98140.08246713738,0.0,0.0,0.0,0.0,0.0,0.0,0.0,0.0,8000.0,8.39,-1.4551915228366852e-11,99125.56276675468,110728.35751106343,32.27898345560065,observed,observed
2026-06-15,Dhanmondi,32,16:00,85602.81287138825,0.0,0.0,0.0,0.0,0.0,0.0,0.0,0.0,8000.0,8.39,-1.4551915228366852e-11,86462.39932735873,103355.24107680956,32.07316661961002,observed,observed
2026-06-15,Dhanmondi,33,16:30,96563.4008058725,0.0,0.0,0.0,0.0,0.0,0.0,0.0,0.0,8000.0,8.39,1.4551915228366852e-11,97533.04874956665,108651.3971684117,31.819034205164616,observed,observed
2026-06-15,Dhanmondi,34,17:00,112835.75026492281,0.0,0.0,0.0,0.0,0.0,0.0,0.0,0.0,8000.0,8.39,0.0,113968.79811023966,125223.78239821277,31.518641315660204,observed,observed
2026-06-15,Dhanmondi,35,17:30,103867.98500160516,0.0,0.0,0.0,0.0,0.0,0.0,0.0,0.0,8000.0,8.39,2.9103830456733704e-11,104910.9824233191,121269.71660546807,31.17441715104218,observed,observed
2026-06-15,Dhanmondi,36,18:00,99530.26243329838,0.0,0.0,0.0,0.0,0.0,0.0,0.0,0.0,8000.0,8.39,1.4551915228366852e-11,100529.70231940811,113811.96003284064,30.789145363491084,observed,observed
2026-06-15,Dhanmondi,37,18:30,118261.39489409962,0.0,0.0,0.0,0.0,0.0,0.0,0.0,0.0,8000.0,8.39,0.0,119448.92471824068,129409.80242325204,30.365714944799745,observed,observed
2026-06-15,Dhanmondi,38,19:00,105963.64529347107,0.0,0.0,0.0,0.0,0.0,0.0,0.0,0.0,8000.0,8.39,1.4551915228366852e-11,107027.68643025438,124081.60259230752,29.94275648135586,observed,observed
2026-06-15,Dhanmondi,39,19:30,102725.01932723742,0.0,0.0,0.0,0.0,0.0,0.0,0.0,0.0,8000.0,8.39,0.0,103756.53958155033,118412.11967644992,29.561720894154046,observed,observed
2026-06-15,Dhanmondi,40,20:00,102412.07252180239,0.0,0.0,0.0,0.0,0.0,0.0,0.0,0.0,8000.0,8.39,0.0,103440.45029952645,112533.25327431632,29.218452863690597,observed,observed
2026-06-15,Dhanmondi,41,20:30,95271.47732153829,0.0,0.0,0.0,0.0,0.0,0.0,0.0,0.0,8000.0,8.39,-2.9103830456733704e-11,96228.15232787172,104473.8348897634,28.909208938199075,observed,observed
2026-06-15,Dhanmondi,42,21:00,90404.09530594634,0.0,0.0,0.0,0.0,0.0,0.0,0.0,0.0,8000.0,8.39,-1.4551915228366852e-11,91311.8941653834,99808.42334328472,28.63061671006675,observed,observed
2026-06-15,Dhanmondi,43,21:30,72510.6290909971,0.0,-0.0,0.0,0.0,0.0,0.0,0.0,0.0,8000.0,8.39,0.0,73238.74949486942,91537.44281993322,28.379638038610647,observed,observed
2026-06-15,Dhanmondi,44,22:00,66998.6104793265,0.0,0.0,0.0,0.0,0.0,0.0,0.0,0.0,8000.0,8.39,0.0,67671.38157416652,82273.52244580351,28.153535918145348,observed,observed
2026-06-15,Dhanmondi,45,22:30,54738.30228068454,0.0,0.0,0.0,0.0,0.0,0.0,0.0,0.0,8000.0,8.39,0.0,55287.96065854636,67115.46831196948,27.949844630027883,observed,observed
2026-06-15,Dhanmondi,46,23:00,57505.156030666716,0.0,0.0,0.0,0.0,0.0,0.0,0.0,0.0,8000.0,8.39,0.0,58082.597958266604,61608.122698191015,27.7663428531778,observed,observed
2026-06-15,Dhanmondi,47,23:30,49470.25167061802,0.0,-0.0,0.0,0.0,0.0,0.0,0.0,0.0,8000.0,8.39,0.0,49967.010560695664,61051.324405527565,27.60102943983379,observed,observed
2026-06-15,Kalyanpur,0,00:00,45623.08318971413,0.0,0.0,0.0,0.0,0.0,0.0,0.0,0.0,6000.0,8.39,0.0,50799.733536784304,53269.31944987515,27.452101592373356,observed,observed
2026-06-15,Kalyanpur,1,00:30,40825.65982188557,0.0,0.0,0.0,0.0,0.0,0.0,0.0,0.0,6000.0,8.39,7.275957614183426e-12,45457.96766499023,51648.60507780169,27.317935203206595,observed,observed
2026-06-15,Kalyanpur,2,01:00,46050.191937979675,0.0,0.0,0.0,0.0,0.0,0.0,0.0,0.0,6000.0,8.39,0.0,51275.30443393071,59362.81254500329,27.197067143344054,observed,observed
2026-06-15,Kalyanpur,3,01:30,49097.99295270746,0.0,0.0,0.0,0.0,0.0,0.0,0.0,0.0,6000.0,8.39,0.0,54668.92600872638,57215.09482725456,27.08817930648965,observed,observed
2026-06-15,Kalyanpur,4,02:00,44989.00471063376,0.0,0.0,0.0,0.0,0.0,0.0,0.0,0.0,6000.0,8.39,0.0,50093.70896486415,58759.82665214846,26.990084234654166,observed,observed
2026-06-15,Kalyanpur,5,02:30,39515.84742656954,0.0,-0.0,0.0,0.0,0.0,0.0,0.0,0.0,6000.0,8.39,7.275957614183426e-12,43999.536624971646,49364.24161529649,26.901712168531898,observed,observed
2026-06-15,Kalyanpur,6,03:00,37521.76358611312,0.0,0.0,0.0,0.0,0.0,0.0,0.0,0.0,6000.0,8.39,7.275957614183426e-12,41779.19287214014,47221.2136576617,26.822099381420465,observed,observed
2026-06-15,Kalyanpur,7,03:30,36902.365013972376,0.0,0.0,0.0,0.0,0.0,0.0,0.0,0.0,6000.0,8.39,0.0,41089.513871556774,41838.35595754584,26.750377669461383,observed,observed
2026-06-15,Kalyanpur,8,04:00,38533.65153241329,0.0,0.0,0.0,0.0,0.0,0.0,0.0,0.0,6000.0,8.39,7.275957614183426e-12,42905.895287831336,50905.261441034825,26.685764883588917,observed,observed
2026-06-15,Kalyanpur,9,04:30,39355.69595942473,0.0,0.0,0.0,0.0,0.0,0.0,0.0,0.0,6000.0,8.39,0.0,43821.2134760812,48986.39553743439,26.627556399934996,observed,observed
2026-06-15,Kalyanpur,10,05:00,53614.2605129948,0.0,0.0,0.0,0.0,0.0,0.0,0.0,0.0,6000.0,8.39,7.275957614183426e-12,59697.63456157461,63169.60093949177,26.575117435672162,observed,observed
2026-06-15,Kalyanpur,11,05:30,55513.48743588781,0.0,0.0,0.0,0.0,0.0,0.0,0.0,0.0,6000.0,8.39,0.0,61812.358400111756,68416.96972657641,26.660126250689206,observed,observed
2026-06-15,Kalyanpur,12,06:00,67290.86575121306,0.0,0.0,0.0,0.0,0.0,0.0,0.0,0.0,6000.0,8.39,0.0,74926.06397087661,78828.05561310527,27.23960151381873,observed,observed
2026-06-15,Kalyanpur,13,06:30,71956.78876396244,0.0,0.0,0.0,0.0,0.0,0.0,0.0,0.0,6000.0,8.39,0.0,80121.40872136597,85466.45970087014,27.809848994846927,observed,observed
2026-06-15,Kalyanpur,14,07:00,84536.16166563793,0.0,0.0,0.0,0.0,0.0,0.0,0.0,0.0,6000.0,8.39,0.0,94128.10767258973,96362.30008797735,28.36625724923511,observed,observed
2026-06-15,Kalyanpur,15,07:30,89714.87224092739,0.0,0.0,0.0,0.0,0.0,0.0,0.0,0.0,6000.0,8.39,0.0,99894.4237322667,101431.46067070821,28.90432674670679,observed,observed
2026-06-15,Kalyanpur,16,08:00,77027.04889528961,0.0,0.0,0.0,0.0,0.0,0.0,0.0,0.0,6000.0,8.39,0.0,85766.96894276862,93214.35303276857,29.41970625779037,observed,observed
2026-06-15,Kalyanpur,17,08:30,71253.6788154236,0.0,0.0,0.0,0.0,0.0,0.0,0.0,0.0,6000.0,8.39,0.0,79338.51998312984,86398.1483356195,29.90822804109144,observed,observed
2026-06-15,Kalyanpur,18,09:00,80067.54165707556,0.0,0.0,0.0,0.0,0.0,0.0,0.0,0.0,6000.0,8.39,1.4551915228366852e-11,89152.45302934336,98557.99458786043,30.365941546744228,observed,observed
2026-06-15,Kalyanpur,19,09:30,73708.05270501607,0.0,0.0,0.0,0.0,0.0,0.0,0.0,0.0,6000.0,8.39,0.0,82071.38087007334,86300.4010666346,30.789145363491084,observed,observed
2026-06-15,Kalyanpur,20,10:00,81498.27324150501,0.0,0.0,0.0,0.0,0.0,0.0,0.0,0.0,6000.0,8.39,1.4551915228366852e-11,90745.52342639322,99410.66467072238,31.17441715104218,observed,observed
2026-06-15,Kalyanpur,21,10:30,81669.23065314634,0.0,0.0,0.0,0.0,0.0,0.0,0.0,0.0,6000.0,8.39,-1.4551915228366852e-11,90935.87862271802,99286.01486540372,31.518641315660204,observed,observed
2026-06-15,Kalyanpur,22,11:00,85761.6651318427,0.0,0.0,0.0,0.0,0.0,0.0,0.0,0.0,6000.0,8.39,0.0,95492.66362056743,105109.57430062686,31.81903420516461,observed,observed
2026-06-15,Kalyanpur,23,11:30,91362.07396299159,0.0,0.0,0.0,0.0,0.0,0.0,0.0,0.0,6000.0,8.39,0.0,101728.52618023669,107451.72847887402,32.07316661961002,observed,observed
2026-06-15,Kalyanpur,24,12:00,101985.39589573977,0.0,0.0,0.0,0.0,0.0,0.0,0.0,0.0,6000.0,8.39,0.0,113557.22967261166,118546.37488808825,32.27898345560065,observed,observed
2026-06-15,Kalyanpur,25,12:30,111202.35424873781,0.0,0.0,0.0,0.0,0.0,0.0,0.0,0.0,6000.0,8.39,0.0,123819.99570280183,125498.7920586543,32.43482032538229,observed,observed
2026-06-15,Kalyanpur,26,13:00,112244.17523327873,0.0,0.0,0.0,0.0,0.0,0.0,0.0,0.0,6000.0,8.39,0.0,124980.02752677203,126372.03689658699,32.539417016317444,observed,observed
2026-06-15,Kalyanpur,27,13:30,108656.10410291303,0.0,0.0,0.0,0.0,0.0,0.0,0.0,0.0,6000.0,8.39,0.0,120984.83376541086,123283.62417981047,32.591927681900486,observed,observed
2026-06-15,Kalyanpur,28,14:00,87859.32282586253,0.0,0.0,0.0,0.0,0.0,0.0,0.0,0.0,6000.0,8.39,-1.4551915228366852e-11,97828.33329603591,105056.37464393971,32.591927681900486,observed,observed
2026-06-15,Kalyanpur,29,14:30,84580.33154463905,0.0,-0.0,0.0,0.0,0.0,0.0,0.0,0.0,6000.0,8.39,1.4551915228366852e-11,94177.28931325777,110506.10513638692,32.539417016317444,observed,observed
2026-06-15,Kalyanpur,30,15:00,90243.67145899747,0.0,0.0,0.0,0.0,0.0,0.0,0.0,0.0,6000.0,8.39,0.0,100483.22346902968,103985.94853505092,32.43482032538229,observed,observed
2026-06-15,Kalyanpur,31,15:30,83584.66925102979,0.0,0.0,0.0,0.0,0.0,0.0,0.0,0.0,6000.0,8.39,1.4551915228366852e-11,93068.6536036182,97753.54801659574,32.27898345560065,observed,observed
2026-06-15,Kalyanpur,32,16:00,77987.15782591484,0.0,0.0,0.0,0.0,0.0,0.0,0.0,0.0,6000.0,8.39,1.4551915228366852e-11,86836.01720588663,102952.89138090418,32.07316661961002,observed,observed
2026-06-15,Kalyanpur,33,16:30,82959.72056831622,0.0,0.0,0.0,0.0,0.0,0.0,0.0,0.0,6000.0,8.39,0.0,92372.7947458553,106777.26294708034,31.819034205164616,observed,observed
2026-06-15,Kalyanpur,34,17:00,106767.73715933804,0.0,0.0,0.0,0.0,0.0,0.0,0.0,0.0,6000.0,8.39,1.4551915228366852e-11,118882.20214022273,126454.61809302027,31.518641315660204,observed,observed
2026-06-15,Kalyanpur,35,17:30,92716.72243762789,0.0,0.0,0.0,0.0,0.0,0.0,0.0,0.0,6000.0,8.39,0.0,103236.88065205919,118031.96042164837,31.17441715104218,observed,observed
2026-06-15,Kalyanpur,36,18:00,100444.31288929548,0.0,0.0,0.0,0.0,0.0,0.0,0.0,0.0,6000.0,8.39,-1.4551915228366852e-11,111841.28676362635,120152.96685348784,30.789145363491084,observed,observed
2026-06-15,Kalyanpur,37,18:30,115959.8820907238,0.0,0.0,0.0,0.0,0.0,0.0,0.0,0.0,6000.0,8.39,0.0,129117.33927911683,136956.2683662112,30.365714944799745,observed,observed
2026-06-15,Kalyanpur,38,19:00,97414.8479717807,0.0,0.0,0.0,0.0,0.0,0.0,0.0,0.0,6000.0,8.39,0.0,108468.08180225096,117219.07088615464,29.94275648135586,observed,observed
2026-06-15,Kalyanpur,39,19:30,104722.34885206909,0.0,0.0,0.0,0.0,0.0,0.0,0.0,0.0,6000.0,8.39,-1.4551915228366852e-11,116604.73262865003,123573.45358230358,29.561720894154046,observed,observed
2026-06-15,Kalyanpur,40,20:00,108432.80164270996,0.0,0.0,0.0,0.0,0.0,0.0,0.0,0.0,6000.0,8.39,0.0,120736.19415836687,127603.43644703268,29.218452863690597,observed,observed
2026-06-15,Kalyanpur,41,20:30,95545.90170692696,0.0,0.0,0.0,0.0,0.0,0.0,0.0,0.0,6000.0,8.39,1.4551915228366852e-11,106387.0744346791,113897.22305021752,28.909208938199075,observed,observed
2026-06-15,Kalyanpur,42,21:00,83340.93990397731,0.0,0.0,0.0,0.0,0.0,0.0,0.0,0.0,6000.0,8.39,1.4551915228366852e-11,92797.2693608243,100873.58372789195,28.63061671006675,observed,observed
2026-06-15,Kalyanpur,43,21:30,69092.79583420308,0.0,0.0,0.0,0.0,0.0,0.0,0.0,0.0,6000.0,8.39,0.0,76932.45112553619,93298.50589768446,28.379638038610647,observed,observed
2026-06-15,Kalyanpur,44,22:00,67914.59571974768,0.0,0.0,0.0,0.0,0.0,0.0,0.0,0.0,6000.0,8.39,1.4551915228366852e-11,75620.56583232935,89780.30831979332,28.153535918145348,observed,observed
2026-06-15,Kalyanpur,45,22:30,61273.99719625118,0.0,0.0,0.0,0.0,0.0,0.0,0.0,0.0,6000.0,8.39,0.0,68226.48783642468,80404.66647786174,27.949844630027883,observed,observed
2026-06-15,Kalyanpur,46,23:00,51577.918502422894,0.0,-0.0,0.0,0.0,0.0,0.0,0.0,0.0,6000.0,8.39,7.275957614183426e-12,57430.237790149564,66631.4064580441,27.7663428531778,observed,observed
2026-06-15,Kalyanpur,47,23:30,55379.58653262973,0.0,0.0,0.0,0.0,0.0,0.0,0.0,0.0,6000.0,8.39,7.275957614183426e-12,61663.264350997175,67999.39541486258,27.60102943983379,observed,observed
2026-06-16,Dhanmondi,0,00:00,32662.4937506803,0.0,0.0,0.0,0.0,0.0,0.0,0.0,0.0,8000.0,8.39,0.0,41717.1196664387,47011.52408556079,26.578957489246267,observed,observed
2026-06-16,Dhanmondi,1,00:30,32209.372789556703,0.0,0.0,0.0,0.0,0.0,0.0,0.0,0.0,8000.0,8.39,0.0,41138.38549191871,46829.28133364173,26.413811802452006,observed,observed
2026-06-16,Dhanmondi,2,01:00,35419.39367844323,0.0,0.0,0.0,0.0,0.0,0.0,0.0,0.0,8000.0,8.39,0.0,45238.28143298288,52598.122718836006,26.265039236434582,observed,observed
2026-06-16,Dhanmondi,3,01:30,38647.6654210537,-0.0,0.0,0.0,0.0,0.0,0.0,0.0,0.0,8000.0,8.39,0.0,49361.48768999006,51266.008782406236,26.13101650275591,observed,observed
2026-06-16,Dhanmondi,4,02:00,36637.41264054111,0.0,0.0,0.0,0.0,0.0,0.0,0.0,0.0,8000.0,8.39,0.0,46793.95697893747,49931.279280623676,26.01028125146905,observed,observed
2026-06-16,Dhanmondi,5,02:30,31020.406429523653,0.0,0.0,0.0,0.0,0.0,0.0,0.0,0.0,8000.0,8.39,0.0,39619.8164475745,45154.32813750023,25.901516115113523,observed,observed
2026-06-16,Dhanmondi,6,03:00,35010.259439216126,0.0,0.0,0.0,0.0,0.0,0.0,0.0,0.0,8000.0,8.39,0.0,44715.72788432376,47849.96790101331,25.80353433464471,observed,observed
2026-06-16,Dhanmondi,7,03:30,31603.878989697794,0.0,0.0,0.0,0.0,0.0,0.0,0.0,0.0,8000.0,8.39,-3.637978807091713e-12,40365.03800967159,40862.84224114975,25.71526681045886,observed,observed
2026-06-16,Dhanmondi,8,04:00,37769.72445776248,0.0,0.0,0.0,0.0,0.0,0.0,0.0,0.0,8000.0,8.39,0.0,48240.165830573686,52634.559719656136,25.63575043722476,observed,observed
2026-06-16,Dhanmondi,9,04:30,30070.475628017335,0.0,0.0,0.0,0.0,0.0,0.0,0.0,0.0,8000.0,8.39,0.0,38406.54788260313,43066.95312340917,25.564117595240983,observed,observed
2026-06-16,Dhanmondi,10,05:00,49227.35199148532,0.0,0.0,0.0,0.0,0.0,0.0,0.0,0.0,8000.0,8.39,0.0,62874.052102893096,64013.223853700896,25.49958668365669,observed,observed
2026-06-16,Dhanmondi,11,05:30,43185.209558492184,0.0,0.0,0.0,0.0,0.0,0.0,0.0,0.0,8000.0,8.39,0.0,55156.920005054075,60369.600284847234,25.60638481700404,observed,observed
2026-06-16,Dhanmondi,12,06:00,46458.20536121494,0.0,0.0,0.0,0.0,0.0,0.0,0.0,0.0,8000.0,8.39,-7.275957614183426e-12,59337.248629444315,64248.731044181615,26.319447364175634,observed,observed
2026-06-16,Dhanmondi,13,06:30,53436.461635202104,0.0,0.0,0.0,0.0,0.0,0.0,0.0,0.0,8000.0,8.39,0.0,68250.00202381538,69158.72392399666,27.02114191288521,observed,observed
2026-06-16,Dhanmondi,14,07:00,54199.785072898434,0.0,0.0,0.0,0.0,0.0,0.0,0.0,0.0,8000.0,8.39,0.0,69224.93233494367,77291.66527042293,27.705795881235723,observed,observed
2026-06-16,Dhanmondi,15,07:30,61968.82805336316,0.0,0.0,0.0,0.0,0.0,0.0,0.0,0.0,8000.0,8.39,0.0,79147.69261723234,84796.29557505809,28.367874445401416,observed,observed
2026-06-16,Dhanmondi,16,08:00,56395.27275422565,0.0,0.0,0.0,0.0,0.0,0.0,0.0,0.0,8000.0,8.39,0.0,72029.04836561906,78145.07094259831,29.0020252837996,observed,observed
2026-06-16,Dhanmondi,17,08:30,62619.90455906049,0.0,0.0,0.0,0.0,0.0,0.0,0.0,0.0,8000.0,8.39,0.0,79979.25914450079,84378.02189463792,29.60312184589272,observed,observed
2026-06-16,Dhanmondi,18,09:00,75419.10037698275,0.0,0.0,0.0,0.0,0.0,0.0,0.0,0.0,8000.0,8.39,-1.4551915228366852e-11,96326.62036089062,99468.4007493825,30.166304795830467,observed,observed
2026-06-16,Dhanmondi,19,09:30,72770.08436370938,0.0,0.0,0.0,0.0,0.0,0.0,0.0,0.0,8000.0,8.39,-1.4551915228366852e-11,92943.24985441372,103597.68772450948,30.687021295896756,observed,observed
2026-06-16,Dhanmondi,20,10:00,69624.05271086951,0.0,0.0,0.0,0.0,0.0,0.0,0.0,0.0,8000.0,8.39,0.0,88925.08210709676,100358.00397243403,31.1610618121894,observed,observed
2026-06-16,Dhanmondi,21,10:30,74928.27956790273,0.0,0.0,0.0,0.0,0.0,0.0,0.0,0.0,8000.0,8.39,-1.4551915228366852e-11,95699.73526805398,99889.23535600839,31.58459414499111,observed,observed
2026-06-16,Dhanmondi,22,11:00,74433.1625624083,0.0,0.0,0.0,0.0,0.0,0.0,0.0,0.0,8000.0,8.39,0.0,95067.3629965195,105053.27583475533,31.954194408726206,observed,observed
2026-06-16,Dhanmondi,23,11:30,85773.43452682772,0.0,0.0,0.0,0.0,0.0,0.0,0.0,0.0,8000.0,8.39,0.0,109551.36064228378,111791.52223000496,32.2668747110574,observed,observed
2026-06-16,Dhanmondi,24,12:00,99257.0005284338,0.0,0.0,0.0,0.0,0.0,0.0,0.0,0.0,8000.0,8.39,0.0,126772.81166537385,127708.62720319616,32.52010730736157,observed,observed
2026-06-16,Dhanmondi,25,12:30,103980.24386698591,0.0,0.0,0.0,0.0,0.0,0.0,0.0,0.0,8000.0,8.39,0.0,132805.42231268503,135385.09087507753,32.71184503531693,observed,observed
2026-06-16,Dhanmondi,26,13:00,94284.59088968241,0.0,0.0,0.0,0.0,0.0,0.0,0.0,0.0,8000.0,8.39,-1.4551915228366852e-11,120421.96137470906,122843.92462371026,32.84053786440579,observed,observed
2026-06-16,Dhanmondi,27,13:30,93152.57184438602,0.0,0.0,0.0,0.0,0.0,0.0,0.0,0.0,8000.0,8.39,0.0,118976.12645659801,119795.36695776328,32.90514542654505,observed,observed
2026-06-16,Dhanmondi,28,14:00,92955.91663711623,0.0,0.0,0.0,0.0,0.0,0.0,0.0,0.0,8000.0,8.39,0.0,118724.95491785007,119890.84983517347,32.90514542654505,observed,observed
2026-06-16,Dhanmondi,29,14:30,77205.2474937703,0.0,-0.0,0.0,0.0,0.0,0.0,0.0,0.0,8000.0,8.39,0.0,98607.91932053718,114210.24595926785,32.84053786440579,observed,observed
2026-06-16,Dhanmondi,30,15:00,81322.25863905236,0.0,0.0,0.0,0.0,0.0,0.0,0.0,0.0,8000.0,8.39,1.4551915228366852e-11,103866.23939636475,117803.4314994824,32.71184503531693,observed,observed
2026-06-16,Dhanmondi,31,15:30,82958.50813357561,0.0,0.0,0.0,0.0,0.0,0.0,0.0,0.0,8000.0,8.39,1.4551915228366852e-11,105956.08643891495,111571.91723420321,32.520107307361585,observed,observed
2026-06-16,Dhanmondi,32,16:00,71804.49326161151,0.0,0.0,0.0,0.0,0.0,0.0,0.0,0.0,8000.0,8.39,-1.4551915228366852e-11,91709.97967417141,103966.9914759054,32.2668747110574,observed,observed
2026-06-16,Dhanmondi,33,16:30,73756.0577289423,0.0,0.0,0.0,0.0,0.0,0.0,0.0,0.0,8000.0,8.39,0.0,94202.55262471992,109111.85137158832,31.954194408726213,observed,observed
2026-06-16,Dhanmondi,34,17:00,85416.31627037172,0.0,0.0,0.0,0.0,0.0,0.0,0.0,0.0,8000.0,8.39,-1.4551915228366852e-11,109095.24283470414,125443.68749993505,31.58459414499111,observed,observed
2026-06-16,Dhanmondi,35,17:30,81332.81020567458,0.0,0.0,0.0,0.0,0.0,0.0,0.0,0.0,8000.0,8.39,0.0,103879.71604547816,121229.23885991343,31.1610618121894,observed,observed
2026-06-16,Dhanmondi,36,18:00,78056.29379565797,0.0,0.0,0.0,0.0,0.0,0.0,0.0,0.0,8000.0,8.39,-1.4551915228366852e-11,99694.89083865003,113500.5157748358,30.687021295896756,observed,observed
2026-06-16,Dhanmondi,37,18:30,93169.98436319962,0.0,0.0,0.0,0.0,0.0,0.0,0.0,0.0,8000.0,8.39,0.0,118998.36603623888,128776.04921224822,30.166037731890537,observed,observed
2026-06-16,Dhanmondi,38,19:00,90174.93551415311,0.0,0.0,0.0,0.0,0.0,0.0,0.0,0.0,8000.0,8.39,0.0,115173.03621922515,123032.41769597237,29.645256368566695,observed,observed
2026-06-16,Dhanmondi,39,19:30,85712.93457505437,0.0,0.0,0.0,0.0,0.0,0.0,0.0,0.0,8000.0,8.39,0.0,109474.0890246539,117200.87598685906,29.17610709037657,observed,observed
2026-06-16,Dhanmondi,40,20:00,74554.65362804013,0.0,0.0,0.0,0.0,0.0,0.0,0.0,0.0,8000.0,8.39,0.0,95222.53355275602,111089.49213792288,28.75347091188212,observed,observed
2026-06-16,Dhanmondi,41,20:30,73026.58329876904,0.0,0.0,0.0,0.0,0.0,0.0,0.0,0.0,8000.0,8.39,0.0,93270.85486981386,102778.288639673,28.372736361758815,observed,observed
2026-06-16,Dhanmondi,42,21:00,63403.54115689131,0.0,0.0,0.0,0.0,0.0,0.0,0.0,0.0,8000.0,8.39,0.0,80980.13378610813,97899.37607674737,28.029749166072015,observed,observed
2026-06-16,Dhanmondi,43,21:30,61855.212711658714,0.0,0.0,0.0,0.0,0.0,0.0,0.0,0.0,8000.0,8.39,1.4551915228366852e-11,79002.5810760865,89504.38593736997,27.720766920129286,observed,observed
2026-06-16,Dhanmondi,44,22:00,51778.466698420096,0.0,0.0,0.0,0.0,0.0,0.0,0.0,0.0,8000.0,8.39,0.0,66132.38131450742,80335.57370050684,27.442418254323716,observed,observed
2026-06-16,Dhanmondi,45,22:30,43662.296865591976,0.0,0.0,0.0,0.0,0.0,0.0,0.0,0.0,8000.0,8.39,0.0,55766.264424177185,65615.05364696684,27.19166604841833,observed,observed
2026-06-16,Dhanmondi,46,23:00,41613.22925200735,0.0,0.0,0.0,0.0,0.0,0.0,0.0,0.0,8000.0,8.39,0.0,53149.15871592876,59982.08871660674,26.965774292894928,observed,observed
2026-06-16,Dhanmondi,47,23:30,42700.560153103885,0.0,0.0,0.0,0.0,0.0,0.0,0.0,0.0,8000.0,8.39,-7.275957614183426e-12,54537.9171391008,59335.45017033876,26.76227823578467,observed,observed
2026-06-16,Kalyanpur,0,00:00,46997.840284792524,0.0,0.0,0.0,0.0,0.0,0.0,0.0,0.0,6000.0,8.39,0.0,50879.425190990165,51899.039168744,26.578957489246267,observed,observed
2026-06-16,Kalyanpur,1,00:30,41630.688456376505,0.0,0.0,0.0,0.0,0.0,0.0,0.0,0.0,6000.0,8.39,0.0,45068.996492824146,50380.72429380172,26.413811802452006,observed,observed
2026-06-16,Kalyanpur,2,01:00,45615.958633082795,0.0,-0.0,0.0,0.0,0.0,0.0,0.0,0.0,6000.0,8.39,0.0,49383.41295521691,57539.715549104934,26.265039236434582,observed,observed
2026-06-16,Kalyanpur,3,01:30,44923.91396811949,0.0,0.0,0.0,0.0,0.0,0.0,0.0,0.0,6000.0,8.39,-7.275957614183426e-12,48634.21183136828,55483.69490046779,26.13101650275591,observed,observed
2026-06-16,Kalyanpur,4,02:00,51291.34766847244,0.0,0.0,0.0,0.0,0.0,0.0,0.0,0.0,6000.0,8.39,0.0,55527.53638952942,56883.98287897817,26.01028125146905,observed,observed
2026-06-16,Kalyanpur,5,02:30,39491.18988386387,0.0,0.0,0.0,0.0,0.0,0.0,0.0,0.0,6000.0,8.39,0.0,42752.79521832414,47901.7735433741,25.901516115113523,observed,observed
2026-06-16,Kalyanpur,6,03:00,38133.64715769657,0.0,0.0,0.0,0.0,0.0,0.0,0.0,0.0,6000.0,8.39,0.0,41283.13207718714,45949.65337589384,25.80353433464471,observed,observed
2026-06-16,Kalyanpur,7,03:30,35857.32153188886,0.0,0.0,0.0,0.0,0.0,0.0,0.0,0.0,6000.0,8.39,0.0,38818.80310617922,41009.658984408554,25.71526681045886,observed,observed
2026-06-16,Kalyanpur,8,04:00,38491.194186095585,0.0,0.0,0.0,0.0,0.0,0.0,0.0,0.0,6000.0,8.39,-7.275957614183426e-12,41670.20916782471,49350.518944252624,25.63575043722476,observed,observed
2026-06-16,Kalyanpur,9,04:30,41539.92449401078,0.0,0.0,0.0,0.0,0.0,0.0,0.0,0.0,6000.0,8.39,-7.275957614183426e-12,44970.73627054075,47646.187323098435,25.564117595240983,observed,observed
2026-06-16,Kalyanpur,10,05:00,52829.44387670157,0.0,0.0,0.0,0.0,0.0,0.0,0.0,0.0,6000.0,8.39,0.0,57192.6650526536,62048.10302733155,25.49958668365669,observed,observed
2026-06-16,Kalyanpur,11,05:30,60340.31974603922,0.0,0.0,0.0,0.0,0.0,0.0,0.0,0.0,6000.0,8.39,-7.275957614183426e-12,65323.86947815644,67037.03670301294,25.60638481700404,observed,observed
2026-06-16,Kalyanpur,12,06:00,70850.00172011936,0.0,0.0,0.0,0.0,0.0,0.0,0.0,0.0,6000.0,8.39,0.0,76701.55352791333,77625.70836298031,26.319447364175634,observed,observed
2026-06-16,Kalyanpur,13,06:30,73009.61961383639,0.0,0.0,0.0,0.0,0.0,0.0,0.0,0.0,6000.0,8.39,1.4551915228366852e-11,79039.53579260167,84499.67618314385,27.02114191288521,observed,observed
2026-06-16,Kalyanpur,14,07:00,84319.15088229944,0.0,0.0,0.0,0.0,0.0,0.0,0.0,0.0,6000.0,8.39,1.4551915228366852e-11,91283.12925630229,95706.3207150224,27.705795881235723,observed,observed
2026-06-16,Kalyanpur,15,07:30,85974.74090799189,0.0,0.0,0.0,0.0,0.0,0.0,0.0,0.0,6000.0,8.39,0.0,93075.45563446614,100542.87384226511,28.367874445401416,observed,observed
2026-06-16,Kalyanpur,16,08:00,81402.67827000756,0.0,0.0,0.0,0.0,0.0,0.0,0.0,0.0,6000.0,8.39,0.0,88125.78310593688,92483.06711245679,29.0020252837996,observed,observed
2026-06-16,Kalyanpur,17,08:30,75438.11945562,0.0,0.0,0.0,0.0,0.0,0.0,0.0,0.0,6000.0,8.39,0.0,81668.60715583072,85886.31870818642,29.60312184589272,observed,observed
2026-06-16,Kalyanpur,18,09:00,84254.42750212566,0.0,0.0,0.0,0.0,0.0,0.0,0.0,0.0,6000.0,8.39,2.9103830456733704e-11,91213.06032633212,98118.86756138985,30.166304795830467,observed,observed
2026-06-16,Kalyanpur,19,09:30,73450.70738915606,0.0,0.0,0.0,0.0,0.0,0.0,0.0,0.0,6000.0,8.39,1.4551915228366852e-11,79517.05331959958,86103.12865638174,30.687021295896756,observed,observed
2026-06-16,Kalyanpur,20,10:00,84382.92316014357,0.0,0.0,0.0,0.0,0.0,0.0,0.0,0.0,6000.0,8.39,0.0,91352.16853172786,99375.52977864948,31.1610618121894,observed,observed
2026-06-16,Kalyanpur,21,10:30,84067.20420279782,0.0,0.0,0.0,0.0,0.0,0.0,0.0,0.0,6000.0,8.39,1.4551915228366852e-11,91010.3741221485,99452.43230199927,31.58459414499111,observed,observed
2026-06-16,Kalyanpur,22,11:00,94542.69908233348,0.0,0.0,0.0,0.0,0.0,0.0,0.0,0.0,6000.0,8.39,0.0,102351.04754101603,105451.50423642616,31.954194408726206,observed,observed
2026-06-16,Kalyanpur,23,11:30,97576.45269497082,0.0,0.0,0.0,0.0,0.0,0.0,0.0,0.0,6000.0,8.39,2.9103830456733704e-11,105635.3610125869,107917.88506773829,32.2668747110574,observed,observed
2026-06-16,Kalyanpur,24,12:00,107432.6753685613,0.0,0.0,0.0,0.0,0.0,0.0,0.0,0.0,6000.0,8.39,0.0,116305.61609554134,119222.44934704487,32.52010730736157,observed,observed
2026-06-16,Kalyanpur,25,12:30,108368.66690636177,0.0,0.0,0.0,0.0,0.0,0.0,0.0,0.0,6000.0,8.39,2.9103830456733704e-11,117318.91183718259,126335.63649015276,32.71184503531693,observed,observed
2026-06-16,Kalyanpur,26,13:00,105834.07449018247,0.0,0.0,0.0,0.0,0.0,0.0,0.0,0.0,6000.0,8.39,0.0,114574.98563871911,127416.62865849015,32.84053786440579,observed,observed
2026-06-16,Kalyanpur,27,13:30,113722.09884023432,0.0,0.0,0.0,0.0,0.0,0.0,0.0,0.0,6000.0,8.39,0.0,123114.48750500033,124392.13650084182,32.90514542654505,observed,observed
2026-06-16,Kalyanpur,28,14:00,95458.4159453949,0.0,0.0,0.0,0.0,0.0,0.0,0.0,0.0,6000.0,8.39,0.0,103342.39410817597,105964.22658482926,32.90514542654505,observed,observed
2026-06-16,Kalyanpur,29,14:30,87200.35403950336,0.0,0.0,0.0,0.0,0.0,0.0,0.0,0.0,6000.0,8.39,0.0,94402.29302231122,111468.38874488494,32.84053786440579,observed,observed
2026-06-16,Kalyanpur,30,15:00,83447.34578121653,0.0,0.0,0.0,0.0,0.0,0.0,0.0,0.0,6000.0,8.39,1.4551915228366852e-11,90339.32115463461,104792.10526471204,32.71184503531693,observed,observed
2026-06-16,Kalyanpur,31,15:30,88930.5025571703,0.0,0.0,0.0,0.0,0.0,0.0,0.0,0.0,6000.0,8.39,1.4551915228366852e-11,96275.33573109329,98389.84700866978,32.520107307361585,observed,observed
2026-06-16,Kalyanpur,32,16:00,82432.67841388105,0.0,0.0,0.0,0.0,0.0,0.0,0.0,0.0,6000.0,8.39,1.4551915228366852e-11,89240.85169099017,103497.2648750375,32.2668747110574,observed,observed
2026-06-16,Kalyanpur,33,16:30,87882.52520565344,0.0,0.0,0.0,0.0,0.0,0.0,0.0,0.0,6000.0,8.39,-1.4551915228366852e-11,95140.80518808868,107198.12575164011,31.954194408726213,observed,observed
2026-06-16,Kalyanpur,34,17:00,102133.11827867047,0.0,0.0,0.0,0.0,0.0,0.0,0.0,0.0,6000.0,8.39,1.4551915228366852e-11,110568.3648332161,126631.70934945236,31.58459414499111,observed,observed
2026-06-16,Kalyanpur,35,17:30,95169.99137436422,0.0,0.0,0.0,0.0,0.0,0.0,0.0,0.0,6000.0,8.39,0.0,103030.1483476034,118000.4378154547,31.1610618121894,observed,observed
2026-06-16,Kalyanpur,36,18:00,103118.92982198384,0.0,0.0,0.0,0.0,0.0,0.0,0.0,0.0,6000.0,8.39,1.4551915228366852e-11,111635.59524990102,119895.05735722352,30.687021295896756,observed,observed
2026-06-16,Kalyanpur,37,18:30,119701.27396281983,0.0,0.0,0.0,0.0,0.0,0.0,0.0,0.0,6000.0,8.39,0.0,129587.48693454769,136406.42921498578,30.166037731890537,observed,observed
2026-06-16,Kalyanpur,38,19:00,99615.88873298025,0.0,0.0,0.0,0.0,0.0,0.0,0.0,0.0,6000.0,8.39,-1.4551915228366852e-11,107843.23551700929,116384.30905598769,29.645256368566695,observed,observed
2026-06-16,Kalyanpur,39,19:30,107304.35139628669,0.0,0.0,0.0,0.0,0.0,0.0,0.0,0.0,6000.0,8.39,0.0,116166.693755536,122452.76533218299,29.17610709037657,observed,observed
2026-06-16,Kalyanpur,40,20:00,109287.09473398003,0.0,0.0,0.0,0.0,0.0,0.0,0.0,0.0,6000.0,8.39,0.0,118313.19326938165,126163.48901482993,28.75347091188212,observed,observed
2026-06-16,Kalyanpur,41,20:30,97275.20426565775,0.0,0.0,0.0,0.0,0.0,0.0,0.0,0.0,6000.0,8.39,0.0,105309.23226219627,112353.27562204577,28.372736361758815,observed,observed
2026-06-16,Kalyanpur,42,21:00,79036.47629376098,0.0,0.0,0.0,0.0,0.0,0.0,0.0,0.0,6000.0,8.39,0.0,85564.15483307003,99434.17708704008,28.029749166072015,observed,observed
2026-06-16,Kalyanpur,43,21:30,69647.54580520297,0.0,-0.0,0.0,0.0,0.0,0.0,0.0,0.0,6000.0,8.39,1.4551915228366852e-11,75399.78592757856,91425.74785663748,27.720766920129286,observed,observed
2026-06-16,Kalyanpur,44,22:00,73514.45437170539,0.0,0.0,0.0,0.0,0.0,0.0,0.0,0.0,6000.0,8.39,0.0,79586.06521057415,87888.40931216785,27.442418254323716,observed,observed
2026-06-16,Kalyanpur,45,22:30,65038.17310511649,0.0,0.0,0.0,0.0,0.0,0.0,0.0,0.0,6000.0,8.39,0.0,70409.72187250046,78629.48410347781,27.19166604841833,observed,observed
2026-06-16,Kalyanpur,46,23:00,52125.797048059,0.0,0.0,0.0,0.0,0.0,0.0,0.0,0.0,6000.0,8.39,0.0,56430.9035342125,65036.82557594981,26.965774292894928,observed,observed
2026-06-16,Kalyanpur,47,23:30,50968.004751350454,0.0,0.0,0.0,0.0,0.0,0.0,0.0,0.0,6000.0,8.39,0.0,55177.48835193768,66208.57271608856,26.76227823578467,observed,observed
2026-06-17,Dhanmondi,0,00:00,41460.266858096606,0.0,0.0,0.0,0.0,0.0,0.0,0.0,0.0,8000.0,8.39,0.0,41667.149384549586,48886.395645369565,27.840394415038592,observed,observed
2026-06-17,Dhanmondi,1,00:30,44370.68209689452,0.0,0.0,0.0,0.0,0.0,0.0,0.0,0.0,8000.0,8.39,0.0,44592.08730019597,48811.9320693273,27.71858859266063,observed,observed
2026-06-17,Dhanmondi,2,01:00,52318.95004577866,0.0,0.0,0.0,0.0,0.0,0.0,0.0,0.0,8000.0,8.39,7.275957614183426e-12,52580.016299980154,55195.883560162394,27.6088615760828,observed,observed
2026-06-17,Dhanmondi,3,01:30,45441.53212819542,0.0,0.0,0.0,0.0,0.0,0.0,0.0,0.0,8000.0,8.39,0.0,45668.28076454048,53749.084281232965,27.510015577328225,observed,observed
2026-06-17,Dhanmondi,4,02:00,44081.46805477057,0.0,0.0,0.0,0.0,0.0,0.0,0.0,0.0,8000.0,8.39,0.0,44301.430109335764,52366.11674092877,27.42097158639042,observed,observed
2026-06-17,Dhanmondi,5,02:30,39901.29516655136,0.0,0.0,0.0,0.0,0.0,0.0,0.0,0.0,8000.0,8.39,0.0,40100.398582384565,47255.09594704246,27.340757592682703,observed,observed
2026-06-17,Dhanmondi,6,03:00,44887.59045271103,0.0,0.0,0.0,0.0,0.0,0.0,0.0,0.0,8000.0,8.39,-7.275957614183426e-12,45111.57497627982,50175.0098873364,27.268497974500992,observed,observed
2026-06-17,Dhanmondi,7,03:30,37777.994604711865,0.0,0.0,0.0,0.0,0.0,0.0,0.0,0.0,8000.0,8.39,0.0,37966.502966100394,42457.915588000295,27.203403940674523,observed,observed
2026-06-17,Dhanmondi,8,04:00,45524.72565844741,0.0,0.0,0.0,0.0,0.0,0.0,0.0,0.0,8000.0,8.39,0.0,45751.88942207035,55495.580618465654,27.144764920064883,observed,observed
2026-06-17,Dhanmondi,9,04:30,38670.753876990064,0.0,-0.0,0.0,0.0,0.0,0.0,0.0,0.0,8000.0,8.39,0.0,38863.71701659779,44940.57969329792,27.09194080492057,observed,observed
2026-06-17,Dhanmondi,10,05:00,65212.75419855018,0.0,0.0,0.0,0.0,0.0,0.0,0.0,0.0,8000.0,8.39,0.0,65538.15922770083,66915.78646755451,27.044354963414865,observed,observed
2026-06-17,Dhanmondi,11,05:30,56796.271906692695,0.0,0.0,0.0,0.0,0.0,0.0,0.0,0.0,8000.0,8.39,7.275957614183426e-12,57079.67954286116,62462.092933449974,27.124442912042902,observed,observed
2026-06-17,Dhanmondi,12,06:00,60696.40726440364,0.0,0.0,0.0,0.0,0.0,0.0,0.0,0.0,8000.0,8.39,0.0,60999.27618043005,65655.99098869514,27.650242513628164,observed,observed
2026-06-17,Dhanmondi,13,06:30,65155.17893216061,0.0,0.0,0.0,0.0,0.0,0.0,0.0,0.0,8000.0,8.39,0.0,65480.296666571674,70374.00855747885,28.167651680047616,observed,observed
2026-06-17,Dhanmondi,14,07:00,76990.41935899132,0.0,0.0,0.0,0.0,0.0,0.0,0.0,0.0,8000.0,8.39,0.0,77374.59374272547,78817.96967383918,28.67248873660246,observed,observed
2026-06-17,Dhanmondi,15,07:30,79193.03202302576,0.0,0.0,0.0,0.0,0.0,0.0,0.0,0.0,8000.0,8.39,0.0,79588.19722055021,86051.42531615698,29.1606736157496,observed,observed
2026-06-17,Dhanmondi,16,08:00,71823.40382812328,0.0,0.0,0.0,0.0,0.0,0.0,0.0,0.0,8000.0,8.39,0.0,72181.79532843058,79196.0402706961,29.62826083200105,observed,observed
2026-06-17,Dhanmondi,17,08:30,76670.72753969161,0.0,0.0,0.0,0.0,0.0,0.0,0.0,0.0,8000.0,8.39,0.0,77053.3066936727,85280.58293705332,30.071471369137967,observed,observed
2026-06-17,Dhanmondi,18,09:00,91574.27577730047,0.0,0.0,0.0,0.0,0.0,0.0,0.0,0.0,8000.0,8.39,1.4551915228366852e-11,92031.22212537285,100362.42434710785,30.48672322202849,observed,observed
2026-06-17,Dhanmondi,19,09:30,99316.25138634075,0.0,0.0,0.0,0.0,0.0,0.0,0.0,0.0,8000.0,8.39,1.4551915228366852e-11,99811.82940746081,104180.12228084955,30.870660346211967,observed,observed
2026-06-17,Dhanmondi,20,10:00,86835.63701470791,0.0,0.0,0.0,0.0,0.0,0.0,0.0,0.0,8000.0,8.39,-1.4551915228366852e-11,87268.9380359784,100537.39362946176,31.22017978128041,observed,observed
2026-06-17,Dhanmondi,21,10:30,97247.8761755836,0.0,0.0,0.0,0.0,0.0,0.0,0.0,0.0,8000.0,8.39,0.0,97733.13321419,99737.64919265249,31.532456728847524,observed,observed
2026-06-17,Dhanmondi,22,11:00,100344.7317886791,0.0,0.0,0.0,0.0,0.0,0.0,0.0,0.0,8000.0,8.39,0.0,100845.4418226917,104654.87034313461,31.80496738242627,observed,observed
2026-06-17,Dhanmondi,23,11:30,107231.89409890254,0.0,0.0,0.0,0.0,0.0,0.0,0.0,0.0,8000.0,8.39,-1.4551915228366852e-11,107766.97037430259,111086.02726271396,32.03550932470522,observed,observed
2026-06-17,Dhanmondi,24,12:00,124833.34452201457,0.0,0.0,0.0,0.0,0.0,0.0,0.0,0.0,8000.0,8.39,0.0,125456.25024977273,126619.2006386376,32.22221932737375,observed,observed
2026-06-17,Dhanmondi,25,12:30,130489.04549089502,0.0,0.0,0.0,0.0,0.0,0.0,0.0,0.0,8000.0,8.39,0.0,131140.17259285005,134065.6524697076,32.36358840963903,observed,observed
2026-06-17,Dhanmondi,26,13:00,116686.55879015561,0.0,0.0,0.0,0.0,0.0,0.0,0.0,0.0,8000.0,8.39,0.0,117268.81288341156,121429.81379429201,32.458474033732365,observed,observed
2026-06-17,Dhanmondi,27,13:30,116924.54711549086,0.0,0.0,0.0,0.0,0.0,0.0,0.0,0.0,8000.0,8.39,-1.4551915228366852e-11,117507.98874635194,118373.51319726625,32.506109338841654,observed,observed
2026-06-17,Dhanmondi,28,14:00,114173.86253206851,0.0,0.0,0.0,0.0,0.0,0.0,0.0,0.0,8000.0,8.39,-1.4551915228366852e-11,114743.57852585058,118394.32709015775,32.506109338841654,observed,observed
2026-06-17,Dhanmondi,29,14:30,99821.41383919017,0.0,0.0,0.0,0.0,0.0,0.0,0.0,0.0,8000.0,8.39,-1.4551915228366852e-11,100319.5125697131,112850.85248618983,32.458474033732365,observed,observed
2026-06-17,Dhanmondi,30,15:00,113574.69943312168,0.0,0.0,0.0,0.0,0.0,0.0,0.0,0.0,8000.0,8.39,1.4551915228366852e-11,114141.42566381095,116489.20688607317,32.36358840963903,observed,observed
2026-06-17,Dhanmondi,31,15:30,92141.59991726556,0.0,0.0,0.0,0.0,0.0,0.0,0.0,0.0,8000.0,8.39,0.0,92601.37715525458,110529.77105044734,32.22221932737375,observed,observed
2026-06-17,Dhanmondi,32,16:00,89821.11334443901,0.0,0.0,0.0,0.0,0.0,0.0,0.0,0.0,8000.0,8.39,2.9103830456733704e-11,90269.3115897884,103236.31540357239,32.03550932470522,observed,observed
2026-06-17,Dhanmondi,33,16:30,89432.14504293511,0.0,-0.0,0.0,0.0,0.0,0.0,0.0,0.0,8000.0,8.39,0.0,89878.40237591164,108603.4753135719,31.80496738242627,observed,observed
2026-06-17,Dhanmondi,34,17:00,104918.96567581722,0.0,0.0,0.0,0.0,0.0,0.0,0.0,0.0,8000.0,8.39,0.0,105442.50067297819,125269.84683355402,31.532456728847524,observed,observed
2026-06-17,Dhanmondi,35,17:30,106263.52082815111,0.0,0.0,0.0,0.0,0.0,0.0,0.0,0.0,8000.0,8.39,0.0,106793.76501914869,121408.41530290378,31.220179781280414,observed,observed
2026-06-17,Dhanmondi,36,18:00,103617.40931251743,0.0,0.0,0.0,0.0,0.0,0.0,0.0,0.0,8000.0,8.39,0.0,104134.44967543785,114060.55347322952,30.870660346211967,observed,observed
2026-06-17,Dhanmondi,37,18:30,120109.80843094335,0.0,0.0,0.0,0.0,0.0,0.0,0.0,0.0,8000.0,8.39,1.4551915228366852e-11,120709.1441926987,129793.26946614675,30.486534262222136,observed,observed
2026-06-17,Dhanmondi,38,19:00,108715.23277245798,0.0,0.0,0.0,0.0,0.0,0.0,0.0,0.0,8000.0,8.39,0.0,109257.71075738916,124644.34985643718,30.1023254716598,observed,observed
2026-06-17,Dhanmondi,39,19:30,103803.94129985487,0.0,0.0,0.0,0.0,0.0,0.0,0.0,0.0,8000.0,8.39,0.0,104321.9124384729,119023.04596763942,29.75621652950623,observed,observed
2026-06-17,Dhanmondi,40,20:00,95417.81773453606,0.0,0.0,0.0,0.0,0.0,0.0,0.0,0.0,8000.0,8.39,0.0,95893.94296713798,113234.9062624226,29.44442928574396,observed,observed
2026-06-17,Dhanmondi,41,20:30,89209.3128635529,0.0,0.0,0.0,0.0,0.0,0.0,0.0,0.0,8000.0,8.39,-1.4551915228366852e-11,89654.45828655547,105277.72390344879,29.16356024847495,observed,observed
2026-06-17,Dhanmondi,42,21:00,86262.44092167672,0.0,0.0,0.0,0.0,0.0,0.0,0.0,0.0,8000.0,8.39,-1.4551915228366852e-11,86692.88175258014,100697.7929673773,28.91054343115906,observed,observed
2026-06-17,Dhanmondi,43,21:30,73786.24697225873,0.0,0.0,0.0,0.0,0.0,0.0,0.0,0.0,8000.0,8.39,0.0,74154.43286077103,92472.33465201574,28.682616884085277,observed,observed
2026-06-17,Dhanmondi,44,22:00,69977.78259558405,0.0,0.0,0.0,0.0,0.0,0.0,0.0,0.0,8000.0,8.39,-1.4551915228366852e-11,70326.96463313597,83155.82896157858,28.47729254473073,observed,observed
2026-06-17,Dhanmondi,45,22:30,55493.75023559511,0.0,0.0,0.0,0.0,0.0,0.0,0.0,0.0,8000.0,8.39,0.0,55770.658420734944,67793.23566200401,28.292329077891846,observed,observed
2026-06-17,Dhanmondi,46,23:00,58532.9396164173,0.0,0.0,0.0,0.0,0.0,0.0,0.0,0.0,8000.0,8.39,0.0,58825.01304831319,62338.027679113635,28.12570740910867,observed,observed
2026-06-17,Dhanmondi,47,23:30,59275.63660925218,0.0,0.0,0.0,0.0,0.0,0.0,0.0,0.0,8000.0,8.39,0.0,59571.41602381319,61817.61943022494,27.97560868430333,observed,observed
2026-06-17,Kalyanpur,0,00:00,47679.01297009551,0.0,0.0,0.0,0.0,0.0,0.0,0.0,0.0,6000.0,8.39,0.0,50742.65244064093,53878.691942110316,27.840394415038592,observed,observed
2026-06-17,Kalyanpur,1,00:30,43339.20402830365,0.0,0.0,0.0,0.0,0.0,0.0,0.0,0.0,6000.0,8.39,0.0,46123.986845985055,52210.4539726641,27.71858859266063,observed,observed
2026-06-17,Kalyanpur,2,01:00,46958.69858365459,0.0,0.0,0.0,0.0,0.0,0.0,0.0,0.0,6000.0,8.39,0.0,49976.05388328216,60168.30472789622,27.6088615760828,observed,observed
2026-06-17,Kalyanpur,3,01:30,50301.36546226132,0.0,0.0,0.0,0.0,0.0,0.0,0.0,0.0,6000.0,8.39,-1.4551915228366852e-11,53533.50553926272,57978.149226774476,27.510015577328225,observed,observed
2026-06-17,Kalyanpur,4,02:00,47509.256441713,0.0,0.0,0.0,0.0,0.0,0.0,0.0,0.0,6000.0,8.39,0.0,50561.98811932523,59584.765307738904,27.42097158639042,observed,observed
2026-06-17,Kalyanpur,5,02:30,40921.31529385914,0.0,0.0,0.0,0.0,0.0,0.0,0.0,0.0,6000.0,8.39,0.0,43550.73542886766,50017.91747176022,27.340757592682703,observed,observed
2026-06-17,Kalyanpur,6,03:00,38882.22097506989,0.0,0.0,0.0,0.0,0.0,0.0,0.0,0.0,6000.0,8.39,0.0,41380.61805716562,47801.65227926409,27.268497974500992,observed,observed
2026-06-17,Kalyanpur,7,03:30,36340.71861659197,0.0,0.0,0.0,0.0,0.0,0.0,0.0,0.0,6000.0,8.39,0.0,38675.810159103654,42236.257375299436,27.203403940674523,observed,observed
2026-06-17,Kalyanpur,8,04:00,40482.77993769457,0.0,0.0,0.0,0.0,0.0,0.0,0.0,0.0,6000.0,8.39,-7.275957614183426e-12,43084.021758122224,51623.51557613878,27.144764920064883,observed,observed
2026-06-17,Kalyanpur,9,04:30,39869.029571648214,0.0,0.0,0.0,0.0,0.0,0.0,0.0,0.0,6000.0,8.39,0.0,42430.83454702917,49625.97666837163,27.09194080492057,observed,observed
2026-06-17,Kalyanpur,10,05:00,55579.19197900643,0.0,0.0,0.0,0.0,0.0,0.0,0.0,0.0,6000.0,8.39,-7.275957614183426e-12,59150.46150999912,63725.08147834067,27.044354963414865,observed,observed
2026-06-17,Kalyanpur,11,05:30,62652.34885226975,0.0,0.0,0.0,0.0,0.0,0.0,0.0,0.0,6000.0,8.39,0.0,66678.10771155203,69077.03167820704,27.124442912042902,observed,observed
2026-06-17,Kalyanpur,12,06:00,67320.97284678667,0.0,0.0,0.0,0.0,0.0,0.0,0.0,0.0,6000.0,8.39,0.0,71646.71653905422,79364.63209553588,27.650242513628164,observed,observed
2026-06-17,Kalyanpur,13,06:30,75479.16118570264,0.0,0.0,0.0,0.0,0.0,0.0,0.0,0.0,6000.0,8.39,-1.4551915228366852e-11,80329.11346045324,85905.04805206113,28.167651680047616,observed,observed
2026-06-17,Kalyanpur,14,07:00,86935.05801629575,0.0,0.0,0.0,0.0,0.0,0.0,0.0,0.0,6000.0,8.39,0.0,92521.11482665654,96666.45344015722,28.67248873660246,observed,observed
2026-06-17,Kalyanpur,15,07:30,94056.61852341244,0.0,0.0,0.0,0.0,0.0,0.0,0.0,0.0,6000.0,8.39,1.4551915228366852e-11,100100.2748624204,101856.07708262352,29.1606736157496,observed,observed
2026-06-17,Kalyanpur,16,08:00,84189.9808910366,0.0,0.0,0.0,0.0,0.0,0.0,0.0,0.0,6000.0,8.39,0.0,89599.65136059975,93579.49540992716,29.62826083200105,observed,observed
2026-06-17,Kalyanpur,17,08:30,76088.23333360169,0.0,0.0,0.0,0.0,0.0,0.0,0.0,0.0,6000.0,8.39,1.4551915228366852e-11,80977.32185208875,86671.99650091345,30.071471369137967,observed,observed
2026-06-17,Kalyanpur,18,09:00,86835.92076512998,0.0,0.0,0.0,0.0,0.0,0.0,0.0,0.0,6000.0,8.39,-1.4551915228366852e-11,92415.60746049143,98823.6696085015,30.48672322202849,observed,observed
2026-06-17,Kalyanpur,19,09:30,72754.11418336692,0.0,0.0,0.0,0.0,0.0,0.0,0.0,0.0,6000.0,8.39,0.0,77428.96716315763,86457.86303903614,30.870660346211967,observed,observed
2026-06-17,Kalyanpur,20,10:00,80999.0414967667,0.0,0.0,0.0,0.0,0.0,0.0,0.0,0.0,6000.0,8.39,-1.4551915228366852e-11,86203.67651640288,99531.0558560094,31.22017978128041,observed,observed
2026-06-17,Kalyanpur,21,10:30,86885.93004214733,0.0,0.0,0.0,0.0,0.0,0.0,0.0,0.0,6000.0,8.39,-1.4551915228366852e-11,92468.83010929273,99320.8750172952,31.532456728847524,observed,observed
2026-06-17,Kalyanpur,22,11:00,90714.84631246778,0.0,0.0,0.0,0.0,0.0,0.0,0.0,0.0,6000.0,8.39,0.0,96543.77536143218,105073.98788044503,31.80496738242627,observed,observed
2026-06-17,Kalyanpur,23,11:30,91121.55037402497,0.0,0.0,0.0,0.0,0.0,0.0,0.0,0.0,6000.0,8.39,-1.4551915228366852e-11,96976.61240138381,107361.10657450483,32.03550932470522,observed,observed
2026-06-17,Kalyanpur,24,12:00,107137.00695518566,0.0,0.0,0.0,0.0,0.0,0.0,0.0,0.0,6000.0,8.39,-1.4551915228366852e-11,114021.15037212004,118387.21694083879,32.22221932737375,observed,observed
2026-06-17,Kalyanpur,25,12:30,112835.18891142355,0.0,0.0,0.0,0.0,0.0,0.0,0.0,0.0,6000.0,8.39,-1.4551915228366852e-11,120085.47193704541,125283.6125822502,32.36358840963903,observed,observed
2026-06-17,Kalyanpur,26,13:00,104758.07809869558,0.0,0.0,0.0,0.0,0.0,0.0,0.0,0.0,6000.0,8.39,1.4551915228366852e-11,111489.3622199282,126091.24473845818,32.458474033732365,observed,observed
2026-06-17,Kalyanpur,27,13:30,112039.4268936258,0.0,0.0,0.0,0.0,0.0,0.0,0.0,0.0,6000.0,8.39,2.9103830456733704e-11,119238.57782202042,122979.90355006406,32.506109338841654,observed,observed
2026-06-17,Kalyanpur,28,14:00,94799.79621919613,0.0,0.0,0.0,0.0,0.0,0.0,0.0,0.0,6000.0,8.39,2.9103830456733704e-11,100891.20582280833,104807.63283207892,32.506109338841654,observed,observed
2026-06-17,Kalyanpur,29,14:30,98950.12897652022,0.0,0.0,0.0,0.0,0.0,0.0,0.0,0.0,6000.0,8.39,0.0,105308.2203434318,110247.43787419281,32.458474033732365,observed,observed
2026-06-17,Kalyanpur,30,15:00,83786.39475527481,0.0,0.0,0.0,0.0,0.0,0.0,0.0,0.0,6000.0,8.39,0.0,89170.13259036705,103778.65984857737,32.36358840963903,observed,observed
2026-06-17,Kalyanpur,31,15:30,82310.64666820917,0.0,0.0,0.0,0.0,0.0,0.0,0.0,0.0,6000.0,8.39,1.4551915228366852e-11,87599.55955189254,97603.75380373395,32.22221932737375,observed,observed
2026-06-17,Kalyanpur,32,16:00,83821.96706694043,0.0,0.0,0.0,0.0,0.0,0.0,0.0,0.0,6000.0,8.39,0.0,89207.99061919194,102847.0639317058,32.03550932470522,observed,observed
2026-06-17,Kalyanpur,33,16:30,93997.8612707973,0.0,0.0,0.0,0.0,0.0,0.0,0.0,0.0,6000.0,8.39,1.4551915228366852e-11,100037.74213235553,106733.46157424356,31.80496738242627,observed,observed
2026-06-17,Kalyanpur,34,17:00,101786.79516667555,0.0,0.0,0.0,0.0,0.0,0.0,0.0,0.0,6000.0,8.39,0.0,108327.15797679784,126491.71413430151,31.532456728847524,observed,observed
2026-06-17,Kalyanpur,35,17:30,95549.76265581413,0.0,0.0,0.0,0.0,0.0,0.0,0.0,0.0,6000.0,8.39,0.0,101689.36173806034,118139.9739574551,31.220179781280414,observed,observed
2026-06-17,Kalyanpur,36,18:00,105382.51315230905,0.0,0.0,0.0,0.0,0.0,0.0,0.0,0.0,6000.0,8.39,0.0,112153.92066867642,120358.82908192002,30.870660346211967,observed,observed
2026-06-17,Kalyanpur,37,18:30,119351.51926069782,0.0,0.0,0.0,0.0,0.0,0.0,0.0,0.0,6000.0,8.39,0.0,127020.512440275,137288.96126579295,30.486534262222136,observed,observed
2026-06-17,Kalyanpur,38,19:00,101943.45522151398,0.0,0.0,0.0,0.0,0.0,0.0,0.0,0.0,6000.0,8.39,0.0,108493.88430393448,117666.80887568092,30.1023254716598,observed,observed
2026-06-17,Kalyanpur,39,19:30,109528.50277685345,0.0,0.0,0.0,0.0,0.0,0.0,0.0,0.0,6000.0,8.39,0.0,116566.31298629243,124138.70558081527,29.75621652950623,observed,observed
2026-06-17,Kalyanpur,40,20:00,113449.77307564905,0.0,0.0,0.0,0.0,0.0,0.0,0.0,0.0,6000.0,8.39,0.0,120739.54652244785,128303.23601432452,29.44442928574396,observed,observed
2026-06-17,Kalyanpur,41,20:30,100471.74072905572,0.0,0.0,0.0,0.0,0.0,0.0,0.0,0.0,6000.0,8.39,1.4551915228366852e-11,106927.60404076056,114629.23633216077,29.16356024847495,observed,observed
2026-06-17,Kalyanpur,42,21:00,87868.2689676566,0.0,0.0,0.0,0.0,0.0,0.0,0.0,0.0,6000.0,8.39,-1.4551915228366852e-11,93514.28972707671,101544.16143727073,28.91054343115906,observed,observed
2026-06-17,Kalyanpur,43,21:30,71588.14348682798,0.0,0.0,0.0,0.0,0.0,0.0,0.0,0.0,6000.0,8.39,0.0,76188.07642056711,94159.68504670751,28.682616884085277,observed,observed
2026-06-17,Kalyanpur,44,22:00,70300.85947782882,0.0,0.0,0.0,0.0,0.0,0.0,0.0,0.0,6000.0,8.39,0.0,74818.07731630692,90641.64937727374,28.47729254473073,observed,observed
2026-06-17,Kalyanpur,45,22:30,69810.18837348012,0.0,0.0,0.0,0.0,0.0,0.0,0.0,0.0,6000.0,8.39,-1.4551915228366852e-11,74295.87788809631,81206.5519044562,28.292329077891846,observed,observed
2026-06-17,Kalyanpur,46,23:00,52544.68714401727,0.0,-0.0,0.0,0.0,0.0,0.0,0.0,0.0,6000.0,8.39,-7.275957614183426e-12,55920.973008047964,67347.19256184423,28.12570740910867,observed,observed
2026-06-17,Kalyanpur,47,23:30,60773.285556048104,0.0,0.0,0.0,0.0,0.0,0.0,0.0,0.0,6000.0,8.39,0.0,64678.30423797875,68799.16179403114,27.97560868430333,observed,observed
2026-06-18,Dhanmondi,0,00:00,39112.83110285652,0.0,-0.0,0.0,0.0,0.0,0.0,0.0,0.0,8000.0,8.39,0.0,40696.53319151008,47580.615654104295,26.961849381206644,observed,observed
2026-06-18,Dhanmondi,1,00:30,39146.22153801892,0.0,0.0,0.0,0.0,0.0,0.0,0.0,0.0,8000.0,8.39,0.0,40731.27562550296,47439.293614059534,26.815259143078134,observed,observed
2026-06-18,Dhanmondi,2,01:00,44487.772072102205,0.0,0.0,0.0,0.0,0.0,0.0,0.0,0.0,8000.0,8.39,0.0,46289.10875787812,53406.49006715225,26.683207869985505,observed,observed
2026-06-18,Dhanmondi,3,01:30,42579.9348217691,0.0,0.0,0.0,0.0,0.0,0.0,0.0,0.0,8000.0,8.39,0.0,44304.02202820616,52046.11108564721,26.56425357297361,observed,observed
2026-06-18,Dhanmondi,4,02:00,42298.01779463853,0.0,0.0,0.0,0.0,0.0,0.0,0.0,0.0,8000.0,8.39,7.275957614183426e-12,44010.69001085105,50702.47929496234,26.45709728098035,observed,observed
2026-06-18,Dhanmondi,5,02:30,37635.690443745036,0.0,0.0,0.0,0.0,0.0,0.0,0.0,0.0,8000.0,8.39,0.0,39159.58221744292,45811.84704029803,26.360568856180397,observed,observed
2026-06-18,Dhanmondi,6,03:00,42303.54879957174,0.0,0.0,0.0,0.0,0.0,0.0,0.0,0.0,8000.0,8.39,0.0,44016.444969505275,48568.27341314113,26.27361421617712,observed,observed
2026-06-18,Dhanmondi,7,03:30,37479.14222497261,0.0,0.0,0.0,0.0,0.0,0.0,0.0,0.0,8000.0,8.39,0.0,38996.69526700487,41340.72190900947,26.19528382351019,observed,observed
2026-06-18,Dhanmondi,8,04:00,42878.11310527638,0.0,0.0,0.0,0.0,0.0,0.0,0.0,0.0,8000.0,8.39,7.275957614183426e-12,44614.27373000267,53508.03983842764,26.12472231678527,observed,observed
2026-06-18,Dhanmondi,9,04:30,36954.59401714316,0.0,0.0,0.0,0.0,0.0,0.0,0.0,0.0,8000.0,8.39,0.0,38450.90778630982,43615.50299805804,26.061159170198444,observed,observed
2026-06-18,Dhanmondi,10,05:00,54848.2556799505,0.0,0.0,0.0,0.0,0.0,0.0,0.0,0.0,8000.0,8.39,0.0,57069.0945870323,64890.95081356387,26.003900279458357,observed,observed
2026-06-18,Dhanmondi,11,05:30,53446.503390227386,0.0,0.0,0.0,0.0,0.0,0.0,0.0,0.0,8000.0,8.39,0.0,55610.58450283575,60988.88255248638,26.101536332773815,observed,observed
2026-06-18,Dhanmondi,12,06:00,57226.3310011104,0.0,0.0,0.0,0.0,0.0,0.0,0.0,0.0,8000.0,8.39,7.275957614183426e-12,59543.459610238875,64687.31275981504,26.734198329041117,observed,observed
2026-06-18,Dhanmondi,13,06:30,62259.6254288845,0.0,0.0,0.0,0.0,0.0,0.0,0.0,0.0,8000.0,8.39,0.0,64780.555160900636,69514.47147477289,27.356757150971806,observed,observed
2026-06-18,Dhanmondi,14,07:00,66228.76113152664,0.0,0.0,0.0,0.0,0.0,0.0,0.0,0.0,8000.0,8.39,0.0,68910.40355871667,77699.62985103761,27.964182376380595,observed,observed
2026-06-18,Dhanmondi,15,07:30,80977.20829885585,0.0,0.0,0.0,0.0,0.0,0.0,0.0,0.0,8000.0,8.39,0.0,84256.02423470528,85087.10890325412,28.551565866113144,observed,observed
2026-06-18,Dhanmondi,16,08:00,72653.3007459088,0.0,0.0,0.0,0.0,0.0,0.0,0.0,0.0,8000.0,8.39,0.0,75595.07665152635,78333.26154144944,29.114161422968593,observed,observed
2026-06-18,Dhanmondi,17,08:30,73684.33580115778,0.0,0.0,0.0,0.0,0.0,0.0,0.0,0.0,8000.0,8.39,1.4551915228366852e-11,76667.8589371453,84463.39536486527,29.647423142092887,observed,observed
2026-06-18,Dhanmondi,18,09:00,92006.2173773115,0.0,0.0,0.0,0.0,0.0,0.0,0.0,0.0,8000.0,8.39,0.0,95731.60453341843,99414.65456997917,30.147042142962693,observed,observed
2026-06-18,Dhanmondi,19,09:30,97772.42941376605,0.0,0.0,0.0,0.0,0.0,0.0,0.0,0.0,8000.0,8.39,0.0,101731.29396816564,103350.17424560504,30.60898138615679,observed,observed
2026-06-18,Dhanmondi,20,10:00,90447.71083467464,0.0,0.0,0.0,0.0,0.0,0.0,0.0,0.0,8000.0,8.39,0.0,94109.99312219606,99958.81332117021,31.029508293587195,observed,observed
2026-06-18,Dhanmondi,21,10:30,83220.68000164237,0.0,0.0,0.0,0.0,0.0,0.0,0.0,0.0,8000.0,8.39,0.0,86590.33545796006,99367.73090914314,31.4052249086109,observed,observed
2026-06-18,Dhanmondi,22,11:00,98777.39954387561,0.0,0.0,0.0,0.0,0.0,0.0,0.0,0.0,8000.0,8.39,0.0,102776.95594412759,104462.98679363476,31.73309535232133,observed,observed
2026-06-18,Dhanmondi,23,11:30,93380.46004424241,0.0,0.0,0.0,0.0,0.0,0.0,0.0,0.0,8000.0,8.39,0.0,97161.49111362707,111009.67674209457,32.010470354166316,observed,observed
2026-06-18,Dhanmondi,24,12:00,118776.07902995714,0.0,0.0,0.0,0.0,0.0,0.0,0.0,0.0,8000.0,8.39,0.0,123585.39400762146,126666.33909626922,32.235108658679266,observed,observed
2026-06-18,Dhanmondi,25,12:30,128411.72166136763,0.0,0.0,0.0,0.0,0.0,0.0,0.0,0.0,8000.0,8.39,0.0,133611.18961263687,134223.2876955151,32.40519513535223,observed,observed
2026-06-18,Dhanmondi,26,13:00,111620.35366776153,0.0,0.0,0.0,0.0,0.0,0.0,0.0,0.0,8000.0,8.39,1.4551915228366852e-11,116139.92901568286,121655.1506530121,32.51935544531868,observed,observed
2026-06-18,Dhanmondi,27,13:30,112141.39337852538,0.0,0.0,0.0,0.0,0.0,0.0,0.0,0.0,8000.0,8.39,1.4551915228366852e-11,116682.065938153,118624.926257412,32.57666714633588,observed,observed
2026-06-18,Dhanmondi,28,14:00,109597.66635279822,0.0,0.0,0.0,0.0,0.0,0.0,0.0,0.0,8000.0,8.39,2.9103830456733704e-11,114035.34187309073,118658.94316626572,32.57666714633588,observed,observed
2026-06-18,Dhanmondi,29,14:30,98271.31577402526,0.0,0.0,0.0,0.0,0.0,0.0,0.0,0.0,8000.0,8.39,0.0,102250.3805376263,113067.47020003204,32.51935544531868,observed,observed
2026-06-18,Dhanmondi,30,15:00,104923.92980462546,0.0,0.0,0.0,0.0,0.0,0.0,0.0,0.0,8000.0,8.39,1.4551915228366852e-11,109172.36291713393,116646.2192125701,32.40519513535223,observed,observed
2026-06-18,Dhanmondi,31,15:30,91642.45543807239,0.0,0.0,0.0,0.0,0.0,0.0,0.0,0.0,8000.0,8.39,1.4551915228366852e-11,95353.11365416905,110574.863730695,32.23510865867928,observed,observed
2026-06-18,Dhanmondi,32,16:00,82434.2677962394,0.0,0.0,0.0,0.0,0.0,0.0,0.0,0.0,8000.0,8.39,0.0,85772.08094871136,103157.23971754566,32.010470354166316,observed,observed
2026-06-18,Dhanmondi,33,16:30,99229.66685956575,0.0,0.0,0.0,0.0,0.0,0.0,0.0,0.0,8000.0,8.39,1.4551915228366852e-11,103247.5358358264,108358.62677472239,31.73309535232133,observed,observed
2026-06-18,Dhanmondi,34,17:00,100519.67621250173,0.0,-0.0,0.0,0.0,0.0,0.0,0.0,0.0,8000.0,8.39,0.0,104589.77844442351,124845.62050914438,31.4052249086109,observed,observed
2026-06-18,Dhanmondi,35,17:30,106219.7819940348,0.0,0.0,0.0,0.0,0.0,0.0,0.0,0.0,8000.0,8.39,0.0,110520.68494217233,120830.52266772276,31.029508293587195,observed,observed
2026-06-18,Dhanmondi,36,18:00,100815.02139810554,0.0,0.0,0.0,0.0,0.0,0.0,0.0,0.0,8000.0,8.39,1.4551915228366852e-11,104897.08233447617,113262.52014504687,30.60898138615679,observed,observed
2026-06-18,Dhanmondi,37,18:30,111292.59298011895,0.0,0.0,0.0,0.0,0.0,0.0,0.0,0.0,8000.0,8.39,1.4551915228366852e-11,115798.89710039046,128715.06367572733,30.146822962247075,observed,observed
2026-06-18,Dhanmondi,38,19:00,105547.87329661487,0.0,0.0,0.0,0.0,0.0,0.0,0.0,0.0,8000.0,8.39,0.0,109821.57025690943,123170.26650511767,29.684343889185637,observed,observed
2026-06-18,Dhanmondi,39,19:30,104406.79207312968,0.0,0.0,0.0,0.0,0.0,0.0,0.0,0.0,8000.0,8.39,0.0,108634.2859674225,117488.68325128786,29.267733948741153,observed,observed
2026-06-18,Dhanmondi,40,20:00,98378.64478903248,0.0,0.0,0.0,0.0,0.0,0.0,0.0,0.0,8000.0,8.39,0.0,102362.05536909445,111521.00060128278,28.89244379490083,observed,observed
2026-06-18,Dhanmondi,41,20:30,85462.12891793218,0.0,0.0,0.0,0.0,0.0,0.0,0.0,0.0,8000.0,8.39,-1.4551915228366852e-11,88922.54199087448,103352.36682684816,28.554375290296196,observed,observed
2026-06-18,Dhanmondi,42,21:00,79510.35882963003,0.0,0.0,0.0,0.0,0.0,0.0,0.0,0.0,8000.0,8.39,0.0,82729.7811470005,98598.62770718933,28.24983675488276,observed,observed
2026-06-18,Dhanmondi,43,21:30,77485.32707250614,0.0,0.0,0.0,0.0,0.0,0.0,0.0,0.0,8000.0,8.39,-1.4551915228366852e-11,80622.75463437272,90290.41558812259,27.975502653099987,observed,observed
2026-06-18,Dhanmondi,44,22:00,63548.94058041252,0.0,0.0,0.0,0.0,0.0,0.0,0.0,0.0,8000.0,8.39,0.0,66122.07545945661,81114.87361365792,27.728377279298627,observed,observed
2026-06-18,Dhanmondi,45,22:30,52659.54262768331,0.0,0.0,0.0,0.0,0.0,0.0,0.0,0.0,8000.0,8.39,0.0,54791.75922503705,66236.64102854958,27.505762044883408,observed,observed
2026-06-18,Dhanmondi,46,23:00,53455.960429228675,0.0,0.0,0.0,0.0,0.0,0.0,0.0,0.0,8000.0,8.39,1.4551915228366852e-11,55620.42446304208,60671.54875091336,27.305226009949266,observed,observed
2026-06-18,Dhanmondi,47,23:30,47078.71852938985,0.0,0.0,0.0,0.0,0.0,0.0,0.0,0.0,8000.0,8.39,7.275957614183426e-12,48984.96419772459,60076.62719997174,27.124579337619103,observed,observed
2026-06-18,Kalyanpur,0,00:00,41037.31325442494,0.0,0.0,0.0,0.0,0.0,0.0,0.0,0.0,6000.0,8.39,0.0,46629.850487459276,52499.93563873016,26.961849381206644,observed,observed
2026-06-18,Kalyanpur,1,00:30,39915.56058969962,0.0,0.0,0.0,0.0,0.0,0.0,0.0,0.0,6000.0,8.39,-7.275957614183426e-12,45355.2261299689,50943.68657145426,26.815259143078134,observed,observed
2026-06-18,Kalyanpur,2,01:00,49742.93484106781,0.0,0.0,0.0,0.0,0.0,0.0,0.0,0.0,6000.0,8.39,0.0,56521.8682827954,58357.67601354375,26.683207869985505,observed,observed
2026-06-18,Kalyanpur,3,01:30,43049.78263703379,0.0,0.0,0.0,0.0,0.0,0.0,0.0,0.0,6000.0,8.39,0.0,48916.577833371004,56267.37206461396,26.56425357297361,observed,observed
2026-06-18,Kalyanpur,4,02:00,46013.663367963505,0.0,0.0,0.0,0.0,0.0,0.0,0.0,0.0,6000.0,8.39,7.275957614183426e-12,52284.37422123544,57739.4171663762,26.45709728098035,observed,observed
2026-06-18,Kalyanpur,5,02:30,41730.47459354278,0.0,0.0,0.0,0.0,0.0,0.0,0.0,0.0,6000.0,8.39,0.0,47417.475384010366,48558.55660250952,26.360568856180397,observed,observed
2026-06-18,Kalyanpur,6,03:00,36069.35893022143,0.0,0.0,0.0,0.0,0.0,0.0,0.0,0.0,6000.0,8.39,0.0,40984.86671549761,46508.03494648732,26.27361421617712,observed,observed
2026-06-18,Kalyanpur,7,03:30,34164.211146762136,0.0,0.0,0.0,0.0,0.0,0.0,0.0,0.0,6000.0,8.39,0.0,38820.086683519214,41350.80668650946,26.19528382351019,observed,observed
2026-06-18,Kalyanpur,8,04:00,43210.4908009351,0.0,0.0,0.0,0.0,0.0,0.0,0.0,0.0,6000.0,8.39,0.0,49099.18719691224,50027.32873612718,26.12472231678527,observed,observed
2026-06-18,Kalyanpur,9,04:30,40940.88898097371,0.0,0.0,0.0,0.0,0.0,0.0,0.0,0.0,6000.0,8.39,-7.275957614183426e-12,46520.285579383606,48206.31555011046,26.061159170198444,observed,observed
2026-06-18,Kalyanpur,10,05:00,50151.90913753672,0.0,0.0,0.0,0.0,0.0,0.0,0.0,0.0,6000.0,8.39,0.0,56986.57731916255,62493.39753508845,26.003900279458357,observed,observed
2026-06-18,Kalyanpur,11,05:30,54273.22412822975,0.0,0.0,0.0,0.0,0.0,0.0,0.0,0.0,6000.0,8.39,0.0,61669.5423231402,67622.89106847811,26.101536332773815,observed,observed
2026-06-18,Kalyanpur,12,06:00,67292.4201540591,0.0,0.0,0.0,0.0,0.0,0.0,0.0,0.0,6000.0,8.39,0.0,76462.98555826436,78167.65525555931,26.734198329041117,observed,observed
2026-06-18,Kalyanpur,13,06:30,70108.75755141675,0.0,0.0,0.0,0.0,0.0,0.0,0.0,0.0,6000.0,8.39,0.0,79663.13150707028,84911.06754490628,27.356757150971806,observed,observed
2026-06-18,Kalyanpur,14,07:00,80561.0247754393,0.0,-0.0,0.0,0.0,0.0,0.0,0.0,0.0,6000.0,8.39,0.0,91539.82662327883,95962.95375864537,27.964182376380595,observed,observed
2026-06-18,Kalyanpur,15,07:30,82511.58423074453,0.0,0.0,0.0,0.0,0.0,0.0,0.0,0.0,6000.0,8.39,-1.4551915228366852e-11,93756.20699895985,100847.14278946744,28.551565866113144,observed,observed
2026-06-18,Kalyanpur,16,08:00,80211.40397456556,0.0,0.0,0.0,0.0,0.0,0.0,0.0,0.0,6000.0,8.39,0.0,91142.5597366535,92679.39776872024,29.114161422968593,observed,observed
2026-06-18,Kalyanpur,17,08:30,69419.27733656976,0.0,0.0,0.0,0.0,0.0,0.0,0.0,0.0,6000.0,8.39,0.0,78879.68939591042,85960.63616317672,29.647423142092887,observed,observed
2026-06-18,Kalyanpur,18,09:00,81520.56902031932,0.0,0.0,0.0,0.0,0.0,0.0,0.0,0.0,6000.0,8.39,0.0,92630.13690742075,98076.49684839706,30.147042142962693,observed,observed
2026-06-18,Kalyanpur,19,09:30,71647.39570411971,0.0,0.0,0.0,0.0,0.0,0.0,0.0,0.0,6000.0,8.39,1.4551915228366852e-11,81411.45422425265,85952.3794603013,30.60898138615679,observed,observed
2026-06-18,Kalyanpur,20,10:00,75814.62277297997,0.0,0.0,0.0,0.0,0.0,0.0,0.0,0.0,6000.0,8.39,-1.4551915228366852e-11,86146.58817328868,99029.44206579837,31.029508293587195,observed,observed
2026-06-18,Kalyanpur,21,10:30,81691.085560492,0.0,0.0,0.0,0.0,0.0,0.0,0.0,0.0,6000.0,8.39,0.0,92823.89132610301,98999.83354580727,31.4052249086109,observed,observed
2026-06-18,Kalyanpur,22,11:00,84001.94802335529,0.0,0.0,0.0,0.0,0.0,0.0,0.0,0.0,6000.0,8.39,0.0,95449.67655897952,104892.16513978646,31.73309535232133,observed,observed
2026-06-18,Kalyanpur,23,11:30,92350.64040131522,0.0,0.0,0.0,0.0,0.0,0.0,0.0,0.0,6000.0,8.39,-1.4551915228366852e-11,104936.12307501906,107300.85054179156,32.010470354166316,observed,observed
2026-06-18,Kalyanpur,24,12:00,103048.66175990165,0.0,0.0,0.0,0.0,0.0,0.0,0.0,0.0,6000.0,8.39,-1.4551915228366852e-11,117092.06353266444,118423.35665752392,32.235108658679266,observed,observed
2026-06-18,Kalyanpur,25,12:30,105051.09717677065,0.0,0.0,0.0,0.0,0.0,0.0,0.0,0.0,6000.0,8.39,-2.9103830456733704e-11,119367.38949078677,125409.29940901099,32.40519513535223,observed,observed
2026-06-18,Kalyanpur,26,13:00,101996.97843064662,0.0,0.0,0.0,0.0,0.0,0.0,0.0,0.0,6000.0,8.39,0.0,115897.0575121856,126302.44307095434,32.51935544531868,observed,observed
2026-06-18,Kalyanpur,27,13:30,93524.60761567458,0.0,0.0,0.0,0.0,0.0,0.0,0.0,0.0,6000.0,8.39,2.9103830456733704e-11,106270.07774557378,123229.61545269289,32.57666714633588,observed,observed
2026-06-18,Kalyanpur,28,14:00,90523.99939470807,0.0,0.0,0.0,0.0,0.0,0.0,0.0,0.0,6000.0,8.39,0.0,102860.54867022607,105012.14245381576,32.57666714633588,observed,observed
2026-06-18,Kalyanpur,29,14:30,90096.09793958676,0.0,0.0,0.0,0.0,0.0,0.0,0.0,0.0,6000.0,8.39,0.0,102374.33309485529,110441.99492596679,32.51935544531868,observed,observed
2026-06-18,Kalyanpur,30,15:00,82408.55291174103,0.0,0.0,0.0,0.0,0.0,0.0,0.0,0.0,6000.0,8.39,0.0,93639.13464164262,103899.7376468024,32.40519513535223,observed,observed
2026-06-18,Kalyanpur,31,15:30,74759.890859609,0.0,0.0,0.0,0.0,0.0,0.0,0.0,0.0,6000.0,8.39,0.0,84948.11810971695,97637.76731363076,32.23510865867928,observed,observed
2026-06-18,Kalyanpur,32,16:00,82085.89272920156,0.0,0.0,0.0,0.0,0.0,0.0,0.0,0.0,6000.0,8.39,1.4551915228366852e-11,93272.50254814296,102776.69747576727,32.010470354166316,observed,observed
2026-06-18,Kalyanpur,33,16:30,82569.60096701718,0.0,0.0,0.0,0.0,0.0,0.0,0.0,0.0,6000.0,8.39,-1.4551915228366852e-11,93822.13021672472,106509.66593497775,31.73309535232133,observed,observed
2026-06-18,Kalyanpur,34,17:00,102630.96091580443,0.0,0.0,0.0,0.0,0.0,0.0,0.0,0.0,6000.0,8.39,0.0,116617.43870067356,126150.08143813933,31.4052249086109,observed,observed
2026-06-18,Kalyanpur,35,17:30,96480.33576576601,0.0,0.0,0.0,0.0,0.0,0.0,0.0,0.0,6000.0,8.39,1.4551915228366852e-11,109628.6105244095,117689.93204648845,31.029508293587195,observed,observed
2026-06-18,Kalyanpur,36,18:00,98476.70067277564,0.0,0.0,0.0,0.0,0.0,0.0,0.0,0.0,6000.0,8.39,0.0,111897.03868770387,119697.97126103041,30.60898138615679,observed,observed
2026-06-18,Kalyanpur,37,18:30,111960.45754691541,0.0,0.0,0.0,0.0,0.0,0.0,0.0,0.0,6000.0,8.39,-1.4551915228366852e-11,127218.35280864217,136353.5186576026,30.146822962247075,observed,observed
2026-06-18,Kalyanpur,38,19:00,94333.92137160183,0.0,0.0,0.0,0.0,0.0,0.0,0.0,0.0,6000.0,8.39,0.0,107189.6842315628,116493.98555305735,29.684343889185637,observed,observed
2026-06-18,Kalyanpur,39,19:30,102616.78140739462,0.0,0.0,0.0,0.0,0.0,0.0,0.0,0.0,6000.0,8.39,0.0,116601.32681846917,122719.05544565598,29.267733948741153,observed,observed
2026-06-18,Kalyanpur,40,20:00,105222.49178529551,0.0,0.0,0.0,0.0,0.0,0.0,0.0,0.0,6000.0,8.39,0.0,119562.14164038101,126593.85764584939,28.89244379490083,observed,observed
2026-06-18,Kalyanpur,41,20:30,91261.30335272964,0.0,0.0,0.0,0.0,0.0,0.0,0.0,0.0,6000.0,8.39,0.0,103698.33191186287,112876.02546777327,28.554375290296196,observed,observed
2026-06-18,Kalyanpur,42,21:00,76179.60436951835,0.0,0.0,0.0,0.0,0.0,0.0,0.0,0.0,6000.0,8.39,0.0,86561.30921439927,99961.40732283735,28.24983675488276,observed,observed
2026-06-18,Kalyanpur,43,21:30,75646.80010467496,0.0,0.0,0.0,0.0,0.0,0.0,0.0,0.0,6000.0,8.39,0.0,85955.89474550606,92149.80204399119,27.975502653099987,observed,observed
2026-06-18,Kalyanpur,44,22:00,65960.36110269336,0.0,0.0,0.0,0.0,0.0,0.0,0.0,0.0,6000.0,8.39,0.0,74949.39440231919,88649.19142052415,27.728377279298627,observed,observed
2026-06-18,Kalyanpur,45,22:30,59869.33239997954,0.0,0.0,0.0,0.0,0.0,0.0,0.0,0.0,6000.0,8.39,0.0,68028.28443682344,79364.90144487206,27.505762044883408,observed,observed
2026-06-18,Kalyanpur,46,23:00,51123.43924494774,0.0,0.0,0.0,0.0,0.0,0.0,0.0,0.0,6000.0,8.39,-7.275957614183426e-12,58090.506891056604,65712.94907774923,27.305226009949266,observed,observed
2026-06-18,Kalyanpur,47,23:30,49961.020508735695,0.0,-0.0,0.0,0.0,0.0,0.0,0.0,0.0,6000.0,8.39,0.0,56769.67451742301,66982.12395967988,27.124579337619103,observed,observed
2026-06-19,Dhanmondi,0,00:00,30162.662827615473,0.0,0.0,0.0,0.0,0.0,0.0,0.0,0.0,8000.0,8.39,-3.637978807091713e-12,43210.27457085997,46758.03454998468,26.40840657400905,observed,observed
2026-06-19,Dhanmondi,1,00:30,28653.994560609146,0.0,0.0,0.0,0.0,0.0,0.0,0.0,0.0,8000.0,8.39,0.0,41048.99423476173,46632.819876259644,26.284521078095544,observed,observed
2026-06-19,Dhanmondi,2,01:00,34292.22014701603,0.0,0.0,0.0,0.0,0.0,0.0,0.0,0.0,8000.0,8.39,-7.275957614183426e-12,49126.174856163416,52420.05386582005,26.172924173773055,observed,observed
2026-06-19,Dhanmondi,3,01:30,30882.602897362798,0.0,0.0,0.0,0.0,0.0,0.0,0.0,0.0,8000.0,8.39,0.0,44241.64266545223,51160.45624089271,26.072396917030606,observed,observed
2026-06-19,Dhanmondi,4,02:00,30197.90211770243,0.0,0.0,0.0,0.0,0.0,0.0,0.0,0.0,8000.0,8.39,0.0,43260.757494368474,49886.108840212866,25.981841274743623,observed,observed
2026-06-19,Dhanmondi,5,02:30,28098.99081960494,0.0,0.0,0.0,0.0,0.0,0.0,0.0,0.0,8000.0,8.39,3.637978807091713e-12,40253.90978967455,45152.723736363914,25.9002681311432,observed,observed
2026-06-19,Dhanmondi,6,03:00,29221.52902265779,0.0,0.0,0.0,0.0,0.0,0.0,0.0,0.0,8000.0,8.39,0.0,41862.02987666449,47882.682678650155,25.826786483961378,observed,observed
2026-06-19,Dhanmondi,7,03:30,26400.279585144108,0.0,0.0,0.0,0.0,0.0,0.0,0.0,0.0,8000.0,8.39,3.637978807091713e-12,37820.378662891744,40904.46539731247,25.760593712244717,observed,observed
2026-06-19,Dhanmondi,8,04:00,31244.093036780625,0.0,0.0,0.0,0.0,0.0,0.0,0.0,0.0,8000.0,8.39,0.0,44759.504376408346,52747.43926719676,25.70096680953399,observed,observed
2026-06-19,Dhanmondi,9,04:30,27834.63326808393,0.0,0.0,0.0,0.0,0.0,0.0,0.0,0.0,8000.0,8.39,-3.637978807091713e-12,39875.19778896734,43156.583870279894,25.647254486652376,observed,observed
2026-06-19,Dhanmondi,10,05:00,42187.77255355773,0.0,0.0,0.0,0.0,0.0,0.0,0.0,0.0,8000.0,8.39,0.0,60437.145287557956,64185.86134132018,25.598870057842863,observed,observed
2026-06-19,Dhanmondi,11,05:30,38784.73117119104,0.0,0.0,0.0,0.0,0.0,0.0,0.0,0.0,8000.0,8.39,0.0,55562.033519460514,60460.66713501159,25.68216005210243,observed,observed
2026-06-19,Dhanmondi,12,06:00,41916.546811313514,0.0,0.0,0.0,0.0,0.0,0.0,0.0,0.0,8000.0,8.39,0.0,60048.59408901034,64140.13759956171,26.216754446690157,observed,observed
2026-06-19,Dhanmondi,13,06:30,45697.387144105385,0.0,0.0,0.0,0.0,0.0,0.0,0.0,0.0,8000.0,8.39,0.0,65464.93116184147,68863.69283743494,26.742807098932804,observed,observed
2026-06-19,Dhanmondi,14,07:00,48426.81023039714,0.0,0.0,0.0,0.0,0.0,0.0,0.0,0.0,8000.0,8.39,0.0,69375.03424699508,76581.59321415616,27.256068040542644,observed,observed
2026-06-19,Dhanmondi,15,07:30,55214.58268680089,0.0,0.0,0.0,0.0,0.0,0.0,0.0,0.0,8000.0,8.39,0.0,79099.02689452739,83821.88484256784,27.75239064719248,observed,observed
2026-06-19,Dhanmondi,16,08:00,49900.26077277197,0.0,0.0,0.0,0.0,0.0,0.0,0.0,0.0,8000.0,8.39,0.0,71485.86255371578,76845.68181260796,28.227765139006188,observed,observed
2026-06-19,Dhanmondi,17,08:30,52725.98547635134,0.0,0.0,0.0,0.0,0.0,0.0,0.0,0.0,8000.0,8.39,0.0,75533.92492145656,82595.88671703302,28.678350975485788,observed,observed
2026-06-19,Dhanmondi,18,09:00,66620.10398859633,-0.0,0.0,0.0,0.0,0.0,0.0,0.0,0.0,8000.0,8.39,-1.4551915228366852e-11,95438.2907682447,96494.64046468546,29.100507883157174,observed,observed
2026-06-19,Dhanmondi,19,09:30,66601.57723933306,0.0,0.0,0.0,0.0,0.0,0.0,0.0,0.0,8000.0,8.39,1.4551915228366852e-11,95411.74981172677,99803.80018696129,29.490825265262785,observed,observed
2026-06-19,Dhanmondi,20,10:00,61330.751141899964,0.0,0.0,0.0,0.0,0.0,0.0,0.0,0.0,8000.0,8.39,0.0,87860.89648730417,96367.98830670572,29.84614975590088,observed,observed
2026-06-19,Dhanmondi,21,10:30,64801.50878681897,0.0,0.0,0.0,0.0,0.0,0.0,0.0,0.0,8000.0,8.39,0.0,92833.01687544689,95757.81793725595,30.1636106960022,observed,observed
2026-06-19,Dhanmondi,22,11:00,69860.08211540575,0.0,0.0,0.0,0.0,0.0,0.0,0.0,0.0,8000.0,8.39,-1.4551915228366852e-11,100079.80220452402,101012.40550163091,30.44064332532407,observed,observed
2026-06-19,Dhanmondi,23,11:30,72086.93459427536,0.0,0.0,0.0,0.0,0.0,0.0,0.0,0.0,8000.0,8.39,0.0,103269.93523723025,106937.49929022977,30.67500950309434,observed,observed
2026-06-19,Dhanmondi,24,12:00,83177.80841875203,0.0,0.0,0.0,0.0,0.0,0.0,0.0,0.0,8000.0,8.39,0.0,119158.44302334097,121654.94705376166,30.86481578990349,observed,observed
2026-06-19,Dhanmondi,25,12:30,89553.31996791276,0.0,0.0,0.0,0.0,0.0,0.0,0.0,0.0,8000.0,8.39,0.0,128291.84103078414,128931.74364621702,31.00852874476169,observed,observed
2026-06-19,Dhanmondi,26,13:00,78961.35895237634,0.0,0.0,0.0,0.0,0.0,0.0,0.0,0.0,8000.0,8.39,1.4551915228366852e-11,113118.063226719,116420.23142988236,31.104987313736267,observed,observed
2026-06-19,Dhanmondi,27,13:30,77227.63345578944,0.0,0.0,0.0,0.0,0.0,0.0,0.0,0.0,8000.0,8.39,0.0,110634.37154584289,113553.55440504225,31.15341221008192,observed,observed
2026-06-19,Dhanmondi,28,14:00,78736.41495345384,0.0,0.0,0.0,0.0,0.0,0.0,0.0,0.0,8000.0,8.39,1.4551915228366852e-11,112795.8140933431,113321.24702875936,31.15341221008192,observed,observed
2026-06-19,Dhanmondi,29,14:30,65197.54115159173,0.0,0.0,0.0,0.0,0.0,0.0,0.0,0.0,8000.0,8.39,0.0,93400.36291245236,108035.11002290195,31.104987313736267,observed,observed
2026-06-19,Dhanmondi,30,15:00,67755.16126896812,0.0,0.0,0.0,0.0,0.0,0.0,0.0,0.0,8000.0,8.39,-1.4551915228366852e-11,97064.345371541,111375.58482431555,31.00852874476169,observed,observed
2026-06-19,Dhanmondi,31,15:30,63200.014030091814,0.0,0.0,0.0,0.0,0.0,0.0,0.0,0.0,8000.0,8.39,0.0,90538.75563739018,105780.96273515686,30.86481578990349,observed,observed
2026-06-19,Dhanmondi,32,16:00,63712.554369219084,0.0,0.0,0.0,0.0,0.0,0.0,0.0,0.0,8000.0,8.39,0.0,91273.00807753137,98939.71476793771,30.675009503094344,observed,observed
2026-06-19,Dhanmondi,33,16:30,69478.7978803877,0.0,0.0,0.0,0.0,0.0,0.0,0.0,0.0,8000.0,8.39,0.0,99533.58396846078,103955.59280057091,30.44064332532407,observed,observed
2026-06-19,Dhanmondi,34,17:00,74144.85681019854,0.0,0.0,0.0,0.0,0.0,0.0,0.0,0.0,8000.0,8.39,1.4551915228366852e-11,106218.06301042208,120705.73291836571,30.1636106960022,observed,observed
2026-06-19,Dhanmondi,35,17:30,70708.02318270084,0.0,0.0,0.0,0.0,0.0,0.0,0.0,0.0,8000.0,8.39,0.0,101294.5413191417,117243.96553754585,29.84614975590088,observed,observed
2026-06-19,Dhanmondi,36,18:00,71593.78591486592,0.0,0.0,0.0,0.0,0.0,0.0,0.0,0.0,8000.0,8.39,0.0,102563.46280264038,109852.51786440195,29.490825265262785,observed,observed
2026-06-19,Dhanmondi,37,18:30,77553.18056100937,0.0,0.0,0.0,0.0,0.0,0.0,0.0,0.0,8000.0,8.39,0.0,111100.74216712039,125393.60546846624,29.100328039452517,observed,observed
2026-06-19,Dhanmondi,38,19:00,78701.80885485724,0.0,0.0,0.0,0.0,0.0,0.0,0.0,0.0,8000.0,8.39,-1.4551915228366852e-11,112746.23826408916,119732.03955148287,28.709422395296432,observed,observed
2026-06-19,Dhanmondi,39,19:30,75035.0445804375,0.0,0.0,0.0,0.0,0.0,0.0,0.0,0.0,8000.0,8.39,0.0,107493.32369252702,114628.9122495893,28.357291910219597,observed,observed
2026-06-19,Dhanmondi,40,20:00,68444.04000989033,0.0,0.0,0.0,0.0,0.0,0.0,0.0,0.0,8000.0,8.39,0.0,98051.21578518442,108874.45751044356,28.040090354360412,observed,observed
2026-06-19,Dhanmondi,41,20:30,63594.74663052933,0.0,0.0,0.0,0.0,0.0,0.0,0.0,0.0,8000.0,8.39,0.0,91104.23966459477,100823.8596407785,27.7543530174822,observed,observed
2026-06-19,Dhanmondi,42,21:00,58420.50914615325,0.0,0.0,0.0,0.0,0.0,0.0,0.0,0.0,8000.0,8.39,0.0,83691.75676570342,96206.62052959806,27.496958864842867,observed,observed
2026-06-19,Dhanmondi,43,21:30,51923.88056673624,0.0,0.0,0.0,0.0,0.0,0.0,0.0,0.0,8000.0,8.39,0.0,74384.84953719145,88098.33858500155,27.26509644694276,observed,observed
2026-06-19,Dhanmondi,44,22:00,45941.45283108724,0.0,-0.0,0.0,0.0,0.0,0.0,0.0,0.0,8000.0,8.39,0.0,65814.57354613909,79283.1362525294,27.05623319079174,observed,observed
2026-06-19,Dhanmondi,45,22:30,39828.65074399692,0.0,0.0,0.0,0.0,0.0,0.0,0.0,0.0,8000.0,8.39,0.0,57057.5265277747,64974.7010241189,26.868087737271964,observed,observed
2026-06-19,Dhanmondi,46,23:00,38928.767501789356,0.0,0.0,0.0,0.0,0.0,0.0,0.0,0.0,8000.0,8.39,0.0,55768.37635559876,59439.44148545163,26.698605022444582,observed,observed
2026-06-19,Dhanmondi,47,23:30,35446.359377156004,0.0,0.0,0.0,0.0,0.0,0.0,0.0,0.0,8000.0,8.39,0.0,50779.56578230177,58892.86387185424,26.5459338306199,observed,observed
2026-06-19,Kalyanpur,0,00:00,41649.23468452281,0.0,0.0,0.0,0.0,0.0,0.0,0.0,0.0,6000.0,8.39,0.0,47512.823409619916,51631.38282743504,26.40840657400905,observed,observed
2026-06-19,Kalyanpur,1,00:30,39256.021142166544,0.0,0.0,0.0,0.0,0.0,0.0,0.0,0.0,6000.0,8.39,0.0,44782.6812285983,50199.4158299082,26.284521078095544,observed,observed
2026-06-19,Kalyanpur,2,01:00,44118.29600267448,0.0,0.0,0.0,0.0,0.0,0.0,0.0,0.0,6000.0,8.39,0.0,50329.49159777412,57359.53350437186,26.172924173773055,observed,observed
2026-06-19,Kalyanpur,3,01:30,43291.19765448873,0.0,0.0,0.0,0.0,0.0,0.0,0.0,0.0,6000.0,8.39,-7.275957614183426e-12,49385.95018441074,55377.658658736356,26.072396917030606,observed,observed
2026-06-19,Kalyanpur,4,02:00,41924.572788876736,0.0,0.0,0.0,0.0,0.0,0.0,0.0,0.0,6000.0,8.39,0.0,47826.92499706077,56835.271454498834,25.981841274743623,observed,observed
2026-06-19,Kalyanpur,5,02:30,39693.52882598789,0.0,0.0,0.0,0.0,0.0,0.0,0.0,0.0,6000.0,8.39,0.0,45281.783444502405,47900.25357215422,25.9002681311432,observed,observed
2026-06-19,Kalyanpur,6,03:00,35661.80469944136,0.0,0.0,0.0,0.0,0.0,0.0,0.0,0.0,6000.0,8.39,0.0,40682.45291869818,45973.632633438305,25.826786483961378,observed,observed
2026-06-19,Kalyanpur,7,03:30,34781.512241041404,0.0,0.0,0.0,0.0,0.0,0.0,0.0,0.0,6000.0,8.39,-7.275957614183426e-12,39678.22846075591,41036.661926184,25.760593712244717,observed,observed
2026-06-19,Kalyanpur,8,04:00,42165.59211980852,0.0,0.0,0.0,0.0,0.0,0.0,0.0,0.0,6000.0,8.39,0.0,48101.876241558035,49436.753507363464,25.70096680953399,observed,observed
2026-06-19,Kalyanpur,9,04:30,36982.88161951653,0.0,0.0,0.0,0.0,0.0,0.0,0.0,0.0,6000.0,8.39,-7.275957614183426e-12,42189.51769166464,47736.95605431329,25.647254486652376,observed,observed
2026-06-19,Kalyanpur,10,05:00,50154.03483216967,0.0,0.0,0.0,0.0,0.0,0.0,0.0,0.0,6000.0,8.39,1.4551915228366852e-11,57214.97209518546,62135.53462805831,25.598870057842863,observed,observed
2026-06-19,Kalyanpur,11,05:30,56565.15852251545,0.0,0.0,0.0,0.0,0.0,0.0,0.0,0.0,6000.0,8.39,-7.275957614183426e-12,64528.686022078495,67122.03272254794,25.68216005210243,observed,observed
2026-06-19,Kalyanpur,12,06:00,66244.46945282698,0.0,0.0,0.0,0.0,0.0,0.0,0.0,0.0,6000.0,8.39,0.0,75570.69902525128,77491.52155635251,26.216754446690157,observed,observed
2026-06-19,Kalyanpur,13,06:30,68967.3596309954,0.0,0.0,0.0,0.0,0.0,0.0,0.0,0.0,6000.0,8.39,-1.4551915228366852e-11,78676.93137691515,84158.49817587998,26.742807098932804,observed,observed
2026-06-19,Kalyanpur,14,07:00,80367.8048050658,0.0,0.0,0.0,0.0,0.0,0.0,0.0,0.0,6000.0,8.39,-1.4551915228366852e-11,91682.38855877191,95259.64479840982,27.256068040542644,observed,observed
2026-06-19,Kalyanpur,15,07:30,85959.45397143232,0.0,0.0,0.0,0.0,0.0,0.0,0.0,0.0,6000.0,8.39,0.0,98061.25821682214,99523.37817624275,27.75239064719248,observed,observed
2026-06-19,Kalyanpur,16,08:00,73901.03187766609,0.0,0.0,0.0,0.0,0.0,0.0,0.0,0.0,6000.0,8.39,0.0,84305.19081535598,91127.47378213058,28.227765139006188,observed,observed
2026-06-19,Kalyanpur,17,08:30,67560.6565968571,0.0,-0.0,0.0,0.0,0.0,0.0,0.0,0.0,6000.0,8.39,-1.4551915228366852e-11,77072.18561490891,84334.973184858,28.678350975485788,observed,observed
2026-06-19,Kalyanpur,18,09:00,77430.38051472032,0.0,0.0,0.0,0.0,0.0,0.0,0.0,0.0,6000.0,8.39,-1.4551915228366852e-11,88331.41890366375,95774.508484508,29.100507883157174,observed,observed
2026-06-19,Kalyanpur,19,09:30,71458.56598481571,0.0,0.0,0.0,0.0,0.0,0.0,0.0,0.0,6000.0,8.39,-1.4551915228366852e-11,81518.86229023329,83792.44441067154,29.490825265262785,observed,observed
2026-06-19,Kalyanpur,20,10:00,73940.97738603379,0.0,0.0,0.0,0.0,0.0,0.0,0.0,0.0,6000.0,8.39,0.0,84350.76005328943,95916.29196428688,29.84614975590088,observed,observed
2026-06-19,Kalyanpur,21,10:30,76739.30117677394,0.0,0.0,0.0,0.0,0.0,0.0,0.0,0.0,6000.0,8.39,-1.4551915228366852e-11,87543.0459408806,95866.89358554571,30.1636106960022,observed,observed
2026-06-19,Kalyanpur,22,11:00,83216.09138013679,0.0,0.0,0.0,0.0,0.0,0.0,0.0,0.0,6000.0,8.39,0.0,94931.67124274939,101622.50419692404,30.44064332532407,observed,observed
2026-06-19,Kalyanpur,23,11:30,82531.26823862661,0.0,0.0,0.0,0.0,0.0,0.0,0.0,0.0,6000.0,8.39,0.0,94150.43525520104,104087.07733156547,30.67500950309434,observed,observed
2026-06-19,Kalyanpur,24,12:00,98555.7709056637,0.0,0.0,0.0,0.0,0.0,0.0,0.0,0.0,6000.0,8.39,-2.9103830456733704e-11,112430.94799962487,114581.26470724966,30.86481578990349,observed,observed
2026-06-19,Kalyanpur,25,12:30,102954.50960752799,0.0,0.0,0.0,0.0,0.0,0.0,0.0,0.0,6000.0,8.39,0.0,117448.96325848387,121190.20829651559,31.00852874476169,observed,observed
2026-06-19,Kalyanpur,26,13:00,105138.51176518147,0.0,0.0,0.0,0.0,0.0,0.0,0.0,0.0,6000.0,8.39,0.0,119940.44022387899,121395.98339561508,31.104987313736267,observed,observed
2026-06-19,Kalyanpur,27,13:30,102473.1908998997,0.0,0.0,0.0,0.0,0.0,0.0,0.0,0.0,6000.0,8.39,0.0,116899.88208250288,118192.55845390589,31.15341221008192,observed,observed
2026-06-19,Kalyanpur,28,14:00,82478.81606761338,0.0,0.0,0.0,0.0,0.0,0.0,0.0,0.0,6000.0,8.39,1.4551915228366852e-11,94090.59860375531,100886.88206116145,31.15341221008192,observed,observed
2026-06-19,Kalyanpur,29,14:30,80396.51556234447,0.0,0.0,0.0,0.0,0.0,0.0,0.0,0.0,6000.0,8.39,0.0,91715.1413608549,105922.13760607634,31.104987313736267,observed,observed
2026-06-19,Kalyanpur,30,15:00,74784.03787804912,0.0,0.0,0.0,0.0,0.0,0.0,0.0,0.0,6000.0,8.39,-1.4551915228366852e-11,85312.51084136899,99835.363713763,31.00852874476169,observed,observed
2026-06-19,Kalyanpur,31,15:30,75563.73062600556,0.0,0.0,0.0,0.0,0.0,0.0,0.0,0.0,6000.0,8.39,1.4551915228366852e-11,86201.97265568616,94021.71703540029,30.86481578990349,observed,observed
2026-06-19,Kalyanpur,32,16:00,78068.39532626072,0.0,0.0,0.0,0.0,0.0,0.0,0.0,0.0,6000.0,8.39,0.0,89059.25664913624,99023.68187200803,30.675009503094344,observed,observed
2026-06-19,Kalyanpur,33,16:30,79172.66363784598,0.0,0.0,0.0,0.0,0.0,0.0,0.0,0.0,6000.0,8.39,0.0,90318.98940731538,102485.2196075271,30.44064332532407,observed,observed
2026-06-19,Kalyanpur,34,17:00,94675.8637069509,0.0,0.0,0.0,0.0,0.0,0.0,0.0,0.0,6000.0,8.39,-1.4551915228366852e-11,108004.8079522867,122816.19837132652,30.1636106960022,observed,observed
2026-06-19,Kalyanpur,35,17:30,91703.61431863008,0.0,0.0,0.0,0.0,0.0,0.0,0.0,0.0,6000.0,8.39,-1.4551915228366852e-11,104614.1103467646,114896.85089889684,29.84614975590088,observed,observed
2026-06-19,Kalyanpur,36,18:00,95461.71467651956,0.0,0.0,0.0,0.0,0.0,0.0,0.0,0.0,6000.0,8.39,0.0,108901.29497362609,116874.12093193782,29.490825265262785,observed,observed
2026-06-19,Kalyanpur,37,18:30,111270.34675949112,0.0,0.0,0.0,0.0,0.0,0.0,0.0,0.0,6000.0,8.39,0.0,126935.54578748319,133471.84842729656,29.100328039452517,observed,observed
2026-06-19,Kalyanpur,38,19:00,94371.98454797005,0.0,0.0,0.0,0.0,0.0,0.0,0.0,0.0,6000.0,8.39,0.0,107658.14715700701,113758.43280694832,28.709422395296432,observed,observed
2026-06-19,Kalyanpur,39,19:30,99859.43115947784,0.0,0.0,0.0,0.0,0.0,0.0,0.0,0.0,6000.0,8.39,-1.4551915228366852e-11,113918.14410046049,120073.08767948198,28.357291910219597,observed,observed
2026-06-19,Kalyanpur,40,20:00,100535.04853877019,0.0,0.0,0.0,0.0,0.0,0.0,0.0,0.0,6000.0,8.39,-1.4551915228366852e-11,114688.87829228747,123954.30541535582,28.040090354360412,observed,observed
2026-06-19,Kalyanpur,41,20:30,88938.96579486506,0.0,0.0,0.0,0.0,0.0,0.0,0.0,0.0,6000.0,8.39,0.0,101460.24069959602,110573.59215648004,27.7543530174822,observed,observed
2026-06-19,Kalyanpur,42,21:00,81113.64866520556,0.0,0.0,0.0,0.0,0.0,0.0,0.0,0.0,6000.0,8.39,1.4551915228366852e-11,92533.23606860945,98157.85270334642,27.496958864842867,observed,observed
2026-06-19,Kalyanpur,43,21:30,69665.02742849663,0.0,0.0,0.0,0.0,0.0,0.0,0.0,0.0,6000.0,8.39,-2.9103830456733704e-11,79472.82035572437,90130.56201711463,27.26509644694276,observed,observed
2026-06-19,Kalyanpur,44,22:00,64478.78869381374,0.0,-0.0,0.0,0.0,0.0,0.0,0.0,0.0,6000.0,8.39,0.0,73556.43684885805,86860.97999121765,27.05623319079174,observed,observed
2026-06-19,Kalyanpur,45,22:30,57513.49044808204,0.0,0.0,0.0,0.0,0.0,0.0,0.0,0.0,6000.0,8.39,0.0,65610.52888556557,77871.86508255983,26.868087737271964,observed,observed
2026-06-19,Kalyanpur,46,23:00,55365.47094452158,0.0,0.0,0.0,0.0,0.0,0.0,0.0,0.0,6000.0,8.39,7.275957614183426e-12,63160.10039327413,64504.675011864885,26.698605022444582,observed,observed
2026-06-19,Kalyanpur,47,23:30,48514.98094817622,0.0,0.0,0.0,0.0,0.0,0.0,0.0,0.0,6000.0,8.39,0.0,55345.16396212098,65746.65448616358,26.5459338306199,observed,observed
2026-06-20,Dhanmondi,0,00:00,33435.64799186529,0.0,-0.0,0.0,0.0,0.0,0.0,0.0,0.0,8000.0,8.39,0.0,41296.04902127262,47933.63165347252,27.199362940292243,observed,observed
2026-06-20,Dhanmondi,1,00:30,37826.306516638244,0.0,0.0,0.0,0.0,0.0,0.0,0.0,0.0,8000.0,8.39,-7.275957614183426e-12,46718.909368372995,47734.29529792227,27.009398909224824,observed,observed
2026-06-20,Dhanmondi,2,01:00,38379.04398271451,0.0,0.0,0.0,0.0,0.0,0.0,0.0,0.0,8000.0,8.39,0.0,47401.59012576502,53706.26105396979,26.838279477215572,observed,observed
2026-06-20,Dhanmondi,3,01:30,38320.13432813524,0.0,0.0,0.0,0.0,0.0,0.0,0.0,0.0,8000.0,8.39,7.275957614183426e-12,47328.83137486766,52261.974347789204,26.68413524345388,observed,observed
2026-06-20,Dhanmondi,4,02:00,36056.13124294915,0.0,0.0,0.0,0.0,0.0,0.0,0.0,0.0,8000.0,8.39,-7.275957614183426e-12,44532.58281964588,50854.68567846777,26.545282253334715,observed,observed
2026-06-20,Dhanmondi,5,02:30,35948.04306878117,0.0,0.0,0.0,0.0,0.0,0.0,0.0,0.0,8000.0,8.39,7.275957614183426e-12,44399.084149599286,45899.654396727274,26.4202036020318,observed,observed
2026-06-20,Dhanmondi,6,03:00,34251.92493711989,0.0,0.0,0.0,0.0,0.0,0.0,0.0,0.0,8000.0,8.39,0.0,42304.22486863081,48623.05200065945,26.30753286301257,observed,observed
2026-06-20,Dhanmondi,7,03:30,30668.308634608926,0.0,0.0,0.0,0.0,0.0,0.0,0.0,0.0,8000.0,8.39,0.0,37878.13465085097,41352.640919700825,26.206039160459003,observed,observed
2026-06-20,Dhanmondi,8,04:00,37460.42292377198,0.0,0.0,0.0,0.0,0.0,0.0,0.0,0.0,8000.0,8.39,7.275957614183426e-12,46267.010042516886,53488.343363720065,26.114613722517447,observed,observed
2026-06-20,Dhanmondi,9,04:30,31808.76237211968,0.0,0.0,0.0,0.0,0.0,0.0,0.0,0.0,8000.0,8.39,0.0,39286.69815355911,43578.35005257511,26.032257768477898,observed,observed
2026-06-20,Dhanmondi,10,05:00,49998.561110346694,0.0,0.0,0.0,0.0,0.0,0.0,0.0,0.0,8000.0,8.39,0.0,61752.7445888984,64810.45384609081,25.958071597555747,observed,observed
2026-06-20,Dhanmondi,11,05:30,44898.169935070524,0.0,0.0,0.0,0.0,0.0,0.0,0.0,0.0,8000.0,8.39,0.0,55453.300233786336,60967.29163249072,26.086544927336146,observed,observed
2026-06-20,Dhanmondi,12,06:00,51534.71079068741,0.0,0.0,0.0,0.0,0.0,0.0,0.0,0.0,8000.0,8.39,7.275957614183426e-12,63650.028365746315,64869.2057220645,26.906207965800032,observed,observed
2026-06-20,Dhanmondi,13,06:30,54655.44461037129,0.0,0.0,0.0,0.0,0.0,0.0,0.0,0.0,8000.0,8.39,7.275957614183426e-12,67504.41685647824,69891.84011881352,27.71276991069354,observed,observed
2026-06-20,Dhanmondi,14,07:00,61155.233524289375,0.0,0.0,0.0,0.0,0.0,0.0,0.0,0.0,8000.0,8.39,0.0,75532.2439732845,78545.17879483201,28.49971521045966,observed,observed
2026-06-20,Dhanmondi,15,07:30,66120.42358921147,0.0,0.0,0.0,0.0,0.0,0.0,0.0,0.0,8000.0,8.39,0.0,81664.702730203,86209.76238566008,29.260686780307008,observed,observed
2026-06-20,Dhanmondi,16,08:00,59400.080919191634,0.0,0.0,0.0,0.0,0.0,0.0,0.0,0.0,8000.0,8.39,7.275957614183426e-12,73364.47177884208,79802.34655057112,29.989537355877097,observed,observed
2026-06-20,Dhanmondi,17,08:30,63448.09148194221,0.0,0.0,0.0,0.0,0.0,0.0,0.0,0.0,8000.0,8.39,0.0,78364.13090549178,86454.01520485333,30.680379151944553,observed,observed
2026-06-20,Dhanmondi,18,09:00,80935.68957038764,0.0,0.0,0.0,0.0,0.0,0.0,0.0,0.0,8000.0,8.39,0.0,99962.89603486675,102708.70569520841,31.327631424998582,observed,observed
2026-06-20,Dhanmondi,19,09:30,76670.02381423299,0.0,0.0,0.0,0.0,0.0,0.0,0.0,0.0,8000.0,8.39,0.0,94694.41306072535,107527.4738586743,31.92606555548655,observed,observed
2026-06-20,Dhanmondi,20,10:00,78820.08128306989,0.0,0.0,0.0,0.0,0.0,0.0,0.0,0.0,8000.0,8.39,-2.9103830456733704e-11,97349.92847508927,104332.46335350674,32.4708472855373,observed,observed
2026-06-20,Dhanmondi,21,10:30,82481.91055269743,0.0,0.0,0.0,0.0,0.0,0.0,0.0,0.0,8000.0,8.39,-1.4551915228366852e-11,101872.61878044419,103881.09058077709,32.95757577096033,observed,observed
2026-06-20,Dhanmondi,22,11:00,80120.69988572254,0.0,0.0,0.0,0.0,0.0,0.0,0.0,0.0,8000.0,8.39,1.4551915228366852e-11,98956.31007074994,108849.52187916341,33.38231913205178,observed,observed
2026-06-20,Dhanmondi,23,11:30,87307.87041452366,0.0,0.0,0.0,0.0,0.0,0.0,0.0,0.0,8000.0,8.39,1.4551915228366852e-11,107833.11564526214,115311.43957116811,33.74164621602144,observed,observed
2026-06-20,Dhanmondi,24,12:00,101739.26201791751,0.0,0.0,0.0,0.0,0.0,0.0,0.0,0.0,8000.0,8.39,-1.4551915228366852e-11,125657.1893777027,131154.74849703864,34.032654314458284,observed,observed
2026-06-20,Dhanmondi,25,12:30,110973.48422277324,0.0,0.0,0.0,0.0,0.0,0.0,0.0,0.0,8000.0,8.39,1.4551915228366852e-11,137062.28889716836,138330.12871495145,34.25299261192792,observed,observed
2026-06-20,Dhanmondi,26,13:00,100621.68401808984,0.0,0.0,0.0,0.0,0.0,0.0,0.0,0.0,8000.0,8.39,0.0,124276.87947979943,125295.92762119886,34.40088117627975,observed,observed
2026-06-20,Dhanmondi,27,13:30,97735.188693218,0.0,0.0,0.0,0.0,0.0,0.0,0.0,0.0,8000.0,8.39,0.0,120711.79671350817,121964.49305436731,34.475125337257126,observed,observed
2026-06-20,Dhanmondi,28,14:00,98190.81741078297,0.0,0.0,0.0,0.0,0.0,0.0,0.0,0.0,8000.0,8.39,0.0,121274.53938446345,122194.34286420047,34.475125337257126,observed,observed
2026-06-20,Dhanmondi,29,14:30,82630.51422296256,0.0,0.0,0.0,0.0,0.0,0.0,0.0,0.0,8000.0,8.39,0.0,102056.15775218784,116579.90608592998,34.40088117627975,observed,observed
2026-06-20,Dhanmondi,30,15:00,84043.25055541247,0.0,0.0,0.0,0.0,0.0,0.0,0.0,0.0,8000.0,8.39,0.0,103801.01488350997,120698.03376247066,34.25299261192792,observed,observed
2026-06-20,Dhanmondi,31,15:30,78351.9327140219,0.0,0.0,0.0,0.0,0.0,0.0,0.0,0.0,8000.0,8.39,0.0,96771.72265532023,114861.01203771975,34.032654314458284,observed,observed
2026-06-20,Dhanmondi,32,16:00,74217.00611576073,0.0,0.0,0.0,0.0,0.0,0.0,0.0,0.0,8000.0,8.39,-1.4551915228366852e-11,91664.71436456716,107644.56862275695,33.74164621602144,observed,observed
2026-06-20,Dhanmondi,33,16:30,87342.66415461378,0.0,0.0,0.0,0.0,0.0,0.0,0.0,0.0,8000.0,8.39,1.4551915228366852e-11,107876.08906084376,113955.5319105163,33.38231913205178,observed,observed
2026-06-20,Dhanmondi,34,17:00,89541.72180053053,0.0,0.0,0.0,0.0,0.0,0.0,0.0,0.0,8000.0,8.39,0.0,110592.12412523007,130021.59063441586,32.95757577096033,observed,observed
2026-06-20,Dhanmondi,35,17:30,88461.46222142671,0.0,0.0,0.0,0.0,0.0,0.0,0.0,0.0,8000.0,8.39,-1.4551915228366852e-11,109257.90585181054,125198.97438708732,32.4708472855373,observed,observed
2026-06-20,Dhanmondi,36,18:00,83168.51962551886,0.0,0.0,0.0,0.0,0.0,0.0,0.0,0.0,8000.0,8.39,1.4551915228366852e-11,102720.64307883919,117279.18645603104,31.92606555548655,observed,observed
2026-06-20,Dhanmondi,37,18:30,100027.01587314959,0.0,0.0,0.0,0.0,0.0,0.0,0.0,0.0,8000.0,8.39,0.0,123542.41054201139,132461.96013518417,31.327361110367182,observed,observed
2026-06-20,Dhanmondi,38,19:00,95906.82608901907,0.0,0.0,0.0,0.0,0.0,0.0,0.0,0.0,8000.0,8.39,0.0,118453.60354943277,126850.53113539268,30.727896028017554,observed,observed
2026-06-20,Dhanmondi,39,19:30,84463.68372802838,0.0,0.0,0.0,0.0,0.0,0.0,0.0,0.0,8000.0,8.39,0.0,104320.2878735458,120378.99315573141,30.187898409391316,observed,observed
2026-06-20,Dhanmondi,40,20:00,85568.45337120719,0.0,0.0,0.0,0.0,0.0,0.0,0.0,0.0,8000.0,8.39,0.0,105684.77829266443,114033.01034251836,29.70146902975326,observed,observed
2026-06-20,Dhanmondi,41,20:30,77712.4617948205,0.0,0.0,0.0,0.0,0.0,0.0,0.0,0.0,8000.0,8.39,0.0,95981.91823958275,105592.9366093915,29.26329387265346,observed,observed
2026-06-20,Dhanmondi,42,21:00,73778.44862542384,0.0,0.0,0.0,0.0,0.0,0.0,0.0,0.0,8000.0,8.39,-1.4551915228366852e-11,91123.05620307419,100564.48809254172,28.868586076750397,observed,observed
2026-06-20,Dhanmondi,43,21:30,64652.541327108476,0.0,0.0,0.0,0.0,0.0,0.0,0.0,0.0,8000.0,8.39,0.0,79851.7353886396,91949.0572329394,28.513033641560263,observed,observed
2026-06-20,Dhanmondi,44,22:00,54891.87137734873,0.0,0.0,0.0,0.0,0.0,0.0,0.0,0.0,8000.0,8.39,0.0,67796.42529493933,82380.39558687073,28.19275232084198,observed,observed
2026-06-20,Dhanmondi,45,22:30,50292.43623036392,0.0,0.0,0.0,0.0,0.0,0.0,0.0,0.0,8000.0,8.39,0.0,62115.70693870295,67025.22430808531,27.904243188999885,observed,observed
2026-06-20,Dhanmondi,46,23:00,41707.23842291656,0.0,-0.0,0.0,0.0,0.0,0.0,0.0,0.0,8000.0,8.39,0.0,51512.21124452868,61360.35211047467,27.644354416936615,observed,observed
2026-06-20,Dhanmondi,47,23:30,41788.05778098459,0.0,0.0,0.0,0.0,0.0,0.0,0.0,0.0,8000.0,8.39,0.0,51612.030460637754,60661.03113812848,27.410246839774988,observed,observed
2026-06-20,Kalyanpur,0,00:00,42268.27440332222,0.0,0.0,0.0,0.0,0.0,0.0,0.0,0.0,6000.0,8.39,0.0,45742.8889705754,52872.68069347048,27.199362940292243,observed,observed
2026-06-20,Kalyanpur,1,00:30,41598.9049255898,0.0,0.0,0.0,0.0,0.0,0.0,0.0,0.0,6000.0,8.39,-7.275957614183426e-12,45018.49474979309,51215.93489364367,27.009398909224824,observed,observed
2026-06-20,Kalyanpur,2,01:00,52283.918519807514,0.0,0.0,0.0,0.0,0.0,0.0,0.0,0.0,6000.0,8.39,0.0,56581.857517471515,58661.00446454222,26.838279477215572,observed,observed
2026-06-20,Kalyanpur,3,01:30,44553.3482239576,0.0,0.0,0.0,0.0,0.0,0.0,0.0,0.0,6000.0,8.39,0.0,48215.80463941748,56484.22453180441,26.68413524345388,observed,observed
2026-06-20,Kalyanpur,4,02:00,45395.70543163244,0.0,0.0,0.0,0.0,0.0,0.0,0.0,0.0,6000.0,8.39,0.0,49127.4068462302,57908.24828254653,26.545282253334715,observed,observed
2026-06-20,Kalyanpur,5,02:30,39908.68766146971,0.0,0.0,0.0,0.0,0.0,0.0,0.0,0.0,6000.0,8.39,0.0,43189.335132084234,48647.344211775286,26.4202036020318,observed,observed
2026-06-20,Kalyanpur,6,03:00,42257.601986057234,0.0,0.0,0.0,0.0,0.0,0.0,0.0,0.0,6000.0,8.39,0.0,45731.33923960359,46552.13833955567,26.30753286301257,observed,observed
2026-06-20,Kalyanpur,7,03:30,36225.00947774294,0.0,0.0,0.0,0.0,0.0,0.0,0.0,0.0,6000.0,8.39,0.0,39202.844447517724,41360.2532994154,26.206039160459003,observed,observed
2026-06-20,Kalyanpur,8,04:00,40020.559963924556,0.0,0.0,0.0,0.0,0.0,0.0,0.0,0.0,6000.0,8.39,0.0,43310.403767658114,50011.51056824921,26.114613722517447,observed,observed
2026-06-20,Kalyanpur,9,04:30,40336.04093625779,0.0,0.0,0.0,0.0,0.0,0.0,0.0,0.0,6000.0,8.39,0.0,43651.8184881189,48166.51061480332,26.032257768477898,observed,observed
2026-06-20,Kalyanpur,10,05:00,52178.34415589069,0.0,0.0,0.0,0.0,0.0,0.0,0.0,0.0,6000.0,8.39,-7.275957614183426e-12,56467.604535182596,62451.857132788464,25.958071597555747,observed,observed
2026-06-20,Kalyanpur,11,05:30,55770.613577119606,0.0,0.0,0.0,0.0,0.0,0.0,0.0,0.0,6000.0,8.39,-7.275957614183426e-12,60355.172305745546,67601.57962920726,26.086544927336146,observed,observed
2026-06-20,Kalyanpur,12,06:00,67407.42676100436,0.0,0.0,0.0,0.0,0.0,0.0,0.0,0.0,6000.0,8.39,1.4551915228366852e-11,72948.57624654923,78392.4168499424,26.906207965800032,observed,observed
2026-06-20,Kalyanpur,13,06:30,73797.15985686776,0.0,0.0,0.0,0.0,0.0,0.0,0.0,0.0,6000.0,8.39,0.0,79863.56995475496,85347.46183636252,27.71276991069354,observed,observed
2026-06-20,Kalyanpur,14,07:00,84696.99233332096,0.0,0.0,0.0,0.0,0.0,0.0,0.0,0.0,6000.0,8.39,0.0,91659.41054220722,96494.85238242133,28.49971521045966,observed,observed
2026-06-20,Kalyanpur,15,07:30,86990.38174518496,0.0,0.0,0.0,0.0,0.0,0.0,0.0,0.0,6000.0,8.39,1.4551915228366852e-11,94141.32537582866,102021.74023754042,29.260686780307008,observed,observed
2026-06-20,Kalyanpur,16,08:00,78404.9646922631,0.0,0.0,0.0,0.0,0.0,0.0,0.0,0.0,6000.0,8.39,0.0,84850.15405261447,94212.02705896406,29.989537355877097,observed,observed
2026-06-20,Kalyanpur,17,08:30,73084.15847557431,0.0,-0.0,0.0,0.0,0.0,0.0,0.0,0.0,6000.0,8.39,0.0,79091.95712028808,87693.4672167472,30.680379151944553,observed,observed
2026-06-20,Kalyanpur,18,09:00,84570.16501790029,0.0,0.0,0.0,0.0,0.0,0.0,0.0,0.0,6000.0,8.39,0.0,91522.15753413858,100673.35668773357,31.327631424998582,observed,observed
2026-06-20,Kalyanpur,19,09:30,75344.13619814574,0.0,0.0,0.0,0.0,0.0,0.0,0.0,0.0,6000.0,8.39,0.0,81537.71369537631,88496.58255277573,31.92606555548655,observed,observed
2026-06-20,Kalyanpur,20,10:00,91289.43023063224,0.0,0.0,0.0,0.0,0.0,0.0,0.0,0.0,6000.0,8.39,0.0,98793.77216541128,102821.28070658362,32.4708472855373,observed,observed
2026-06-20,Kalyanpur,21,10:30,85387.05950615033,0.0,0.0,0.0,0.0,0.0,0.0,0.0,0.0,6000.0,8.39,1.4551915228366852e-11,92406.20388815203,102916.84899200029,32.95757577096033,observed,observed
2026-06-20,Kalyanpur,22,11:00,93002.21619254035,0.0,0.0,0.0,0.0,0.0,0.0,0.0,0.0,6000.0,8.39,-1.4551915228366852e-11,100647.3557145841,109049.96584280483,33.38231913205178,observed,observed
2026-06-20,Kalyanpur,23,11:30,94300.6144172433,0.0,0.0,0.0,0.0,0.0,0.0,0.0,0.0,6000.0,8.39,-2.9103830456733704e-11,102052.48726231328,110788.88197877503,33.74164621602144,observed,observed
2026-06-20,Kalyanpur,24,12:00,110956.92184148643,0.0,0.0,0.0,0.0,0.0,0.0,0.0,0.0,6000.0,8.39,1.4551915228366852e-11,120078.00715689966,122027.26855542307,34.032654314458284,observed,observed
2026-06-20,Kalyanpur,25,12:30,112123.84584059722,0.0,0.0,0.0,0.0,0.0,0.0,0.0,0.0,6000.0,8.39,1.4551915228366852e-11,121340.8567925174,128901.10636310503,34.25299261192792,observed,observed
2026-06-20,Kalyanpur,26,13:00,107877.28302775031,0.0,0.0,0.0,0.0,0.0,0.0,0.0,0.0,6000.0,8.39,1.4551915228366852e-11,116745.2101994934,129892.24796519741,34.40088117627975,observed,observed
2026-06-20,Kalyanpur,27,13:30,113169.40956526197,0.0,0.0,0.0,0.0,0.0,0.0,0.0,0.0,6000.0,8.39,0.0,122472.36987281585,126734.7144992729,34.475125337257126,observed,observed
2026-06-20,Kalyanpur,28,14:00,87972.81451848718,0.0,0.0,0.0,0.0,0.0,0.0,0.0,0.0,6000.0,8.39,0.0,95204.51789798857,108037.40384861075,34.475125337257126,observed,observed
2026-06-20,Kalyanpur,29,14:30,87765.33084983984,0.0,0.0,0.0,0.0,0.0,0.0,0.0,0.0,6000.0,8.39,0.0,94979.97827454476,113805.57957847114,34.40088117627975,observed,observed
2026-06-20,Kalyanpur,30,15:00,92774.67820073308,0.0,0.0,0.0,0.0,0.0,0.0,0.0,0.0,6000.0,8.39,-1.4551915228366852e-11,100401.11322556004,107271.06903461738,34.25299261192792,observed,observed
2026-06-20,Kalyanpur,31,15:30,90204.43130384432,0.0,0.0,0.0,0.0,0.0,0.0,0.0,0.0,6000.0,8.39,0.0,97619.58215784971,101044.5807900171,34.032654314458284,observed,observed
2026-06-20,Kalyanpur,32,16:00,84761.89834650821,0.0,0.0,0.0,0.0,0.0,0.0,0.0,0.0,6000.0,8.39,1.4551915228366852e-11,91729.65207907274,106856.27218403282,33.74164621602144,observed,observed
2026-06-20,Kalyanpur,33,16:30,99416.15495933895,0.0,0.0,0.0,0.0,0.0,0.0,0.0,0.0,6000.0,8.39,-1.4551915228366852e-11,107588.54489288368,111626.69910071894,33.38231913205178,observed,observed
2026-06-20,Kalyanpur,34,17:00,104335.74655347159,0.0,0.0,0.0,0.0,0.0,0.0,0.0,0.0,6000.0,8.39,-1.4551915228366852e-11,112912.54581905591,130318.32967594387,32.95757577096033,observed,observed
2026-06-20,Kalyanpur,35,17:30,96119.08991787827,0.0,0.0,0.0,0.0,0.0,0.0,0.0,0.0,6000.0,8.39,0.0,104020.44843639708,121091.92445833642,32.4708472855373,observed,observed
2026-06-20,Kalyanpur,36,18:00,106480.3549289715,0.0,0.0,0.0,0.0,0.0,0.0,0.0,0.0,6000.0,8.39,1.4551915228366852e-11,115233.44924344891,123024.20495550845,31.92606555548655,observed,observed
2026-06-20,Kalyanpur,37,18:30,118989.85164944036,0.0,0.0,0.0,0.0,0.0,0.0,0.0,0.0,6000.0,8.39,-2.9103830456733704e-11,128771.27466073656,139604.2956686311,31.327361110367182,observed,observed
2026-06-20,Kalyanpur,38,19:00,103170.35090402862,0.0,0.0,0.0,0.0,0.0,0.0,0.0,0.0,6000.0,8.39,1.4551915228366852e-11,111651.35016932129,119422.11047078954,30.727896028017554,observed,observed
2026-06-20,Kalyanpur,39,19:30,109353.26559099418,0.0,0.0,0.0,0.0,0.0,0.0,0.0,0.0,6000.0,8.39,0.0,118342.52420074028,125393.27895406607,30.187898409391316,observed,observed
2026-06-20,Kalyanpur,40,20:00,110352.20789497596,0.0,0.0,0.0,0.0,0.0,0.0,0.0,0.0,6000.0,8.39,0.0,119423.58340043775,129099.23189743503,29.70146902975326,observed,observed
2026-06-20,Kalyanpur,41,20:30,98720.78351863519,0.0,0.0,0.0,0.0,0.0,0.0,0.0,0.0,6000.0,8.39,0.0,106836.01124786401,114916.26586417235,29.26329387265346,observed,observed
2026-06-20,Kalyanpur,42,21:00,87019.13648865659,0.0,0.0,0.0,0.0,0.0,0.0,0.0,0.0,6000.0,8.39,0.0,94172.44386970068,101443.65060893269,28.868586076750397,observed,observed
2026-06-20,Kalyanpur,43,21:30,74198.79960296991,0.0,0.0,0.0,0.0,0.0,0.0,0.0,0.0,6000.0,8.39,-1.4551915228366852e-11,80298.22603124437,93677.66607189264,28.513033641560263,observed,observed
2026-06-20,Kalyanpur,44,22:00,68615.00977969202,0.0,-0.0,0.0,0.0,0.0,0.0,0.0,0.0,6000.0,8.39,0.0,74255.4272293809,89884.64193027589,28.19275232084198,observed,observed
2026-06-20,Kalyanpur,45,22:30,65605.16108459816,0.0,0.0,0.0,0.0,0.0,0.0,0.0,0.0,6000.0,8.39,1.4551915228366852e-11,70998.15740653024,80297.89628371096,27.904243188999885,observed,observed
2026-06-20,Kalyanpur,46,23:00,52406.60312063163,0.0,0.0,0.0,0.0,0.0,0.0,0.0,0.0,6000.0,8.39,0.0,56714.62726388572,66388.42860715519,27.644354416936615,observed,observed
2026-06-20,Kalyanpur,47,23:30,56329.5085654755,0.0,0.0,0.0,0.0,0.0,0.0,0.0,0.0,6000.0,8.39,0.0,60960.01060963821,67592.05434749112,27.410246839774988,observed,observed
2026-06-21,Dhanmondi,0,00:00,44851.47624888887,0.0,0.0,0.0,0.0,0.0,0.0,0.0,0.0,8000.0,8.39,0.0,44081.603114295845,47135.45387460167,26.66233899412,observed,observed
2026-06-21,Dhanmondi,1,00:30,46130.4153152503,0.0,0.0,0.0,0.0,0.0,0.0,0.0,0.0,8000.0,8.39,0.0,45338.58926159376,46924.54110448944,26.47650198575339,observed,observed
2026-06-21,Dhanmondi,2,01:00,50076.03123148956,0.0,0.0,0.0,0.0,0.0,0.0,0.0,0.0,8000.0,8.39,0.0,49216.47889661809,52683.29869163469,26.30910078868651,observed,observed
2026-06-21,Dhanmondi,3,01:30,44342.955704026914,0.0,0.0,0.0,0.0,0.0,0.0,0.0,0.0,8000.0,8.39,0.0,43581.81129674948,51315.148123771665,26.15830649305223,observed,observed
2026-06-21,Dhanmondi,4,02:00,48243.781389164156,0.0,0.0,0.0,0.0,0.0,0.0,0.0,0.0,8000.0,8.39,0.0,47415.67952253685,49952.31974302916,26.022471624519273,observed,observed
2026-06-21,Dhanmondi,5,02:30,39646.84319067506,0.0,0.0,0.0,0.0,0.0,0.0,0.0,0.0,8000.0,8.39,0.0,38966.30729761899,45152.52320162143,25.900112145125476,observed,observed
2026-06-21,Dhanmondi,6,03:00,41158.565123681896,0.0,0.0,0.0,0.0,0.0,0.0,0.0,0.0,8000.0,8.39,0.0,40452.08060639905,47830.772651095256,25.789891239703913,observed,observed
2026-06-21,Dhanmondi,7,03:30,40489.584074125196,0.0,0.0,0.0,0.0,0.0,0.0,0.0,0.0,8000.0,8.39,0.0,39794.582579937225,40840.19532758473,25.690604710763637,observed,observed
2026-06-21,Dhanmondi,8,04:00,44208.21408495967,0.0,0.0,0.0,0.0,0.0,0.0,0.0,0.0,8000.0,8.39,0.0,43449.382510197625,52574.70251215108,25.60116782225955,observed,observed
2026-06-21,Dhanmondi,9,04:30,38480.17498657013,0.0,0.0,0.0,0.0,0.0,0.0,0.0,0.0,8000.0,8.39,0.0,37819.6648893728,43020.040069478055,25.520603448515512,observed,observed
2026-06-21,Dhanmondi,10,05:00,55794.980950475925,0.0,0.0,0.0,0.0,0.0,0.0,0.0,0.0,8000.0,8.39,0.0,54837.26315673965,63923.57767759175,25.448031398824043,observed,observed
2026-06-21,Dhanmondi,11,05:30,57306.322965980966,0.0,0.0,0.0,0.0,0.0,0.0,0.0,0.0,8000.0,8.39,0.0,56322.66306928111,60330.717837194774,25.57403136888601,observed,observed
2026-06-21,Dhanmondi,12,06:00,62984.59569002842,0.0,0.0,0.0,0.0,0.0,0.0,0.0,0.0,8000.0,8.39,0.0,61903.468552855185,64308.38013206105,26.375855362661397,observed,observed
2026-06-21,Dhanmondi,13,06:30,66474.90575252284,0.0,0.0,0.0,0.0,0.0,0.0,0.0,0.0,8000.0,8.39,1.4551915228366852e-11,65333.86763419029,69311.06471030053,27.164861494802583,observed,observed
2026-06-21,Dhanmondi,14,07:00,69835.86457779922,0.0,0.0,0.0,0.0,0.0,0.0,0.0,0.0,8000.0,8.39,0.0,68637.1357852133,77653.04292436453,27.934676303366825,observed,observed
2026-06-21,Dhanmondi,15,07:30,83612.28066759782,0.0,0.0,0.0,0.0,0.0,0.0,0.0,0.0,8000.0,8.39,0.0,82177.0804469668,85288.98660851775,28.679081350771092,observed,observed
2026-06-21,Dhanmondi,16,08:00,73115.12077421615,0.0,0.0,0.0,0.0,0.0,0.0,0.0,0.0,8000.0,8.39,0.0,71860.10372852893,78799.64597626023,29.392063455309508,observed,observed
2026-06-21,Dhanmondi,17,08:30,84796.10026405689,0.0,0.0,0.0,0.0,0.0,0.0,0.0,0.0,8000.0,8.39,0.0,83340.57984485621,85273.62972286512,30.06786326464751,observed,observed
2026-06-21,Dhanmondi,18,09:00,98429.59159475232,0.0,0.0,0.0,0.0,0.0,0.0,0.0,0.0,8000.0,8.39,0.0,96740.05304317264,100960.35490028006,30.701021778924048,observed,observed
2026-06-21,Dhanmondi,19,09:30,93885.99873732479,0.0,0.0,0.0,0.0,0.0,0.0,0.0,0.0,8000.0,8.39,0.0,92274.45070842146,105498.77089916322,31.286424447655815,observed,observed
2026-06-21,Dhanmondi,20,10:00,92783.03207419137,0.0,0.0,0.0,0.0,0.0,0.0,0.0,0.0,8000.0,8.39,-1.4551915228366852e-11,91190.41640768321,102355.51413393178,31.819342484236028,observed,observed
2026-06-21,Dhanmondi,21,10:30,94733.82894549805,0.0,0.0,0.0,0.0,0.0,0.0,0.0,0.0,8000.0,8.39,1.4551915228366852e-11,93107.72795748262,101956.06399436775,32.295471064295924,observed,observed
2026-06-21,Dhanmondi,22,11:00,101141.06319088253,0.0,0.0,0.0,0.0,0.0,0.0,0.0,0.0,8000.0,8.39,0.0,99404.98237778421,107073.69538019423,32.710964099368965,observed,observed
2026-06-21,Dhanmondi,23,11:30,99921.84248245948,0.0,0.0,0.0,0.0,0.0,0.0,0.0,0.0,8000.0,8.39,0.0,98206.68952607975,114217.49081965865,33.06246530496172,observed,observed
2026-06-21,Dhanmondi,24,12:00,131386.0749119079,0.0,0.0,0.0,0.0,0.0,0.0,0.0,0.0,8000.0,8.39,-2.9103830456733704e-11,129130.84012826333,130733.20804730701,33.3471353120688,observed,observed
2026-06-21,Dhanmondi,25,12:30,139370.19803195205,0.0,0.0,0.0,0.0,0.0,0.0,0.0,0.0,8000.0,8.39,2.9103830456733704e-11,136977.91621201168,137990.04168565053,33.56267460312927,observed,observed
2026-06-21,Dhanmondi,26,13:00,125210.93998606448,0.0,0.0,0.0,0.0,0.0,0.0,0.0,0.0,8000.0,8.39,1.4551915228366852e-11,123061.70105538833,124975.59909218276,33.707342087151844,observed,observed
2026-06-21,Dhanmondi,27,13:30,119561.10005450145,0.0,0.0,0.0,0.0,0.0,0.0,0.0,0.0,8000.0,8.39,1.4551915228366852e-11,117508.84031697216,121651.75238168034,33.77996916396195,observed,observed
2026-06-21,Dhanmondi,28,14:00,122823.45982441865,0.0,0.0,0.0,0.0,0.0,0.0,0.0,0.0,8000.0,8.39,-1.4551915228366852e-11,120715.20186002388,121852.25341746835,33.77996916396195,observed,observed
2026-06-21,Dhanmondi,29,14:30,99555.72092029222,0.0,0.0,0.0,0.0,0.0,0.0,0.0,0.0,8000.0,8.39,-1.4551915228366852e-11,97846.85242048507,116263.49843836087,33.707342087151844,observed,observed
2026-06-21,Dhanmondi,30,15:00,103398.17447197008,0.0,0.0,0.0,0.0,0.0,0.0,0.0,0.0,8000.0,8.39,-1.4551915228366852e-11,101623.35046728856,120389.79550959573,33.56267460312927,observed,observed
2026-06-21,Dhanmondi,31,15:30,106337.49344731146,0.0,0.0,0.0,0.0,0.0,0.0,0.0,0.0,8000.0,8.39,-1.4551915228366852e-11,104512.21619331975,114465.23330220983,33.3471353120688,observed,observed
2026-06-21,Dhanmondi,32,16:00,105532.52883233169,0.0,0.0,0.0,0.0,0.0,0.0,0.0,0.0,8000.0,8.39,-1.4551915228366852e-11,103721.06875189152,106479.5497263188,33.06246530496172,observed,observed
2026-06-21,Dhanmondi,33,16:30,110989.65580082752,0.0,0.0,0.0,0.0,0.0,0.0,0.0,0.0,8000.0,8.39,0.0,109084.52443470222,111689.96072412611,32.710964099368965,observed,observed
2026-06-21,Dhanmondi,34,17:00,108359.852220437,0.0,-0.0,0.0,0.0,0.0,0.0,0.0,0.0,8000.0,8.39,0.0,106499.86128881079,127813.94913749945,32.295471064295924,observed,observed
2026-06-21,Dhanmondi,35,17:30,106429.98751454189,0.0,0.0,0.0,0.0,0.0,0.0,0.0,0.0,8000.0,8.39,-1.4551915228366852e-11,104603.12260494944,123224.37487558159,31.819342484236028,observed,observed
2026-06-21,Dhanmondi,36,18:00,100583.28769017896,0.0,0.0,0.0,0.0,0.0,0.0,0.0,0.0,8000.0,8.39,-1.4551915228366852e-11,98856.78106301693,115328.49495979068,31.286424447655815,observed,observed
2026-06-21,Dhanmondi,37,18:30,123413.40974043796,0.0,0.0,0.0,0.0,0.0,0.0,0.0,0.0,8000.0,8.39,0.0,121295.0253180293,130473.19702472078,30.700759669713452,observed,observed
2026-06-21,Dhanmondi,38,19:00,112101.19329850003,0.0,0.0,0.0,0.0,0.0,0.0,0.0,0.0,8000.0,8.39,0.0,110176.982452074,124686.56024862142,30.114294378646104,observed,observed
2026-06-21,Dhanmondi,39,19:30,109603.62752424214,0.0,0.0,0.0,0.0,0.0,0.0,0.0,0.0,8000.0,8.39,-1.4551915228366852e-11,107722.28725761162,118488.41025794797,29.586008906200398,observed,observed
2026-06-21,Dhanmondi,40,20:00,104995.02370143116,0.0,0.0,0.0,0.0,0.0,0.0,0.0,0.0,8000.0,8.39,0.0,103192.78986713922,112196.91748054048,29.110131570153353,observed,observed
2026-06-21,Dhanmondi,41,20:30,96268.68606966239,0.0,0.0,0.0,0.0,0.0,0.0,0.0,0.0,8000.0,8.39,0.0,94616.2393431305,103754.03421054434,28.68146326338573,observed,observed
2026-06-21,Dhanmondi,42,21:00,84255.16611724197,0.0,0.0,0.0,0.0,0.0,0.0,0.0,0.0,8000.0,8.39,0.0,82808.93080305995,98743.136942852,28.29532065202831,observed,observed
2026-06-21,Dhanmondi,43,21:30,73427.25744345573,0.0,0.0,0.0,0.0,0.0,0.0,0.0,0.0,8000.0,8.39,0.0,72166.88258892765,90203.96246640345,27.947485008590462,observed,observed
2026-06-21,Dhanmondi,44,22:00,65709.70713802284,0.0,0.0,0.0,0.0,0.0,0.0,0.0,0.0,8000.0,8.39,1.4551915228366852e-11,64581.80361202031,80858.10067060783,27.63415612105717,observed,observed
2026-06-21,Dhanmondi,45,22:30,61884.770194824814,0.0,0.0,0.0,0.0,0.0,0.0,0.0,0.0,8000.0,8.39,0.0,60822.52150207112,65932.17357448765,27.351910774397084,observed,observed
2026-06-21,Dhanmondi,46,23:00,50971.21557685591,0.0,0.0,0.0,0.0,0.0,0.0,0.0,0.0,8000.0,8.39,0.0,50096.2974516996,60249.97250918762,27.097665350879247,observed,observed
2026-06-21,Dhanmondi,47,23:30,49287.68272214386,0.0,0.0,0.0,0.0,0.0,0.0,0.0,0.0,8000.0,8.39,0.0,48441.66234628022,59553.04399665793,26.868642140595426,observed,observed
2026-06-21,Kalyanpur,0,00:00,42294.60175138644,0.0,0.0,0.0,0.0,0.0,0.0,0.0,0.0,6000.0,8.39,0.0,46281.996126910824,52029.89503953359,26.66233899412,observed,observed
2026-06-21,Kalyanpur,1,00:30,41916.016877668495,0.0,0.0,0.0,0.0,0.0,0.0,0.0,0.0,6000.0,8.39,0.0,45867.71953052345,50468.63671669325,26.47650198575339,observed,observed
2026-06-21,Kalyanpur,2,01:00,45430.49824652228,0.0,0.0,0.0,0.0,0.0,0.0,0.0,0.0,6000.0,8.39,0.0,49713.5345131899,57625.90232843803,26.30910078868651,observed,observed
2026-06-21,Kalyanpur,3,01:30,47114.86729245485,0.0,0.0,0.0,0.0,0.0,0.0,0.0,0.0,6000.0,8.39,-7.275957614183426e-12,51556.70027033249,55533.05942551701,26.15830649305223,observed,observed
2026-06-21,Kalyanpur,4,02:00,43872.290838021356,0.0,0.0,0.0,0.0,0.0,0.0,0.0,0.0,6000.0,8.39,0.0,48008.424493025224,56907.32148456653,26.022471624519273,observed,observed
2026-06-21,Kalyanpur,5,02:30,41830.86964052506,0.0,0.0,0.0,0.0,0.0,0.0,0.0,0.0,6000.0,8.39,0.0,45774.54489507348,47900.063590340964,25.900112145125476,observed,observed
2026-06-21,Kalyanpur,6,03:00,40363.08706323202,0.0,0.0,0.0,0.0,0.0,0.0,0.0,0.0,6000.0,8.39,0.0,44168.384658437666,45935.583653442256,25.789891239703913,observed,observed
2026-06-21,Kalyanpur,7,03:30,34873.501967822005,0.0,0.0,0.0,0.0,0.0,0.0,0.0,0.0,6000.0,8.39,0.0,38161.259739338864,40994.96684318794,25.690604710763637,observed,observed
2026-06-21,Kalyanpur,8,04:00,38102.81568656505,0.0,0.0,0.0,0.0,0.0,0.0,0.0,0.0,6000.0,8.39,0.0,41695.02241434845,49304.79090714845,25.60116782225955,observed,observed
2026-06-21,Kalyanpur,9,04:30,37758.80254775358,0.0,0.0,0.0,0.0,0.0,0.0,0.0,0.0,6000.0,8.39,0.0,41318.57686104428,47598.678644085834,25.520603448515512,observed,observed
2026-06-21,Kalyanpur,10,05:00,53467.48116037207,0.0,0.0,0.0,0.0,0.0,0.0,0.0,0.0,6000.0,8.39,0.0,58508.2174440595,62002.7020615022,25.448031398824043,observed,observed
2026-06-21,Kalyanpur,11,05:30,56506.17191207062,0.0,0.0,0.0,0.0,0.0,0.0,0.0,0.0,6000.0,8.39,0.0,61833.385852729574,67000.74629355801,25.57403136888601,observed,observed
2026-06-21,Kalyanpur,12,06:00,65374.06755809736,0.0,0.0,0.0,0.0,0.0,0.0,0.0,0.0,6000.0,8.39,0.0,71537.31720443699,77699.41558028807,26.375855362661397,observed,observed
2026-06-21,Kalyanpur,13,06:30,72310.76915947552,0.0,0.0,0.0,0.0,0.0,0.0,0.0,0.0,6000.0,8.39,0.0,79127.98796038031,84675.84516418904,27.164861494802583,observed,observed
2026-06-21,Kalyanpur,14,07:00,84599.04175670793,0.0,0.0,0.0,0.0,0.0,0.0,0.0,0.0,6000.0,8.39,0.0,92574.7580256144,95933.6479184983,27.934676303366825,observed,observed
2026-06-21,Kalyanpur,15,07:30,87256.99724424252,0.0,0.0,0.0,0.0,0.0,0.0,0.0,0.0,6000.0,8.39,0.0,95483.2967157923,101058.36115839586,28.679081350771092,observed,observed
2026-06-21,Kalyanpur,16,08:00,83025.13614277031,0.0,0.0,0.0,0.0,0.0,0.0,0.0,0.0,6000.0,8.39,-1.4551915228366852e-11,90852.46982541868,93165.95534766676,29.392063455309508,observed,observed
2026-06-21,Kalyanpur,17,08:30,77655.12898450095,0.0,0.0,0.0,0.0,0.0,0.0,0.0,0.0,6000.0,8.39,0.0,84976.1962536417,86665.94374024794,30.06786326464751,observed,observed
2026-06-21,Kalyanpur,18,09:00,87199.68271753083,0.0,0.0,0.0,0.0,0.0,0.0,0.0,0.0,6000.0,8.39,0.0,95420.57876613818,99295.04718620589,30.701021778924048,observed,observed
2026-06-21,Kalyanpur,19,09:30,72737.25553058155,0.0,0.0,0.0,0.0,0.0,0.0,0.0,0.0,6000.0,8.39,1.4551915228366852e-11,79594.68204800258,87260.99190298078,31.286424447655815,observed,observed
2026-06-21,Kalyanpur,20,10:00,80114.62444697501,0.0,-0.0,0.0,0.0,0.0,0.0,0.0,0.0,6000.0,8.39,0.0,87667.56476770154,101107.31813842402,31.819342484236028,observed,observed
2026-06-21,Kalyanpur,21,10:30,90372.02530889917,0.0,0.0,0.0,0.0,0.0,0.0,0.0,0.0,6000.0,8.39,0.0,98891.99926537796,101246.1736144787,32.295471064295924,observed,observed
2026-06-21,Kalyanpur,22,11:00,94395.39852104013,0.0,0.0,0.0,0.0,0.0,0.0,0.0,0.0,6000.0,8.39,0.0,103294.68272167309,107365.9894540983,32.710964099368965,observed,observed
2026-06-21,Kalyanpur,23,11:30,89956.65935148374,0.0,0.0,0.0,0.0,0.0,0.0,0.0,0.0,6000.0,8.39,0.0,98437.473987061,109832.46589198735,33.06246530496172,observed,observed
2026-06-21,Kalyanpur,24,12:00,104618.56165648821,0.0,0.0,0.0,0.0,0.0,0.0,0.0,0.0,6000.0,8.39,-1.4551915228366852e-11,114481.6516739006,121541.30957900084,33.3471353120688,observed,observed
2026-06-21,Kalyanpur,25,12:30,116110.13926505455,0.0,0.0,0.0,0.0,0.0,0.0,0.0,0.0,6000.0,8.39,1.4551915228366852e-11,127056.61699685286,128459.08545322216,33.56267460312927,observed,observed
2026-06-21,Kalyanpur,26,13:00,111435.57463892498,0.0,0.0,0.0,0.0,0.0,0.0,0.0,0.0,6000.0,8.39,0.0,121941.34996600937,129472.04448167772,33.707342087151844,observed,observed
2026-06-21,Kalyanpur,27,13:30,110356.72129944312,0.0,0.0,0.0,0.0,0.0,0.0,0.0,0.0,6000.0,8.39,-2.9103830456733704e-11,120760.7859220941,126305.21343534777,33.77996916396195,observed,observed
2026-06-21,Kalyanpur,28,14:00,92339.90850538501,0.0,0.0,0.0,0.0,0.0,0.0,0.0,0.0,6000.0,8.39,0.0,101045.40794418132,107587.93022449262,33.77996916396195,observed,observed
2026-06-21,Kalyanpur,29,14:30,88400.91849295804,0.0,0.0,0.0,0.0,0.0,0.0,0.0,0.0,6000.0,8.39,0.0,96735.06305499913,113380.19692261805,33.707342087151844,observed,observed
2026-06-21,Kalyanpur,30,15:00,89206.86068176883,0.0,0.0,0.0,0.0,0.0,0.0,0.0,0.0,6000.0,8.39,-1.4551915228366852e-11,97616.98679269761,106839.30424414184,33.56267460312927,observed,observed
2026-06-21,Kalyanpur,31,15:30,89239.9618822245,0.0,0.0,0.0,0.0,0.0,0.0,0.0,0.0,6000.0,8.39,0.0,97653.2086642332,100572.2818112368,33.3471353120688,observed,observed
2026-06-21,Kalyanpur,32,16:00,82716.27092880636,0.0,0.0,0.0,0.0,0.0,0.0,0.0,0.0,6000.0,8.39,-1.4551915228366852e-11,90514.4858264099,105733.09523332196,33.06246530496172,observed,observed
2026-06-21,Kalyanpur,33,16:30,93143.46499431953,0.0,0.0,0.0,0.0,0.0,0.0,0.0,0.0,6000.0,8.39,1.4551915228366852e-11,101924.72106615438,109554.56060462944,32.710964099368965,observed,observed
2026-06-21,Kalyanpur,34,17:00,102125.29210682119,0.0,0.0,0.0,0.0,0.0,0.0,0.0,0.0,6000.0,8.39,0.0,111753.32496404437,128540.4991327772,32.295471064295924,observed,observed
2026-06-21,Kalyanpur,35,17:30,95765.68279139412,0.0,0.0,0.0,0.0,0.0,0.0,0.0,0.0,6000.0,8.39,0.0,104794.15283528423,119554.1776807302,31.819342484236028,observed,observed
2026-06-21,Kalyanpur,36,18:00,102182.90283190666,0.0,0.0,0.0,0.0,0.0,0.0,0.0,0.0,6000.0,8.39,-1.4551915228366852e-11,111816.36703666995,121408.82163014158,31.286424447655815,observed,observed
2026-06-21,Kalyanpur,37,18:30,117561.4967391545,0.0,0.0,0.0,0.0,0.0,0.0,0.0,0.0,6000.0,8.39,1.4551915228366852e-11,128644.8036261987,137878.86090686743,30.700759669713452,observed,observed
2026-06-21,Kalyanpur,38,19:00,101081.4345134599,0.0,0.0,0.0,0.0,0.0,0.0,0.0,0.0,6000.0,8.39,1.4551915228366852e-11,110611.05594879341,117700.39268379212,30.114294378646104,observed,observed
2026-06-21,Kalyanpur,39,19:30,107007.08667768062,0.0,0.0,0.0,0.0,0.0,0.0,0.0,0.0,6000.0,8.39,0.0,117095.35888953206,123644.04049971282,29.586008906200398,observed,observed
2026-06-21,Kalyanpur,40,20:00,108911.25071556945,0.0,0.0,0.0,0.0,0.0,0.0,0.0,0.0,6000.0,8.39,1.4551915228366852e-11,119179.04117940446,127267.98908638749,29.110131570153353,observed,observed
2026-06-21,Kalyanpur,41,20:30,96020.31307552395,0.0,0.0,0.0,0.0,0.0,0.0,0.0,0.0,6000.0,8.39,-1.4551915228366852e-11,105072.78881566694,113241.7797631841,28.68146326338573,observed,observed
2026-06-21,Kalyanpur,42,21:00,82460.64666154033,0.0,0.0,0.0,0.0,0.0,0.0,0.0,0.0,6000.0,8.39,1.4551915228366852e-11,90234.76215346716,100070.36615121382,28.29532065202831,observed,observed
2026-06-21,Kalyanpur,43,21:30,72689.94022213426,0.0,0.0,0.0,0.0,0.0,0.0,0.0,0.0,6000.0,8.39,1.4551915228366852e-11,79542.90600965208,92070.165423756,27.947485008590462,observed,observed
2026-06-21,Kalyanpur,44,22:00,68111.14738432814,0.0,0.0,0.0,0.0,0.0,0.0,0.0,0.0,6000.0,8.39,0.0,74532.43981278515,88398.5199425912,27.63415612105717,observed,observed
2026-06-21,Kalyanpur,45,22:30,60647.814759863904,0.0,-0.0,0.0,0.0,0.0,0.0,0.0,0.0,6000.0,8.39,0.0,66365.48901254544,79004.67752102534,27.351910774397084,observed,observed
2026-06-21,Kalyanpur,46,23:00,57894.98529013319,0.0,0.0,0.0,0.0,0.0,0.0,0.0,0.0,6000.0,8.39,-7.275957614183426e-12,63353.131936693695,65299.527573023865,27.097665350879247,observed,observed
2026-06-21,Kalyanpur,47,23:30,53345.89378110641,0.0,0.0,0.0,0.0,0.0,0.0,0.0,0.0,6000.0,8.39,7.275957614183426e-12,58375.16721109279,66435.67092369265,26.868642140595426,observed,observed
2026-06-22,Dhanmondi,0,00:00,39334.85782390002,0.0,0.0,0.0,0.0,0.0,0.0,0.0,0.0,8000.0,8.39,0.0,41063.37576222177,47610.75423690155,26.982126994909052,observed,observed
2026-06-22,Dhanmondi,1,00:30,39763.177794435775,0.0,0.0,0.0,0.0,0.0,0.0,0.0,0.0,8000.0,8.39,0.0,41510.51768339807,47492.04830847786,26.849976856900685,observed,observed
2026-06-22,Dhanmondi,2,01:00,43560.333739486145,0.0,0.0,0.0,0.0,0.0,0.0,0.0,0.0,8000.0,8.39,0.0,45474.53458915171,53498.754764323414,26.730936421146563,observed,observed
2026-06-22,Dhanmondi,3,01:30,43549.350106844424,0.0,0.0,0.0,0.0,0.0,0.0,0.0,0.0,8000.0,8.39,0.0,45463.068295402314,52153.161767105645,26.62370516465227,observed,observed
2026-06-22,Dhanmondi,4,02:00,42221.3441984879,0.0,0.0,0.0,0.0,0.0,0.0,0.0,0.0,8000.0,8.39,0.0,44076.70493612861,50823.323277927244,26.527111580325222,observed,observed
2026-06-22,Dhanmondi,5,02:30,37510.34823380755,0.0,0.0,0.0,0.0,0.0,0.0,0.0,0.0,8000.0,8.39,0.0,39158.69052819454,45928.95079586008,26.440100378198316,observed,observed
2026-06-22,Dhanmondi,6,03:00,44841.00341980288,0.0,0.0,0.0,0.0,0.0,0.0,0.0,0.0,8000.0,8.39,7.275957614183426e-12,46811.481592889904,48710.56572804179,26.361720956331794,observed,observed
2026-06-22,Dhanmondi,7,03:30,38215.91376965183,0.0,0.0,0.0,0.0,0.0,0.0,0.0,0.0,8000.0,8.39,0.0,39895.261201792935,41446.9237736837,26.291117015437266,observed,observed
2026-06-22,Dhanmondi,8,04:00,43525.21680146319,0.0,0.0,0.0,0.0,0.0,0.0,0.0,0.0,8000.0,8.39,0.0,45437.8744840584,53708.33444297752,26.227517203763128,observed,observed
2026-06-22,Dhanmondi,9,04:30,39844.531159492646,0.0,0.0,0.0,0.0,0.0,0.0,0.0,0.0,8000.0,8.39,0.0,41595.446013730565,43755.71002530467,26.17022669003631,observed,observed
2026-06-22,Dhanmondi,10,05:00,61134.2558470614,0.0,0.0,0.0,0.0,0.0,0.0,0.0,0.0,8000.0,8.39,0.0,63820.71929763963,65114.206778594285,26.118619572394206,observed,observed
2026-06-22,Dhanmondi,11,05:30,56053.84109588538,0.0,0.0,0.0,0.0,0.0,0.0,0.0,0.0,8000.0,8.39,0.0,58517.052486653534,61142.420753071114,26.208143805526326,observed,observed
2026-06-22,Dhanmondi,12,06:00,56791.66641169092,0.0,0.0,0.0,0.0,0.0,0.0,0.0,0.0,8000.0,8.39,0.0,59287.3005532779,64733.98497423502,26.778334564714182,observed,observed
2026-06-22,Dhanmondi,13,06:30,65072.5568716296,0.0,0.0,0.0,0.0,0.0,0.0,0.0,0.0,8000.0,8.39,0.0,67932.08371544429,69496.0845522502,27.33941077327597,observed,observed
2026-06-22,Dhanmondi,14,07:00,66129.49540621888,0.0,0.0,0.0,0.0,0.0,0.0,0.0,0.0,8000.0,8.39,0.0,69035.4680062358,77577.51466385473,27.886840085604696,observed,observed
2026-06-22,Dhanmondi,15,07:30,75088.87429381769,0.0,0.0,0.0,0.0,0.0,0.0,0.0,0.0,8000.0,8.39,0.0,78388.55486636037,84872.80339560933,28.416200395039972,observed,observed
2026-06-22,Dhanmondi,16,08:00,73602.05781318029,0.0,0.0,0.0,0.0,0.0,0.0,0.0,0.0,8000.0,8.39,0.0,76836.40221572135,78012.80983491208,28.923215555424864,observed,observed
2026-06-22,Dhanmondi,17,08:30,72316.89627297055,0.0,0.0,0.0,0.0,0.0,0.0,0.0,0.0,8000.0,8.39,0.0,75494.76596328977,83993.88735698847,29.403789923601135,observed,observed
2026-06-22,Dhanmondi,18,09:00,86498.81549091484,0.0,0.0,0.0,0.0,0.0,0.0,0.0,0.0,8000.0,8.39,1.4551915228366852e-11,90299.89073285418,98597.13123868845,29.85404144381023,observed,observed
2026-06-22,Dhanmondi,19,09:30,84584.99495807049,0.0,0.0,0.0,0.0,0.0,0.0,0.0,0.0,8000.0,8.39,1.4551915228366852e-11,88301.96990564595,102276.10792758127,30.27033300674593,observed,observed
2026-06-22,Dhanmondi,20,10:00,88728.18447920281,0.0,0.0,0.0,0.0,0.0,0.0,0.0,0.0,8000.0,8.39,0.0,92627.22637211227,98805.10137602431,30.64930182994177,observed,observed
2026-06-22,Dhanmondi,21,10:30,89996.3891878944,0.0,0.0,0.0,0.0,0.0,0.0,0.0,0.0,8000.0,8.39,1.4551915228366852e-11,93951.16064764895,98154.34684940435,30.987886622159973,observed,observed
2026-06-22,Dhanmondi,22,11:00,92541.40895826355,0.0,0.0,0.0,0.0,0.0,0.0,0.0,0.0,8000.0,8.39,-1.4551915228366852e-11,96608.01792220234,103262.26530647675,31.283352312349248,observed,observed
2026-06-22,Dhanmondi,23,11:30,91214.22548828996,0.0,0.0,0.0,0.0,0.0,0.0,0.0,0.0,8000.0,8.39,0.0,95222.513142271,109554.6936886824,31.533312143412232,observed,observed
2026-06-22,Dhanmondi,24,12:00,118570.94504332799,0.0,0.0,0.0,0.0,0.0,0.0,0.0,0.0,8000.0,8.39,0.0,123781.38730267764,124840.0891473318,31.735746952310194,observed,observed
2026-06-22,Dhanmondi,25,12:30,122545.50761930697,0.0,0.0,0.0,0.0,0.0,0.0,0.0,0.0,8000.0,8.39,0.0,127930.60673747421,132267.66275261078,31.889021480761265,observed,observed
2026-06-22,Dhanmondi,26,13:00,113770.24983846984,0.0,0.0,0.0,0.0,0.0,0.0,0.0,0.0,8000.0,8.39,0.0,118769.73194092346,119702.90128320997,31.991897584775217,observed,observed
2026-06-22,Dhanmondi,27,13:30,110841.71287822911,0.0,0.0,0.0,0.0,0.0,0.0,0.0,0.0,8000.0,8.39,0.0,115712.50432438297,116725.29151816417,32.043544236318816,observed,observed
2026-06-22,Dhanmondi,28,14:00,109105.51676175145,0.0,0.0,0.0,0.0,0.0,0.0,0.0,0.0,8000.0,8.39,0.0,113900.01338194685,116659.54866207099,32.043544236318816,observed,observed
2026-06-22,Dhanmondi,29,14:30,92717.48089580852,0.0,0.0,0.0,0.0,0.0,0.0,0.0,0.0,8000.0,8.39,-1.4551915228366852e-11,96791.82710653849,111190.76082484022,31.991897584775217,observed,observed
2026-06-22,Dhanmondi,30,15:00,100752.12982932245,0.0,0.0,0.0,0.0,0.0,0.0,0.0,0.0,8000.0,8.39,1.4551915228366852e-11,105179.54798636209,114698.32196772574,31.889021480761265,observed,observed
2026-06-22,Dhanmondi,31,15:30,92847.12113198676,0.0,0.0,0.0,0.0,0.0,0.0,0.0,0.0,8000.0,8.39,1.4551915228366852e-11,96927.16421023216,108827.8718022942,31.735746952310194,observed,observed
2026-06-22,Dhanmondi,32,16:00,81597.15285293576,0.0,0.0,0.0,0.0,0.0,0.0,0.0,0.0,8000.0,8.39,0.0,85182.83105860568,101650.32421556719,31.533312143412232,observed,observed
2026-06-22,Dhanmondi,33,16:30,92262.62951404328,0.0,0.0,0.0,0.0,0.0,0.0,0.0,0.0,8000.0,8.39,0.0,96316.98788660255,106826.47405781595,31.283352312349248,observed,observed
2026-06-22,Dhanmondi,34,17:00,107215.56931825264,0.0,0.0,0.0,0.0,0.0,0.0,0.0,0.0,8000.0,8.39,0.0,111927.01471519966,123454.09842789745,30.987886622159973,observed,observed
2026-06-22,Dhanmondi,35,17:30,99621.40949840561,0.0,0.0,0.0,0.0,0.0,0.0,0.0,0.0,8000.0,8.39,1.4551915228366852e-11,103999.1396564708,119678.18196987052,30.64930182994177,observed,observed
2026-06-22,Dhanmondi,36,18:00,95968.60405179978,0.0,0.0,0.0,0.0,0.0,0.0,0.0,0.0,8000.0,8.39,1.4551915228366852e-11,100185.81653956023,112229.75582479763,30.27033300674593,observed,observed
2026-06-22,Dhanmondi,37,18:30,113812.08700961043,0.0,0.0,0.0,0.0,0.0,0.0,0.0,0.0,8000.0,8.39,0.0,118813.40759082825,127785.21444325715,29.853854500799248,observed,observed
2026-06-22,Dhanmondi,38,19:00,101003.36823326374,0.0,0.0,0.0,0.0,0.0,0.0,0.0,0.0,8000.0,8.39,0.0,105441.82672734861,122297.33169478909,29.436820115790223,observed,observed
2026-06-22,Dhanmondi,39,19:30,98353.52743151458,0.0,0.0,0.0,0.0,0.0,0.0,0.0,0.0,8000.0,8.39,1.4551915228366852e-11,102675.54220079887,116839.80806139461,29.061156831104263,observed,observed
2026-06-22,Dhanmondi,40,20:00,98092.330458329,0.0,0.0,0.0,0.0,0.0,0.0,0.0,0.0,8000.0,8.39,0.0,102402.86727450596,110994.1368434225,28.722760505683773,observed,observed
2026-06-22,Dhanmondi,41,20:30,91022.1731991596,0.0,0.0,0.0,0.0,0.0,0.0,0.0,0.0,8000.0,8.39,-1.4551915228366852e-11,95022.02137108256,102921.13830261143,28.417934141952713,observed,observed
2026-06-22,Dhanmondi,42,21:00,85692.82284543497,0.0,0.0,0.0,0.0,0.0,0.0,0.0,0.0,8000.0,8.39,0.0,89458.47981404266,98260.29518987879,28.14334749592445,observed,observed
2026-06-22,Dhanmondi,43,21:30,69327.6291115988,0.0,-0.0,0.0,0.0,0.0,0.0,0.0,0.0,8000.0,8.39,0.0,72374.13943781398,90045.09901502595,27.896000694111816,observed,observed
2026-06-22,Dhanmondi,44,22:00,63141.25927934852,0.0,0.0,0.0,0.0,0.0,0.0,0.0,0.0,8000.0,8.39,0.0,65915.9178226994,80964.48037328558,27.673191459752182,observed,observed
2026-06-22,Dhanmondi,45,22:30,52447.511662504614,0.0,0.0,0.0,0.0,0.0,0.0,0.0,0.0,8000.0,8.39,0.0,54752.24770946946,66170.78783554357,27.472485590292294,observed,observed
2026-06-22,Dhanmondi,46,23:00,54869.84347312341,0.0,0.0,0.0,0.0,0.0,0.0,0.0,0.0,8000.0,8.39,0.0,57281.02566528513,60644.056513493815,27.29169036359793,observed,observed
2026-06-22,Dhanmondi,47,23:30,47379.31659980653,0.0,-0.0,0.0,0.0,0.0,0.0,0.0,0.0,8000.0,8.39,0.0,49461.337564896494,60085.324178605595,27.128830582349725,observed,observed
2026-06-22,Kalyanpur,0,00:00,45474.41496286336,0.0,0.0,0.0,0.0,0.0,0.0,0.0,0.0,6000.0,8.39,0.0,50113.09698974216,52531.75858079127,26.982126994909052,observed,observed
2026-06-22,Kalyanpur,1,00:30,40751.40236865441,0.0,0.0,0.0,0.0,0.0,0.0,0.0,0.0,6000.0,8.39,0.0,44908.30681463693,50992.372317430156,26.849976856900685,observed,observed
2026-06-22,Kalyanpur,2,01:00,45882.27214310818,0.0,0.0,0.0,0.0,0.0,0.0,0.0,0.0,6000.0,8.39,0.0,50562.55821861699,58451.03564107764,26.730936421146563,observed,observed
2026-06-22,Kalyanpur,3,01:30,48903.75539405419,0.0,0.0,0.0,0.0,0.0,0.0,0.0,0.0,6000.0,8.39,0.0,53892.2521427981,56374.91331159751,26.62370516465227,observed,observed
2026-06-22,Kalyanpur,4,02:00,45436.927931859165,0.0,0.0,0.0,0.0,0.0,0.0,0.0,0.0,6000.0,8.39,-7.275957614183426e-12,50071.78604111082,57873.46032577953,26.527111580325222,observed,observed
2026-06-22,Kalyanpur,5,02:30,39371.06983541713,0.0,-0.0,0.0,0.0,0.0,0.0,0.0,0.0,6000.0,8.39,0.0,43387.171508713735,48676.96766640226,26.440100378198316,observed,observed
2026-06-22,Kalyanpur,6,03:00,37478.226631979414,0.0,0.0,0.0,0.0,0.0,0.0,0.0,0.0,6000.0,8.39,0.0,41301.24615667315,46622.597482306155,26.361720956331794,observed,observed
2026-06-22,Kalyanpur,7,03:30,36831.84909493918,0.0,0.0,0.0,0.0,0.0,0.0,0.0,0.0,6000.0,8.39,7.275957614183426e-12,40588.93396459458,41434.97876516962,26.291117015437266,observed,observed
2026-06-22,Kalyanpur,8,04:00,38536.77894932687,0.0,0.0,0.0,0.0,0.0,0.0,0.0,0.0,6000.0,8.39,0.0,42467.77760059103,50188.18461144744,26.227517203763128,observed,observed
2026-06-22,Kalyanpur,9,04:30,39285.70056122869,0.0,0.0,0.0,0.0,0.0,0.0,0.0,0.0,6000.0,8.39,7.275957614183426e-12,43293.094020947356,48356.53060241953,26.17022669003631,observed,observed
2026-06-22,Kalyanpur,10,05:00,53760.77789666922,0.0,0.0,0.0,0.0,0.0,0.0,0.0,0.0,6000.0,8.39,-7.275957614183426e-12,59244.7220965882,62629.20153815474,26.118619572394206,observed,observed
2026-06-22,Kalyanpur,11,05:30,55633.30732495969,0.0,0.0,0.0,0.0,0.0,0.0,0.0,0.0,6000.0,8.39,0.0,61308.2615381115,67774.44181472587,26.208143805526326,observed,observed
2026-06-22,Kalyanpur,12,06:00,67348.54089368207,0.0,0.0,0.0,0.0,0.0,0.0,0.0,0.0,6000.0,8.39,0.0,74218.52407950562,78225.32720282263,26.778334564714182,observed,observed
2026-06-22,Kalyanpur,13,06:30,72208.33359105306,0.0,0.0,0.0,0.0,0.0,0.0,0.0,0.0,6000.0,8.39,0.0,79574.04680568655,84889.80465475075,27.33941077327597,observed,observed
2026-06-22,Kalyanpur,14,07:00,85062.80330531011,0.0,0.0,0.0,0.0,0.0,0.0,0.0,0.0,6000.0,8.39,-1.4551915228366852e-11,93739.75488721627,95886.13632485695,27.886840085604696,observed,observed
2026-06-22,Kalyanpur,15,07:30,89927.74752273242,0.0,0.0,0.0,0.0,0.0,0.0,0.0,0.0,6000.0,8.39,-1.4551915228366852e-11,99100.95462153858,100622.92159714719,28.416200395039972,observed,observed
2026-06-22,Kalyanpur,16,08:00,77157.63858499566,0.0,0.0,0.0,0.0,0.0,0.0,0.0,0.0,6000.0,8.39,0.0,85028.21265687581,92345.08513977205,28.923215555424864,observed,observed
2026-06-22,Kalyanpur,17,08:30,71303.26895428248,0.0,0.0,0.0,0.0,0.0,0.0,0.0,0.0,6000.0,8.39,0.0,78576.65977032797,85551.93027187318,29.403789923601135,observed,observed
2026-06-22,Kalyanpur,18,09:00,80030.29337898728,0.0,0.0,0.0,0.0,0.0,0.0,0.0,0.0,6000.0,8.39,-1.4551915228366852e-11,88193.8966668166,97432.00366172813,29.85404144381023,observed,observed
2026-06-22,Kalyanpur,19,09:30,73610.8052285002,0.0,0.0,0.0,0.0,0.0,0.0,0.0,0.0,6000.0,8.39,0.0,81119.57954646276,85298.21454493595,30.27033300674593,observed,observed
2026-06-22,Kalyanpur,20,10:00,81090.4892988679,0.0,0.0,0.0,0.0,0.0,0.0,0.0,0.0,6000.0,8.39,-1.4551915228366852e-11,89362.23937126911,98029.20439209444,30.64930182994177,observed,observed
2026-06-22,Kalyanpur,21,10:30,80392.27421734626,0.0,0.0,0.0,0.0,0.0,0.0,0.0,0.0,6000.0,8.39,-1.4551915228366852e-11,88592.80187265441,97946.77231205892,30.987886622159973,observed,observed
2026-06-22,Kalyanpur,22,11:00,85409.02506293713,0.0,0.0,0.0,0.0,0.0,0.0,0.0,0.0,6000.0,8.39,1.4551915228366852e-11,94121.293484999,103754.39969750735,31.283352312349248,observed,observed
2026-06-22,Kalyanpur,23,11:30,91148.46407627276,0.0,0.0,0.0,0.0,0.0,0.0,0.0,0.0,6000.0,8.39,-2.9103830456733704e-11,100446.19209396148,106152.5740696433,31.533312143412232,observed,observed
2026-06-22,Kalyanpur,24,12:00,101609.67009852106,0.0,0.0,0.0,0.0,0.0,0.0,0.0,0.0,6000.0,8.39,-2.9103830456733704e-11,111974.50823504268,117023.22268906073,31.735746952310194,observed,observed
2026-06-22,Kalyanpur,25,12:30,110859.15557321155,0.0,0.0,0.0,0.0,0.0,0.0,0.0,0.0,6000.0,8.39,0.0,122167.50055999967,123850.02677722072,31.889021480761265,observed,observed
2026-06-22,Kalyanpur,26,13:00,111671.22518461922,0.0,0.0,0.0,0.0,0.0,0.0,0.0,0.0,6000.0,8.39,0.0,123062.40648088127,124472.6855520956,31.991897584775217,observed,observed
2026-06-22,Kalyanpur,27,13:30,107994.97931812663,0.0,0.0,0.0,0.0,0.0,0.0,0.0,0.0,6000.0,8.39,-2.9103830456733704e-11,119011.15995432058,121342.83437313231,32.043544236318816,observed,observed
2026-06-22,Kalyanpur,28,14:00,87440.35934049067,0.0,0.0,0.0,0.0,0.0,0.0,0.0,0.0,6000.0,8.39,-2.9103830456733704e-11,96359.83688908136,103466.90219566601,32.043544236318816,observed,observed
2026-06-22,Kalyanpur,29,14:30,84172.41667148408,0.0,-0.0,0.0,0.0,0.0,0.0,0.0,0.0,6000.0,8.39,0.0,92758.54310525622,108756.41235472784,31.991897584775217,observed,observed
2026-06-22,Kalyanpur,30,15:00,89734.61210559285,0.0,0.0,0.0,0.0,0.0,0.0,0.0,0.0,6000.0,8.39,0.0,98888.11815296227,102397.64469119394,31.889021480761265,observed,observed
2026-06-22,Kalyanpur,31,15:30,83094.00102413459,0.0,0.0,0.0,0.0,0.0,0.0,0.0,0.0,6000.0,8.39,-1.4551915228366852e-11,91570.12214426063,96320.00738186754,31.735746952310194,observed,observed
2026-06-22,Kalyanpur,32,16:00,77653.57226033568,0.0,0.0,0.0,0.0,0.0,0.0,0.0,0.0,6000.0,8.39,0.0,85574.73474832192,101435.75048433406,31.533312143412232,observed,observed
2026-06-22,Kalyanpur,33,16:30,82516.61909002255,0.0,0.0,0.0,0.0,0.0,0.0,0.0,0.0,6000.0,8.39,-1.4551915228366852e-11,90933.84354918885,105109.25285371448,31.283352312349248,observed,observed
2026-06-22,Kalyanpur,34,17:00,106551.79272224286,0.0,0.0,0.0,0.0,0.0,0.0,0.0,0.0,6000.0,8.39,0.0,117420.75906817653,125029.47808791825,30.987886622159973,observed,observed
2026-06-22,Kalyanpur,35,17:30,92969.68114627704,0.0,0.0,0.0,0.0,0.0,0.0,0.0,0.0,6000.0,8.39,-1.4551915228366852e-11,102453.18498750463,116792.5307332087,30.64930182994177,observed,observed
2026-06-22,Kalyanpur,36,18:00,100406.46375242603,0.0,0.0,0.0,0.0,0.0,0.0,0.0,0.0,6000.0,8.39,1.4551915228366852e-11,110648.56712354567,118842.73081671617,30.27033300674593,observed,observed
2026-06-22,Kalyanpur,37,18:30,116019.75040778861,0.0,0.0,0.0,0.0,0.0,0.0,0.0,0.0,6000.0,8.39,0.0,127854.50917091014,135546.78899711053,29.853854500799248,observed,observed
2026-06-22,Kalyanpur,38,19:00,97195.78766144686,0.0,0.0,0.0,0.0,0.0,0.0,0.0,0.0,6000.0,8.39,0.0,107110.38147604956,115799.45338581798,29.436820115790223,observed,observed
2026-06-22,Kalyanpur,39,19:30,104536.78197617462,0.0,0.0,0.0,0.0,0.0,0.0,0.0,0.0,6000.0,8.39,0.0,115200.20430049997,122118.69169775168,29.061156831104263,observed,observed
2026-06-22,Kalyanpur,40,20:00,108266.43977321348,0.0,0.0,0.0,0.0,0.0,0.0,0.0,0.0,6000.0,8.39,0.0,119310.31111713934,126068.38560194426,28.722760505683773,observed,observed
2026-06-22,Kalyanpur,41,20:30,95269.66287200422,0.0,0.0,0.0,0.0,0.0,0.0,0.0,0.0,6000.0,8.39,-1.4551915228366852e-11,104987.7796027432,112483.35309395024,28.417934141952713,observed,observed
2026-06-22,Kalyanpur,42,21:00,83164.4400065491,0.0,0.0,0.0,0.0,0.0,0.0,0.0,0.0,6000.0,8.39,0.0,91647.74635472013,99706.30726283927,28.14334749592445,observed,observed
2026-06-22,Kalyanpur,43,21:30,68977.625987543,0.0,0.0,0.0,0.0,0.0,0.0,0.0,0.0,6000.0,8.39,-1.4551915228366852e-11,76013.78630288696,91923.82775433458,27.896000694111816,observed,observed
2026-06-22,Kalyanpur,44,22:00,67706.9535822964,0.0,0.0,0.0,0.0,0.0,0.0,0.0,0.0,6000.0,8.39,0.0,74613.49716143642,88502.3718398182,27.673191459752182,observed,observed
2026-06-22,Kalyanpur,45,22:30,61055.12149505772,0.0,0.0,0.0,0.0,0.0,0.0,0.0,0.0,6000.0,8.39,0.0,67283.13553238638,79286.98869831735,27.472485590292294,observed,observed
2026-06-22,Kalyanpur,46,23:00,51424.72659382297,0.0,-0.0,0.0,0.0,0.0,0.0,0.0,0.0,6000.0,8.39,0.0,56670.378575991985,65685.98863492215,27.29169036359793,observed,observed
2026-06-22,Kalyanpur,47,23:30,55134.74571098181,0.0,0.0,0.0,0.0,0.0,0.0,0.0,0.0,6000.0,8.39,-7.275957614183426e-12,60758.84344142925,66991.20081766219,27.128830582349725,observed,observed
2026-06-23,Dhanmondi,0,00:00,33410.534249208955,0.0,-0.0,0.0,0.0,0.0,0.0,0.0,0.0,8000.0,8.39,-7.275957614183426e-12,41414.6230082432,48088.99031318134,27.30389018061065,observed,observed
2026-06-23,Dhanmondi,1,00:30,37751.08100742558,0.0,0.0,0.0,0.0,0.0,0.0,0.0,0.0,8000.0,8.39,-7.275957614183426e-12,46795.02507845106,47943.332344250375,27.146965592772986,observed,observed
2026-06-23,Dhanmondi,2,01:00,38421.78214102378,0.0,0.0,0.0,0.0,0.0,0.0,0.0,0.0,8000.0,8.39,0.0,47626.40461856806,54029.725161276336,27.005607541661607,observed,observed
2026-06-23,Dhanmondi,3,01:30,38404.06457251099,0.0,0.0,0.0,0.0,0.0,0.0,0.0,0.0,8000.0,8.39,0.0,47604.44249084193,52611.54375410116,26.878271864765146,observed,observed
2026-06-23,Dhanmondi,4,02:00,36188.31735865858,0.0,0.0,0.0,0.0,0.0,0.0,0.0,0.0,8000.0,8.39,0.0,44857.87355366802,51231.44397139872,26.763567576730612,observed,observed
2026-06-23,Dhanmondi,5,02:30,36097.40603427994,0.0,0.0,0.0,0.0,0.0,0.0,0.0,0.0,8000.0,8.39,0.0,44745.18280175611,46253.091110347596,26.660241674562535,observed,observed
2026-06-23,Dhanmondi,6,03:00,34355.29702854964,0.0,0.0,0.0,0.0,0.0,0.0,0.0,0.0,8000.0,8.39,0.0,42585.7205443307,49042.358421221405,26.567165450109336,observed,observed
2026-06-23,Dhanmondi,7,03:30,30764.96141787127,0.0,0.0,0.0,0.0,0.0,0.0,0.0,0.0,8000.0,8.39,0.0,38135.25606865906,41659.92455531072,26.483322160317677,observed,observed
2026-06-23,Dhanmondi,8,04:00,37612.10379021836,0.0,0.0,0.0,0.0,0.0,0.0,0.0,0.0,8000.0,8.39,0.0,46622.753392687526,54059.6053607506,26.407795920567562,observed,observed
2026-06-23,Dhanmondi,9,04:30,31974.90542914512,0.0,0.0,0.0,0.0,0.0,0.0,0.0,0.0,8000.0,8.39,0.0,39635.063725556196,43973.64841579086,26.339761699761507,observed,observed
2026-06-23,Dhanmondi,10,05:00,50249.37071529385,0.0,0.0,0.0,0.0,0.0,0.0,0.0,0.0,8000.0,8.39,0.0,62287.50276941844,65425.30501528463,26.278476307876495,observed,observed
2026-06-23,Dhanmondi,11,05:30,44927.611567221866,0.0,0.0,0.0,0.0,0.0,0.0,0.0,0.0,8000.0,8.39,0.0,55690.821398982414,61396.177188447546,26.38433664982912,observed,observed
2026-06-23,Dhanmondi,12,06:00,51527.05009153008,0.0,0.0,0.0,0.0,0.0,0.0,0.0,0.0,8000.0,8.39,0.0,63871.27300480409,65033.385329880366,27.061466719928713,observed,observed
2026-06-23,Dhanmondi,13,06:30,54475.735764518504,0.0,0.0,0.0,0.0,0.0,0.0,0.0,0.0,8000.0,8.39,7.275957614183426e-12,67526.36886785556,69907.74581339829,27.72777547703782,observed,observed
2026-06-23,Dhanmondi,14,07:00,61135.71473041266,0.0,0.0,0.0,0.0,0.0,0.0,0.0,0.0,8000.0,8.39,7.275957614183426e-12,75781.86445670169,78352.81426392714,28.377880131405014,observed,observed
2026-06-23,Dhanmondi,15,07:30,65642.69893283927,0.0,0.0,0.0,0.0,0.0,0.0,0.0,0.0,8000.0,8.39,0.0,81368.57702631662,85807.38905598616,29.006528798474456,observed,observed
2026-06-23,Dhanmondi,16,08:00,58746.65696666047,0.0,0.0,0.0,0.0,0.0,0.0,0.0,0.0,8000.0,8.39,0.0,72820.46533950386,79163.11684886103,29.60864292634923,observed,observed
2026-06-23,Dhanmondi,17,08:30,62570.85294311623,0.0,0.0,0.0,0.0,0.0,0.0,0.0,0.0,8000.0,8.39,0.0,77560.8155982941,85488.49296299012,30.179358322983028,observed,observed
2026-06-23,Dhanmondi,18,09:00,79346.12328974549,0.0,0.0,0.0,0.0,0.0,0.0,0.0,0.0,8000.0,8.39,1.4551915228366852e-11,98354.90084353255,100996.74624438201,30.714064451661145,observed,observed
2026-06-23,Dhanmondi,19,09:30,74978.56335429547,0.0,0.0,0.0,0.0,0.0,0.0,0.0,0.0,8000.0,8.39,0.0,92941.01410818791,105251.43864513586,31.20844167732136,observed,observed
2026-06-23,Dhanmondi,20,10:00,77156.05357955409,0.0,0.0,0.0,0.0,0.0,0.0,0.0,0.0,8000.0,8.39,-1.4551915228366852e-11,95640.16091352097,101867.43636541694,31.65849616281951,observed,observed
2026-06-23,Dhanmondi,21,10:30,80432.70055511515,0.0,0.0,0.0,0.0,0.0,0.0,0.0,0.0,8000.0,8.39,-1.4551915228366852e-11,99701.78705250366,101273.16870252165,32.06059213322952,observed,observed
2026-06-23,Dhanmondi,22,11:00,77971.45737470989,0.0,0.0,0.0,0.0,0.0,0.0,0.0,0.0,8000.0,8.39,-1.4551915228366852e-11,96650.90921595698,106274.13771441979,32.41148124753003,observed,observed
2026-06-23,Dhanmondi,23,11:30,85172.37103004594,0.0,0.0,0.0,0.0,0.0,0.0,0.0,0.0,8000.0,8.39,0.0,105576.93003700122,113137.63398617473,32.70832884039779,observed,observed
2026-06-23,Dhanmondi,24,12:00,99689.4805731839,0.0,0.0,0.0,0.0,0.0,0.0,0.0,0.0,8000.0,8.39,1.4551915228366852e-11,123571.87182434073,129276.19760245578,32.94873682211304,observed,observed
2026-06-23,Dhanmondi,25,12:30,109527.40540624574,0.0,0.0,0.0,0.0,0.0,0.0,0.0,0.0,8000.0,8.39,1.4551915228366852e-11,135766.6468346906,136972.24379221734,33.130763051579265,observed,observed
2026-06-23,Dhanmondi,26,13:00,99512.10261630769,0.0,0.0,0.0,0.0,0.0,0.0,0.0,0.0,8000.0,8.39,0.0,123351.99981752981,124370.31386437202,33.25293702595224,observed,observed
2026-06-23,Dhanmondi,27,13:30,97013.38418994853,0.0,0.0,0.0,0.0,0.0,0.0,0.0,0.0,8000.0,8.39,-1.4551915228366852e-11,120254.66887215993,121253.17449410156,33.31427176012916,observed,observed
2026-06-23,Dhanmondi,28,14:00,96949.42718869889,0.0,0.0,0.0,0.0,0.0,0.0,0.0,0.0,8000.0,8.39,-1.4551915228366852e-11,120175.38983173113,121425.21447702177,33.31427176012916,observed,observed
2026-06-23,Dhanmondi,29,14:30,81819.28106536329,0.0,0.0,0.0,0.0,0.0,0.0,0.0,0.0,8000.0,8.39,0.0,101420.54762885884,115677.57336244253,33.25293702595224,observed,observed
2026-06-23,Dhanmondi,30,15:00,82801.34191063738,0.0,0.0,0.0,0.0,0.0,0.0,0.0,0.0,8000.0,8.39,0.0,102637.87864711821,119384.3127444575,33.130763051579265,observed,observed
2026-06-23,Dhanmondi,31,15:30,77080.18638972973,0.0,0.0,0.0,0.0,0.0,0.0,0.0,0.0,8000.0,8.39,0.0,95546.11838663899,113071.45613154832,32.94873682211304,observed,observed
2026-06-23,Dhanmondi,32,16:00,72250.62167482877,0.0,0.0,0.0,0.0,0.0,0.0,0.0,0.0,8000.0,8.39,0.0,89559.54539532952,105361.14975700069,32.7083288403978,observed,observed
2026-06-23,Dhanmondi,33,16:30,83731.02570637029,0.0,0.0,0.0,0.0,0.0,0.0,0.0,0.0,8000.0,8.39,-1.4551915228366852e-11,103790.28476041052,110669.70376775293,32.41148124753003,observed,observed
2026-06-23,Dhanmondi,34,17:00,87332.00034352213,0.0,0.0,0.0,0.0,0.0,0.0,0.0,0.0,8000.0,8.39,0.0,108253.9370309043,127030.79736444251,32.06059213322953,observed,observed
2026-06-23,Dhanmondi,35,17:30,86367.87032400345,0.0,0.0,0.0,0.0,0.0,0.0,0.0,0.0,8000.0,8.39,0.0,107058.8324871856,122736.87721315127,31.65849616281951,observed,observed
2026-06-23,Dhanmondi,36,18:00,81650.5774188126,0.0,0.0,0.0,0.0,0.0,0.0,0.0,0.0,8000.0,8.39,1.4551915228366852e-11,101211.42801796303,115090.67358608224,31.20844167732136,observed,observed
2026-06-23,Dhanmondi,37,18:30,98242.32616732831,0.0,0.0,0.0,0.0,0.0,0.0,0.0,0.0,8000.0,8.39,1.4551915228366852e-11,121778.02579643267,130514.7100107805,30.71383920479431,observed,observed
2026-06-23,Dhanmondi,38,19:00,94224.9653733613,0.0,0.0,0.0,0.0,0.0,0.0,0.0,0.0,8000.0,8.39,0.0,116798.23464645502,125054.6092486545,30.218655982977474,observed,observed
2026-06-23,Dhanmondi,39,19:30,82916.62897481273,0.0,0.0,0.0,0.0,0.0,0.0,0.0,0.0,8000.0,8.39,1.4551915228366852e-11,102780.7847816007,119074.48805997713,29.77259373012329,observed,observed
2026-06-23,Dhanmondi,40,20:00,84495.65825411942,0.0,0.0,0.0,0.0,0.0,0.0,0.0,0.0,8000.0,8.39,0.0,104738.09865852598,113006.22574227335,29.370779765806574,observed,observed
2026-06-23,Dhanmondi,41,20:30,76884.02553634865,0.0,0.0,0.0,0.0,0.0,0.0,0.0,0.0,8000.0,8.39,1.4551915228366852e-11,95302.96370580824,104788.6752999788,29.00882476762677,observed,observed
2026-06-23,Dhanmondi,42,21:00,73064.75784967917,0.0,0.0,0.0,0.0,0.0,0.0,0.0,0.0,8000.0,8.39,0.0,90568.72239643056,99974.13757503692,28.682774823269742,observed,observed
2026-06-23,Dhanmondi,43,21:30,64168.65982656378,0.0,0.0,0.0,0.0,0.0,0.0,0.0,0.0,8000.0,8.39,-1.4551915228366852e-11,79541.40558899511,91566.54127794798,28.389068238888186,observed,observed
2026-06-23,Dhanmondi,44,22:00,54570.583550407224,0.0,0.0,0.0,0.0,0.0,0.0,0.0,0.0,8000.0,8.39,0.0,67643.93913076875,82194.38413854303,28.12449663198548,observed,observed
2026-06-23,Dhanmondi,45,22:30,50049.13021137103,0.0,0.0,0.0,0.0,0.0,0.0,0.0,0.0,8000.0,8.39,7.275957614183426e-12,62039.29108507098,66989.45773166274,27.886169883790593,observed,observed
2026-06-23,Dhanmondi,46,23:00,41586.42481766352,0.0,-0.0,0.0,0.0,0.0,0.0,0.0,0.0,8000.0,8.39,0.0,51549.19383322826,61415.45613302262,27.67148456827208,observed,observed
2026-06-23,Dhanmondi,47,23:30,41782.428130052875,0.0,0.0,0.0,0.0,0.0,0.0,0.0,0.0,8000.0,8.39,0.0,51792.15323131584,60799.83247704033,27.47809551291689,observed,observed
2026-06-23,Kalyanpur,0,00:00,43802.93965780123,0.0,0.0,0.0,0.0,0.0,0.0,0.0,0.0,6000.0,8.39,0.0,45765.73519345249,53036.72190469373,27.30389018061065,observed,observed
2026-06-23,Kalyanpur,1,00:30,43076.1972788984,0.0,0.0,0.0,0.0,0.0,0.0,0.0,0.0,6000.0,8.39,0.0,45006.42772398669,51408.84899634665,27.146965592772986,observed,observed
2026-06-23,Kalyanpur,2,01:00,54465.13499192092,0.0,0.0,0.0,0.0,0.0,0.0,0.0,0.0,6000.0,8.39,0.0,56905.70004636573,58988.30720876226,27.005607541661607,observed,observed
2026-06-23,Kalyanpur,3,01:30,46349.69730443928,0.0,0.0,0.0,0.0,0.0,0.0,0.0,0.0,6000.0,8.39,0.0,48426.61222518787,56835.395858786425,26.878271864765146,observed,observed
2026-06-23,Kalyanpur,4,02:00,47863.512890207014,0.0,0.0,0.0,0.0,0.0,0.0,0.0,0.0,6000.0,8.39,7.275957614183426e-12,50008.26139693775,58326.157976325456,26.763567576730612,observed,observed
2026-06-23,Kalyanpur,5,02:30,41556.12195784623,0.0,0.0,0.0,0.0,0.0,0.0,0.0,0.0,6000.0,8.39,0.0,43418.238320242286,49004.72657818743,26.660241674562535,observed,observed
2026-06-23,Kalyanpur,6,03:00,44010.86813564658,0.0,0.0,0.0,0.0,0.0,0.0,0.0,0.0,6000.0,8.39,0.0,45982.980879029514,46889.73075878249,26.567165450109336,observed,observed
2026-06-23,Kalyanpur,7,03:30,37882.45505072569,0.0,0.0,0.0,0.0,0.0,0.0,0.0,0.0,6000.0,8.39,7.275957614183426e-12,39579.955589136014,41603.796126340814,26.483322160317677,observed,observed
2026-06-23,Kalyanpur,8,04:00,41880.995992088,0.0,0.0,0.0,0.0,0.0,0.0,0.0,0.0,6000.0,8.39,0.0,43757.66985471212,50470.28902000082,26.407795920567562,observed,observed
2026-06-23,Kalyanpur,9,04:30,42182.3321417772,0.0,0.0,0.0,0.0,0.0,0.0,0.0,0.0,6000.0,8.39,0.0,44072.508779647986,48590.02550898694,26.339761699761507,observed,observed
2026-06-23,Kalyanpur,10,05:00,54306.45945939938,0.0,0.0,0.0,0.0,0.0,0.0,0.0,0.0,6000.0,8.39,0.0,56739.91431463655,62818.43897189426,26.278476307876495,observed,observed
2026-06-23,Kalyanpur,11,05:30,58062.573444018686,0.0,0.0,0.0,0.0,0.0,0.0,0.0,0.0,6000.0,8.39,0.0,60664.33855007466,68024.91353446737,26.38433664982912,observed,observed
2026-06-23,Kalyanpur,12,06:00,69862.87512913038,0.0,0.0,0.0,0.0,0.0,0.0,0.0,0.0,6000.0,8.39,0.0,72993.40793086664,78595.29039689846,27.061466719928713,observed,observed
2026-06-23,Kalyanpur,13,06:30,76555.35574433609,0.0,0.0,0.0,0.0,0.0,0.0,0.0,0.0,6000.0,8.39,1.4551915228366852e-11,79985.77643434137,85365.85540039613,27.72777547703782,observed,observed
2026-06-23,Kalyanpur,14,07:00,87589.17277836544,0.0,0.0,0.0,0.0,0.0,0.0,0.0,0.0,6000.0,8.39,0.0,91514.01523514667,96373.84409543511,28.377880131405014,observed,observed
2026-06-23,Kalyanpur,15,07:30,89735.0331798348,0.0,0.0,0.0,0.0,0.0,0.0,0.0,0.0,6000.0,8.39,0.0,93756.03094603217,101600.74952792746,29.006528798474456,observed,observed
2026-06-23,Kalyanpur,16,08:00,80667.93006190423,0.0,0.0,0.0,0.0,0.0,0.0,0.0,0.0,6000.0,8.39,0.0,84282.63387476876,93545.14790768841,29.60864292634923,observed,observed
2026-06-23,Kalyanpur,17,08:30,74940.65697293334,0.0,-0.0,0.0,0.0,0.0,0.0,0.0,0.0,6000.0,8.39,0.0,78298.72353409037,86852.98181114435,30.179358322983028,observed,observed
2026-06-23,Kalyanpur,18,09:00,86409.58360139145,0.0,0.0,0.0,0.0,0.0,0.0,0.0,0.0,6000.0,8.39,0.0,90281.56904929254,99323.73624305562,30.714064451661145,observed,observed
2026-06-23,Kalyanpur,19,09:30,76798.12347113044,0.0,0.0,0.0,0.0,0.0,0.0,0.0,0.0,6000.0,8.39,2.9103830456733704e-11,80239.42250432628,87110.3530827256,31.20844167732136,observed,observed
2026-06-23,Kalyanpur,20,10:00,92548.85621322929,0.0,0.0,0.0,0.0,0.0,0.0,0.0,0.0,6000.0,8.39,1.4551915228366852e-11,96695.94047798598,100684.16765114694,31.65849616281951,observed,observed
2026-06-23,Kalyanpur,21,10:30,86114.10279012172,0.0,0.0,0.0,0.0,0.0,0.0,0.0,0.0,6000.0,8.39,0.0,89972.84783859388,100653.50837153225,32.06059213322952,observed,observed
2026-06-23,Kalyanpur,22,11:00,94102.37579968914,0.0,0.0,0.0,0.0,0.0,0.0,0.0,0.0,6000.0,8.39,0.0,98319.07277383647,106608.35407324017,32.41148124753003,observed,observed
2026-06-23,Kalyanpur,23,11:30,95924.21797936708,0.0,0.0,0.0,0.0,0.0,0.0,0.0,0.0,6000.0,8.39,0.0,100222.55111138115,108980.24002429069,32.70832884039779,observed,observed
2026-06-23,Kalyanpur,24,12:00,113319.04851125636,0.0,0.0,0.0,0.0,0.0,0.0,0.0,0.0,6000.0,8.39,0.0,118396.83836416934,120424.26105153687,32.94873682211304,observed,observed
2026-06-23,Kalyanpur,25,12:30,115198.98137580867,0.0,0.0,0.0,0.0,0.0,0.0,0.0,0.0,6000.0,8.39,0.0,120361.0104113586,127601.11641519728,33.130763051579265,observed,observed
2026-06-23,Kalyanpur,26,13:00,110771.76427746001,0.0,0.0,0.0,0.0,0.0,0.0,0.0,0.0,6000.0,8.39,0.0,115735.4111490756,128847.24619793343,33.25293702595224,observed,observed
2026-06-23,Kalyanpur,27,13:30,116419.66256603545,0.0,0.0,0.0,0.0,0.0,0.0,0.0,0.0,6000.0,8.39,0.0,121636.38993026712,125840.07995037732,33.31427176012916,observed,observed
2026-06-23,Kalyanpur,28,14:00,90313.24887228741,0.0,0.0,0.0,0.0,0.0,0.0,0.0,0.0,6000.0,8.39,0.0,94360.1562963446,107150.06660304034,33.31427176012916,observed,observed
2026-06-23,Kalyanpur,29,14:30,90099.94313343959,0.0,0.0,0.0,0.0,0.0,0.0,0.0,0.0,6000.0,8.39,0.0,94137.29239644168,112786.28139773115,33.25293702595224,observed,observed
2026-06-23,Kalyanpur,30,15:00,94912.61000348696,0.0,0.0,0.0,0.0,0.0,0.0,0.0,0.0,6000.0,8.39,0.0,99165.61330982269,106011.17910857935,33.130763051579265,observed,observed
2026-06-23,Kalyanpur,31,15:30,91876.91771650799,0.0,0.0,0.0,0.0,0.0,0.0,0.0,0.0,6000.0,8.39,0.0,95993.89263490807,99520.95256383435,32.94873682211304,observed,observed
2026-06-23,Kalyanpur,32,16:00,86031.22319883258,0.0,0.0,0.0,0.0,0.0,0.0,0.0,0.0,6000.0,8.39,0.0,89886.25443966873,104737.87348923137,32.7083288403978,observed,observed
2026-06-23,Kalyanpur,33,16:30,100371.5616395097,0.0,0.0,0.0,0.0,0.0,0.0,0.0,0.0,6000.0,8.39,-1.4551915228366852e-11,104869.17880017187,108622.02876743794,32.41148124753003,observed,observed
2026-06-23,Kalyanpur,34,17:00,106024.99436975655,0.0,0.0,0.0,0.0,0.0,0.0,0.0,0.0,6000.0,8.39,1.4551915228366852e-11,110775.94001957313,127909.82103399148,32.06059213322953,observed,observed
2026-06-23,Kalyanpur,35,17:30,97962.21113761724,0.0,0.0,0.0,0.0,0.0,0.0,0.0,0.0,6000.0,8.39,1.4551915228366852e-11,102351.86608282354,119174.5321095018,31.65849616281951,observed,observed
2026-06-23,Kalyanpur,36,18:00,108714.38386336771,0.0,0.0,0.0,0.0,0.0,0.0,0.0,0.0,6000.0,8.39,1.4551915228366852e-11,113585.84018513747,121211.87983681097,31.20844167732136,observed,observed
2026-06-23,Kalyanpur,37,18:30,121567.45721032814,0.0,0.0,0.0,0.0,0.0,0.0,0.0,0.0,6000.0,8.39,0.0,127014.85558488918,137914.87723723636,30.71383920479431,observed,observed
2026-06-23,Kalyanpur,38,19:00,105544.51004685037,0.0,0.0,0.0,0.0,0.0,0.0,0.0,0.0,6000.0,8.39,0.0,110273.92534981543,117993.22310665846,30.218655982977474,observed,observed
2026-06-23,Kalyanpur,39,19:30,112174.38609337894,0.0,0.0,0.0,0.0,0.0,0.0,0.0,0.0,6000.0,8.39,-1.4551915228366852e-11,117200.88399417207,124186.30174081164,29.77259373012329,observed,observed
2026-06-23,Kalyanpur,40,20:00,113367.05943130323,0.0,0.0,0.0,0.0,0.0,0.0,0.0,0.0,6000.0,8.39,0.0,118447.00063798983,128075.15955521827,29.370779765806574,observed,observed
2026-06-23,Kalyanpur,41,20:30,101604.49400514181,0.0,0.0,0.0,0.0,0.0,0.0,0.0,0.0,6000.0,8.39,1.4551915228366852e-11,106157.35846568678,114183.91357346973,29.00882476762677,observed,observed
2026-06-23,Kalyanpur,42,21:00,89707.46017563717,0.0,0.0,0.0,0.0,0.0,0.0,0.0,0.0,6000.0,8.39,0.0,93727.22240444907,100998.53095672632,28.682774823269742,observed,observed
2026-06-23,Kalyanpur,43,21:30,76488.19073014955,0.0,0.0,0.0,0.0,0.0,0.0,0.0,0.0,6000.0,8.39,0.0,79915.60177762799,93325.31005240152,28.389068238888186,observed,observed
2026-06-23,Kalyanpur,44,22:00,70918.60556170937,0.0,-0.0,0.0,0.0,0.0,0.0,0.0,0.0,6000.0,8.39,0.0,74096.44530211463,89703.05050514039,28.12449663198548,observed,observed
2026-06-23,Kalyanpur,45,22:30,67483.01221042716,0.0,0.0,0.0,0.0,0.0,0.0,0.0,0.0,6000.0,8.39,-1.4551915228366852e-11,70506.90412575743,80255.5798511018,27.886169883790593,observed,observed
2026-06-23,Kalyanpur,46,23:00,54233.100593721756,0.0,0.0,0.0,0.0,0.0,0.0,0.0,0.0,6000.0,8.39,-7.275957614183426e-12,56663.268261953184,66442.46672805342,27.67148456827208,observed,observed
2026-06-23,Kalyanpur,47,23:30,58468.78822598781,0.0,0.0,0.0,0.0,0.0,0.0,0.0,0.0,6000.0,8.39,7.275957614183426e-12,61088.7556848264,67736.91845422222,27.47809551291689,observed,observed
2026-06-24,Dhanmondi,0,00:00,43923.633412045776,0.0,0.0,0.0,0.0,0.0,0.0,0.0,0.0,8000.0,8.39,0.0,44574.04271609914,48158.81866762635,27.350871566777297,observed,observed
2026-06-24,Dhanmondi,1,00:30,41312.45971963722,0.0,0.0,0.0,0.0,0.0,0.0,0.0,0.0,8000.0,8.39,7.275957614183426e-12,41924.203468678155,48049.243530932596,27.21666544243344,observed,observed
2026-06-24,Dhanmondi,2,01:00,44673.70346644533,0.0,0.0,0.0,0.0,0.0,0.0,0.0,0.0,8000.0,8.39,0.0,45335.21960534313,54204.021156056144,27.095770903804198,observed,observed
2026-06-24,Dhanmondi,3,01:30,43795.12820957032,0.0,-0.0,0.0,0.0,0.0,0.0,0.0,0.0,8000.0,8.39,-7.275957614183426e-12,44443.63464328227,52807.08516551254,26.986867606418674,observed,observed
2026-06-24,Dhanmondi,4,02:00,49450.3165993778,0.0,0.0,0.0,0.0,0.0,0.0,0.0,0.0,8000.0,8.39,-7.275957614183426e-12,50182.56353584827,51447.53549166268,26.88876616762819,observed,observed
2026-06-24,Dhanmondi,5,02:30,40354.63554557164,0.0,0.0,0.0,0.0,0.0,0.0,0.0,0.0,8000.0,8.39,0.0,40952.196092858394,46459.45584539278,26.800395176815183,observed,observed
2026-06-24,Dhanmondi,6,03:00,42922.50255259083,0.0,0.0,0.0,0.0,0.0,0.0,0.0,0.0,8000.0,8.39,0.0,43558.08738118574,49290.46112931487,26.720789494028498,observed,observed
2026-06-24,Dhanmondi,7,03:30,37161.13992587607,0.0,0.0,0.0,0.0,0.0,0.0,0.0,0.0,8000.0,8.39,0.0,37711.41205227972,41843.61624319428,26.649079709249193,observed,observed
2026-06-24,Dhanmondi,8,04:00,51913.000276695566,0.0,0.0,0.0,0.0,0.0,0.0,0.0,0.0,8000.0,8.39,0.0,52681.7139681278,54403.87732868417,26.58448264716666,observed,observed
2026-06-24,Dhanmondi,9,04:30,37813.43253494072,0.0,0.0,0.0,0.0,0.0,0.0,0.0,0.0,8000.0,8.39,0.0,38373.36363417848,44213.4354121585,26.526292813763348,observed,observed
2026-06-24,Dhanmondi,10,05:00,55477.09738221538,0.0,0.0,0.0,0.0,0.0,0.0,0.0,0.0,8000.0,8.39,0.0,56298.58726126925,65805.57108508419,26.473874691292416,observed,observed
2026-06-24,Dhanmondi,11,05:30,55829.820623432606,0.0,0.0,0.0,0.0,0.0,0.0,0.0,0.0,8000.0,8.39,0.0,56656.53353300612,61654.53017924744,26.56372105919652,observed,observed
2026-06-24,Dhanmondi,12,06:00,59346.22853042727,0.0,0.0,0.0,0.0,0.0,0.0,0.0,0.0,8000.0,8.39,-7.275957614183426e-12,60225.01145884691,65119.48637955166,27.1428893879383,observed,observed
2026-06-24,Dhanmondi,13,06:30,67026.11956830052,0.0,0.0,0.0,0.0,0.0,0.0,0.0,0.0,8000.0,8.39,-1.4551915228366852e-11,68018.62424961556,69891.87843403692,27.712806057598225,observed,observed
2026-06-24,Dhanmondi,14,07:00,68088.50971186311,0.0,0.0,0.0,0.0,0.0,0.0,0.0,0.0,8000.0,8.39,-1.4551915228366852e-11,69096.7459795755,78180.69326313667,28.26886639774199,observed,observed
2026-06-24,Dhanmondi,15,07:30,82737.58807692112,0.0,0.0,0.0,0.0,0.0,0.0,0.0,0.0,8000.0,8.39,0.0,83962.74394176833,85490.83400480199,28.80657769084744,observed,observed
2026-06-24,Dhanmondi,16,08:00,74354.3615966337,0.0,0.0,0.0,0.0,0.0,0.0,0.0,0.0,8000.0,8.39,-1.4551915228366852e-11,75455.38090725707,78681.38426168605,29.32159547144205,observed,observed
2026-06-24,Dhanmondi,17,08:30,82299.41682365294,0.0,0.0,0.0,0.0,0.0,0.0,0.0,0.0,8000.0,8.39,1.4551915228366852e-11,83518.08436688929,84776.23369947504,29.809758627430504,observed,observed
2026-06-24,Dhanmondi,18,09:00,91640.29847359678,0.0,0.0,0.0,0.0,0.0,0.0,0.0,0.0,8000.0,8.39,-1.4551915228366852e-11,92997.2832702396,99749.70127434378,30.26712302000943,observed,observed
2026-06-24,Dhanmondi,19,09:30,88845.7913559154,0.0,0.0,0.0,0.0,0.0,0.0,0.0,0.0,8000.0,8.39,-1.4551915228366852e-11,90161.39584568486,103607.1139730222,30.68999335053548,observed,observed
2026-06-24,Dhanmondi,20,10:00,86241.3473245688,0.0,0.0,0.0,0.0,0.0,0.0,0.0,0.0,8000.0,8.39,-1.4551915228366852e-11,87518.38591032976,100096.71239737318,31.074953016876844,observed,observed
2026-06-24,Dhanmondi,21,10:30,92703.7864070735,0.0,0.0,0.0,0.0,0.0,0.0,0.0,0.0,8000.0,8.39,0.0,94076.51904589027,99407.46627305672,31.418891718022216,observed,observed
2026-06-24,Dhanmondi,22,11:00,91965.69126188637,0.0,0.0,0.0,0.0,0.0,0.0,0.0,0.0,8000.0,8.39,-1.4551915228366852e-11,93327.49438708121,104425.43675252883,31.71903058391447,observed,observed
2026-06-24,Dhanmondi,23,11:30,102024.26344765667,0.0,0.0,0.0,0.0,0.0,0.0,0.0,0.0,8000.0,8.39,0.0,103535.01119393385,110895.25076098843,31.97294462747122,observed,observed
2026-06-24,Dhanmondi,24,12:00,123758.6655130309,0.0,0.0,0.0,0.0,0.0,0.0,0.0,0.0,8000.0,8.39,0.0,125591.25041673868,126459.6128093888,32.1785823373901,observed,observed
2026-06-24,Dhanmondi,25,12:30,129088.69288696408,0.0,0.0,0.0,0.0,0.0,0.0,0.0,0.0,8000.0,8.39,0.0,131000.2033969017,133954.62035960588,32.33428225343761,observed,observed
2026-06-24,Dhanmondi,26,13:00,118349.58403611973,0.0,0.0,0.0,0.0,0.0,0.0,0.0,0.0,8000.0,8.39,-1.4551915228366852e-11,120102.07272178562,121356.94505470661,32.43878639030078,observed,observed
2026-06-24,Dhanmondi,27,13:30,109799.86251355999,0.0,0.0,0.0,0.0,0.0,0.0,0.0,0.0,8000.0,8.39,0.0,111425.74923137005,118320.56752010483,32.49125040154286,observed,observed
2026-06-24,Dhanmondi,28,14:00,115120.32092336455,0.0,0.0,0.0,0.0,0.0,0.0,0.0,0.0,8000.0,8.39,-1.4551915228366852e-11,116824.99155276736,118338.60095831231,32.49125040154286,observed,observed
2026-06-24,Dhanmondi,29,14:30,100383.89689516746,0.0,0.0,0.0,0.0,0.0,0.0,0.0,0.0,8000.0,8.39,-1.4551915228366852e-11,101870.35453643928,112780.80331682978,32.43878639030078,observed,observed
2026-06-24,Dhanmondi,30,15:00,101624.90164176357,0.0,0.0,0.0,0.0,0.0,0.0,0.0,0.0,8000.0,8.39,1.4551915228366852e-11,103129.73574624788,116378.61352197181,32.33428225343761,observed,observed
2026-06-24,Dhanmondi,31,15:30,97841.62626283907,0.0,0.0,0.0,0.0,0.0,0.0,0.0,0.0,8000.0,8.39,0.0,99290.43864700799,110377.10922574419,32.1785823373901,observed,observed
2026-06-24,Dhanmondi,32,16:00,86227.04494509796,0.0,0.0,0.0,0.0,0.0,0.0,0.0,0.0,8000.0,8.39,-1.4551915228366852e-11,87503.87174508547,103038.72955046591,31.97294462747122,observed,observed
2026-06-24,Dhanmondi,33,16:30,89937.5209938762,0.0,0.0,0.0,0.0,0.0,0.0,0.0,0.0,8000.0,8.39,-1.4551915228366852e-11,91269.29152135435,108310.71191843328,31.71903058391447,observed,observed
2026-06-24,Dhanmondi,34,17:00,102894.97126202038,0.0,-0.0,0.0,0.0,0.0,0.0,0.0,0.0,8000.0,8.39,0.0,104418.61221451891,124891.18945810843,31.41889171802222,observed,observed
2026-06-24,Dhanmondi,35,17:30,101155.37206448066,0.0,0.0,0.0,0.0,0.0,0.0,0.0,0.0,8000.0,8.39,0.0,102653.25350175891,120968.25784362492,31.074953016876844,observed,observed
2026-06-24,Dhanmondi,36,18:00,102879.83601608277,0.0,0.0,0.0,0.0,0.0,0.0,0.0,0.0,8000.0,8.39,1.4551915228366852e-11,104403.25284994612,113509.57954769082,30.689993350535484,observed,observed
2026-06-24,Dhanmondi,37,18:30,115565.11199519927,0.0,0.0,0.0,0.0,0.0,0.0,0.0,0.0,8000.0,8.39,1.4551915228366852e-11,117276.36897069888,129096.25576304633,30.26692550730291,observed,observed
2026-06-24,Dhanmondi,38,19:00,112369.82331874881,0.0,0.0,0.0,0.0,0.0,0.0,0.0,0.0,8000.0,8.39,1.4551915228366852e-11,114033.76532226494,123731.49751563181,29.84348294037852,observed,observed
2026-06-24,Dhanmondi,39,19:30,101270.9578738677,0.0,0.0,0.0,0.0,0.0,0.0,0.0,0.0,8000.0,8.39,1.4551915228366852e-11,102770.5508746029,118099.0160313264,29.462040632774542,observed,observed
2026-06-24,Dhanmondi,40,20:00,102062.87839113935,0.0,0.0,0.0,0.0,0.0,0.0,0.0,0.0,8000.0,8.39,0.0,103574.1979370734,112222.6922833306,29.118432678838655,observed,observed
2026-06-24,Dhanmondi,41,20:30,94360.60713569526,0.0,0.0,0.0,0.0,0.0,0.0,0.0,0.0,8000.0,8.39,1.4551915228366852e-11,95757.87352851499,104156.82403907459,28.80890637917453,observed,observed
2026-06-24,Dhanmondi,42,21:00,79622.97724345449,0.0,0.0,0.0,0.0,0.0,0.0,0.0,0.0,8000.0,8.39,0.0,80802.0127920339,99489.00696562989,28.530081255697777,observed,observed
2026-06-24,Dhanmondi,43,21:30,78747.41856570252,0.0,0.0,0.0,0.0,0.0,0.0,0.0,0.0,8000.0,8.39,2.9103830456733704e-11,79913.48907778523,91226.63621122808,28.278912131890895,observed,observed
2026-06-24,Dhanmondi,44,22:00,67515.88773371036,0.0,0.0,0.0,0.0,0.0,0.0,0.0,0.0,8000.0,8.39,-1.4551915228366852e-11,68515.64476977983,81998.60260776807,28.052655875039715,observed,observed
2026-06-24,Dhanmondi,45,22:30,62284.60070176463,0.0,0.0,0.0,0.0,0.0,0.0,0.0,0.0,8000.0,8.39,1.4551915228366852e-11,63206.89425192823,66915.58575743072,27.848841437228216,observed,observed
2026-06-24,Dhanmondi,46,23:00,55765.967701260415,0.0,0.0,0.0,0.0,0.0,0.0,0.0,0.0,8000.0,8.39,0.0,56591.735094002885,61402.778621790676,27.665242867895657,observed,observed
2026-06-24,Dhanmondi,47,23:30,49016.640614984426,0.0,0.0,0.0,0.0,0.0,0.0,0.0,0.0,8000.0,8.39,0.0,49742.46579457177,60844.346927322156,27.499855003213863,observed,observed
2026-06-24,Kalyanpur,0,00:00,44260.677179535895,0.0,0.0,0.0,0.0,0.0,0.0,0.0,0.0,6000.0,8.39,0.0,45831.340347469595,53110.4527663164,27.350871566777297,observed,observed
2026-06-24,Kalyanpur,1,00:30,43633.87972668502,0.0,0.0,0.0,0.0,0.0,0.0,0.0,0.0,6000.0,8.39,0.0,45182.29995267376,51506.59129563723,27.21666544243344,observed,observed
2026-06-24,Kalyanpur,2,01:00,48124.294748100634,0.0,0.0,0.0,0.0,0.0,0.0,0.0,0.0,6000.0,8.39,-7.275957614183426e-12,49832.064761130976,59164.671621719914,27.095770903804198,observed,observed
2026-06-24,Kalyanpur,3,01:30,47236.642211445156,0.0,0.0,0.0,0.0,0.0,0.0,0.0,0.0,6000.0,8.39,-7.275957614183426e-12,48912.91240942309,57031.83334926845,26.986867606418674,observed,observed
2026-06-24,Kalyanpur,4,02:00,49100.20996231435,0.0,0.0,0.0,0.0,0.0,0.0,0.0,0.0,6000.0,8.39,0.0,50842.61193715973,58565.85207929861,26.88876616762819,observed,observed
2026-06-24,Kalyanpur,5,02:30,44785.77167175119,0.0,0.0,0.0,0.0,0.0,0.0,0.0,0.0,6000.0,8.39,-7.275957614183426e-12,46375.06868424313,49213.3951021758,26.800395176815183,observed,observed
2026-06-24,Kalyanpur,6,03:00,39431.08477545471,0.0,0.0,0.0,0.0,0.0,0.0,0.0,0.0,6000.0,8.39,-7.275957614183426e-12,40830.3618872182,47089.48346786269,26.720789494028498,observed,observed
2026-06-24,Kalyanpur,7,03:30,36886.23479851286,0.0,0.0,0.0,0.0,0.0,0.0,0.0,0.0,6000.0,8.39,0.0,38195.20370937635,41749.38407104567,26.649079709249193,observed,observed
2026-06-24,Kalyanpur,8,04:00,43207.11581385509,0.0,0.0,0.0,0.0,0.0,0.0,0.0,0.0,6000.0,8.39,-7.275957614183426e-12,44740.391618158494,50746.77259715285,26.58448264716666,observed,observed
2026-06-24,Kalyanpur,9,04:30,45661.958636391064,0.0,0.0,0.0,0.0,0.0,0.0,0.0,0.0,6000.0,8.39,0.0,47282.34858919213,48846.928582318986,26.526292813763348,observed,observed
2026-06-24,Kalyanpur,10,05:00,59007.391685778144,0.0,0.0,0.0,0.0,0.0,0.0,0.0,0.0,6000.0,8.39,0.0,61101.36635274372,63049.75039285468,26.473874691292416,observed,observed
2026-06-24,Kalyanpur,11,05:30,60213.59532027607,0.0,0.0,0.0,0.0,0.0,0.0,0.0,0.0,6000.0,8.39,0.0,62350.37411366856,68279.9223101463,26.56372105919652,observed,observed
2026-06-24,Kalyanpur,12,06:00,71064.85407184636,0.0,0.0,0.0,0.0,0.0,0.0,0.0,0.0,6000.0,8.39,0.0,73586.70768860124,78701.68378872,27.1428893879383,observed,observed
2026-06-24,Kalyanpur,13,06:30,76256.00808423742,0.0,0.0,0.0,0.0,0.0,0.0,0.0,0.0,6000.0,8.39,0.0,78962.07836747622,85347.5061446139,27.712806057598225,observed,observed
2026-06-24,Kalyanpur,14,07:00,87909.96609511829,0.0,0.0,0.0,0.0,0.0,0.0,0.0,0.0,6000.0,8.39,1.4551915228366852e-11,91029.59630953672,96265.57014616785,28.26886639774199,observed,observed
2026-06-24,Kalyanpur,15,07:30,93960.81552257462,0.0,0.0,0.0,0.0,0.0,0.0,0.0,0.0,6000.0,8.39,1.4551915228366852e-11,97295.17011393537,101269.54781598097,28.80657769084744,observed,observed
2026-06-24,Kalyanpur,16,08:00,83505.30669395134,0.0,0.0,0.0,0.0,0.0,0.0,0.0,0.0,6000.0,8.39,0.0,86468.63030102529,93042.57830240016,29.32159547144205,observed,observed
2026-06-24,Kalyanpur,17,08:30,76510.95509587992,0.0,0.0,0.0,0.0,0.0,0.0,0.0,0.0,6000.0,8.39,0.0,79226.07259453599,86232.96138071423,29.809758627430504,observed,observed
2026-06-24,Kalyanpur,18,09:00,87829.75660493078,0.0,0.0,0.0,0.0,0.0,0.0,0.0,0.0,6000.0,8.39,0.0,90946.54045322967,98340.63037207024,30.26712302000943,observed,observed
2026-06-24,Kalyanpur,19,09:30,77537.29559318423,0.0,0.0,0.0,0.0,0.0,0.0,0.0,0.0,6000.0,8.39,1.4551915228366852e-11,80288.83447803685,86108.8697553783,30.68999335053548,observed,observed
2026-06-24,Kalyanpur,20,10:00,82945.41553378555,0.0,-0.0,0.0,0.0,0.0,0.0,0.0,0.0,6000.0,8.39,0.0,85888.87047911812,99148.99690942088,31.074953016876844,observed,observed
2026-06-24,Kalyanpur,21,10:30,85076.02609226873,0.0,0.0,0.0,0.0,0.0,0.0,0.0,0.0,6000.0,8.39,1.4551915228366852e-11,88095.08926916642,99034.31872880463,31.418891718022216,observed,observed
2026-06-24,Kalyanpur,22,11:00,91592.1712625664,0.0,0.0,0.0,0.0,0.0,0.0,0.0,0.0,6000.0,8.39,-1.4551915228366852e-11,94842.4706036642,104856.58391667744,31.71903058391447,observed,observed
2026-06-24,Kalyanpur,23,11:30,99923.21812237719,0.0,0.0,0.0,0.0,0.0,0.0,0.0,0.0,6000.0,8.39,-1.4551915228366852e-11,103469.15840904742,107210.54525500597,31.97294462747122,observed,observed
2026-06-24,Kalyanpur,24,12:00,108850.87890724148,0.0,0.0,0.0,0.0,0.0,0.0,0.0,0.0,6000.0,8.39,1.4551915228366852e-11,112713.6319691369,118264.86548461308,32.1785823373901,observed,observed
2026-06-24,Kalyanpur,25,12:30,117776.78768720328,0.0,0.0,0.0,0.0,0.0,0.0,0.0,0.0,6000.0,8.39,1.4551915228366852e-11,121956.29135153869,125195.08367942578,32.33428225343761,observed,observed
2026-06-24,Kalyanpur,26,13:00,116933.68978427137,0.0,0.0,0.0,0.0,0.0,0.0,0.0,0.0,6000.0,8.39,1.4551915228366852e-11,121083.27472825545,126022.94807195215,32.43878639030078,observed,observed
2026-06-24,Kalyanpur,27,13:30,116457.34226537727,0.0,0.0,0.0,0.0,0.0,0.0,0.0,0.0,6000.0,8.39,1.4551915228366852e-11,120590.02323159274,122927.31612372966,32.49125040154286,observed,observed
2026-06-24,Kalyanpur,28,14:00,92502.17279608487,0.0,0.0,0.0,0.0,0.0,0.0,0.0,0.0,6000.0,8.39,0.0,95784.76504326868,104764.56466210142,32.49125040154286,observed,observed
2026-06-24,Kalyanpur,29,14:30,90068.40969315032,0.0,0.0,0.0,0.0,0.0,0.0,0.0,0.0,6000.0,8.39,-1.4551915228366852e-11,93264.63584047192,110184.52261381001,32.43878639030078,observed,observed
2026-06-24,Kalyanpur,30,15:00,90857.76927947054,0.0,0.0,0.0,0.0,0.0,0.0,0.0,0.0,6000.0,8.39,1.4551915228366852e-11,94082.00715430046,103693.37736584188,32.33428225343761,observed,observed
2026-06-24,Kalyanpur,31,15:30,78380.70717811504,0.0,0.0,0.0,0.0,0.0,0.0,0.0,0.0,6000.0,8.39,0.0,81162.17591484245,97488.60064679432,32.1785823373901,observed,observed
2026-06-24,Kalyanpur,32,16:00,83309.08323146639,0.0,0.0,0.0,0.0,0.0,0.0,0.0,0.0,6000.0,8.39,1.4551915228366852e-11,86265.44352516942,102671.2397697506,31.97294462747122,observed,observed
2026-06-24,Kalyanpur,33,16:30,94750.00589063209,0.0,0.0,0.0,0.0,0.0,0.0,0.0,0.0,6000.0,8.39,1.4551915228366852e-11,98112.36620451184,106465.87095893291,31.71903058391447,observed,observed
2026-06-24,Kalyanpur,34,17:00,113397.61572382868,0.0,0.0,0.0,0.0,0.0,0.0,0.0,0.0,6000.0,8.39,0.0,117421.7172446085,126186.77846046012,31.41889171802222,observed,observed
2026-06-24,Kalyanpur,35,17:30,98111.03336622113,0.0,0.0,0.0,0.0,0.0,0.0,0.0,0.0,6000.0,8.39,0.0,101592.66528638275,117797.19522652682,31.074953016876844,observed,observed
2026-06-24,Kalyanpur,36,18:00,108549.9380856268,0.0,0.0,0.0,0.0,0.0,0.0,0.0,0.0,6000.0,8.39,0.0,112402.01176585979,119902.56314046141,30.689993350535484,observed,observed
2026-06-24,Kalyanpur,37,18:30,124231.74756088218,0.0,0.0,0.0,0.0,0.0,0.0,0.0,0.0,6000.0,8.39,0.0,128640.31612820027,136684.23782415845,30.26692550730291,observed,observed
2026-06-24,Kalyanpur,38,19:00,102899.7839669054,0.0,0.0,0.0,0.0,0.0,0.0,0.0,0.0,6000.0,8.39,-1.4551915228366852e-11,106551.35260444721,116940.51716737973,29.84348294037852,observed,observed
2026-06-24,Kalyanpur,39,19:30,112249.5081587724,0.0,0.0,0.0,0.0,0.0,0.0,0.0,0.0,6000.0,8.39,0.0,116232.86718801875,123283.75830531224,29.462040632774542,observed,observed
2026-06-24,Kalyanpur,40,20:00,111792.56398535166,0.0,0.0,0.0,0.0,0.0,0.0,0.0,0.0,6000.0,8.39,0.0,115759.7075965625,127293.69580487267,29.118432678838655,observed,observed
2026-06-24,Kalyanpur,41,20:30,102786.63276311045,0.0,0.0,0.0,0.0,0.0,0.0,0.0,0.0,6000.0,8.39,0.0,106434.18604346536,113608.55614561522,28.80890637917453,observed,observed
2026-06-24,Kalyanpur,42,21:00,90036.19465761766,0.0,0.0,0.0,0.0,0.0,0.0,0.0,0.0,6000.0,8.39,1.4551915228366852e-11,93231.27760124276,100632.74628858265,28.530081255697777,observed,observed
2026-06-24,Kalyanpur,43,21:30,72311.41880185588,0.0,0.0,0.0,0.0,0.0,0.0,0.0,0.0,6000.0,8.39,0.0,74877.50882511516,93012.20521389366,28.278912131890895,observed,observed
2026-06-24,Kalyanpur,44,22:00,72240.88516034922,0.0,0.0,0.0,0.0,0.0,0.0,0.0,0.0,6000.0,8.39,0.0,74804.47218094619,89511.92115526267,28.052655875039715,observed,observed
2026-06-24,Kalyanpur,45,22:30,73443.92870641356,0.0,0.0,0.0,0.0,0.0,0.0,0.0,0.0,6000.0,8.39,0.0,76050.20771248463,80168.17986116804,27.848841437228216,observed,observed
2026-06-24,Kalyanpur,46,23:00,57986.37961986353,0.0,0.0,0.0,0.0,0.0,0.0,0.0,0.0,6000.0,8.39,-7.275957614183426e-12,60044.12198881335,66430.03444356736,27.665242867895657,observed,observed
2026-06-24,Kalyanpur,47,23:30,53342.76753156628,0.0,-0.0,0.0,0.0,0.0,0.0,0.0,0.0,6000.0,8.39,0.0,55235.72366275301,67783.37727174704,27.499855003213863,observed,observed
2026-06-25,Dhanmondi,0,00:00,45646.906234186914,0.0,0.0,0.0,0.0,0.0,0.0,0.0,0.0,8000.0,8.39,0.0,47115.282497054526,47753.70869141094,27.078308531548863,observed,observed
2026-06-25,Dhanmondi,1,00:30,43001.79533177333,0.0,0.0,0.0,0.0,0.0,0.0,0.0,0.0,8000.0,8.39,-7.275957614183426e-12,44385.08328565829,47588.029608492536,26.91314187648735,observed,observed
2026-06-25,Dhanmondi,2,01:00,44734.595876072,0.0,0.0,0.0,0.0,0.0,0.0,0.0,0.0,8000.0,8.39,0.0,46173.62480776784,53563.35731626208,26.764355337588924,observed,observed
2026-06-25,Dhanmondi,3,01:30,46494.95326417179,0.0,0.0,0.0,0.0,0.0,0.0,0.0,0.0,8000.0,8.39,0.0,47990.609626204,52165.08068268195,26.63032444528122,observed,observed
2026-06-25,Dhanmondi,4,02:00,47458.94054401841,0.0,0.0,0.0,0.0,0.0,0.0,0.0,0.0,8000.0,8.39,7.275957614183426e-12,48985.60658789345,50793.07401431411,26.509585833940424,observed,observed
2026-06-25,Dhanmondi,5,02:30,41102.28909048897,0.0,0.0,0.0,0.0,0.0,0.0,0.0,0.0,8000.0,8.39,0.0,42424.47345366047,45871.11546729323,26.40082126468697,observed,observed
2026-06-25,Dhanmondi,6,03:00,40033.06559637446,0.0,0.0,0.0,0.0,0.0,0.0,0.0,0.0,8000.0,8.39,0.0,41320.85502398551,48615.47825144264,26.302843232692723,observed,observed
2026-06-25,Dhanmondi,7,03:30,39262.938284560296,0.0,0.0,0.0,0.0,0.0,0.0,0.0,0.0,8000.0,8.39,0.0,40525.954145738324,41362.10805387423,26.214582001858485,observed,observed
2026-06-25,Dhanmondi,8,04:00,43478.17725516923,0.0,0.0,0.0,0.0,0.0,0.0,0.0,0.0,8000.0,8.39,0.0,44876.78953146904,53528.20982349049,26.13507392530483,observed,observed
2026-06-25,Dhanmondi,9,04:30,36948.86164360814,0.0,0.0,0.0,0.0,0.0,0.0,0.0,0.0,8000.0,8.39,0.0,38137.437953667446,43618.4490631224,26.063450924157994,observed,observed
2026-06-25,Dhanmondi,10,05:00,61408.01463633549,0.0,0.0,0.0,0.0,0.0,0.0,0.0,0.0,8000.0,8.39,7.275957614183426e-12,63383.396507326106,64881.5016557183,25.99893100975889,observed,observed
2026-06-25,Dhanmondi,11,05:30,53239.37418332605,0.0,0.0,0.0,0.0,0.0,0.0,0.0,0.0,8000.0,8.39,0.0,54951.986050155574,60998.59683446861,26.10828133204954,observed,observed
2026-06-25,Dhanmondi,12,06:00,57348.31835263581,0.0,0.0,0.0,0.0,0.0,0.0,0.0,0.0,8000.0,8.39,0.0,59193.10732808928,64779.29427237285,26.821181939445484,observed,observed
2026-06-25,Dhanmondi,13,06:30,62414.78598573396,0.0,0.0,0.0,0.0,0.0,0.0,0.0,0.0,8000.0,8.39,0.0,64422.55382268709,69690.37069051787,27.52270195380365,observed,observed
2026-06-25,Dhanmondi,14,07:00,70287.78288325282,0.0,0.0,0.0,0.0,0.0,0.0,0.0,0.0,8000.0,8.39,0.0,72548.81041983675,78083.28500106913,28.20717236686349,observed,observed
2026-06-25,Dhanmondi,15,07:30,80149.89625877632,0.0,0.0,0.0,0.0,0.0,0.0,0.0,0.0,8000.0,8.39,0.0,82728.16968072281,85589.7567250077,28.869061948800727,observed,observed
2026-06-25,Dhanmondi,16,08:00,70569.55398983168,0.0,0.0,0.0,0.0,0.0,0.0,0.0,0.0,8000.0,8.39,-1.4551915228366852e-11,72839.64558000867,78985.860206753,29.50302194629289,observed,observed
2026-06-25,Dhanmondi,17,08:30,74201.00102294637,0.0,0.0,0.0,0.0,0.0,0.0,0.0,0.0,8000.0,8.39,0.0,76587.90952500624,85343.13295122424,30.103929305985716,observed,observed
2026-06-25,Dhanmondi,18,09:00,94601.38500234197,0.0,0.0,0.0,0.0,0.0,0.0,0.0,0.0,8000.0,8.39,-1.4551915228366852e-11,97644.53599836289,100865.22748505915,30.66692807407004,observed,observed
2026-06-25,Dhanmondi,19,09:30,87649.07527852013,0.0,-0.0,0.0,0.0,0.0,0.0,0.0,0.0,8000.0,8.39,0.0,90468.58337269373,105184.91998709222,31.187468637417755,observed,observed
2026-06-25,Dhanmondi,20,10:00,95952.01514205718,0.0,0.0,0.0,0.0,0.0,0.0,0.0,0.0,8000.0,8.39,0.0,99038.61340319825,101876.07942766305,31.6613444891678,observed,observed
2026-06-25,Dhanmondi,21,10:30,93504.82681733399,0.0,0.0,0.0,0.0,0.0,0.0,0.0,0.0,8000.0,8.39,-1.4551915228366852e-11,96512.70357151562,101343.33700278625,32.084726221658144,observed,observed
2026-06-25,Dhanmondi,22,11:00,92683.88871368208,0.0,0.0,0.0,0.0,0.0,0.0,0.0,0.0,8000.0,8.39,1.4551915228366852e-11,95665.35741255103,106388.16790591314,32.45419247200573,observed,observed
2026-06-25,Dhanmondi,23,11:30,99830.08656234138,0.0,0.0,0.0,0.0,0.0,0.0,0.0,0.0,8000.0,8.39,0.0,103041.43518421963,113315.79881676692,32.76675757026193,observed,observed
2026-06-25,Dhanmondi,24,12:00,124356.91935958131,0.0,0.0,0.0,0.0,0.0,0.0,0.0,0.0,8000.0,8.39,1.4551915228366852e-11,128357.25067610311,129536.43749403878,33.01989566671797,observed,observed
2026-06-25,Dhanmondi,25,12:30,131356.24923654328,0.0,0.0,0.0,0.0,0.0,0.0,0.0,0.0,8000.0,8.39,-2.9103830456733704e-11,135581.7360059797,137278.3631810545,33.211561143386476,observed,observed
2026-06-25,Dhanmondi,26,13:00,116729.26830757144,0.0,0.0,0.0,0.0,0.0,0.0,0.0,0.0,8000.0,8.39,1.4551915228366852e-11,120484.2322450041,124693.31432109055,33.34020514471344,observed,observed
2026-06-25,Dhanmondi,27,13:30,116061.64277700175,0.0,0.0,0.0,0.0,0.0,0.0,0.0,0.0,8000.0,8.39,0.0,119795.13044008314,121482.9638637516,33.40478809393514,observed,observed
2026-06-25,Dhanmondi,28,14:00,117057.74301995245,0.0,0.0,0.0,0.0,0.0,0.0,0.0,0.0,8000.0,8.39,-1.4551915228366852e-11,120823.27337930512,121667.62514313217,33.40478809393514,observed,observed
2026-06-25,Dhanmondi,29,14:30,98368.34991698497,0.0,0.0,0.0,0.0,0.0,0.0,0.0,0.0,8000.0,8.39,-1.4551915228366852e-11,101532.67718364598,115988.07569615658,33.34020514471344,observed,observed
2026-06-25,Dhanmondi,30,15:00,98417.25438918437,0.0,0.0,0.0,0.0,0.0,0.0,0.0,0.0,8000.0,8.39,-2.9103830456733704e-11,101583.15482195996,119689.22249531385,33.211561143386476,observed,observed
2026-06-25,Dhanmondi,31,15:30,99235.7678536817,0.0,0.0,0.0,0.0,0.0,0.0,0.0,0.0,8000.0,8.39,1.4551915228366852e-11,102427.99834562799,113320.4017867189,33.01989566671797,observed,observed
2026-06-25,Dhanmondi,32,16:00,85768.52797991369,0.0,0.0,0.0,0.0,0.0,0.0,0.0,0.0,8000.0,8.39,-2.9103830456733704e-11,88527.54235737618,105545.673792863,32.76675757026193,observed,observed
2026-06-25,Dhanmondi,33,16:30,91044.81884383639,0.0,0.0,0.0,0.0,0.0,0.0,0.0,0.0,8000.0,8.39,1.4551915228366852e-11,93973.56170674795,110815.20934050601,32.45419247200573,observed,observed
2026-06-25,Dhanmondi,34,17:00,109269.73595780156,0.0,0.0,0.0,0.0,0.0,0.0,0.0,0.0,8000.0,8.39,0.0,112784.74058280465,127111.26713692555,32.084726221658144,observed,observed
2026-06-25,Dhanmondi,35,17:30,108735.25031778209,0.0,0.0,0.0,0.0,0.0,0.0,0.0,0.0,8000.0,8.39,1.4551915228366852e-11,112233.06153163433,122745.51000266356,31.6613444891678,observed,observed
2026-06-25,Dhanmondi,36,18:00,103232.66726606598,0.0,0.0,0.0,0.0,0.0,0.0,0.0,0.0,8000.0,8.39,-1.4551915228366852e-11,106553.47059473663,115026.71282732332,31.187468637417755,observed,observed
2026-06-25,Dhanmondi,37,18:30,108226.06929388142,0.0,0.0,0.0,0.0,0.0,0.0,0.0,0.0,8000.0,8.39,1.4551915228366852e-11,111707.50109912346,130365.02153055853,30.66667671627926,observed,observed
2026-06-25,Dhanmondi,38,19:00,109637.5109558241,0.0,0.0,0.0,0.0,0.0,0.0,0.0,0.0,8000.0,8.39,0.0,113164.34622000346,124797.10550117347,30.14563987858365,observed,observed
2026-06-25,Dhanmondi,39,19:30,98954.59094729632,0.0,0.0,0.0,0.0,0.0,0.0,0.0,0.0,8000.0,8.39,-1.4551915228366852e-11,102137.7764999673,118771.94628155399,29.676275964357504,observed,observed
2026-06-25,Dhanmondi,40,20:00,100861.97715555818,0.0,0.0,0.0,0.0,0.0,0.0,0.0,0.0,8000.0,8.39,1.4551915228366852e-11,104106.51978285667,112641.95108910349,29.253460401158517,observed,observed
2026-06-25,Dhanmondi,41,20:30,88949.12657965213,0.0,0.0,0.0,0.0,0.0,0.0,0.0,0.0,8000.0,8.39,-1.4551915228366852e-11,91810.45491157194,104358.05744958928,28.87257683711626,observed,observed
2026-06-25,Dhanmondi,42,21:00,79415.11180602004,0.0,0.0,0.0,0.0,0.0,0.0,0.0,0.0,8000.0,8.39,0.0,81969.74857572072,99487.0545530588,28.52946673903963,observed,observed
2026-06-25,Dhanmondi,43,21:30,75731.32551467716,0.0,0.0,0.0,0.0,0.0,0.0,0.0,0.0,8000.0,8.39,1.4551915228366852e-11,78167.46171568801,91046.0378509419,28.22038398904442,observed,observed
2026-06-25,Dhanmondi,44,22:00,70321.06224924947,0.0,0.0,0.0,0.0,0.0,0.0,0.0,0.0,8000.0,8.39,0.0,72583.16032127835,81696.91611931092,27.941953983981552,observed,observed
2026-06-25,Dhanmondi,45,22:30,55580.991241441145,0.0,0.0,0.0,0.0,0.0,0.0,0.0,0.0,8000.0,8.39,0.0,57368.92858350051,66603.49257843992,27.691136791108402,observed,observed
2026-06-25,Dhanmondi,46,23:00,49703.44792133926,0.0,0.0,0.0,0.0,0.0,0.0,0.0,0.0,8000.0,8.39,-7.275957614183426e-12,51302.3156022273,60996.45948556429,27.465193957732517,observed,observed
2026-06-25,Dhanmondi,47,23:30,47766.04937142157,0.0,-0.0,0.0,0.0,0.0,0.0,0.0,0.0,8000.0,8.39,0.0,49302.59453634734,60357.056956408785,27.26165861245122,observed,observed
2026-06-25,Kalyanpur,0,00:00,43181.811826636964,0.0,0.0,0.0,0.0,0.0,0.0,0.0,0.0,6000.0,8.39,7.275957614183426e-12,47220.68507361683,52682.70235123472,27.078308531548863,observed,observed
2026-06-25,Kalyanpur,1,00:30,45842.699799479495,0.0,0.0,0.0,0.0,0.0,0.0,0.0,0.0,6000.0,8.39,7.275957614183426e-12,50130.45072880093,51080.950618233,26.91314187648735,observed,observed
2026-06-25,Kalyanpur,2,01:00,46155.13303900529,0.0,0.0,0.0,0.0,0.0,0.0,0.0,0.0,6000.0,8.39,7.275957614183426e-12,50472.10641637163,58516.40484914596,26.764355337588924,observed,observed
2026-06-25,Kalyanpur,3,01:30,46496.385074851154,0.0,0.0,0.0,0.0,0.0,0.0,0.0,0.0,6000.0,8.39,0.0,50845.276374596244,56386.886846247675,26.63032444528122,observed,observed
2026-06-25,Kalyanpur,4,02:00,46784.756520666764,0.0,0.0,0.0,0.0,0.0,0.0,0.0,0.0,6000.0,8.39,7.275957614183426e-12,51160.61972521219,57839.9070882509,26.509585833940424,observed,observed
2026-06-25,Kalyanpur,5,02:30,39635.61456327069,0.0,0.0,0.0,0.0,0.0,0.0,0.0,0.0,6000.0,8.39,7.275957614183426e-12,43342.80554288702,48618.486682993025,26.40082126468697,observed,observed
2026-06-25,Kalyanpur,6,03:00,40405.42115667278,0.0,0.0,0.0,0.0,0.0,0.0,0.0,0.0,6000.0,8.39,7.275957614183426e-12,44184.61354438019,46546.04055474887,26.302843232692723,observed,observed
2026-06-25,Kalyanpur,7,03:30,35143.702011407135,0.0,0.0,0.0,0.0,0.0,0.0,0.0,0.0,6000.0,8.39,7.275957614183426e-12,38430.75625599412,41367.75663624265,26.214582001858485,observed,observed
2026-06-25,Kalyanpur,8,04:00,44748.02003956362,0.0,0.0,0.0,0.0,0.0,0.0,0.0,0.0,6000.0,8.39,0.0,48933.383583796094,50043.5271784655,26.13507392530483,observed,observed
2026-06-25,Kalyanpur,9,04:30,42993.46909033542,0.0,0.0,0.0,0.0,0.0,0.0,0.0,0.0,6000.0,8.39,0.0,47014.7262992953,48209.47190629628,26.063450924157994,observed,observed
2026-06-25,Kalyanpur,10,05:00,52940.17963690914,0.0,0.0,0.0,0.0,0.0,0.0,0.0,0.0,6000.0,8.39,7.275957614183426e-12,57891.77073929835,62487.83902646362,25.99893100975889,observed,observed
2026-06-25,Kalyanpur,11,05:30,55867.44961282146,0.0,0.0,0.0,0.0,0.0,0.0,0.0,0.0,6000.0,8.39,0.0,61092.83358985586,67632.47960525966,26.10828133204954,observed,observed
2026-06-25,Kalyanpur,12,06:00,65441.30136343589,0.0,0.0,0.0,0.0,0.0,0.0,0.0,0.0,6000.0,8.39,0.0,71562.14507387251,78281.31502095425,26.821181939445484,observed,observed
2026-06-25,Kalyanpur,13,06:30,75086.94131208435,0.0,0.0,0.0,0.0,0.0,0.0,0.0,0.0,6000.0,8.39,0.0,82109.95923640068,85114.47981785193,27.52270195380365,observed,observed
2026-06-25,Kalyanpur,14,07:00,85181.04900156242,0.0,0.0,0.0,0.0,0.0,0.0,0.0,0.0,6000.0,8.39,0.0,93148.18714165028,96204.29478071634,28.20717236686349,observed,observed
2026-06-25,Kalyanpur,15,07:30,86396.95629219423,0.0,0.0,0.0,0.0,0.0,0.0,0.0,0.0,6000.0,8.39,0.0,94477.82044838011,101373.04758374635,28.869061948800727,observed,observed
2026-06-25,Kalyanpur,16,08:00,77670.18751104381,0.0,0.0,0.0,0.0,0.0,0.0,0.0,0.0,6000.0,8.39,-1.4551915228366852e-11,84934.82114164918,93360.2241490917,29.50302194629289,observed,observed
2026-06-25,Kalyanpur,17,08:30,75207.14059113472,0.0,0.0,0.0,0.0,0.0,0.0,0.0,0.0,6000.0,8.39,-1.4551915228366852e-11,82241.4009722153,86726.44617773236,30.103929305985716,observed,observed
2026-06-25,Kalyanpur,18,09:00,84304.2122775106,0.0,0.0,0.0,0.0,0.0,0.0,0.0,0.0,6000.0,8.39,-2.9103830456733704e-11,92189.33828709871,99220.05364335676,30.66692807407004,observed,observed
2026-06-25,Kalyanpur,19,09:30,78051.71515433278,0.0,0.0,0.0,0.0,0.0,0.0,0.0,0.0,6000.0,8.39,-1.4551915228366852e-11,85352.03375799253,87069.83959526297,31.187468637417755,observed,observed
2026-06-25,Kalyanpur,20,10:00,88492.83061768017,0.0,0.0,0.0,0.0,0.0,0.0,0.0,0.0,6000.0,8.39,0.0,96769.7257041156,100691.66095700306,31.6613444891678,observed,observed
2026-06-25,Kalyanpur,21,10:30,86230.9422196278,0.0,0.0,0.0,0.0,0.0,0.0,0.0,0.0,6000.0,8.39,0.0,94296.2787782455,100714.40542737674,32.084726221658144,observed,observed
2026-06-25,Kalyanpur,22,11:00,86610.0945709301,0.0,0.0,0.0,0.0,0.0,0.0,0.0,0.0,6000.0,8.39,-1.4551915228366852e-11,94710.89393723066,106716.40545122011,32.45419247200573,observed,observed
2026-06-25,Kalyanpur,23,11:30,89785.29819547648,0.0,-0.0,0.0,0.0,0.0,0.0,0.0,0.0,6000.0,8.39,0.0,98183.0801206464,109120.8481795909,32.76675757026193,observed,observed
2026-06-25,Kalyanpur,24,12:00,109301.77396778142,0.0,0.0,0.0,0.0,0.0,0.0,0.0,0.0,6000.0,8.39,0.0,119524.96729969254,120623.77958533149,33.01989566671797,observed,observed
2026-06-25,Kalyanpur,25,12:30,115153.13739477974,0.0,0.0,0.0,0.0,0.0,0.0,0.0,0.0,6000.0,8.39,0.0,125923.61936984782,127845.19367899274,33.211561143386476,observed,observed
2026-06-25,Kalyanpur,26,13:00,103911.01893569634,0.0,0.0,0.0,0.0,0.0,0.0,0.0,0.0,6000.0,8.39,0.0,113630.00516375744,129149.98032781322,33.34020514471344,observed,observed
2026-06-25,Kalyanpur,27,13:30,109904.83538923436,0.0,0.0,0.0,0.0,0.0,0.0,0.0,0.0,6000.0,8.39,0.0,120184.43415061588,126073.40844686978,33.40478809393514,observed,observed
2026-06-25,Kalyanpur,28,14:00,96975.39756179506,0.0,0.0,0.0,0.0,0.0,0.0,0.0,0.0,6000.0,8.39,0.0,106045.68253269963,107345.34589348387,33.40478809393514,observed,observed
2026-06-25,Kalyanpur,29,14:30,89650.16269359904,0.0,0.0,0.0,0.0,0.0,0.0,0.0,0.0,6000.0,8.39,0.0,98035.30514997043,113065.16172355872,33.34020514471344,observed,observed
2026-06-25,Kalyanpur,30,15:00,85139.34377680148,0.0,0.0,0.0,0.0,0.0,0.0,0.0,0.0,6000.0,8.39,1.4551915228366852e-11,93102.58115151091,106246.3058792906,33.211561143386476,observed,observed
2026-06-25,Kalyanpur,31,15:30,83307.37730101503,0.0,0.0,0.0,0.0,0.0,0.0,0.0,0.0,6000.0,8.39,-1.4551915228366852e-11,91099.26752572239,99708.73283015228,33.01989566671797,observed,observed
2026-06-25,Kalyanpur,32,16:00,81607.74606059215,0.0,0.0,0.0,0.0,0.0,0.0,0.0,0.0,6000.0,8.39,1.4551915228366852e-11,89240.66669008585,104902.07443507864,32.76675757026193,observed,observed
2026-06-25,Kalyanpur,33,16:30,90327.95362612665,0.0,0.0,0.0,0.0,0.0,0.0,0.0,0.0,6000.0,8.39,0.0,98776.4910987937,108755.02328243089,32.45419247200573,observed,observed
2026-06-25,Kalyanpur,34,17:00,109376.49877741317,0.0,0.0,0.0,0.0,0.0,0.0,0.0,0.0,6000.0,8.39,-1.4551915228366852e-11,119606.68125641516,127974.62395580731,32.084726221658144,observed,observed
2026-06-25,Kalyanpur,35,17:30,95882.3534776229,0.0,0.0,0.0,0.0,0.0,0.0,0.0,0.0,6000.0,8.39,0.0,104850.40405116002,119181.25501416018,31.6613444891678,observed,observed
2026-06-25,Kalyanpur,36,18:00,103754.80474765775,0.0,0.0,0.0,0.0,0.0,0.0,0.0,0.0,6000.0,8.39,-1.4551915228366852e-11,113459.17997913998,121158.91341778659,31.187468637417755,observed,observed
2026-06-25,Kalyanpur,37,18:30,119070.18971037799,0.0,0.0,0.0,0.0,0.0,0.0,0.0,0.0,6000.0,8.39,0.0,130207.04069904849,137785.0087245656,30.66667671627926,observed,observed
2026-06-25,Kalyanpur,38,19:00,100308.91895275126,0.0,0.0,0.0,0.0,0.0,0.0,0.0,0.0,6000.0,8.39,0.0,109690.99423060782,117788.34568202824,30.14563987858365,observed,observed
2026-06-25,Kalyanpur,39,19:30,106133.42931744528,0.0,0.0,0.0,0.0,0.0,0.0,0.0,0.0,6000.0,8.39,1.4551915228366852e-11,116060.28162279574,123906.37870041681,29.676275964357504,observed,observed
2026-06-25,Kalyanpur,40,20:00,108385.77304218701,0.0,0.0,0.0,0.0,0.0,0.0,0.0,0.0,6000.0,8.39,-1.4551915228366852e-11,118523.29114473435,127711.84713585328,29.253460401158517,observed,observed
2026-06-25,Kalyanpur,41,20:30,97986.43864749589,0.0,0.0,0.0,0.0,0.0,0.0,0.0,0.0,6000.0,8.39,-1.4551915228366852e-11,107151.288126463,113791.79727313375,28.87257683711626,observed,observed
2026-06-25,Kalyanpur,42,21:00,82681.67284564555,0.0,0.0,0.0,0.0,0.0,0.0,0.0,0.0,6000.0,8.39,1.4551915228366852e-11,90415.03979681713,100631.27418484271,28.52946673903963,observed,observed
2026-06-25,Kalyanpur,43,21:30,70126.59198439188,0.0,0.0,0.0,0.0,0.0,0.0,0.0,0.0,6000.0,8.39,0.0,76685.65943169434,92845.84635087973,28.22038398904442,observed,observed
2026-06-25,Kalyanpur,44,22:00,68738.95597728851,0.0,0.0,0.0,0.0,0.0,0.0,0.0,0.0,6000.0,8.39,-1.4551915228366852e-11,75168.2353099065,89217.40337221448,27.941953983981552,observed,observed
2026-06-25,Kalyanpur,45,22:30,66540.59578775734,0.0,0.0,0.0,0.0,0.0,0.0,0.0,0.0,6000.0,8.39,-1.4551915228366852e-11,72764.25850122169,79798.9337297935,27.691136791108402,observed,observed
2026-06-25,Kalyanpur,46,23:00,55386.55131852794,0.0,0.0,0.0,0.0,0.0,0.0,0.0,0.0,6000.0,8.39,0.0,60566.95600513467,66031.57491935472,27.465193957732517,observed,observed
2026-06-25,Kalyanpur,47,23:30,51220.35476757814,0.0,0.0,0.0,0.0,0.0,0.0,0.0,0.0,6000.0,8.39,0.0,56011.0875279849,67274.80273702857,27.26165861245122,observed,observed
2026-06-26,Dhanmondi,0,00:00,31693.401876426233,0.0,0.0,0.0,0.0,0.0,0.0,0.0,0.0,8000.0,8.39,0.0,46994.89945000378,48332.62917341154,27.46781343884368,observed,observed
2026-06-26,Dhanmondi,1,00:30,30704.473298527708,0.0,0.0,0.0,0.0,0.0,0.0,0.0,0.0,8000.0,8.39,0.0,45528.51855271851,48198.73674554193,27.315046500279454,observed,observed
2026-06-26,Dhanmondi,2,01:00,36206.64473027211,0.0,0.0,0.0,0.0,0.0,0.0,0.0,0.0,8000.0,8.39,7.275957614183426e-12,53687.12500966184,54361.87182212774,27.177427093250433,observed,observed
2026-06-26,Dhanmondi,3,01:30,32040.692867579037,0.0,0.0,0.0,0.0,0.0,0.0,0.0,0.0,8000.0,8.39,0.0,47509.861689549856,52926.98171722797,27.053453271630275,observed,observed
2026-06-26,Dhanmondi,4,02:00,30195.69838324248,0.0,0.0,0.0,0.0,0.0,0.0,0.0,0.0,8000.0,8.39,0.0,44774.10834204632,51539.023054341116,26.94177201403071,observed,observed
2026-06-26,Dhanmondi,5,02:30,27475.56559663225,0.0,0.0,0.0,0.0,0.0,0.0,0.0,0.0,8000.0,8.39,0.0,40740.70204202749,46519.48532462762,26.841164457241547,observed,observed
2026-06-26,Dhanmondi,6,03:00,30767.487937235634,0.0,0.0,0.0,0.0,0.0,0.0,0.0,0.0,8000.0,8.39,0.0,45621.956506192364,49338.496211730955,26.75053259384171,observed,observed
2026-06-26,Dhanmondi,7,03:30,26003.827507158596,0.0,0.0,0.0,0.0,0.0,0.0,0.0,0.0,8000.0,8.39,0.0,38558.41237172861,41865.56690393007,26.668887288802257,observed,observed
2026-06-26,Dhanmondi,8,04:00,33198.157919397796,0.0,0.0,0.0,0.0,0.0,0.0,0.0,0.0,8000.0,8.39,-7.275957614183426e-12,49226.148061685155,54425.02784866073,26.595337484297207,observed,observed
2026-06-26,Dhanmondi,9,04:30,29263.441745424338,0.0,0.0,0.0,0.0,0.0,0.0,0.0,0.0,8000.0,8.39,0.0,43391.76046009019,44217.01896922845,26.529080474906202,observed,observed
2026-06-26,Dhanmondi,10,05:00,38834.81158917594,0.0,0.0,0.0,0.0,0.0,0.0,0.0,0.0,8000.0,8.39,0.0,57584.16445508295,65796.8495226202,26.46939314707464,observed,observed
2026-06-26,Dhanmondi,11,05:30,39039.84221885604,0.0,0.0,0.0,0.0,0.0,0.0,0.0,0.0,8000.0,8.39,0.0,57888.18337560019,61662.21292100121,26.569055482024634,observed,observed
2026-06-26,Dhanmondi,12,06:00,40803.60984407218,0.0,0.0,0.0,0.0,0.0,0.0,0.0,0.0,8000.0,8.39,0.0,60503.49373336446,65210.103648650605,27.228582882337562,observed,observed
2026-06-26,Dhanmondi,13,06:30,44549.78568670069,0.0,0.0,0.0,0.0,0.0,0.0,0.0,0.0,8000.0,8.39,0.0,66058.31418882681,70066.54775713188,27.87759056933704,observed,observed
2026-06-26,Dhanmondi,14,07:00,50157.68017316201,0.0,0.0,0.0,0.0,0.0,0.0,0.0,0.0,8000.0,8.39,0.0,74373.68653493981,78562.7320067492,28.510832628787977,observed,observed
2026-06-26,Dhanmondi,15,07:30,55495.67129130756,0.0,0.0,0.0,0.0,0.0,0.0,0.0,0.0,8000.0,8.39,0.0,82288.84682099457,85992.08358732917,29.123190579660832,observed,observed
2026-06-26,Dhanmondi,16,08:00,50488.39276099437,0.0,0.0,0.0,0.0,0.0,0.0,0.0,0.0,8000.0,8.39,0.0,74864.0663582427,79332.73893982159,29.709714746696275,observed,observed
2026-06-26,Dhanmondi,17,08:30,52896.536431783585,0.0,0.0,0.0,0.0,0.0,0.0,0.0,0.0,8000.0,8.39,0.0,78434.85595385502,85654.81401233755,30.26566426851669,observed,observed
2026-06-26,Dhanmondi,18,09:00,61850.18778192143,0.0,0.0,0.0,0.0,0.0,0.0,0.0,0.0,8000.0,8.39,0.0,91711.30846440412,101198.98085046324,30.786545417899834,observed,observed
2026-06-26,Dhanmondi,19,09:30,62288.747260082644,0.0,0.0,0.0,0.0,0.0,0.0,0.0,0.0,8000.0,8.39,0.0,92361.60339517206,105440.80458615275,31.268147924472835,observed,observed
2026-06-26,Dhanmondi,20,10:00,61463.73217681343,0.0,0.0,0.0,0.0,0.0,0.0,0.0,0.0,8000.0,8.39,0.0,91138.27303025441,102013.34064665521,31.706579006230964,observed,observed
2026-06-26,Dhanmondi,21,10:30,65116.89498199597,0.0,0.0,0.0,0.0,0.0,0.0,0.0,0.0,8000.0,8.39,1.4551915228366852e-11,96555.17397933626,101382.78686741633,32.0982948348052,observed,observed
2026-06-26,Dhanmondi,22,11:00,66801.99001687403,0.0,0.0,0.0,0.0,0.0,0.0,0.0,0.0,8000.0,8.39,2.9103830456733704e-11,99053.82881091798,106350.62180688344,32.440129180145576,observed,observed
2026-06-26,Dhanmondi,23,11:30,72562.6925502839,0.0,0.0,0.0,0.0,0.0,0.0,0.0,0.0,8000.0,8.39,0.0,107595.78455850673,113201.6386083555,32.72931900308603,observed,observed
2026-06-26,Dhanmondi,24,12:00,85675.53384780049,0.0,0.0,0.0,0.0,0.0,0.0,0.0,0.0,8000.0,8.39,-1.4551915228366852e-11,127039.47383753644,129330.28700457327,32.963526788926515,observed,observed
2026-06-26,Dhanmondi,25,12:30,91961.99884835146,0.0,0.0,0.0,0.0,0.0,0.0,0.0,0.0,8000.0,8.39,0.0,136361.02889649672,137010.49594206555,33.140859441510656,observed,observed
2026-06-26,Dhanmondi,26,13:00,83463.60721837298,0.0,0.0,0.0,0.0,0.0,0.0,0.0,0.0,8000.0,8.39,0.0,123759.63439505461,124396.02476317745,33.25988358507854,observed,observed
2026-06-26,Dhanmondi,27,13:30,79186.08362325579,0.0,0.0,0.0,0.0,0.0,0.0,0.0,0.0,8000.0,8.39,0.0,117416.93278065097,121272.29256461747,33.3196371502101,observed,observed
2026-06-26,Dhanmondi,28,14:00,81424.80854530416,0.0,0.0,0.0,0.0,0.0,0.0,0.0,0.0,8000.0,8.39,0.0,120736.5086664487,121445.33653750553,33.3196371502101,observed,observed
2026-06-26,Dhanmondi,29,14:30,71679.18509578974,0.0,0.0,0.0,0.0,0.0,0.0,0.0,0.0,8000.0,8.39,1.4551915228366852e-11,106285.72184737297,115702.28940824058,33.25988358507854,observed,observed
2026-06-26,Dhanmondi,30,15:00,79180.95803249396,0.0,0.0,0.0,0.0,0.0,0.0,0.0,0.0,8000.0,8.39,0.0,117409.3325670982,119422.41374003392,33.140859441510656,observed,observed
2026-06-26,Dhanmondi,31,15:30,71916.97609405266,0.0,0.0,0.0,0.0,0.0,0.0,0.0,0.0,8000.0,8.39,1.4551915228366852e-11,106638.31776298519,113123.19808996224,32.963526788926515,observed,observed
2026-06-26,Dhanmondi,32,16:00,60991.39298076855,0.0,0.0,0.0,0.0,0.0,0.0,0.0,0.0,8000.0,8.39,0.0,90437.88961571979,105427.43888465507,32.72931900308603,observed,observed
2026-06-26,Dhanmondi,33,16:30,72327.15845299872,0.0,0.0,0.0,0.0,0.0,0.0,0.0,0.0,8000.0,8.39,-2.9103830456733704e-11,107246.53517019175,110767.29951441156,32.440129180145576,observed,observed
2026-06-26,Dhanmondi,34,17:00,73385.80939601107,0.0,-0.0,0.0,0.0,0.0,0.0,0.0,0.0,8000.0,8.39,0.0,108816.30022140009,127156.50867219565,32.0982948348052,observed,observed
2026-06-26,Dhanmondi,35,17:30,71995.00322675714,0.0,0.0,0.0,0.0,0.0,0.0,0.0,0.0,8000.0,8.39,0.0,106754.01620615371,122882.60807948162,31.706579006230964,observed,observed
2026-06-26,Dhanmondi,36,18:00,72655.70584119321,0.0,0.0,0.0,0.0,0.0,0.0,0.0,0.0,8000.0,8.39,1.4551915228366852e-11,107733.70444072207,115272.75767537055,31.26814792447284,observed,observed
2026-06-26,Dhanmondi,37,18:30,81646.03195581568,0.0,0.0,0.0,0.0,0.0,0.0,0.0,0.0,8000.0,8.39,1.4551915228366852e-11,121064.53820311719,130744.70377068083,30.78630355237632,observed,observed
2026-06-26,Dhanmondi,38,19:00,74335.6540903234,0.0,0.0,0.0,0.0,0.0,0.0,0.0,0.0,8000.0,8.39,1.4551915228366852e-11,110224.72763087707,125357.32932950217,30.30449333968202,observed,observed
2026-06-26,Dhanmondi,39,19:30,70291.651257643,0.0,0.0,0.0,0.0,0.0,0.0,0.0,0.0,8000.0,8.39,0.0,104228.29003675737,119381.8837128462,29.870456784425397,observed,observed
2026-06-26,Dhanmondi,40,20:00,70544.94891442003,0.0,0.0,0.0,0.0,0.0,0.0,0.0,0.0,8000.0,8.39,1.4551915228366852e-11,104603.87918801258,113343.66645512181,29.479456912825416,observed,observed
2026-06-26,Dhanmondi,41,20:30,65873.27029911193,0.0,0.0,0.0,0.0,0.0,0.0,0.0,0.0,8000.0,8.39,0.0,97676.7254654444,105162.88924163258,29.127226443433695,observed,observed
2026-06-26,Dhanmondi,42,21:00,56803.77386681189,0.0,0.0,0.0,0.0,0.0,0.0,0.0,0.0,8000.0,8.39,0.0,84228.49814797445,100378.10093442626,28.80992121501961,observed,observed
2026-06-26,Dhanmondi,43,21:30,51376.384461339454,0.0,0.0,0.0,0.0,0.0,0.0,0.0,0.0,8000.0,8.39,0.0,76180.7782982505,91983.13716233664,28.524078232290755,observed,observed
2026-06-26,Dhanmondi,44,22:00,49194.883334873215,0.0,0.0,0.0,0.0,0.0,0.0,0.0,0.0,8000.0,8.39,0.0,72946.0537177817,82581.58610804917,28.266577871569616,observed,observed
2026-06-26,Dhanmondi,45,22:30,38542.18150059842,0.0,0.0,0.0,0.0,0.0,0.0,0.0,0.0,8000.0,8.39,0.0,57150.25326933003,67283.21633087778,28.034609833948025,observed,observed
2026-06-26,Dhanmondi,46,23:00,36998.659654061565,0.0,0.0,0.0,0.0,0.0,0.0,0.0,0.0,8000.0,8.39,0.0,54861.522818124075,61728.566097905226,27.82564247433999,observed,observed
2026-06-26,Dhanmondi,47,23:30,34884.666710398735,0.0,0.0,0.0,0.0,0.0,0.0,0.0,0.0,8000.0,8.39,0.0,51726.8992074177,61125.71955637488,27.637395171697424,observed,observed
2026-06-26,Kalyanpur,0,00:00,47521.41181805655,0.0,0.0,0.0,0.0,0.0,0.0,0.0,0.0,6000.0,8.39,7.275957614183426e-12,48617.71951025803,53293.9770445624,27.46781343884368,observed,observed
2026-06-26,Kalyanpur,1,00:30,44174.917647417016,0.0,0.0,0.0,0.0,0.0,0.0,0.0,0.0,6000.0,8.39,0.0,45194.022513338256,51644.55415850357,27.315046500279454,observed,observed
2026-06-26,Kalyanpur,2,01:00,48518.0803276499,0.0,0.0,0.0,0.0,0.0,0.0,0.0,0.0,6000.0,8.39,-7.275957614183426e-12,49637.38092582454,59324.39554476162,27.177427093250433,observed,observed
2026-06-26,Kalyanpur,3,01:30,47920.62335567879,0.0,0.0,0.0,0.0,0.0,0.0,0.0,0.0,6000.0,8.39,7.275957614183426e-12,49026.140763306736,57152.27933340272,27.053453271630275,observed,observed
2026-06-26,Kalyanpur,4,02:00,48229.86837721746,0.0,0.0,0.0,0.0,0.0,0.0,0.0,0.0,6000.0,8.39,0.0,49342.51999409803,58667.33236525622,26.94177201403071,observed,observed
2026-06-26,Kalyanpur,5,02:30,42071.44130214307,0.0,0.0,0.0,0.0,0.0,0.0,0.0,0.0,6000.0,8.39,-7.275957614183426e-12,43042.0194680051,49274.09473103911,26.841164457241547,observed,observed
2026-06-26,Kalyanpur,6,03:00,40369.78180364005,0.0,0.0,0.0,0.0,0.0,0.0,0.0,0.0,6000.0,8.39,0.0,41301.10308873306,47128.1575231249,26.75053259384171,observed,observed
2026-06-26,Kalyanpur,7,03:30,37433.52141952849,0.0,0.0,0.0,0.0,0.0,0.0,0.0,0.0,6000.0,8.39,-7.275957614183426e-12,38297.10387443413,41766.781437351434,26.668887288802257,observed,observed
2026-06-26,Kalyanpur,8,04:00,47137.01017019871,0.0,0.0,0.0,0.0,0.0,0.0,0.0,0.0,6000.0,8.39,0.0,48224.449807615645,50763.75850354787,26.595337484297207,observed,observed
2026-06-26,Kalyanpur,9,04:30,41127.50303074141,0.0,0.0,0.0,0.0,0.0,0.0,0.0,0.0,6000.0,8.39,-7.275957614183426e-12,42076.3047647107,48850.76793490553,26.529080474906202,observed,observed
2026-06-26,Kalyanpur,10,05:00,56783.98318532775,0.0,0.0,0.0,0.0,0.0,0.0,0.0,0.0,6000.0,8.39,0.0,58093.97620065019,63044.44516799561,26.46939314707464,observed,observed
2026-06-26,Kalyanpur,11,05:30,60461.33635590317,0.0,0.0,0.0,0.0,0.0,0.0,0.0,0.0,6000.0,8.39,0.0,61856.16503611029,68287.50560369532,26.569055482024634,observed,observed
2026-06-26,Kalyanpur,12,06:00,73007.9117394979,0.0,0.0,0.0,0.0,0.0,0.0,0.0,0.0,6000.0,8.39,1.4551915228366852e-11,74692.18693607711,78813.65778501672,27.228582882337562,observed,observed
2026-06-26,Kalyanpur,13,06:30,77413.17727200202,0.0,0.0,0.0,0.0,0.0,0.0,0.0,0.0,6000.0,8.39,0.0,79199.08089889739,85549.49615277948,27.87759056933704,observed,observed
2026-06-26,Kalyanpur,14,07:00,89059.37802991716,0.0,0.0,0.0,0.0,0.0,0.0,0.0,0.0,6000.0,8.39,0.0,91113.9567442596,96505.89435619494,28.510832628787977,observed,observed
2026-06-26,Kalyanpur,15,07:30,92431.70542101824,0.0,0.0,0.0,0.0,0.0,0.0,0.0,0.0,6000.0,8.39,1.4551915228366852e-11,94564.08292790587,101793.9896760126,29.123190579660832,observed,observed
2026-06-26,Kalyanpur,16,08:00,82643.8375204332,0.0,0.0,0.0,0.0,0.0,0.0,0.0,0.0,6000.0,8.39,0.0,84550.41123784687,93722.10688777766,29.709714746696275,observed,observed
2026-06-26,Kalyanpur,17,08:30,76686.15990065385,0.0,0.0,0.0,0.0,0.0,0.0,0.0,0.0,6000.0,8.39,0.0,78455.29140933805,86997.76399073582,30.26566426851669,observed,observed
2026-06-26,Kalyanpur,18,09:00,93724.99065819736,0.0,0.0,0.0,0.0,0.0,0.0,0.0,0.0,6000.0,8.39,1.4551915228366852e-11,95887.20394856627,99483.16756536698,30.786545417899834,observed,observed
2026-06-26,Kalyanpur,19,09:30,82994.69157698937,0.0,0.0,0.0,0.0,0.0,0.0,0.0,0.0,6000.0,8.39,1.4551915228366852e-11,84909.35941421831,87225.68725967506,31.268147924472835,observed,observed
2026-06-26,Kalyanpur,20,10:00,86439.21983518834,0.0,0.0,0.0,0.0,0.0,0.0,0.0,0.0,6000.0,8.39,-1.4551915228366852e-11,88433.3521218308,100810.662795332,31.706579006230964,observed,observed
2026-06-26,Kalyanpur,21,10:30,94733.30257378875,0.0,0.0,0.0,0.0,0.0,0.0,0.0,0.0,6000.0,8.39,0.0,96918.77738074378,100748.64283373224,32.0982948348052,observed,observed
2026-06-26,Kalyanpur,22,11:00,94409.8062142866,0.0,0.0,0.0,0.0,0.0,0.0,0.0,0.0,6000.0,8.39,0.0,96587.81803700453,106680.82796349708,32.440129180145576,observed,observed
2026-06-26,Kalyanpur,23,11:30,93623.36671180472,0.0,0.0,0.0,0.0,0.0,0.0,0.0,0.0,6000.0,8.39,0.0,95783.23556184908,109030.7526413185,32.72931900308603,observed,observed
2026-06-26,Kalyanpur,24,12:00,116079.79487028727,0.0,0.0,0.0,0.0,0.0,0.0,0.0,0.0,6000.0,8.39,-1.4551915228366852e-11,118757.72818827667,120465.72985994534,32.963526788926515,observed,observed
2026-06-26,Kalyanpur,25,12:30,110475.32929882735,0.0,0.0,0.0,0.0,0.0,0.0,0.0,0.0,6000.0,8.39,-1.4551915228366852e-11,113023.96892621272,127631.61588831045,33.140859441510656,observed,observed
2026-06-26,Kalyanpur,26,13:00,123286.94032449517,0.0,0.0,0.0,0.0,0.0,0.0,0.0,0.0,6000.0,8.39,0.0,126131.1407776134,128871.34389320422,33.25988358507854,observed,observed
2026-06-26,Kalyanpur,27,13:30,121530.92322294592,0.0,0.0,0.0,0.0,0.0,0.0,0.0,0.0,6000.0,8.39,-1.4551915228366852e-11,124334.61277829374,125859.06866067075,33.3196371502101,observed,observed
2026-06-26,Kalyanpur,28,14:00,98250.89616884234,0.0,0.0,0.0,0.0,0.0,0.0,0.0,0.0,6000.0,8.39,-1.4551915228366852e-11,100517.5210251911,107165.61802016744,33.3196371502101,observed,observed
2026-06-26,Kalyanpur,29,14:30,94561.98209933848,0.0,0.0,0.0,0.0,0.0,0.0,0.0,0.0,6000.0,8.39,-1.4551915228366852e-11,96743.50458360807,112808.48032558734,33.25988358507854,observed,observed
2026-06-26,Kalyanpur,30,15:00,97918.3494885035,0.0,0.0,0.0,0.0,0.0,0.0,0.0,0.0,6000.0,8.39,0.0,100177.30257186145,106040.56014354329,33.140859441510656,observed,observed
2026-06-26,Kalyanpur,31,15:30,90134.53210124868,0.0,0.0,0.0,0.0,0.0,0.0,0.0,0.0,6000.0,8.39,0.0,92213.91436484623,99559.98163917255,32.963526788926515,observed,observed
2026-06-26,Kalyanpur,32,16:00,86007.36014387765,0.0,0.0,0.0,0.0,0.0,0.0,0.0,0.0,6000.0,8.39,0.0,87991.52952993647,104796.86167149908,32.72931900308603,observed,observed
2026-06-26,Kalyanpur,33,16:30,97235.26464690281,0.0,0.0,0.0,0.0,0.0,0.0,0.0,0.0,6000.0,8.39,-1.4551915228366852e-11,99478.45912508425,108711.23290406771,32.440129180145576,observed,observed
2026-06-26,Kalyanpur,34,17:00,107535.07015420901,0.0,0.0,0.0,0.0,0.0,0.0,0.0,0.0,6000.0,8.39,0.0,110015.87870095114,128011.05730938191,32.0982948348052,observed,observed
2026-06-26,Kalyanpur,35,17:30,103547.18531923703,0.0,0.0,0.0,0.0,0.0,0.0,0.0,0.0,6000.0,8.39,0.0,105935.99430929656,119288.0220444438,31.706579006230964,observed,observed
2026-06-26,Kalyanpur,36,18:00,110226.75102091573,0.0,0.0,0.0,0.0,0.0,0.0,0.0,0.0,6000.0,8.39,0.0,112769.65600642574,121362.66513639223,31.26814792447284,observed,observed
2026-06-26,Kalyanpur,37,18:30,127364.82309540595,0.0,0.0,0.0,0.0,0.0,0.0,0.0,0.0,6000.0,8.39,0.0,130303.09933622924,138114.41795992616,30.78630355237632,observed,observed
2026-06-26,Kalyanpur,38,19:00,107157.3439881023,0.0,0.0,0.0,0.0,0.0,0.0,0.0,0.0,6000.0,8.39,-1.4551915228366852e-11,109629.43848183955,118234.07595309144,30.30449333968202,observed,observed
2026-06-26,Kalyanpur,39,19:30,112547.27136301751,0.0,0.0,0.0,0.0,0.0,0.0,0.0,0.0,6000.0,8.39,-1.4551915228366852e-11,115143.71020208168,124470.71576853287,29.870456784425397,observed,observed
2026-06-26,Kalyanpur,40,20:00,118048.94781905803,0.0,0.0,0.0,0.0,0.0,0.0,0.0,0.0,6000.0,8.39,0.0,120772.30902822886,128411.70891628538,29.479456912825416,observed,observed
2026-06-26,Kalyanpur,41,20:30,105165.98161652077,0.0,0.0,0.0,0.0,0.0,0.0,0.0,0.0,6000.0,8.39,-1.4551915228366852e-11,107592.13585296339,114524.66903960439,29.127226443433695,observed,observed
2026-06-26,Kalyanpur,42,21:00,84503.25818008994,0.0,0.0,0.0,0.0,0.0,0.0,0.0,0.0,6000.0,8.39,0.0,86452.72829081843,101303.11615603398,28.80992121501961,observed,observed
2026-06-26,Kalyanpur,43,21:30,80733.13343675381,0.0,0.0,0.0,0.0,0.0,0.0,0.0,0.0,6000.0,8.39,0.0,82595.62766443187,93709.05892782514,28.524078232290755,observed,observed
2026-06-26,Kalyanpur,44,22:00,72633.37485824905,0.0,-0.0,0.0,0.0,0.0,0.0,0.0,0.0,6000.0,8.39,0.0,74309.00957786817,90081.05174156983,28.266577871569616,observed,observed
2026-06-26,Kalyanpur,45,22:30,64089.51994714579,0.0,0.0,0.0,0.0,0.0,0.0,0.0,0.0,6000.0,8.39,0.0,65568.04996171196,80603.13383055408,28.034609833948025,observed,observed
2026-06-26,Kalyanpur,46,23:00,60235.47709950091,0.0,-0.0,0.0,0.0,0.0,0.0,0.0,0.0,6000.0,8.39,0.0,61625.0952602669,66749.520067436,27.82564247433999,observed,observed
2026-06-26,Kalyanpur,47,23:30,59703.182778827104,0.0,0.0,0.0,0.0,0.0,0.0,0.0,0.0,6000.0,8.39,0.0,61080.5210359466,68077.04010588008,27.637395171697424,observed,observed
2026-06-27,Dhanmondi,0,00:00,42997.74298549241,0.0,0.0,0.0,0.0,0.0,0.0,0.0,0.0,8000.0,8.39,7.275957614183426e-12,48991.050438535465,49734.08649479013,28.4107313714669,observed,observed
2026-06-27,Dhanmondi,1,00:30,38033.46720432235,0.0,0.0,0.0,0.0,0.0,0.0,0.0,0.0,8000.0,8.39,7.275957614183426e-12,43334.82133673911,49615.87087754507,28.247658427720488,observed,observed
2026-06-27,Dhanmondi,2,01:00,41282.516214235526,0.0,0.0,0.0,0.0,0.0,0.0,0.0,0.0,8000.0,8.39,0.0,47036.74410918873,56146.761802234876,28.10075113098502,observed,observed
2026-06-27,Dhanmondi,3,01:30,46294.092248961286,0.0,0.0,0.0,0.0,0.0,0.0,0.0,0.0,8000.0,8.39,0.0,52746.86648413865,54574.48034410951,27.968406958258953,observed,observed
2026-06-27,Dhanmondi,4,02:00,41376.94235038592,0.0,0.0,0.0,0.0,0.0,0.0,0.0,0.0,8000.0,8.39,0.0,47144.33197956653,53105.20407372046,27.849182246867755,observed,observed
2026-06-27,Dhanmondi,5,02:30,36603.23751444023,0.0,0.0,0.0,0.0,0.0,0.0,0.0,0.0,8000.0,8.39,-7.275957614183426e-12,41705.236851354675,47845.563885191536,27.741776446419433,observed,observed
2026-06-27,Dhanmondi,6,03:00,37959.71562136982,0.0,0.0,0.0,0.0,0.0,0.0,0.0,0.0,8000.0,8.39,0.0,43250.78977439486,50783.08931745135,27.645017931885537,observed,observed
2026-06-27,Dhanmondi,7,03:30,33588.59467902846,0.0,0.0,0.0,0.0,0.0,0.0,0.0,0.0,8000.0,8.39,0.0,38270.39332355232,42850.712296115234,27.55785122305112,observed,observed
2026-06-27,Dhanmondi,8,04:00,41504.48994230864,0.0,0.0,0.0,0.0,0.0,0.0,0.0,0.0,8000.0,8.39,0.0,47289.657991476175,56147.46783972018,27.479325470918347,observed,observed
2026-06-27,Dhanmondi,9,04:30,38012.83702753382,0.0,0.0,0.0,0.0,0.0,0.0,0.0,0.0,8000.0,8.39,0.0,43311.31559058999,45347.62675120552,27.408584085468874,observed,observed
2026-06-27,Dhanmondi,10,05:00,53248.371212521706,0.0,0.0,0.0,0.0,0.0,0.0,0.0,0.0,8000.0,8.39,0.0,60670.47846494387,67500.59231301138,27.344855391640518,observed,observed
2026-06-27,Dhanmondi,11,05:30,52270.669968547394,0.0,0.0,0.0,0.0,0.0,0.0,0.0,0.0,8000.0,8.39,-7.275957614183426e-12,59556.4988085344,62929.94783739425,27.4492925503375,observed,observed
2026-06-27,Dhanmondi,12,06:00,57252.011434643144,0.0,0.0,0.0,0.0,0.0,0.0,0.0,0.0,8000.0,8.39,7.275957614183426e-12,65232.172322360566,66188.17193277874,28.153506904673105,observed,observed
2026-06-27,Dhanmondi,13,06:30,59675.75747084109,0.0,0.0,0.0,0.0,0.0,0.0,0.0,0.0,8000.0,8.39,0.0,67993.75597919668,71093.57892194517,28.84650042732201,observed,observed
2026-06-27,Dhanmondi,14,07:00,62617.80688546664,0.0,0.0,0.0,0.0,0.0,0.0,0.0,0.0,8000.0,8.39,0.0,71345.88753906048,80160.31477239537,29.522670006673028,observed,observed
2026-06-27,Dhanmondi,15,07:30,73889.6178410308,0.0,0.0,0.0,0.0,0.0,0.0,0.0,0.0,8000.0,8.39,0.0,84188.83744096589,87659.72020618634,30.176548558983853,observed,observed
2026-06-27,Dhanmondi,16,08:00,65333.24277476552,0.0,0.0,0.0,0.0,0.0,0.0,0.0,0.0,8000.0,8.39,0.0,74439.8186940083,81167.27359475382,30.80284923179625,observed,observed
2026-06-27,Dhanmondi,17,08:30,69604.57047430838,0.0,0.0,0.0,0.0,0.0,0.0,0.0,0.0,8000.0,8.39,1.4551915228366852e-11,79306.51206529567,87834.07454731407,31.396508150113934,observed,observed
2026-06-27,Dhanmondi,18,09:00,87635.46810148636,0.0,0.0,0.0,0.0,0.0,0.0,0.0,0.0,8000.0,8.39,-1.4551915228366852e-11,99850.6744740806,104452.82738967823,31.95272535972435,observed,observed
2026-06-27,Dhanmondi,19,09:30,84508.05691114177,0.0,0.0,0.0,0.0,0.0,0.0,0.0,0.0,8000.0,8.39,0.0,96287.34419835178,109243.12764120559,32.46700363662228,observed,observed
2026-06-27,Dhanmondi,20,10:00,90616.51206818501,0.0,0.0,0.0,0.0,0.0,0.0,0.0,0.0,8000.0,8.39,0.0,103247.23590246304,105741.46568376212,32.93518484874663,observed,observed
2026-06-27,Dhanmondi,21,10:30,88680.3868433444,0.0,0.0,0.0,0.0,0.0,0.0,0.0,0.0,8000.0,8.39,1.4551915228366852e-11,101041.24084412957,105032.16690278292,33.35348357603203,observed,observed
2026-06-27,Dhanmondi,22,11:00,92422.71443619776,0.0,0.0,0.0,0.0,0.0,0.0,0.0,0.0,8000.0,8.39,1.4551915228366852e-11,105305.19860397904,108986.7326408535,33.71851771694479,observed,observed
2026-06-27,Dhanmondi,23,11:30,88863.66838042655,0.0,0.0,0.0,0.0,0.0,0.0,0.0,0.0,8000.0,8.39,-1.4551915228366852e-11,101250.06936405155,115421.26492419853,34.02733583403767,observed,observed
2026-06-27,Dhanmondi,24,12:00,114412.41565067018,0.0,0.0,0.0,0.0,0.0,0.0,0.0,0.0,8000.0,8.39,0.0,130359.96861109372,131273.7202657558,34.27744101742469,observed,observed
2026-06-27,Dhanmondi,25,12:30,120824.85312177114,0.0,0.0,0.0,0.0,0.0,0.0,0.0,0.0,8000.0,8.39,1.4551915228366852e-11,137666.21367811176,138435.46695672898,34.46681107323066,observed,observed
2026-06-27,Dhanmondi,26,13:00,106028.28629998883,0.0,0.0,0.0,0.0,0.0,0.0,0.0,0.0,8000.0,8.39,-1.4551915228366852e-11,120807.20431737207,125385.08510538616,34.59391487378436,observed,observed
2026-06-27,Dhanmondi,27,13:30,104595.30064354892,0.0,0.0,0.0,0.0,0.0,0.0,0.0,0.0,8000.0,8.39,0.0,119174.47972073378,122046.64187417722,34.65772473735798,observed,observed
2026-06-27,Dhanmondi,28,14:00,106380.73643423959,0.0,0.0,0.0,0.0,0.0,0.0,0.0,0.0,8000.0,8.39,-1.4551915228366852e-11,121208.78126316603,122284.20084166476,34.65772473735798,observed,observed
2026-06-27,Dhanmondi,29,14:30,91711.7789780965,0.0,0.0,0.0,0.0,0.0,0.0,0.0,0.0,8000.0,8.39,-1.4551915228366852e-11,104495.1682984783,116667.97226574084,34.59391487378436,observed,observed
2026-06-27,Dhanmondi,30,15:00,89694.67231254916,0.0,0.0,0.0,0.0,0.0,0.0,0.0,0.0,8000.0,8.39,2.9103830456733704e-11,102196.90407504958,120793.50719370712,34.46681107323066,observed,observed
2026-06-27,Dhanmondi,31,15:30,89231.98412267338,0.0,0.0,0.0,0.0,0.0,0.0,0.0,0.0,8000.0,8.39,-1.4551915228366852e-11,101669.72337035155,114972.04115318952,34.27744101742469,observed,observed
2026-06-27,Dhanmondi,32,16:00,91931.84265771952,0.0,0.0,0.0,0.0,0.0,0.0,0.0,0.0,8000.0,8.39,1.4551915228366852e-11,104745.90589723404,107783.26697835211,34.02733583403767,observed,observed
2026-06-27,Dhanmondi,33,16:30,84227.19429867857,0.0,0.0,0.0,0.0,0.0,0.0,0.0,0.0,8000.0,8.39,1.4551915228366852e-11,95967.33311269715,114110.82345439523,33.71851771694479,observed,observed
2026-06-27,Dhanmondi,34,17:00,98186.70847460745,0.0,0.0,0.0,0.0,0.0,0.0,0.0,0.0,8000.0,8.39,0.0,111872.61593931267,131341.65752207264,33.35348357603203,observed,observed
2026-06-27,Dhanmondi,35,17:30,97892.4692259507,0.0,0.0,0.0,0.0,0.0,0.0,0.0,0.0,8000.0,8.39,0.0,111537.36369417042,126606.30204400643,32.93518484874663,observed,observed
2026-06-27,Dhanmondi,36,18:00,96791.88261087915,0.0,0.0,0.0,0.0,0.0,0.0,0.0,0.0,8000.0,8.39,0.0,110283.3700975963,118928.86672508475,32.46700363662228,observed,observed
2026-06-27,Dhanmondi,37,18:30,109977.21727029028,0.0,0.0,0.0,0.0,0.0,0.0,0.0,0.0,8000.0,8.39,0.0,125306.56318859485,134445.9412128887,31.95245587151737,observed,observed
2026-06-27,Dhanmondi,38,19:00,105334.38729956147,0.0,0.0,0.0,0.0,0.0,0.0,0.0,0.0,8000.0,8.39,1.4551915228366852e-11,120016.5851227632,129355.84561190076,31.43828686755113,observed,observed
2026-06-27,Dhanmondi,39,19:30,99758.55647013929,0.0,0.0,0.0,0.0,0.0,0.0,0.0,0.0,8000.0,8.39,0.0,113663.55841870744,122851.61886643067,30.97508814983306,observed,observed
2026-06-27,Dhanmondi,40,20:00,89436.31960637461,0.0,0.0,0.0,0.0,0.0,0.0,0.0,0.0,8000.0,8.39,0.0,101902.54047407175,116691.9252168431,30.55780696321809,observed,observed
2026-06-27,Dhanmondi,41,20:30,83209.41770210695,0.0,0.0,0.0,0.0,0.0,0.0,0.0,0.0,8000.0,8.39,-1.4551915228366852e-11,94807.69213817849,108496.20646450373,30.18189143918424,observed,observed
2026-06-27,Dhanmondi,42,21:00,79796.06613204119,0.0,0.0,0.0,0.0,0.0,0.0,0.0,0.0,8000.0,8.39,0.0,90918.56523703002,103661.11433802637,29.84324094224718,observed,observed
2026-06-27,Dhanmondi,43,21:30,69380.71876619078,0.0,0.0,0.0,0.0,0.0,0.0,0.0,0.0,8000.0,8.39,0.0,79051.45843778696,95112.25996184941,29.5381613386036,observed,observed
2026-06-27,Dhanmondi,44,22:00,61016.96447771535,0.0,0.0,0.0,0.0,0.0,0.0,0.0,0.0,8000.0,8.39,0.0,69521.90921608769,85297.93582340388,29.263324699055946,observed,observed
2026-06-27,Dhanmondi,45,22:30,51298.94307098455,0.0,0.0,0.0,0.0,0.0,0.0,0.0,0.0,8000.0,8.39,7.275957614183426e-12,58449.326242126735,69224.83222083728,29.015732996642125,observed,observed
2026-06-27,Dhanmondi,46,23:00,48192.4169535133,0.0,0.0,0.0,0.0,0.0,0.0,0.0,0.0,8000.0,8.39,0.0,54909.79213772012,63692.725998272464,28.792685402969507,observed,observed
2026-06-27,Dhanmondi,47,23:30,45299.4652361828,0.0,-0.0,0.0,0.0,0.0,0.0,0.0,0.0,8000.0,8.39,0.0,51613.601834247565,63078.0873618022,28.591748826508656,observed,observed
2026-06-27,Kalyanpur,0,00:00,45487.64245259443,0.0,0.0,0.0,0.0,0.0,0.0,0.0,0.0,6000.0,8.39,-7.275957614183426e-12,47619.018697800464,54773.75781061373,28.4107313714669,observed,observed
2026-06-27,Kalyanpur,1,00:30,43969.27930273833,0.0,0.0,0.0,0.0,0.0,0.0,0.0,0.0,6000.0,8.39,0.0,46029.51088150946,52952.38530273096,28.247658427720488,observed,observed
2026-06-27,Kalyanpur,2,01:00,50412.67990097741,0.0,0.0,0.0,0.0,0.0,0.0,0.0,0.0,6000.0,8.39,-7.275957614183426e-12,52774.824488050646,61130.46730179338,28.10075113098502,observed,observed
2026-06-27,Kalyanpur,3,01:30,52815.22779985597,0.0,0.0,0.0,0.0,0.0,0.0,0.0,0.0,6000.0,8.39,-7.275957614183426e-12,55289.94655528658,58807.32771165419,27.968406958258953,observed,observed
2026-06-27,Kalyanpur,4,02:00,49831.28826538693,0.0,0.0,0.0,0.0,0.0,0.0,0.0,0.0,6000.0,8.39,0.0,52166.19107305703,60404.57940796788,27.849182246867755,observed,observed
2026-06-27,Kalyanpur,5,02:30,43528.83706577136,0.0,0.0,0.0,0.0,0.0,0.0,0.0,0.0,6000.0,8.39,0.0,45568.43121268974,50614.977202382644,27.741776446419433,observed,observed
2026-06-27,Kalyanpur,6,03:00,39892.04555719133,0.0,0.0,0.0,0.0,0.0,0.0,0.0,0.0,6000.0,8.39,-7.275957614183426e-12,41761.2336199027,48291.22981928713,27.645017931885537,observed,observed
2026-06-27,Kalyanpur,7,03:30,38410.14576617984,0.0,0.0,0.0,0.0,0.0,0.0,0.0,0.0,6000.0,8.39,-7.275957614183426e-12,40209.89769542642,42547.575029789776,27.55785122305112,observed,observed
2026-06-27,Kalyanpur,8,04:00,41477.5260492925,0.0,0.0,0.0,0.0,0.0,0.0,0.0,0.0,6000.0,8.39,-7.275957614183426e-12,43421.00363935457,52147.043854999276,27.479325470918347,observed,observed
2026-06-27,Kalyanpur,9,04:30,40745.62267575803,0.0,0.0,0.0,0.0,0.0,0.0,0.0,0.0,6000.0,8.39,-7.275957614183426e-12,42654.80608436717,50062.07888305091,27.408584085468874,observed,observed
2026-06-27,Kalyanpur,10,05:00,55482.11884754948,0.0,0.0,0.0,0.0,0.0,0.0,0.0,0.0,6000.0,8.39,0.0,58081.79787616925,64080.812062375815,27.344855391640518,observed,observed
2026-06-27,Kalyanpur,11,05:30,59042.01744743123,0.0,-0.0,0.0,0.0,0.0,0.0,0.0,0.0,6000.0,8.39,0.0,61808.49965383801,69538.83049803422,27.4492925503375,observed,observed
2026-06-27,Kalyanpur,12,06:00,70020.94052043822,0.0,0.0,0.0,0.0,0.0,0.0,0.0,0.0,6000.0,8.39,0.0,73301.852901153,80022.23773356227,28.153506904673105,observed,observed
2026-06-27,Kalyanpur,13,06:30,77136.45402800087,0.0,0.0,0.0,0.0,0.0,0.0,0.0,0.0,6000.0,8.39,0.0,80750.77204692308,86737.16912071146,28.84650042732201,observed,observed
2026-06-27,Kalyanpur,14,07:00,91561.18806850292,0.0,0.0,0.0,0.0,0.0,0.0,0.0,0.0,6000.0,8.39,-1.4551915228366852e-11,95851.39373118215,97510.86524599581,29.522670006673028,observed,observed
2026-06-27,Kalyanpur,15,07:30,90877.47703265742,0.0,0.0,0.0,0.0,0.0,0.0,0.0,0.0,6000.0,8.39,0.0,95135.64662176112,103538.78604240771,30.176548558983853,observed,observed
2026-06-27,Kalyanpur,16,08:00,81617.24599217766,0.0,0.0,0.0,0.0,0.0,0.0,0.0,0.0,6000.0,8.39,1.4551915228366852e-11,85441.51671555378,95635.9931017535,30.80284923179625,observed,observed
2026-06-27,Kalyanpur,17,08:30,76367.94858169879,0.0,0.0,0.0,0.0,0.0,0.0,0.0,0.0,6000.0,8.39,1.4551915228366852e-11,79946.25738659623,88894.80643599288,31.396508150113934,observed,observed
2026-06-27,Kalyanpur,18,09:00,94525.32901456988,0.0,0.0,0.0,0.0,0.0,0.0,0.0,0.0,6000.0,8.39,0.0,98954.42293918683,102048.3321848031,31.95272535972435,observed,observed
2026-06-27,Kalyanpur,19,09:30,83817.2082595955,0.0,0.0,0.0,0.0,0.0,0.0,0.0,0.0,6000.0,8.39,0.0,87744.56076660147,89541.50919521126,32.46700363662228,observed,observed
2026-06-27,Kalyanpur,20,10:00,91611.46470402584,0.0,0.0,0.0,0.0,0.0,0.0,0.0,0.0,6000.0,8.39,0.0,95904.02613677496,104042.84837690866,32.93518484874663,observed,observed
2026-06-27,Kalyanpur,21,10:30,94368.44778486746,0.0,0.0,0.0,0.0,0.0,0.0,0.0,0.0,6000.0,8.39,2.9103830456733704e-11,98790.19085751055,103915.83512673742,33.35348357603203,observed,observed
2026-06-27,Kalyanpur,22,11:00,100180.0396331021,0.0,0.0,0.0,0.0,0.0,0.0,0.0,0.0,6000.0,8.39,0.0,104874.09158227297,109237.848128452,33.71851771694479,observed,observed
2026-06-27,Kalyanpur,23,11:30,93300.84834105687,0.0,0.0,0.0,0.0,0.0,0.0,0.0,0.0,6000.0,8.39,1.4551915228366852e-11,97672.56780352275,110948.07539530112,34.02733583403767,observed,observed
2026-06-27,Kalyanpur,24,12:00,114557.70058584673,0.0,0.0,0.0,0.0,0.0,0.0,0.0,0.0,6000.0,8.39,1.4551915228366852e-11,119925.43451465065,122179.06793871071,34.27744101742469,observed,observed
2026-06-27,Kalyanpur,25,12:30,121912.1309342631,0.0,0.0,0.0,0.0,0.0,0.0,0.0,0.0,6000.0,8.39,1.4551915228366852e-11,127624.46522695648,129038.01751073595,34.46681107323066,observed,observed
2026-06-27,Kalyanpur,26,13:00,109254.89169610827,0.0,0.0,0.0,0.0,0.0,0.0,0.0,0.0,6000.0,8.39,0.0,114374.15636400832,130009.20378412632,34.59391487378436,observed,observed
2026-06-27,Kalyanpur,27,13:30,109520.8459847612,0.0,0.0,0.0,0.0,0.0,0.0,0.0,0.0,6000.0,8.39,1.4551915228366852e-11,114652.5722493188,126847.5332292623,34.65772473735798,observed,observed
2026-06-27,Kalyanpur,28,14:00,101047.21388756137,0.0,0.0,0.0,0.0,0.0,0.0,0.0,0.0,6000.0,8.39,0.0,105781.89829220272,108155.46884936605,34.65772473735798,observed,observed
2026-06-27,Kalyanpur,29,14:30,106024.59320877155,0.0,0.0,0.0,0.0,0.0,0.0,0.0,0.0,6000.0,8.39,2.9103830456733704e-11,110992.49849443918,113923.97692362567,34.59391487378436,observed,observed
2026-06-27,Kalyanpur,30,15:00,86840.56609564283,0.0,0.0,0.0,0.0,0.0,0.0,0.0,0.0,6000.0,8.39,0.0,90909.58154064829,107404.8034613128,34.46681107323066,observed,observed
2026-06-27,Kalyanpur,31,15:30,88349.84873208601,0.0,0.0,0.0,0.0,0.0,0.0,0.0,0.0,6000.0,8.39,0.0,92489.58336553856,101193.00664044687,34.27744101742469,observed,observed
2026-06-27,Kalyanpur,32,16:00,87442.85411421306,0.0,0.0,0.0,0.0,0.0,0.0,0.0,0.0,6000.0,8.39,1.4551915228366852e-11,91540.09046288252,107047.07237103238,34.02733583403767,observed,observed
2026-06-27,Kalyanpur,33,16:30,88858.13302726725,0.0,0.0,0.0,0.0,0.0,0.0,0.0,0.0,6000.0,8.39,-1.4551915228366852e-11,93021.68391089559,111831.50961169458,33.71851771694479,observed,observed
2026-06-27,Kalyanpur,34,17:00,108613.39304573099,0.0,0.0,0.0,0.0,0.0,0.0,0.0,0.0,6000.0,8.39,1.4551915228366852e-11,113702.59955033606,131381.38961351858,33.35348357603203,observed,observed
2026-06-27,Kalyanpur,35,17:30,107106.18812387943,0.0,0.0,0.0,0.0,0.0,0.0,0.0,0.0,6000.0,8.39,0.0,112124.77279376436,122187.90040528355,32.93518484874663,observed,observed
2026-06-27,Kalyanpur,36,18:00,110869.71654065928,0.0,0.0,0.0,0.0,0.0,0.0,0.0,0.0,6000.0,8.39,0.0,116064.64569957869,124390.3184613867,32.46700363662228,observed,observed
2026-06-27,Kalyanpur,37,18:30,126640.6481320417,0.0,0.0,0.0,0.0,0.0,0.0,0.0,0.0,6000.0,8.39,0.0,132574.5425823294,141325.58157751698,31.95245587151737,observed,observed
2026-06-27,Kalyanpur,38,19:00,106952.5015095254,0.0,0.0,0.0,0.0,0.0,0.0,0.0,0.0,6000.0,8.39,0.0,111963.8850148439,121415.4110843032,31.43828686755113,observed,observed
2026-06-27,Kalyanpur,39,19:30,114027.35723337586,0.0,0.0,0.0,0.0,0.0,0.0,0.0,0.0,6000.0,8.39,0.0,119370.24130928976,127681.04532572215,30.97508814983306,observed,observed
2026-06-27,Kalyanpur,40,20:00,116315.20508700726,0.0,0.0,0.0,0.0,0.0,0.0,0.0,0.0,6000.0,8.39,-1.4551915228366852e-11,121765.28892762568,131751.12323126986,30.55780696321809,observed,observed
2026-06-27,Kalyanpur,41,20:30,104668.88071122525,0.0,0.0,0.0,0.0,0.0,0.0,0.0,0.0,6000.0,8.39,0.0,109573.26251541967,117559.95430726281,30.18189143918424,observed,observed
2026-06-27,Kalyanpur,42,21:00,83580.76732961589,0.0,-0.0,0.0,0.0,0.0,0.0,0.0,0.0,6000.0,8.39,1.4551915228366852e-11,87497.04112261557,103778.48246989086,29.84324094224718,observed,observed
2026-06-27,Kalyanpur,43,21:30,74040.15437914697,0.0,0.0,0.0,0.0,0.0,0.0,0.0,0.0,6000.0,8.39,0.0,77509.3916868303,96591.46223609961,29.5381613386036,observed,observed
2026-06-27,Kalyanpur,44,22:00,81524.867372223,0.0,0.0,0.0,0.0,0.0,0.0,0.0,0.0,6000.0,8.39,1.4551915228366852e-11,85344.80958821748,92732.85527523693,29.263324699055946,observed,observed
2026-06-27,Kalyanpur,45,22:30,71737.07914640626,0.0,0.0,0.0,0.0,0.0,0.0,0.0,0.0,6000.0,8.39,1.4551915228366852e-11,75098.40319287572,82900.31366095376,29.015732996642125,observed,observed
2026-06-27,Kalyanpur,46,23:00,55161.737133891984,0.0,0.0,0.0,0.0,0.0,0.0,0.0,0.0,6000.0,8.39,0.0,57746.404305728815,68675.68634807573,28.792685402969507,observed,observed
2026-06-27,Kalyanpur,47,23:30,61237.51281394023,0.0,0.0,0.0,0.0,0.0,0.0,0.0,0.0,6000.0,8.39,0.0,64106.86750215372,70114.68628682519,28.591748826508656,observed,observed
2026-06-28,Dhanmondi,0,00:00,44304.85219581602,0.0,0.0,0.0,0.0,0.0,0.0,0.0,0.0,8000.0,8.39,0.0,44655.029021618604,49468.1995593187,28.23183933124436,observed,observed
2026-06-28,Dhanmondi,1,00:30,44444.55543145218,0.0,0.0,0.0,0.0,0.0,0.0,0.0,0.0,8000.0,8.39,0.0,44795.83644411435,49366.02156229826,28.083233306484576,observed,observed
2026-06-28,Dhanmondi,2,01:00,47026.15442574729,0.0,0.0,0.0,0.0,0.0,0.0,0.0,0.0,8000.0,8.39,0.0,47397.839888407914,55854.0953835352,27.949354718637583,observed,observed
2026-06-28,Dhanmondi,3,01:30,45383.53791561328,0.0,0.0,0.0,0.0,0.0,0.0,0.0,0.0,8000.0,8.39,0.0,45742.240460895286,54322.998219572255,27.82874402123902,observed,observed
2026-06-28,Dhanmondi,4,02:00,44495.13148688305,0.0,0.0,0.0,0.0,0.0,0.0,0.0,0.0,8000.0,8.39,0.0,44846.8122427263,52882.3857810449,27.720086314574285,observed,observed
2026-06-28,Dhanmondi,5,02:30,40357.77033251498,0.0,0.0,0.0,0.0,0.0,0.0,0.0,0.0,8000.0,8.39,0.0,40676.75020065787,47669.4928046354,27.62219701062121,observed,observed
2026-06-28,Dhanmondi,6,03:00,48493.73530983849,0.0,0.0,0.0,0.0,0.0,0.0,0.0,0.0,8000.0,8.39,0.0,48877.02024276318,50603.80984984221,27.53400891865289,observed,observed
2026-06-28,Dhanmondi,7,03:30,38376.523666332134,0.0,0.0,0.0,0.0,0.0,0.0,0.0,0.0,8000.0,8.39,0.0,38679.84415103708,42736.24615538009,27.454560610707603,observed,observed
2026-06-28,Dhanmondi,8,04:00,49925.13864246123,0.0,0.0,0.0,0.0,0.0,0.0,0.0,0.0,8000.0,8.39,0.0,50319.737105408436,55959.751419206776,27.382985940086126,observed,observed
2026-06-28,Dhanmondi,9,04:30,39107.835973479305,0.0,0.0,0.0,0.0,0.0,0.0,0.0,0.0,8000.0,8.39,0.0,39416.93660662609,45231.82896752435,27.318504598606825,observed,observed
2026-06-28,Dhanmondi,10,05:00,65110.61570314898,0.0,0.0,0.0,0.0,0.0,0.0,0.0,0.0,8000.0,8.39,0.0,65625.23718596558,67336.25960977162,27.26041360967362,observed,observed
2026-06-28,Dhanmondi,11,05:30,60861.80620891002,0.0,0.0,0.0,0.0,0.0,0.0,0.0,0.0,8000.0,8.39,0.0,61342.84593829799,62791.94688182163,27.35347318385414,observed,observed
2026-06-28,Dhanmondi,12,06:00,59568.48513798238,0.0,0.0,0.0,0.0,0.0,0.0,0.0,0.0,8000.0,8.39,0.0,60039.30271234864,66021.0053744947,27.99542349884437,observed,observed
2026-06-28,Dhanmondi,13,06:30,69138.31902500844,0.0,0.0,0.0,0.0,0.0,0.0,0.0,0.0,8000.0,8.39,0.0,69684.7746816146,70861.07866781135,28.627157727769912,observed,observed
2026-06-28,Dhanmondi,14,07:00,75170.13271773943,0.0,0.0,0.0,0.0,0.0,0.0,0.0,0.0,8000.0,8.39,0.0,75764.26264179188,79719.63987569325,29.243566262211644,observed,observed
2026-06-28,Dhanmondi,15,07:30,85000.85355567843,0.0,0.0,0.0,0.0,0.0,0.0,0.0,0.0,8000.0,8.39,-1.4551915228366852e-11,85672.68356104859,87126.37641161424,29.839663451411727,observed,observed
2026-06-28,Dhanmondi,16,08:00,77829.05789776091,0.0,0.0,0.0,0.0,0.0,0.0,0.0,0.0,8000.0,8.39,1.4551915228366852e-11,78444.20344275428,80509.03475475714,30.410627927337387,observed,observed
2026-06-28,Dhanmondi,17,08:30,77975.99849358613,0.0,0.0,0.0,0.0,0.0,0.0,0.0,0.0,8000.0,8.39,0.0,78592.30542810861,86977.15320078545,30.951841600989134,observed,observed
2026-06-28,Dhanmondi,18,09:00,99926.23574313326,0.0,0.0,0.0,0.0,0.0,0.0,0.0,0.0,8000.0,8.39,-1.4551915228366852e-11,100716.03302972118,103075.04341405409,31.458927014542436,observed,observed
2026-06-28,Dhanmondi,19,09:30,92366.20401606418,0.0,-0.0,0.0,0.0,0.0,0.0,0.0,0.0,8000.0,8.39,0.0,93096.24830084872,107532.92015017998,31.92778274721041,observed,observed
2026-06-28,Dhanmondi,20,10:00,93113.25051218396,0.0,0.0,0.0,0.0,0.0,0.0,0.0,0.0,8000.0,8.39,2.9103830456733704e-11,93849.19930534114,103979.76881399631,32.35461658845689,observed,observed
2026-06-28,Dhanmondi,21,10:30,100169.22663914546,0.0,0.0,0.0,0.0,0.0,0.0,0.0,0.0,8000.0,8.39,1.4551915228366852e-11,100960.94447791773,103236.80419885738,32.735976210247486,observed,observed
2026-06-28,Dhanmondi,22,11:00,98173.24707507738,0.0,0.0,0.0,0.0,0.0,0.0,0.0,0.0,8000.0,8.39,-1.4551915228366852e-11,98949.18908448856,108028.9825294238,33.06877709025464,observed,observed
2026-06-28,Dhanmondi,23,11:30,98592.8143647187,0.0,0.0,0.0,0.0,0.0,0.0,0.0,0.0,8000.0,8.39,0.0,99372.07255135229,115095.25955150335,33.35032746016738,observed,observed
2026-06-28,Dhanmondi,24,12:00,125049.13497588906,0.0,0.0,0.0,0.0,0.0,0.0,0.0,0.0,8000.0,8.39,1.4551915228366852e-11,126037.49870999384,130933.94655815371,33.578350077318404,observed,observed
2026-06-28,Dhanmondi,25,12:30,135879.44662931867,0.0,0.0,0.0,0.0,0.0,0.0,0.0,0.0,8000.0,8.39,0.0,136953.4110136748,138082.82101750217,33.75100064353451,observed,observed
2026-06-28,Dhanmondi,26,13:00,123291.80553751945,0.0,0.0,0.0,0.0,0.0,0.0,0.0,0.0,8000.0,8.39,0.0,124266.27968585392,125049.2869603296,33.86688272223476,observed,observed
2026-06-28,Dhanmondi,27,13:30,115214.56626189673,0.0,0.0,0.0,0.0,0.0,0.0,0.0,0.0,8000.0,8.39,-1.4551915228366852e-11,116125.19950182944,121717.02620794374,33.92505903312339,observed,observed
2026-06-28,Dhanmondi,28,14:00,119827.73440892829,0.0,0.0,0.0,0.0,0.0,0.0,0.0,0.0,8000.0,8.39,0.0,120774.82922131987,121923.65278781803,33.92505903312339,observed,observed
2026-06-28,Dhanmondi,29,14:30,108736.66125538445,0.0,0.0,0.0,0.0,0.0,0.0,0.0,0.0,8000.0,8.39,2.9103830456733704e-11,109596.09440998547,116336.28435314137,33.86688272223476,observed,observed
2026-06-28,Dhanmondi,30,15:00,102754.78303503337,0.0,0.0,0.0,0.0,0.0,0.0,0.0,0.0,8000.0,8.39,-2.9103830456733704e-11,103566.93660232688,120473.88615901442,33.75100064353451,observed,observed
2026-06-28,Dhanmondi,31,15:30,100204.24776344931,0.0,0.0,0.0,0.0,0.0,0.0,0.0,0.0,8000.0,8.39,0.0,100996.24240229062,114654.95101809515,33.578350077318404,observed,observed
2026-06-28,Dhanmondi,32,16:00,88993.02951924798,0.0,0.0,0.0,0.0,0.0,0.0,0.0,0.0,8000.0,8.39,0.0,89696.41289716492,107388.64849971473,33.35032746016739,observed,observed
2026-06-28,Dhanmondi,33,16:30,99314.50529627416,0.0,0.0,0.0,0.0,0.0,0.0,0.0,0.0,8000.0,8.39,0.0,100099.46758589192,112908.93266455678,33.06877709025464,observed,observed
2026-06-28,Dhanmondi,34,17:00,106968.81702667083,0.0,-0.0,0.0,0.0,0.0,0.0,0.0,0.0,8000.0,8.39,0.0,107814.27748866954,129282.7159805975,32.7359762102475,observed,observed
2026-06-28,Dhanmondi,35,17:30,104786.5670612425,0.0,0.0,0.0,0.0,0.0,0.0,0.0,0.0,8000.0,8.39,0.0,105614.7794493141,124846.6990435773,32.35461658845689,observed,observed
2026-06-28,Dhanmondi,36,18:00,98536.05306139316,0.0,0.0,0.0,0.0,0.0,0.0,0.0,0.0,8000.0,8.39,1.4551915228366852e-11,99314.86261786465,117284.42331659573,31.92778274721042,observed,observed
2026-06-28,Dhanmondi,37,18:30,113544.58911589575,0.0,0.0,0.0,0.0,0.0,0.0,0.0,0.0,8000.0,8.39,0.0,114442.02318537267,132878.7216753556,31.45867055597513,observed,observed
2026-06-28,Dhanmondi,38,19:00,107492.97834761246,0.0,0.0,0.0,0.0,0.0,0.0,0.0,0.0,8000.0,8.39,2.9103830456733704e-11,108342.58167745692,127775.8481635798,30.99027296578419,observed,observed
2026-06-28,Dhanmondi,39,19:30,111984.28132794071,0.0,0.0,0.0,0.0,0.0,0.0,0.0,0.0,8000.0,8.39,1.4551915228366852e-11,112869.38303196817,121573.8504334195,30.568295404463473,observed,observed
2026-06-28,Dhanmondi,40,20:00,105023.15074589182,0.0,0.0,0.0,0.0,0.0,0.0,0.0,0.0,8000.0,8.39,0.0,105853.23304481122,115544.10764825394,30.188137466021495,observed,observed
2026-06-28,Dhanmondi,41,20:30,97963.70755180981,0.0,0.0,0.0,0.0,0.0,0.0,0.0,0.0,8000.0,8.39,0.0,98737.99340209847,107433.51466881885,29.84565466265126,observed,observed
2026-06-28,Dhanmondi,42,21:00,84514.25132175825,0.0,0.0,0.0,0.0,0.0,0.0,0.0,0.0,8000.0,8.39,-1.4551915228366852e-11,85182.23531890906,102688.50022990625,29.537113241459185,observed,observed
2026-06-28,Dhanmondi,43,21:30,74671.89621002694,0.0,0.0,0.0,0.0,0.0,0.0,0.0,0.0,8000.0,8.39,0.0,75262.08817085136,94251.3222678051,29.259149479032516,observed,observed
2026-06-28,Dhanmondi,44,22:00,75220.38293522205,0.0,0.0,0.0,0.0,0.0,0.0,0.0,0.0,8000.0,8.39,0.0,75814.91002709659,84604.11865456252,29.008733010073904,observed,observed
2026-06-28,Dhanmondi,45,22:30,59409.71975692396,0.0,0.0,0.0,0.0,0.0,0.0,0.0,0.0,8000.0,8.39,0.0,59879.28248098754,68764.52475672287,28.78313379031143,observed,observed
2026-06-28,Dhanmondi,46,23:00,60092.47052156565,0.0,0.0,0.0,0.0,0.0,0.0,0.0,0.0,8000.0,8.39,0.0,60567.42957320345,63260.52221317823,28.579892333513122,observed,observed
2026-06-28,Dhanmondi,47,23:30,58956.43657450942,0.0,0.0,0.0,0.0,0.0,0.0,0.0,0.0,8000.0,8.39,0.0,59422.416637574504,62679.256513168795,28.396792898129476,observed,observed
2026-06-28,Kalyanpur,0,00:00,47943.20333312216,0.0,0.0,0.0,0.0,0.0,0.0,0.0,0.0,6000.0,8.39,0.0,47591.57720462561,54493.01121415805,28.23183933124436,observed,observed
2026-06-28,Kalyanpur,1,00:30,45635.31555413837,0.0,0.0,0.0,0.0,0.0,0.0,0.0,0.0,6000.0,8.39,-7.275957614183426e-12,45300.61598849763,52721.806765058005,28.083233306484576,observed,observed
2026-06-28,Kalyanpur,2,01:00,50794.745901336595,0.0,0.0,0.0,0.0,0.0,0.0,0.0,0.0,6000.0,8.39,-7.275957614183426e-12,50422.20592470731,60834.32773076316,27.949354718637583,observed,observed
2026-06-28,Kalyanpur,3,01:30,53743.22521576754,0.0,0.0,0.0,0.0,0.0,0.0,0.0,0.0,6000.0,8.39,-7.275957614183426e-12,53349.0604353244,58554.69315670926,27.82874402123902,observed,observed
2026-06-28,Kalyanpur,4,02:00,58322.38183360496,0.0,0.0,0.0,0.0,0.0,0.0,0.0,0.0,6000.0,8.39,0.0,57894.6324989108,60157.42380128956,27.720086314574285,observed,observed
2026-06-28,Kalyanpur,5,02:30,44330.51919511322,0.0,0.0,0.0,0.0,0.0,0.0,0.0,0.0,6000.0,8.39,0.0,44005.38929650147,50436.940521412675,27.62219701062121,observed,observed
2026-06-28,Kalyanpur,6,03:00,46301.75388444642,0.0,0.0,0.0,0.0,0.0,0.0,0.0,0.0,6000.0,8.39,-7.275957614183426e-12,45962.166511699004,48146.88814880477,27.53400891865289,observed,observed
2026-06-28,Kalyanpur,7,03:30,38784.55380447501,0.0,0.0,0.0,0.0,0.0,0.0,0.0,0.0,6000.0,8.39,-7.275957614183426e-12,38500.09925092803,42456.85295978248,27.454560610707603,observed,observed
2026-06-28,Kalyanpur,8,04:00,43131.83302209662,0.0,0.0,0.0,0.0,0.0,0.0,0.0,0.0,6000.0,8.39,-7.275957614183426e-12,42815.49455478267,51996.28947396371,27.382985940086126,observed,observed
2026-06-28,Kalyanpur,9,04:30,48056.724433716176,0.0,0.0,0.0,0.0,0.0,0.0,0.0,0.0,6000.0,8.39,0.0,47704.265716190705,49938.01541437509,27.318504598606825,observed,observed
2026-06-28,Kalyanpur,10,05:00,57908.250358248646,0.0,0.0,0.0,0.0,0.0,0.0,0.0,0.0,6000.0,8.39,0.0,57483.53835600723,63980.85039312485,27.26041360967362,observed,observed
2026-06-28,Kalyanpur,11,05:30,65480.62441733555,0.0,0.0,0.0,0.0,0.0,0.0,0.0,0.0,6000.0,8.39,0.0,65000.37493764549,69402.61587704558,27.35347318385414,observed,observed
2026-06-28,Kalyanpur,12,06:00,78830.2784500193,0.0,0.0,0.0,0.0,0.0,0.0,0.0,0.0,6000.0,8.39,-1.4551915228366852e-11,78252.1196351589,79815.67327002932,27.99542349884437,observed,observed
2026-06-28,Kalyanpur,13,06:30,79912.84145492528,0.0,0.0,0.0,0.0,0.0,0.0,0.0,0.0,6000.0,8.39,0.0,79326.74288193851,86468.30262830824,28.627157727769912,observed,observed
2026-06-28,Kalyanpur,14,07:00,92535.917439497,0.0,0.0,0.0,0.0,0.0,0.0,0.0,0.0,6000.0,8.39,0.0,91857.23841652802,97233.65554357854,29.243566262211644,observed,observed
2026-06-28,Kalyanpur,15,07:30,101015.12175210247,0.0,0.0,0.0,0.0,0.0,0.0,0.0,0.0,6000.0,8.39,-1.4551915228366852e-11,100274.25435668675,102980.7650057585,29.839663451411727,observed,observed
2026-06-28,Kalyanpur,16,08:00,89546.16404849633,0.0,0.0,0.0,0.0,0.0,0.0,0.0,0.0,6000.0,8.39,0.0,88889.41254260896,94949.28258473714,30.410627927337387,observed,observed
2026-06-28,Kalyanpur,17,08:30,79914.18432860178,0.0,0.0,0.0,0.0,0.0,0.0,0.0,0.0,6000.0,8.39,0.0,79328.07590668043,88148.85791789662,30.951841600989134,observed,observed
2026-06-28,Kalyanpur,18,09:00,95270.58384723186,0.0,0.0,0.0,0.0,0.0,0.0,0.0,0.0,6000.0,8.39,1.4551915228366852e-11,94571.84817191522,100962.15843170711,31.458927014542436,observed,observed
2026-06-28,Kalyanpur,19,09:30,81697.53489678909,0.0,0.0,0.0,0.0,0.0,0.0,0.0,0.0,6000.0,8.39,0.0,81098.34698471178,88499.89964108025,31.92778274721041,observed,observed
2026-06-28,Kalyanpur,20,10:00,92441.48734693286,0.0,0.0,0.0,0.0,0.0,0.0,0.0,0.0,6000.0,8.39,1.4551915228366852e-11,91763.5008952889,102515.50389009817,32.35461658845689,observed,observed
2026-06-28,Kalyanpur,21,10:30,89492.493246016,0.0,0.0,0.0,0.0,0.0,0.0,0.0,0.0,6000.0,8.39,0.0,88836.13537374463,102357.69131493488,32.735976210247486,observed,observed
2026-06-28,Kalyanpur,22,11:00,104133.50111242043,0.0,0.0,0.0,0.0,0.0,0.0,0.0,0.0,6000.0,8.39,1.4551915228366852e-11,103369.76282842355,108271.18913401665,33.06877709025464,observed,observed
2026-06-28,Kalyanpur,23,11:30,99221.58379239138,0.0,0.0,0.0,0.0,0.0,0.0,0.0,0.0,6000.0,8.39,1.4551915228366852e-11,98493.87060372946,110525.20329562986,33.35032746016738,observed,observed
2026-06-28,Kalyanpur,24,12:00,110329.72567117357,0.0,0.0,0.0,0.0,0.0,0.0,0.0,0.0,6000.0,8.39,-1.4551915228366852e-11,109520.54289658318,121745.54123042121,33.578350077318404,observed,observed
2026-06-28,Kalyanpur,25,12:30,127589.13678345249,0.0,0.0,0.0,0.0,0.0,0.0,0.0,0.0,6000.0,8.39,-1.4551915228366852e-11,126653.36964470582,128579.67342380038,33.75100064353451,observed,observed
2026-06-28,Kalyanpur,26,13:00,128000.0,0.0,0.0,0.0,0.0,0.0,0.0,0.0,0.0,6000.0,8.39,-1.4551915228366852e-11,127061.2194989386,129568.70742638504,33.86688272223476,observed,observed
2026-06-28,Kalyanpur,27,13:30,121799.19234491588,0.0,0.0,0.0,0.0,0.0,0.0,0.0,0.0,6000.0,8.39,-1.4551915228366852e-11,120905.88994789677,126394.85696519553,33.92505903312339,observed,observed
2026-06-28,Kalyanpur,28,14:00,106174.09801217362,0.0,0.0,0.0,0.0,0.0,0.0,0.0,0.0,6000.0,8.39,0.0,105395.39353614538,107681.74233725242,33.92505903312339,observed,observed
2026-06-28,Kalyanpur,29,14:30,94692.18263910402,0.0,-0.0,0.0,0.0,0.0,0.0,0.0,0.0,6000.0,8.39,1.4551915228366852e-11,93997.68908703729,113478.05127593708,33.86688272223476,observed,observed
2026-06-28,Kalyanpur,30,15:00,91206.50080437554,0.0,0.0,0.0,0.0,0.0,0.0,0.0,0.0,6000.0,8.39,0.0,90537.57201902241,106957.09423707298,33.75100064353451,observed,observed
2026-06-28,Kalyanpur,31,15:30,94290.35868353104,0.0,0.0,0.0,0.0,0.0,0.0,0.0,0.0,6000.0,8.39,1.4551915228366852e-11,93598.81219782638,100769.11446797359,33.578350077318404,observed,observed
2026-06-28,Kalyanpur,32,16:00,95887.0314648102,0.0,0.0,0.0,0.0,0.0,0.0,0.0,0.0,6000.0,8.39,1.4551915228366852e-11,95183.77462540523,106542.06777591014,33.35032746016739,observed,observed
2026-06-28,Kalyanpur,33,16:30,103009.04948113453,0.0,0.0,0.0,0.0,0.0,0.0,0.0,0.0,6000.0,8.39,0.0,102253.55817577691,110668.72124425466,33.06877709025464,observed,observed
2026-06-28,Kalyanpur,34,17:00,111296.56071976527,0.0,0.0,0.0,0.0,0.0,0.0,0.0,0.0,6000.0,8.39,0.0,110480.28696164863,129723.30827914346,32.7359762102475,observed,observed
2026-06-28,Kalyanpur,35,17:30,105205.96085479783,0.0,0.0,0.0,0.0,0.0,0.0,0.0,0.0,6000.0,8.39,0.0,104434.35691225163,120817.58514489267,32.35461658845689,observed,observed
2026-06-28,Kalyanpur,36,18:00,115876.69292018803,0.0,0.0,0.0,0.0,0.0,0.0,0.0,0.0,6000.0,8.39,0.0,115026.82745268049,123028.54164188342,31.92778274721042,observed,observed
2026-06-28,Kalyanpur,37,18:30,128000.0,0.0,0.0,0.0,0.0,0.0,0.0,0.0,0.0,6000.0,8.390000000000002,0.0,127061.21949893859,139965.87460429946,31.45867055597513,observed,observed
2026-06-28,Kalyanpur,38,19:00,108980.1337263277,0.0,0.0,0.0,0.0,0.0,0.0,0.0,0.0,6000.0,8.39,0.0,108180.84915956728,120158.31944466283,30.99027296578419,observed,observed
2026-06-28,Kalyanpur,39,19:30,116518.2278679197,0.0,0.0,0.0,0.0,0.0,0.0,0.0,0.0,6000.0,8.39,0.0,115663.65724025852,126498.80587914598,30.568295404463473,observed,observed
2026-06-28,Kalyanpur,40,20:00,123564.05692971751,0.0,0.0,0.0,0.0,0.0,0.0,0.0,0.0,6000.0,8.39,0.0,122657.81062286066,130606.33763006184,30.188137466021495,observed,observed
2026-06-28,Kalyanpur,41,20:30,109929.35195693623,0.0,0.0,0.0,0.0,0.0,0.0,0.0,0.0,6000.0,8.39,0.0,109123.10561231516,116592.27780489702,29.84565466265126,observed,observed
2026-06-28,Kalyanpur,42,21:00,90051.85075976892,0.0,0.0,0.0,0.0,0.0,0.0,0.0,0.0,6000.0,8.39,0.0,89391.39043494267,103045.1390735518,29.537113241459185,observed,observed
2026-06-28,Kalyanpur,43,21:30,76894.65582854935,0.0,-0.0,0.0,0.0,0.0,0.0,0.0,0.0,6000.0,8.39,0.0,76330.69330098943,95798.40622119406,29.259149479032516,observed,observed
2026-06-28,Kalyanpur,44,22:00,75773.31416059173,0.0,0.0,0.0,0.0,0.0,0.0,0.0,0.0,6000.0,8.39,0.0,75217.57580250766,92055.5246614165,29.008733010073904,observed,observed
2026-06-28,Kalyanpur,45,22:30,74958.36057160443,0.0,0.0,0.0,0.0,0.0,0.0,0.0,0.0,6000.0,8.39,1.4551915228366852e-11,74408.59926460314,82355.71108131163,28.78313379031143,observed,observed
2026-06-28,Kalyanpur,46,23:00,57953.30319282169,0.0,-0.0,0.0,0.0,0.0,0.0,0.0,0.0,6000.0,8.39,-1.4551915228366852e-11,57528.26076305974,68251.84287328643,28.579892333513122,observed,observed
2026-06-28,Kalyanpur,47,23:30,63451.26764000198,0.0,0.0,0.0,0.0,0.0,0.0,0.0,0.0,6000.0,8.39,0.0,62985.901914782735,69698.43472126372,28.396792898129476,observed,observed
2026-06-29,Dhanmondi,0,00:00,47693.51842643833,0.0,0.0,0.0,0.0,0.0,0.0,0.0,0.0,8000.0,8.39,0.0,47693.51842643832,48475.52913137711,27.563958309530364,observed,observed
2026-06-29,Dhanmondi,1,00:30,41546.054609785366,0.0,0.0,0.0,0.0,0.0,0.0,0.0,0.0,8000.0,8.39,0.0,41546.0546097853,48354.32112256161,27.41743613472211,observed,observed
2026-06-29,Dhanmondi,2,01:00,47481.04485037596,0.0,0.0,0.0,0.0,0.0,0.0,0.0,0.0,8000.0,8.39,0.0,47481.04485037598,54570.65409801093,27.28543021732216,observed,observed
2026-06-29,Dhanmondi,3,01:30,44698.841018576066,0.0,0.0,0.0,0.0,0.0,0.0,0.0,0.0,8000.0,8.39,0.0,44698.84101857606,53130.542060062355,27.166502401437594,observed,observed
2026-06-29,Dhanmondi,4,02:00,45805.73814193819,0.0,0.0,0.0,0.0,0.0,0.0,0.0,0.0,8000.0,8.39,0.0,45805.73814193822,51741.97358956292,27.059357012278863,observed,observed
2026-06-29,Dhanmondi,5,02:30,42669.56922463617,0.0,0.0,0.0,0.0,0.0,0.0,0.0,0.0,8000.0,8.39,0.0,42669.569224636194,46698.623229828016,26.96282674025975,observed,observed
2026-06-29,Dhanmondi,6,03:00,43201.836710603675,0.0,0.0,0.0,0.0,0.0,0.0,0.0,0.0,8000.0,8.39,-7.275957614183426e-12,43201.83671060363,49540.89974906253,26.875859923588997,observed,observed
2026-06-29,Dhanmondi,7,03:30,39420.09191297401,0.0,0.0,0.0,0.0,0.0,0.0,0.0,0.0,8000.0,8.39,-7.275957614183426e-12,39420.09191297403,42008.104942530845,26.797509090802087,observed,observed
2026-06-29,Dhanmondi,8,04:00,46095.118496914445,0.0,0.0,0.0,0.0,0.0,0.0,0.0,0.0,8000.0,8.39,7.275957614183426e-12,46095.118496914394,54681.416046488,26.726920638408306,observed,observed
2026-06-29,Dhanmondi,9,04:30,38827.23932122476,0.0,0.0,0.0,0.0,0.0,0.0,0.0,0.0,8000.0,8.39,0.0,38827.23932122472,44389.591888212606,26.663325531194822,observed,observed
2026-06-29,Dhanmondi,10,05:00,56398.905943396356,0.0,0.0,0.0,0.0,0.0,0.0,0.0,0.0,8000.0,8.39,0.0,56398.90594339634,66062.76119220619,26.60603092387105,observed,observed
2026-06-29,Dhanmondi,11,05:30,55741.00160153168,0.0,0.0,0.0,0.0,0.0,0.0,0.0,0.0,8000.0,8.39,0.0,55741.001601531694,61844.13562696065,26.695371407603837,observed,observed
2026-06-29,Dhanmondi,12,06:00,63668.36032479372,0.0,0.0,0.0,0.0,0.0,0.0,0.0,0.0,8000.0,8.39,0.0,63668.36032479373,65315.82484911998,27.328559621764764,observed,observed
2026-06-29,Dhanmondi,13,06:30,65591.3605375727,0.0,0.0,0.0,0.0,0.0,0.0,0.0,0.0,8000.0,8.39,0.0,65591.3605375727,70145.08752045652,27.951685644088606,observed,observed
2026-06-29,Dhanmondi,14,07:00,72910.73875615755,0.0,0.0,0.0,0.0,0.0,0.0,0.0,0.0,8000.0,8.39,0.0,72910.73875615753,78639.90008282167,28.559707432290253,observed,observed
2026-06-29,Dhanmondi,15,07:30,79650.52606658846,0.0,0.0,0.0,0.0,0.0,0.0,0.0,0.0,8000.0,8.39,0.0,79650.52606658846,86030.89414688657,29.14770516043312,observed,observed
2026-06-29,Dhanmondi,16,08:00,77207.37028272502,0.0,0.0,0.0,0.0,0.0,0.0,0.0,0.0,8000.0,8.39,1.4551915228366852e-11,77207.37028272502,79334.76336096846,29.71092102784345,observed,observed
2026-06-29,Dhanmondi,17,08:30,83846.96978913448,0.0,0.0,0.0,0.0,0.0,0.0,0.0,0.0,8000.0,8.39,0.0,83846.96978913447,85614.60194964049,30.244797756992472,observed,observed
2026-06-29,Dhanmondi,18,09:00,90437.7369677302,0.0,0.0,0.0,0.0,0.0,0.0,0.0,0.0,8000.0,8.39,0.0,90437.73696773029,101083.10500988607,30.745015468839714,observed,observed
2026-06-29,Dhanmondi,19,09:30,101435.81166464064,0.0,0.0,0.0,0.0,0.0,0.0,0.0,0.0,8000.0,8.39,2.9103830456733704e-11,101435.81166464064,105248.53647943884,31.207526637259566,observed,observed
2026-06-29,Dhanmondi,20,10:00,93439.94968048377,0.0,0.0,0.0,0.0,0.0,0.0,0.0,0.0,8000.0,8.39,0.0,93439.94968048377,101776.68452605934,31.628588839716357,observed,observed
2026-06-29,Dhanmondi,21,10:30,98815.0196694346,0.0,0.0,0.0,0.0,0.0,0.0,0.0,0.0,8000.0,8.39,1.4551915228366852e-11,98815.0196694346,101110.94226250502,32.00479503918484,observed,observed
2026-06-29,Dhanmondi,22,11:00,102120.13444312182,0.0,0.0,0.0,0.0,0.0,0.0,0.0,0.0,8000.0,8.39,2.9103830456733704e-11,102120.13444312176,106064.87896852104,32.33310115228912,observed,observed
2026-06-29,Dhanmondi,23,11:30,100998.68417386222,0.0,0.0,0.0,0.0,0.0,0.0,0.0,0.0,8000.0,8.39,0.0,100998.68417386226,112840.39699559321,32.61085068059158,observed,observed
2026-06-29,Dhanmondi,24,12:00,127902.32486828089,0.0,0.0,0.0,0.0,0.0,0.0,0.0,0.0,8000.0,8.39,1.4551915228366852e-11,127902.3248682809,128863.15472736732,32.83579620572711,observed,observed
2026-06-29,Dhanmondi,25,12:30,132990.59255070324,0.0,0.0,0.0,0.0,0.0,0.0,0.0,0.0,8000.0,8.39,0.0,132990.5925507032,136500.0,33.00611757445387,observed,observed
2026-06-29,Dhanmondi,26,13:00,122416.05903777356,0.0,0.0,0.0,0.0,0.0,0.0,0.0,0.0,8000.0,8.39,0.0,122416.05903777358,123879.89777481146,33.12043662647618,observed,observed
2026-06-29,Dhanmondi,27,13:30,119990.19161610707,0.0,0.0,0.0,0.0,0.0,0.0,0.0,0.0,8000.0,8.39,0.0,119990.19161610708,120766.99645747784,33.17782834586846,observed,observed
2026-06-29,Dhanmondi,28,14:00,118810.01015725466,0.0,0.0,0.0,0.0,0.0,0.0,0.0,0.0,8000.0,8.39,-1.4551915228366852e-11,118810.01015725463,120913.5046865014,33.17782834586846,observed,observed
2026-06-29,Dhanmondi,29,14:30,96966.57605705064,0.0,0.0,0.0,0.0,0.0,0.0,0.0,0.0,8000.0,8.39,0.0,96966.5760570507,115206.13334701254,33.12043662647618,observed,observed
2026-06-29,Dhanmondi,30,15:00,98258.74163712964,0.0,0.0,0.0,0.0,0.0,0.0,0.0,0.0,8000.0,8.39,-1.4551915228366852e-11,98258.74163712963,118913.93503471694,33.00611757445387,observed,observed
2026-06-29,Dhanmondi,31,15:30,101920.9355609837,0.0,0.0,0.0,0.0,0.0,0.0,0.0,0.0,8000.0,8.39,2.9103830456733704e-11,101920.93556098368,112676.33903967234,32.83579620572711,observed,observed
2026-06-29,Dhanmondi,32,16:00,101978.12644477266,0.0,0.0,0.0,0.0,0.0,0.0,0.0,0.0,8000.0,8.39,0.0,101978.12644477261,105053.30353994815,32.61085068059158,observed,observed
2026-06-29,Dhanmondi,33,16:30,92091.51014783347,0.0,0.0,0.0,0.0,0.0,0.0,0.0,0.0,8000.0,8.39,0.0,92091.51014783348,110402.68401380136,32.33310115228912,observed,observed
2026-06-29,Dhanmondi,34,17:00,106804.29856813217,0.0,0.0,0.0,0.0,0.0,0.0,0.0,0.0,8000.0,8.39,-1.4551915228366852e-11,106804.29856813206,126844.75431267057,32.00479503918484,observed,observed
2026-06-29,Dhanmondi,35,17:30,108752.92937278855,0.0,0.0,0.0,0.0,0.0,0.0,0.0,0.0,8000.0,8.39,0.0,108752.92937278848,122646.23323712531,31.628588839716357,observed,observed
2026-06-29,Dhanmondi,36,18:00,103987.53105561406,0.0,0.0,0.0,0.0,0.0,0.0,0.0,0.0,8000.0,8.39,-1.4551915228366852e-11,103987.53105561403,115087.8830198642,31.207526637259566,observed,observed
2026-06-29,Dhanmondi,37,18:30,120898.05198209977,0.0,0.0,0.0,0.0,0.0,0.0,0.0,0.0,8000.0,8.39,1.4551915228366852e-11,120898.05198209971,130612.82383936249,30.7447520199074,observed,observed
2026-06-29,Dhanmondi,38,19:00,108611.46154965005,0.0,0.0,0.0,0.0,0.0,0.0,0.0,0.0,8000.0,8.39,2.9103830456733704e-11,108611.46154964992,125281.88904755069,30.28310197914315,observed,observed
2026-06-29,Dhanmondi,39,19:30,108579.78609621341,0.0,0.0,0.0,0.0,0.0,0.0,0.0,0.0,8000.0,8.39,1.4551915228366852e-11,108579.78609621341,119371.61799281772,29.867188570619444,observed,observed
2026-06-29,Dhanmondi,40,20:00,96981.5123571425,0.0,0.0,0.0,0.0,0.0,0.0,0.0,0.0,8000.0,8.39,1.4551915228366852e-11,96981.51235714245,113384.10469400189,29.492480570803306,observed,observed
2026-06-29,Dhanmondi,41,20:30,90395.39357662415,0.0,0.0,0.0,0.0,0.0,0.0,0.0,0.0,8000.0,8.39,0.0,90395.39357662416,105250.33911710624,29.154895673926372,observed,observed
2026-06-29,Dhanmondi,42,21:00,81561.89330864373,0.0,0.0,0.0,0.0,0.0,0.0,0.0,0.0,8000.0,8.39,0.0,81561.89330864382,100507.83928929703,28.850756016765786,observed,observed
2026-06-29,Dhanmondi,43,21:30,73692.20627995057,0.0,-0.0,0.0,0.0,0.0,0.0,0.0,0.0,8000.0,8.39,1.4551915228366852e-11,73692.20627995054,92145.65886608402,28.576748109677805,observed,observed
2026-06-29,Dhanmondi,44,22:00,66253.32698717444,0.0,-0.0,0.0,0.0,0.0,0.0,0.0,0.0,8000.0,8.39,0.0,66253.32698717446,82754.11639838255,28.329886737347486,observed,observed
2026-06-29,Dhanmondi,45,22:30,64259.66115340881,0.0,0.0,0.0,0.0,0.0,0.0,0.0,0.0,8000.0,8.39,0.0,64259.66115340882,67427.42921607045,28.107482435966354,observed,observed
2026-06-29,Dhanmondi,46,23:00,53695.387592293235,0.0,0.0,0.0,0.0,0.0,0.0,0.0,0.0,8000.0,8.39,7.275957614183426e-12,53695.38759229322,61894.03915891834,27.907112192513914,observed,observed
2026-06-29,Dhanmondi,47,23:30,58346.29666603103,0.0,0.0,0.0,0.0,0.0,0.0,0.0,0.0,8000.0,8.39,0.0,58346.29666603102,61308.19599896397,27.726593046922442,observed,observed
2026-06-29,Kalyanpur,0,00:00,45953.52154872651,0.0,0.0,0.0,0.0,0.0,0.0,0.0,0.0,6000.0,8.39,0.0,45953.52154872656,53444.86327280585,27.563958309530364,observed,observed
2026-06-29,Kalyanpur,1,00:30,45655.931948129095,0.0,0.0,0.0,0.0,0.0,0.0,0.0,0.0,6000.0,8.39,0.0,45655.93194812908,51788.13837486416,27.41743613472211,observed,observed
2026-06-29,Kalyanpur,2,01:00,50705.896823695126,0.0,0.0,0.0,0.0,0.0,0.0,0.0,0.0,6000.0,8.39,-7.275957614183426e-12,50705.896823695126,59535.6554969402,27.28543021732216,observed,observed
2026-06-29,Kalyanpur,3,01:30,52008.53495355001,0.0,0.0,0.0,0.0,0.0,0.0,0.0,0.0,6000.0,8.39,0.0,52008.53495354999,57356.772502493885,27.166502401437594,observed,observed
2026-06-29,Kalyanpur,4,02:00,48010.413744179925,0.0,0.0,0.0,0.0,0.0,0.0,0.0,0.0,6000.0,8.39,0.0,48010.413744179925,58892.450159922475,27.059357012278863,observed,observed
2026-06-29,Kalyanpur,5,02:30,42942.95114580265,0.0,0.0,0.0,0.0,0.0,0.0,0.0,0.0,6000.0,8.39,0.0,42942.95114580268,49455.23247368861,26.96282674025975,observed,observed
2026-06-29,Kalyanpur,6,03:00,41867.07726994011,0.0,0.0,0.0,0.0,0.0,0.0,0.0,0.0,6000.0,8.39,-7.275957614183426e-12,41867.077269940106,47291.11686855122,26.875859923588997,observed,observed
2026-06-29,Kalyanpur,7,03:30,37511.62400634091,0.0,0.0,0.0,0.0,0.0,0.0,0.0,0.0,6000.0,8.39,0.0,37511.62400634089,41879.75236337014,26.797509090802087,observed,observed
2026-06-29,Kalyanpur,8,04:00,42097.26594794802,0.0,0.0,0.0,0.0,0.0,0.0,0.0,0.0,6000.0,8.39,-7.275957614183426e-12,42097.26594794798,50969.662941542985,26.726920638408306,observed,observed
2026-06-29,Kalyanpur,9,04:30,44112.92890463395,0.0,0.0,0.0,0.0,0.0,0.0,0.0,0.0,6000.0,8.39,0.0,44112.92890463393,49035.6591672596,26.663325531194822,observed,observed
2026-06-29,Kalyanpur,10,05:00,61569.68341954946,0.0,0.0,0.0,0.0,0.0,0.0,0.0,0.0,6000.0,8.39,0.0,61569.683419549474,63206.196139293876,26.60603092387105,observed,observed
2026-06-29,Kalyanpur,11,05:30,61307.04389054461,0.0,0.0,0.0,0.0,0.0,0.0,0.0,0.0,6000.0,8.39,0.0,61307.04389054462,68467.07343595178,26.695371407603837,observed,observed
2026-06-29,Kalyanpur,12,06:00,76048.710833322,0.0,0.0,0.0,0.0,0.0,0.0,0.0,0.0,6000.0,8.39,-1.4551915228366852e-11,76048.71083332198,78944.29541543263,27.328559621764764,observed,observed
2026-06-29,Kalyanpur,13,06:30,79412.60644949097,0.0,0.0,0.0,0.0,0.0,0.0,0.0,0.0,6000.0,8.39,0.0,79412.60644949095,85640.32061556526,27.951685644088606,observed,observed
2026-06-29,Kalyanpur,14,07:00,90823.19870925749,0.0,0.0,0.0,0.0,0.0,0.0,0.0,0.0,6000.0,8.39,0.0,90823.19870925754,96554.43748756958,28.559707432290253,observed,observed
2026-06-29,Kalyanpur,15,07:30,97326.64217477351,0.0,0.0,0.0,0.0,0.0,0.0,0.0,0.0,6000.0,8.39,0.0,97326.64217477359,101834.59595829732,29.14770516043312,observed,observed
2026-06-29,Kalyanpur,16,08:00,83791.54888847178,0.0,0.0,0.0,0.0,0.0,0.0,0.0,0.0,6000.0,8.39,0.0,83791.54888847166,93724.21887389582,29.71092102784345,observed,observed
2026-06-29,Kalyanpur,17,08:30,80485.58454626196,0.0,0.0,0.0,0.0,0.0,0.0,0.0,0.0,6000.0,8.39,-1.4551915228366852e-11,80485.58454626192,86962.75946120702,30.244797756992472,observed,observed
2026-06-29,Kalyanpur,18,09:00,96792.95025543238,0.0,0.0,0.0,0.0,0.0,0.0,0.0,0.0,6000.0,8.39,1.4551915228366852e-11,96792.95025543234,99391.81703518268,30.745015468839714,observed,observed
2026-06-29,Kalyanpur,19,09:30,79180.33965783469,0.0,0.0,0.0,0.0,0.0,0.0,0.0,0.0,6000.0,8.39,-1.4551915228366852e-11,79180.33965783466,87108.58550567237,31.207526637259566,observed,observed
2026-06-29,Kalyanpur,20,10:00,87845.73616708795,0.0,0.0,0.0,0.0,0.0,0.0,0.0,0.0,6000.0,8.39,0.0,87845.73616708792,100605.48821208486,31.628588839716357,observed,observed
2026-06-29,Kalyanpur,21,10:30,97615.40515753423,0.0,0.0,0.0,0.0,0.0,0.0,0.0,0.0,6000.0,8.39,-1.4551915228366852e-11,97615.40515753427,100512.71669580574,32.00479503918484,observed,observed
2026-06-29,Kalyanpur,22,11:00,99172.16427024385,0.0,0.0,0.0,0.0,0.0,0.0,0.0,0.0,6000.0,8.39,0.0,99172.16427024388,106410.06714981579,32.33310115228912,observed,observed
2026-06-29,Kalyanpur,23,11:30,96268.95179867157,0.0,0.0,0.0,0.0,0.0,0.0,0.0,0.0,6000.0,8.39,0.0,96268.9517986716,108745.65980554746,32.61085068059158,observed,observed
2026-06-29,Kalyanpur,24,12:00,117457.26515254102,0.0,0.0,0.0,0.0,0.0,0.0,0.0,0.0,6000.0,8.39,1.4551915228366852e-11,117457.26515254099,120107.5928100513,32.83579620572711,observed,observed
2026-06-29,Kalyanpur,25,12:30,120540.80696627035,0.0,0.0,0.0,0.0,0.0,0.0,0.0,0.0,6000.0,8.39,0.0,120540.80696627033,127224.58367388167,33.00611757445387,observed,observed
2026-06-29,Kalyanpur,26,13:00,124427.84675901929,0.0,0.0,0.0,0.0,0.0,0.0,0.0,0.0,6000.0,8.39,0.0,124427.84675901938,128387.60075451668,33.12043662647618,observed,observed
2026-06-29,Kalyanpur,27,13:30,120664.0512559418,0.0,0.0,0.0,0.0,0.0,0.0,0.0,0.0,6000.0,8.39,2.9103830456733704e-11,120664.05125594184,125357.19158144659,33.17782834586846,observed,observed
2026-06-29,Kalyanpur,28,14:00,104496.20254666114,0.0,0.0,0.0,0.0,0.0,0.0,0.0,0.0,6000.0,8.39,-1.4551915228366852e-11,104496.20254666117,106754.58958880299,33.17782834586846,observed,observed
2026-06-29,Kalyanpur,29,14:30,95423.88343378202,0.0,0.0,0.0,0.0,0.0,0.0,0.0,0.0,6000.0,8.39,-1.4551915228366852e-11,95423.88343378207,112362.853517049,33.12043662647618,observed,observed
2026-06-29,Kalyanpur,30,15:00,87987.61935729544,0.0,0.0,0.0,0.0,0.0,0.0,0.0,0.0,6000.0,8.39,-1.4551915228366852e-11,87987.61935729544,105648.45410029331,33.00611757445387,observed,observed
2026-06-29,Kalyanpur,31,15:30,93902.9548749529,0.0,0.0,0.0,0.0,0.0,0.0,0.0,0.0,6000.0,8.39,-1.4551915228366852e-11,93902.95487495289,99222.9148548074,32.83579620572711,observed,observed
2026-06-29,Kalyanpur,32,16:00,92714.73812629053,0.0,0.0,0.0,0.0,0.0,0.0,0.0,0.0,6000.0,8.39,0.0,92714.73812629054,104463.9328083909,32.61085068059158,observed,observed
2026-06-29,Kalyanpur,33,16:30,92995.93312288955,0.0,0.0,0.0,0.0,0.0,0.0,0.0,0.0,6000.0,8.39,0.0,92995.93312288946,108377.96826859661,32.33310115228912,observed,observed
2026-06-29,Kalyanpur,34,17:00,113715.60011225463,0.0,0.0,0.0,0.0,0.0,0.0,0.0,0.0,6000.0,8.39,0.0,113715.60011225467,127759.99914477346,32.00479503918484,observed,observed
2026-06-29,Kalyanpur,35,17:30,101931.56573276308,0.0,-0.0,0.0,0.0,0.0,0.0,0.0,0.0,6000.0,8.39,0.0,101931.56573276308,119103.94185500659,31.628588839716357,observed,observed
2026-06-29,Kalyanpur,36,18:00,110799.06883590602,0.0,0.0,0.0,0.0,0.0,0.0,0.0,0.0,6000.0,8.39,-1.4551915228366852e-11,110799.06883590606,121209.5689464698,31.207526637259566,observed,observed
2026-06-29,Kalyanpur,37,18:30,128000.0,0.0,0.0,0.0,0.0,0.0,0.0,0.0,0.0,6000.0,8.389999999999999,0.0,127999.99999999991,138000.0,30.7447520199074,observed,observed
2026-06-29,Kalyanpur,38,19:00,110211.9774006975,0.0,0.0,0.0,0.0,0.0,0.0,0.0,0.0,6000.0,8.39,0.0,110211.97740069755,118174.05348417278,30.28310197914315,observed,observed
2026-06-29,Kalyanpur,39,19:30,117007.02842415588,0.0,0.0,0.0,0.0,0.0,0.0,0.0,0.0,6000.0,8.39,-1.4551915228366852e-11,117007.02842415577,124461.21753798387,29.867188570619444,observed,observed
2026-06-29,Kalyanpur,40,20:00,116112.78829812736,0.0,0.0,0.0,0.0,0.0,0.0,0.0,0.0,6000.0,8.39,0.0,116112.78829812743,128452.04033730122,29.492480570803306,observed,observed
2026-06-29,Kalyanpur,41,20:30,106644.67043834584,0.0,0.0,0.0,0.0,0.0,0.0,0.0,0.0,6000.0,8.39,0.0,106644.67043834581,114604.30002007709,29.154895673926372,observed,observed
2026-06-29,Kalyanpur,42,21:00,89863.29025367225,0.0,0.0,0.0,0.0,0.0,0.0,0.0,0.0,6000.0,8.39,1.4551915228366852e-11,89863.29025367228,101400.93785633835,28.850756016765786,observed,observed
2026-06-29,Kalyanpur,43,21:30,81814.29552529148,0.0,0.0,0.0,0.0,0.0,0.0,0.0,0.0,6000.0,8.39,0.0,81814.29552529156,93858.76641026103,28.576748109677805,observed,observed
2026-06-29,Kalyanpur,44,22:00,73843.60984598739,0.0,0.0,0.0,0.0,0.0,0.0,0.0,0.0,6000.0,8.39,0.0,73843.60984598746,90249.48234937576,28.329886737347486,observed,observed
2026-06-29,Kalyanpur,45,22:30,64991.24711240368,0.0,-0.0,0.0,0.0,0.0,0.0,0.0,0.0,6000.0,8.39,0.0,64991.247112403675,80773.75611113051,28.107482435966354,observed,observed
2026-06-29,Kalyanpur,46,23:00,61061.977691776,0.0,0.0,0.0,0.0,0.0,0.0,0.0,0.0,6000.0,8.39,-1.4551915228366852e-11,61061.977691775995,66911.79230933345,27.907112192513914,observed,observed
2026-06-29,Kalyanpur,47,23:30,60190.56282736834,0.0,0.0,0.0,0.0,0.0,0.0,0.0,0.0,6000.0,8.39,0.0,60190.56282736839,68267.48702132312,27.726593046922442,observed,observed
2026-06-30,Dhanmondi,0,00:00,49759.664762717446,0.0,0.0,0.0,0.0,0.0,0.0,0.0,0.0,8000.0,8.39,7.275957614183426e-12,43773.5817451527,47291.96212249071,26.767639691677346,forecast,climatology
2026-06-30,Dhanmondi,1,00:30,45990.73765725474,0.0,0.0,0.0,0.0,0.0,0.0,0.0,0.0,8000.0,8.39,0.0,40458.05621801721,47201.46068481975,26.65874197117587,forecast,climatology
2026-06-30,Dhanmondi,2,01:00,54072.89283331041,0.0,0.0,0.0,0.0,0.0,0.0,0.0,0.0,8000.0,8.39,0.0,47567.92888221489,53169.53130324995,26.56062904154156,forecast,climatology
2026-06-30,Dhanmondi,3,01:30,57741.22454030814,0.0,0.0,0.0,0.0,0.0,0.0,0.0,0.0,8000.0,8.39,0.0,50794.96062791328,51880.41519809041,26.472232820600492,forecast,climatology
2026-06-30,Dhanmondi,4,02:00,48767.724982150794,0.0,0.0,0.0,0.0,0.0,0.0,0.0,0.0,8000.0,8.39,0.0,42900.97222742472,50591.14210496658,26.392591004727837,forecast,climatology
2026-06-30,Dhanmondi,5,02:30,45626.19934666287,0.0,0.0,0.0,0.0,0.0,0.0,0.0,0.0,8000.0,8.39,0.0,40137.37183209893,45753.344485321104,26.320836592967158,forecast,climatology
2026-06-30,Dhanmondi,6,03:00,46387.5960571787,0.0,0.0,0.0,0.0,0.0,0.0,0.0,0.0,8000.0,8.39,0.0,40807.172589543465,48540.13081249993,26.25618844863863,forecast,climatology
2026-06-30,Dhanmondi,7,03:30,42395.60250579185,0.0,0.0,0.0,0.0,0.0,0.0,0.0,0.0,8000.0,8.39,0.0,37295.415489067964,41343.66856869673,26.19794279568754,forecast,climatology
2026-06-30,Dhanmondi,8,04:00,54972.48586730388,0.0,0.0,0.0,0.0,0.0,0.0,0.0,0.0,8000.0,8.39,-7.275957614183426e-12,48359.300958346445,53548.457793620924,26.145465557200097,forecast,climatology
2026-06-30,Dhanmondi,9,04:30,45293.166426911615,0.0,0.0,0.0,0.0,0.0,0.0,0.0,0.0,8000.0,8.39,0.0,39844.40274144942,43663.100532179014,26.09818545268173,forecast,climatology
2026-06-30,Dhanmondi,10,05:00,67461.70720015842,0.0,0.0,0.0,0.0,0.0,0.0,0.0,0.0,8000.0,8.39,-1.4551915228366852e-11,59346.07013281704,64991.54019381884,26.0555877789531,forecast,climatology
2026-06-30,Dhanmondi,11,05:30,62679.53137720388,0.0,0.0,0.0,0.0,0.0,0.0,0.0,0.0,8000.0,8.39,0.0,55139.189614147675,61015.39843606158,26.11994732967873,forecast,climatology
2026-06-30,Dhanmondi,12,06:00,67046.85127101855,0.0,0.0,0.0,0.0,0.0,0.0,0.0,0.0,8000.0,8.39,0.0,58981.12133315643,64535.61771420979,26.590745776671884,forecast,climatology
2026-06-30,Dhanmondi,13,06:30,72445.32107063447,0.0,0.0,0.0,0.0,0.0,0.0,0.0,0.0,8000.0,8.39,1.4551915228366852e-11,63730.15572072905,69193.63237175753,27.054074836754857,forecast,climatology
2026-06-30,Dhanmondi,14,07:00,77570.45923515387,0.0,0.0,0.0,0.0,0.0,0.0,0.0,0.0,8000.0,8.39,0.0,68238.74024334578,76976.49907756891,27.50618372903118,forecast,climatology
2026-06-30,Dhanmondi,15,07:30,92108.90430082755,0.0,0.0,0.0,0.0,0.0,0.0,0.0,0.0,8000.0,8.39,-1.4551915228366852e-11,81028.21172721533,84124.30343919409,27.943412503063097,forecast,climatology
2026-06-30,Dhanmondi,16,08:00,80780.39766659588,0.0,0.0,0.0,0.0,0.0,0.0,0.0,0.0,8000.0,8.39,0.0,71062.52338167022,77071.33123081033,28.362221667214293,forecast,climatology
2026-06-30,Dhanmondi,17,08:30,89175.61275706875,0.0,0.0,0.0,0.0,0.0,0.0,0.0,0.0,8000.0,8.39,0.0,78447.79488185712,82751.73184392613,28.759220841844247,forecast,climatology
2026-06-30,Dhanmondi,18,09:00,97743.87354135327,0.0,0.0,0.0,0.0,0.0,0.0,0.0,0.0,8000.0,8.39,-1.4551915228366852e-11,85985.29469507298,96580.26626524841,29.131196205398467,forecast,climatology
2026-06-30,Dhanmondi,19,09:30,108798.81421602692,0.0,0.0,0.0,0.0,0.0,0.0,0.0,0.0,8000.0,8.39,0.0,95710.32704041169,99754.04131220016,29.47513651121065,forecast,climatology
2026-06-30,Dhanmondi,20,10:00,107088.04607505967,0.0,0.0,0.0,0.0,0.0,0.0,0.0,0.0,8000.0,8.39,0.0,94205.3641468164,96192.31788913255,29.788257464403333,forecast,climatology
2026-06-30,Dhanmondi,21,10:30,93232.67528654158,0.0,0.0,0.0,0.0,0.0,0.0,0.0,0.0,8000.0,8.39,0.0,82016.79316843991,95479.90656497572,30.068024261549102,forecast,climatology
2026-06-30,Dhanmondi,22,11:00,111776.53629808802,0.0,0.0,0.0,0.0,0.0,0.0,0.0,0.0,8000.0,8.39,0.0,98329.82943446943,100669.4137613312,30.31217211062733,forecast,climatology
2026-06-30,Dhanmondi,23,11:30,113507.96084346449,0.0,0.0,0.0,0.0,0.0,0.0,0.0,0.0,8000.0,8.39,0.0,99852.96376895523,106460.944698753,30.518724565161563,forecast,climatology
2026-06-30,Dhanmondi,24,12:00,136385.6761991283,0.0,0.0,0.0,0.0,0.0,0.0,0.0,0.0,8000.0,8.39,0.0,119978.49210679525,121001.02239434853,30.6860095241175,forecast,climatology
2026-06-30,Dhanmondi,25,12:30,144595.279565331,0.0,0.0,0.0,0.0,0.0,0.0,0.0,0.0,8000.0,8.39,2.9103830456733704e-11,127200.4809557838,128189.70493522986,30.812672768037803,forecast,climatology
2026-06-30,Dhanmondi,26,13:00,127920.29601001802,0.0,0.0,0.0,0.0,0.0,0.0,0.0,0.0,8000.0,8.39,2.9103830456733704e-11,112531.49636277532,115652.96984327227,30.89768892183484,forecast,climatology
2026-06-30,Dhanmondi,27,13:30,127198.48506079997,0.0,0.0,0.0,0.0,0.0,0.0,0.0,0.0,8000.0,8.39,0.0,111896.51920324637,112794.43706068378,30.94036975549451,forecast,climatology
2026-06-30,Dhanmondi,28,14:00,123350.55339934753,0.0,0.0,0.0,0.0,0.0,0.0,0.0,0.0,8000.0,8.39,0.0,108511.49336081842,112522.26445858888,30.94036975549451,forecast,climatology
2026-06-30,Dhanmondi,29,14:30,108872.84759850499,0.0,0.0,0.0,0.0,0.0,0.0,0.0,0.0,8000.0,8.39,0.0,95775.4542139011,107297.53672151496,30.89768892183484,forecast,climatology
2026-06-30,Dhanmondi,30,15:00,122662.82712641521,0.0,0.0,0.0,0.0,0.0,0.0,0.0,0.0,8000.0,8.39,0.0,107906.50049420557,110636.47829678627,30.812672768037803,forecast,climatology
2026-06-30,Dhanmondi,31,15:30,103314.5279046121,0.0,0.0,0.0,0.0,0.0,0.0,0.0,0.0,8000.0,8.39,-1.4551915228366852e-11,90885.79985938444,105155.41796652222,30.6860095241175,forecast,climatology
2026-06-30,Dhanmondi,32,16:00,93277.9371932175,0.0,0.0,0.0,0.0,0.0,0.0,0.0,0.0,8000.0,8.39,0.0,82056.61007197552,98446.15059909639,30.518724565161563,forecast,climatology
2026-06-30,Dhanmondi,33,16:30,97307.5127140967,0.0,0.0,0.0,0.0,0.0,0.0,0.0,0.0,8000.0,8.39,0.0,85601.4280345281,103517.92617063459,30.31217211062733,forecast,climatology
2026-06-30,Dhanmondi,34,17:00,119464.77271581671,0.0,0.0,0.0,0.0,0.0,0.0,0.0,0.0,8000.0,8.39,0.0,105093.17173012852,120387.02112381592,30.068024261549105,forecast,climatology
2026-06-30,Dhanmondi,35,17:30,120549.01215322742,0.0,0.0,0.0,0.0,0.0,0.0,0.0,0.0,8000.0,8.39,0.0,106046.9772646139,117068.50391349848,29.788257464403333,forecast,climatology
2026-06-30,Dhanmondi,36,18:00,106442.49730082507,0.0,0.0,0.0,0.0,0.0,0.0,0.0,0.0,8000.0,8.39,0.0,93637.47482975229,109804.67241053499,29.475136511210646,forecast,climatology
2026-06-30,Dhanmondi,37,18:30,131346.08439254703,0.0,0.0,0.0,0.0,0.0,0.0,0.0,0.0,8000.0,8.39,0.0,115545.16272325665,125490.93340955747,29.130993244263877,forecast,climatology
2026-06-30,Dhanmondi,38,19:00,126519.40008144769,0.0,0.0,0.0,0.0,0.0,0.0,0.0,0.0,8000.0,8.39,0.0,111299.12808340392,120009.29273775239,28.78803852337304,forecast,climatology
2026-06-30,Dhanmondi,39,19:30,116277.72235270172,0.0,0.0,0.0,0.0,0.0,0.0,0.0,0.0,8000.0,8.39,0.0,102289.523227652,115011.35988633224,28.479048654314564,forecast,climatology
2026-06-30,Dhanmondi,40,20:00,113633.17144874086,0.0,0.0,0.0,0.0,0.0,0.0,0.0,0.0,8000.0,8.39,0.0,99963.1115501262,109373.02323294793,28.200659895201476,forecast,climatology
2026-06-30,Dhanmondi,41,20:30,98498.0992076993,0.0,0.0,0.0,0.0,0.0,0.0,0.0,0.0,8000.0,8.39,0.0,86648.7870842907,101441.71040872662,27.949841635571556,forecast,climatology
2026-06-30,Dhanmondi,42,21:00,90837.93063251219,0.0,0.0,0.0,0.0,0.0,0.0,0.0,0.0,8000.0,8.39,-1.4551915228366852e-11,79910.13607234023,96927.53064585642,27.723863404395104,forecast,climatology
2026-06-30,Dhanmondi,43,21:30,80046.23927761929,0.0,0.0,0.0,0.0,0.0,0.0,0.0,0.0,8000.0,8.39,0.0,70416.68417823093,88885.70422331414,27.520265145476536,forecast,climatology
2026-06-30,Dhanmondi,44,22:00,72245.45158071913,0.0,0.0,0.0,0.0,0.0,0.0,0.0,0.0,8000.0,8.39,0.0,63554.33051175921,80047.82416316608,27.336830436660247,forecast,climatology
2026-06-30,Dhanmondi,45,22:30,60644.17105953247,0.0,0.0,0.0,0.0,0.0,0.0,0.0,0.0,8000.0,8.39,0.0,53348.68295235069,65575.26900030552,27.171562361298292,forecast,climatology
2026-06-30,Dhanmondi,46,23:00,56279.75515262683,0.0,-0.0,0.0,0.0,0.0,0.0,0.0,0.0,8000.0,8.39,0.0,49509.30587089735,60097.63281160047,27.022661769310545,forecast,climatology
2026-06-30,Dhanmondi,47,23:30,54544.37360670066,0.0,0.0,0.0,0.0,0.0,0.0,0.0,0.0,8000.0,8.39,0.0,47982.690562657895,59593.68392212609,26.888507691181765,forecast,climatology
2026-06-30,Kalyanpur,0,00:00,47326.114789082065,0.0,0.0,0.0,0.0,0.0,0.0,0.0,0.0,6000.0,8.39,7.275957614183426e-12,45329.61364035115,52195.15008613524,26.767639691677346,forecast,climatology
2026-06-30,Kalyanpur,1,00:30,46047.00774067872,0.0,0.0,0.0,0.0,0.0,0.0,0.0,0.0,6000.0,8.39,7.275957614183426e-12,44104.46704703415,50724.19760075036,26.65874197117587,forecast,climatology
2026-06-30,Kalyanpur,2,01:00,57321.81750779737,0.0,0.0,0.0,0.0,0.0,0.0,0.0,0.0,6000.0,8.39,1.4551915228366852e-11,54903.63729140523,58117.90519526651,26.56062904154156,forecast,climatology
2026-06-30,Kalyanpur,3,01:30,50210.53733579338,0.0,0.0,0.0,0.0,0.0,0.0,0.0,0.0,6000.0,8.39,0.0,48092.35383570951,56100.91686671016,26.472232820600492,forecast,climatology
2026-06-30,Kalyanpur,4,02:00,50253.62023916573,0.0,0.0,0.0,0.0,0.0,0.0,0.0,0.0,6000.0,8.39,0.0,48133.61924219968,57615.91917880599,26.392591004727837,forecast,climatology
2026-06-30,Kalyanpur,5,02:30,44497.52822574711,0.0,0.0,0.0,0.0,0.0,0.0,0.0,0.0,6000.0,8.39,7.275957614183426e-12,42620.35392960385,48499.40094399109,26.320836592967158,forecast,climatology
2026-06-30,Kalyanpur,6,03:00,43963.83990508179,0.0,0.0,0.0,0.0,0.0,0.0,0.0,0.0,6000.0,8.39,7.275957614183426e-12,42109.17980326912,46485.3767467367,26.25618844863863,forecast,climatology
2026-06-30,Kalyanpur,7,03:30,38646.04154753311,0.0,0.0,0.0,0.0,0.0,0.0,0.0,0.0,6000.0,8.39,0.0,37015.71827490829,41353.142111332265,26.19794279568754,forecast,climatology
2026-06-30,Kalyanpur,8,04:00,43283.21259378625,0.0,0.0,0.0,0.0,0.0,0.0,0.0,0.0,6000.0,8.39,7.275957614183426e-12,41457.26545974863,50059.78825033064,26.145465557200097,forecast,climatology
2026-06-30,Kalyanpur,9,04:30,44880.52901490913,0.0,0.0,0.0,0.0,0.0,0.0,0.0,0.0,6000.0,8.39,0.0,42987.197433957386,48257.310612327914,26.09818545268173,forecast,climatology
2026-06-30,Kalyanpur,10,05:00,58694.7096721576,0.0,0.0,0.0,0.0,0.0,0.0,0.0,0.0,6000.0,8.39,0.0,56218.612578467524,62554.58488344316,26.0555877789531,forecast,climatology
2026-06-30,Kalyanpur,11,05:30,62693.60442340143,0.0,0.0,0.0,0.0,0.0,0.0,0.0,0.0,6000.0,8.39,0.0,60048.80981460592,67649.0637208079,26.11994732967873,forecast,climatology
2026-06-30,Kalyanpur,12,06:00,77349.95887584865,0.0,0.0,0.0,0.0,0.0,0.0,0.0,0.0,6000.0,8.39,0.0,74086.87078086846,77980.20863921635,26.590745776671884,forecast,climatology
2026-06-30,Kalyanpur,13,06:30,85952.85568715021,0.0,0.0,0.0,0.0,0.0,0.0,0.0,0.0,6000.0,8.39,0.0,82326.84548367409,84540.04479237266,27.054074836754857,forecast,climatology
2026-06-30,Kalyanpur,14,07:00,94381.56453650053,0.0,0.0,0.0,0.0,0.0,0.0,0.0,0.0,6000.0,8.39,0.0,90399.98052403876,95508.06316237553,27.50618372903118,forecast,climatology
2026-06-30,Kalyanpur,15,07:30,101966.23879223903,0.0,0.0,0.0,0.0,0.0,0.0,0.0,0.0,6000.0,8.39,0.0,97664.68744394538,99839.78935512732,27.943412503063097,forecast,climatology
2026-06-30,Kalyanpur,16,08:00,86643.66231154228,0.0,0.0,0.0,0.0,0.0,0.0,0.0,0.0,6000.0,8.39,-1.4551915228366852e-11,82988.50971542933,91362.88351370906,28.362221667214293,forecast,climatology
2026-06-30,Kalyanpur,17,08:30,79492.44369215217,0.0,0.0,0.0,0.0,0.0,0.0,0.0,0.0,6000.0,8.39,0.0,76138.97265709864,84470.6360924625,28.759220841844247,forecast,climatology
2026-06-30,Kalyanpur,18,09:00,96403.326052713,0.0,0.0,0.0,0.0,0.0,0.0,0.0,0.0,6000.0,8.39,0.0,92336.45193757603,95842.01144491743,29.131196205398467,forecast,climatology
2026-06-30,Kalyanpur,19,09:30,77735.44652755666,0.0,-0.0,0.0,0.0,0.0,0.0,0.0,0.0,6000.0,8.39,0.0,74456.09623689683,83762.1385444969,29.47513651121065,forecast,climatology
2026-06-30,Kalyanpur,20,10:00,92775.2297755048,0.0,0.0,0.0,0.0,0.0,0.0,0.0,0.0,6000.0,8.39,0.0,88861.41065796134,95763.99036894385,29.788257464403333,forecast,climatology
2026-06-30,Kalyanpur,21,10:30,96004.142463294,0.0,0.0,0.0,0.0,0.0,0.0,0.0,0.0,6000.0,8.39,0.0,91954.10832114828,95625.70227417372,30.068024261549102,forecast,climatology
2026-06-30,Kalyanpur,22,11:00,93694.02447744542,0.0,0.0,0.0,0.0,0.0,0.0,0.0,0.0,6000.0,8.39,-1.4551915228366852e-11,89741.44505417964,101297.49614695257,30.31217211062733,forecast,climatology
2026-06-30,Kalyanpur,23,11:30,97910.68145503956,0.0,0.0,0.0,0.0,0.0,0.0,0.0,0.0,6000.0,8.39,0.0,93780.21799170223,103710.97918815147,30.518724565161563,forecast,climatology
2026-06-30,Kalyanpur,24,12:00,117501.90845699773,0.0,0.0,0.0,0.0,0.0,0.0,0.0,0.0,6000.0,8.39,1.4551915228366852e-11,112544.96879993996,114079.91924301426,30.6860095241175,forecast,climatology
2026-06-30,Kalyanpur,25,12:30,123232.83873973519,0.0,0.0,0.0,0.0,0.0,0.0,0.0,0.0,6000.0,8.39,0.0,118034.13385551322,120598.56077331891,30.812672768037803,forecast,climatology
2026-06-30,Kalyanpur,26,13:00,112116.08467482282,0.0,0.0,0.0,0.0,0.0,0.0,0.0,0.0,6000.0,8.39,1.4551915228366852e-11,107386.35156991694,120676.86283717242,30.89768892183484,forecast,climatology
2026-06-30,Kalyanpur,27,13:30,119673.77829481859,0.0,0.0,0.0,0.0,0.0,0.0,0.0,0.0,6000.0,8.39,0.0,114625.21606013268,117438.5775896325,30.94036975549451,forecast,climatology
2026-06-30,Kalyanpur,28,14:00,100159.58096508455,0.0,0.0,0.0,0.0,0.0,0.0,0.0,0.0,6000.0,8.39,-1.4551915228366852e-11,95934.24534764809,100269.3850987575,30.94036975549451,forecast,climatology
2026-06-30,Kalyanpur,29,14:30,96412.79573112189,0.0,0.0,0.0,0.0,0.0,0.0,0.0,0.0,6000.0,8.39,-2.9103830456733704e-11,92345.52212779732,105259.67983916592,30.89768892183484,forecast,climatology
2026-06-30,Kalyanpur,30,15:00,91384.79085194723,0.0,0.0,0.0,0.0,0.0,0.0,0.0,0.0,6000.0,8.39,0.0,87529.62883990446,99265.41234113053,30.812672768037803,forecast,climatology
2026-06-30,Kalyanpur,31,15:30,90352.79163968863,0.0,0.0,0.0,0.0,0.0,0.0,0.0,0.0,6000.0,8.39,0.0,86541.16558283566,93549.86721272519,30.6860095241175,forecast,climatology
2026-06-30,Kalyanpur,32,16:00,87310.95790838294,0.0,0.0,0.0,0.0,0.0,0.0,0.0,0.0,6000.0,8.39,0.0,83627.6547566715,98584.47782478834,30.518724565161563,forecast,climatology
2026-06-30,Kalyanpur,33,16:30,87350.74565827538,0.0,0.0,0.0,0.0,0.0,0.0,0.0,0.0,6000.0,8.39,1.4551915228366852e-11,83665.76401914272,102085.18502413867,30.31217211062733,forecast,climatology
2026-06-30,Kalyanpur,34,17:00,115873.33002017441,0.0,0.0,0.0,0.0,0.0,0.0,0.0,0.0,6000.0,8.39,-2.9103830456733704e-11,110985.09363052848,122559.53733120306,30.068024261549105,forecast,climatology
2026-06-30,Kalyanpur,35,17:30,105628.53669156904,0.0,0.0,0.0,0.0,0.0,0.0,0.0,0.0,6000.0,8.39,-1.4551915228366852e-11,101172.48751484405,114760.20772371112,29.788257464403333,forecast,climatology
2026-06-30,Kalyanpur,36,18:00,113234.7826686742,0.0,0.0,0.0,0.0,0.0,0.0,0.0,0.0,6000.0,8.39,-1.4551915228366852e-11,108457.85613071857,116834.49972657525,29.475136511210646,forecast,climatology
2026-06-30,Kalyanpur,37,18:30,128000.00000000003,0.0,0.0,0.0,0.0,0.0,0.0,0.0,0.0,6000.0,8.39,2.9103830456733704e-11,122600.18748260941,133556.28936044028,29.130993244263877,forecast,climatology
2026-06-30,Kalyanpur,38,19:00,106010.82458826581,0.0,0.0,0.0,0.0,0.0,0.0,0.0,0.0,6000.0,8.39,0.0,101538.648200839,113979.02345593533,28.78803852337304,forecast,climatology
2026-06-30,Kalyanpur,39,19:30,116890.98622964835,0.0,0.0,0.0,0.0,0.0,0.0,0.0,0.0,6000.0,8.39,0.0,111959.81895923428,120426.9426274728,28.479048654314564,forecast,climatology
2026-06-30,Kalyanpur,40,20:00,121183.9943894505,0.0,0.0,0.0,0.0,0.0,0.0,0.0,0.0,6000.0,8.39,0.0,116071.72212529759,124451.55417334476,28.200659895201476,forecast,climatology
2026-06-30,Kalyanpur,41,20:30,108745.41272129986,0.0,0.0,0.0,0.0,0.0,0.0,0.0,0.0,6000.0,8.39,0.0,104157.87490238345,111136.2008757153,27.949841635571556,forecast,climatology
2026-06-30,Kalyanpur,42,21:00,92176.14694344503,0.0,0.0,0.0,0.0,0.0,0.0,0.0,0.0,6000.0,8.39,-2.9103830456733704e-11,88287.60075539784,98701.41326729284,27.723863404395104,forecast,climatology
2026-06-30,Kalyanpur,43,21:30,75582.22323891066,0.0,0.0,0.0,0.0,0.0,0.0,0.0,0.0,6000.0,8.39,0.0,72393.70890189752,90855.84685446491,27.520265145476536,forecast,climatology
2026-06-30,Kalyanpur,44,22:00,74977.76343234681,0.0,0.0,0.0,0.0,0.0,0.0,0.0,0.0,6000.0,8.39,-1.4551915228366852e-11,71814.74885806601,87607.49730896798,27.336830436660247,forecast,climatology
2026-06-30,Kalyanpur,45,22:30,71954.27903957193,0.0,0.0,0.0,0.0,0.0,0.0,0.0,0.0,6000.0,8.39,0.0,68918.8132845898,78582.41378007208,27.171562361298292,forecast,climatology
2026-06-30,Kalyanpur,46,23:00,62773.47618744606,0.0,0.0,0.0,0.0,0.0,0.0,0.0,0.0,6000.0,8.39,1.4551915228366852e-11,60125.31210559365,65150.134650054504,27.022661769310545,forecast,climatology
2026-06-30,Kalyanpur,47,23:30,55644.884398194066,0.0,-0.0,0.0,0.0,0.0,0.0,0.0,0.0,6000.0,8.39,1.4551915228366852e-11,53297.44734114621,66478.08597924419,26.888507691181765,forecast,climatology
2026-07-01,Dhanmondi,0,00:00,49450.813413216776,0.0,0.0,0.0,0.0,0.0,0.0,0.0,0.0,8000.0,8.39,-7.275957614183426e-12,40413.37957709469,47263.8671518538,26.748737045677395,forecast,climatology
2026-07-01,Dhanmondi,1,00:30,48789.58807073661,0.0,0.0,0.0,0.0,0.0,0.0,0.0,0.0,8000.0,8.39,0.0,39872.99714640849,47173.86068369804,26.64057848921451,forecast,climatology
2026-07-01,Dhanmondi,2,01:00,61520.40677373446,0.0,0.0,0.0,0.0,0.0,0.0,0.0,0.0,8000.0,8.39,0.0,50277.18209423218,53135.6981661272,26.543127151158625,forecast,climatology
2026-07-01,Dhanmondi,3,01:30,53257.98835842735,0.0,0.0,0.0,0.0,0.0,0.0,0.0,0.0,8000.0,8.39,0.0,43524.7703825709,51849.96688061335,26.455323064274925,forecast,climatology
2026-07-01,Dhanmondi,4,02:00,58517.00231972953,0.0,0.0,0.0,0.0,0.0,0.0,0.0,0.0,8000.0,8.39,0.0,47822.66788414241,50562.870713831464,26.3762111933937,forecast,climatology
2026-07-01,Dhanmondi,5,02:30,53026.806450730604,0.0,0.0,0.0,0.0,0.0,0.0,0.0,0.0,8000.0,8.39,0.0,43335.83836017853,45729.92485182905,26.304931047600288,forecast,climatology
2026-07-01,Dhanmondi,6,03:00,51298.09315867255,0.0,0.0,0.0,0.0,0.0,0.0,0.0,0.0,8000.0,8.39,0.0,41923.05782878206,48515.128803374275,26.240707320772255,forecast,climatology
2026-07-01,Dhanmondi,7,03:30,48614.160848131185,0.0,0.0,0.0,0.0,0.0,0.0,0.0,0.0,8000.0,8.39,0.0,39729.630304774015,41326.933342425546,26.182841458661983,forecast,climatology
2026-07-01,Dhanmondi,8,04:00,53985.791227447226,0.0,0.0,0.0,0.0,0.0,0.0,0.0,0.0,8000.0,8.39,0.0,44119.56289603709,53519.69519490813,26.130704060800735,forecast,climatology
2026-07-01,Dhanmondi,9,04:30,45912.48144125284,0.0,0.0,0.0,0.0,0.0,0.0,0.0,0.0,8000.0,8.39,-7.275957614183426e-12,37521.699073118834,43644.51542437945,26.08372803458062,forecast,climatology
2026-07-01,Dhanmondi,10,05:00,67217.61190065139,0.0,0.0,0.0,0.0,0.0,0.0,0.0,0.0,8000.0,8.39,0.0,54933.18868807164,64963.93398786257,26.04140242705211,forecast,climatology
2026-07-01,Dhanmondi,11,05:30,70108.09050568464,0.0,0.0,0.0,0.0,0.0,0.0,0.0,0.0,8000.0,8.39,0.0,57295.414927882324,60991.07126554296,26.103056040355774,forecast,climatology
2026-07-01,Dhanmondi,12,06:00,71934.51667330436,0.0,0.0,0.0,0.0,0.0,0.0,0.0,0.0,8000.0,8.39,0.0,58788.05071861786,64514.61455987565,26.570883848518445,forecast,climatology
2026-07-01,Dhanmondi,13,06:30,81887.5682915758,0.0,0.0,0.0,0.0,0.0,0.0,0.0,0.0,8000.0,8.39,0.0,66922.12223809901,69169.49453727224,27.031303000237568,forecast,climatology
2026-07-01,Dhanmondi,14,07:00,92115.59831083987,0.0,0.0,0.0,0.0,0.0,0.0,0.0,0.0,8000.0,8.39,0.0,75280.91820047163,76936.08037716916,27.480584334302236,forecast,climatology
2026-07-01,Dhanmondi,15,07:30,94479.66359044157,0.0,-0.0,0.0,0.0,0.0,0.0,0.0,0.0,8000.0,8.39,0.0,77212.93631898529,84079.46257948976,27.91508890016593,forecast,climatology
2026-07-01,Dhanmondi,16,08:00,85427.31238884444,0.0,0.0,0.0,0.0,0.0,0.0,0.0,0.0,8000.0,8.39,0.0,69814.9567929794,77019.43314993347,28.331297431597154,forecast,climatology
2026-07-01,Dhanmondi,17,08:30,98609.0778083513,0.0,0.0,0.0,0.0,0.0,0.0,0.0,0.0,8000.0,8.39,-1.4551915228366852e-11,80587.67523025328,82687.4010759721,28.725838850947934,forecast,climatology
2026-07-01,Dhanmondi,18,09:00,106427.96107508538,0.0,0.0,0.0,0.0,0.0,0.0,0.0,0.0,8000.0,8.39,-1.4551915228366852e-11,86977.61051174389,96480.71662471979,29.09551757317007,forecast,climatology
2026-07-01,Dhanmondi,19,09:30,103271.52381748853,0.0,0.0,0.0,0.0,0.0,0.0,0.0,0.0,8000.0,8.39,1.4551915228366852e-11,84398.03116414805,99634.16293992805,29.437339388430505,forecast,climatology
2026-07-01,Dhanmondi,20,10:00,100882.69072319988,0.0,0.0,0.0,0.0,0.0,0.0,0.0,0.0,8000.0,8.39,0.0,82445.77169817915,96071.78480339545,29.748535713689733,forecast,climatology
2026-07-01,Dhanmondi,21,10:30,103798.08236776716,0.0,0.0,0.0,0.0,0.0,0.0,0.0,0.0,8000.0,8.39,-1.4551915228366852e-11,84828.35796957715,95359.4275501025,30.026586016817856,forecast,climatology
2026-07-01,Dhanmondi,22,11:00,107497.8547598124,0.0,0.0,0.0,0.0,0.0,0.0,0.0,0.0,8000.0,8.39,0.0,87851.97468502258,100554.78912800894,30.269238231624243,forecast,climatology
2026-07-01,Dhanmondi,23,11:30,122397.21358110406,0.0,0.0,0.0,0.0,0.0,0.0,0.0,0.0,8000.0,8.39,1.4551915228366852e-11,100028.38599030684,106326.17449231251,30.47452699844951,forecast,climatology
2026-07-01,Dhanmondi,24,12:00,145008.45085110792,0.0,0.0,0.0,0.0,0.0,0.0,0.0,0.0,8000.0,8.39,0.0,118507.28353370262,120835.64544439418,30.64078958258025,forecast,climatology
2026-07-01,Dhanmondi,25,12:30,155374.94503336097,0.0,0.0,0.0,0.0,0.0,0.0,0.0,0.0,8000.0,8.39,0.0,126979.238499749,128015.44983476424,30.766679341555463,forecast,climatology
2026-07-01,Dhanmondi,26,13:00,139399.15797255246,0.0,0.0,0.0,0.0,0.0,0.0,0.0,0.0,8000.0,8.39,2.9103830456733704e-11,113923.12269562091,115480.81658753044,30.85117663228631,forecast,climatology
2026-07-01,Dhanmondi,27,13:30,133709.52358642596,0.0,0.0,0.0,0.0,0.0,0.0,0.0,0.0,8000.0,8.39,-2.9103830456733704e-11,109273.30324411791,112627.77564506228,30.8935970696471,forecast,climatology
2026-07-01,Dhanmondi,28,14:00,131651.68826564992,0.0,0.0,0.0,0.0,0.0,0.0,0.0,0.0,8000.0,8.39,-5.820766091346741e-11,107591.54971600618,112346.8507795429,30.8935970696471,forecast,climatology
2026-07-01,Dhanmondi,29,14:30,125344.90956027937,0.0,0.0,0.0,0.0,0.0,0.0,0.0,0.0,8000.0,8.39,0.0,102437.37278469687,107132.04473364813,30.85117663228631,forecast,climatology
2026-07-01,Dhanmondi,30,15:00,125648.71901451245,0.0,0.0,0.0,0.0,0.0,0.0,0.0,0.0,8000.0,8.39,0.0,102685.65923229152,110462.91176945758,30.766679341555463,forecast,climatology
2026-07-01,Dhanmondi,31,15:30,112258.47365426709,0.0,0.0,0.0,0.0,0.0,0.0,0.0,0.0,8000.0,8.39,0.0,91742.56181846015,104997.21826506197,30.64078958258025,forecast,climatology
2026-07-01,Dhanmondi,32,16:00,106866.63805021603,0.0,0.0,0.0,0.0,0.0,0.0,0.0,0.0,8000.0,8.39,0.0,87336.11662891429,98306.57006390471,30.47452699844951,forecast,climatology
2026-07-01,Dhanmondi,33,16:30,104847.6192276613,0.0,-0.0,0.0,0.0,0.0,0.0,0.0,0.0,8000.0,8.39,1.4551915228366852e-11,85686.0856503055,103371.66207421644,30.269238231624243,forecast,climatology
2026-07-01,Dhanmondi,34,17:00,131686.87835190582,0.0,0.0,0.0,0.0,0.0,0.0,0.0,0.0,8000.0,8.39,-2.9103830456733704e-11,107620.30860216089,120248.85447478389,30.026586016817856,forecast,climatology
2026-07-01,Dhanmondi,35,17:30,124998.0461886046,0.0,0.0,0.0,0.0,0.0,0.0,0.0,0.0,8000.0,8.39,0.0,102153.90078224972,116948.11408766982,29.748535713689733,forecast,climatology
2026-07-01,Dhanmondi,36,18:00,112423.58826133925,0.0,0.0,0.0,0.0,0.0,0.0,0.0,0.0,8000.0,8.39,0.0,91877.50073713025,109689.403824625,29.437339388430505,forecast,climatology
2026-07-01,Dhanmondi,37,18:30,138115.68543578233,0.0,0.0,0.0,0.0,0.0,0.0,0.0,0.0,8000.0,8.39,0.0,112874.21249121557,125377.67957870913,29.095310254572535,forecast,climatology
2026-07-01,Dhanmondi,38,19:00,126574.6202854453,0.0,0.0,0.0,0.0,0.0,0.0,0.0,0.0,8000.0,8.39,0.0,103442.346472205,119892.25245951282,28.754851335777442,forecast,climatology
2026-07-01,Dhanmondi,39,19:30,118651.12402774686,0.0,0.0,0.0,0.0,0.0,0.0,0.0,0.0,8000.0,8.39,0.0,96966.91685359996,114914.13621020623,28.44809634315671,forecast,climatology
2026-07-01,Dhanmondi,40,20:00,122099.44264287081,0.0,0.0,0.0,0.0,0.0,0.0,0.0,0.0,8000.0,8.39,0.0,99785.03448356234,109283.13037444823,28.171708737184254,forecast,climatology
2026-07-01,Dhanmondi,41,20:30,113481.25418549146,0.0,0.0,0.0,0.0,0.0,0.0,0.0,0.0,8000.0,8.39,0.0,92741.87184668807,101355.87201948877,27.922682280980386,forecast,climatology
2026-07-01,Dhanmondi,42,21:00,94238.51055303864,0.0,0.0,0.0,0.0,0.0,0.0,0.0,0.0,8000.0,8.39,1.4551915228366852e-11,77015.8554508649,96846.33833840239,27.698308341811643,forecast,climatology
2026-07-01,Dhanmondi,43,21:30,84807.1292458183,0.0,0.0,0.0,0.0,0.0,0.0,0.0,0.0,8000.0,8.39,0.0,69308.11585273045,88811.28189709414,27.496146429597456,forecast,climatology
2026-07-01,Dhanmondi,44,22:00,87924.71947907386,0.0,0.0,0.0,0.0,0.0,0.0,0.0,0.0,8000.0,8.39,0.0,71855.94770353528,79985.59990874924,27.313997651974212,forecast,climatology
2026-07-01,Dhanmondi,45,22:30,63966.24412623995,0.0,-0.0,0.0,0.0,0.0,0.0,0.0,0.0,8000.0,8.39,0.0,52276.027947073606,65532.36177826501,27.14988079719056,forecast,climatology
2026-07-01,Dhanmondi,46,23:00,65999.57246808181,0.0,0.0,0.0,0.0,0.0,0.0,0.0,0.0,8000.0,8.39,0.0,53937.753294178925,60055.688617921405,27.002010784690174,forecast,climatology
2026-07-01,Dhanmondi,47,23:30,60563.68360351228,0.0,0.0,0.0,0.0,0.0,0.0,0.0,0.0,8000.0,8.39,0.0,49495.305842666705,59553.3244859891,26.868779248991494,forecast,climatology
2026-07-01,Kalyanpur,0,00:00,46247.28797774471,0.0,0.0,0.0,0.0,0.0,0.0,0.0,0.0,6000.0,8.39,7.275957614183426e-12,44780.18529790688,52165.48496787792,26.748737045677395,forecast,climatology
2026-07-01,Kalyanpur,1,00:30,45748.16304198632,0.0,0.0,0.0,0.0,0.0,0.0,0.0,0.0,6000.0,8.39,7.275957614183426e-12,44296.894102089616,50698.726376656305,26.64057848921451,forecast,climatology
2026-07-01,Kalyanpur,2,01:00,50565.38379287277,0.0,0.0,0.0,0.0,0.0,0.0,0.0,0.0,6000.0,8.39,0.0,48961.29816291644,58083.67055106416,26.543127151158625,forecast,climatology
2026-07-01,Kalyanpur,3,01:30,49255.6162356987,0.0,0.0,0.0,0.0,0.0,0.0,0.0,0.0,6000.0,8.39,0.0,47693.08036091974,56070.32901817502,26.455323064274925,forecast,climatology
2026-07-01,Kalyanpur,4,02:00,57075.988218018574,0.0,0.0,0.0,0.0,0.0,0.0,0.0,0.0,6000.0,8.39,0.0,55265.366689047056,57584.55984675235,26.3762111933937,forecast,climatology
2026-07-01,Kalyanpur,5,02:30,43532.945708742525,0.0,0.0,0.0,0.0,0.0,0.0,0.0,0.0,6000.0,8.39,7.275957614183426e-12,42151.950106551434,48475.71986130961,26.304931047600288,forecast,climatology
2026-07-01,Kalyanpur,6,03:00,41450.27725302976,0.0,0.0,0.0,0.0,0.0,0.0,0.0,0.0,6000.0,8.39,7.275957614183426e-12,40135.35014060738,46465.24710327705,26.240707320772255,forecast,climatology
2026-07-01,Kalyanpur,7,03:30,38128.528563854896,0.0,0.0,0.0,0.0,0.0,0.0,0.0,0.0,6000.0,8.39,7.275957614183426e-12,36918.97728246463,41339.87832555586,26.182841458661983,forecast,climatology
2026-07-01,Kalyanpur,8,04:00,49304.7046321409,0.0,0.0,0.0,0.0,0.0,0.0,0.0,0.0,6000.0,8.39,7.275957614183426e-12,47740.61152620057,50036.68911092629,26.130704060800735,forecast,climatology
2026-07-01,Kalyanpur,9,04:30,46546.3277224514,0.0,0.0,0.0,0.0,0.0,0.0,0.0,0.0,6000.0,8.39,7.275957614183426e-12,45069.738605029386,48237.3988932429,26.08372803458062,forecast,climatology
2026-07-01,Kalyanpur,10,05:00,59014.56568300671,0.0,0.0,0.0,0.0,0.0,0.0,0.0,0.0,6000.0,8.39,7.275957614183426e-12,57142.44666265095,62537.79234991408,26.04140242705211,forecast,climatology
2026-07-01,Kalyanpur,11,05:30,62266.10986020153,0.0,0.0,0.0,0.0,0.0,0.0,0.0,0.0,6000.0,8.39,0.0,60290.8421064916,67625.0514500365,26.103056040355774,forecast,climatology
2026-07-01,Kalyanpur,12,06:00,72457.49216338457,0.0,0.0,0.0,0.0,0.0,0.0,0.0,0.0,6000.0,8.39,0.0,70158.92319695387,77954.25545006129,26.570883848518445,forecast,climatology
2026-07-01,Kalyanpur,13,06:30,80205.31029294994,0.0,0.0,0.0,0.0,0.0,0.0,0.0,0.0,6000.0,8.39,0.0,77660.95729813997,84512.13146850788,27.031303000237568,forecast,climatology
2026-07-01,Kalyanpur,14,07:00,93263.54171553835,0.0,0.0,0.0,0.0,0.0,0.0,0.0,0.0,6000.0,8.39,0.0,90304.94245566658,95482.63748917809,27.480584334302236,forecast,climatology
2026-07-01,Kalyanpur,15,07:30,94194.32449535462,0.0,0.0,0.0,0.0,0.0,0.0,0.0,0.0,6000.0,8.39,-1.4551915228366852e-11,91206.198014097,99792.87375721251,27.91508890016593,forecast,climatology
2026-07-01,Kalyanpur,16,08:00,91876.61102729088,0.0,0.0,0.0,0.0,0.0,0.0,0.0,0.0,6000.0,8.39,0.0,88962.00936854233,91308.74061635083,28.331297431597154,forecast,climatology
2026-07-01,Kalyanpur,17,08:30,84402.57935689444,0.0,0.0,0.0,0.0,0.0,0.0,0.0,0.0,6000.0,8.39,0.0,81725.07639889793,84414.6362726218,28.725838850947934,forecast,climatology
2026-07-01,Kalyanpur,18,09:00,93318.01883393996,0.0,0.0,0.0,0.0,0.0,0.0,0.0,0.0,6000.0,8.39,0.0,90357.69139648425,95763.53164794976,29.09551757317007,forecast,climatology
2026-07-01,Kalyanpur,19,09:30,81733.65613333049,0.0,0.0,0.0,0.0,0.0,0.0,0.0,0.0,6000.0,8.39,-1.4551915228366852e-11,79140.81942463835,83689.12608340807,29.437339388430505,forecast,climatology
2026-07-01,Kalyanpur,20,10:00,87169.05007051377,0.0,0.0,0.0,0.0,0.0,0.0,0.0,0.0,6000.0,8.39,-1.4551915228366852e-11,84403.78636426335,95659.49137871565,29.748535713689733,forecast,climatology
2026-07-01,Kalyanpur,21,10:30,85113.25826352429,0.0,0.0,0.0,0.0,0.0,0.0,0.0,0.0,6000.0,8.39,0.0,82413.2104391365,95521.14199169372,30.026586016817856,forecast,climatology
2026-07-01,Kalyanpur,22,11:00,96330.07612407101,0.0,0.0,0.0,0.0,0.0,0.0,0.0,0.0,6000.0,8.39,-1.4551915228366852e-11,93274.19719558957,101188.88149482646,30.269238231624243,forecast,climatology
2026-07-01,Kalyanpur,23,11:30,94635.87981670102,0.0,0.0,0.0,0.0,0.0,0.0,0.0,0.0,6000.0,8.39,1.4551915228366852e-11,91633.74587633448,103604.61818494998,30.47452699844951,forecast,climatology
2026-07-01,Kalyanpur,24,12:00,102869.61921726174,0.0,0.0,0.0,0.0,0.0,0.0,0.0,0.0,6000.0,8.39,-1.4551915228366852e-11,99606.2863684216,113953.1294323605,30.64078958258025,forecast,climatology
2026-07-01,Kalyanpur,25,12:30,116091.60491196874,0.0,0.0,0.0,0.0,0.0,0.0,0.0,0.0,6000.0,8.39,-2.9103830456733704e-11,112408.83102142224,120459.62247122178,30.766679341555463,forecast,climatology
2026-07-01,Kalyanpur,26,13:00,122167.65710863948,0.0,0.0,0.0,0.0,0.0,0.0,0.0,0.0,6000.0,8.39,0.0,118292.13261907705,120515.51115794422,30.85117663228631,forecast,climatology
2026-07-01,Kalyanpur,27,13:30,119002.40976192612,0.0,0.0,0.0,0.0,0.0,0.0,0.0,0.0,6000.0,8.39,1.4551915228366852e-11,115227.29641143307,117273.04386928576,30.8935970696471,forecast,climatology
2026-07-01,Kalyanpur,28,14:00,97456.07181059562,0.0,0.0,0.0,0.0,0.0,0.0,0.0,0.0,6000.0,8.39,0.0,94364.47292184357,100133.81591612575,30.8935970696471,forecast,climatology
2026-07-01,Kalyanpur,29,14:30,100182.77518463018,0.0,0.0,0.0,0.0,0.0,0.0,0.0,0.0,6000.0,8.39,-2.9103830456733704e-11,97004.67708690626,105111.04179530281,30.85117663228631,forecast,climatology
2026-07-01,Kalyanpur,30,15:00,92915.46101013568,0.0,0.0,0.0,0.0,0.0,0.0,0.0,0.0,6000.0,8.39,-1.4551915228366852e-11,89967.9039142053,99131.56900893233,30.766679341555463,forecast,climatology
2026-07-01,Kalyanpur,31,15:30,90806.31772876646,0.0,0.0,0.0,0.0,0.0,0.0,0.0,0.0,6000.0,8.39,-1.4551915228366852e-11,87925.66898347819,93430.53682292064,30.64078958258025,forecast,climatology
2026-07-01,Kalyanpur,32,16:00,84211.51226460251,0.0,0.0,0.0,0.0,0.0,0.0,0.0,0.0,6000.0,8.39,0.0,81540.07052782325,98460.27039677916,30.47452699844951,forecast,climatology
2026-07-01,Kalyanpur,33,16:30,100760.58819151082,0.0,0.0,0.0,0.0,0.0,0.0,0.0,0.0,6000.0,8.39,-1.4551915228366852e-11,97564.16013222786,101951.4972058924,30.269238231624243,forecast,climatology
2026-07-01,Kalyanpur,34,17:00,109399.4008082728,0.0,0.0,0.0,0.0,0.0,0.0,0.0,0.0,6000.0,8.39,0.0,105928.92370320004,122448.27067443875,30.026586016817856,forecast,climatology
2026-07-01,Kalyanpur,35,17:30,107298.1255888318,0.0,0.0,0.0,0.0,0.0,0.0,0.0,0.0,6000.0,8.39,0.0,103894.3072358787,114666.45247580089,29.748535713689733,forecast,climatology
2026-07-01,Kalyanpur,36,18:00,110027.04432553313,0.0,0.0,0.0,0.0,0.0,0.0,0.0,0.0,6000.0,8.39,0.0,106536.65648566013,116739.04488301004,29.437339388430505,forecast,climatology
2026-07-01,Kalyanpur,37,18:30,128000.0,0.0,0.0,0.0,0.0,0.0,0.0,0.0,0.0,6000.0,8.39,0.0,123939.45610152083,133458.031254374,29.095310254572535,forecast,climatology
2026-07-01,Kalyanpur,38,19:00,108400.35363322918,0.0,0.0,0.0,0.0,0.0,0.0,0.0,0.0,6000.0,8.39,0.0,104961.56930089802,113885.90282752388,28.754851335777442,forecast,climatology
2026-07-01,Kalyanpur,39,19:30,115254.65183525241,0.0,0.0,0.0,0.0,0.0,0.0,0.0,0.0,6000.0,8.39,0.0,111598.42860649481,120336.98762303857,28.44809634315671,forecast,climatology
2026-07-01,Kalyanpur,40,20:00,119915.38830460886,0.0,0.0,0.0,0.0,0.0,0.0,0.0,0.0,6000.0,8.39,0.0,116111.31253653036,124361.89876740037,28.171708737184254,forecast,climatology
2026-07-01,Kalyanpur,41,20:30,106330.71320797826,0.0,0.0,0.0,0.0,0.0,0.0,0.0,0.0,6000.0,8.39,1.4551915228366852e-11,102957.58407721577,111058.03729846388,27.922682280980386,forecast,climatology
2026-07-01,Kalyanpur,42,21:00,85559.49974352906,0.0,-0.0,0.0,0.0,0.0,0.0,0.0,0.0,6000.0,8.39,0.0,82845.29580102512,98640.19490534655,27.698308341811643,forecast,climatology
2026-07-01,Kalyanpur,43,21:30,76244.55458457225,0.0,0.0,0.0,0.0,0.0,0.0,0.0,0.0,6000.0,8.39,-1.4551915228366852e-11,73825.84863995777,90787.29244703187,27.496146429597456,forecast,climatology
2026-07-01,Kalyanpur,44,22:00,74783.08781620263,0.0,0.0,0.0,0.0,0.0,0.0,0.0,0.0,6000.0,8.39,0.0,72410.74398072207,87546.75163369306,27.313997651974212,forecast,climatology
2026-07-01,Kalyanpur,45,22:30,65275.2235418355,0.0,0.0,0.0,0.0,0.0,0.0,0.0,0.0,6000.0,8.39,0.0,63204.49767718959,78531.64905077648,27.14988079719056,forecast,climatology
2026-07-01,Kalyanpur,46,23:00,64023.340146205424,0.0,0.0,0.0,0.0,0.0,0.0,0.0,0.0,6000.0,8.39,0.0,61992.3277775262,65109.00180159436,27.002010784690174,forecast,climatology
2026-07-01,Kalyanpur,47,23:30,58264.07318950208,0.0,0.0,0.0,0.0,0.0,0.0,0.0,0.0,6000.0,8.39,0.0,56415.76204192254,66435.96366464693,26.868779248991494,forecast,climatology
2026-07-02,Dhanmondi,0,00:00,48452.12752378444,0.0,0.0,0.0,0.0,0.0,0.0,0.0,0.0,8000.0,8.39,0.0,39831.44821338878,47235.18624097866,26.729440171790756,forecast,climatology
2026-07-02,Dhanmondi,1,00:30,55592.708280369494,0.0,0.0,0.0,0.0,0.0,0.0,0.0,0.0,8000.0,8.39,0.0,45701.56552619041,47144.46523059361,26.621233425427956,forecast,climatology
2026-07-02,Dhanmondi,2,01:00,54362.442047377015,0.0,0.0,0.0,0.0,0.0,0.0,0.0,0.0,8000.0,8.39,0.0,44690.190210956505,53098.20869686432,26.523733839235685,forecast,climatology
2026-07-02,Dhanmondi,3,01:30,54070.55070168686,0.0,0.0,0.0,0.0,0.0,0.0,0.0,0.0,8000.0,8.39,-7.275957614183426e-12,44450.23263604738,51814.96047185802,26.435881929560928,forecast,climatology
2026-07-02,Dhanmondi,4,02:00,52700.00296127407,0.0,0.0,0.0,0.0,0.0,0.0,0.0,0.0,8000.0,8.39,0.0,43323.534921495426,50529.23437195474,26.356723049662897,forecast,climatology
2026-07-02,Dhanmondi,5,02:30,46557.27513247681,0.0,0.0,0.0,0.0,0.0,0.0,0.0,0.0,8000.0,8.39,0.0,38273.73096228698,45701.16256483275,26.285397016001145,forecast,climatology
2026-07-02,Dhanmondi,6,03:00,48777.33115608509,0.0,0.0,0.0,0.0,0.0,0.0,0.0,0.0,8000.0,8.39,0.0,40098.79110008517,48483.509445016745,26.22112876101231,forecast,climatology
2026-07-02,Dhanmondi,7,03:30,43963.66523895038,0.0,0.0,0.0,0.0,0.0,0.0,0.0,0.0,8000.0,8.39,0.0,36141.58025107165,41305.18884108458,26.163219910803456,forecast,climatology
2026-07-02,Dhanmondi,8,04:00,54703.55603593951,0.0,0.0,0.0,0.0,0.0,0.0,0.0,0.0,8000.0,8.39,0.0,44970.6126581157,53481.38233911179,26.111041196240656,forecast,climatology
2026-07-02,Dhanmondi,9,04:30,50857.052749319904,0.0,0.0,0.0,0.0,0.0,0.0,0.0,0.0,8000.0,8.39,0.0,41808.48533174786,43619.18783200715,26.064025614967562,forecast,climatology
2026-07-02,Dhanmondi,10,05:00,68831.84546481205,0.0,0.0,0.0,0.0,0.0,0.0,0.0,0.0,8000.0,8.39,-1.4551915228366852e-11,56585.17444291369,64925.517539426866,26.021662270048694,forecast,climatology
2026-07-02,Dhanmondi,11,05:30,67851.29663427631,0.0,0.0,0.0,0.0,0.0,0.0,0.0,0.0,8000.0,8.39,0.0,55779.08641416794,60959.06207111548,26.080830826632013,forecast,climatology
2026-07-02,Dhanmondi,12,06:00,75259.77036714638,0.0,0.0,0.0,0.0,0.0,0.0,0.0,0.0,8000.0,8.39,0.0,61869.432760387936,64491.59596102223,26.54911598692278,forecast,climatology
2026-07-02,Dhanmondi,13,06:30,79089.27519293528,0.0,0.0,0.0,0.0,0.0,0.0,0.0,0.0,8000.0,8.39,1.4551915228366852e-11,65017.58601901332,69146.91398571116,27.01000031755776,forecast,climatology
2026-07-02,Dhanmondi,14,07:00,82174.81407544299,0.0,-0.0,0.0,0.0,0.0,0.0,0.0,0.0,8000.0,8.39,0.0,67554.14093393779,76903.18321323566,27.459748743927726,forecast,climatology
2026-07-02,Dhanmondi,15,07:30,99009.2655604477,0.0,0.0,0.0,0.0,0.0,0.0,0.0,0.0,8000.0,8.39,0.0,81393.38013342625,84047.20966655176,27.894716438434475,forecast,climatology
2026-07-02,Dhanmondi,16,08:00,89585.31222896789,0.0,0.0,0.0,0.0,0.0,0.0,0.0,0.0,8000.0,8.39,0.0,73646.15151268161,76986.0042992284,28.311378358711405,forecast,climatology
2026-07-02,Dhanmondi,17,08:30,93955.32243986799,0.0,0.0,0.0,0.0,0.0,0.0,0.0,0.0,8000.0,8.39,0.0,77238.64258176836,82649.85897725861,28.706357815086918,forecast,climatology
2026-07-02,Dhanmondi,18,09:00,115120.95150128221,0.0,0.0,0.0,0.0,0.0,0.0,0.0,0.0,8000.0,8.39,0.0,94638.44937971904,96427.52545436891,29.076453835775645,forecast,climatology
2026-07-02,Dhanmondi,19,09:30,109889.50265081877,0.0,0.0,0.0,0.0,0.0,0.0,0.0,0.0,8000.0,8.39,-1.4551915228366852e-11,90337.788198929,99574.94143265854,29.41866710802606,forecast,climatology
2026-07-02,Dhanmondi,20,10:00,111944.53970229272,0.0,0.0,0.0,0.0,0.0,0.0,0.0,0.0,8000.0,8.39,1.4551915228366852e-11,92027.18980161818,96016.21995629361,29.730224284993493,forecast,climatology
2026-07-02,Dhanmondi,21,10:30,103738.91396139917,0.0,0.0,0.0,0.0,0.0,0.0,0.0,0.0,8000.0,8.39,1.4551915228366852e-11,85281.52199587715,95307.1357115241,30.00860046135211,forecast,climatology
2026-07-02,Dhanmondi,22,11:00,108382.5901390289,0.0,0.0,0.0,0.0,0.0,0.0,0.0,0.0,8000.0,8.39,1.4551915228366852e-11,89098.98794921856,100507.53751370926,30.251539635500155,forecast,climatology
2026-07-02,Dhanmondi,23,11:30,124944.08420974152,0.0,0.0,0.0,0.0,0.0,0.0,0.0,0.0,8000.0,8.39,1.4551915228366852e-11,102713.83475011734,106272.95255825574,30.457072992529785,forecast,climatology
2026-07-02,Dhanmondi,24,12:00,144336.1013761869,0.0,0.0,0.0,0.0,0.0,0.0,0.0,0.0,8000.0,8.39,2.9103830456733704e-11,118655.59349206834,120772.54201414245,30.623534859793516,forecast,climatology
2026-07-02,Dhanmondi,25,12:30,154241.64913025915,0.0,0.0,0.0,0.0,0.0,0.0,0.0,0.0,8000.0,8.39,0.0,126798.73049256226,127950.65125648753,30.7495762057611,forecast,climatology
2026-07-02,Dhanmondi,26,13:00,138984.40148276708,0.0,0.0,0.0,0.0,0.0,0.0,0.0,0.0,8000.0,8.39,0.0,114256.07652444474,115417.89154610182,30.834175572770075,forecast,climatology
2026-07-02,Dhanmondi,27,13:30,134536.87449534007,0.0,0.0,0.0,0.0,0.0,0.0,0.0,0.0,8000.0,8.39,0.0,110599.86058655048,112567.3800664307,30.87664735506935,forecast,climatology
2026-07-02,Dhanmondi,28,14:00,134916.35276809323,0.0,0.0,0.0,0.0,0.0,0.0,0.0,0.0,8000.0,8.39,2.9103830456733704e-11,110911.8214836618,112283.28351290019,30.87664735506935,forecast,climatology
2026-07-02,Dhanmondi,29,14:30,108236.0735181373,0.0,0.0,0.0,0.0,0.0,0.0,0.0,0.0,8000.0,8.39,0.0,88978.53979769877,107071.55450273288,30.834175572770075,forecast,climatology
2026-07-02,Dhanmondi,30,15:00,109211.75162554039,0.0,0.0,0.0,0.0,0.0,0.0,0.0,0.0,8000.0,8.39,0.0,89780.62371009016,110398.36924429056,30.7495762057611,forecast,climatology
2026-07-02,Dhanmondi,31,15:30,104164.0092603212,0.0,0.0,0.0,0.0,0.0,0.0,0.0,0.0,8000.0,8.39,0.0,85630.9836655726,104936.8534812776,30.623534859793516,forecast,climatology
2026-07-02,Dhanmondi,32,16:00,112098.83527703858,0.0,0.0,0.0,0.0,0.0,0.0,0.0,0.0,8000.0,8.39,2.9103830456733704e-11,92154.03286319532,98251.44848892337,30.457072992529785,forecast,climatology
2026-07-02,Dhanmondi,33,16:30,108767.98604762451,0.0,0.0,0.0,0.0,0.0,0.0,0.0,0.0,8000.0,8.39,-1.4551915228366852e-11,89415.81360702569,103311.36775117667,30.251539635500155,forecast,climatology
2026-07-02,Dhanmondi,34,17:00,132109.60439343567,0.0,0.0,0.0,0.0,0.0,0.0,0.0,0.0,8000.0,8.39,-5.820766091346741e-11,108604.45422763578,120188.88562364658,30.00860046135211,forecast,climatology
2026-07-02,Dhanmondi,35,17:30,130307.83303718285,0.0,0.0,0.0,0.0,0.0,0.0,0.0,0.0,8000.0,8.39,0.0,107123.25688632761,116892.61528230962,29.730224284993493,forecast,climatology
2026-07-02,Dhanmondi,36,18:00,112956.949406627,0.0,0.0,0.0,0.0,0.0,0.0,0.0,0.0,8000.0,8.39,0.0,92859.46996700675,109632.45961301244,29.41866710802606,forecast,climatology
2026-07-02,Dhanmondi,37,18:30,135882.0953238467,0.0,0.0,0.0,0.0,0.0,0.0,0.0,0.0,8000.0,8.39,0.0,111705.73759349785,125317.16165474839,29.07624281605279,forecast,climatology
2026-07-02,Dhanmondi,38,19:00,134351.79271596868,0.0,0.0,0.0,0.0,0.0,0.0,0.0,0.0,8000.0,8.39,0.0,110447.70885066128,119825.12717529011,28.735817722448633,forecast,climatology
2026-07-02,Dhanmondi,39,19:30,124416.20204251043,0.0,0.0,0.0,0.0,0.0,0.0,0.0,0.0,8000.0,8.39,0.0,102279.87421460697,114854.3981248333,28.42907801469894,forecast,climatology
2026-07-02,Dhanmondi,40,20:00,111435.97394830755,0.0,0.0,0.0,0.0,0.0,0.0,0.0,0.0,8000.0,8.39,0.0,91609.10887249852,109224.07904293569,28.152690491927856,forecast,climatology
2026-07-02,Dhanmondi,41,20:30,103395.50738955376,0.0,0.0,0.0,0.0,0.0,0.0,0.0,0.0,8000.0,8.39,-1.4551915228366852e-11,84999.21486548564,101295.72523533534,27.903651776647237,forecast,climatology
2026-07-02,Dhanmondi,42,21:00,94823.84430630715,0.0,0.0,0.0,0.0,0.0,0.0,0.0,0.0,8000.0,8.39,0.0,77952.63566139698,96785.80513881076,27.67925567841964,forecast,climatology
2026-07-02,Dhanmondi,43,21:30,84530.58334818333,0.0,-0.0,0.0,0.0,0.0,0.0,0.0,0.0,8000.0,8.39,0.0,69490.76800451965,88752.3992158701,27.477063786917835,forecast,climatology
2026-07-02,Dhanmondi,44,22:00,84879.21602650269,0.0,0.0,0.0,0.0,0.0,0.0,0.0,0.0,8000.0,8.39,0.0,69777.37140423937,79933.49739706893,27.29487897482893,forecast,climatology
2026-07-02,Dhanmondi,45,22:30,63883.63311125989,0.0,0.0,0.0,0.0,0.0,0.0,0.0,0.0,8000.0,8.39,0.0,52517.355872663895,65494.446098296205,27.13072152267129,forecast,climatology
2026-07-02,Dhanmondi,46,23:00,66962.77051037534,0.0,0.0,0.0,0.0,0.0,0.0,0.0,0.0,8000.0,8.39,-1.4551915228366852e-11,55048.648266265554,60016.68506155154,26.982807606083462,forecast,climatology
2026-07-02,Dhanmondi,47,23:30,59313.37106238113,0.0,0.0,0.0,0.0,0.0,0.0,0.0,0.0,8000.0,8.39,0.0,48760.24208994768,59513.94517834215,26.84952991181625,forecast,climatology
2026-07-02,Kalyanpur,0,00:00,46715.823973330305,0.0,0.0,0.0,0.0,0.0,0.0,0.0,0.0,6000.0,8.39,-7.275957614183426e-12,46602.32743267273,52135.201162856894,26.729440171790756,forecast,climatology
2026-07-02,Kalyanpur,1,00:30,43858.24126090482,0.0,0.0,0.0,0.0,0.0,0.0,0.0,0.0,6000.0,8.39,0.0,43751.68724474787,50671.598183071445,26.621233425427956,forecast,climatology
2026-07-02,Kalyanpur,2,01:00,50959.327368895,0.0,0.0,0.0,0.0,0.0,0.0,0.0,0.0,6000.0,8.39,0.0,50835.521196196256,58045.73618402951,26.523733839235685,forecast,climatology
2026-07-02,Kalyanpur,3,01:30,51317.020439851,0.0,0.0,0.0,0.0,0.0,0.0,0.0,0.0,6000.0,8.39,0.0,51192.34524841895,56035.16219066232,26.435881929560928,forecast,climatology
2026-07-02,Kalyanpur,4,02:00,53250.69841792229,0.0,0.0,0.0,0.0,0.0,0.0,0.0,0.0,6000.0,8.39,-7.275957614183426e-12,53121.32533736852,57547.24957754983,26.356723049662897,forecast,climatology
2026-07-02,Kalyanpur,5,02:30,42267.602756347915,0.0,0.0,0.0,0.0,0.0,0.0,0.0,0.0,6000.0,8.39,0.0,42164.913211634455,48446.63648147382,26.285397016001145,forecast,climatology
2026-07-02,Kalyanpur,6,03:00,40421.42988088887,0.0,0.0,0.0,0.0,0.0,0.0,0.0,0.0,6000.0,8.39,0.0,40323.22563081431,46439.78969275612,26.22112876101231,forecast,climatology
2026-07-02,Kalyanpur,7,03:30,38435.408336182445,0.0,0.0,0.0,0.0,0.0,0.0,0.0,0.0,6000.0,8.39,0.0,38342.02914442482,41322.64435435477,26.163219910803456,forecast,climatology
2026-07-02,Kalyanpur,8,04:00,48363.37957998317,0.0,0.0,0.0,0.0,0.0,0.0,0.0,0.0,6000.0,8.39,7.275957614183426e-12,48245.880287238724,50005.92019446458,26.111041196240656,forecast,climatology
2026-07-02,Kalyanpur,9,04:30,41086.344744595546,0.0,0.0,0.0,0.0,0.0,0.0,0.0,0.0,6000.0,8.39,0.0,40986.52507750716,48210.263408754145,26.064025614967562,forecast,climatology
2026-07-02,Kalyanpur,10,05:00,61344.005935863395,0.0,0.0,0.0,0.0,0.0,0.0,0.0,0.0,6000.0,8.39,0.0,61194.97008737287,62514.424071801346,26.021662270048694,forecast,climatology
2026-07-02,Kalyanpur,11,05:30,66279.56367471346,0.0,0.0,0.0,0.0,0.0,0.0,0.0,0.0,6000.0,8.39,-1.4551915228366852e-11,66118.53684154295,67593.45659426902,26.080830826632013,forecast,climatology
2026-07-02,Kalyanpur,12,06:00,70385.8525606604,0.0,0.0,0.0,0.0,0.0,0.0,0.0,0.0,6000.0,8.39,-1.4551915228366852e-11,70214.84945941076,77925.81181532812,26.54911598692278,forecast,climatology
2026-07-02,Kalyanpur,13,06:30,77860.07232710728,0.0,0.0,0.0,0.0,0.0,0.0,0.0,0.0,6000.0,8.39,-1.4551915228366852e-11,77670.91053752779,84486.01900804037,27.01000031755776,forecast,climatology
2026-07-02,Kalyanpur,14,07:00,90128.56296653734,0.0,-0.0,0.0,0.0,0.0,0.0,0.0,0.0,6000.0,8.39,0.0,89909.59476173842,95461.94329240704,27.459748743927726,forecast,climatology
2026-07-02,Kalyanpur,15,07:30,97335.04596221993,0.0,0.0,0.0,0.0,0.0,0.0,0.0,0.0,6000.0,8.39,0.0,97098.5695381336,99759.12853678287,27.894716438434475,forecast,climatology
2026-07-02,Kalyanpur,16,08:00,88437.1692056594,0.0,0.0,0.0,0.0,0.0,0.0,0.0,0.0,6000.0,8.39,0.0,88222.31025816174,91273.86582325745,28.311378358711405,forecast,climatology
2026-07-02,Kalyanpur,17,08:30,79212.52117793435,0.0,0.0,0.0,0.0,0.0,0.0,0.0,0.0,6000.0,8.39,-1.4551915228366852e-11,79020.07360095065,84381.95594202325,28.706357815086918,forecast,climatology
2026-07-02,Kalyanpur,18,09:00,86886.7498386185,0.0,0.0,0.0,0.0,0.0,0.0,0.0,0.0,6000.0,8.39,0.0,86675.65764978557,95721.59847543962,29.076453835775645,forecast,climatology
2026-07-02,Kalyanpur,19,09:30,76461.28912029142,0.0,0.0,0.0,0.0,0.0,0.0,0.0,0.0,6000.0,8.39,0.0,76275.52568787649,83653.05695840092,29.41866710802606,forecast,climatology
2026-07-02,Kalyanpur,20,10:00,92215.78584347434,0.0,0.0,0.0,0.0,0.0,0.0,0.0,0.0,6000.0,8.39,0.0,91991.74671075487,95611.3181291983,29.730224284993493,forecast,climatology
2026-07-02,Kalyanpur,21,10:30,86372.77573041499,0.0,0.0,0.0,0.0,0.0,0.0,0.0,0.0,6000.0,8.39,0.0,86162.9322465883,95475.75940436995,30.00860046135211,forecast,climatology
2026-07-02,Kalyanpur,22,11:00,93672.06787316404,0.0,0.0,0.0,0.0,0.0,0.0,0.0,0.0,6000.0,8.39,-2.9103830456733704e-11,93444.49068934051,101144.10736992149,30.251539635500155,forecast,climatology
2026-07-02,Kalyanpur,23,11:30,94300.18201756988,0.0,0.0,0.0,0.0,0.0,0.0,0.0,0.0,6000.0,8.39,-1.4551915228366852e-11,94071.07882443165,103562.61529389479,30.457072992529785,forecast,climatology
2026-07-02,Kalyanpur,24,12:00,108197.97673170557,0.0,0.0,0.0,0.0,0.0,0.0,0.0,0.0,6000.0,8.39,-1.4551915228366852e-11,107935.10871353239,113904.74982458907,30.623534859793516,forecast,climatology
2026-07-02,Kalyanpur,25,12:30,118906.27327280886,0.0,0.0,0.0,0.0,0.0,0.0,0.0,0.0,6000.0,8.39,0.0,118617.38934588393,120407.95681311468,30.7495762057611,forecast,climatology
2026-07-02,Kalyanpur,26,13:00,110165.52910571503,0.0,0.0,0.0,0.0,0.0,0.0,0.0,0.0,6000.0,8.39,1.4551915228366852e-11,109897.8809002515,120456.53428262309,30.834175572770075,forecast,climatology
2026-07-02,Kalyanpur,27,13:30,105722.99044728406,0.0,0.0,0.0,0.0,0.0,0.0,0.0,0.0,6000.0,8.39,1.4551915228366852e-11,105466.1354319344,117213.0569503816,30.87664735506935,forecast,climatology
2026-07-02,Kalyanpur,28,14:00,88387.16829963059,0.0,0.0,0.0,0.0,0.0,0.0,0.0,0.0,6000.0,8.39,1.4551915228366852e-11,88172.43082981193,100084.68769290081,30.87664735506935,forecast,climatology
2026-07-02,Kalyanpur,29,14:30,101570.58641776282,0.0,0.0,0.0,0.0,0.0,0.0,0.0,0.0,6000.0,8.39,0.0,101323.8197076741,105056.71197721343,30.834175572770075,forecast,climatology
2026-07-02,Kalyanpur,30,15:00,91657.42072200669,0.0,0.0,0.0,0.0,0.0,0.0,0.0,0.0,6000.0,8.39,0.0,91434.73814268433,99081.7979685721,30.7495762057611,forecast,climatology
2026-07-02,Kalyanpur,31,15:30,84365.5246048084,0.0,0.0,0.0,0.0,0.0,0.0,0.0,0.0,6000.0,8.39,1.4551915228366852e-11,84160.55775676836,93385.00353105622,30.623534859793516,forecast,climatology
2026-07-02,Kalyanpur,32,16:00,83051.73237258755,0.0,0.0,0.0,0.0,0.0,0.0,0.0,0.0,6000.0,8.39,-1.4551915228366852e-11,82849.9573953274,98411.2197963724,30.457072992529785,forecast,climatology
2026-07-02,Kalyanpur,33,16:30,83683.22025718339,0.0,0.0,0.0,0.0,0.0,0.0,0.0,0.0,6000.0,8.39,-2.9103830456733704e-11,83479.91107407447,101896.38719121882,30.251539635500155,forecast,climatology
2026-07-02,Kalyanpur,34,17:00,105241.24474249498,0.0,0.0,0.0,0.0,0.0,0.0,0.0,0.0,6000.0,8.39,-1.4551915228366852e-11,104985.5601329375,122399.97730101767,30.00860046135211,forecast,climatology
2026-07-02,Kalyanpur,35,17:30,100083.67310405948,0.0,0.0,0.0,0.0,0.0,0.0,0.0,0.0,6000.0,8.39,-1.4551915228366852e-11,99840.51886407216,114623.23201078697,29.730224284993493,forecast,climatology
2026-07-02,Kalyanpur,36,18:00,106771.040139275,0.0,0.0,0.0,0.0,0.0,0.0,0.0,0.0,6000.0,8.39,0.0,106511.63887718582,116691.88892314039,29.41866710802606,forecast,climatology
2026-07-02,Kalyanpur,37,18:30,126455.66548991155,0.0,0.0,0.0,0.0,0.0,0.0,0.0,0.0,6000.0,8.39,0.0,126148.44024246957,133405.5263938596,29.07624281605279,forecast,climatology
2026-07-02,Kalyanpur,38,19:00,106659.05919151602,0.0,0.0,0.0,0.0,0.0,0.0,0.0,0.0,6000.0,8.39,0.0,106399.92998820917,113832.49601114291,28.735817722448633,forecast,climatology
2026-07-02,Kalyanpur,39,19:30,113083.25041329507,0.0,0.0,0.0,0.0,0.0,0.0,0.0,0.0,6000.0,8.39,-1.4551915228366852e-11,112808.51357603933,120281.7156980433,28.42907801469894,forecast,climatology
2026-07-02,Kalyanpur,40,20:00,116802.44291028127,0.0,0.0,0.0,0.0,0.0,0.0,0.0,0.0,6000.0,8.39,0.0,116518.67025932162,124303.00342035429,28.152690491927856,forecast,climatology
2026-07-02,Kalyanpur,41,20:30,103578.45518513286,0.0,0.0,0.0,0.0,0.0,0.0,0.0,0.0,6000.0,8.39,0.0,103326.81033869102,111003.26823940611,27.903651776647237,forecast,climatology
2026-07-02,Kalyanpur,42,21:00,83414.6012561182,0.0,0.0,0.0,0.0,0.0,0.0,0.0,0.0,6000.0,8.39,-1.4551915228366852e-11,83211.94468543882,98594.55334842377,27.67925567841964,forecast,climatology
2026-07-02,Kalyanpur,43,21:30,77419.31255180258,0.0,0.0,0.0,0.0,0.0,0.0,0.0,0.0,6000.0,8.39,0.0,77231.22159230812,90733.0524423932,27.477063786917835,forecast,climatology
2026-07-02,Kalyanpur,44,22:00,71925.27149375502,0.0,0.0,0.0,0.0,0.0,0.0,0.0,0.0,6000.0,8.39,0.0,71750.5283595002,87495.88718726103,27.29487897482893,forecast,climatology
2026-07-02,Kalyanpur,45,22:30,63497.476527036444,0.0,-0.0,0.0,0.0,0.0,0.0,0.0,0.0,6000.0,8.39,0.0,63343.208801170695,78486.7899539126,27.13072152267129,forecast,climatology
2026-07-02,Kalyanpur,46,23:00,54336.278417405694,0.0,0.0,0.0,0.0,0.0,0.0,0.0,0.0,6000.0,8.39,7.275957614183426e-12,54204.26790987175,65070.75270838631,26.982807606083462,forecast,climatology
2026-07-02,Kalyanpur,47,23:30,61833.08285630347,0.0,0.0,0.0,0.0,0.0,0.0,0.0,0.0,6000.0,8.39,0.0,61682.85879076217,66394.86429002506,26.84952991181625,forecast,climatology
2026-07-03,Dhanmondi,0,00:00,40416.98469735286,0.0,0.0,0.0,0.0,0.0,0.0,0.0,0.0,8000.0,8.39,0.0,40463.11257286652,47208.26109217351,26.711324596482378,forecast,climatology
2026-07-03,Dhanmondi,1,00:30,40320.09619661546,0.0,0.0,0.0,0.0,0.0,0.0,0.0,0.0,8000.0,8.39,0.0,40366.11349335311,47118.26046597685,26.603988144628133,forecast,climatology
2026-07-03,Dhanmondi,2,01:00,44435.6263680885,0.0,0.0,0.0,0.0,0.0,0.0,0.0,0.0,8000.0,8.39,0.0,44486.340716445484,53066.37739008243,26.507267496193972,forecast,climatology
2026-07-03,Dhanmondi,3,01:30,48327.67564075426,0.0,0.0,0.0,0.0,0.0,0.0,0.0,0.0,8000.0,8.39,7.275957614183426e-12,48382.83198214179,51786.56587419935,26.42011272563916,forecast,climatology
2026-07-03,Dhanmondi,4,02:00,43721.296570259045,0.0,0.0,0.0,0.0,0.0,0.0,0.0,0.0,8000.0,8.39,0.0,43771.195654532414,50503.09373098886,26.341577747292398,forecast,climatology
2026-07-03,Dhanmondi,5,02:30,38839.25991877519,0.0,0.0,0.0,0.0,0.0,0.0,0.0,0.0,8000.0,8.39,0.0,38883.587138135896,45679.684426352665,26.27081004536783,forecast,climatology
2026-07-03,Dhanmondi,6,03:00,40865.585970689215,0.0,-0.0,0.0,0.0,0.0,0.0,0.0,0.0,8000.0,8.39,0.0,40912.22583451295,48460.75840006846,26.207041419704353,forecast,climatology
2026-07-03,Dhanmondi,7,03:30,40494.028427595535,0.0,0.0,0.0,0.0,0.0,0.0,0.0,0.0,8000.0,8.39,0.0,40540.24423306303,41290.072768607264,26.14957964677094,forecast,climatology
2026-07-03,Dhanmondi,8,04:00,47169.2407912509,0.0,0.0,0.0,0.0,0.0,0.0,0.0,0.0,8000.0,8.39,0.0,47223.075011779416,53455.58390812878,26.097800965416322,forecast,climatology
2026-07-03,Dhanmondi,9,04:30,40201.58019885212,0.0,0.0,0.0,0.0,0.0,0.0,0.0,0.0,8000.0,8.39,-7.275957614183426e-12,40247.46223336688,43602.62753728345,26.051143305793993,forecast,climatology
2026-07-03,Dhanmondi,10,05:00,55930.65671168032,0.0,0.0,0.0,0.0,0.0,0.0,0.0,0.0,8000.0,8.39,0.0,55994.490329885964,64901.070389452994,26.009100187960918,forecast,climatology
2026-07-03,Dhanmondi,11,05:30,59703.21502567494,0.0,0.0,0.0,0.0,0.0,0.0,0.0,0.0,8000.0,8.39,0.0,59771.354261966146,60936.34999549351,26.06506095975977,forecast,climatology
2026-07-03,Dhanmondi,12,06:00,58854.99342037863,0.0,0.0,0.0,0.0,0.0,0.0,0.0,0.0,8000.0,8.39,0.0,58922.164581962876,64471.22313264875,26.529850135375046,forecast,climatology
2026-07-03,Dhanmondi,13,06:30,63836.98000433169,0.0,0.0,0.0,0.0,0.0,0.0,0.0,0.0,8000.0,8.39,0.0,63909.83710361462,69122.86269774506,26.987310129756303,forecast,climatology
2026-07-03,Dhanmondi,14,07:00,69213.40071958266,0.0,0.0,0.0,0.0,0.0,0.0,0.0,0.0,8000.0,8.39,0.0,69292.39392395398,76862.10443484185,27.433731285358142,forecast,climatology
2026-07-03,Dhanmondi,15,07:30,79022.45096842582,0.0,0.0,0.0,0.0,0.0,0.0,0.0,0.0,8000.0,8.39,0.0,79112.63923477847,84000.94495154475,27.865493461340623,forecast,climatology
2026-07-03,Dhanmondi,16,08:00,75189.27441572056,0.0,0.0,0.0,0.0,0.0,0.0,0.0,0.0,8000.0,8.39,1.4551915228366852e-11,75275.08788043555,76931.82594760656,28.27909539019704,forecast,climatology
2026-07-03,Dhanmondi,17,08:30,74220.42451986307,0.0,0.0,0.0,0.0,0.0,0.0,0.0,0.0,8000.0,8.39,0.0,74305.13223689001,82582.07337559079,28.67118307040809,forecast,climatology
2026-07-03,Dhanmondi,18,09:00,94152.10477018545,0.0,0.0,0.0,0.0,0.0,0.0,0.0,0.0,8000.0,8.39,0.0,94259.56049952084,96321.8423424734,29.03857696487936,forecast,climatology
2026-07-03,Dhanmondi,19,09:30,95319.76305308744,0.0,0.0,0.0,0.0,0.0,0.0,0.0,0.0,8000.0,8.39,0.0,95428.55142997974,99446.90499957271,29.378297784603074,forecast,climatology
2026-07-03,Dhanmondi,20,10:00,93794.99924621376,0.0,0.0,0.0,0.0,0.0,0.0,0.0,0.0,8000.0,8.39,0.0,93902.04741127192,95886.85094119514,29.687590648458055,forecast,climatology
2026-07-03,Dhanmondi,21,10:30,84817.7318777966,0.0,0.0,0.0,0.0,0.0,0.0,0.0,0.0,8000.0,8.39,0.0,84914.53429407543,95177.30989291296,29.96394742322997,forecast,climatology
2026-07-03,Dhanmondi,22,11:00,89981.74501612879,0.0,0.0,0.0,0.0,0.0,0.0,0.0,0.0,8000.0,8.39,0.0,90084.44111688167,100383.62548285363,30.205127062691083,forecast,climatology
2026-07-03,Dhanmondi,23,11:30,92910.37325015524,0.0,0.0,0.0,0.0,0.0,0.0,0.0,0.0,8000.0,8.39,2.9103830456733704e-11,93016.41179220144,106126.89504575584,30.409173780804768,forecast,climatology
2026-07-03,Dhanmondi,24,12:00,119320.53867266887,0.0,0.0,0.0,0.0,0.0,0.0,0.0,0.0,8000.0,8.39,0.0,119456.71911748272,120592.9679116747,30.574432911683825,forecast,climatology
2026-07-03,Dhanmondi,25,12:30,125214.74836403338,0.0,0.0,0.0,0.0,0.0,0.0,0.0,0.0,8000.0,8.39,0.0,125357.6558661211,127761.1714654769,30.699564327690126,forecast,climatology
2026-07-03,Dhanmondi,26,13:00,113980.27205561327,0.0,0.0,0.0,0.0,0.0,0.0,0.0,0.0,8000.0,8.39,-1.4551915228366852e-11,114110.35765798484,115230.52627182292,30.783553306864906,forecast,climatology
2026-07-03,Dhanmondi,27,13:30,111506.30290372766,0.0,0.0,0.0,0.0,0.0,0.0,0.0,0.0,8000.0,8.39,1.4551915228366852e-11,111633.56496688875,112385.91023343743,30.825718761563014,forecast,climatology
2026-07-03,Dhanmondi,28,14:00,109125.90031932628,0.0,0.0,0.0,0.0,0.0,0.0,0.0,0.0,8000.0,8.39,0.0,109250.44563073292,112092.28374896264,30.825718761563014,forecast,climatology
2026-07-03,Dhanmondi,29,14:30,95109.1374434976,0.0,0.0,0.0,0.0,0.0,0.0,0.0,0.0,8000.0,8.39,-1.4551915228366852e-11,95217.6854335335,106891.43910750536,30.783553306864906,forecast,climatology
2026-07-03,Dhanmondi,30,15:00,90849.48473927572,0.0,-0.0,0.0,0.0,0.0,0.0,0.0,0.0,8000.0,8.39,0.0,90953.17119074945,110209.63818714049,30.699564327690126,forecast,climatology
2026-07-03,Dhanmondi,31,15:30,90770.54743654224,0.0,0.0,0.0,0.0,0.0,0.0,0.0,0.0,8000.0,8.39,0.0,90874.14379692926,104765.07277418215,30.574432911683825,forecast,climatology
2026-07-03,Dhanmondi,32,16:00,90231.59251792355,0.0,0.0,0.0,0.0,0.0,0.0,0.0,0.0,8000.0,8.39,1.4551915228366852e-11,90334.57376945017,98100.17777188629,30.409173780804768,forecast,climatology
2026-07-03,Dhanmondi,33,16:30,92893.12200912983,0.0,0.0,0.0,0.0,0.0,0.0,0.0,0.0,8000.0,8.39,-1.4551915228366852e-11,92999.14086234722,103153.25268722264,30.20512706269108,forecast,climatology
2026-07-03,Dhanmondi,34,17:00,105127.0802987714,0.0,0.0,0.0,0.0,0.0,0.0,0.0,0.0,8000.0,8.39,0.0,105247.06175976987,120039.99995808702,29.96394742322997,forecast,climatology
2026-07-03,Dhanmondi,35,17:30,99340.05769322051,0.0,0.0,0.0,0.0,0.0,0.0,0.0,0.0,8000.0,8.39,0.0,99453.43442948892,116763.40002908603,29.687590648458055,forecast,climatology
2026-07-03,Dhanmondi,36,18:00,97358.1014895235,0.0,0.0,0.0,0.0,0.0,0.0,0.0,0.0,8000.0,8.39,0.0,97469.21622060475,109509.34667523198,29.378297784603074,forecast,climatology
2026-07-03,Dhanmondi,37,18:30,108099.53425165563,0.0,0.0,0.0,0.0,0.0,0.0,0.0,0.0,8000.0,8.39,0.0,108222.90817220882,125196.94800575562,29.038366989993467,forecast,climatology
2026-07-03,Dhanmondi,38,19:00,102203.75482582422,0.0,0.0,0.0,0.0,0.0,0.0,0.0,0.0,8000.0,8.39,0.0,102320.3998975666,119701.91719974163,28.70088109521497,forecast,climatology
2026-07-03,Dhanmondi,39,19:30,106113.07825095794,0.0,0.0,0.0,0.0,0.0,0.0,0.0,0.0,8000.0,8.39,0.0,106234.18503070874,114752.9263576863,28.396773273347673,forecast,climatology
2026-07-03,Dhanmondi,40,20:00,99051.94495107268,0.0,0.0,0.0,0.0,0.0,0.0,0.0,0.0,8000.0,8.39,0.0,99164.99286447593,109131.09060335778,28.122742361977078,forecast,climatology
2026-07-03,Dhanmondi,41,20:30,91925.9768007146,0.0,0.0,0.0,0.0,0.0,0.0,0.0,0.0,8000.0,8.39,0.0,92030.89185180244,101207.74168434933,27.875813690673887,forecast,climatology
2026-07-03,Dhanmondi,42,21:00,78634.63610966003,0.0,0.0,0.0,0.0,0.0,0.0,0.0,0.0,8000.0,8.39,0.0,78724.38176319389,96703.36158774859,27.653306790242137,forecast,climatology
2026-07-03,Dhanmondi,43,21:30,78141.49592992886,0.0,0.0,0.0,0.0,0.0,0.0,0.0,0.0,8000.0,8.39,0.0,78230.6787629309,88677.54867482852,27.452806295591376,forecast,climatology
2026-07-03,Dhanmondi,44,22:00,71828.13020348236,0.0,0.0,0.0,0.0,0.0,0.0,0.0,0.0,8000.0,8.39,0.0,71910.10759672977,79871.51714816722,27.27213572637669,forecast,climatology
2026-07-03,Dhanmondi,45,22:30,53924.80495326879,0.0,0.0,0.0,0.0,0.0,0.0,0.0,0.0,8000.0,8.39,7.275957614183426e-12,53986.34929430789,65452.12050071747,27.1093338607892,forecast,climatology
2026-07-03,Dhanmondi,46,23:00,56996.34736557905,0.0,0.0,0.0,0.0,0.0,0.0,0.0,0.0,8000.0,8.39,-7.275957614183426e-12,57061.397255760174,59975.70934575903,26.96263344602893,forecast,climatology
2026-07-03,Dhanmondi,47,23:30,53240.15287548593,0.0,0.0,0.0,0.0,0.0,0.0,0.0,0.0,8000.0,8.39,-7.275957614183426e-12,53300.91582360195,59474.896135794435,26.830442014357235,forecast,climatology
2026-07-03,Kalyanpur,0,00:00,47705.74541641681,0.0,0.0,0.0,0.0,0.0,0.0,0.0,0.0,6000.0,8.39,0.0,48528.79946327848,52106.77124443049,26.711324596482378,forecast,climatology
2026-07-03,Kalyanpur,1,00:30,45012.68947726315,0.0,0.0,0.0,0.0,0.0,0.0,0.0,0.0,6000.0,8.39,0.0,45789.28097396867,50647.41458144969,26.603988144628133,forecast,climatology
2026-07-03,Kalyanpur,2,01:00,47569.80048753911,0.0,0.0,0.0,0.0,0.0,0.0,0.0,0.0,6000.0,8.39,-7.275957614183426e-12,48390.50911409795,58013.52712643563,26.507267496193972,forecast,climatology
2026-07-03,Kalyanpur,3,01:30,47060.2077919972,0.0,0.0,0.0,0.0,0.0,0.0,0.0,0.0,6000.0,8.39,-7.275957614183426e-12,47872.124556555806,56006.63747322744,26.42011272563916,forecast,climatology
2026-07-03,Kalyanpur,4,02:00,48894.38775169447,0.0,0.0,0.0,0.0,0.0,0.0,0.0,0.0,6000.0,8.39,0.0,49737.94911640185,57518.253726718554,26.341577747292398,forecast,climatology
2026-07-03,Kalyanpur,5,02:30,42250.36947435751,0.0,0.0,0.0,0.0,0.0,0.0,0.0,0.0,6000.0,8.39,0.0,42979.30342714935,48424.91856802471,26.27081004536783,forecast,climatology
2026-07-03,Kalyanpur,6,03:00,39527.33304871426,0.0,0.0,0.0,0.0,0.0,0.0,0.0,0.0,6000.0,8.39,-7.275957614183426e-12,40209.287206298795,46421.47234790424,26.207041419704353,forecast,climatology
2026-07-03,Kalyanpur,7,03:30,37527.077896223425,0.0,0.0,0.0,0.0,0.0,0.0,0.0,0.0,6000.0,8.39,0.0,38174.52220423649,41310.663856220424,26.14957964677094,forecast,climatology
2026-07-03,Kalyanpur,8,04:00,47142.614325905815,0.0,0.0,0.0,0.0,0.0,0.0,0.0,0.0,6000.0,8.39,0.0,47955.95282762896,49985.20156748511,26.097800965416322,forecast,climatology
2026-07-03,Kalyanpur,9,04:30,40459.7556200717,0.0,0.0,0.0,0.0,0.0,0.0,0.0,0.0,6000.0,8.39,0.0,41157.796606696254,48192.521034587655,26.051143305793993,forecast,climatology
2026-07-03,Kalyanpur,10,05:00,56027.951807454934,0.0,0.0,0.0,0.0,0.0,0.0,0.0,0.0,6000.0,8.39,0.0,56994.58658215502,62499.55315523005,26.009100187960918,forecast,climatology
2026-07-03,Kalyanpur,11,05:30,60633.32166554584,0.0,0.0,0.0,0.0,0.0,0.0,0.0,0.0,6000.0,8.39,0.0,61679.411614164914,67571.03851201822,26.06506095975977,forecast,climatology
2026-07-03,Kalyanpur,12,06:00,74372.27664913477,0.0,0.0,0.0,0.0,0.0,0.0,0.0,0.0,6000.0,8.39,0.0,75655.4009926718,77900.63750769854,26.529850135375046,forecast,climatology
2026-07-03,Kalyanpur,13,06:30,80318.40185508653,0.0,0.0,0.0,0.0,0.0,0.0,0.0,0.0,6000.0,8.39,1.4551915228366852e-11,81704.11305417286,84458.20576776112,26.987310129756303,forecast,climatology
2026-07-03,Kalyanpur,14,07:00,89696.48714462032,0.0,0.0,0.0,0.0,0.0,0.0,0.0,0.0,6000.0,8.39,0.0,91243.99585849221,95436.10239241611,27.433731285358142,forecast,climatology
2026-07-03,Kalyanpur,15,07:30,92238.10256819257,0.0,0.0,0.0,0.0,0.0,0.0,0.0,0.0,6000.0,8.39,0.0,93829.46107084095,99710.7232033165,27.865493461340623,forecast,climatology
2026-07-03,Kalyanpur,16,08:00,80689.52450058694,0.0,0.0,0.0,0.0,0.0,0.0,0.0,0.0,6000.0,8.39,0.0,82081.63857615262,91217.34402358129,28.27909539019704,forecast,climatology
2026-07-03,Kalyanpur,17,08:30,74861.18744269018,0.0,0.0,0.0,0.0,0.0,0.0,0.0,0.0,6000.0,8.39,1.4551915228366852e-11,76152.74682908584,84322.94869553877,28.67118307040809,forecast,climatology
2026-07-03,Kalyanpur,18,09:00,90135.6363043178,0.0,0.0,0.0,0.0,0.0,0.0,0.0,0.0,6000.0,8.39,0.0,91690.72153732608,95638.28336630986,29.03857696487936,forecast,climatology
2026-07-03,Kalyanpur,19,09:30,76407.66915849128,0.0,0.0,0.0,0.0,0.0,0.0,0.0,0.0,6000.0,8.39,1.4551915228366852e-11,77725.90956671101,83575.07579373004,29.378297784603074,forecast,climatology
2026-07-03,Kalyanpur,20,10:00,82627.99479342016,0.0,0.0,0.0,0.0,0.0,0.0,0.0,0.0,6000.0,8.39,1.4551915228366852e-11,84053.552761442,95499.15862243733,29.687590648458055,forecast,climatology
2026-07-03,Kalyanpur,21,10:30,83660.65912606142,0.0,0.0,0.0,0.0,0.0,0.0,0.0,0.0,6000.0,8.39,1.4551915228366852e-11,85104.03336653861,95363.08729892911,29.96394742322997,forecast,climatology
2026-07-03,Kalyanpur,22,11:00,90160.57094479399,0.0,0.0,0.0,0.0,0.0,0.0,0.0,0.0,6000.0,8.39,1.4551915228366852e-11,91716.08636826614,101026.69227566528,30.205127062691083,forecast,climatology
2026-07-03,Kalyanpur,23,11:30,90140.12965705658,0.0,-0.0,0.0,0.0,0.0,0.0,0.0,0.0,6000.0,8.39,1.4551915228366852e-11,91695.29241263827,103447.34631891204,30.409173780804768,forecast,climatology
2026-07-03,Kalyanpur,24,12:00,107910.6634342107,0.0,0.0,0.0,0.0,0.0,0.0,0.0,0.0,6000.0,8.39,1.4551915228366852e-11,109772.4162999042,113767.07546031727,30.574432911683825,forecast,climatology
2026-07-03,Kalyanpur,25,12:30,113929.87986078726,0.0,0.0,0.0,0.0,0.0,0.0,0.0,0.0,6000.0,8.39,-1.4551915228366852e-11,115895.48060466789,120256.87945368937,30.699564327690126,forecast,climatology
2026-07-03,Kalyanpur,26,13:00,116623.14816712753,0.0,0.0,0.0,0.0,0.0,0.0,0.0,0.0,6000.0,8.39,-1.4551915228366852e-11,118635.2151250766,120280.92504709828,30.783553306864906,forecast,climatology
2026-07-03,Kalyanpur,27,13:30,108554.62394255279,0.0,0.0,0.0,0.0,0.0,0.0,0.0,0.0,6000.0,8.39,1.4551915228366852e-11,110427.48688100131,117032.81501211382,30.825718761563014,forecast,climatology
2026-07-03,Kalyanpur,28,14:00,95229.10310601072,0.0,0.0,0.0,0.0,0.0,0.0,0.0,0.0,6000.0,8.39,1.4551915228366852e-11,96872.06451466813,99937.07274051697,30.825718761563014,forecast,climatology
2026-07-03,Kalyanpur,29,14:30,89703.92082439712,0.0,0.0,0.0,0.0,0.0,0.0,0.0,0.0,6000.0,8.39,1.4551915228366852e-11,91251.55778949257,104894.93979499886,30.783553306864906,forecast,climatology
2026-07-03,Kalyanpur,30,15:00,89590.81488216469,0.0,0.0,0.0,0.0,0.0,0.0,0.0,0.0,6000.0,8.39,0.0,91136.50046168451,98936.2607272212,30.699564327690126,forecast,climatology
2026-07-03,Kalyanpur,31,15:30,77290.0435470593,0.0,0.0,0.0,0.0,0.0,0.0,0.0,0.0,6000.0,8.39,1.4551915228366852e-11,78623.50731684729,93255.42895822613,30.574432911683825,forecast,climatology
2026-07-03,Kalyanpur,32,16:00,81320.97470428019,0.0,0.0,0.0,0.0,0.0,0.0,0.0,0.0,6000.0,8.39,0.0,82723.98301577088,98276.6097186098,30.409173780804768,forecast,climatology
2026-07-03,Kalyanpur,33,16:30,88735.38766996363,0.0,0.0,0.0,0.0,0.0,0.0,0.0,0.0,6000.0,8.39,0.0,90266.31480010482,101751.8673914218,30.20512706269108,forecast,climatology
2026-07-03,Kalyanpur,34,17:00,103267.97676095921,0.0,0.0,0.0,0.0,0.0,0.0,0.0,0.0,6000.0,8.39,0.0,105049.63063603063,122280.07853845094,29.96394742322997,forecast,climatology
2026-07-03,Kalyanpur,35,17:30,96937.7443455495,0.0,0.0,0.0,0.0,0.0,0.0,0.0,0.0,6000.0,8.39,1.4551915228366852e-11,98610.18446949718,114522.60383879335,29.687590648458055,forecast,climatology
2026-07-03,Kalyanpur,36,18:00,107002.21928235133,0.0,0.0,0.0,0.0,0.0,0.0,0.0,0.0,6000.0,8.39,0.0,108848.29901205224,116589.93810866731,29.378297784603074,forecast,climatology
2026-07-03,Kalyanpur,37,18:30,124207.08175517389,0.0,0.0,0.0,0.0,0.0,0.0,0.0,0.0,6000.0,8.39,-1.4551915228366852e-11,126349.99222424065,133301.23000595925,29.038366989993467,forecast,climatology
2026-07-03,Kalyanpur,38,19:00,103798.92466726924,0.0,0.0,0.0,0.0,0.0,0.0,0.0,0.0,6000.0,8.39,1.4551915228366852e-11,105589.73883989282,113734.46659321766,28.70088109521497,forecast,climatology
2026-07-03,Kalyanpur,39,19:30,111271.80358609112,0.0,0.0,0.0,0.0,0.0,0.0,0.0,0.0,6000.0,8.39,0.0,113191.54527430324,120187.83019990785,28.396773273347673,forecast,climatology
2026-07-03,Kalyanpur,40,20:00,113740.67184509007,0.0,0.0,0.0,0.0,0.0,0.0,0.0,0.0,6000.0,8.39,0.0,115703.00823534485,124210.26061032862,28.122742361977078,forecast,climatology
2026-07-03,Kalyanpur,41,20:30,99539.0622784773,0.0,0.0,0.0,0.0,0.0,0.0,0.0,0.0,6000.0,8.39,0.0,101256.38222210249,110923.15129935864,27.875813690673887,forecast,climatology
2026-07-03,Kalyanpur,42,21:00,89960.97931868225,0.0,0.0,0.0,0.0,0.0,0.0,0.0,0.0,6000.0,8.39,1.4551915228366852e-11,91513.05124296676,98532.39155862709,27.653306790242137,forecast,climatology
2026-07-03,Kalyanpur,43,21:30,71458.60109235345,0.0,-0.0,0.0,0.0,0.0,0.0,0.0,0.0,6000.0,8.39,1.4551915228366852e-11,72691.45659641815,90664.10358325667,27.452806295591376,forecast,climatology
2026-07-03,Kalyanpur,44,22:00,77622.49079091052,0.0,0.0,0.0,0.0,0.0,0.0,0.0,0.0,6000.0,8.39,1.4551915228366852e-11,78961.69018115752,87435.3797194171,27.27213572637669,forecast,climatology
2026-07-03,Kalyanpur,45,22:30,72569.09835170742,0.0,0.0,0.0,0.0,0.0,0.0,0.0,0.0,6000.0,8.39,-1.4551915228366852e-11,73821.11295821062,78436.71336071496,27.1093338607892,forecast,climatology
2026-07-03,Kalyanpur,46,23:00,54892.86251767421,0.0,0.0,0.0,0.0,0.0,0.0,0.0,0.0,6000.0,8.39,0.0,55839.91391042836,65030.56960411361,26.96263344602893,forecast,climatology
2026-07-03,Kalyanpur,47,23:30,53281.17362883835,0.0,0.0,0.0,0.0,0.0,0.0,0.0,0.0,6000.0,8.39,0.0,54200.418998425725,66354.10960630424,26.830442014357235,forecast,climatology
2026-07-04,Dhanmondi,0,00:00,48472.938915404906,0.0,0.0,0.0,0.0,0.0,0.0,0.0,0.0,8000.0,8.39,0.0,42899.90319104173,47196.84273587114,26.703642184214576,forecast,climatology
2026-07-04,Dhanmondi,1,00:30,46277.36528230125,0.0,0.0,0.0,0.0,0.0,0.0,0.0,0.0,8000.0,8.39,-7.275957614183426e-12,40956.75927576709,47107.01643428495,26.59658847946479,forecast,climatology
2026-07-04,Dhanmondi,2,01:00,57019.3709610273,0.0,0.0,0.0,0.0,0.0,0.0,0.0,0.0,8000.0,8.39,0.0,50463.73397146705,53052.554560329154,26.50011694286969,forecast,climatology
2026-07-04,Dhanmondi,3,01:30,49323.71295896199,0.0,0.0,0.0,0.0,0.0,0.0,0.0,0.0,8000.0,8.39,0.0,43652.86195365665,51774.08532410926,26.413181536058953,forecast,climatology
2026-07-04,Dhanmondi,4,02:00,48156.9834948467,0.0,-0.0,0.0,0.0,0.0,0.0,0.0,0.0,8000.0,8.39,-7.275957614183426e-12,42620.273829630714,50491.46379158558,26.334839620670284,forecast,climatology
2026-07-04,Dhanmondi,5,02:30,44008.69677750309,0.0,0.0,0.0,0.0,0.0,0.0,0.0,0.0,8000.0,8.39,0.0,38948.924359913086,45670.01312222676,26.26424173734609,forecast,climatology
2026-07-04,Dhanmondi,6,03:00,46867.126051959465,0.0,0.0,0.0,0.0,0.0,0.0,0.0,0.0,8000.0,8.39,0.0,41478.714009486925,48450.391680412904,26.200622395067704,forecast,climatology
2026-07-04,Dhanmondi,7,03:30,44989.20086090515,0.0,0.0,0.0,0.0,0.0,0.0,0.0,0.0,8000.0,8.39,0.0,39816.69782687325,41283.10457603274,26.143291770956093,forecast,climatology
2026-07-04,Dhanmondi,8,04:00,49818.729710268766,0.0,0.0,0.0,0.0,0.0,0.0,0.0,0.0,8000.0,8.39,7.275957614183426e-12,44090.96558805899,53443.55640824688,26.09162823054028,forecast,climatology
2026-07-04,Dhanmondi,9,04:30,47914.76114614626,0.0,0.0,0.0,0.0,0.0,0.0,0.0,0.0,8000.0,8.39,0.0,42405.900293747276,43594.822302610104,26.04507158739089,forecast,climatology
2026-07-04,Dhanmondi,10,05:00,68534.25810991052,0.0,0.0,0.0,0.0,0.0,0.0,0.0,0.0,8000.0,8.39,0.0,60654.73032935184,64889.4265247973,26.003117029033202,forecast,climatology
2026-07-04,Dhanmondi,11,05:30,66526.23230993649,0.0,0.0,0.0,0.0,0.0,0.0,0.0,0.0,8000.0,8.39,1.4551915228366852e-11,58877.571478423924,60923.25372676034,26.055967717121728,forecast,climatology
2026-07-04,Dhanmondi,12,06:00,67264.3803807163,0.0,0.0,0.0,0.0,0.0,0.0,0.0,0.0,8000.0,8.39,0.0,59530.85311320107,64460.62244334087,26.519825444509102,forecast,climatology
2026-07-04,Dhanmondi,13,06:30,72065.61805170079,0.0,0.0,0.0,0.0,0.0,0.0,0.0,0.0,8000.0,8.39,0.0,63780.0823922816,69111.28377409418,26.976386475582494,forecast,climatology
2026-07-04,Dhanmondi,14,07:00,76807.36973046132,0.0,0.0,0.0,0.0,0.0,0.0,0.0,0.0,8000.0,8.39,-1.4551915228366852e-11,67976.66490876148,76843.49659007629,27.42194590981424,forecast,climatology
2026-07-04,Dhanmondi,15,07:30,90682.7525754278,0.0,0.0,0.0,0.0,0.0,0.0,0.0,0.0,8000.0,8.39,0.0,80256.7658084931,83980.98865444302,27.852888122412384,forecast,climatology
2026-07-04,Dhanmondi,16,08:00,79152.11232785611,0.0,0.0,0.0,0.0,0.0,0.0,0.0,0.0,8000.0,8.39,0.0,70051.82751880444,76909.37238510876,28.265716104385398,forecast,climatology
2026-07-04,Dhanmondi,17,08:30,87093.83799991134,0.0,0.0,0.0,0.0,0.0,0.0,0.0,0.0,8000.0,8.39,-1.4551915228366852e-11,77080.4762891126,82554.89489958226,28.657079840063634,forecast,climatology
2026-07-04,Dhanmondi,18,09:00,107170.63212243265,0.0,0.0,0.0,0.0,0.0,0.0,0.0,0.0,8000.0,8.39,1.4551915228366852e-11,94848.999170421,96280.62176190219,29.023803491799683,forecast,climatology
2026-07-04,Dhanmondi,19,09:30,97601.86742295536,0.0,0.0,0.0,0.0,0.0,0.0,0.0,0.0,8000.0,8.39,0.0,86380.37547129192,99398.10440238538,29.36291117124927,forecast,climatology
2026-07-04,Dhanmondi,20,10:00,97894.10331286254,0.0,0.0,0.0,0.0,0.0,0.0,0.0,0.0,8000.0,8.39,0.0,86639.01238637247,95838.48337530835,29.671651088103935,forecast,climatology
2026-07-04,Dhanmondi,21,10:30,91868.94892345087,0.0,0.0,0.0,0.0,0.0,0.0,0.0,0.0,8000.0,8.39,0.0,81306.58266784564,95129.54206012371,29.947517880313452,forecast,climatology
2026-07-04,Dhanmondi,22,11:00,104692.06468320654,0.0,0.0,0.0,0.0,0.0,0.0,0.0,0.0,8000.0,8.39,-1.4551915228366852e-11,92655.39784204194,100338.62845132843,30.188272944592697,forecast,climatology
2026-07-04,Dhanmondi,23,11:30,111907.1296349807,0.0,0.0,0.0,0.0,0.0,0.0,0.0,0.0,8000.0,8.39,-1.4551915228366852e-11,99040.93160322713,106074.41355726049,30.391962602235033,forecast,climatology
2026-07-04,Dhanmondi,24,12:00,134678.87679074437,0.0,0.0,0.0,0.0,0.0,0.0,0.0,0.0,8000.0,8.39,0.0,119194.56310013401,120528.97126891394,30.556933952820327,forecast,climatology
2026-07-04,Dhanmondi,25,12:30,143209.3066786576,0.0,0.0,0.0,0.0,0.0,0.0,0.0,0.0,8000.0,8.39,5.820766091346741e-11,126744.23152457408,127694.05077764914,30.681848287167917,forecast,climatology
2026-07-04,Dhanmondi,26,13:00,125997.68525899683,0.0,0.0,0.0,0.0,0.0,0.0,0.0,0.0,8000.0,8.39,-1.4551915228366852e-11,111511.46641509885,115164.41706397435,30.765691950691142,forecast,climatology
2026-07-04,Dhanmondi,27,13:30,123874.4708744002,0.0,0.0,0.0,0.0,0.0,0.0,0.0,0.0,8000.0,8.39,-1.4551915228366852e-11,109632.36245336075,112322.00674219034,30.807784568999534,forecast,climatology
2026-07-04,Dhanmondi,28,14:00,118459.17065497221,0.0,0.0,0.0,0.0,0.0,0.0,0.0,0.0,8000.0,8.39,0.0,104839.67068838808,112025.02435084853,30.807784568999534,forecast,climatology
2026-07-04,Dhanmondi,29,14:30,101195.83126416475,0.0,0.0,0.0,0.0,0.0,0.0,0.0,0.0,8000.0,8.39,0.0,89561.13373167033,106827.88791774696,30.765691950691142,forecast,climatology
2026-07-04,Dhanmondi,30,15:00,115572.07282228109,0.0,0.0,0.0,0.0,0.0,0.0,0.0,0.0,8000.0,8.39,-2.9103830456733704e-11,102284.50856500889,110142.78272829279,30.68184828716792,forecast,climatology
2026-07-04,Dhanmondi,31,15:30,101541.71155844111,0.0,0.0,0.0,0.0,0.0,0.0,0.0,0.0,8000.0,8.39,0.0,89867.24744113687,104703.85354271121,30.556933952820327,forecast,climatology
2026-07-04,Dhanmondi,32,16:00,100535.17139736291,0.0,0.0,0.0,0.0,0.0,0.0,0.0,0.0,8000.0,8.39,0.0,88976.43131910419,98045.82307105644,30.391962602235033,forecast,climatology
2026-07-04,Dhanmondi,33,16:30,97120.30099497462,0.0,0.0,0.0,0.0,0.0,0.0,0.0,0.0,8000.0,8.39,-1.4551915228366852e-11,85954.17574825714,103095.8352720758,30.188272944592697,forecast,climatology
2026-07-04,Dhanmondi,34,17:00,121275.03343598281,0.0,0.0,0.0,0.0,0.0,0.0,0.0,0.0,8000.0,8.39,0.0,107331.78780378377,119985.21928615888,29.947517880313455,forecast,climatology
2026-07-04,Dhanmondi,35,17:30,117729.21210846055,0.0,0.0,0.0,0.0,0.0,0.0,0.0,0.0,8000.0,8.39,0.0,104193.63701105144,116715.089950594,29.671651088103935,forecast,climatology
2026-07-04,Dhanmondi,36,18:00,105320.62980635604,0.0,0.0,0.0,0.0,0.0,0.0,0.0,0.0,8000.0,8.39,0.0,93211.69551112782,109462.42264946541,29.36291117124927,forecast,climatology
2026-07-04,Dhanmondi,37,18:30,131378.7784195124,0.0,0.0,0.0,0.0,0.0,0.0,0.0,0.0,8000.0,8.39,0.0,116273.88397865878,125150.07040463196,29.023597220660992,forecast,climatology
2026-07-04,Dhanmondi,38,19:00,124540.1903334594,0.0,0.0,0.0,0.0,0.0,0.0,0.0,0.0,8000.0,8.39,0.0,110221.54274622226,119653.73169248125,28.687217923075544,forecast,climatology
2026-07-04,Dhanmondi,39,19:30,120176.8848837546,0.0,0.0,0.0,0.0,0.0,0.0,0.0,0.0,8000.0,8.39,0.0,106359.8956999815,114713.08540902373,28.38408943450344,forecast,climatology
2026-07-04,Dhanmondi,40,20:00,113245.85063997442,0.0,0.0,0.0,0.0,0.0,0.0,0.0,0.0,8000.0,8.39,-1.4551915228366852e-11,100225.7370389833,109094.39770883134,28.11092494060153,forecast,climatology
2026-07-04,Dhanmondi,41,20:30,99490.9618332495,0.0,0.0,0.0,0.0,0.0,0.0,0.0,0.0,8000.0,8.39,-1.4551915228366852e-11,88052.27672452091,101172.81396966426,27.864762525844082,forecast,climatology
2026-07-04,Dhanmondi,42,21:00,96943.13586801256,0.0,0.0,0.0,0.0,0.0,0.0,0.0,0.0,8000.0,8.39,0.0,85797.37966851528,96670.40266653782,27.6429330575495,forecast,climatology
2026-07-04,Dhanmondi,43,21:30,79365.94737935935,0.0,0.0,0.0,0.0,0.0,0.0,0.0,0.0,8000.0,8.39,0.0,70241.07750474717,88647.38612216513,27.44303124454387,forecast,climatology
2026-07-04,Dhanmondi,44,22:00,72774.38869404286,0.0,0.0,0.0,0.0,0.0,0.0,0.0,0.0,8000.0,8.39,0.0,64407.36418334836,79846.31934486395,27.262889556651125,forecast,climatology
2026-07-04,Dhanmondi,45,22:30,68343.71232157973,0.0,0.0,0.0,0.0,0.0,0.0,0.0,0.0,8000.0,8.39,1.4551915228366852e-11,60486.09199101795,65434.74682573439,27.10055472221951,forecast,climatology
2026-07-04,Dhanmondi,46,23:00,57461.00195538009,0.0,0.0,0.0,0.0,0.0,0.0,0.0,0.0,8000.0,8.39,0.0,50854.589721661214,59958.71534947688,26.95426654884773,forecast,climatology
2026-07-04,Dhanmondi,47,23:30,54106.704309251225,0.0,0.0,0.0,0.0,0.0,0.0,0.0,0.0,8000.0,8.39,0.0,47885.94272990368,59458.52364700316,26.82243883766435,forecast,climatology
2026-07-04,Kalyanpur,0,00:00,44725.83930055915,0.0,0.0,0.0,0.0,0.0,0.0,0.0,0.0,6000.0,8.39,-7.275957614183426e-12,44775.4757129935,52094.71474882528,26.703642184214576,forecast,climatology
2026-07-04,Kalyanpur,1,00:30,44488.92741122223,0.0,0.0,0.0,0.0,0.0,0.0,0.0,0.0,6000.0,8.39,-7.275957614183426e-12,44538.300900558104,50637.03779741687,26.59658847946479,forecast,climatology
2026-07-04,Kalyanpur,2,01:00,49274.79999737087,0.0,0.0,0.0,0.0,0.0,0.0,0.0,0.0,6000.0,8.39,-7.275957614183426e-12,49329.48481343107,57999.54025738607,26.50011694286969,forecast,climatology
2026-07-04,Kalyanpur,3,01:30,54841.008846180004,0.0,0.0,0.0,0.0,0.0,0.0,0.0,0.0,6000.0,8.39,0.0,54901.87100049558,55994.099730343085,26.413181536058953,forecast,climatology
2026-07-04,Kalyanpur,4,02:00,53742.93264985036,0.0,0.0,0.0,0.0,0.0,0.0,0.0,0.0,6000.0,8.39,-7.275957614183426e-12,53802.57616715838,57505.35350791552,26.334839620670284,forecast,climatology
2026-07-04,Kalyanpur,5,02:30,42658.27214272099,0.0,0.0,0.0,0.0,0.0,0.0,0.0,0.0,6000.0,8.39,0.0,42705.613984102296,48415.139296597496,26.26424173734609,forecast,climatology
2026-07-04,Kalyanpur,6,03:00,41440.857996924526,0.0,0.0,0.0,0.0,0.0,0.0,0.0,0.0,6000.0,8.39,-7.275957614183426e-12,41486.84876090653,46413.12588384751,26.200622395067704,forecast,climatology
2026-07-04,Kalyanpur,7,03:30,36993.11940579914,0.0,0.0,0.0,0.0,0.0,0.0,0.0,0.0,6000.0,8.39,-7.275957614183426e-12,37034.174101714845,41305.14109769542,26.143291770956093,forecast,climatology
2026-07-04,Kalyanpur,8,04:00,41471.137221166464,0.0,0.0,0.0,0.0,0.0,0.0,0.0,0.0,6000.0,8.39,-7.275957614183426e-12,41517.16158881213,49975.54232566096,26.09162823054028,forecast,climatology
2026-07-04,Kalyanpur,9,04:30,43983.44844412097,0.0,0.0,0.0,0.0,0.0,0.0,0.0,0.0,6000.0,8.39,-7.275957614183426e-12,44032.26095656121,48184.15865962135,26.04507158739089,forecast,climatology
2026-07-04,Kalyanpur,10,05:00,56883.795218329964,0.0,0.0,0.0,0.0,0.0,0.0,0.0,0.0,6000.0,8.39,-7.275957614183426e-12,56946.92444216219,62492.47032798656,26.003117029033202,forecast,climatology
2026-07-04,Kalyanpur,11,05:30,60399.99632309417,0.0,0.0,0.0,0.0,0.0,0.0,0.0,0.0,6000.0,8.39,0.0,60467.02780143899,67558.11176615293,26.055967717121728,forecast,climatology
2026-07-04,Kalyanpur,12,06:00,70956.38743142008,0.0,0.0,0.0,0.0,0.0,0.0,0.0,0.0,6000.0,8.39,-1.4551915228366852e-11,71035.13431613997,77887.53844217703,26.519825444509102,forecast,climatology
2026-07-04,Kalyanpur,13,06:30,77988.81090570508,0.0,0.0,0.0,0.0,0.0,0.0,0.0,0.0,6000.0,8.39,-1.4551915228366852e-11,78075.36232304947,84444.81574115914,26.976386475582494,forecast,climatology
2026-07-04,Kalyanpur,14,07:00,89814.23754282836,0.0,-0.0,0.0,0.0,0.0,0.0,0.0,0.0,6000.0,8.39,0.0,89913.91273298398,95424.39699429004,27.42194590981424,forecast,climatology
2026-07-04,Kalyanpur,15,07:30,91908.42833235864,0.0,0.0,0.0,0.0,0.0,0.0,0.0,0.0,6000.0,8.39,0.0,92010.42764028089,99689.84354987394,27.852888122412384,forecast,climatology
2026-07-04,Kalyanpur,16,08:00,82631.13292117222,0.0,0.0,0.0,0.0,0.0,0.0,0.0,0.0,6000.0,8.39,0.0,82722.83635385745,91193.91924738331,28.265716104385398,forecast,climatology
2026-07-04,Kalyanpur,17,08:30,80947.78203106845,0.0,0.0,0.0,0.0,0.0,0.0,0.0,0.0,6000.0,8.39,0.0,81037.6172931311,84299.28988019384,28.657079840063634,forecast,climatology
2026-07-04,Kalyanpur,18,09:00,86764.28631876729,0.0,0.0,0.0,0.0,0.0,0.0,0.0,0.0,6000.0,8.39,0.0,86860.57669515016,95605.78718875519,29.023803491799683,forecast,climatology
2026-07-04,Kalyanpur,19,09:30,79069.1617325124,0.0,0.0,0.0,0.0,0.0,0.0,0.0,0.0,6000.0,8.39,1.4551915228366852e-11,79156.91211537762,83545.35357081587,29.36291117124927,forecast,climatology
2026-07-04,Kalyanpur,20,10:00,85214.2007968639,0.0,0.0,0.0,0.0,0.0,0.0,0.0,0.0,6000.0,8.39,0.0,85308.77089956432,95457.22522494693,29.671651088103935,forecast,climatology
2026-07-04,Kalyanpur,21,10:30,90221.01104717483,0.0,0.0,0.0,0.0,0.0,0.0,0.0,0.0,6000.0,8.39,0.0,90321.13767161868,95321.6309665118,29.947517880313452,forecast,climatology
2026-07-04,Kalyanpur,22,11:00,89636.6444652622,0.0,0.0,0.0,0.0,0.0,0.0,0.0,0.0,6000.0,8.39,0.0,89736.12256390687,100984.05452159655,30.188272944592697,forecast,climatology
2026-07-04,Kalyanpur,23,11:30,91602.37015553402,0.0,0.0,0.0,0.0,0.0,0.0,0.0,0.0,6000.0,8.39,1.4551915228366852e-11,91704.02980230891,103405.92778945113,30.391962602235033,forecast,climatology
2026-07-04,Kalyanpur,24,12:00,110492.20217447261,0.0,0.0,0.0,0.0,0.0,0.0,0.0,0.0,6000.0,8.39,-1.4551915228366852e-11,110614.82561997263,113718.01105188348,30.556933952820327,forecast,climatology
2026-07-04,Kalyanpur,25,12:30,106647.66541197003,0.0,0.0,0.0,0.0,0.0,0.0,0.0,0.0,6000.0,8.39,-1.4551915228366852e-11,106766.02221842304,120203.3623148656,30.681848287167917,forecast,climatology
2026-07-04,Kalyanpur,26,13:00,107791.63255391912,0.0,0.0,0.0,0.0,0.0,0.0,0.0,0.0,6000.0,8.39,1.4551915228366852e-11,107911.25892681882,120218.96379255872,30.765691950691142,forecast,climatology
2026-07-04,Kalyanpur,27,13:30,113409.35114629328,0.0,0.0,0.0,0.0,0.0,0.0,0.0,0.0,6000.0,8.39,0.0,113535.21202258856,116969.34391648059,30.807784568999534,forecast,climatology
2026-07-04,Kalyanpur,28,14:00,98188.64679656399,0.0,0.0,0.0,0.0,0.0,0.0,0.0,0.0,6000.0,8.39,0.0,98297.61584544006,99885.09103831316,30.807784568999534,forecast,climatology
2026-07-04,Kalyanpur,29,14:30,89848.040788832,0.0,0.0,0.0,0.0,0.0,0.0,0.0,0.0,6000.0,8.39,1.4551915228366852e-11,89947.75349358507,104837.86075055321,30.765691950691142,forecast,climatology
2026-07-04,Kalyanpur,30,15:00,95681.55330507233,0.0,0.0,0.0,0.0,0.0,0.0,0.0,0.0,6000.0,8.39,0.0,95787.73999975446,98884.70610130604,30.68184828716792,forecast,climatology
2026-07-04,Kalyanpur,31,15:30,81407.31600792555,0.0,0.0,0.0,0.0,0.0,0.0,0.0,0.0,6000.0,8.39,2.9103830456733704e-11,81497.66125746658,93209.25115455453,30.556933952820327,forecast,climatology
2026-07-04,Kalyanpur,32,16:00,81913.740585549,0.0,0.0,0.0,0.0,0.0,0.0,0.0,0.0,6000.0,8.39,0.0,82004.64786141744,98228.24153044501,30.391962602235033,forecast,climatology
2026-07-04,Kalyanpur,33,16:30,96744.71830512547,0.0,0.0,0.0,0.0,0.0,0.0,0.0,0.0,6000.0,8.39,0.0,96852.08489262246,101699.38691843968,30.188272944592697,forecast,climatology
2026-07-04,Kalyanpur,34,17:00,104700.7922739058,0.0,0.0,0.0,0.0,0.0,0.0,0.0,0.0,6000.0,8.39,0.0,104816.98845465461,122235.96324533602,29.947517880313455,forecast,climatology
2026-07-04,Kalyanpur,35,17:30,105053.85669534151,0.0,0.0,0.0,0.0,0.0,0.0,0.0,0.0,6000.0,8.39,0.0,105170.44470442747,114484.98169460957,29.671651088103935,forecast,climatology
2026-07-04,Kalyanpur,36,18:00,108881.15902343136,0.0,0.0,0.0,0.0,0.0,0.0,0.0,0.0,6000.0,8.39,1.4551915228366852e-11,109001.99454491372,116551.07994532942,29.36291117124927,forecast,climatology
2026-07-04,Kalyanpur,37,18:30,124664.93369507606,0.0,0.0,0.0,0.0,0.0,0.0,0.0,0.0,6000.0,8.39,0.0,124803.28593534161,133260.5593790247,29.023597220660992,forecast,climatology
2026-07-04,Kalyanpur,38,19:00,105708.27094148492,0.0,0.0,0.0,0.0,0.0,0.0,0.0,0.0,6000.0,8.39,1.4551915228366852e-11,105825.58521476024,113696.12881084142,28.687217923075544,forecast,climatology
2026-07-04,Kalyanpur,39,19:30,113056.31237524231,0.0,0.0,0.0,0.0,0.0,0.0,0.0,0.0,6000.0,8.39,0.0,113181.7814516671,120150.96785468065,28.38408943450344,forecast,climatology
2026-07-04,Kalyanpur,40,20:00,115549.73034242236,0.0,0.0,0.0,0.0,0.0,0.0,0.0,0.0,6000.0,8.39,1.4551915228366852e-11,115677.9665960432,124173.6646403157,28.11092494060153,forecast,climatology
2026-07-04,Kalyanpur,41,20:30,101448.21982084333,0.0,0.0,0.0,0.0,0.0,0.0,0.0,0.0,6000.0,8.39,0.0,101560.80632024737,110891.3464722965,27.864762525844082,forecast,climatology
2026-07-04,Kalyanpur,42,21:00,87224.21953799066,0.0,0.0,0.0,0.0,0.0,0.0,0.0,0.0,6000.0,8.39,0.0,87321.02034492829,98507.54079097048,27.6429330575495,forecast,climatology
2026-07-04,Kalyanpur,43,21:30,74480.79518739632,0.0,0.0,0.0,0.0,0.0,0.0,0.0,0.0,6000.0,8.39,-1.4551915228366852e-11,74563.45343431074,90636.3192337271,27.44303124454387,forecast,climatology
2026-07-04,Kalyanpur,44,22:00,76944.25781868676,0.0,0.0,0.0,0.0,0.0,0.0,0.0,0.0,6000.0,8.39,-1.4551915228366852e-11,77029.64999858261,87410.78066891096,27.262889556651125,forecast,climatology
2026-07-04,Kalyanpur,45,22:30,64651.37346472702,0.0,-0.0,0.0,0.0,0.0,0.0,0.0,0.0,6000.0,8.39,-1.4551915228366852e-11,64723.123090623914,78416.15808201261,27.10055472221951,forecast,climatology
2026-07-04,Kalyanpur,46,23:00,59725.98815495827,0.0,0.0,0.0,0.0,0.0,0.0,0.0,0.0,6000.0,8.39,-1.4551915228366852e-11,59792.271623920955,65013.904330270154,26.95426654884773,forecast,climatology
2026-07-04,Kalyanpur,47,23:30,54142.06352541808,0.0,0.0,0.0,0.0,0.0,0.0,0.0,0.0,6000.0,8.39,0.0,54202.14999528024,66337.02197600972,26.82243883766435,forecast,climatology
2026-07-05,Dhanmondi,0,00:00,50934.02131248286,0.0,0.0,0.0,0.0,0.0,0.0,0.0,0.0,8000.0,8.39,0.0,39673.814093900575,47192.76923922859,26.700901484962305,forecast,climatology
2026-07-05,Dhanmondi,1,00:30,54457.69050678861,0.0,0.0,0.0,0.0,0.0,0.0,0.0,0.0,8000.0,8.39,7.275957614183426e-12,42418.4903032583,47101.698194409495,26.593088560982217,forecast,climatology
2026-07-05,Dhanmondi,2,01:00,61564.75415411454,0.0,0.0,0.0,0.0,0.0,0.0,0.0,0.0,8000.0,8.39,-1.4551915228366852e-11,47954.36425610533,53044.454345134895,26.495926699502846,forecast,climatology
2026-07-05,Dhanmondi,3,01:30,54261.86572365899,0.0,0.0,0.0,0.0,0.0,0.0,0.0,0.0,8000.0,8.39,0.0,42265.95736278622,51765.410082531205,26.408363659955935,forecast,climatology
2026-07-05,Dhanmondi,4,02:00,55322.39143619154,0.0,0.0,0.0,0.0,0.0,0.0,0.0,0.0,8000.0,8.39,0.0,43092.028010196605,50482.163353195065,26.329451154802644,forecast,climatology
2026-07-05,Dhanmondi,5,02:30,49155.688867322555,0.0,0.0,0.0,0.0,0.0,0.0,0.0,0.0,8000.0,8.39,7.275957614183426e-12,38288.62539274554,45661.31530888154,26.258334579798053,forecast,climatology
2026-07-05,Dhanmondi,6,03:00,51257.41491775289,0.0,0.0,0.0,0.0,0.0,0.0,0.0,0.0,8000.0,8.39,0.0,39925.7136581609,48440.09018797978,26.194243758824125,forecast,climatology
2026-07-05,Dhanmondi,7,03:30,49234.295068095234,0.0,0.0,0.0,0.0,0.0,0.0,0.0,0.0,8000.0,8.39,0.0,38349.85377636268,41275.56090656718,26.13648460305985,forecast,climatology
2026-07-05,Dhanmondi,8,04:00,63683.818708357125,0.0,0.0,0.0,0.0,0.0,0.0,0.0,0.0,8000.0,8.39,-1.4551915228366852e-11,49604.95792634024,53429.533848561274,26.08443159415926,forecast,climatology
2026-07-05,Dhanmondi,9,04:30,49095.71418610373,0.0,0.0,0.0,0.0,0.0,0.0,0.0,0.0,8000.0,8.39,0.0,38241.90957703531,43585.11598484409,26.037521010031906,forecast,climatology
2026-07-05,Dhanmondi,10,05:00,70690.75892557958,0.0,0.0,0.0,0.0,0.0,0.0,0.0,0.0,8000.0,8.39,0.0,55062.843174388196,64875.0919766777,25.99524481986253,forecast,climatology
2026-07-05,Dhanmondi,11,05:30,75998.23670648364,0.0,0.0,0.0,0.0,0.0,0.0,0.0,0.0,8000.0,8.39,-2.9103830456733704e-11,59196.97359176193,60907.815053465114,26.045248052983503,forecast,climatology
2026-07-05,Dhanmondi,12,06:00,75247.93388080536,0.0,0.0,0.0,0.0,0.0,0.0,0.0,0.0,8000.0,8.39,-1.4551915228366852e-11,58612.54349861326,64453.10200580847,26.512713637036086,forecast,climatology
2026-07-05,Dhanmondi,13,06:30,85299.41212835324,0.0,0.0,0.0,0.0,0.0,0.0,0.0,0.0,8000.0,8.39,1.4551915228366852e-11,66441.89741739308,69107.53001223538,26.972845145003518,forecast,climatology
2026-07-05,Dhanmondi,14,07:00,89689.94633474258,0.0,0.0,0.0,0.0,0.0,0.0,0.0,0.0,8000.0,8.39,0.0,69861.79699313124,76843.43349166698,27.421905946107508,forecast,climatology
2026-07-05,Dhanmondi,15,07:30,100451.72625318824,0.0,0.0,0.0,0.0,0.0,0.0,0.0,0.0,8000.0,8.39,0.0,78244.42308079991,83986.3099637089,27.85624931244163,forecast,climatology
2026-07-05,Dhanmondi,16,08:00,97049.7290744769,0.0,0.0,0.0,0.0,0.0,0.0,0.0,0.0,8000.0,8.39,0.0,75594.5203215396,76920.50230878142,28.27234803327833,forecast,climatology
2026-07-05,Dhanmondi,17,08:30,94559.38710066564,0.0,0.0,0.0,0.0,0.0,0.0,0.0,0.0,8000.0,8.39,0.0,73654.72915733769,82573.67115369311,28.666823058802144,forecast,climatology
2026-07-05,Dhanmondi,18,09:00,111429.62090646988,0.0,0.0,0.0,0.0,0.0,0.0,0.0,0.0,8000.0,8.39,-2.9103830456733704e-11,86795.3864721389,96315.96616558704,29.036470940659466,forecast,climatology
2026-07-05,Dhanmondi,19,09:30,107797.13245714203,0.0,-0.0,0.0,0.0,0.0,0.0,0.0,0.0,8000.0,8.39,0.0,83965.94815717197,99446.8798228267,29.37828984648594,forecast,climatology
2026-07-05,Dhanmondi,20,10:00,105926.74219284469,0.0,0.0,0.0,0.0,0.0,0.0,0.0,0.0,8000.0,8.39,1.4551915228366852e-11,82509.05326223493,95892.65669210392,29.689503937152978,forecast,climatology
2026-07-05,Dhanmondi,21,10:30,115214.51339436433,0.0,0.0,0.0,0.0,0.0,0.0,0.0,0.0,8000.0,8.39,1.4551915228366852e-11,89743.53619722885,95187.88855415807,29.96758590877095,forecast,climatology
2026-07-05,Dhanmondi,22,11:00,112244.39297008337,0.0,0.0,0.0,0.0,0.0,0.0,0.0,0.0,8000.0,8.39,1.4551915228366852e-11,87430.03330637145,100397.37613572767,30.210277516390224,forecast,climatology
2026-07-05,Dhanmondi,23,11:30,124930.9787698539,0.0,0.0,0.0,0.0,0.0,0.0,0.0,0.0,8000.0,8.39,-2.9103830456733704e-11,97311.94000716959,106146.51443552137,30.415607912731364,forecast,climatology
2026-07-05,Dhanmondi,24,12:00,149187.71803108303,0.0,0.0,0.0,0.0,0.0,0.0,0.0,0.0,8000.0,8.39,0.0,116206.13565824747,120620.3116152635,30.581909653019547,forecast,climatology
2026-07-05,Dhanmondi,25,12:30,160000.0,0.0,0.0,0.0,0.0,0.0,0.0,0.0,0.0,8000.0,8.389999999999999,0.0,124628.09908685503,127792.49605455186,30.707832235951383,forecast,climatology
2026-07-05,Dhanmondi,26,13:00,146441.36604588633,0.0,0.0,0.0,0.0,0.0,0.0,0.0,0.0,8000.0,8.39,2.9103830456733704e-11,114066.93173738195,115263.09633085843,30.792353070830693,forecast,climatology
2026-07-05,Dhanmondi,27,13:30,142728.03369109315,0.0,0.0,0.0,0.0,0.0,0.0,0.0,0.0,8000.0,8.39,0.0,111174.52203328455,112418.2180302362,30.834785781811554,forecast,climatology
2026-07-05,Dhanmondi,28,14:00,142686.2334202783,0.0,0.0,0.0,0.0,0.0,0.0,0.0,0.0,8000.0,8.39,0.0,111141.96273145346,112126.28819730625,30.834785781811554,forecast,climatology
2026-07-05,Dhanmondi,29,14:30,125209.52544968258,0.0,0.0,0.0,0.0,0.0,0.0,0.0,0.0,8000.0,8.39,0.0,97528.90715225699,106922.74890639068,30.792353070830693,forecast,climatology
2026-07-05,Dhanmondi,30,15:00,136748.9769973962,0.0,0.0,0.0,0.0,0.0,0.0,0.0,0.0,8000.0,8.39,-2.9103830456733704e-11,106517.28159535967,110240.83899636325,30.707832235951383,forecast,climatology
2026-07-05,Dhanmondi,31,15:30,111429.59897096404,0.0,0.0,0.0,0.0,0.0,0.0,0.0,0.0,8000.0,8.39,0.0,86795.36938601143,104791.22977941032,30.581909653019547,forecast,climatology
2026-07-05,Dhanmondi,32,16:00,109492.11622073631,0.0,0.0,0.0,0.0,0.0,0.0,0.0,0.0,8000.0,8.39,-1.4551915228366852e-11,85286.21443492103,98120.49743300371,30.415607912731364,forecast,climatology
2026-07-05,Dhanmondi,33,16:30,116514.01369251862,0.0,0.0,0.0,0.0,0.0,0.0,0.0,0.0,8000.0,8.39,0.0,90755.75027173992,103170.79888789076,30.210277516390224,forecast,climatology
2026-07-05,Dhanmondi,34,17:00,139093.02894679856,0.0,0.0,0.0,0.0,0.0,0.0,0.0,0.0,8000.0,8.39,2.9103830456733704e-11,108343.12371170247,120052.13168224692,29.96758590877095,forecast,climatology
2026-07-05,Dhanmondi,35,17:30,132828.11612417674,0.0,0.0,0.0,0.0,0.0,0.0,0.0,0.0,8000.0,8.39,0.0,103463.22261152611,116769.19887955468,29.689503937152978,forecast,climatology
2026-07-05,Dhanmondi,36,18:00,126597.68028456,0.0,0.0,0.0,0.0,0.0,0.0,0.0,0.0,8000.0,8.39,0.0,98610.17651668828,109509.32246662905,29.37828984648594,forecast,climatology
2026-07-05,Dhanmondi,37,18:30,148071.9943309051,0.0,0.0,0.0,0.0,0.0,0.0,0.0,0.0,8000.0,8.39,0.0,115337.06988412657,125190.29607973187,29.03627116148191,forecast,climatology
2026-07-05,Dhanmondi,38,19:00,128377.46012245891,0.0,0.0,0.0,0.0,0.0,0.0,0.0,0.0,8000.0,8.39,2.9103830456733704e-11,99996.49262912857,119690.84742311381,28.69774222064025,forecast,climatology
2026-07-05,Dhanmondi,39,19:30,135076.9221732919,0.0,0.0,0.0,0.0,0.0,0.0,0.0,0.0,8000.0,8.39,-2.9103830456733704e-11,105214.87525600265,114739.9976204313,28.392657256402654,forecast,climatology
2026-07-05,Dhanmondi,40,20:00,128591.581423054,0.0,0.0,0.0,0.0,0.0,0.0,0.0,0.0,8000.0,8.39,0.0,100163.27719579847,109115.47224903876,28.11771226891518,forecast,climatology
2026-07-05,Dhanmondi,41,20:30,108560.73463113379,0.0,0.0,0.0,0.0,0.0,0.0,0.0,0.0,8000.0,8.39,0.0,84560.737453442,101189.14495795392,27.86992966732616,forecast,climatology
2026-07-05,Dhanmondi,42,21:00,99932.63441794406,0.0,0.0,0.0,0.0,0.0,0.0,0.0,0.0,8000.0,8.39,1.4551915228366852e-11,77840.0891515623,96682.13577807164,27.646626023163453,forecast,climatology
2026-07-05,Dhanmondi,43,21:30,88553.29833658935,0.0,0.0,0.0,0.0,0.0,0.0,0.0,0.0,8000.0,8.39,0.0,68976.43274725189,88654.64288549639,27.445383009422503,forecast,climatology
2026-07-05,Dhanmondi,44,22:00,79696.11927649702,0.0,0.0,0.0,0.0,0.0,0.0,0.0,0.0,8000.0,8.39,0.0,62077.34906268175,79849.40334564717,27.264021210642234,forecast,climatology
2026-07-05,Dhanmondi,45,22:30,66705.52375282481,0.0,0.0,0.0,0.0,0.0,0.0,0.0,0.0,8000.0,8.39,1.4551915228366852e-11,51958.64139942258,65434.78996361396,27.10057652033782,forecast,climatology
2026-07-05,Dhanmondi,46,23:00,72625.64636808865,0.0,0.0,0.0,0.0,0.0,0.0,0.0,0.0,8000.0,8.39,1.4551915228366852e-11,56569.97657380649,59956.70927634828,26.953278870180135,forecast,climatology
2026-07-05,Dhanmondi,47,23:30,60604.06608090091,0.0,-0.0,0.0,0.0,0.0,0.0,0.0,0.0,8000.0,8.39,0.0,47206.059703730185,59454.62490586349,26.82053306056364,forecast,climatology
2026-07-05,Kalyanpur,0,00:00,49949.41617126599,0.0,0.0,0.0,0.0,0.0,0.0,0.0,0.0,6000.0,8.39,0.0,49950.40064592563,52090.41359609632,26.700901484962305,forecast,climatology
2026-07-05,Kalyanpur,1,00:30,45072.724103001856,0.0,0.0,0.0,0.0,0.0,0.0,0.0,0.0,6000.0,8.39,7.275957614183426e-12,45073.61246082703,50632.129751252054,26.593088560982217,forecast,climatology
2026-07-05,Kalyanpur,2,01:00,53644.86231294682,0.0,0.0,0.0,0.0,0.0,0.0,0.0,0.0,6000.0,8.39,1.4551915228366852e-11,53645.91962275371,57991.343914725534,26.495926699502846,forecast,climatology
2026-07-05,Kalyanpur,3,01:30,47792.05265759217,0.0,0.0,0.0,0.0,0.0,0.0,0.0,0.0,6000.0,8.39,0.0,47792.994611840695,55985.384734002335,26.408363659955935,forecast,climatology
2026-07-05,Kalyanpur,4,02:00,49240.822134621005,0.0,0.0,0.0,0.0,0.0,0.0,0.0,0.0,6000.0,8.39,0.0,49241.79264329407,57495.037229726746,26.329451154802644,forecast,climatology
2026-07-05,Kalyanpur,5,02:30,42351.300049950914,0.0,0.0,0.0,0.0,0.0,0.0,0.0,0.0,6000.0,8.39,0.0,42352.134770051765,48406.344383686286,26.258334579798053,forecast,climatology
2026-07-05,Kalyanpur,6,03:00,40249.1311454593,0.0,0.0,0.0,0.0,0.0,0.0,0.0,0.0,6000.0,8.39,7.275957614183426e-12,40249.92443300342,46404.83193559969,26.194243758824125,forecast,climatology
2026-07-05,Kalyanpur,7,03:30,37716.024892719695,0.0,0.0,0.0,0.0,0.0,0.0,0.0,0.0,6000.0,8.39,0.0,37716.76825417645,41299.1622352565,26.13648460305985,forecast,climatology
2026-07-05,Kalyanpur,8,04:00,42185.22007676946,0.0,0.0,0.0,0.0,0.0,0.0,0.0,0.0,6000.0,8.39,0.0,42186.051523528164,49964.280858495935,26.08443159415926,forecast,climatology
2026-07-05,Kalyanpur,9,04:30,41027.58521093301,0.0,-0.0,0.0,0.0,0.0,0.0,0.0,0.0,6000.0,8.39,0.0,41028.39384136515,48173.75950160784,26.037521010031906,forecast,climatology
2026-07-05,Kalyanpur,10,05:00,57069.825600238284,0.0,0.0,0.0,0.0,0.0,0.0,0.0,0.0,6000.0,8.39,0.0,57070.950414128856,62484.592868827815,25.99524481986253,forecast,climatology
2026-07-05,Kalyanpur,11,05:30,60354.23169549196,0.0,0.0,0.0,0.0,0.0,0.0,0.0,0.0,6000.0,8.39,0.0,60355.42124316361,67542.87293666258,26.045248052983503,forecast,climatology
2026-07-05,Kalyanpur,12,06:00,70140.33351987216,0.0,0.0,0.0,0.0,0.0,0.0,0.0,0.0,6000.0,8.39,0.0,70141.71594605976,77878.24558384248,26.512713637036086,forecast,climatology
2026-07-05,Kalyanpur,13,06:30,81903.15583879898,0.0,0.0,0.0,0.0,0.0,0.0,0.0,0.0,6000.0,8.39,0.0,81904.7701035422,84440.47483930488,26.972845145003518,forecast,climatology
2026-07-05,Kalyanpur,14,07:00,90858.02320232509,0.0,0.0,0.0,0.0,0.0,0.0,0.0,0.0,6000.0,8.39,-1.4551915228366852e-11,90859.81396242454,95424.35730178324,27.421905946107508,forecast,climatology
2026-07-05,Kalyanpur,15,07:30,96681.04399165584,0.0,0.0,0.0,0.0,0.0,0.0,0.0,0.0,6000.0,8.39,-1.4551915228366852e-11,96682.94952019196,99695.41107037984,27.85624931244163,forecast,climatology
2026-07-05,Kalyanpur,16,08:00,81881.02403313525,0.0,0.0,0.0,0.0,0.0,0.0,0.0,0.0,6000.0,8.39,-1.4551915228366852e-11,81882.63786167305,91205.53058839693,28.27234803327833,forecast,climatology
2026-07-05,Kalyanpur,17,08:30,78735.4067792545,0.0,0.0,0.0,0.0,0.0,0.0,0.0,0.0,6000.0,8.39,-1.4551915228366852e-11,78736.9586094606,84315.63457622235,28.666823058802144,forecast,climatology
2026-07-05,Kalyanpur,18,09:00,87181.41838431159,0.0,0.0,0.0,0.0,0.0,0.0,0.0,0.0,6000.0,8.39,0.0,87183.13668061551,95633.65089183248,29.036470940659466,forecast,climatology
2026-07-05,Kalyanpur,19,09:30,79019.51909146627,0.0,0.0,0.0,0.0,0.0,0.0,0.0,0.0,6000.0,8.39,1.4551915228366852e-11,79021.07652136486,83575.0604597198,29.37828984648594,forecast,climatology
2026-07-05,Kalyanpur,20,10:00,90118.63273660009,0.0,0.0,0.0,0.0,0.0,0.0,0.0,0.0,6000.0,8.39,-1.4551915228366852e-11,90120.40892373282,95504.19205457582,29.689503937152978,forecast,climatology
2026-07-05,Kalyanpur,21,10:30,82558.27265339358,0.0,0.0,0.0,0.0,0.0,0.0,0.0,0.0,6000.0,8.39,-1.4551915228366852e-11,82559.89983011756,95372.26821569899,29.96758590877095,forecast,climatology
2026-07-05,Kalyanpur,22,11:00,89509.94957776103,0.0,0.0,0.0,0.0,0.0,0.0,0.0,0.0,6000.0,8.39,-2.9103830456733704e-11,89511.7137680941,101039.72195641651,30.210277516390224,forecast,climatology
2026-07-05,Kalyanpur,23,11:30,97821.76523380692,0.0,0.0,0.0,0.0,0.0,0.0,0.0,0.0,6000.0,8.39,0.0,97823.69324531168,103462.82999318076,30.415607912731364,forecast,climatology
2026-07-05,Kalyanpur,24,12:00,107466.98916998557,0.0,0.0,0.0,0.0,0.0,0.0,0.0,0.0,6000.0,8.39,0.0,107469.10728338303,113788.03910126939,30.581909653019547,forecast,climatology
2026-07-05,Kalyanpur,25,12:30,118230.16177877791,0.0,0.0,0.0,0.0,0.0,0.0,0.0,0.0,6000.0,8.39,0.0,118232.49202820218,120281.85539533093,30.707832235951383,forecast,climatology
2026-07-05,Kalyanpur,26,13:00,118628.74371427268,0.0,0.0,0.0,0.0,0.0,0.0,0.0,0.0,6000.0,8.39,-1.4551915228366852e-11,118631.08181952086,120311.45153174283,30.792353070830693,forecast,climatology
2026-07-05,Kalyanpur,27,13:30,114425.77250182409,0.0,0.0,0.0,0.0,0.0,0.0,0.0,0.0,6000.0,8.39,-1.4551915228366852e-11,114428.02776889378,117064.90420192636,30.834785781811554,forecast,climatology
2026-07-05,Kalyanpur,28,14:00,93206.31732449807,0.0,0.0,0.0,0.0,0.0,0.0,0.0,0.0,6000.0,8.39,1.4551915228366852e-11,93208.1543681426,99963.35321814462,30.834785781811554,forecast,climatology
2026-07-05,Kalyanpur,29,14:30,87848.65955021241,0.0,0.0,0.0,0.0,0.0,0.0,0.0,0.0,6000.0,8.39,0.0,87850.39099746128,104923.06095856712,30.792353070830693,forecast,climatology
2026-07-05,Kalyanpur,30,15:00,92771.75196515866,0.0,0.0,0.0,0.0,0.0,0.0,0.0,0.0,6000.0,8.39,0.0,92773.58044376639,98960.32078268204,30.707832235951383,forecast,climatology
2026-07-05,Kalyanpur,31,15:30,82749.34516964587,0.0,0.0,0.0,0.0,0.0,0.0,0.0,0.0,6000.0,8.39,0.0,82750.97611230078,93275.15924596497,30.581909653019547,forecast,climatology
2026-07-05,Kalyanpur,32,16:00,81980.23400728403,0.0,0.0,0.0,0.0,0.0,0.0,0.0,0.0,6000.0,8.39,-1.4551915228366852e-11,81981.84979119428,98294.69141490042,30.415607912731364,forecast,climatology
2026-07-05,Kalyanpur,33,16:30,85973.3240959148,0.0,0.0,0.0,0.0,0.0,0.0,0.0,0.0,6000.0,8.39,0.0,85975.01858136558,101767.90491083542,30.210277516390224,forecast,climatology
2026-07-05,Kalyanpur,34,17:00,113559.72950832454,0.0,0.0,0.0,0.0,0.0,0.0,0.0,0.0,6000.0,8.39,-1.4551915228366852e-11,113561.96770617808,122289.84830848951,29.96758590877095,forecast,climatology
2026-07-05,Kalyanpur,35,17:30,102707.17174928923,0.0,0.0,0.0,0.0,0.0,0.0,0.0,0.0,6000.0,8.39,0.0,102709.19604938531,114527.11977408559,29.689503937152978,forecast,climatology
2026-07-05,Kalyanpur,36,18:00,106873.27679922422,0.0,0.0,0.0,0.0,0.0,0.0,0.0,0.0,6000.0,8.39,0.0,106875.38321088756,116589.91806132844,29.37828984648594,forecast,climatology
2026-07-05,Kalyanpur,37,18:30,126275.78716418803,0.0,0.0,0.0,0.0,0.0,0.0,0.0,0.0,6000.0,8.39,0.0,126278.27598832504,133295.4588488346,29.03627116148191,forecast,climatology
2026-07-05,Kalyanpur,38,19:00,105391.58572501643,0.0,0.0,0.0,0.0,0.0,0.0,0.0,0.0,6000.0,8.39,0.0,105393.6629333893,113725.65915896105,28.69774222064025,forecast,climatology
2026-07-05,Kalyanpur,39,19:30,110994.96737826579,0.0,0.0,0.0,0.0,0.0,0.0,0.0,0.0,6000.0,8.39,0.0,110997.1550261125,120175.86804559072,28.392657256402654,forecast,climatology
2026-07-05,Kalyanpur,40,20:00,114115.91269916648,0.0,0.0,0.0,0.0,0.0,0.0,0.0,0.0,6000.0,8.39,-1.4551915228366852e-11,114118.16185907518,124194.68351199175,28.11771226891518,forecast,climatology
2026-07-05,Kalyanpur,41,20:30,103262.46823000218,0.0,0.0,0.0,0.0,0.0,0.0,0.0,0.0,6000.0,8.39,0.0,103264.5034746768,110906.21730661803,27.86992966732616,forecast,climatology
2026-07-05,Kalyanpur,42,21:00,82814.11462367978,0.0,-0.0,0.0,0.0,0.0,0.0,0.0,0.0,6000.0,8.39,0.0,82815.74684290393,98516.38746488771,27.646626023163453,forecast,climatology
2026-07-05,Kalyanpur,43,21:30,78255.9757601131,0.0,0.0,0.0,0.0,0.0,0.0,0.0,0.0,6000.0,8.39,-1.4551915228366852e-11,78257.51814100574,90643.00382873147,27.445383009422503,forecast,climatology
2026-07-05,Kalyanpur,44,22:00,71963.70703124993,0.0,0.0,0.0,0.0,0.0,0.0,0.0,0.0,6000.0,8.39,-1.4551915228366852e-11,71965.12539509512,87413.79138735007,27.264021210642234,forecast,climatology
2026-07-05,Kalyanpur,45,22:30,67340.49520242454,0.0,0.0,0.0,0.0,0.0,0.0,0.0,0.0,6000.0,8.39,-1.4551915228366852e-11,67341.82244538696,78416.20911963927,27.10057652033782,forecast,climatology
2026-07-05,Kalyanpur,46,23:00,54751.04856595791,0.0,0.0,0.0,0.0,0.0,0.0,0.0,0.0,6000.0,8.39,7.275957614183426e-12,54752.127678068406,65011.93706150742,26.953278870180135,forecast,climatology
2026-07-05,Kalyanpur,47,23:30,56683.33330188839,0.0,0.0,0.0,0.0,0.0,0.0,0.0,0.0,6000.0,8.39,0.0,56684.45049823497,66332.95293995431,26.82053306056364,forecast,climatology
2026-07-06,Dhanmondi,0,00:00,52110.730522236765,0.0,0.0,0.0,0.0,0.0,0.0,0.0,0.0,8000.0,8.39,0.0,41388.7073035368,47165.247693905454,26.682384646652093,forecast,climatology
2026-07-06,Dhanmondi,1,00:30,49870.80176329984,0.0,0.0,0.0,0.0,0.0,0.0,0.0,0.0,8000.0,8.39,0.0,39609.654220700875,47071.68533870897,26.57333718630939,forecast,climatology
2026-07-06,Dhanmondi,2,01:00,60558.482398987486,0.0,0.0,0.0,0.0,0.0,0.0,0.0,0.0,8000.0,8.39,0.0,48098.29525779778,53004.109081227696,26.47505608428877,forecast,climatology
2026-07-06,Dhanmondi,3,01:30,54028.869248341136,0.0,0.0,0.0,0.0,0.0,0.0,0.0,0.0,8000.0,8.39,0.0,42912.180137379284,51726.00263587418,26.386478367907003,forecast,climatology
2026-07-06,Dhanmondi,4,02:00,57591.194489320886,0.0,0.0,0.0,0.0,0.0,0.0,0.0,0.0,8000.0,8.39,0.0,45741.54052517878,50442.80190531006,26.306646012773633,forecast,climatology
2026-07-06,Dhanmondi,5,02:30,49555.208956516915,0.0,0.0,0.0,0.0,0.0,0.0,0.0,0.0,8000.0,8.39,0.0,39358.9960899064,45626.5087887812,26.234695581147335,forecast,climatology
2026-07-06,Dhanmondi,6,03:00,50743.52838485793,0.0,0.0,0.0,0.0,0.0,0.0,0.0,0.0,8000.0,8.39,0.0,40302.81331353419,48400.69248352557,26.16984888330706,forecast,climatology
2026-07-06,Dhanmondi,7,03:30,45455.622128739094,0.0,0.0,0.0,0.0,0.0,0.0,0.0,0.0,8000.0,8.39,0.0,36102.918165458075,41247.767329141396,26.111404560934844,forecast,climatology
2026-07-06,Dhanmondi,8,04:00,63369.09869320924,0.0,0.0,0.0,0.0,0.0,0.0,0.0,0.0,8000.0,8.39,0.0,50330.61428265684,53379.45557768397,26.058730501479094,forecast,climatology
2026-07-06,Dhanmondi,9,04:30,51203.579129071084,0.0,0.0,0.0,0.0,0.0,0.0,0.0,0.0,8000.0,8.39,0.0,40668.20649467347,43551.35342591152,26.01125700145496,forecast,climatology
2026-07-06,Dhanmondi,10,05:00,73222.54851536031,0.0,0.0,0.0,0.0,0.0,0.0,0.0,0.0,8000.0,8.39,0.0,58156.67134484047,64828.536012299184,25.968470604738474,forecast,climatology
2026-07-06,Dhanmondi,11,05:30,70661.03200928985,0.0,0.0,0.0,0.0,0.0,0.0,0.0,0.0,8000.0,8.39,0.0,56122.19867749437,60865.03913387513,26.01554708824123,forecast,climatology
2026-07-06,Dhanmondi,12,06:00,73550.99830868725,0.0,0.0,0.0,0.0,0.0,0.0,0.0,0.0,8000.0,8.39,-1.4551915228366852e-11,58417.5410778816,64427.71982874616,26.48871062448052,forecast,climatology
2026-07-06,Dhanmondi,13,06:30,84247.04297817349,0.0,0.0,0.0,0.0,0.0,0.0,0.0,0.0,8000.0,8.39,0.0,66912.82521023542,69088.0544637776,26.954471748424226,forecast,climatology
2026-07-06,Dhanmondi,14,07:00,89855.85623031417,0.0,0.0,0.0,0.0,0.0,0.0,0.0,0.0,8000.0,8.39,0.0,71367.5992593919,76823.12762070095,27.4090451168123,forecast,climatology
2026-07-06,Dhanmondi,15,07:30,96951.75719574625,0.0,-0.0,0.0,0.0,0.0,0.0,0.0,0.0,8000.0,8.39,0.0,77003.4858641254,83974.41566439616,27.84873631173875,forecast,climatology
2026-07-06,Dhanmondi,16,08:00,88117.01173435095,0.0,0.0,0.0,0.0,0.0,0.0,0.0,0.0,8000.0,8.39,1.4551915228366852e-11,69986.53004066202,76916.51454581377,28.269971865999786,forecast,climatology
2026-07-06,Dhanmondi,17,08:30,92823.17473702959,0.0,0.0,0.0,0.0,0.0,0.0,0.0,0.0,8000.0,8.39,0.0,73724.3782935758,82578.49903951958,28.66932830544903,forecast,climatology
2026-07-06,Dhanmondi,18,09:00,106817.63897005824,0.0,0.0,0.0,0.0,0.0,0.0,0.0,0.0,8000.0,8.39,0.0,84839.41694695788,96335.74580707081,29.043559972326086,forecast,climatology
2026-07-06,Dhanmondi,19,09:30,113213.41369135524,0.0,0.0,0.0,0.0,0.0,0.0,0.0,0.0,8000.0,8.39,0.0,89919.23151233149,99482.83198043963,29.389625403432156,forecast,climatology
2026-07-06,Dhanmondi,20,10:00,113265.49553613162,0.0,0.0,0.0,0.0,0.0,0.0,0.0,0.0,8000.0,8.39,-2.9103830456733704e-11,89960.59727726463,95938.80472406828,29.70471204877149,forecast,climatology
2026-07-06,Dhanmondi,21,10:30,105633.09398937835,0.0,0.0,0.0,0.0,0.0,0.0,0.0,0.0,8000.0,8.39,1.4551915228366852e-11,83898.5975609714,95242.17973575705,29.986259129764804,forecast,climatology
2026-07-06,Dhanmondi,22,11:00,112465.2514960423,0.0,0.0,0.0,0.0,0.0,0.0,0.0,0.0,8000.0,8.39,-1.4551915228366852e-11,89325.00714036329,100455.31317193453,30.2319784512609,forecast,climatology
2026-07-06,Dhanmondi,23,11:30,130722.34461202931,0.0,0.0,0.0,0.0,0.0,0.0,0.0,0.0,8000.0,8.39,-2.9103830456733704e-11,103825.61911832355,106220.50517350888,30.439872998202773,forecast,climatology
2026-07-06,Dhanmondi,24,12:00,147366.10823204092,0.0,0.0,0.0,0.0,0.0,0.0,0.0,0.0,8000.0,8.39,2.9103830456733704e-11,117044.85158722854,120716.65428285848,30.608253165808893,forecast,climatology
2026-07-06,Dhanmondi,25,12:30,158874.943686043,0.0,0.0,0.0,0.0,0.0,0.0,0.0,0.0,8000.0,8.39,-2.9103830456733704e-11,126185.69105035985,127898.2698308008,30.735750491363497,forecast,climatology
2026-07-06,Dhanmondi,26,13:00,142987.5518326805,0.0,0.0,0.0,0.0,0.0,0.0,0.0,0.0,8000.0,8.39,0.0,113567.20336758166,115370.34243792451,30.821328776014532,forecast,climatology
2026-07-06,Dhanmondi,27,13:30,138614.00996503085,0.0,0.0,0.0,0.0,0.0,0.0,0.0,0.0,8000.0,8.39,0.0,110093.53791661143,112523.35700966766,30.864292506190008,forecast,climatology
2026-07-06,Dhanmondi,28,14:00,140011.2803880902,0.0,0.0,0.0,0.0,0.0,0.0,0.0,0.0,8000.0,8.39,2.9103830456733704e-11,111203.31350379523,112236.94857496116,30.864292506190008,forecast,climatology
2026-07-06,Dhanmondi,29,14:30,110809.6529930156,0.0,0.0,0.0,0.0,0.0,0.0,0.0,0.0,8000.0,8.39,0.0,88010.05566746637,107025.84525140532,30.821328776014536,forecast,climatology
2026-07-06,Dhanmondi,30,15:00,118549.31089965801,0.0,0.0,0.0,0.0,0.0,0.0,0.0,0.0,8000.0,8.39,0.0,94157.24325277263,110346.19480504206,30.735750491363497,forecast,climatology
2026-07-06,Dhanmondi,31,15:30,107051.61566945388,0.0,-0.0,0.0,0.0,0.0,0.0,0.0,0.0,8000.0,8.39,0.0,85025.2518609973,104883.39123997437,30.608253165808897,forecast,climatology
2026-07-06,Dhanmondi,32,16:00,104380.74192475872,0.0,0.0,0.0,0.0,0.0,0.0,0.0,0.0,8000.0,8.39,0.0,82903.92271139506,98197.12910910106,30.439872998202773,forecast,climatology
2026-07-06,Dhanmondi,33,16:30,120566.63419982666,0.0,0.0,0.0,0.0,0.0,0.0,0.0,0.0,8000.0,8.39,0.0,95759.49297697589,103244.72809494108,30.2319784512609,forecast,climatology
2026-07-06,Dhanmondi,34,17:00,124965.6676819873,0.0,0.0,0.0,0.0,0.0,0.0,0.0,0.0,8000.0,8.39,0.0,99253.40502516546,120114.39340177887,29.986259129764804,forecast,climatology
2026-07-06,Dhanmondi,35,17:30,125089.5057937975,0.0,-0.0,0.0,0.0,0.0,0.0,0.0,0.0,8000.0,8.39,0.0,99351.76287414155,116815.2920621573,29.704712048771494,forecast,climatology
2026-07-06,Dhanmondi,36,18:00,115488.53469770998,0.0,0.0,0.0,0.0,0.0,0.0,0.0,0.0,8000.0,8.39,0.0,91726.2358753189,109543.89212494124,29.389625403432156,forecast,climatology
2026-07-06,Dhanmondi,37,18:30,145892.9837838367,0.0,0.0,0.0,0.0,0.0,0.0,0.0,0.0,8000.0,8.39,0.0,115874.82929052731,125212.83276514513,29.043371815890303,forecast,climatology
2026-07-06,Dhanmondi,38,19:00,138867.85613291652,0.0,0.0,0.0,0.0,0.0,0.0,0.0,0.0,8000.0,8.39,0.0,110295.154064331,119703.11900631842,28.70122187174869,forecast,climatology
2026-07-06,Dhanmondi,39,19:30,133198.69225459162,0.0,0.0,0.0,0.0,0.0,0.0,0.0,0.0,8000.0,8.39,2.9103830456733704e-11,105792.4468087562,114740.61156642027,28.392852713394575,forecast,climatology
2026-07-06,Dhanmondi,40,20:00,125916.23563727003,0.0,0.0,0.0,0.0,0.0,0.0,0.0,0.0,8000.0,8.39,0.0,100008.3892381872,109106.83065598126,28.114929132075307,forecast,climatology
2026-07-06,Dhanmondi,41,20:30,114869.01220465121,0.0,0.0,0.0,0.0,0.0,0.0,0.0,0.0,8000.0,8.39,-1.4551915228366852e-11,91234.18299338466,101171.81106992358,27.864445207335248,forecast,climatology
2026-07-06,Dhanmondi,42,21:00,105776.06549671142,0.0,0.0,0.0,0.0,0.0,0.0,0.0,0.0,8000.0,8.39,0.0,84012.15202106917,96656.9275359366,27.6386917960725,forecast,climatology
2026-07-06,Dhanmondi,43,21:30,86897.69992702248,0.0,0.0,0.0,0.0,0.0,0.0,0.0,0.0,8000.0,8.39,-1.4551915228366852e-11,69018.09726300735,88623.3055362594,27.43522723143165,forecast,climatology
2026-07-06,Dhanmondi,44,22:00,78918.12091550307,0.0,0.0,0.0,0.0,0.0,0.0,0.0,0.0,8000.0,8.39,-1.4551915228366852e-11,62680.35344703284,79816.23666859572,27.251850914622384,forecast,climatology
2026-07-06,Dhanmondi,45,22:30,66682.11894943124,0.0,0.0,0.0,0.0,0.0,0.0,0.0,0.0,8000.0,8.39,1.4551915228366852e-11,52961.96533648536,65407.0902711922,27.086579514042686,forecast,climatology
2026-07-06,Dhanmondi,46,23:00,71975.6660017638,0.0,0.0,0.0,0.0,0.0,0.0,0.0,0.0,8000.0,8.39,-1.4551915228366852e-11,57166.34066093033,59924.915761246455,26.937625514284985,forecast,climatology
2026-07-06,Dhanmondi,47,23:30,67249.28520920119,0.0,0.0,0.0,0.0,0.0,0.0,0.0,0.0,8000.0,8.39,1.4551915228366852e-11,53412.43452167636,59419.52972268329,26.803377883019113,forecast,climatology
2026-07-06,Kalyanpur,0,00:00,44565.503415070896,0.0,0.0,0.0,0.0,0.0,0.0,0.0,0.0,6000.0,8.39,0.0,44971.033642726215,52061.353950255005,26.682384646652093,forecast,climatology
2026-07-06,Kalyanpur,1,00:30,45873.09967841527,0.0,0.0,0.0,0.0,0.0,0.0,0.0,0.0,6000.0,8.39,7.275957614183426e-12,46290.528566911824,50604.431775086,26.57333718630939,forecast,climatology
2026-07-06,Kalyanpur,2,01:00,47890.987239216054,0.0,0.0,0.0,0.0,0.0,0.0,0.0,0.0,6000.0,8.39,7.275957614183426e-12,48326.778186686664,57950.51986255153,26.47505608428877,forecast,climatology
2026-07-06,Kalyanpur,3,01:30,47013.06231179043,0.0,-0.0,0.0,0.0,0.0,0.0,0.0,0.0,6000.0,8.39,7.275957614183426e-12,47440.86445472838,55945.796700594205,26.386478367907003,forecast,climatology
2026-07-06,Kalyanpur,4,02:00,47311.75593424281,0.0,0.0,0.0,0.0,0.0,0.0,0.0,0.0,6000.0,8.39,1.4551915228366852e-11,47742.27608288984,57451.37653017228,26.306646012773633,forecast,climatology
2026-07-06,Kalyanpur,5,02:30,45992.178064435575,0.0,0.0,0.0,0.0,0.0,0.0,0.0,0.0,6000.0,8.39,0.0,46410.690523884834,48371.14929488916,26.234695581147335,forecast,climatology
2026-07-06,Kalyanpur,6,03:00,42658.308912707034,0.0,0.0,0.0,0.0,0.0,0.0,0.0,0.0,6000.0,8.39,7.275957614183426e-12,43046.48434884292,46373.11201502023,26.16984888330706,forecast,climatology
2026-07-06,Kalyanpur,7,03:30,37284.29354013518,0.0,0.0,0.0,0.0,0.0,0.0,0.0,0.0,6000.0,8.39,7.275957614183426e-12,37623.56734809547,41277.13396680281,26.111404560934844,forecast,climatology
2026-07-06,Kalyanpur,8,04:00,45431.97739721367,0.0,0.0,0.0,0.0,0.0,0.0,0.0,0.0,6000.0,8.39,7.275957614183426e-12,45845.392229873054,49924.063179569486,26.058730501479094,forecast,climatology
2026-07-06,Kalyanpur,9,04:30,43759.088115434075,0.0,0.0,0.0,0.0,0.0,0.0,0.0,0.0,6000.0,8.39,0.0,44157.280250731244,48137.58695979066,26.01125700145496,forecast,climatology
2026-07-06,Kalyanpur,10,05:00,59305.047171193735,0.0,0.0,0.0,0.0,0.0,0.0,0.0,0.0,6000.0,8.39,0.0,59844.70200368716,62461.01477727235,25.968470604738474,forecast,climatology
2026-07-06,Kalyanpur,11,05:30,59494.179423695685,0.0,0.0,0.0,0.0,0.0,0.0,0.0,0.0,6000.0,8.39,0.0,60035.5552924063,67500.65072414081,26.01554708824123,forecast,climatology
2026-07-06,Kalyanpur,12,06:00,74769.95271876862,0.0,0.0,0.0,0.0,0.0,0.0,0.0,0.0,6000.0,8.39,-1.4551915228366852e-11,75450.3326903672,77846.88132150438,26.48871062448052,forecast,climatology
2026-07-06,Kalyanpur,13,06:30,78129.53292412787,0.0,0.0,0.0,0.0,0.0,0.0,0.0,0.0,6000.0,8.39,0.0,78840.48388048152,84417.95304714177,26.954471748424226,forecast,climatology
2026-07-06,Kalyanpur,14,07:00,91705.18394203535,0.0,0.0,0.0,0.0,0.0,0.0,0.0,0.0,6000.0,8.39,-1.4551915228366852e-11,92539.6684933445,95411.5837481047,27.4090451168123,forecast,climatology
2026-07-06,Kalyanpur,15,07:30,90692.18526879109,0.0,0.0,0.0,0.0,0.0,0.0,0.0,0.0,6000.0,8.39,-1.4551915228366852e-11,91517.45189253072,99682.9664346677,27.84873631173875,forecast,climatology
2026-07-06,Kalyanpur,16,08:00,82952.72373160819,0.0,0.0,0.0,0.0,0.0,0.0,0.0,0.0,6000.0,8.39,-1.4551915228366852e-11,83707.56400854155,91201.37033743199,28.269971865999786,forecast,climatology
2026-07-06,Kalyanpur,17,08:30,77159.88835357377,0.0,0.0,0.0,0.0,0.0,0.0,0.0,0.0,6000.0,8.39,-1.4551915228366852e-11,77862.01588926998,84319.83724230413,28.66932830544903,forecast,climatology
2026-07-06,Kalyanpur,18,09:00,84841.08984697379,0.0,0.0,0.0,0.0,0.0,0.0,0.0,0.0,6000.0,8.39,0.0,85613.11358380296,95649.24413997964,29.043559972326086,forecast,climatology
2026-07-06,Kalyanpur,19,09:30,77756.6123631018,0.0,0.0,0.0,0.0,0.0,0.0,0.0,0.0,6000.0,8.39,-1.4551915228366852e-11,78464.1698750103,83596.95728279992,29.389625403432156,forecast,climatology
2026-07-06,Kalyanpur,20,10:00,83667.41801328954,0.0,0.0,0.0,0.0,0.0,0.0,0.0,0.0,6000.0,8.39,0.0,84428.76175394598,95544.20117499119,29.70471204877149,forecast,climatology
2026-07-06,Kalyanpur,21,10:30,80755.37445168369,0.0,0.0,0.0,0.0,0.0,0.0,0.0,0.0,6000.0,8.39,1.4551915228366852e-11,81490.21963183957,95419.38597550253,29.986259129764804,forecast,climatology
2026-07-06,Kalyanpur,22,11:00,91218.36929330738,0.0,0.0,0.0,0.0,0.0,0.0,0.0,0.0,6000.0,8.39,0.0,92048.42400448916,101094.62124682596,30.2319784512609,forecast,climatology
2026-07-06,Kalyanpur,23,11:30,92400.49356203199,0.0,0.0,0.0,0.0,0.0,0.0,0.0,0.0,6000.0,8.39,-2.9103830456733704e-11,93241.30518353847,103521.22367920255,30.439872998202773,forecast,climatology
2026-07-06,Kalyanpur,24,12:00,100531.41003210083,0.0,0.0,0.0,0.0,0.0,0.0,0.0,0.0,6000.0,8.39,-1.4551915228366852e-11,101446.21010104928,113861.90228828315,30.608253165808893,forecast,climatology
2026-07-06,Kalyanpur,25,12:30,117316.05485990581,0.0,0.0,0.0,0.0,0.0,0.0,0.0,0.0,6000.0,8.39,-1.4551915228366852e-11,118383.5892259347,120366.19168643036,30.735750491363497,forecast,climatology
2026-07-06,Kalyanpur,26,13:00,115648.79207011216,0.0,0.0,0.0,0.0,0.0,0.0,0.0,0.0,6000.0,8.39,0.0,116701.1549378543,120411.96859365513,30.821328776014532,forecast,climatology
2026-07-06,Kalyanpur,27,13:30,113464.2870524306,0.0,0.0,0.0,0.0,0.0,0.0,0.0,0.0,6000.0,8.39,1.4551915228366852e-11,114496.77170161254,117169.331770562,30.864292506190008,forecast,climatology
2026-07-06,Kalyanpur,28,14:00,91893.25921770878,0.0,0.0,0.0,0.0,0.0,0.0,0.0,0.0,6000.0,8.39,0.0,92729.45518712193,100048.87754572277,30.864292506190008,forecast,climatology
2026-07-06,Kalyanpur,29,14:30,93565.7849622007,0.0,0.0,0.0,0.0,0.0,0.0,0.0,0.0,6000.0,8.39,-2.9103830456733704e-11,94417.20032091616,105015.65782231824,30.821328776014536,forecast,climatology
2026-07-06,Kalyanpur,30,15:00,85645.54259817515,0.0,0.0,0.0,0.0,0.0,0.0,0.0,0.0,6000.0,8.39,-1.4551915228366852e-11,86424.88656886971,99041.56439985313,30.735750491363497,forecast,climatology
2026-07-06,Kalyanpur,31,15:30,84886.6172440128,0.0,0.0,0.0,0.0,0.0,0.0,0.0,0.0,6000.0,8.39,0.0,85659.05526395935,93344.6768424744,30.608253165808897,forecast,climatology
2026-07-06,Kalyanpur,32,16:00,92864.93861401363,0.0,0.0,0.0,0.0,0.0,0.0,0.0,0.0,6000.0,8.39,0.0,93709.97652027468,98362.88303903349,30.439872998202773,forecast,climatology
2026-07-06,Kalyanpur,33,16:30,85183.024391565,0.0,0.0,0.0,0.0,0.0,0.0,0.0,0.0,6000.0,8.39,-1.4551915228366852e-11,85958.15961111253,101835.47743640568,30.2319784512609,forecast,climatology
2026-07-06,Kalyanpur,34,17:00,103976.96474624725,0.0,0.0,0.0,0.0,0.0,0.0,0.0,0.0,6000.0,8.39,-1.4551915228366852e-11,104923.1181373969,122339.98814632493,29.986259129764804,forecast,climatology
2026-07-06,Kalyanpur,35,17:30,101583.48262250806,0.0,0.0,0.0,0.0,0.0,0.0,0.0,0.0,6000.0,8.39,-1.4551915228366852e-11,102507.85617777235,114563.01547982423,29.704712048771494,forecast,climatology
2026-07-06,Kalyanpur,36,18:00,107172.58649696004,0.0,0.0,0.0,0.0,0.0,0.0,0.0,0.0,6000.0,8.39,-1.4551915228366852e-11,108147.81890925294,116618.54547356076,29.389625403432156,forecast,climatology
2026-07-06,Kalyanpur,37,18:30,124597.3365801396,0.0,0.0,0.0,0.0,0.0,0.0,0.0,0.0,6000.0,8.39,-2.9103830456733704e-11,125731.12801963012,133315.011494508,29.043371815890303,forecast,climatology
2026-07-06,Kalyanpur,38,19:00,105900.61228392637,0.0,0.0,0.0,0.0,0.0,0.0,0.0,0.0,6000.0,8.39,-1.4551915228366852e-11,106864.27018336394,113735.42278526841,28.70122187174869,forecast,climatology
2026-07-06,Kalyanpur,39,19:30,112100.0619820846,0.0,0.0,0.0,0.0,0.0,0.0,0.0,0.0,6000.0,8.39,0.0,113120.13266842626,120176.43609152707,28.392852713394575,forecast,climatology
2026-07-06,Kalyanpur,40,20:00,113403.16476985256,0.0,0.0,0.0,0.0,0.0,0.0,0.0,0.0,6000.0,8.39,0.0,114435.09322800612,124186.06474575686,28.114929132075307,forecast,climatology
2026-07-06,Kalyanpur,41,20:30,100103.05002968405,0.0,0.0,0.0,0.0,0.0,0.0,0.0,0.0,6000.0,8.39,1.4551915228366852e-11,101013.95217499233,110890.43324184048,27.864445207335248,forecast,climatology
2026-07-06,Kalyanpur,42,21:00,88098.6045222634,0.0,0.0,0.0,0.0,0.0,0.0,0.0,0.0,6000.0,8.39,0.0,88900.270483832,98497.3806483624,27.6386917960725,forecast,climatology
2026-07-06,Kalyanpur,43,21:30,72646.45704329177,0.0,0.0,0.0,0.0,0.0,0.0,0.0,0.0,6000.0,8.39,-1.4551915228366852e-11,73307.51395964115,90614.13731089205,27.43522723143165,forecast,climatology
2026-07-06,Kalyanpur,44,22:00,71038.32372563556,0.0,-0.0,0.0,0.0,0.0,0.0,0.0,0.0,6000.0,8.39,0.0,71684.74720086041,87381.41282029437,27.251850914622384,forecast,climatology
2026-07-06,Kalyanpur,45,22:30,63021.323768272436,0.0,0.0,0.0,0.0,0.0,0.0,0.0,0.0,6000.0,8.39,0.0,63594.795395796806,78383.43684214167,27.086579514042686,forecast,climatology
2026-07-06,Kalyanpur,46,23:00,61780.19603190012,0.0,0.0,0.0,0.0,0.0,0.0,0.0,0.0,6000.0,8.39,1.4551915228366852e-11,62342.373838533764,64980.75854252817,26.937625514284985,forecast,climatology
2026-07-06,Kalyanpur,47,23:30,58899.371309202106,0.0,0.0,0.0,0.0,0.0,0.0,0.0,0.0,6000.0,8.39,0.0,59435.3346356637,66296.32481805129,26.803377883019113,forecast,climatology
2026-07-07,Dhanmondi,0,00:00,54361.3040613597,0.0,0.0,0.0,0.0,0.0,0.0,0.0,0.0,8000.0,8.39,-7.275957614183426e-12,44599.4516415654,47184.81884532378,26.695552360968403,forecast,climatology
2026-07-07,Dhanmondi,1,00:30,49964.730432005934,0.0,0.0,0.0,0.0,0.0,0.0,0.0,0.0,8000.0,8.39,7.275957614183426e-12,40992.38635207903,47089.9661157157,26.58536771347994,forecast,climatology
2026-07-07,Dhanmondi,2,01:00,53180.701646551584,0.0,0.0,0.0,0.0,0.0,0.0,0.0,0.0,8000.0,8.39,0.0,43630.85419497513,53025.37030878226,26.486054522675275,forecast,climatology
2026-07-07,Dhanmondi,3,01:30,58485.53006363003,0.0,0.0,0.0,0.0,0.0,0.0,0.0,0.0,8000.0,8.39,-7.275957614183426e-12,47983.07573453281,51744.12023941621,26.39654014755476,forecast,climatology
2026-07-07,Dhanmondi,4,02:00,56800.80470682672,0.0,0.0,0.0,0.0,0.0,0.0,0.0,0.0,8000.0,8.39,-7.275957614183426e-12,46600.882492897916,50458.701323925336,26.31585778010393,forecast,climatology
2026-07-07,Dhanmondi,5,02:30,49040.042321925735,0.0,0.0,0.0,0.0,0.0,0.0,0.0,0.0,8000.0,8.39,0.0,40233.74776970612,45638.93662991232,26.243136003197076,forecast,climatology
2026-07-07,Dhanmondi,6,03:00,56311.605989620395,0.0,0.0,0.0,0.0,0.0,0.0,0.0,0.0,8000.0,8.39,0.0,46199.530926597516,48413.193377523006,26.177589378778634,forecast,climatology
2026-07-07,Dhanmondi,7,03:30,45901.19524368078,0.0,0.0,0.0,0.0,0.0,0.0,0.0,0.0,8000.0,8.39,7.275957614183426e-12,37658.55460806963,41255.641502073355,26.118509964669222,forecast,climatology
2026-07-07,Dhanmondi,8,04:00,62554.93215943104,0.0,0.0,0.0,0.0,0.0,0.0,0.0,0.0,8000.0,8.39,0.0,51321.72084460782,53392.177581077995,26.065259668372814,forecast,climatology
2026-07-07,Dhanmondi,9,04:30,47793.57187980192,0.0,0.0,0.0,0.0,0.0,0.0,0.0,0.0,8000.0,8.39,0.0,39211.11045137776,43559.07463400986,26.01726335530167,forecast,climatology
2026-07-07,Dhanmondi,10,05:00,67095.32649348216,0.0,0.0,0.0,0.0,0.0,0.0,0.0,0.0,8000.0,8.39,1.4551915228366852e-11,55046.780444108656,64838.15530813882,25.974002636983773,forecast,climatology
2026-07-07,Dhanmondi,11,05:30,70544.72444326567,0.0,0.0,0.0,0.0,0.0,0.0,0.0,0.0,8000.0,8.39,1.4551915228366852e-11,57876.757754443905,60868.273496417816,26.017792830443042,forecast,climatology
2026-07-07,Dhanmondi,12,06:00,71772.10092342213,0.0,0.0,0.0,0.0,0.0,0.0,0.0,0.0,8000.0,8.39,0.0,58883.729881362495,64435.705868018566,26.49626273478432,forecast,climatology
2026-07-07,Dhanmondi,13,06:30,81527.38692374593,0.0,0.0,0.0,0.0,0.0,0.0,0.0,0.0,8000.0,8.39,0.0,66887.22453134347,69101.6203985938,26.967269965680472,forecast,climatology
2026-07-07,Dhanmondi,14,07:00,90081.5081384838,0.0,0.0,0.0,0.0,0.0,0.0,0.0,0.0,8000.0,8.39,2.9103830456733704e-11,73905.25182189856,76851.45010163767,27.426983307848467,forecast,climatology
2026-07-07,Dhanmondi,15,07:30,96240.61658294617,0.0,0.0,0.0,0.0,0.0,0.0,0.0,0.0,8000.0,8.39,2.9103830456733704e-11,78958.34729057793,84010.71298392159,27.87166341151447,forecast,climatology
2026-07-07,Dhanmondi,16,08:00,91136.16853101015,0.0,0.0,0.0,0.0,0.0,0.0,0.0,0.0,8000.0,8.39,0.0,74770.52310239733,76963.03742512543,28.297693208622047,forecast,climatology
2026-07-07,Dhanmondi,17,08:30,89993.37206856156,0.0,0.0,0.0,0.0,0.0,0.0,0.0,0.0,8000.0,8.39,0.0,73832.94265904377,82640.70427847686,28.701607334389855,forecast,climatology
2026-07-07,Dhanmondi,18,09:00,103248.76763292926,0.0,0.0,0.0,0.0,0.0,0.0,0.0,0.0,8000.0,8.39,-1.4551915228366852e-11,84708.01976895891,96437.75557408386,29.080120314901226,forecast,climatology
2026-07-07,Dhanmondi,19,09:30,103334.3001750307,0.0,0.0,0.0,0.0,0.0,0.0,0.0,0.0,8000.0,8.39,1.4551915228366852e-11,84778.19292872961,99611.37132124857,29.43015329144522,forecast,climatology
2026-07-07,Dhanmondi,20,10:00,109948.26939968443,0.0,0.0,0.0,0.0,0.0,0.0,0.0,0.0,8000.0,8.39,0.0,90204.46821198611,96072.76598971798,29.748859064230974,forecast,climatology
2026-07-07,Dhanmondi,21,10:30,103122.33028388789,0.0,0.0,0.0,0.0,0.0,0.0,0.0,0.0,8000.0,8.39,0.0,84604.28722369314,95379.95181887918,30.033645251767528,forecast,climatology
2026-07-07,Dhanmondi,22,11:00,119549.97078389372,0.0,0.0,0.0,0.0,0.0,0.0,0.0,0.0,8000.0,8.39,1.4551915228366852e-11,98081.95798078245,100589.38204466757,30.282195377528584,forecast,climatology
2026-07-07,Dhanmondi,23,11:30,127170.03835852513,0.0,0.0,0.0,0.0,0.0,0.0,0.0,0.0,8000.0,8.39,1.4551915228366852e-11,104333.6629604245,106380.94151467356,30.492487712381443,forecast,climatology
2026-07-07,Dhanmondi,24,12:00,142039.54400113222,0.0,0.0,0.0,0.0,0.0,0.0,0.0,0.0,8000.0,8.39,-2.9103830456733704e-11,116532.9986697535,120916.18411193296,30.662811719514057,forecast,climatology
2026-07-07,Dhanmondi,25,12:30,153340.539160626,0.0,0.0,0.0,0.0,0.0,0.0,0.0,0.0,8000.0,8.39,-2.9103830456733704e-11,125804.6339960235,128110.55604980979,30.79178196809566,forecast,climatology
2026-07-07,Dhanmondi,26,13:00,139761.34788940323,0.0,0.0,0.0,0.0,0.0,0.0,0.0,0.0,8000.0,8.39,-2.9103830456733704e-11,114663.9063242062,115581.38959532134,30.878349402496085,forecast,climatology
2026-07-07,Dhanmondi,27,13:30,135184.7870875555,0.0,0.0,0.0,0.0,0.0,0.0,0.0,0.0,8000.0,8.39,0.0,110909.17479796644,112728.30410649326,30.921809875398832,forecast,climatology
2026-07-07,Dhanmondi,28,14:00,129445.61644204376,0.0,0.0,0.0,0.0,0.0,0.0,0.0,0.0,8000.0,8.39,2.9103830456733704e-11,106200.60740638444,112452.65851676084,30.921809875398832,forecast,climatology
2026-07-07,Dhanmondi,29,14:30,108583.74799614647,0.0,0.0,0.0,0.0,0.0,0.0,0.0,0.0,8000.0,8.39,1.4551915228366852e-11,89084.97876261074,107228.72618712022,30.878349402496085,forecast,climatology
2026-07-07,Dhanmondi,30,15:00,115913.3123110968,0.0,0.0,0.0,0.0,0.0,0.0,0.0,0.0,8000.0,8.39,0.0,95098.34718455649,110557.64217005273,30.79178196809566,forecast,climatology
2026-07-07,Dhanmondi,31,15:30,103727.00406481113,0.0,0.0,0.0,0.0,0.0,0.0,0.0,0.0,8000.0,8.39,0.0,85100.37758644015,105074.26160855195,30.662811719514057,forecast,climatology
2026-07-07,Dhanmondi,32,16:00,109918.07436438357,0.0,0.0,0.0,0.0,0.0,0.0,0.0,0.0,8000.0,8.39,-1.4551915228366852e-11,90179.69540640376,98363.29187574968,30.492487712381447,forecast,climatology
2026-07-07,Dhanmondi,33,16:30,105396.32391779152,0.0,0.0,0.0,0.0,0.0,0.0,0.0,0.0,8000.0,8.39,2.9103830456733704e-11,86469.93174528217,103415.80356065702,30.282195377528584,forecast,climatology
2026-07-07,Dhanmondi,34,17:00,126431.03506433216,0.0,0.0,0.0,0.0,0.0,0.0,0.0,0.0,8000.0,8.39,2.9103830456733704e-11,103727.36511214048,120272.39193019607,30.033645251767528,forecast,climatology
2026-07-07,Dhanmondi,35,17:30,119771.98814267838,0.0,0.0,0.0,0.0,0.0,0.0,0.0,0.0,8000.0,8.39,0.0,98264.10689401542,116949.09410780086,29.748859064230974,forecast,climatology
2026-07-07,Dhanmondi,36,18:00,114896.61929806242,0.0,0.0,0.0,0.0,0.0,0.0,0.0,0.0,8000.0,8.39,0.0,94264.22534638354,109667.48863170086,29.43015329144522,forecast,climatology
2026-07-07,Dhanmondi,37,18:30,131531.12468856617,0.0,0.0,0.0,0.0,0.0,0.0,0.0,0.0,8000.0,8.39,0.0,107911.61353095925,125328.93189461119,29.079951276460207,forecast,climatology
2026-07-07,Dhanmondi,38,19:00,135162.5441270818,0.0,0.0,0.0,0.0,0.0,0.0,0.0,0.0,8000.0,8.39,0.0,110890.92608489488,119820.50820206177,28.73450799614474,forecast,climatology
2026-07-07,Dhanmondi,39,19:30,128925.60019895322,0.0,0.0,0.0,0.0,0.0,0.0,0.0,0.0,8000.0,8.39,0.0,105773.97232676297,114835.77196089212,28.423148154350518,forecast,climatology
2026-07-07,Dhanmondi,40,20:00,120117.57573520832,0.0,0.0,0.0,0.0,0.0,0.0,0.0,0.0,8000.0,8.39,0.0,98547.63609529368,109192.4653131284,28.142508881258884,forecast,climatology
2026-07-07,Dhanmondi,41,20:30,110236.74479144638,0.0,0.0,0.0,0.0,0.0,0.0,0.0,0.0,8000.0,8.39,0.0,90441.14105320685,101251.184705748,27.889559107301032,forecast,climatology
2026-07-07,Dhanmondi,42,21:00,93707.26055087282,0.0,0.0,0.0,0.0,0.0,0.0,0.0,0.0,8000.0,8.39,0.0,76879.91499771402,96729.60497283259,27.661566825820042,forecast,climatology
2026-07-07,Dhanmondi,43,21:30,92570.76029432031,0.0,0.0,0.0,0.0,0.0,0.0,0.0,0.0,8000.0,8.39,1.4551915228366852e-11,75947.50012820456,88687.61810177592,27.456069585788637,forecast,climatology
2026-07-07,Dhanmondi,44,22:00,80453.17290452891,0.0,0.0,0.0,0.0,0.0,0.0,0.0,0.0,8000.0,8.39,-1.4551915228366852e-11,66005.91093833838,79868.00753279783,27.270847895886618,forecast,climatology
2026-07-07,Dhanmondi,45,22:30,63709.982579175565,0.0,-0.0,0.0,0.0,0.0,0.0,0.0,0.0,8000.0,8.39,0.0,52269.35475862905,65441.36951794856,27.103901252686367,forecast,climatology
2026-07-07,Dhanmondi,46,23:00,60052.586376993044,0.0,0.0,0.0,0.0,0.0,0.0,0.0,0.0,8000.0,8.39,0.0,49268.73018072771,59957.009196255756,26.953426534036645,forecast,climatology
2026-07-07,Dhanmondi,47,23:30,58205.390833728365,0.0,-0.0,0.0,0.0,0.0,0.0,0.0,0.0,8000.0,8.39,0.0,47753.24210098337,59449.030731654646,26.81779852428054,forecast,climatology
2026-07-07,Kalyanpur,0,00:00,44278.080892293015,0.0,0.0,0.0,0.0,0.0,0.0,0.0,0.0,6000.0,8.39,0.0,44836.932681064,52082.01887739649,26.695552360968403,forecast,climatology
2026-07-07,Kalyanpur,1,00:30,43417.716640204286,0.0,0.0,0.0,0.0,0.0,0.0,0.0,0.0,6000.0,8.39,7.275957614183426e-12,43965.70941947018,50621.30256308708,26.58536771347994,forecast,climatology
2026-07-07,Kalyanpur,2,01:00,47745.380524312,0.0,-0.0,0.0,0.0,0.0,0.0,0.0,0.0,6000.0,8.39,7.275957614183426e-12,48347.99452143772,57972.03340290088,26.486054522675275,forecast,climatology
2026-07-07,Kalyanpur,3,01:30,52862.3991841788,0.0,0.0,0.0,0.0,0.0,0.0,0.0,0.0,6000.0,8.39,7.275957614183426e-12,53529.59716899354,55963.99732903228,26.39654014755476,forecast,climatology
2026-07-07,Kalyanpur,4,02:00,54276.8380342187,0.0,0.0,0.0,0.0,0.0,0.0,0.0,0.0,6000.0,8.39,0.0,54961.88823090718,57469.01256178576,26.31585778010393,forecast,climatology
2026-07-07,Kalyanpur,5,02:30,43398.296780857876,0.0,0.0,0.0,0.0,0.0,0.0,0.0,0.0,6000.0,8.39,1.4551915228366852e-11,43946.04445412744,48383.715876406226,26.243136003197076,forecast,climatology
2026-07-07,Kalyanpur,6,03:00,40084.87174393049,0.0,0.0,0.0,0.0,0.0,0.0,0.0,0.0,6000.0,8.39,7.275957614183426e-12,40590.79932311448,46383.17674773146,26.177589378778634,forecast,climatology
2026-07-07,Kalyanpur,7,03:30,37222.101435315504,0.0,0.0,0.0,0.0,0.0,0.0,0.0,0.0,6000.0,8.39,7.275957614183426e-12,37691.896818262176,41283.374775337055,26.118509964669222,forecast,climatology
2026-07-07,Kalyanpur,8,04:00,46596.03209298331,0.0,0.0,0.0,0.0,0.0,0.0,0.0,0.0,6000.0,8.39,7.275957614183426e-12,47184.13969295213,49934.28017466215,26.065259668372814,forecast,climatology
2026-07-07,Kalyanpur,9,04:30,41752.67021608459,0.0,0.0,0.0,0.0,0.0,0.0,0.0,0.0,6000.0,8.39,7.275957614183426e-12,42279.64776267206,48145.85931033652,26.01726335530167,forecast,climatology
2026-07-07,Kalyanpur,10,05:00,56361.513429024155,0.0,0.0,0.0,0.0,0.0,0.0,0.0,0.0,6000.0,8.39,0.0,57072.8751674488,62465.88643316077,25.974002636983773,forecast,climatology
2026-07-07,Kalyanpur,11,05:30,60534.301200176735,0.0,0.0,0.0,0.0,0.0,0.0,0.0,0.0,6000.0,8.39,1.4551915228366852e-11,61298.32940162498,67503.84321991788,26.017792830443042,forecast,climatology
2026-07-07,Kalyanpur,12,06:00,69513.38951067078,0.0,0.0,0.0,0.0,0.0,0.0,0.0,0.0,6000.0,8.39,0.0,70390.74646220784,77856.74951484999,26.49626273478432,forecast,climatology
2026-07-07,Kalyanpur,13,06:30,80816.70298402778,0.0,0.0,0.0,0.0,0.0,0.0,0.0,0.0,6000.0,8.39,0.0,81836.72368309688,84433.6408807908,26.967269965680472,forecast,climatology
2026-07-07,Kalyanpur,14,07:00,89179.02305990884,0.0,0.0,0.0,0.0,0.0,0.0,0.0,0.0,6000.0,8.39,-1.4551915228366852e-11,90304.58802463963,95429.40020774647,27.426983307848467,forecast,climatology
2026-07-07,Kalyanpur,15,07:30,90533.35915378178,0.0,0.0,0.0,0.0,0.0,0.0,0.0,0.0,6000.0,8.39,-1.4551915228366852e-11,91676.0177488914,99720.94319201502,27.87166341151447,forecast,climatology
2026-07-07,Kalyanpur,16,08:00,80860.1731151605,0.0,0.0,0.0,0.0,0.0,0.0,0.0,0.0,6000.0,8.39,-1.4551915228366852e-11,81880.74246855361,91249.90553250707,28.297693208622047,forecast,climatology
2026-07-07,Kalyanpur,17,08:30,80539.43879409802,0.0,0.0,0.0,0.0,0.0,0.0,0.0,0.0,6000.0,8.39,0.0,81555.96002829912,84373.98679290873,28.701607334389855,forecast,climatology
2026-07-07,Kalyanpur,18,09:00,90429.1032896393,0.0,0.0,0.0,0.0,0.0,0.0,0.0,0.0,6000.0,8.39,-1.4551915228366852e-11,91570.44602879955,95729.66337365434,29.080120314901226,forecast,climatology
2026-07-07,Kalyanpur,19,09:30,78582.2492544529,0.0,0.0,0.0,0.0,0.0,0.0,0.0,0.0,6000.0,8.39,1.4551915228366852e-11,79574.06799809539,83675.24474567844,29.43015329144522,forecast,climatology
2026-07-07,Kalyanpur,20,10:00,82426.92207031637,0.0,0.0,0.0,0.0,0.0,0.0,0.0,0.0,6000.0,8.39,-1.4551915228366852e-11,83467.26600378397,95660.3420412479,29.748859064230974,forecast,climatology
2026-07-07,Kalyanpur,21,10:30,80635.00453674098,0.0,0.0,0.0,0.0,0.0,0.0,0.0,0.0,6000.0,8.39,0.0,81652.73194530977,95538.95441606686,30.033645251767528,forecast,climatology
2026-07-07,Kalyanpur,22,11:00,89772.90042183411,0.0,0.0,0.0,0.0,0.0,0.0,0.0,0.0,6000.0,8.39,-1.4551915228366852e-11,90905.96095591498,101221.66064098403,30.282195377528584,forecast,climatology
2026-07-07,Kalyanpur,23,11:30,93223.53025499848,0.0,0.0,0.0,0.0,0.0,0.0,0.0,0.0,6000.0,8.39,-1.4551915228366852e-11,94400.1426010773,103647.84046377958,30.492487712381443,forecast,climatology
2026-07-07,Kalyanpur,24,12:00,101219.30661197468,0.0,0.0,0.0,0.0,0.0,0.0,0.0,0.0,6000.0,8.39,-1.4551915228366852e-11,102496.8369253561,114014.876141381,30.662811719514057,forecast,climatology
2026-07-07,Kalyanpur,25,12:30,117327.89420414831,0.0,0.0,0.0,0.0,0.0,0.0,0.0,0.0,6000.0,8.39,-1.4551915228366852e-11,118808.73759725329,120535.45322740637,30.79178196809566,forecast,climatology
2026-07-07,Kalyanpur,26,13:00,117193.92508875996,0.0,0.0,0.0,0.0,0.0,0.0,0.0,0.0,6000.0,8.39,0.0,118673.07760280544,120609.77381723672,30.878349402496085,forecast,climatology
2026-07-07,Kalyanpur,27,13:30,112643.89553952968,0.0,0.0,0.0,0.0,0.0,0.0,0.0,0.0,6000.0,8.39,-1.4551915228366852e-11,114065.62026760733,117372.89211646019,30.921809875398832,forecast,climatology
2026-07-07,Kalyanpur,28,14:00,95672.36014892801,0.0,0.0,0.0,0.0,0.0,0.0,0.0,0.0,6000.0,8.39,-1.4551915228366852e-11,96879.88017978096,100215.58986060244,30.921809875398832,forecast,climatology
2026-07-07,Kalyanpur,29,14:30,92282.72202298175,0.0,0.0,0.0,0.0,0.0,0.0,0.0,0.0,6000.0,8.39,1.4551915228366852e-11,93447.46004314677,105197.87706936756,30.878349402496085,forecast,climatology
2026-07-07,Kalyanpur,30,15:00,87779.84215761718,0.0,0.0,0.0,0.0,0.0,0.0,0.0,0.0,6000.0,8.39,-1.4551915228366852e-11,88887.74748728012,99204.61899542018,30.79178196809566,forecast,climatology
2026-07-07,Kalyanpur,31,15:30,85551.98310390172,0.0,0.0,0.0,0.0,0.0,0.0,0.0,0.0,6000.0,8.39,0.0,86631.76971224223,93488.650789797,30.662811719514057,forecast,climatology
2026-07-07,Kalyanpur,32,16:00,82333.03542379673,0.0,0.0,0.0,0.0,0.0,0.0,0.0,0.0,6000.0,8.39,-1.4551915228366852e-11,83372.1943754563,98510.74498732011,30.492487712381447,forecast,climatology
2026-07-07,Kalyanpur,33,16:30,82708.965930714,0.0,0.0,0.0,0.0,0.0,0.0,0.0,0.0,6000.0,8.39,-1.4551915228366852e-11,83752.86965522754,101991.84325909961,30.282195377528584,forecast,climatology
2026-07-07,Kalyanpur,34,17:00,103789.58240320368,0.0,0.0,0.0,0.0,0.0,0.0,0.0,0.0,6000.0,8.39,1.4551915228366852e-11,105099.55321975549,122467.22556688792,30.033645251767528,forecast,climatology
2026-07-07,Kalyanpur,35,17:30,102613.03213005669,0.0,0.0,0.0,0.0,0.0,0.0,0.0,0.0,6000.0,8.39,-1.4551915228366852e-11,103908.15322386802,114667.21568008093,29.748859064230974,forecast,climatology
2026-07-07,Kalyanpur,36,18:00,107994.93186699909,0.0,0.0,0.0,0.0,0.0,0.0,0.0,0.0,6000.0,8.39,1.4551915228366852e-11,109357.98012102985,116720.89673539675,29.43015329144522,forecast,climatology
2026-07-07,Kalyanpur,37,18:30,123294.49327811564,0.0,0.0,0.0,0.0,0.0,0.0,0.0,0.0,6000.0,8.39,0.0,124850.64356117992,133415.7381586025,29.079951276460207,forecast,climatology
2026-07-07,Kalyanpur,38,19:00,104988.86335919327,0.0,0.0,0.0,0.0,0.0,0.0,0.0,0.0,6000.0,8.39,0.0,106313.9707917407,113828.82102253132,28.73450799614474,forecast,climatology
2026-07-07,Kalyanpur,39,19:30,111323.90035109209,0.0,0.0,0.0,0.0,0.0,0.0,0.0,0.0,6000.0,8.39,-1.4551915228366852e-11,112728.96487941952,120264.48207011743,28.423148154350518,forecast,climatology
2026-07-07,Kalyanpur,40,20:00,114967.64599403589,0.0,0.0,0.0,0.0,0.0,0.0,0.0,0.0,6000.0,8.39,0.0,116418.69972806827,124271.47319841446,28.142508881258884,forecast,climatology
2026-07-07,Kalyanpur,41,20:30,99173.89783693897,0.0,0.0,0.0,0.0,0.0,0.0,0.0,0.0,6000.0,8.39,-2.9103830456733704e-11,100425.61220867018,110962.71007940189,27.889559107301032,forecast,climatology
2026-07-07,Kalyanpur,42,21:00,90306.61782270516,0.0,0.0,0.0,0.0,0.0,0.0,0.0,0.0,6000.0,8.39,0.0,91446.41462263516,98552.17886480354,27.661566825820042,forecast,climatology
2026-07-07,Kalyanpur,43,21:30,73473.8987935298,0.0,0.0,0.0,0.0,0.0,0.0,0.0,0.0,6000.0,8.39,0.0,74401.24295437142,90673.37907399496,27.456069585788637,forecast,climatology
2026-07-07,Kalyanpur,44,22:00,76561.99770625922,0.0,0.0,0.0,0.0,0.0,0.0,0.0,0.0,6000.0,8.39,-1.4551915228366852e-11,77528.31802791239,87431.95349988955,27.270847895886618,forecast,climatology
2026-07-07,Kalyanpur,45,22:30,62787.528413811066,0.0,-0.0,0.0,0.0,0.0,0.0,0.0,0.0,6000.0,8.39,0.0,63579.9955185149,78423.9935736029,27.103901252686367,forecast,climatology
2026-07-07,Kalyanpur,46,23:00,55294.87637281519,0.0,0.0,0.0,0.0,0.0,0.0,0.0,0.0,6000.0,8.39,0.0,55992.7756482148,65012.23117993063,26.953426534036645,forecast,climatology
2026-07-07,Kalyanpur,47,23:30,54107.677344311945,0.0,0.0,0.0,0.0,0.0,0.0,0.0,0.0,6000.0,8.39,0.0,54790.592494669676,66327.11441522518,26.81779852428054,forecast,climatology
2026-07-08,Dhanmondi,0,00:00,58187.46432636593,0.0,0.0,0.0,0.0,0.0,0.0,0.0,0.0,8000.0,8.39,0.0,45942.14288391769,47216.75393245421,26.717038685150953,forecast,climatology
2026-07-08,Dhanmondi,1,00:30,51187.993903580056,0.0,0.0,0.0,0.0,0.0,0.0,0.0,0.0,8000.0,8.39,0.0,40415.68329338227,47120.160865308724,26.60523879200427,forecast,climatology
2026-07-08,Dhanmondi,2,01:00,56107.2268564127,0.0,0.0,0.0,0.0,0.0,0.0,0.0,0.0,8000.0,8.39,0.0,44299.68315168006,53060.9540506305,26.50446200132504,forecast,climatology
2026-07-08,Dhanmondi,3,01:30,53923.963428213894,0.0,0.0,0.0,0.0,0.0,0.0,0.0,0.0,8000.0,8.39,0.0,42575.87886612212,51774.877487551086,26.413621471394666,forecast,climatology
2026-07-08,Dhanmondi,4,02:00,53378.67468122147,0.0,0.0,0.0,0.0,0.0,0.0,0.0,0.0,8000.0,8.39,0.0,42145.34397656567,50486.10959591368,26.33173751952029,forecast,climatology
2026-07-08,Dhanmondi,5,02:30,48553.42881342029,0.0,0.0,0.0,0.0,0.0,0.0,0.0,0.0,8000.0,8.39,0.0,38335.55199344767,45660.715263683225,26.257927056506652,forecast,climatology
2026-07-08,Dhanmondi,6,03:00,56525.671347144016,0.0,0.0,0.0,0.0,0.0,0.0,0.0,0.0,8000.0,8.39,0.0,44630.067656396415,48435.487931267075,26.191394062854304,forecast,climatology
2026-07-08,Dhanmondi,7,03:30,47012.139827410385,0.0,0.0,0.0,0.0,0.0,0.0,0.0,0.0,8000.0,8.39,0.0,37118.621170968254,41269.94945134864,26.131421003973397,forecast,climatology
2026-07-08,Dhanmondi,8,04:00,59217.31168168492,0.0,0.0,0.0,0.0,0.0,0.0,0.0,0.0,8000.0,8.39,0.0,46755.262941552726,53415.757059561336,26.07736109182926,forecast,climatology
2026-07-08,Dhanmondi,9,04:30,52245.289378471774,0.0,0.0,0.0,0.0,0.0,0.0,0.0,0.0,8000.0,8.39,0.0,41250.47512252173,43573.688215352886,26.02863130956427,forecast,climatology
2026-07-08,Dhanmondi,10,05:00,73564.97869721462,0.0,0.0,0.0,0.0,0.0,0.0,0.0,0.0,8000.0,8.39,0.0,58083.52025108563,64856.76691456139,25.984706123869145,forecast,climatology
2026-07-08,Dhanmondi,11,05:30,69072.8339473103,0.0,0.0,0.0,0.0,0.0,0.0,0.0,0.0,8000.0,8.39,1.4551915228366852e-11,54536.72957469878,60878.74280377533,26.02506207285051,forecast,climatology
2026-07-08,Dhanmondi,12,06:00,75244.92621562615,0.0,0.0,0.0,0.0,0.0,0.0,0.0,0.0,8000.0,8.39,1.4551915228366852e-11,59409.92946691686,64451.233864036956,26.51094700250795,forecast,climatology
2026-07-08,Dhanmondi,13,06:30,79931.82107148418,0.0,-0.0,0.0,0.0,0.0,0.0,0.0,0.0,8000.0,8.39,0.0,63110.485860678855,69124.94881317986,26.989278188641844,forecast,climatology
2026-07-08,Dhanmondi,14,07:00,85416.47794227402,0.0,0.0,0.0,0.0,0.0,0.0,0.0,0.0,8000.0,8.39,0.0,67440.91841250446,76897.51909917979,27.45616134774547,forecast,climatology
2026-07-08,Dhanmondi,15,07:30,101402.78565032087,0.0,0.0,0.0,0.0,0.0,0.0,0.0,0.0,8000.0,8.39,0.0,80062.97096990675,84067.91578393008,27.907795399231226,forecast,climatology
2026-07-08,Dhanmondi,16,08:00,87882.01106780062,0.0,0.0,0.0,0.0,0.0,0.0,0.0,0.0,8000.0,8.39,0.0,69387.58985538852,77034.88293168829,28.340503411532115,forecast,climatology
2026-07-08,Dhanmondi,17,08:30,102434.51164919058,0.0,0.0,0.0,0.0,0.0,0.0,0.0,0.0,8000.0,8.39,0.0,80877.57431799677,82735.43176109054,28.750762537456957,forecast,climatology
2026-07-08,Dhanmondi,18,09:00,116480.48781665007,0.0,0.0,0.0,0.0,0.0,0.0,0.0,0.0,8000.0,8.39,1.4551915228366852e-11,91967.63042372612,96591.5287793097,29.135232695083676,forecast,climatology
2026-07-08,Dhanmondi,19,09:30,115022.1153503045,0.0,0.0,0.0,0.0,0.0,0.0,0.0,0.0,8000.0,8.39,1.4551915228366852e-11,90816.16666770092,99803.66854993514,29.490783760688227,forecast,climatology
2026-07-08,Dhanmondi,20,10:00,104513.61201621727,0.0,0.0,0.0,0.0,0.0,0.0,0.0,0.0,8000.0,8.39,0.0,82519.13624611583,96272.01304952546,29.8145210523207,forecast,climatology
2026-07-08,Dhanmondi,21,10:30,113308.82939758126,0.0,0.0,0.0,0.0,0.0,0.0,0.0,0.0,8000.0,8.39,-1.4551915228366852e-11,89463.43495903717,95583.94807545186,30.103808896556785,forecast,climatology
2026-07-08,Dhanmondi,22,11:00,115719.93524774889,0.0,0.0,0.0,0.0,0.0,0.0,0.0,0.0,8000.0,8.39,2.9103830456733704e-11,91367.13313112708,100787.20502968859,30.35629208655829,forecast,climatology
2026-07-08,Dhanmondi,23,11:30,115256.0752413036,0.0,0.0,0.0,0.0,0.0,0.0,0.0,0.0,8000.0,8.39,0.0,91000.89062613135,106617.0382041562,30.569915056744193,forecast,climatology
2026-07-08,Dhanmondi,24,12:00,148862.94751579588,0.0,0.0,0.0,0.0,0.0,0.0,0.0,0.0,8000.0,8.39,0.0,117535.32971521682,121209.22168837422,30.742938617963617,forecast,climatology
2026-07-08,Dhanmondi,25,12:30,160000.0,0.0,0.0,0.0,0.0,0.0,0.0,0.0,0.0,8000.0,8.390000000000002,0.0,126328.63360736033,128421.8813226704,30.873954116923066,forecast,climatology
2026-07-08,Dhanmondi,26,13:00,145084.49652615868,0.0,0.0,0.0,0.0,0.0,0.0,0.0,0.0,8000.0,8.39,0.0,114552.03877350905,115890.61174559021,30.961894904590416,forecast,climatology
2026-07-08,Dhanmondi,27,13:30,139901.54018588137,0.0,0.0,0.0,0.0,0.0,0.0,0.0,0.0,8000.0,8.39,2.9103830456733704e-11,110459.81507029755,113028.45254194089,31.006045020206873,forecast,climatology
2026-07-08,Dhanmondi,28,14:00,141210.06207685833,0.0,0.0,0.0,0.0,0.0,0.0,0.0,0.0,8000.0,8.39,0.0,111492.96371112538,112768.56931786262,31.006045020206873,forecast,climatology
2026-07-08,Dhanmondi,29,14:30,130905.31220589307,0.0,0.0,0.0,0.0,0.0,0.0,0.0,0.0,8000.0,8.39,0.0,103356.80764322115,107525.98334975677,30.961894904590416,forecast,climatology
2026-07-08,Dhanmondi,30,15:00,114350.96381673329,0.0,0.0,0.0,0.0,0.0,0.0,0.0,0.0,8000.0,8.39,0.0,90286.25631657887,110867.73723375895,30.873954116923066,forecast,climatology
2026-07-08,Dhanmondi,31,15:30,112143.13980810839,0.0,0.0,0.0,0.0,0.0,0.0,0.0,0.0,8000.0,8.39,0.0,88543.06012748445,105354.58155109808,30.742938617963617,forecast,climatology
2026-07-08,Dhanmondi,32,16:00,110963.84335608852,0.0,0.0,0.0,0.0,0.0,0.0,0.0,0.0,8000.0,8.39,1.4551915228366852e-11,87611.94194372398,98607.81552192742,30.569915056744193,forecast,climatology
2026-07-08,Dhanmondi,33,16:30,126379.54701221197,0.0,0.0,0.0,0.0,0.0,0.0,0.0,0.0,8000.0,8.39,0.0,99783.47181231195,103668.23097801223,30.35629208655829,forecast,climatology
2026-07-08,Dhanmondi,34,17:00,134503.06228261668,0.0,0.0,0.0,0.0,0.0,0.0,0.0,0.0,8000.0,8.39,-2.9103830456733704e-11,106197.42546355401,120506.3370634245,30.103808896556785,forecast,climatology
2026-07-08,Dhanmondi,35,17:30,127941.85150994833,0.0,0.0,0.0,0.0,0.0,0.0,0.0,0.0,8000.0,8.39,0.0,101016.99551529733,117148.10435200394,29.8145210523207,forecast,climatology
2026-07-08,Dhanmondi,36,18:00,126322.81115186866,0.0,0.0,0.0,0.0,0.0,0.0,0.0,0.0,8000.0,8.39,0.0,99738.67578910125,109852.39128932783,29.490783760688227,forecast,climatology
2026-07-08,Dhanmondi,37,18:30,136609.34654117504,0.0,0.0,0.0,0.0,0.0,0.0,0.0,0.0,8000.0,8.39,2.9103830456733704e-11,107860.45054088127,125503.93881254768,29.135090868665223,forecast,climatology
2026-07-08,Dhanmondi,38,19:00,128343.90857536034,0.0,0.0,0.0,0.0,0.0,0.0,0.0,0.0,8000.0,8.39,0.0,101334.44126345782,119998.15002597033,28.78487896777564,forecast,climatology
2026-07-08,Dhanmondi,39,19:30,134184.86198706308,0.0,0.0,0.0,0.0,0.0,0.0,0.0,0.0,8000.0,8.39,0.0,105946.18916011199,114980.41446038651,28.469196810700435,forecast,climatology
2026-07-08,Dhanmondi,40,20:00,124739.99706717167,0.0,0.0,0.0,0.0,0.0,0.0,0.0,0.0,8000.0,8.39,0.0,98488.95866051222,109323.28134924428,28.18463987804761,forecast,climatology
2026-07-08,Dhanmondi,41,20:30,113917.36790745135,0.0,0.0,0.0,0.0,0.0,0.0,0.0,0.0,8000.0,8.39,0.0,89943.90894934566,101373.11925764309,27.928139324861466,forecast,climatology
2026-07-08,Dhanmondi,42,21:00,98486.73418122128,0.0,0.0,0.0,0.0,0.0,0.0,0.0,0.0,8000.0,8.39,-1.4551915228366852e-11,77760.59098478114,96841.95559255229,27.696928884225084,forecast,climatology
2026-07-08,Dhanmondi,43,21:30,88721.85139743588,0.0,0.0,0.0,0.0,0.0,0.0,0.0,0.0,8000.0,8.39,1.4551915228366852e-11,70050.68911345843,88787.73395154311,27.488515034058942,forecast,climatology
2026-07-08,Dhanmondi,44,22:00,79092.8432869763,0.0,-0.0,0.0,0.0,0.0,0.0,0.0,0.0,8000.0,8.39,1.4551915228366852e-11,62448.06762853007,79949.2249703948,27.300650105375265,forecast,climatology
2026-07-08,Dhanmondi,45,22:30,67018.48844211244,0.0,0.0,0.0,0.0,0.0,0.0,0.0,0.0,8000.0,8.39,1.4551915228366852e-11,52914.712945767096,65495.60680393839,27.131308041970225,forecast,climatology
2026-07-08,Dhanmondi,46,23:00,63241.49085081384,0.0,0.0,0.0,0.0,0.0,0.0,0.0,0.0,8000.0,8.39,0.0,49932.569540473065,60008.266042658266,26.97866255013092,forecast,climatology
2026-07-08,Dhanmondi,47,23:30,72510.04813964963,0.0,0.0,0.0,0.0,0.0,0.0,0.0,0.0,8000.0,8.39,-1.4551915228366852e-11,57250.59565178663,59496.633010835016,26.8410674027095,forecast,climatology
2026-07-08,Kalyanpur,0,00:00,47661.41785304583,0.0,0.0,0.0,0.0,0.0,0.0,0.0,0.0,6000.0,8.39,0.0,49501.3975262415,52115.73872528403,26.717038685150953,forecast,climatology
2026-07-08,Kalyanpur,1,00:30,44135.09227931796,0.0,0.0,0.0,0.0,0.0,0.0,0.0,0.0,6000.0,8.39,0.0,45838.93736674163,50649.16840374261,26.60523879200427,forecast,climatology
2026-07-08,Kalyanpur,2,01:00,51096.48042184426,0.0,0.0,0.0,0.0,0.0,0.0,0.0,0.0,6000.0,8.39,7.275957614183426e-12,53069.07145213869,58008.03942673305,26.50446200132504,forecast,climatology
2026-07-08,Kalyanpur,3,01:30,46688.89477676767,0.0,0.0,0.0,0.0,0.0,0.0,0.0,0.0,6000.0,8.39,0.0,48491.32997955785,55994.895523916624,26.413621471394666,forecast,climatology
2026-07-08,Kalyanpur,4,02:00,50802.997485465086,0.0,0.0,0.0,0.0,0.0,0.0,0.0,0.0,6000.0,8.39,7.275957614183426e-12,52764.25854150165,57499.41450055807,26.33173751952029,forecast,climatology
2026-07-08,Kalyanpur,5,02:30,41681.207929650824,0.0,0.0,0.0,0.0,0.0,0.0,0.0,0.0,6000.0,8.39,0.0,43290.32026410266,48405.73763977808,26.257927056506652,forecast,climatology
2026-07-08,Kalyanpur,6,03:00,39414.983181088064,0.0,0.0,0.0,0.0,0.0,0.0,0.0,0.0,6000.0,8.39,0.0,40936.60740335019,46401.12656191265,26.191394062854304,forecast,climatology
2026-07-08,Kalyanpur,7,03:30,36948.8582432661,0.0,0.0,0.0,0.0,0.0,0.0,0.0,0.0,6000.0,8.39,0.0,38375.277161918784,41294.71478180082,26.131421003973397,forecast,climatology
2026-07-08,Kalyanpur,8,04:00,40513.14097291389,0.0,0.0,0.0,0.0,0.0,0.0,0.0,0.0,6000.0,8.39,0.0,42077.15982181404,49953.21676888326,26.07736109182926,forecast,climatology
2026-07-08,Kalyanpur,9,04:30,40315.91500731749,0.0,0.0,0.0,0.0,0.0,0.0,0.0,0.0,6000.0,8.39,-7.275957614183426e-12,41872.31990379932,48161.51601406226,26.02863130956427,forecast,climatology
2026-07-08,Kalyanpur,10,05:00,55973.74949919755,0.0,0.0,0.0,0.0,0.0,0.0,0.0,0.0,6000.0,8.39,0.0,58134.628590722255,62475.31221063277,25.984706123869145,forecast,climatology
2026-07-08,Kalyanpur,11,05:30,62862.30800194105,0.0,0.0,0.0,0.0,0.0,0.0,0.0,0.0,6000.0,8.39,7.275957614183426e-12,65289.12143183868,67514.17700875143,26.02506207285051,forecast,climatology
2026-07-08,Kalyanpur,12,06:00,68563.31035171864,0.0,0.0,0.0,0.0,0.0,0.0,0.0,0.0,6000.0,8.39,-1.4551915228366852e-11,71210.21224966765,77875.93715740362,26.51094700250795,forecast,climatology
2026-07-08,Kalyanpur,13,06:30,75851.8621468154,0.0,0.0,0.0,0.0,0.0,0.0,0.0,0.0,6000.0,8.39,-1.4551915228366852e-11,78780.1402134584,84460.6181803486,26.989278188641844,forecast,climatology
2026-07-08,Kalyanpur,14,07:00,87473.12170038454,0.0,0.0,0.0,0.0,0.0,0.0,0.0,0.0,6000.0,8.39,-1.4551915228366852e-11,90850.0410857023,95458.3802408612,27.45616134774547,forecast,climatology
2026-07-08,Kalyanpur,15,07:30,93201.84863920926,0.0,0.0,0.0,0.0,0.0,0.0,0.0,0.0,6000.0,8.39,0.0,96799.92680652597,99780.7927038774,27.907795399231226,forecast,climatology
2026-07-08,Kalyanpur,16,08:00,86721.87192728774,0.0,0.0,0.0,0.0,0.0,0.0,0.0,0.0,6000.0,8.39,-1.4551915228366852e-11,90069.78914745261,91324.85866799396,28.340503411532115,forecast,climatology
2026-07-08,Kalyanpur,17,08:30,77101.61740757833,0.0,0.0,0.0,0.0,0.0,0.0,0.0,0.0,6000.0,8.39,-1.4551915228366852e-11,80078.14255498082,84456.44689915414,28.750762537456957,forecast,climatology
2026-07-08,Kalyanpur,18,09:00,89179.72051352782,0.0,0.0,0.0,0.0,0.0,0.0,0.0,0.0,6000.0,8.39,-1.4551915228366852e-11,92622.5235269022,95850.89022953375,29.135232695083676,forecast,climatology
2026-07-08,Kalyanpur,19,09:30,77905.31646673827,0.0,0.0,0.0,0.0,0.0,0.0,0.0,0.0,6000.0,8.39,-2.9103830456733704e-11,80912.86859568763,83792.36423654952,29.490783760688227,forecast,climatology
2026-07-08,Kalyanpur,20,10:00,80301.13654596433,0.0,0.0,0.0,0.0,0.0,0.0,0.0,0.0,6000.0,8.39,0.0,83401.1798437665,95833.0839604355,29.8145210523207,forecast,climatology
2026-07-08,Kalyanpur,21,10:30,87621.84777471499,0.0,0.0,0.0,0.0,0.0,0.0,0.0,0.0,6000.0,8.39,0.0,91004.50876332466,95715.99691790483,30.103808896556785,forecast,climatology
2026-07-08,Kalyanpur,22,11:00,95833.76199367964,0.0,0.0,0.0,0.0,0.0,0.0,0.0,0.0,6000.0,8.39,-1.4551915228366852e-11,99533.44576343079,101409.11140159113,30.35629208655829,forecast,climatology
2026-07-08,Kalyanpur,23,11:30,89470.25159498765,0.0,-0.0,0.0,0.0,0.0,0.0,0.0,0.0,6000.0,8.39,0.0,92924.2706256019,103834.16859526472,30.569915056744193,forecast,climatology
2026-07-08,Kalyanpur,24,12:00,101130.40378582015,0.0,0.0,0.0,0.0,0.0,0.0,0.0,0.0,6000.0,8.39,-1.4551915228366852e-11,105034.56559405067,114239.53972866843,30.742938617963617,forecast,climatology
2026-07-08,Kalyanpur,25,12:30,114949.50407054258,0.0,0.0,0.0,0.0,0.0,0.0,0.0,0.0,6000.0,8.39,-2.9103830456733704e-11,119387.15532938362,120783.68128325995,30.873954116923066,forecast,climatology
2026-07-08,Kalyanpur,26,13:00,115047.44746876592,0.0,0.0,0.0,0.0,0.0,0.0,0.0,0.0,6000.0,8.39,-1.4551915228366852e-11,119488.87985435424,120899.59414613733,30.961894904590416,forecast,climatology
2026-07-08,Kalyanpur,27,13:30,101273.97689869982,0.0,0.0,0.0,0.0,0.0,0.0,0.0,0.0,6000.0,8.39,2.9103830456733704e-11,105183.6813789954,117671.00963208663,31.006045020206873,forecast,climatology
2026-07-08,Kalyanpur,28,14:00,93718.82412594039,0.0,0.0,0.0,0.0,0.0,0.0,0.0,0.0,6000.0,8.39,-1.4551915228366852e-11,97336.86024729986,100459.74282132272,31.006045020206873,forecast,climatology
2026-07-08,Kalyanpur,29,14:30,86210.36693512768,0.0,0.0,0.0,0.0,0.0,0.0,0.0,0.0,6000.0,8.39,-1.4551915228366852e-11,89538.53739091348,105464.86113154558,30.961894904590416,forecast,climatology
2026-07-08,Kalyanpur,30,15:00,82238.13042078717,0.0,0.0,0.0,0.0,0.0,0.0,0.0,0.0,6000.0,8.39,-1.4551915228366852e-11,85412.9517994212,99443.74434558686,30.873954116923066,forecast,climatology
2026-07-08,Kalyanpur,31,15:30,79131.86223177062,0.0,0.0,0.0,0.0,0.0,0.0,0.0,0.0,6000.0,8.39,1.4551915228366852e-11,82186.765433717,93700.09675148479,30.742938617963617,forecast,climatology
2026-07-08,Kalyanpur,32,16:00,92306.60857111764,0.0,0.0,0.0,0.0,0.0,0.0,0.0,0.0,6000.0,8.39,-1.4551915228366852e-11,95870.1257958078,98728.33731233494,30.569915056744193,forecast,climatology
2026-07-08,Kalyanpur,33,16:30,89161.31388387177,0.0,0.0,0.0,0.0,0.0,0.0,0.0,0.0,6000.0,8.39,-2.9103830456733704e-11,92603.40630520032,102222.56611944712,30.35629208655829,forecast,climatology
2026-07-08,Kalyanpur,34,17:00,102481.46270331522,0.0,0.0,0.0,0.0,0.0,0.0,0.0,0.0,6000.0,8.39,0.0,106437.78244258223,122655.62336782595,30.103808896556785,forecast,climatology
2026-07-08,Kalyanpur,35,17:30,96479.47894477176,0.0,0.0,0.0,0.0,0.0,0.0,0.0,0.0,6000.0,8.39,-1.4551915228366852e-11,100204.09076152953,114822.19767007478,29.8145210523207,forecast,climatology
2026-07-08,Kalyanpur,36,18:00,105023.59103134462,0.0,0.0,0.0,0.0,0.0,0.0,0.0,0.0,6000.0,8.39,0.0,109078.05020206232,116874.01611410023,29.490783760688227,forecast,climatology
2026-07-08,Kalyanpur,37,18:30,120835.06569978964,0.0,0.0,0.0,0.0,0.0,0.0,0.0,0.0,6000.0,8.39,0.0,125499.9303788555,133567.57274270555,29.135090868665223,forecast,climatology
2026-07-08,Kalyanpur,38,19:00,101972.76437496523,0.0,0.0,0.0,0.0,0.0,0.0,0.0,0.0,6000.0,8.39,-1.4551915228366852e-11,105909.44570173603,113970.15799236197,28.78487896777564,forecast,climatology
2026-07-08,Kalyanpur,39,19:30,107019.52471851956,0.0,0.0,0.0,0.0,0.0,0.0,0.0,0.0,6000.0,8.39,0.0,111151.03735467898,120398.31075467094,28.469196810700435,forecast,climatology
2026-07-08,Kalyanpur,40,20:00,110044.00412443506,0.0,0.0,0.0,0.0,0.0,0.0,0.0,0.0,6000.0,8.39,0.0,114292.277463057,124401.94368314224,28.18463987804761,forecast,climatology
2026-07-08,Kalyanpur,41,20:30,101263.55773497962,0.0,0.0,0.0,0.0,0.0,0.0,0.0,0.0,6000.0,8.39,1.4551915228366852e-11,105172.85998113452,111073.7424607324,27.928139324861466,forecast,climatology
2026-07-08,Kalyanpur,42,21:00,86363.04441001842,0.0,0.0,0.0,0.0,0.0,0.0,0.0,0.0,6000.0,8.39,-1.4551915228366852e-11,89697.10901379684,98636.89034940791,27.696928884225084,forecast,climatology
2026-07-08,Kalyanpur,43,21:30,71716.23755466171,0.0,0.0,0.0,0.0,0.0,0.0,0.0,0.0,6000.0,8.39,-1.4551915228366852e-11,74484.85891094428,90765.6011678752,27.488515034058942,forecast,climatology
2026-07-08,Kalyanpur,44,22:00,76182.10690719275,0.0,0.0,0.0,0.0,0.0,0.0,0.0,0.0,6000.0,8.39,-1.4551915228366852e-11,79123.13414651352,87511.24104037003,27.300650105375265,forecast,climatology
2026-07-08,Kalyanpur,45,22:30,62653.85457912326,0.0,-0.0,0.0,0.0,0.0,0.0,0.0,0.0,6000.0,8.39,0.0,65072.62061811069,78488.16321708164,27.131308041970225,forecast,climatology
2026-07-08,Kalyanpur,46,23:00,58872.75516946341,0.0,0.0,0.0,0.0,0.0,0.0,0.0,0.0,6000.0,8.39,0.0,61145.551021882944,65062.496542324974,26.97866255013092,forecast,climatology
2026-07-08,Kalyanpur,47,23:30,52981.62129119988,0.0,0.0,0.0,0.0,0.0,0.0,0.0,0.0,6000.0,8.39,0.0,55026.98860547766,66376.79593635387,26.8410674027095,forecast,climatology
2026-07-09,Dhanmondi,0,00:00,50583.71431468756,0.0,0.0,0.0,0.0,0.0,0.0,0.0,0.0,8000.0,8.39,0.0,40880.05548669204,47319.166924534446,26.785943421166074,forecast,climatology
2026-07-09,Dhanmondi,1,00:30,49572.717270724585,0.0,0.0,0.0,0.0,0.0,0.0,0.0,0.0,8000.0,8.39,0.0,40063.001701416906,47223.12285352852,26.67299778257424,forecast,climatology
2026-07-09,Dhanmondi,2,01:00,62444.81068929341,0.0,0.0,0.0,0.0,0.0,0.0,0.0,0.0,8000.0,8.39,0.0,50465.79438499388,53189.9274455129,26.571179971088117,forecast,climatology
2026-07-09,Dhanmondi,3,01:30,54198.84176141733,0.0,0.0,0.0,0.0,0.0,0.0,0.0,0.0,8000.0,8.39,7.275957614183426e-12,43801.67982005706,51893.309212661785,26.47939363152624,forecast,climatology
2026-07-09,Dhanmondi,4,02:00,52093.12378104164,0.0,0.0,0.0,0.0,0.0,0.0,0.0,0.0,8000.0,8.39,0.0,42099.90941740226,50598.14862515244,26.396650425723625,forecast,climatology
2026-07-09,Dhanmondi,5,02:30,54786.739543234144,0.0,0.0,0.0,0.0,0.0,0.0,0.0,0.0,8000.0,8.39,-7.275957614183426e-12,44276.79902130157,45755.14495581727,26.322059390290967,forecast,climatology
2026-07-09,Dhanmondi,6,03:00,49575.26287017999,0.0,0.0,0.0,0.0,0.0,0.0,0.0,0.0,8000.0,8.39,0.0,40065.05896922329,48537.91647780773,26.254817342887232,forecast,climatology
2026-07-09,Dhanmondi,7,03:30,44779.93608363331,0.0,0.0,0.0,0.0,0.0,0.0,0.0,0.0,8000.0,8.39,7.275957614183426e-12,36189.63724966939,41339.521080196064,26.194200233702208,forecast,climatology
2026-07-09,Dhanmondi,8,04:00,62830.89474137183,0.0,0.0,0.0,0.0,0.0,0.0,0.0,0.0,8000.0,8.39,0.0,50777.81452201472,53536.941823864305,26.139555349023315,forecast,climatology
2026-07-09,Dhanmondi,9,04:30,49112.987876240986,0.0,0.0,0.0,0.0,0.0,0.0,0.0,0.0,8000.0,8.39,0.0,39691.463877238304,43652.95638061904,26.090294282936267,forecast,climatology
2026-07-09,Dhanmondi,10,05:00,72474.0397448922,0.0,0.0,0.0,0.0,0.0,0.0,0.0,0.0,8000.0,8.39,0.0,58571.07976856594,64972.66066899569,26.04588660148004,forecast,climatology
2026-07-09,Dhanmondi,11,05:30,71763.06513507896,0.0,0.0,0.0,0.0,0.0,0.0,0.0,0.0,8000.0,8.39,0.0,57996.49401715239,60961.1686792392,26.08229352560395,forecast,climatology
2026-07-09,Dhanmondi,12,06:00,73301.35017820481,0.0,0.0,0.0,0.0,0.0,0.0,0.0,0.0,8000.0,8.39,1.4551915228366852e-11,59239.68421718623,64517.47233248564,26.57358634136098,forecast,climatology
2026-07-09,Dhanmondi,13,06:30,79839.91759036227,0.0,0.0,0.0,0.0,0.0,0.0,0.0,0.0,8000.0,8.39,0.0,64523.93434064668,69197.01674137129,27.05726767957609,forecast,climatology
2026-07-09,Dhanmondi,14,07:00,92273.01085670668,0.0,0.0,0.0,0.0,0.0,0.0,0.0,0.0,8000.0,8.39,1.4551915228366852e-11,74571.94187598488,77013.14869590453,27.529395955974692,forecast,climatology
2026-07-09,Dhanmondi,15,07:30,96137.26108097151,0.0,0.0,0.0,0.0,0.0,0.0,0.0,0.0,8000.0,8.39,0.0,77694.89885379114,84191.92224847441,27.9861237337367,forecast,climatology
2026-07-09,Dhanmondi,16,08:00,94150.97148982924,0.0,0.0,0.0,0.0,0.0,0.0,0.0,0.0,8000.0,8.39,0.0,76089.6464558872,77174.55501152096,28.4237290767766,forecast,climatology
2026-07-09,Dhanmondi,17,08:30,91410.8726560366,0.0,0.0,0.0,0.0,0.0,0.0,0.0,0.0,8000.0,8.39,1.4551915228366852e-11,73875.19079793368,82904.7926285445,28.83864588030116,forecast,climatology
2026-07-09,Dhanmondi,18,09:00,104300.87456858117,0.0,-0.0,0.0,0.0,0.0,0.0,0.0,0.0,8000.0,8.39,0.0,84292.45652362173,96848.95101761888,29.227492931477023,forecast,climatology
2026-07-09,Dhanmondi,19,09:30,113391.85262527865,0.0,0.0,0.0,0.0,0.0,0.0,0.0,0.0,8000.0,8.39,1.4551915228366852e-11,91639.47902722978,100109.15236911086,29.587101463388784,forecast,climatology
2026-07-09,Dhanmondi,20,10:00,106533.32682645594,0.0,0.0,0.0,0.0,0.0,0.0,0.0,0.0,8000.0,8.39,0.0,86096.6493040402,96575.5170499842,29.91454097774676,forecast,climatology
2026-07-09,Dhanmondi,21,10:30,115904.72687409975,0.0,0.0,0.0,0.0,0.0,0.0,0.0,0.0,8000.0,8.39,0.0,93670.29942297636,95884.3856600092,30.207143125911674,forecast,climatology
2026-07-09,Dhanmondi,22,11:00,111341.57836576813,0.0,0.0,0.0,0.0,0.0,0.0,0.0,0.0,8000.0,8.39,-1.4551915228366852e-11,89982.51637378971,101070.82094747348,30.46252345362657,forecast,climatology
2026-07-09,Dhanmondi,23,11:30,113219.53936697828,0.0,0.0,0.0,0.0,0.0,0.0,0.0,0.0,8000.0,8.39,0.0,91500.22125116803,106948.45021374019,30.67860083225524,forecast,climatology
2026-07-09,Dhanmondi,24,12:00,149092.80085389692,0.0,0.0,0.0,0.0,0.0,0.0,0.0,0.0,8000.0,8.39,0.0,120491.78385075416,121613.98174889684,30.85361441817936,forecast,climatology
2026-07-09,Dhanmondi,25,12:30,157808.64630308264,0.0,0.0,0.0,0.0,0.0,0.0,0.0,0.0,8000.0,8.39,0.0,127535.63680626331,128846.91193434598,30.986138002149968,forecast,climatology
2026-07-09,Dhanmondi,26,13:00,141360.34375447413,0.0,0.0,0.0,0.0,0.0,0.0,0.0,0.0,8000.0,8.39,-2.9103830456733704e-11,114242.67226305313,116309.58026537763,31.075091631658406,forecast,climatology
2026-07-09,Dhanmondi,27,13:30,136135.66687836015,0.0,0.0,0.0,0.0,0.0,0.0,0.0,0.0,8000.0,8.39,0.0,110020.26425112187,113433.60997843333,31.1197504116146,forecast,climatology
2026-07-09,Dhanmondi,28,14:00,133747.4607643847,0.0,0.0,0.0,0.0,0.0,0.0,0.0,0.0,8000.0,8.39,0.0,108090.19644618375,113195.00369238741,31.1197504116146,forecast,climatology
2026-07-09,Dhanmondi,29,14:30,110755.96568625109,0.0,0.0,0.0,0.0,0.0,0.0,0.0,0.0,8000.0,8.39,0.0,89509.24391531745,107928.74037514384,31.075091631658406,forecast,climatology
2026-07-09,Dhanmondi,30,15:00,128290.86240888313,0.0,0.0,0.0,0.0,0.0,0.0,0.0,0.0,8000.0,8.39,-2.9103830456733704e-11,103680.357300055,111291.08832695367,30.986138002149968,forecast,climatology
2026-07-09,Dhanmondi,31,15:30,112586.59916334013,0.0,0.0,0.0,0.0,0.0,0.0,0.0,0.0,8000.0,8.39,-1.4551915228366852e-11,90988.70028053469,105741.77529699432,30.85361441817936,forecast,climatology
2026-07-09,Dhanmondi,32,16:00,110060.91298707052,0.0,0.0,0.0,0.0,0.0,0.0,0.0,0.0,8000.0,8.39,-1.4551915228366852e-11,88947.52571621658,98951.05656079238,30.67860083225524,forecast,climatology
2026-07-09,Dhanmondi,33,16:30,121206.19412675248,0.0,0.0,0.0,0.0,0.0,0.0,0.0,0.0,8000.0,8.39,1.4551915228366852e-11,97954.76683280438,104030.1324711059,30.46252345362657,forecast,climatology
2026-07-09,Dhanmondi,34,17:00,125096.84450639442,0.0,0.0,0.0,0.0,0.0,0.0,0.0,0.0,8000.0,8.39,0.0,101099.05952767463,120850.88216404,30.207143125911674,forecast,climatology
2026-07-09,Dhanmondi,35,17:30,122162.1937254304,0.0,0.0,0.0,0.0,0.0,0.0,0.0,0.0,8000.0,8.39,0.0,98727.37353376897,117451.24762200391,29.91454097774676,forecast,climatology
2026-07-09,Dhanmondi,36,18:00,123283.69352129186,0.0,0.0,0.0,0.0,0.0,0.0,0.0,0.0,8000.0,8.39,-2.9103830456733704e-11,99633.73192409825,110146.12807593394,29.587101463388787,forecast,climatology
2026-07-09,Dhanmondi,37,18:30,132422.35707927693,0.0,0.0,0.0,0.0,0.0,0.0,0.0,0.0,8000.0,8.39,0.0,107019.29224496537,125796.8836530244,29.227389271682178,forecast,climatology
2026-07-09,Dhanmondi,38,19:00,127610.07495851966,0.0,0.0,0.0,0.0,0.0,0.0,0.0,0.0,8000.0,8.39,-2.9103830456733704e-11,103130.16779494334,120312.10933901499,28.873903248784845,forecast,climatology
2026-07-09,Dhanmondi,39,19:30,130397.33321816578,0.0,0.0,0.0,0.0,0.0,0.0,0.0,0.0,8000.0,8.39,0.0,105382.73611369557,115250.6955147098,28.555243992074598,forecast,climatology
2026-07-09,Dhanmondi,40,20:00,115545.05562367402,0.0,0.0,0.0,0.0,0.0,0.0,0.0,0.0,8000.0,8.39,0.0,93379.62522331401,109582.05176513412,28.267980238178957,forecast,climatology
2026-07-09,Dhanmondi,41,20:30,115156.7277601416,0.0,0.0,0.0,0.0,0.0,0.0,0.0,0.0,8000.0,8.39,0.0,93065.79171339277,101628.7425098922,28.009018784637217,forecast,climatology
2026-07-09,Dhanmondi,42,21:00,102708.52698712883,0.0,0.0,0.0,0.0,0.0,0.0,0.0,0.0,8000.0,8.39,-1.4551915228366852e-11,83005.5747996165,97091.81409592844,27.77557118287395,forecast,climatology
2026-07-09,Dhanmondi,43,21:30,88693.42288928649,0.0,0.0,0.0,0.0,0.0,0.0,0.0,0.0,8000.0,8.39,0.0,71679.03935369739,89024.1228249017,27.565123712705436,forecast,climatology
2026-07-09,Dhanmondi,44,22:00,77514.63697899911,0.0,-0.0,0.0,0.0,0.0,0.0,0.0,0.0,8000.0,8.39,0.0,62644.720809127626,80152.96263850127,27.375410315070113,forecast,climatology
2026-07-09,Dhanmondi,45,22:30,71535.05886271005,0.0,0.0,0.0,0.0,0.0,0.0,0.0,0.0,8000.0,8.39,-1.4551915228366852e-11,57812.22702149906,65640.23042003142,27.20438819152774,forecast,climatology
2026-07-09,Dhanmondi,46,23:00,63796.69251731678,0.0,0.0,0.0,0.0,0.0,0.0,0.0,0.0,8000.0,8.39,0.0,51558.33978008356,60153.59779088628,27.05021580778727,forecast,climatology
2026-07-09,Dhanmondi,47,23:30,58882.04990202631,0.0,-0.0,0.0,0.0,0.0,0.0,0.0,0.0,8000.0,8.39,0.0,47586.49102337816,59640.17432621515,26.91123306440945,forecast,climatology
2026-07-09,Kalyanpur,0,00:00,45309.08012792869,0.0,0.0,0.0,0.0,0.0,0.0,0.0,0.0,6000.0,8.39,0.0,48139.762904599294,52223.87528682061,26.785943421166074,forecast,climatology
2026-07-09,Kalyanpur,1,00:30,42137.811485282255,0.0,0.0,0.0,0.0,0.0,0.0,0.0,0.0,6000.0,8.39,0.0,44770.36939378976,50744.18897506637,26.67299778257424,forecast,climatology
2026-07-09,Kalyanpur,2,01:00,49749.74686888737,0.0,0.0,0.0,0.0,0.0,0.0,0.0,0.0,6000.0,8.39,-7.275957614183426e-12,52857.86010375918,58138.54338412074,26.571179971088117,forecast,climatology
2026-07-09,Kalyanpur,3,01:30,49357.6273455323,0.0,0.0,0.0,0.0,0.0,0.0,0.0,0.0,6000.0,8.39,0.0,52441.24293052852,56113.86996879913,26.47939363152624,forecast,climatology
2026-07-09,Kalyanpur,4,02:00,45398.3987712508,0.0,0.0,0.0,0.0,0.0,0.0,0.0,0.0,6000.0,8.39,0.0,48234.661726211765,57623.690985718466,26.396650425723625,forecast,climatology
2026-07-09,Kalyanpur,5,02:30,43879.25451587577,0.0,0.0,0.0,0.0,0.0,0.0,0.0,0.0,6000.0,8.39,-7.275957614183426e-12,46620.60900068403,48501.22151435569,26.322059390290967,forecast,climatology
2026-07-09,Kalyanpur,6,03:00,38767.4564785678,0.0,0.0,0.0,0.0,0.0,0.0,0.0,0.0,6000.0,8.39,0.0,41189.451607124065,46483.593939297905,26.254817342887232,forecast,climatology
2026-07-09,Kalyanpur,7,03:30,36150.8180736224,0.0,0.0,0.0,0.0,0.0,0.0,0.0,0.0,6000.0,8.39,7.275957614183426e-12,38409.33883358098,41349.85494938464,26.194200233702208,forecast,climatology
2026-07-09,Kalyanpur,8,04:00,43421.2937857866,0.0,0.0,0.0,0.0,0.0,0.0,0.0,0.0,6000.0,8.39,-7.275957614183426e-12,46134.03719424118,50050.53981650725,26.139555349023315,forecast,climatology
2026-07-09,Kalyanpur,9,04:30,43874.54744171433,0.0,0.0,0.0,0.0,0.0,0.0,0.0,0.0,6000.0,8.39,-7.275957614183426e-12,46615.60785227261,48246.442367795935,26.090294282936267,forecast,climatology
2026-07-09,Kalyanpur,10,05:00,57861.99526341972,0.0,0.0,0.0,0.0,0.0,0.0,0.0,0.0,6000.0,8.39,-7.275957614183426e-12,61476.92085788125,62543.10068839995,26.04588660148004,forecast,climatology
2026-07-09,Kalyanpur,11,05:30,57679.71938394236,0.0,0.0,0.0,0.0,0.0,0.0,0.0,0.0,6000.0,8.39,0.0,61283.25730089685,67595.53593369064,26.08229352560395,forecast,climatology
2026-07-09,Kalyanpur,12,06:00,67519.6760873556,0.0,0.0,0.0,0.0,0.0,0.0,0.0,0.0,6000.0,8.39,0.0,71737.96486406912,77957.78674407212,26.57358634136098,forecast,climatology
2026-07-09,Kalyanpur,13,06:30,74201.51555354665,0.0,0.0,0.0,0.0,0.0,0.0,0.0,0.0,6000.0,8.39,0.0,78837.25195532832,84543.95852395297,27.05726767957609,forecast,climatology
2026-07-09,Kalyanpur,14,07:00,88204.4290277608,0.0,0.0,0.0,0.0,0.0,0.0,0.0,0.0,6000.0,8.39,1.4551915228366852e-11,93714.99682940205,95531.11786748494,27.529395955974692,forecast,climatology
2026-07-09,Kalyanpur,15,07:30,87764.27923166049,0.0,0.0,0.0,0.0,0.0,0.0,0.0,0.0,6000.0,8.39,0.0,93247.34869426116,99910.53681377508,27.9861237337367,forecast,climatology
2026-07-09,Kalyanpur,16,08:00,78456.9849766102,0.0,0.0,0.0,0.0,0.0,0.0,0.0,0.0,6000.0,8.39,-1.4551915228366852e-11,83358.5816423499,91470.57216942636,28.4237290767766,forecast,climatology
2026-07-09,Kalyanpur,17,08:30,77051.154136966,0.0,0.0,0.0,0.0,0.0,0.0,0.0,0.0,6000.0,8.39,1.4551915228366852e-11,81864.92158318823,84603.87523503638,28.83864588030116,forecast,climatology
2026-07-09,Kalyanpur,18,09:00,86792.78070900735,0.0,0.0,0.0,0.0,0.0,0.0,0.0,0.0,6000.0,8.39,-1.4551915228366852e-11,92215.15584438105,96053.82863182412,29.227492931477023,forecast,climatology
2026-07-09,Kalyanpur,19,09:30,76035.26038627171,0.0,0.0,0.0,0.0,0.0,0.0,0.0,0.0,6000.0,8.39,1.4551915228366852e-11,80785.55991535909,83978.42052875711,29.587101463388784,forecast,climatology
2026-07-09,Kalyanpur,20,10:00,79983.35256256408,0.0,0.0,0.0,0.0,0.0,0.0,0.0,0.0,6000.0,8.39,1.4551915228366852e-11,84980.30897571497,96096.21388351206,29.91454097774676,forecast,climatology
2026-07-09,Kalyanpur,21,10:30,81044.72185296894,0.0,0.0,0.0,0.0,0.0,0.0,0.0,0.0,6000.0,8.39,1.4551915228366852e-11,86107.98726558649,95976.73808301179,30.207143125911674,forecast,climatology
2026-07-09,Kalyanpur,22,11:00,86796.74730335042,0.0,0.0,0.0,0.0,0.0,0.0,0.0,0.0,6000.0,8.39,0.0,92219.3702515302,101677.85681306853,30.46252345362657,forecast,climatology
2026-07-09,Kalyanpur,23,11:30,90185.11778012372,0.0,0.0,0.0,0.0,0.0,0.0,0.0,0.0,6000.0,8.39,1.4551915228366852e-11,95819.42902394976,104095.71982934965,30.67860083225524,forecast,climatology
2026-07-09,Kalyanpur,24,12:00,106255.10340986079,0.0,0.0,0.0,0.0,0.0,0.0,0.0,0.0,6000.0,8.39,0.0,112893.38629502246,114549.85777146684,30.85361441817936,forecast,climatology
2026-07-09,Kalyanpur,25,12:30,110608.97076971833,0.0,0.0,0.0,0.0,0.0,0.0,0.0,0.0,6000.0,8.39,1.4551915228366852e-11,117519.26132558653,121122.56967945448,30.986138002149968,forecast,climatology
2026-07-09,Kalyanpur,26,13:00,112114.37009997435,0.0,0.0,0.0,0.0,0.0,0.0,0.0,0.0,6000.0,8.39,0.0,119118.71041240651,121292.27492304242,31.075091631658406,forecast,climatology
2026-07-09,Kalyanpur,27,13:30,100872.65408929066,0.0,0.0,0.0,0.0,0.0,0.0,0.0,0.0,6000.0,8.39,0.0,107174.66869125118,118073.425617446,31.1197504116146,forecast,climatology
2026-07-09,Kalyanpur,28,14:00,93282.52701647174,0.0,0.0,0.0,0.0,0.0,0.0,0.0,0.0,6000.0,8.39,-1.4551915228366852e-11,99110.34876531968,100789.31437990806,31.1197504116146,forecast,climatology
2026-07-09,Kalyanpur,29,14:30,87170.91288345502,0.0,0.0,0.0,0.0,0.0,0.0,0.0,0.0,6000.0,8.39,-1.4551915228366852e-11,92616.91180970006,105826.60079747933,31.075091631658406,forecast,climatology
2026-07-09,Kalyanpur,30,15:00,79768.16452106327,0.0,0.0,0.0,0.0,0.0,0.0,0.0,0.0,6000.0,8.39,1.4551915228366852e-11,84751.67707084063,99770.20545462133,30.986138002149968,forecast,climatology
2026-07-09,Kalyanpur,31,15:30,78287.64037776849,0.0,0.0,0.0,0.0,0.0,0.0,0.0,0.0,6000.0,8.39,0.0,83178.65724718691,93992.15786285947,30.85361441817936,forecast,climatology
2026-07-09,Kalyanpur,32,16:00,79177.1689943606,0.0,0.0,0.0,0.0,0.0,0.0,0.0,0.0,6000.0,8.39,0.0,84123.75912475082,99033.77450360276,30.67860083225524,forecast,climatology
2026-07-09,Kalyanpur,33,16:30,83004.2390589144,0.0,0.0,0.0,0.0,0.0,0.0,0.0,0.0,6000.0,8.39,0.0,88189.92522229094,102553.35010688158,30.46252345362657,forecast,climatology
2026-07-09,Kalyanpur,34,17:00,101608.8177910242,0.0,0.0,0.0,0.0,0.0,0.0,0.0,0.0,6000.0,8.39,0.0,107956.82418768512,122933.08816644852,30.207143125911674,forecast,climatology
2026-07-09,Kalyanpur,35,17:30,100170.68590887162,0.0,0.0,0.0,0.0,0.0,0.0,0.0,0.0,6000.0,8.39,-1.4551915228366852e-11,106428.84507981325,115058.2746993047,29.91454097774676,forecast,climatology
2026-07-09,Kalyanpur,36,18:00,101363.21661507012,0.0,0.0,0.0,0.0,0.0,0.0,0.0,0.0,6000.0,8.39,0.0,107695.87908912789,117117.2619108062,29.587101463388787,forecast,climatology
2026-07-09,Kalyanpur,37,18:30,117916.22064240841,0.0,0.0,0.0,0.0,0.0,0.0,0.0,0.0,6000.0,8.39,0.0,125283.03131082468,133821.72931287644,29.227389271682178,forecast,climatology
2026-07-09,Kalyanpur,38,19:00,99043.75511227499,0.0,0.0,0.0,0.0,0.0,0.0,0.0,0.0,6000.0,8.39,-1.4551915228366852e-11,105231.50933155087,114219.95309680015,28.873903248784845,forecast,climatology
2026-07-09,Kalyanpur,39,19:30,107524.46512928003,0.0,0.0,0.0,0.0,0.0,0.0,0.0,0.0,6000.0,8.39,0.0,114242.05133171014,120648.38495890675,28.555243992074598,forecast,climatology
2026-07-09,Kalyanpur,40,20:00,110939.87443238511,0.0,0.0,0.0,0.0,0.0,0.0,0.0,0.0,6000.0,8.39,0.0,117870.8381799404,124660.03055533856,28.267980238178957,forecast,climatology
2026-07-09,Kalyanpur,41,20:30,98703.1106101176,0.0,0.0,0.0,0.0,0.0,0.0,0.0,0.0,6000.0,8.39,0.0,104869.58307919005,111306.51043321911,28.009018784637217,forecast,climatology
2026-07-09,Kalyanpur,42,21:00,86256.23094369927,0.0,0.0,0.0,0.0,0.0,0.0,0.0,0.0,6000.0,8.39,0.0,91645.08515622055,98825.28169798118,27.77557118287395,forecast,climatology
2026-07-09,Kalyanpur,43,21:30,76640.46638040373,0.0,0.0,0.0,0.0,0.0,0.0,0.0,0.0,6000.0,8.39,-1.4551915228366852e-11,81428.57612720225,90983.35167313323,27.565123712705436,forecast,climatology
2026-07-09,Kalyanpur,44,22:00,69536.36096024685,0.0,0.0,0.0,0.0,0.0,0.0,0.0,0.0,6000.0,8.39,0.0,73880.64203518284,87710.13747302433,27.375410315070113,forecast,climatology
2026-07-09,Kalyanpur,45,22:30,67948.70955558875,0.0,0.0,0.0,0.0,0.0,0.0,0.0,0.0,6000.0,8.39,0.0,72193.8021792511,78659.27144482454,27.20438819152774,forecast,climatology
2026-07-09,Kalyanpur,46,23:00,59821.816121050244,0.0,0.0,0.0,0.0,0.0,0.0,0.0,0.0,6000.0,8.39,-7.275957614183426e-12,63559.181436896346,65205.01707382084,27.05021580778727,forecast,climatology
2026-07-09,Kalyanpur,47,23:30,52194.76297228228,0.0,-0.0,0.0,0.0,0.0,0.0,0.0,0.0,6000.0,8.39,0.0,55455.628480054394,66526.60705917561,26.91123306440945,forecast,climatology
2026-07-10,Dhanmondi,0,00:00,42313.298971673816,0.0,0.0,0.0,0.0,0.0,0.0,0.0,0.0,8000.0,8.39,0.0,40620.42691293138,47380.864701994986,26.827454453919678,forecast,climatology
2026-07-10,Dhanmondi,1,00:30,42949.30583085785,0.0,0.0,0.0,0.0,0.0,0.0,0.0,0.0,8000.0,8.39,0.0,41230.988385741686,47286.64542418358,26.71480180501419,forecast,climatology
2026-07-10,Dhanmondi,2,01:00,47070.79974362986,0.0,0.0,0.0,0.0,0.0,0.0,0.0,0.0,8000.0,8.39,0.0,45187.58941483948,53271.23321245991,26.613239464874994,forecast,climatology
2026-07-10,Dhanmondi,3,01:30,47003.60981256569,0.0,0.0,0.0,0.0,0.0,0.0,0.0,0.0,8000.0,8.39,0.0,45123.08762106765,51969.443698716525,26.52167562652083,forecast,climatology
2026-07-10,Dhanmondi,4,02:00,45537.52005656571,0.0,0.0,0.0,0.0,0.0,0.0,0.0,0.0,8000.0,8.39,0.0,43715.653239237436,50671.46098789514,26.43912596802876,forecast,climatology
2026-07-10,Dhanmondi,5,02:30,40577.21065607378,0.0,0.0,0.0,0.0,0.0,0.0,0.0,0.0,8000.0,8.39,0.0,38953.79608404156,45817.934338322375,26.36470307095884,forecast,climatology
2026-07-10,Dhanmondi,6,03:00,48403.69755229903,0.0,0.0,0.0,0.0,0.0,0.0,0.0,0.0,8000.0,8.39,0.0,46467.1605977836,48607.02154684258,26.29760688050263,forecast,climatology
2026-07-10,Dhanmondi,7,03:30,41387.8241656493,0.0,0.0,0.0,0.0,0.0,0.0,0.0,0.0,8000.0,8.39,0.0,39731.97853779891,41387.08023421293,26.237116104800805,forecast,climatology
2026-07-10,Dhanmondi,8,04:00,47120.11803457317,0.0,0.0,0.0,0.0,0.0,0.0,0.0,0.0,8000.0,8.39,0.0,45234.93457774147,53620.775738534285,26.182580460971725,forecast,climatology
2026-07-10,Dhanmondi,9,04:30,43357.00869900149,0.0,0.0,0.0,0.0,0.0,0.0,0.0,0.0,8000.0,8.39,0.0,41622.37986218287,43708.38666012066,26.13341368449471,forecast,climatology
2026-07-10,Dhanmondi,10,05:00,66512.2919392998,0.0,0.0,0.0,0.0,0.0,0.0,0.0,0.0,8000.0,8.39,1.4551915228366852e-11,63851.2656585946,65056.73368800148,26.089087226798224,forecast,climatology
2026-07-10,Dhanmondi,11,05:30,60387.03571591159,0.0,0.0,0.0,0.0,0.0,0.0,0.0,0.0,8000.0,8.39,-7.275957614183426e-12,57971.06891686378,61016.63501881214,26.120805936601222,forecast,climatology
2026-07-10,Dhanmondi,12,06:00,61630.45540568033,0.0,0.0,0.0,0.0,0.0,0.0,0.0,0.0,8000.0,8.39,0.0,59164.741824858116,64557.32622966571,26.611274739485843,forecast,climatology
2026-07-10,Dhanmondi,13,06:30,70511.8423735837,0.0,0.0,0.0,0.0,0.0,0.0,0.0,0.0,8000.0,8.39,-1.4551915228366852e-11,67690.80192848394,69236.13545002563,27.094172599061935,forecast,climatology
2026-07-10,Dhanmondi,14,07:00,71240.61092517362,0.0,0.0,0.0,0.0,0.0,0.0,0.0,0.0,8000.0,8.39,0.0,68390.41388041693,77070.24843089838,27.565560370974946,forecast,climatology
2026-07-10,Dhanmondi,15,07:30,81029.43849958997,0.0,0.0,0.0,0.0,0.0,0.0,0.0,0.0,8000.0,8.39,-1.4551915228366852e-11,77787.60967259703,84248.07553964405,28.021592802147612,forecast,climatology
2026-07-10,Dhanmondi,16,08:00,79208.75196820899,0.0,0.0,0.0,0.0,0.0,0.0,0.0,0.0,8000.0,8.39,0.0,76039.76523652903,77232.99247143438,28.458549897675994,forecast,climatology
2026-07-10,Dhanmondi,17,08:30,77658.06310061409,0.0,0.0,0.0,0.0,0.0,0.0,0.0,0.0,8000.0,8.39,0.0,74551.1163875465,82970.74100251959,28.872867265956568,forecast,climatology
2026-07-10,Dhanmondi,18,09:00,92049.21837653058,0.0,0.0,0.0,0.0,0.0,0.0,0.0,0.0,8000.0,8.39,0.0,88366.50978122525,96942.90253625489,29.261165194509992,forecast,climatology
2026-07-10,Dhanmondi,19,09:30,89748.1890959047,0.0,0.0,0.0,0.0,0.0,0.0,0.0,0.0,8000.0,8.39,1.4551915228366852e-11,86157.54016671344,100214.3703182346,29.62027621932123,forecast,climatology
2026-07-10,Dhanmondi,20,10:00,94044.77904855227,0.0,0.0,0.0,0.0,0.0,0.0,0.0,0.0,8000.0,8.39,1.4551915228366852e-11,90282.23198672941,96674.8340746439,29.947270962804538,forecast,climatology
2026-07-10,Dhanmondi,21,10:30,95590.97898016407,0.0,0.0,0.0,0.0,0.0,0.0,0.0,0.0,8000.0,8.39,0.0,91766.57149324878,95978.40892973874,30.239482029625236,forecast,climatology
2026-07-10,Dhanmondi,22,11:00,98419.19130412822,0.0,0.0,0.0,0.0,0.0,0.0,0.0,0.0,8000.0,8.39,0.0,94481.63259204767,101156.26054304974,30.49452576545275,forecast,climatology
2026-07-10,Dhanmondi,23,11:30,96569.19937805999,0.0,0.0,0.0,0.0,0.0,0.0,0.0,0.0,8000.0,8.39,0.0,92705.65521262665,107045.17563026746,30.710321701152196,forecast,climatology
2026-07-10,Dhanmondi,24,12:00,125577.27728267388,0.0,0.0,0.0,0.0,0.0,0.0,0.0,0.0,8000.0,8.39,0.0,120553.17684401263,121729.16466000551,30.88510952380234,forecast,climatology
2026-07-10,Dhanmondi,25,12:30,129930.39623996416,0.0,0.0,0.0,0.0,0.0,0.0,0.0,0.0,8000.0,8.39,0.0,124732.1360541248,128965.59447352529,31.017463436102194,forecast,climatology
2026-07-10,Dhanmondi,26,13:00,120289.09326250371,0.0,0.0,0.0,0.0,0.0,0.0,0.0,0.0,8000.0,8.39,1.4551915228366852e-11,115476.56268927004,116425.10401659427,31.10630378703219,forecast,climatology
2026-07-10,Dhanmondi,27,13:30,117077.62847272735,0.0,0.0,0.0,0.0,0.0,0.0,0.0,0.0,8000.0,8.39,-1.4551915228366852e-11,112393.58230374419,113544.62379316823,31.150905878895117,forecast,climatology
2026-07-10,Dhanmondi,28,14:00,115064.50680527097,0.0,0.0,0.0,0.0,0.0,0.0,0.0,0.0,8000.0,8.39,0.0,110461.00168377194,113311.84742370308,31.150905878895117,forecast,climatology
2026-07-10,Dhanmondi,29,14:30,97822.52774315618,0.0,0.0,0.0,0.0,0.0,0.0,0.0,0.0,8000.0,8.39,-1.4551915228366852e-11,93908.84036929284,108039.79407059851,31.10630378703219,forecast,climatology
2026-07-10,Dhanmondi,30,15:00,105877.47370352462,0.0,0.0,0.0,0.0,0.0,0.0,0.0,0.0,8000.0,8.39,1.4551915228366852e-11,101641.52374833621,111409.30188928178,31.017463436102194,forecast,climatology
2026-07-10,Dhanmondi,31,15:30,98398.60097086178,0.0,0.0,0.0,0.0,0.0,0.0,0.0,0.0,8000.0,8.39,2.9103830456733704e-11,94461.86603760991,105851.95934716417,30.88510952380234,forecast,climatology
2026-07-10,Dhanmondi,32,16:00,86328.30147216897,0.0,0.0,0.0,0.0,0.0,0.0,0.0,0.0,8000.0,8.39,1.4551915228366852e-11,82874.4755358183,99051.23438022358,30.710321701152196,forecast,climatology
2026-07-10,Dhanmondi,33,16:30,97256.25811018396,0.0,0.0,0.0,0.0,0.0,0.0,0.0,0.0,8000.0,8.39,-2.9103830456733704e-11,93365.22607312187,104139.1556791467,30.494525765452753,forecast,climatology
2026-07-10,Dhanmondi,34,17:00,114444.56366508956,0.0,0.0,0.0,0.0,0.0,0.0,0.0,0.0,8000.0,8.39,-1.4551915228366852e-11,109865.86125208941,120958.7090758325,30.23948202962524,forecast,climatology
2026-07-10,Dhanmondi,35,17:30,106022.20706671887,0.0,0.0,0.0,0.0,0.0,0.0,0.0,0.0,8000.0,8.39,0.0,101780.46661368528,117550.44660315895,29.947270962804538,forecast,climatology
2026-07-10,Dhanmondi,36,18:00,101548.24044902483,0.0,0.0,0.0,0.0,0.0,0.0,0.0,0.0,8000.0,8.39,1.4551915228366852e-11,97485.49462091785,110247.29998858152,29.62027621932123,forecast,climatology
2026-07-10,Dhanmondi,37,18:30,121080.48572819868,0.0,0.0,0.0,0.0,0.0,0.0,0.0,0.0,8000.0,8.39,0.0,116236.29309539434,125903.91649646901,29.26111220909329,forecast,climatology
2026-07-10,Dhanmondi,38,19:00,108242.24917745205,0.0,0.0,0.0,0.0,0.0,0.0,0.0,0.0,8000.0,8.39,-2.9103830456733704e-11,103911.68919604726,120435.43753164264,28.90887339689219,forecast,climatology
2026-07-10,Dhanmondi,39,19:30,105278.88784080655,0.0,0.0,0.0,0.0,0.0,0.0,0.0,0.0,8000.0,8.39,-1.4551915228366852e-11,101066.88613135605,115363.98617561714,28.591311418522658,forecast,climatology
2026-07-10,Dhanmondi,40,20:00,105112.37997830233,0.0,0.0,0.0,0.0,0.0,0.0,0.0,0.0,8000.0,8.39,-1.4551915228366852e-11,100907.03992168547,109697.03614650473,28.305012445743937,forecast,climatology
2026-07-10,Dhanmondi,41,20:30,97626.52799146577,0.0,0.0,0.0,0.0,0.0,0.0,0.0,0.0,8000.0,8.39,0.0,93720.6821830492,101748.46382330029,28.046898731265287,forecast,climatology
2026-07-10,Dhanmondi,42,21:00,92568.3068286186,0.0,0.0,0.0,0.0,0.0,0.0,0.0,0.0,8000.0,8.39,0.0,88864.83052297369,97214.52947791375,27.814195522604248,forecast,climatology
2026-07-10,Dhanmondi,43,21:30,74259.92359621002,0.0,-0.0,0.0,0.0,0.0,0.0,0.0,0.0,8000.0,8.39,0.0,71288.92977640581,89145.32017454958,27.604401233174418,forecast,climatology
2026-07-10,Dhanmondi,44,22:00,68621.39711862944,0.0,0.0,0.0,0.0,0.0,0.0,0.0,0.0,8000.0,8.39,0.0,65875.98967848253,80261.5631087071,27.41526054993838,forecast,climatology
2026-07-10,Dhanmondi,45,22:30,56170.86610548584,0.0,0.0,0.0,0.0,0.0,0.0,0.0,0.0,8000.0,8.39,0.0,53923.579978989415,65720.0859178427,27.24474018852997,forecast,climatology
2026-07-10,Dhanmondi,46,23:00,59096.25622554546,0.0,0.0,0.0,0.0,0.0,0.0,0.0,0.0,8000.0,8.39,7.275957614183426e-12,56731.930980957906,60236.44881106298,27.091007035210605,forecast,climatology
2026-07-10,Dhanmondi,47,23:30,50993.743460597056,0.0,-0.0,0.0,0.0,0.0,0.0,0.0,0.0,8000.0,8.39,7.275957614183426e-12,48953.58385184348,59724.40880114791,26.952408440683175,forecast,climatology
2026-07-10,Kalyanpur,0,00:00,45918.620014209104,0.0,0.0,0.0,0.0,0.0,0.0,0.0,0.0,6000.0,8.39,0.0,49888.081510092314,52289.02117674636,26.827454453919678,forecast,climatology
2026-07-10,Kalyanpur,1,00:30,41199.15907053988,0.0,0.0,0.0,0.0,0.0,0.0,0.0,0.0,6000.0,8.39,0.0,44760.64405294287,50802.81207529939,26.71480180501419,forecast,climatology
2026-07-10,Kalyanpur,2,01:00,46376.3788669816,0.0,0.0,0.0,0.0,0.0,0.0,0.0,0.0,6000.0,8.39,0.0,50385.411589959986,58220.81402881224,26.613239464874994,forecast,climatology
2026-07-10,Kalyanpur,3,01:30,49443.19557504779,0.0,0.0,0.0,0.0,0.0,0.0,0.0,0.0,6000.0,8.39,0.0,53717.34103080935,56190.3533452451,26.52167562652083,forecast,climatology
2026-07-10,Kalyanpur,4,02:00,46034.57633038461,0.0,0.0,0.0,0.0,0.0,0.0,0.0,0.0,6000.0,8.39,0.0,50014.061736657924,57705.01088667049,26.43912596802876,forecast,climatology
2026-07-10,Kalyanpur,5,02:30,39854.036015441096,0.0,-0.0,0.0,0.0,0.0,0.0,0.0,0.0,6000.0,8.39,-7.275957614183426e-12,43299.241062323665,48564.71185715392,26.36470307095884,forecast,climatology
2026-07-10,Kalyanpur,6,03:00,37955.31106591457,0.0,0.0,0.0,0.0,0.0,0.0,0.0,0.0,6000.0,8.39,0.0,41236.37974336602,46539.23188399011,26.29760688050263,forecast,climatology
2026-07-10,Kalyanpur,7,03:30,37301.890043493804,0.0,0.0,0.0,0.0,0.0,0.0,0.0,0.0,6000.0,8.39,0.0,40526.47336515067,41387.54875885961,26.237116104800805,forecast,climatology
2026-07-10,Kalyanpur,8,04:00,39080.6105116426,0.0,0.0,0.0,0.0,0.0,0.0,0.0,0.0,6000.0,8.39,-7.275957614183426e-12,42458.956346373016,50117.86653135354,26.182580460971725,forecast,climatology
2026-07-10,Kalyanpur,9,04:30,39787.73513898152,0.0,0.0,0.0,0.0,0.0,0.0,0.0,0.0,6000.0,8.39,-7.275957614183426e-12,43227.208768496384,48305.82927941055,26.13341368449471,forecast,climatology
2026-07-10,Kalyanpur,10,05:00,54375.548601296774,0.0,0.0,0.0,0.0,0.0,0.0,0.0,0.0,6000.0,8.39,0.0,59076.07414896314,62594.24132658756,26.089087226798224,forecast,climatology
2026-07-10,Kalyanpur,11,05:30,56335.401052564426,0.0,0.0,0.0,0.0,0.0,0.0,0.0,0.0,6000.0,8.39,0.0,61205.347171679015,67650.28429678138,26.120805936601222,forecast,climatology
2026-07-10,Kalyanpur,12,06:00,68109.44366890099,0.0,0.0,0.0,0.0,0.0,0.0,0.0,0.0,6000.0,8.39,0.0,73997.20366835366,78007.03342938531,26.611274739485843,forecast,climatology
2026-07-10,Kalyanpur,13,06:30,73016.15651976957,0.0,0.0,0.0,0.0,0.0,0.0,0.0,0.0,6000.0,8.39,-1.4551915228366852e-11,79328.08013143128,84589.19593679982,27.094172599061935,forecast,climatology
2026-07-10,Kalyanpur,14,07:00,86009.52230209585,0.0,0.0,0.0,0.0,0.0,0.0,0.0,0.0,6000.0,8.39,0.0,93444.66488590682,95567.03686505927,27.565560370974946,forecast,climatology
2026-07-10,Kalyanpur,15,07:30,90679.74475745883,0.0,0.0,0.0,0.0,0.0,0.0,0.0,0.0,6000.0,8.39,-1.4551915228366852e-11,98518.60740533177,99969.28825715673,28.021592802147612,forecast,climatology
2026-07-10,Kalyanpur,16,08:00,77642.94091632104,0.0,0.0,0.0,0.0,0.0,0.0,0.0,0.0,6000.0,8.39,0.0,84354.82956408735,91531.53730225039,28.458549897675994,forecast,climatology
2026-07-10,Kalyanpur,17,08:30,71646.52164880144,0.0,0.0,0.0,0.0,0.0,0.0,0.0,0.0,6000.0,8.39,0.0,77840.04638693329,84661.28317806045,28.872867265956568,forecast,climatology
2026-07-10,Kalyanpur,18,09:00,79919.49546061535,0.0,0.0,0.0,0.0,0.0,0.0,0.0,0.0,6000.0,8.39,0.0,86828.18217426573,96127.89515851578,29.261165194509992,forecast,climatology
2026-07-10,Kalyanpur,19,09:30,73585.2065061847,0.0,0.0,0.0,0.0,0.0,0.0,0.0,0.0,6000.0,8.39,0.0,79946.32197094668,84042.50399327735,29.62027621932123,forecast,climatology
2026-07-10,Kalyanpur,20,10:00,80635.43155170599,0.0,0.0,0.0,0.0,0.0,0.0,0.0,0.0,6000.0,8.39,1.4551915228366852e-11,87606.00777218863,96182.319111184,29.947270962804538,forecast,climatology
2026-07-10,Kalyanpur,21,10:30,80072.7869457688,0.0,0.0,0.0,0.0,0.0,0.0,0.0,0.0,6000.0,8.39,0.0,86994.7250299477,96058.33818285455,30.239482029625236,forecast,climatology
2026-07-10,Kalyanpur,22,11:00,85060.61445740517,0.0,0.0,0.0,0.0,0.0,0.0,0.0,0.0,6000.0,8.39,0.0,92413.7281572584,101758.81665287194,30.49452576545275,forecast,climatology
2026-07-10,Kalyanpur,23,11:30,90726.70878564403,0.0,0.0,0.0,0.0,0.0,0.0,0.0,0.0,6000.0,8.39,1.4551915228366852e-11,98569.63126592284,104172.05578377645,30.710321701152196,forecast,climatology
2026-07-10,Kalyanpur,24,12:00,101551.65593836195,0.0,0.0,0.0,0.0,0.0,0.0,0.0,0.0,6000.0,8.39,0.0,110330.34719619533,114638.16523809999,30.88510952380234,forecast,climatology
2026-07-10,Kalyanpur,25,12:30,110065.67380134118,0.0,0.0,0.0,0.0,0.0,0.0,0.0,0.0,6000.0,8.39,-1.4551915228366852e-11,119580.36422622055,121217.19847619011,31.017463436102194,forecast,climatology
2026-07-10,Kalyanpur,26,13:00,110471.18929240263,0.0,0.0,0.0,0.0,0.0,0.0,0.0,0.0,6000.0,8.39,0.0,120020.9347369506,121400.5502569546,31.10630378703219,forecast,climatology
2026-07-10,Kalyanpur,27,13:30,106632.67753655417,0.0,0.0,0.0,0.0,0.0,0.0,0.0,0.0,6000.0,8.39,1.4551915228366852e-11,115850.60062643155,118183.6882699887,31.150905878895117,forecast,climatology
2026-07-10,Kalyanpur,28,14:00,86449.60383629138,0.0,0.0,0.0,0.0,0.0,0.0,0.0,0.0,6000.0,8.39,0.0,93922.78952123417,100879.61753777052,31.150905878895117,forecast,climatology
2026-07-10,Kalyanpur,29,14:30,83361.99995103783,0.0,-0.0,0.0,0.0,0.0,0.0,0.0,0.0,6000.0,8.39,1.4551915228366852e-11,90568.2759437194,105926.34462356355,31.10630378703219,forecast,climatology
2026-07-10,Kalyanpur,30,15:00,88121.34838607111,0.0,0.0,0.0,0.0,0.0,0.0,0.0,0.0,6000.0,8.39,0.0,95739.04898934666,99861.36414366425,31.017463436102194,forecast,climatology
2026-07-10,Kalyanpur,31,15:30,82228.50913039764,0.0,0.0,0.0,0.0,0.0,0.0,0.0,0.0,6000.0,8.39,1.4551915228366852e-11,89336.79985768849,94075.26993915057,30.88510952380234,forecast,climatology
2026-07-10,Kalyanpur,32,16:00,76991.64139981459,0.0,0.0,0.0,0.0,0.0,0.0,0.0,0.0,6000.0,8.39,0.0,83647.22808658447,99122.91894826358,30.710321701152196,forecast,climatology
2026-07-10,Kalyanpur,33,16:30,81940.68406535346,0.0,0.0,0.0,0.0,0.0,0.0,0.0,0.0,6000.0,8.39,0.0,89024.0935894877,102652.99913338976,30.494525765452753,forecast,climatology
2026-07-10,Kalyanpur,34,17:00,106363.60955636011,0.0,0.0,0.0,0.0,0.0,0.0,0.0,0.0,6000.0,8.39,0.0,115558.27291006026,123019.9220013024,30.23948202962524,forecast,climatology
2026-07-10,Kalyanpur,35,17:30,93113.4206019157,0.0,0.0,0.0,0.0,0.0,0.0,0.0,0.0,6000.0,8.39,0.0,101162.66375676026,115135.52728279028,29.947270962804538,forecast,climatology
2026-07-10,Kalyanpur,36,18:00,100504.54319370515,0.0,0.0,0.0,0.0,0.0,0.0,0.0,0.0,6000.0,8.39,0.0,109192.71618856642,117201.04318580599,29.62027621932123,forecast,climatology
2026-07-10,Kalyanpur,37,18:30,116244.13694959895,0.0,0.0,0.0,0.0,0.0,0.0,0.0,0.0,6000.0,8.39,0.0,126292.92817200118,133914.59014067345,29.26111220909329,forecast,climatology
2026-07-10,Kalyanpur,38,19:00,97430.9685123966,0.0,0.0,0.0,0.0,0.0,0.0,0.0,0.0,6000.0,8.39,-1.4551915228366852e-11,105853.44457759397,114318.0765716507,28.90887339689219,forecast,climatology
2026-07-10,Kalyanpur,39,19:30,104825.46599317901,0.0,0.0,0.0,0.0,0.0,0.0,0.0,0.0,6000.0,8.39,0.0,113887.1636426113,120753.20574238623,28.591311418522658,forecast,climatology
2026-07-10,Kalyanpur,40,20:00,108720.64945838404,0.0,0.0,0.0,0.0,0.0,0.0,0.0,0.0,6000.0,8.39,0.0,118119.06848097069,124774.71120473696,28.305012445743937,forecast,climatology
2026-07-10,Kalyanpur,41,20:30,95718.07126763446,0.0,0.0,0.0,0.0,0.0,0.0,0.0,0.0,6000.0,8.39,1.4551915228366852e-11,103992.47494613146,111415.52746175724,28.046898731265287,forecast,climatology
2026-07-10,Kalyanpur,42,21:00,83606.66107668127,0.0,0.0,0.0,0.0,0.0,0.0,0.0,0.0,6000.0,8.39,1.4551915228366852e-11,90834.0869409723,98917.80813190476,27.814195522604248,forecast,climatology
2026-07-10,Kalyanpur,43,21:30,69385.50538328271,0.0,0.0,0.0,0.0,0.0,0.0,0.0,0.0,6000.0,8.39,0.0,75383.57527096906,91094.99307040714,27.604401233174418,forecast,climatology
2026-07-10,Kalyanpur,44,22:00,68187.57335108396,0.0,0.0,0.0,0.0,0.0,0.0,0.0,0.0,6000.0,8.39,-1.4551915228366852e-11,74082.08731581309,87816.15736767254,27.41526054993838,forecast,climatology
2026-07-10,Kalyanpur,45,22:30,61550.029747499844,0.0,0.0,0.0,0.0,0.0,0.0,0.0,0.0,6000.0,8.39,0.0,66870.75744091827,78753.75070813677,27.24474018852997,forecast,climatology
2026-07-10,Kalyanpur,46,23:00,51872.6062014659,0.0,-0.0,0.0,0.0,0.0,0.0,0.0,0.0,6000.0,8.39,0.0,56356.763454974694,65286.26546981512,27.091007035210605,forecast,climatology
2026-07-10,Kalyanpur,47,23:30,55636.372225171,0.0,0.0,0.0,0.0,0.0,0.0,0.0,0.0,6000.0,8.39,0.0,60445.89039557999,66614.52085066176,26.952408440683175,forecast,climatology
2026-07-11,Dhanmondi,0,00:00,47100.486684524185,0.0,0.0,0.0,0.0,0.0,0.0,0.0,0.0,8000.0,8.39,0.0,40026.171707751935,47420.49148809056,26.854115848920245,forecast,climatology
2026-07-11,Dhanmondi,1,00:30,47570.73858208552,0.0,0.0,0.0,0.0,0.0,0.0,0.0,0.0,8000.0,8.39,0.0,40425.79354868448,47323.98619102837,26.739375657095493,forecast,climatology
2026-07-11,Dhanmondi,2,01:00,52078.94748301208,0.0,0.0,0.0,0.0,0.0,0.0,0.0,0.0,8000.0,8.39,0.0,44256.886521704495,53315.08120439901,26.635922042185076,forecast,climatology
2026-07-11,Dhanmondi,3,01:30,58793.505789518786,0.0,0.0,0.0,0.0,0.0,0.0,0.0,0.0,8000.0,8.39,0.0,49962.94356349418,52007.20152133198,26.542644784514287,forecast,climatology
2026-07-11,Dhanmondi,4,02:00,53063.566535513346,0.0,0.0,0.0,0.0,0.0,0.0,0.0,0.0,8000.0,8.39,0.0,45093.619516123625,50704.97437185627,26.458542872695,forecast,climatology
2026-07-11,Dhanmondi,5,02:30,48312.556432188714,0.0,0.0,0.0,0.0,0.0,0.0,0.0,0.0,8000.0,8.39,0.0,41056.19316308724,45844.45362796069,26.382713761202215,forecast,climatology
2026-07-11,Dhanmondi,6,03:00,51815.742937708674,0.0,0.0,0.0,0.0,0.0,0.0,0.0,0.0,8000.0,8.39,0.0,44033.214303726425,48634.05147214819,26.314343684643905,forecast,climatology
2026-07-11,Dhanmondi,7,03:30,43473.09911963133,0.0,0.0,0.0,0.0,0.0,0.0,0.0,0.0,8000.0,8.39,0.0,36943.60403715782,41404.34903748977,26.25269892478101,forecast,climatology
2026-07-11,Dhanmondi,8,04:00,51855.11673803396,0.0,0.0,0.0,0.0,0.0,0.0,0.0,0.0,8000.0,8.39,0.0,44066.67430814552,53649.101835420355,26.197117936579062,forecast,climatology
2026-07-11,Dhanmondi,9,04:30,46893.94699381886,0.0,0.0,0.0,0.0,0.0,0.0,0.0,0.0,8000.0,8.39,0.0,39850.65349750485,43725.85742154893,26.14700424879155,forecast,climatology
2026-07-11,Dhanmondi,10,05:00,65828.00755986045,0.0,0.0,0.0,0.0,0.0,0.0,0.0,0.0,8000.0,8.39,-1.4551915228366852e-11,55940.88977080363,65081.513143452,26.1018200628872,forecast,climatology
2026-07-11,Dhanmondi,11,05:30,67907.49393785575,0.0,0.0,0.0,0.0,0.0,0.0,0.0,0.0,8000.0,8.39,0.0,57708.0451589648,61028.727609821944,26.12920228722718,forecast,climatology
2026-07-11,Dhanmondi,12,06:00,72891.84924110922,0.0,0.0,0.0,0.0,0.0,0.0,0.0,0.0,8000.0,8.39,0.0,61943.76914535875,64576.325752571596,26.62924190541257,forecast,climatology
2026-07-11,Dhanmondi,13,06:30,79474.01424043172,0.0,0.0,0.0,0.0,0.0,0.0,0.0,0.0,8000.0,8.39,1.4551915228366852e-11,67537.3178540222,69265.20032522592,27.121592647320917,forecast,climatology
2026-07-11,Dhanmondi,14,07:00,83037.92650320589,0.0,0.0,0.0,0.0,0.0,0.0,0.0,0.0,8000.0,8.39,-1.4551915228366852e-11,70565.94397282686,77128.15220168525,27.602234026238744,forecast,climatology
2026-07-11,Dhanmondi,15,07:30,91262.18689339938,0.0,0.0,0.0,0.0,0.0,0.0,0.0,0.0,8000.0,8.39,0.0,77554.95155468077,84320.34431835964,28.06724117293485,forecast,climatology
2026-07-11,Dhanmondi,16,08:00,84858.73504305536,0.0,0.0,0.0,0.0,0.0,0.0,0.0,0.0,8000.0,8.39,0.0,72113.27395587138,77324.06513595497,28.51281688574825,forecast,climatology
2026-07-11,Dhanmondi,17,08:30,90405.10879902475,0.0,0.0,0.0,0.0,0.0,0.0,0.0,0.0,8000.0,8.39,1.4551915228366852e-11,76826.60334880826,83091.0993738612,28.935322638155633,forecast,climatology
2026-07-11,Dhanmondi,18,09:00,100254.54164385848,0.0,0.0,0.0,0.0,0.0,0.0,0.0,0.0,8000.0,8.39,0.0,85196.68862864513,97138.61407468967,29.33130829061352,forecast,climatology
2026-07-11,Dhanmondi,19,09:30,102559.86880928552,0.0,0.0,0.0,0.0,0.0,0.0,0.0,0.0,8000.0,8.39,-1.4551915228366852e-11,87155.76437204384,100459.42304278404,29.697540264051312,forecast,climatology
2026-07-11,Dhanmondi,20,10:00,99504.98572636975,0.0,0.0,0.0,0.0,0.0,0.0,0.0,0.0,8000.0,8.39,1.4551915228366852e-11,84559.71317531445,96928.98922463211,30.031027944953234,forecast,climatology
2026-07-11,Dhanmondi,21,10:30,99815.62919850345,0.0,0.0,0.0,0.0,0.0,0.0,0.0,0.0,8000.0,8.39,-2.9103830456733704e-11,84823.69917271615,96238.81650170087,30.329048106407974,forecast,climatology
2026-07-11,Dhanmondi,22,11:00,117350.17125258458,0.0,0.0,0.0,0.0,0.0,0.0,0.0,0.0,8000.0,8.39,0.0,99724.61932189277,101408.93357797113,30.58916714570615,forecast,climatology
2026-07-11,Dhanmondi,23,11:30,123055.2294154209,0.0,0.0,0.0,0.0,0.0,0.0,0.0,0.0,8000.0,8.39,-1.4551915228366852e-11,104572.79932389324,107346.8678932936,30.809260956895642,forecast,climatology
2026-07-11,Dhanmondi,24,12:00,141020.90267769218,0.0,0.0,0.0,0.0,0.0,0.0,0.0,0.0,8000.0,8.39,0.0,119840.09640422919,122103.74193258608,30.987532276017486,forecast,climatology
2026-07-11,Dhanmondi,25,12:30,149738.9574604189,0.0,0.0,0.0,0.0,0.0,0.0,0.0,0.0,8000.0,8.39,0.0,127248.73232827503,129363.64213050746,31.122525357382855,forecast,climatology
2026-07-11,Dhanmondi,26,13:00,134133.86029164415,0.0,0.0,0.0,0.0,0.0,0.0,0.0,0.0,8000.0,8.39,-2.9103830456733704e-11,113987.46173934995,116820.52281545768,31.21313786104618,forecast,climatology
2026-07-11,Dhanmondi,27,13:30,132277.59224688853,0.0,0.0,0.0,0.0,0.0,0.0,0.0,0.0,8000.0,8.39,2.9103830456733704e-11,112409.99813493641,113928.46812301902,31.25862985440242,forecast,climatology
2026-07-11,Dhanmondi,28,14:00,132093.49467425933,0.0,0.0,0.0,0.0,0.0,0.0,0.0,0.0,8000.0,8.39,0.0,112253.5513215013,113715.84942878019,31.25862985440242,forecast,climatology
2026-07-11,Dhanmondi,29,14:30,111895.34513205652,0.0,0.0,0.0,0.0,0.0,0.0,0.0,0.0,8000.0,8.39,0.0,95089.08745576604,108419.91260383144,31.213137861046178,forecast,climatology
2026-07-11,Dhanmondi,30,15:00,113414.17747799879,0.0,0.0,0.0,0.0,0.0,0.0,0.0,0.0,8000.0,8.39,0.0,96379.79692722358,111805.77665156468,31.122525357382855,forecast,climatology
2026-07-11,Dhanmondi,31,15:30,120310.00752389307,0.0,0.0,0.0,0.0,0.0,0.0,0.0,0.0,8000.0,8.39,0.0,102239.89937867294,106210.28021783213,30.987532276017486,forecast,climatology
2026-07-11,Dhanmondi,32,16:00,98863.56856017621,0.0,0.0,0.0,0.0,0.0,0.0,0.0,0.0,8000.0,8.39,-1.4551915228366852e-11,84014.6344417906,99363.69489095933,30.809260956895642,forecast,climatology
2026-07-11,Dhanmondi,33,16:30,100824.65584844386,0.0,-0.0,0.0,0.0,0.0,0.0,0.0,0.0,8000.0,8.39,0.0,85681.17383574303,104461.57322650004,30.58916714570615,forecast,climatology
2026-07-11,Dhanmondi,34,17:00,126596.17792778873,0.0,0.0,0.0,0.0,0.0,0.0,0.0,0.0,8000.0,8.39,2.9103830456733704e-11,107581.91076075888,121257.34732116028,30.329048106407974,forecast,climatology
2026-07-11,Dhanmondi,35,17:30,122963.47666123377,0.0,0.0,0.0,0.0,0.0,0.0,0.0,0.0,8000.0,8.39,0.0,104494.82748639699,117804.29967639147,30.031027944953234,forecast,climatology
2026-07-11,Dhanmondi,36,18:00,109705.96182465594,0.0,0.0,0.0,0.0,0.0,0.0,0.0,0.0,8000.0,8.39,-1.4551915228366852e-11,93228.54124139131,110482.92948952349,29.697540264051312,forecast,climatology
2026-07-11,Dhanmondi,37,18:30,133826.9391821585,0.0,0.0,0.0,0.0,0.0,0.0,0.0,0.0,8000.0,8.39,2.9103830456733704e-11,113726.63901980376,126126.74220352693,29.331318111607544,forecast,climatology
2026-07-11,Dhanmondi,38,19:00,131131.33201787766,0.0,0.0,0.0,0.0,0.0,0.0,0.0,0.0,8000.0,8.39,0.0,111435.90185742966,120661.25417192398,28.972904509223333,forecast,climatology
2026-07-11,Dhanmondi,39,19:30,124734.74208983144,0.0,0.0,0.0,0.0,0.0,0.0,0.0,0.0,8000.0,8.39,0.0,106000.05554613918,115547.53622208578,28.649746754211517,forecast,climatology
2026-07-11,Dhanmondi,40,20:00,111443.29612122668,0.0,0.0,0.0,0.0,0.0,0.0,0.0,0.0,8000.0,8.39,0.0,94704.93449681706,109862.73174432512,28.358376856613916,forecast,climatology
2026-07-11,Dhanmondi,41,20:30,109536.91006663146,0.0,0.0,0.0,0.0,0.0,0.0,0.0,0.0,8000.0,8.39,0.0,93084.88041810709,101902.6012138499,28.09566796007843,forecast,climatology
2026-07-11,Dhanmondi,42,21:00,98549.61470114792,0.0,0.0,0.0,0.0,0.0,0.0,0.0,0.0,8000.0,8.39,1.4551915228366852e-11,83747.83526508677,97356.24716027883,27.858800785782325,forecast,climatology
2026-07-11,Dhanmondi,43,21:30,83078.16194524227,0.0,0.0,0.0,0.0,0.0,0.0,0.0,0.0,8000.0,8.39,0.0,70600.13620363048,89271.31457466958,27.645233377145118,forecast,climatology
2026-07-11,Dhanmondi,44,22:00,75976.41749318388,0.0,0.0,0.0,0.0,0.0,0.0,0.0,0.0,8000.0,8.39,-1.4551915228366852e-11,64565.046911101825,80363.52232686624,27.452673820644506,forecast,climatology
2026-07-11,Dhanmondi,45,22:30,61917.55046891866,0.0,0.0,0.0,0.0,0.0,0.0,0.0,0.0,8000.0,8.39,0.0,52617.768546469015,65787.99527700283,27.279055649986734,forecast,climatology
2026-07-11,Dhanmondi,46,23:00,58625.39330250763,0.0,0.0,0.0,0.0,0.0,0.0,0.0,0.0,8000.0,8.39,0.0,49820.080936269165,60300.445966212166,27.122515669679633,forecast,climatology
2026-07-11,Dhanmondi,47,23:30,56725.8037349826,0.0,0.0,0.0,0.0,0.0,0.0,0.0,0.0,8000.0,8.39,0.0,48205.802537974116,59783.66497639951,26.981373960020385,forecast,climatology
2026-07-11,Kalyanpur,0,00:00,43128.077409585865,0.0,0.0,0.0,0.0,0.0,0.0,0.0,0.0,6000.0,8.39,7.275957614183426e-12,46415.584178963516,52330.86259067319,26.854115848920245,forecast,climatology
2026-07-11,Kalyanpur,1,00:30,46213.9976516039,0.0,0.0,0.0,0.0,0.0,0.0,0.0,0.0,6000.0,8.39,7.275957614183426e-12,49736.733633474556,50837.27276375939,26.739375657095493,forecast,climatology
2026-07-11,Kalyanpur,2,01:00,46693.36034985567,0.0,0.0,0.0,0.0,0.0,0.0,0.0,0.0,6000.0,8.39,7.275957614183426e-12,50252.63652109122,58265.18237684846,26.635922042185076,forecast,climatology
2026-07-11,Kalyanpur,3,01:30,46230.674234413316,0.0,0.0,0.0,0.0,0.0,0.0,0.0,0.0,6000.0,8.39,-7.275957614183426e-12,49754.68141551583,56228.284195120425,26.542644784514287,forecast,climatology
2026-07-11,Kalyanpur,4,02:00,50963.031292182015,0.0,0.0,0.0,0.0,0.0,0.0,0.0,0.0,6000.0,8.39,7.275957614183426e-12,54847.769968796754,57742.1847678869,26.458542872695,forecast,climatology
2026-07-11,Kalyanpur,5,02:30,40244.16910527609,0.0,0.0,0.0,0.0,0.0,0.0,0.0,0.0,6000.0,8.39,0.0,43311.845345630994,48591.52719953704,26.382713761202215,forecast,climatology
2026-07-11,Kalyanpur,6,03:00,38388.76214852263,0.0,0.0,0.0,0.0,0.0,0.0,0.0,0.0,6000.0,8.39,0.0,41315.00702219848,46560.99424542305,26.314343684643905,forecast,climatology
2026-07-11,Kalyanpur,7,03:30,36575.389845322024,0.0,0.0,0.0,0.0,0.0,0.0,0.0,0.0,6000.0,8.39,0.0,39363.40751110364,41401.23544008918,26.25269892478101,forecast,climatology
2026-07-11,Kalyanpur,8,04:00,41216.60277048055,0.0,0.0,0.0,0.0,0.0,0.0,0.0,0.0,6000.0,8.39,0.0,44358.4043243005,50140.61511771337,26.197117936579062,forecast,climatology
2026-07-11,Kalyanpur,9,04:30,38886.98589874115,0.0,-0.0,0.0,0.0,0.0,0.0,0.0,0.0,6000.0,8.39,7.275957614183426e-12,41851.2086756737,48324.547109703126,26.14700424879155,forecast,climatology
2026-07-11,Kalyanpur,10,05:00,53198.30670990296,0.0,0.0,0.0,0.0,0.0,0.0,0.0,0.0,6000.0,8.39,0.0,57253.43283498647,62609.31438070964,26.1018200628872,forecast,climatology
2026-07-11,Kalyanpur,11,05:30,58077.40876478562,0.0,0.0,0.0,0.0,0.0,0.0,0.0,0.0,6000.0,8.39,7.275957614183426e-12,62504.45225779583,67662.22035689297,26.12920228722718,forecast,climatology
2026-07-11,Kalyanpur,12,06:00,67009.18437588782,0.0,0.0,0.0,0.0,0.0,0.0,0.0,0.0,6000.0,8.39,0.0,72117.06676893053,78030.51077016877,26.62924190541257,forecast,climatology
2026-07-11,Kalyanpur,13,06:30,73360.16844266442,0.0,0.0,0.0,0.0,0.0,0.0,0.0,0.0,6000.0,8.39,0.0,78952.16476718278,84622.80695832895,27.121592647320917,forecast,climatology
2026-07-11,Kalyanpur,14,07:00,85548.7913105305,0.0,0.0,0.0,0.0,0.0,0.0,0.0,0.0,6000.0,8.39,0.0,92069.88493300999,95603.46164711239,27.602234026238744,forecast,climatology
2026-07-11,Kalyanpur,15,07:30,91479.96609812383,0.0,0.0,0.0,0.0,0.0,0.0,0.0,0.0,6000.0,8.39,0.0,98453.17301745614,100044.90083430987,28.06724117293485,forecast,climatology
2026-07-11,Kalyanpur,16,08:00,77213.86855153051,0.0,0.0,0.0,0.0,0.0,0.0,0.0,0.0,6000.0,8.39,0.0,83099.61933847773,91626.5492534432,28.51281688574825,forecast,climatology
2026-07-11,Kalyanpur,17,08:30,72136.43646930355,0.0,0.0,0.0,0.0,0.0,0.0,0.0,0.0,6000.0,8.39,0.0,77635.1518643679,84766.0549276574,28.935322638155633,forecast,climatology
2026-07-11,Kalyanpur,18,09:00,86750.41996593794,0.0,0.0,0.0,0.0,0.0,0.0,0.0,0.0,6000.0,8.39,-1.4551915228366852e-11,93363.10965706223,96282.18403107271,29.33130829061352,forecast,climatology
2026-07-11,Kalyanpur,19,09:30,72265.52069463377,0.0,0.0,0.0,0.0,0.0,0.0,0.0,0.0,6000.0,8.39,-1.4551915228366852e-11,77774.07574150001,84191.75445586498,29.697540264051312,forecast,climatology
2026-07-11,Kalyanpur,20,10:00,85770.92180064482,0.0,0.0,0.0,0.0,0.0,0.0,0.0,0.0,6000.0,8.39,0.0,92308.94767547109,96402.66488904801,30.031027944953234,forecast,climatology
2026-07-11,Kalyanpur,21,10:30,85340.17015856868,0.0,0.0,0.0,0.0,0.0,0.0,0.0,0.0,6000.0,8.39,0.0,91845.36129963679,96284.33844782169,30.329048106407974,forecast,climatology
2026-07-11,Kalyanpur,22,11:00,84913.93723010243,0.0,0.0,0.0,0.0,0.0,0.0,0.0,0.0,6000.0,8.39,0.0,91386.63808359389,101998.2415739749,30.58916714570615,forecast,climatology
2026-07-11,Kalyanpur,23,11:30,93978.75470862865,0.0,0.0,0.0,0.0,0.0,0.0,0.0,0.0,6000.0,8.39,-1.4551915228366852e-11,101142.43579156122,104410.15211531076,30.809260956895642,forecast,climatology
2026-07-11,Kalyanpur,24,12:00,104538.61813894624,0.0,0.0,0.0,0.0,0.0,0.0,0.0,0.0,6000.0,8.39,0.0,112507.24172328413,114925.34299460569,30.987532276017486,forecast,climatology
2026-07-11,Kalyanpur,25,12:30,111494.41704900003,0.0,0.0,0.0,0.0,0.0,0.0,0.0,0.0,6000.0,8.39,-1.4551915228366852e-11,119993.25754484226,121534.57263319954,31.122525357382855,forecast,climatology
2026-07-11,Kalyanpur,26,13:00,106580.96110939558,0.0,0.0,0.0,0.0,0.0,0.0,0.0,0.0,6000.0,8.39,0.0,114705.2655574311,121771.15891561795,31.21313786104618,forecast,climatology
2026-07-11,Kalyanpur,27,13:30,100538.7886561286,0.0,0.0,0.0,0.0,0.0,0.0,0.0,0.0,6000.0,8.39,1.4551915228366852e-11,108202.51883248443,118564.93536138773,31.25862985440242,forecast,climatology
2026-07-11,Kalyanpur,28,14:00,86014.34528668356,0.0,0.0,0.0,0.0,0.0,0.0,0.0,0.0,6000.0,8.39,1.4551915228366852e-11,92570.92650657136,101191.85214745265,31.25862985440242,forecast,climatology
2026-07-11,Kalyanpur,29,14:30,91334.17838362671,0.0,0.0,0.0,0.0,0.0,0.0,0.0,0.0,6000.0,8.39,0.0,98296.27240094509,106267.75133420945,31.213137861046178,forecast,climatology
2026-07-11,Kalyanpur,30,15:00,87630.18392886833,0.0,0.0,0.0,0.0,0.0,0.0,0.0,0.0,6000.0,8.39,-1.4551915228366852e-11,94309.93503699297,100167.09995651472,31.122525357382855,forecast,climatology
2026-07-11,Kalyanpur,31,15:30,75964.6803082323,0.0,0.0,0.0,0.0,0.0,0.0,0.0,0.0,6000.0,8.39,0.0,81755.20972078193,94345.55217595122,30.987532276017486,forecast,climatology
2026-07-11,Kalyanpur,32,16:00,77972.75715861705,0.0,0.0,0.0,0.0,0.0,0.0,0.0,0.0,6000.0,8.39,0.0,83916.35544498591,99400.96571416574,30.809260956895642,forecast,climatology
2026-07-11,Kalyanpur,33,16:30,86266.72194855184,0.0,0.0,0.0,0.0,0.0,0.0,0.0,0.0,6000.0,8.39,2.9103830456733704e-11,92842.54098366723,102947.69413732777,30.58916714570615,forecast,climatology
2026-07-11,Kalyanpur,34,17:00,99610.43302899985,0.0,0.0,0.0,0.0,0.0,0.0,0.0,0.0,6000.0,8.39,-1.4551915228366852e-11,107203.3978109331,123260.41765906356,30.329048106407974,forecast,climatology
2026-07-11,Kalyanpur,35,17:30,97133.39552389461,0.0,0.0,0.0,0.0,0.0,0.0,0.0,0.0,6000.0,8.39,-1.4551915228366852e-11,104537.54415507078,115333.21888712521,30.031027944953234,forecast,climatology
2026-07-11,Kalyanpur,36,18:00,100576.43347728206,0.0,0.0,0.0,0.0,0.0,0.0,0.0,0.0,6000.0,8.39,0.0,108243.03319041783,117396.1698716607,29.697540264051312,forecast,climatology
2026-07-11,Kalyanpur,37,18:30,118406.62884495576,0.0,0.0,0.0,0.0,0.0,0.0,0.0,0.0,6000.0,8.39,0.0,127432.36375472616,134107.91191879244,29.331318111607544,forecast,climatology
2026-07-11,Kalyanpur,38,19:00,98779.3278198019,0.0,0.0,0.0,0.0,0.0,0.0,0.0,0.0,6000.0,8.39,0.0,106308.94027616415,114497.74281787848,28.972904509223333,forecast,climatology
2026-07-11,Kalyanpur,39,19:30,106374.75930548862,0.0,0.0,0.0,0.0,0.0,0.0,0.0,0.0,6000.0,8.39,0.0,114483.34569079283,120923.03315379328,28.649746754211517,forecast,climatology
2026-07-11,Kalyanpur,40,20:00,108663.39751490543,0.0,0.0,0.0,0.0,0.0,0.0,0.0,0.0,6000.0,8.39,-1.4551915228366852e-11,116946.43901293492,124939.96911658582,28.358376856613916,forecast,climatology
2026-07-11,Kalyanpur,41,20:30,97765.84676399159,0.0,0.0,0.0,0.0,0.0,0.0,0.0,0.0,6000.0,8.39,1.4551915228366852e-11,105218.20500380326,111555.88342533624,28.09566796007843,forecast,climatology
2026-07-11,Kalyanpur,42,21:00,80145.94843697909,0.0,0.0,0.0,0.0,0.0,0.0,0.0,0.0,6000.0,8.39,-1.4551915228366852e-11,86255.2017088674,99024.66215102618,27.858800785782325,forecast,climatology
2026-07-11,Kalyanpur,43,21:30,75588.32676964009,0.0,0.0,0.0,0.0,0.0,0.0,0.0,0.0,6000.0,8.39,2.9103830456733704e-11,81350.16803098717,91211.0532888768,27.645233377145118,forecast,climatology
2026-07-11,Kalyanpur,44,22:00,76793.55820773474,0.0,0.0,0.0,0.0,0.0,0.0,0.0,0.0,6000.0,8.39,0.0,82647.27016560687,87915.69382038925,27.452673820644506,forecast,climatology
2026-07-11,Kalyanpur,45,22:30,61179.108485131335,0.0,0.0,0.0,0.0,0.0,0.0,0.0,0.0,6000.0,8.39,0.0,65842.58400664049,78834.09616212937,27.279055649986734,forecast,climatology
2026-07-11,Kalyanpur,46,23:00,53707.12721155069,0.0,0.0,0.0,0.0,0.0,0.0,0.0,0.0,6000.0,8.39,0.0,57801.03899423907,65349.024699489855,27.122515669679633,forecast,climatology
2026-07-11,Kalyanpur,47,23:30,51588.92957836936,0.0,-0.0,0.0,0.0,0.0,0.0,0.0,0.0,6000.0,8.39,7.275957614183426e-12,55521.37835421352,66676.36530377304,26.981373960020385,forecast,climatology
2026-07-12,Dhanmondi,0,00:00,57544.433452165176,0.0,0.0,0.0,0.0,0.0,0.0,0.0,0.0,8000.0,8.39,-7.275957614183426e-12,43266.76374429129,47482.92572872955,26.89612238326862,forecast,climatology
2026-07-12,Dhanmondi,1,00:30,55499.03033783176,0.0,0.0,0.0,0.0,0.0,0.0,0.0,0.0,8000.0,8.39,7.275957614183426e-12,41728.85698249708,47388.22610845373,26.781651763397473,forecast,climatology
2026-07-12,Dhanmondi,2,01:00,63761.50927945491,0.0,0.0,0.0,0.0,0.0,0.0,0.0,0.0,8000.0,8.39,0.0,47941.28628039889,53397.256914970494,26.67843155802874,forecast,climatology
2026-07-12,Dhanmondi,3,01:30,58683.01617178455,0.0,0.0,0.0,0.0,0.0,0.0,0.0,0.0,8000.0,8.39,0.0,44122.84636736649,52084.108972083035,26.585356052642673,forecast,climatology
2026-07-12,Dhanmondi,4,02:00,62988.65005626411,0.0,0.0,0.0,0.0,0.0,0.0,0.0,0.0,8000.0,8.39,0.0,47360.18546123473,50778.99402750259,26.50142820467991,forecast,climatology
2026-07-12,Dhanmondi,5,02:30,51325.290630049145,0.0,0.0,0.0,0.0,0.0,0.0,0.0,0.0,8000.0,8.39,0.0,38590.687066949824,45907.81949381754,26.425748963031495,forecast,climatology
2026-07-12,Dhanmondi,6,03:00,53814.59185933591,0.0,0.0,0.0,0.0,0.0,0.0,0.0,0.0,8000.0,8.39,7.275957614183426e-12,40462.35391141457,48703.76122106449,26.35750763723198,forecast,climatology
2026-07-12,Dhanmondi,7,03:30,52245.75973145408,0.0,0.0,0.0,0.0,0.0,0.0,0.0,0.0,8000.0,8.39,7.275957614183426e-12,39282.773455766415,41452.305387778455,26.295973213188592,forecast,climatology
2026-07-12,Dhanmondi,8,04:00,62725.57030009356,0.0,0.0,0.0,0.0,0.0,0.0,0.0,0.0,8000.0,8.39,0.0,47162.37988781464,53733.60500484891,26.240486522418898,forecast,climatology
2026-07-12,Dhanmondi,9,04:30,51454.42543168707,0.0,0.0,0.0,0.0,0.0,0.0,0.0,0.0,8000.0,8.39,0.0,38687.781514117814,43781.71131479553,26.19045318091235,forecast,climatology
2026-07-12,Dhanmondi,10,05:00,82259.33124864452,0.0,0.0,0.0,0.0,0.0,0.0,0.0,0.0,8000.0,8.39,0.0,61849.51067173272,65166.202170894496,26.145337221975435,forecast,climatology
2026-07-12,Dhanmondi,11,05:30,72281.24290555049,0.0,0.0,0.0,0.0,0.0,0.0,0.0,0.0,8000.0,8.39,0.0,54347.141370987214,61083.88377658962,26.167499333326607,forecast,climatology
2026-07-12,Dhanmondi,12,06:00,78124.32985489008,0.0,0.0,0.0,0.0,0.0,0.0,0.0,0.0,8000.0,8.39,0.0,58740.46749148119,64616.11373855965,26.666867973692106,forecast,climatology
2026-07-12,Dhanmondi,13,06:30,88300.94320168356,0.0,0.0,0.0,0.0,0.0,0.0,0.0,0.0,8000.0,8.39,0.0,66392.10465215867,69304.41627125569,27.158589301366277,forecast,climatology
2026-07-12,Dhanmondi,14,07:00,94486.38617505608,0.0,0.0,0.0,0.0,0.0,0.0,0.0,0.0,8000.0,8.39,0.0,71042.84293782031,77185.63891169794,27.63864353388575,forecast,climatology
2026-07-12,Dhanmondi,15,07:30,109547.99099523622,0.0,0.0,0.0,0.0,0.0,0.0,0.0,0.0,8000.0,8.39,0.0,82367.4291448654,84377.12458138602,28.103106266355443,forecast,climatology
2026-07-12,Dhanmondi,16,08:00,92494.00474355173,0.0,0.0,0.0,0.0,0.0,0.0,0.0,0.0,8000.0,8.39,-1.4551915228366852e-11,69544.80235398051,77383.41361891627,28.54818055314417,forecast,climatology
2026-07-12,Dhanmondi,17,08:30,100687.5020341419,0.0,0.0,0.0,0.0,0.0,0.0,0.0,0.0,8000.0,8.39,-1.4551915228366852e-11,75705.36542227709,83158.36574421989,28.970227947611054,forecast,climatology
2026-07-12,Dhanmondi,18,09:00,122019.65992872058,0.0,0.0,0.0,0.0,0.0,0.0,0.0,0.0,8000.0,8.39,0.0,91744.68287507445,97234.84709870457,29.365798246115315,forecast,climatology
2026-07-12,Dhanmondi,19,09:30,128204.34718811588,0.0,0.0,0.0,0.0,0.0,0.0,0.0,0.0,8000.0,8.39,0.0,96394.85295116053,100567.63079951753,29.731657693154677,forecast,climatology
2026-07-12,Dhanmondi,20,10:00,109505.934140163,0.0,0.0,0.0,0.0,0.0,0.0,0.0,0.0,8000.0,8.39,-1.4551915228366852e-11,82335.80725021606,97031.51512540004,30.06481541705753,forecast,climatology
2026-07-12,Dhanmondi,21,10:30,108220.73302713862,0.0,0.0,0.0,0.0,0.0,0.0,0.0,0.0,8000.0,8.39,0.0,81369.48453948241,96336.21492582298,30.36254788011927,forecast,climatology
2026-07-12,Dhanmondi,22,11:00,130532.57793000586,0.0,0.0,0.0,0.0,0.0,0.0,0.0,0.0,8000.0,8.39,0.0,98145.41340346372,101497.71491731804,30.62242114330485,forecast,climatology
2026-07-12,Dhanmondi,23,11:30,136876.4488810373,0.0,0.0,0.0,0.0,0.0,0.0,0.0,0.0,8000.0,8.39,2.9103830456733704e-11,102915.27121934984,107447.64559647877,30.842310763505427,forecast,climatology
2026-07-12,Dhanmondi,24,12:00,158895.2746618281,0.0,0.0,0.0,0.0,0.0,0.0,0.0,0.0,8000.0,8.39,0.0,119470.88356673915,122224.01481432474,31.02041916069058,forecast,climatology
2026-07-12,Dhanmondi,25,12:30,160000.00000000003,0.0,0.0,0.0,0.0,0.0,0.0,0.0,0.0,8000.0,8.39,2.9103830456733704e-11,120301.50935174664,129487.77857926104,31.155290312981066,forecast,climatology
2026-07-12,Dhanmondi,26,13:00,144389.76273419656,0.0,0.0,0.0,0.0,0.0,0.0,0.0,0.0,8000.0,8.39,0.0,108564.41494915263,116941.49347440296,31.24582165951105,forecast,climatology
2026-07-12,Dhanmondi,27,13:30,149262.71021210178,0.0,0.0,0.0,0.0,0.0,0.0,0.0,0.0,8000.0,8.39,2.9103830456733704e-11,112228.30830280128,114044.78326975336,31.291273113774857,forecast,climatology
2026-07-12,Dhanmondi,28,14:00,144704.37246903995,0.0,0.0,0.0,0.0,0.0,0.0,0.0,0.0,8000.0,8.39,-2.9103830456733704e-11,108800.96511139274,113838.27289279162,31.291273113774857,forecast,climatology
2026-07-12,Dhanmondi,29,14:30,132813.4017491497,0.0,0.0,0.0,0.0,0.0,0.0,0.0,0.0,8000.0,8.39,2.9103830456733704e-11,99860.32932851631,108536.20244532256,31.24582165951105,forecast,climatology
2026-07-12,Dhanmondi,30,15:00,124119.48925345004,0.0,0.0,0.0,0.0,0.0,0.0,0.0,0.0,8000.0,8.39,0.0,93323.51185723707,111929.42257221475,31.155290312981066,forecast,climatology
2026-07-12,Dhanmondi,31,15:30,113931.11627582989,0.0,0.0,0.0,0.0,0.0,0.0,0.0,0.0,8000.0,8.39,0.0,85663.03281319793,106325.33333732733,31.02041916069058,forecast,climatology
2026-07-12,Dhanmondi,32,16:00,114938.19569727643,0.0,0.0,0.0,0.0,0.0,0.0,0.0,0.0,8000.0,8.39,2.9103830456733704e-11,86420.24015342987,99468.06963458781,30.842310763505427,forecast,climatology
2026-07-12,Dhanmondi,33,16:30,134391.66549536318,0.0,0.0,0.0,0.0,0.0,0.0,0.0,0.0,8000.0,8.39,0.0,101047.00127117027,104574.86058892823,30.62242114330485,forecast,climatology
2026-07-12,Dhanmondi,34,17:00,133996.49762594793,0.0,0.0,0.0,0.0,0.0,0.0,0.0,0.0,8000.0,8.39,0.0,100749.88070155786,121369.04489684278,30.36254788011927,forecast,climatology
2026-07-12,Dhanmondi,35,17:30,141184.96326255993,0.0,0.0,0.0,0.0,0.0,0.0,0.0,0.0,8000.0,8.39,-5.820766091346741e-11,106154.7761141053,117906.70371973676,30.06481541705753,forecast,climatology
2026-07-12,Dhanmondi,36,18:00,133487.8183901488,0.0,0.0,0.0,0.0,0.0,0.0,0.0,0.0,8000.0,8.39,2.9103830456733704e-11,100367.41270254209,110586.97624013218,29.731657693154677,forecast,climatology
2026-07-12,Dhanmondi,37,18:30,148506.44905221052,0.0,0.0,0.0,0.0,0.0,0.0,0.0,0.0,8000.0,8.39,0.0,111659.68730905734,126236.45524319376,29.365885500932137,forecast,climatology
2026-07-12,Dhanmondi,38,19:00,144230.60886058758,0.0,0.0,0.0,0.0,0.0,0.0,0.0,0.0,8000.0,8.39,0.0,108444.74962906298,120787.42727205124,29.008681340980928,forecast,climatology
2026-07-12,Dhanmondi,39,19:30,140828.4502790328,0.0,0.0,0.0,0.0,0.0,0.0,0.0,0.0,8000.0,8.39,-2.9103830456733704e-11,105886.71955146902,115663.24482429652,28.686583960969934,forecast,climatology
2026-07-12,Dhanmondi,40,20:00,120826.8159010648,0.0,-0.0,0.0,0.0,0.0,0.0,0.0,0.0,8000.0,8.39,0.0,90847.80201914816,109979.99496032941,28.39614299235379,forecast,climatology
2026-07-12,Dhanmondi,41,20:30,121083.6666808815,0.0,0.0,0.0,0.0,0.0,0.0,0.0,0.0,8000.0,8.39,0.0,91040.92412221145,102024.53260034027,28.134247176101564,forecast,climatology
2026-07-12,Dhanmondi,42,21:00,102491.24755280446,0.0,0.0,0.0,0.0,0.0,0.0,0.0,0.0,8000.0,8.39,0.0,77061.57359966171,97481.07823540985,27.89809103429682,forecast,climatology
2026-07-12,Dhanmondi,43,21:30,92668.98655761269,0.0,0.0,0.0,0.0,0.0,0.0,0.0,0.0,8000.0,8.39,0.0,69676.36845610959,89394.46798945926,27.685144817323305,forecast,climatology
2026-07-12,Dhanmondi,44,22:00,86950.67290368529,0.0,0.0,0.0,0.0,0.0,0.0,0.0,0.0,8000.0,8.39,-1.4551915228366852e-11,65376.85743414601,80473.76705352783,27.493127404704737,forecast,climatology
2026-07-12,Dhanmondi,45,22:30,69452.09966972325,0.0,0.0,0.0,0.0,0.0,0.0,0.0,0.0,8000.0,8.39,1.4551915228366852e-11,52219.95261197277,65868.9871450683,27.319981869307338,forecast,climatology
2026-07-12,Dhanmondi,46,23:00,77484.83090864524,0.0,0.0,0.0,0.0,0.0,0.0,0.0,0.0,8000.0,8.39,-1.4551915228366852e-11,58259.63818859304,60384.40707549265,27.16385344314422,forecast,climatology
2026-07-12,Dhanmondi,47,23:30,63216.529371217155,0.0,0.0,0.0,0.0,0.0,0.0,0.0,0.0,8000.0,8.39,0.0,47531.52437085282,59868.96387988736,27.02306964874706,forecast,climatology
2026-07-12,Kalyanpur,0,00:00,43354.51791503145,0.0,0.0,0.0,0.0,0.0,0.0,0.0,0.0,6000.0,8.39,0.0,46390.847883570605,52396.78610259991,26.89612238326862,forecast,climatology
2026-07-12,Kalyanpur,1,00:30,42183.75261260796,0.0,0.0,0.0,0.0,0.0,0.0,0.0,0.0,6000.0,8.39,0.0,45138.08813293661,50896.5578820937,26.781651763397473,forecast,climatology
2026-07-12,Kalyanpur,2,01:00,46874.65439022014,0.0,0.0,0.0,0.0,0.0,0.0,0.0,0.0,6000.0,8.39,0.0,50157.51681689687,58348.333289023074,26.67843155802874,forecast,climatology
2026-07-12,Kalyanpur,3,01:30,47877.03636010822,0.0,0.0,0.0,0.0,0.0,0.0,0.0,0.0,6000.0,8.39,0.0,51230.10052264691,56305.544078415056,26.585356052642673,forecast,climatology
2026-07-12,Kalyanpur,4,02:00,49178.706559093655,0.0,0.0,0.0,0.0,0.0,0.0,0.0,0.0,6000.0,8.39,7.275957614183426e-12,52622.93308312094,57824.289215765544,26.50142820467991,forecast,climatology
2026-07-12,Kalyanpur,5,02:30,40765.80303127859,0.0,0.0,0.0,0.0,0.0,0.0,0.0,0.0,6000.0,8.39,0.0,43620.83257348276,48655.6004613601,26.425748963031495,forecast,climatology
2026-07-12,Kalyanpur,6,03:00,38686.95428059413,0.0,0.0,0.0,0.0,0.0,0.0,0.0,0.0,6000.0,8.39,0.0,41396.39182765411,46617.119030607195,26.35750763723198,forecast,climatology
2026-07-12,Kalyanpur,7,03:30,36127.42383812251,0.0,0.0,0.0,0.0,0.0,0.0,0.0,0.0,6000.0,8.39,0.0,38657.60488870624,41439.244054167015,26.295973213188592,forecast,climatology
2026-07-12,Kalyanpur,8,04:00,39851.37219964968,0.0,0.0,0.0,0.0,0.0,0.0,0.0,0.0,6000.0,8.39,-7.275957614183426e-12,42642.359656466724,50208.4793086451,26.240486522418898,forecast,climatology
2026-07-12,Kalyanpur,9,04:30,40539.21793608889,0.0,0.0,0.0,0.0,0.0,0.0,0.0,0.0,6000.0,8.39,0.0,43378.37861045562,48384.38787275528,26.19045318091235,forecast,climatology
2026-07-12,Kalyanpur,10,05:00,53775.38998511577,0.0,0.0,0.0,0.0,0.0,0.0,0.0,0.0,6000.0,8.39,0.0,57541.544841264586,62660.82972965417,26.145337221975435,forecast,climatology
2026-07-12,Kalyanpur,11,05:30,57169.52446103926,0.0,0.0,0.0,0.0,0.0,0.0,0.0,0.0,6000.0,8.39,0.0,61173.38723604205,67716.66256216812,26.167499333326607,forecast,climatology
2026-07-12,Kalyanpur,12,06:00,72147.45904003248,0.0,0.0,0.0,0.0,0.0,0.0,0.0,0.0,6000.0,8.39,0.0,77200.30018721192,78079.67601030426,26.666867973692106,forecast,climatology
2026-07-12,Kalyanpur,13,06:30,76303.34637434031,0.0,0.0,0.0,0.0,0.0,0.0,0.0,0.0,6000.0,8.39,1.4551915228366852e-11,81647.24473691227,84668.15681781432,27.158589301366277,forecast,climatology
2026-07-12,Kalyanpur,14,07:00,85953.73729287653,0.0,0.0,0.0,0.0,0.0,0.0,0.0,0.0,6000.0,8.39,1.4551915228366852e-11,91973.4999612516,95639.62407409606,27.63864353388575,forecast,climatology
2026-07-12,Kalyanpur,15,07:30,89871.70606054891,0.0,0.0,0.0,0.0,0.0,0.0,0.0,0.0,6000.0,8.39,-1.4551915228366852e-11,96165.86333777188,100104.30825885973,28.103106266355443,forecast,climatology
2026-07-12,Kalyanpur,16,08:00,84207.77794913699,0.0,0.0,0.0,0.0,0.0,0.0,0.0,0.0,6000.0,8.39,1.4551915228366852e-11,90105.26250362223,91688.46481500241,28.54818055314417,forecast,climatology
2026-07-12,Kalyanpur,17,08:30,75312.54792429843,0.0,0.0,0.0,0.0,0.0,0.0,0.0,0.0,6000.0,8.39,1.4551915228366852e-11,80587.0558018339,84824.61018420459,28.970227947611054,forecast,climatology
2026-07-12,Kalyanpur,18,09:00,83404.15089872874,0.0,0.0,0.0,0.0,0.0,0.0,0.0,0.0,6000.0,8.39,0.0,89245.3535012047,96358.04917881367,29.365798246115315,forecast,climatology
2026-07-12,Kalyanpur,19,09:30,76742.22016703602,0.0,0.0,0.0,0.0,0.0,0.0,0.0,0.0,6000.0,8.39,0.0,82116.85501828903,84257.6588761392,29.731657693154677,forecast,climatology
2026-07-12,Kalyanpur,20,10:00,79194.36091875052,0.0,0.0,0.0,0.0,0.0,0.0,0.0,0.0,6000.0,8.39,0.0,84740.7312386368,96491.55212724468,30.06481541705753,forecast,climatology
2026-07-12,Kalyanpur,21,10:30,78603.15698938613,0.0,0.0,0.0,0.0,0.0,0.0,0.0,0.0,6000.0,8.39,0.0,84108.12239244768,96368.86774738508,30.36254788011927,forecast,climatology
2026-07-12,Kalyanpur,22,11:00,93747.05028662262,0.0,0.0,0.0,0.0,0.0,0.0,0.0,0.0,6000.0,8.39,2.9103830456733704e-11,100312.61696655393,102082.36794375212,30.62242114330485,forecast,climatology
2026-07-12,Kalyanpur,23,11:30,88285.1538219667,0.0,0.0,0.0,0.0,0.0,0.0,0.0,0.0,6000.0,8.39,0.0,94468.1970483287,104489.68614508066,30.842310763505427,forecast,climatology
2026-07-12,Kalyanpur,24,12:00,101635.2201160585,0.0,0.0,0.0,0.0,0.0,0.0,0.0,0.0,6000.0,8.39,0.0,108753.23409795226,115017.55279716058,31.02041916069058,forecast,climatology
2026-07-12,Kalyanpur,25,12:30,102671.6912569022,0.0,0.0,0.0,0.0,0.0,0.0,0.0,0.0,6000.0,8.39,0.0,109862.29440684163,121633.54997946996,31.155290312981066,forecast,climatology
2026-07-12,Kalyanpur,26,13:00,112098.64204320194,0.0,0.0,0.0,0.0,0.0,0.0,0.0,0.0,6000.0,8.39,1.4551915228366852e-11,119949.46088831956,121884.53939671334,31.24582165951105,forecast,climatology
2026-07-12,Kalyanpur,27,13:30,109000.85822513877,0.0,0.0,0.0,0.0,0.0,0.0,0.0,0.0,6000.0,8.39,1.4551915228366852e-11,116634.72404447764,118680.46347507753,31.291273113774857,forecast,climatology
2026-07-12,Kalyanpur,28,14:00,90564.68814913124,0.0,0.0,0.0,0.0,0.0,0.0,0.0,0.0,6000.0,8.39,1.4551915228366852e-11,96907.37836788854,101286.46762465643,31.291273113774857,forecast,climatology
2026-07-12,Kalyanpur,29,14:30,84755.66466640125,0.0,0.0,0.0,0.0,0.0,0.0,0.0,0.0,6000.0,8.39,0.0,90691.52042045229,106372.19804962576,31.24582165951105,forecast,climatology
2026-07-12,Kalyanpur,30,15:00,86847.65742999851,0.0,0.0,0.0,0.0,0.0,0.0,0.0,0.0,6000.0,8.39,0.0,92930.02571901817,100262.44773057719,31.155290312981066,forecast,climatology
2026-07-12,Kalyanpur,31,15:30,74363.90332334049,0.0,-0.0,0.0,0.0,0.0,0.0,0.0,0.0,6000.0,8.39,1.4551915228366852e-11,79571.97295706878,94432.3370021603,31.02041916069058,forecast,climatology
2026-07-12,Kalyanpur,32,16:00,89272.60820568317,0.0,0.0,0.0,0.0,0.0,0.0,0.0,0.0,6000.0,8.39,1.4551915228366852e-11,95524.80771568141,99493.84484260157,30.842310763505427,forecast,climatology
2026-07-12,Kalyanpur,33,16:30,90565.97299586263,0.0,0.0,0.0,0.0,0.0,0.0,0.0,0.0,6000.0,8.39,1.4551915228366852e-11,96908.75319875128,103051.24067190988,30.62242114330485,forecast,climatology
2026-07-12,Kalyanpur,34,17:00,100405.84296726686,0.0,0.0,0.0,0.0,0.0,0.0,0.0,0.0,6000.0,8.39,0.0,107437.75762528332,123350.36856908373,30.36254788011927,forecast,climatology
2026-07-12,Kalyanpur,35,17:30,96149.70137313283,0.0,0.0,0.0,0.0,0.0,0.0,0.0,0.0,6000.0,8.39,0.0,102883.53751721118,115412.96745727868,30.06481541705753,forecast,climatology
2026-07-12,Kalyanpur,36,18:00,102551.04947036951,0.0,0.0,0.0,0.0,0.0,0.0,0.0,0.0,6000.0,8.39,0.0,109733.20348306738,117482.33182310997,29.731657693154677,forecast,climatology
2026-07-12,Kalyanpur,37,18:30,117556.02665619508,0.0,0.0,0.0,0.0,0.0,0.0,0.0,0.0,6000.0,8.39,-1.4551915228366852e-11,125789.05296773525,134203.09806311698,29.365885500932137,forecast,climatology
2026-07-12,Kalyanpur,38,19:00,98070.39105264982,0.0,0.0,0.0,0.0,0.0,0.0,0.0,0.0,6000.0,8.39,1.4551915228366852e-11,104938.74253479764,114598.12978336759,29.008681340980928,forecast,climatology
2026-07-12,Kalyanpur,39,19:30,106522.87470192838,0.0,0.0,0.0,0.0,0.0,0.0,0.0,0.0,6000.0,8.39,-1.4551915228366852e-11,113983.19515633408,121030.09110757234,28.686583960969934,forecast,climatology
2026-07-12,Kalyanpur,40,20:00,110429.78473953244,0.0,0.0,0.0,0.0,0.0,0.0,0.0,0.0,6000.0,8.39,0.0,118163.7253055678,125056.92258106191,28.39614299235379,forecast,climatology
2026-07-12,Kalyanpur,41,20:30,97932.33512710671,0.0,0.0,0.0,0.0,0.0,0.0,0.0,0.0,6000.0,8.39,0.0,104791.017874271,111666.91292428109,28.134247176101564,forecast,climatology
2026-07-12,Kalyanpur,42,21:00,81075.59248920875,0.0,0.0,0.0,0.0,0.0,0.0,0.0,0.0,6000.0,8.39,1.4551915228366852e-11,86753.7147018583,99118.78380096004,27.89809103429682,forecast,climatology
2026-07-12,Kalyanpur,43,21:30,73720.09620993404,0.0,0.0,0.0,0.0,0.0,0.0,0.0,0.0,6000.0,8.39,0.0,78883.07686732491,91324.49652295835,27.685144817323305,forecast,climatology
2026-07-12,Kalyanpur,44,22:00,69271.81321147761,0.0,-0.0,0.0,0.0,0.0,0.0,0.0,0.0,6000.0,8.39,0.0,74123.25874804842,88023.31890050195,27.493127404704737,forecast,climatology
2026-07-12,Kalyanpur,45,22:30,63046.267801819246,0.0,0.0,0.0,0.0,0.0,0.0,0.0,0.0,6000.0,8.39,0.0,67461.70779601726,78929.91989673537,27.319981869307338,forecast,climatology
2026-07-12,Kalyanpur,46,23:00,56075.13071838411,0.0,-0.0,0.0,0.0,0.0,0.0,0.0,0.0,6000.0,8.39,7.275957614183426e-12,60002.34772085822,65431.361711639984,27.16385344314422,forecast,climatology
2026-07-12,Kalyanpur,47,23:30,59390.53494685939,0.0,0.0,0.0,0.0,0.0,0.0,0.0,0.0,6000.0,8.39,7.275957614183426e-12,63549.946002014934,66765.39001748111,27.02306964874706,forecast,climatology
2026-07-13,Dhanmondi,0,00:00,51033.37955224073,0.0,0.0,0.0,0.0,0.0,0.0,0.0,0.0,8000.0,8.39,0.0,39764.80850122949,47539.040436972864,26.933877057549,forecast,climatology
2026-07-13,Dhanmondi,1,00:30,51132.408168680355,0.0,0.0,0.0,0.0,0.0,0.0,0.0,0.0,8000.0,8.39,0.0,39841.970821330855,47444.688466894004,26.818809480330327,forecast,climatology
2026-07-13,Dhanmondi,2,01:00,56262.89973380323,0.0,0.0,0.0,0.0,0.0,0.0,0.0,0.0,8000.0,8.39,0.0,43839.60955100671,53468.026871405506,26.715040874375497,forecast,climatology
2026-07-13,Dhanmondi,3,01:30,61825.68616297359,0.0,0.0,0.0,0.0,0.0,0.0,0.0,0.0,8000.0,8.39,0.0,48174.089043252796,52149.12218649815,26.621461745987787,forecast,climatology
2026-07-13,Dhanmondi,4,02:00,55992.589344147775,0.0,0.0,0.0,0.0,0.0,0.0,0.0,0.0,8000.0,8.39,0.0,43628.985818562374,50840.514081744084,26.53707154734124,forecast,climatology
2026-07-13,Dhanmondi,5,02:30,52632.79122457584,0.0,0.0,0.0,0.0,0.0,0.0,0.0,0.0,8000.0,8.39,-7.275957614183426e-12,41011.05751360256,45959.67665546399,26.460967978625604,forecast,climatology
2026-07-13,Dhanmondi,6,03:00,58767.90185263007,0.0,0.0,0.0,0.0,0.0,0.0,0.0,0.0,8000.0,8.39,0.0,45791.487526251454,48760.01116424947,26.392337340658823,forecast,climatology
2026-07-13,Dhanmondi,7,03:30,47529.68719998067,0.0,0.0,0.0,0.0,0.0,0.0,0.0,0.0,8000.0,8.39,7.275957614183426e-12,37034.75894038819,41490.50777490083,26.33044583481727,forecast,climatology
2026-07-13,Dhanmondi,8,04:00,56681.07438136134,0.0,0.0,0.0,0.0,0.0,0.0,0.0,0.0,8000.0,8.39,0.0,44165.447951796865,53800.13650752906,26.274631717262515,forecast,climatology
2026-07-13,Dhanmondi,9,04:30,50294.13965797075,0.0,0.0,0.0,0.0,0.0,0.0,0.0,0.0,8000.0,8.39,-7.275957614183426e-12,39188.79858203491,43825.21934382386,26.224298223577765,forecast,climatology
2026-07-13,Dhanmondi,10,05:00,70466.17973333783,0.0,-0.0,0.0,0.0,0.0,0.0,0.0,0.0,8000.0,8.39,0.0,54906.69376581327,65231.53290128584,26.178907188164054,forecast,climatology
2026-07-13,Dhanmondi,11,05:30,69878.31324922411,0.0,0.0,0.0,0.0,0.0,0.0,0.0,0.0,8000.0,8.39,0.0,54448.63281883754,61124.584800985765,26.195759618602747,forecast,climatology
2026-07-13,Dhanmondi,12,06:00,78289.60404321492,0.0,0.0,0.0,0.0,0.0,0.0,0.0,0.0,8000.0,8.39,0.0,61002.64453833992,64649.311201135446,26.698261620858986,forecast,climatology
2026-07-13,Dhanmondi,13,06:30,81203.28419721255,0.0,0.0,0.0,0.0,0.0,0.0,0.0,0.0,8000.0,8.39,-1.4551915228366852e-11,63272.961228594555,69340.99846525255,27.19310125154332,forecast,climatology
2026-07-13,Dhanmondi,14,07:00,96440.62105260068,0.0,0.0,0.0,0.0,0.0,0.0,0.0,0.0,8000.0,8.39,1.4551915228366852e-11,75145.77442339752,77244.98164633631,27.67622856441071,forecast,climatology
2026-07-13,Dhanmondi,15,07:30,104459.98044141829,0.0,0.0,0.0,0.0,0.0,0.0,0.0,0.0,8000.0,8.39,0.0,81394.39627044644,84441.37438021596,28.143689471054916,forecast,climatology
2026-07-13,Dhanmondi,16,08:00,92962.195490774,0.0,0.0,0.0,0.0,0.0,0.0,0.0,0.0,8000.0,8.39,0.0,72435.41254720182,77456.37908864411,28.591658102596053,forecast,climatology
2026-07-13,Dhanmondi,17,08:30,95114.91997076327,0.0,0.0,0.0,0.0,0.0,0.0,0.0,0.0,8000.0,8.39,0.0,74112.79855325799,83247.47564591162,29.01646812197316,forecast,climatology
2026-07-13,Dhanmondi,18,09:00,120021.91536018995,0.0,0.0,0.0,0.0,0.0,0.0,0.0,0.0,8000.0,8.39,-1.4551915228366852e-11,93520.13372665575,97371.13177571289,29.41464273057077,forecast,climatology
2026-07-13,Dhanmondi,19,09:30,114478.53831341439,0.0,0.0,0.0,0.0,0.0,0.0,0.0,0.0,8000.0,8.39,-1.4551915228366852e-11,89200.77787271905,100730.22561898814,29.78292312359442,forecast,climatology
2026-07-13,Dhanmondi,20,10:00,105565.4829248003,0.0,0.0,0.0,0.0,0.0,0.0,0.0,0.0,8000.0,8.39,0.0,82255.79512223754,97193.79595348262,30.11829516130597,forecast,climatology
2026-07-13,Dhanmondi,21,10:30,104913.80609874718,0.0,0.0,0.0,0.0,0.0,0.0,0.0,0.0,8000.0,8.39,0.0,81748.0136580261,96497.4791898704,30.418014037831753,forecast,climatology
2026-07-13,Dhanmondi,22,11:00,117179.14364220375,0.0,0.0,0.0,0.0,0.0,0.0,0.0,0.0,8000.0,8.39,-1.4551915228366852e-11,91305.06833278522,101650.4421188775,30.679626745645113,forecast,climatology
2026-07-13,Dhanmondi,23,11:30,121960.47118679632,0.0,0.0,0.0,0.0,0.0,0.0,0.0,0.0,8000.0,8.39,0.0,95030.6412002013,107626.58085042784,30.900992151865882,forecast,climatology
2026-07-13,Dhanmondi,24,12:00,153124.3756423419,0.0,0.0,0.0,0.0,0.0,0.0,0.0,0.0,8000.0,8.39,0.0,119313.310772512,122443.0037340955,31.08029852206513,forecast,climatology
2026-07-13,Dhanmondi,25,12:30,160000.0,0.0,0.0,0.0,0.0,0.0,0.0,0.0,0.0,8000.0,8.39,0.0,124670.74326684227,129718.08595112522,31.21607834815404,forecast,climatology
2026-07-13,Dhanmondi,26,13:00,149161.9525925917,0.0,0.0,0.0,0.0,0.0,0.0,0.0,0.0,8000.0,8.39,0.0,116225.82185532447,117168.74494101395,31.30722035900004,forecast,climatology
2026-07-13,Dhanmondi,27,13:30,140971.8665683831,0.0,0.0,0.0,0.0,0.0,0.0,0.0,0.0,8000.0,8.39,-2.9103830456733704e-11,109844.17115496533,114264.65360813602,31.352978615471145,forecast,climatology
2026-07-13,Dhanmondi,28,14:00,144541.17817149495,0.0,0.0,0.0,0.0,0.0,0.0,0.0,0.0,8000.0,8.39,2.9103830456733704e-11,112625.35072065848,114069.68977368722,31.352978615471145,forecast,climatology
2026-07-13,Dhanmondi,29,14:30,120719.53433472426,0.0,0.0,0.0,0.0,0.0,0.0,0.0,0.0,8000.0,8.39,0.0,94063.71295210731,108754.66068355388,31.30722035900004,forecast,climatology
2026-07-13,Dhanmondi,30,15:00,140547.7232023738,0.0,0.0,0.0,0.0,0.0,0.0,0.0,0.0,8000.0,8.39,-2.9103830456733704e-11,109513.68197563977,112158.81987907013,31.21607834815404,forecast,climatology
2026-07-13,Dhanmondi,31,15:30,128814.04764631981,0.0,0.0,0.0,0.0,0.0,0.0,0.0,0.0,8000.0,8.39,0.0,100370.89414548199,106534.81828514152,31.080298522065135,forecast,climatology
2026-07-13,Dhanmondi,32,16:00,112562.5065472796,0.0,0.0,0.0,0.0,0.0,0.0,0.0,0.0,8000.0,8.39,-2.9103830456733704e-11,87707.82097017598,99653.39159238925,30.900992151865882,forecast,climatology
2026-07-13,Dhanmondi,33,16:30,118438.77581585562,0.0,0.0,0.0,0.0,0.0,0.0,0.0,0.0,8000.0,8.39,-2.9103830456733704e-11,92286.56382861019,104769.74458102588,30.679626745645113,forecast,climatology
2026-07-13,Dhanmondi,34,17:00,128681.23904635513,0.0,-0.0,0.0,0.0,0.0,0.0,0.0,0.0,8000.0,8.39,0.0,100267.41072754555,121553.9845147131,30.418014037831753,forecast,climatology
2026-07-13,Dhanmondi,35,17:30,126678.0516433517,0.0,0.0,0.0,0.0,0.0,0.0,0.0,0.0,8000.0,8.39,0.0,98706.54283732551,118068.79166852469,30.118295161305973,forecast,climatology
2026-07-13,Dhanmondi,36,18:00,129995.34884473454,0.0,0.0,0.0,0.0,0.0,0.0,0.0,0.0,8000.0,8.39,0.0,101291.35476065947,110743.31866088283,29.782923123594422,forecast,climatology
2026-07-13,Dhanmondi,37,18:30,149110.68973390572,0.0,0.0,0.0,0.0,0.0,0.0,0.0,0.0,8000.0,8.39,0.0,116185.87823848453,126391.77943236139,29.414823637499914,forecast,climatology
2026-07-13,Dhanmondi,38,19:00,137508.1989918687,0.0,0.0,0.0,0.0,0.0,0.0,0.0,0.0,8000.0,8.39,-2.9103830456733704e-11,107145.30858500695,120954.80340766285,29.056141440146114,forecast,climatology
2026-07-13,Dhanmondi,39,19:30,135587.53195984077,0.0,0.0,0.0,0.0,0.0,0.0,0.0,0.0,8000.0,8.39,2.9103830456733704e-11,105648.73991968804,115808.0354097295,28.732679762235865,forecast,climatology
2026-07-13,Dhanmondi,40,20:00,127853.09295526973,0.0,0.0,0.0,0.0,0.0,0.0,0.0,0.0,8000.0,8.39,0.0,99622.1257981135,110119.21358736319,28.440980152251296,forecast,climatology
2026-07-13,Dhanmondi,41,20:30,111632.65111155588,0.0,0.0,0.0,0.0,0.0,0.0,0.0,0.0,8000.0,8.39,0.0,86983.28491828604,102162.57444810343,28.17792375863189,forecast,climatology
2026-07-13,Dhanmondi,42,21:00,100421.98417085141,0.0,0.0,0.0,0.0,0.0,0.0,0.0,0.0,8000.0,8.39,-1.4551915228366852e-11,78248.02129319447,97616.44696985032,27.940697983020787,forecast,climatology
2026-07-13,Dhanmondi,43,21:30,90061.66616845175,0.0,0.0,0.0,0.0,0.0,0.0,0.0,0.0,8000.0,8.39,0.0,70175.34288169442,89522.8983591523,27.726766407969578,forecast,climatology
2026-07-13,Dhanmondi,44,22:00,91529.4275190135,0.0,0.0,0.0,0.0,0.0,0.0,0.0,0.0,8000.0,8.39,2.9103830456733704e-11,71319.0109973998,80584.72221330903,27.53384167756878,forecast,climatology
2026-07-13,Dhanmondi,45,22:30,67853.21930461968,0.0,0.0,0.0,0.0,0.0,0.0,0.0,0.0,8000.0,8.39,0.0,52870.695523468654,65947.90693461761,27.359861041043718,forecast,climatology
2026-07-13,Dhanmondi,46,23:00,67588.73670360955,0.0,0.0,0.0,0.0,0.0,0.0,0.0,0.0,8000.0,8.39,-1.4551915228366852e-11,52664.6127581619,60463.84509232167,27.20296429782794,forecast,climatology
2026-07-13,Dhanmondi,47,23:30,63223.38925886435,0.0,0.0,0.0,0.0,0.0,0.0,0.0,0.0,8000.0,8.39,0.0,49263.16831719699,59947.529346232506,27.06147390830306,forecast,climatology
2026-07-13,Kalyanpur,0,00:00,43370.986913818546,0.0,0.0,0.0,0.0,0.0,0.0,0.0,0.0,6000.0,8.39,0.0,46432.85740162784,52456.036901524916,26.933877057549,forecast,climatology
2026-07-13,Kalyanpur,1,00:30,45122.50495880127,0.0,0.0,0.0,0.0,0.0,0.0,0.0,0.0,6000.0,8.39,-7.275957614183426e-12,48308.02772645039,50948.66532145117,26.818809480330327,forecast,climatology
2026-07-13,Kalyanpur,2,01:00,47278.86243017061,0.0,0.0,0.0,0.0,0.0,0.0,0.0,0.0,6000.0,8.39,0.0,50616.61800994998,58419.9430918614,26.715040874375497,forecast,climatology
2026-07-13,Kalyanpur,3,01:30,45651.92342625827,0.0,0.0,0.0,0.0,0.0,0.0,0.0,0.0,6000.0,8.39,0.0,48874.821658395434,56370.85521939386,26.621461745987787,forecast,climatology
2026-07-13,Kalyanpur,4,02:00,46318.13597838504,0.0,0.0,0.0,0.0,0.0,0.0,0.0,0.0,6000.0,8.39,0.0,49588.06695515445,57892.52879406207,26.53707154734124,forecast,climatology
2026-07-13,Kalyanpur,5,02:30,40474.064561506035,0.0,0.0,0.0,0.0,0.0,0.0,0.0,0.0,6000.0,8.39,0.0,43331.4204258956,48708.0365395332,26.460967978625604,forecast,climatology
2026-07-13,Kalyanpur,6,03:00,38655.42926371098,0.0,0.0,0.0,0.0,0.0,0.0,0.0,0.0,6000.0,8.39,0.0,41384.39455775291,46662.40704307241,26.392337340658823,forecast,climatology
2026-07-13,Kalyanpur,7,03:30,35961.80509271724,0.0,0.0,0.0,0.0,0.0,0.0,0.0,0.0,6000.0,8.39,0.0,38500.6080468796,41469.52200026272,26.33044583481727,forecast,climatology
2026-07-13,Kalyanpur,8,04:00,46311.86879722264,0.0,0.0,0.0,0.0,0.0,0.0,0.0,0.0,6000.0,8.39,0.0,49581.357328513855,50261.91051875712,26.274631717262515,forecast,climatology
2026-07-13,Kalyanpur,9,04:30,39166.22131833446,0.0,0.0,0.0,0.0,0.0,0.0,0.0,0.0,6000.0,8.39,0.0,41931.247104164715,48431.00151962232,26.224298223577765,forecast,climatology
2026-07-13,Kalyanpur,10,05:00,53629.5969097973,0.0,0.0,0.0,0.0,0.0,0.0,0.0,0.0,6000.0,8.39,0.0,57415.696598455754,62700.569651985774,26.178907188164054,forecast,climatology
2026-07-13,Kalyanpur,11,05:30,56978.57848362436,0.0,0.0,0.0,0.0,0.0,0.0,0.0,0.0,6000.0,8.39,0.0,61001.106913586176,67756.83673769442,26.195759618602747,forecast,climatology
2026-07-13,Kalyanpur,12,06:00,71995.8692740119,0.0,0.0,0.0,0.0,0.0,0.0,0.0,0.0,6000.0,8.39,0.0,77078.57647208206,78120.69746889047,26.698261620858986,forecast,climatology
2026-07-13,Kalyanpur,13,06:30,78274.50797213547,0.0,0.0,0.0,0.0,0.0,0.0,0.0,0.0,6000.0,8.39,1.4551915228366852e-11,83800.46951836249,84710.46097021633,27.19310125154332,forecast,climatology
2026-07-13,Kalyanpur,14,07:00,86857.21746820063,0.0,0.0,0.0,0.0,0.0,0.0,0.0,0.0,6000.0,8.39,1.4551915228366852e-11,92989.09432282645,95676.95404667419,27.67622856441071,forecast,climatology
2026-07-13,Kalyanpur,15,07:30,90733.17216398899,0.0,0.0,0.0,0.0,0.0,0.0,0.0,0.0,6000.0,8.39,0.0,97138.68058984689,100171.5308265778,28.143689471054916,forecast,climatology
2026-07-13,Kalyanpur,16,08:00,84239.55261090388,0.0,0.0,0.0,0.0,0.0,0.0,0.0,0.0,6000.0,8.39,1.4551915228366852e-11,90186.62964094967,91764.58635690557,28.591658102596053,forecast,climatology
2026-07-13,Kalyanpur,17,08:30,72286.54517179844,0.0,0.0,0.0,0.0,0.0,0.0,0.0,0.0,6000.0,8.39,1.4551915228366852e-11,77389.77327603844,84902.18019618283,29.01646812197316,forecast,climatology
2026-07-13,Kalyanpur,18,09:00,86629.07880415527,0.0,0.0,0.0,0.0,0.0,0.0,0.0,0.0,6000.0,8.39,1.4551915228366852e-11,92744.84970657021,96465.48898195731,29.41464273057077,forecast,climatology
2026-07-13,Kalyanpur,19,09:30,77508.94306390124,0.0,0.0,0.0,0.0,0.0,0.0,0.0,0.0,6000.0,8.39,1.4551915228366852e-11,82980.8578667677,84356.68798126325,29.78292312359442,forecast,climatology
2026-07-13,Kalyanpur,20,10:00,78515.50222788878,0.0,-0.0,0.0,0.0,0.0,0.0,0.0,0.0,6000.0,8.39,0.0,84058.47729517975,96632.2453034322,30.11829516130597,forecast,climatology
2026-07-13,Kalyanpur,21,10:30,78231.73318904711,0.0,0.0,0.0,0.0,0.0,0.0,0.0,0.0,6000.0,8.39,0.0,83754.6749551105,96508.82437817671,30.418014037831753,forecast,climatology
2026-07-13,Kalyanpur,22,11:00,93105.28156814503,0.0,0.0,0.0,0.0,0.0,0.0,0.0,0.0,6000.0,8.39,0.0,99678.25428972844,102227.08737610068,30.679626745645113,forecast,climatology
2026-07-13,Kalyanpur,23,11:30,96168.13226865589,0.0,0.0,0.0,0.0,0.0,0.0,0.0,0.0,6000.0,8.39,0.0,102957.3336914006,104630.90232053089,30.900992151865882,forecast,climatology
2026-07-13,Kalyanpur,24,12:00,97917.60766378994,0.0,0.0,0.0,0.0,0.0,0.0,0.0,0.0,6000.0,8.39,0.0,104830.31716100273,115185.44538243703,31.08029852206513,forecast,climatology
2026-07-13,Kalyanpur,25,12:30,110637.5734664166,0.0,0.0,0.0,0.0,0.0,0.0,0.0,0.0,6000.0,8.39,1.4551915228366852e-11,118448.27700684541,121817.1802727685,31.21607834815404,forecast,climatology
2026-07-13,Kalyanpur,26,13:00,106125.19486104853,0.0,0.0,0.0,0.0,0.0,0.0,0.0,0.0,6000.0,8.39,0.0,113617.33708054053,122097.53220702501,31.30722035900004,forecast,climatology
2026-07-13,Kalyanpur,27,13:30,101058.24262116702,0.0,0.0,0.0,0.0,0.0,0.0,0.0,0.0,6000.0,8.39,4.3655745685100555e-11,108192.67217072927,118898.84608613742,31.352978615471145,forecast,climatology
2026-07-13,Kalyanpur,28,14:00,91945.45641728763,0.0,0.0,0.0,0.0,0.0,0.0,0.0,0.0,6000.0,8.39,1.4551915228366852e-11,98436.5487240332,101465.31911195675,31.352978615471145,forecast,climatology
2026-07-13,Kalyanpur,29,14:30,97653.81686187426,0.0,0.0,0.0,0.0,0.0,0.0,0.0,0.0,6000.0,8.39,1.4551915228366852e-11,104547.90346556279,106568.40818411636,31.30722035900004,forecast,climatology
2026-07-13,Kalyanpur,30,15:00,86114.77090847991,0.0,0.0,0.0,0.0,0.0,0.0,0.0,0.0,6000.0,8.39,0.0,92194.23311055226,100439.34416573316,31.21607834815404,forecast,climatology
2026-07-13,Kalyanpur,31,15:30,78094.15082031472,0.0,0.0,0.0,0.0,0.0,0.0,0.0,0.0,6000.0,8.39,1.4551915228366852e-11,83607.37965558168,94590.35196837131,31.080298522065135,forecast,climatology
2026-07-13,Kalyanpur,32,16:00,79716.59478989258,0.0,0.0,0.0,0.0,0.0,0.0,0.0,0.0,6000.0,8.39,0.0,85344.36363593786,99658.75582894028,30.900992151865882,forecast,climatology
2026-07-13,Kalyanpur,33,16:30,85950.11777367437,0.0,0.0,0.0,0.0,0.0,0.0,0.0,0.0,6000.0,8.39,-1.4551915228366852e-11,92017.95592450727,103229.36788393713,30.679626745645113,forecast,climatology
2026-07-13,Kalyanpur,34,17:00,100887.3989398048,0.0,0.0,0.0,0.0,0.0,0.0,0.0,0.0,6000.0,8.39,1.4551915228366852e-11,108009.76740283851,123499.30185456088,30.418014037831753,forecast,climatology
2026-07-13,Kalyanpur,35,17:30,94498.85776047838,0.0,0.0,0.0,0.0,0.0,0.0,0.0,0.0,6000.0,8.39,0.0,101170.21306727466,115539.19569722562,30.118295161305973,forecast,climatology
2026-07-13,Kalyanpur,36,18:00,101739.91335907244,0.0,0.0,0.0,0.0,0.0,0.0,0.0,0.0,6000.0,8.39,0.0,108922.46695798927,117611.8002398304,29.782923123594422,forecast,climatology
2026-07-13,Kalyanpur,37,18:30,117401.1512526673,0.0,0.0,0.0,0.0,0.0,0.0,0.0,0.0,6000.0,8.39,-1.4551915228366852e-11,125689.34448584568,134337.85607120892,29.414823637499914,forecast,climatology
2026-07-13,Kalyanpur,38,19:00,101265.18697120971,0.0,0.0,0.0,0.0,0.0,0.0,0.0,0.0,6000.0,8.39,0.0,108414.22621363588,114731.29907485993,29.056141440146114,forecast,climatology
2026-07-13,Kalyanpur,39,19:30,107029.5841793121,0.0,0.0,0.0,0.0,0.0,0.0,0.0,0.0,6000.0,8.39,0.0,114585.5737576061,121164.05680680976,28.732679762235865,forecast,climatology
2026-07-13,Kalyanpur,40,20:00,108890.96040188528,0.0,0.0,0.0,0.0,0.0,0.0,0.0,0.0,6000.0,8.39,-1.4551915228366852e-11,116578.35794038851,125195.77346121018,28.440980152251296,forecast,climatology
2026-07-13,Kalyanpur,41,20:30,98581.55030945486,0.0,0.0,0.0,0.0,0.0,0.0,0.0,0.0,6000.0,8.39,1.4551915228366852e-11,105541.13230224635,111792.61244785506,28.17792375863189,forecast,climatology
2026-07-13,Kalyanpur,42,21:00,79658.14535504463,0.0,-0.0,0.0,0.0,0.0,0.0,0.0,0.0,6000.0,8.39,1.4551915228366852e-11,85281.78783431048,99220.850763226,27.940697983020787,forecast,climatology
2026-07-13,Kalyanpur,43,21:30,76547.49930202759,0.0,0.0,0.0,0.0,0.0,0.0,0.0,0.0,6000.0,8.39,1.4551915228366852e-11,81951.53886179619,91442.80064401867,27.726766407969578,forecast,climatology
2026-07-13,Kalyanpur,44,22:00,70212.61121610295,0.0,0.0,0.0,0.0,0.0,0.0,0.0,0.0,6000.0,8.39,1.4551915228366852e-11,75169.42537810947,88131.6375323495,27.53384167756878,forecast,climatology
2026-07-13,Kalyanpur,45,22:30,65449.193826399365,0.0,0.0,0.0,0.0,0.0,0.0,0.0,0.0,6000.0,8.39,0.0,70069.72403075382,79023.29209754472,27.359861041043718,forecast,climatology
2026-07-13,Kalyanpur,46,23:00,53776.046236558344,0.0,0.0,0.0,0.0,0.0,0.0,0.0,0.0,6000.0,8.39,-7.275957614183426e-12,57572.48483847368,65509.263123530254,27.20296429782794,forecast,climatology
2026-07-13,Kalyanpur,47,23:30,51977.36929211938,0.0,0.0,0.0,0.0,0.0,0.0,0.0,0.0,6000.0,8.39,-7.275957614183426e-12,55646.8263276659,66847.387181134,27.06147390830306,forecast,climatology
