consumer_id,substation,category,archetype,w_h,lambda_h,gamma_sh_h,gamma_cu_h,y_max_h,tariff_class,baseline_kwh,optimised_kwh,energy_shifted_kwh,energy_curtailed_kwh,n_shift_slots,n_curtail_slots,discomfort_J2_tk,incentive_received_tk,n_dr_events,income_band,monthly_income_bdt,household_size,peak_baseline_kw,peak_optimised_kw,connected_load_kw,J1_baseline_tk,J1_optimised_tk,rebate_tk,marginal_rate_tk_per_kwh,period_days,scale_to_30d,baseline_kwh_30d,optimised_kwh_30d,bill_baseline_tk,bill_optimised_tk,surcharge_tk,energy_charge_baseline_tk,energy_charge_optimised_tk,eff_rate_baseline,eff_rate_optimised,slab_baseline,slab_optimised,saving_tk,saving_pct,J1_saving_tk,energy_saving_kwh,energy_saving_pct,peak_reduction_kw,peak_reduction_pct,qoe,qoe_ok,net_benefit_tk,gained_unweighted,gained_lambda,gained,saving_per_discomfort,participated
DHNC0001,Dhanmondi,Residential,Res-A,597.3547737671756,0.48811259340679575,1.6288542526025491,20.445468599887178,0.336160097220683,LT-A,741.8844889317587,741.8844889317587,0.0,0.0,0,0,0.0,0.0,0,upper-middle,174354.85781382807,4,4.522244194721653,4.522244194721653,6.269699999999999,12871.695882966014,12871.695882966014,0.0,17.35,30,1.0,741.8844889317587,741.8844889317587,9581.274447114316,9581.274447114316,0.0,8861.695882966014,8861.695882966014,12.914779308717476,12.914779308717476,601-above,601-above,0.0,0.0,0.0,0.0,0.0,0.0,0.0,1.0,True,0.0,False,False,False,,False
DHNC0002,Dhanmondi,Residential,Res-A,597.3547737671756,0.6788997760026314,2.2891494141129978,16.94157897705322,0.41494041295175105,LT-A,206.54885510342336,175.5665268379098,0.0,30.982328265513495,0,635,524.889561203185,30.516339631014393,30,upper-middle,112596.59401203739,5,0.9056059902486513,0.9026743952136419,3.6806,1879.5945814411518,1567.1390545939648,30.516339631014393,9.1,30,1.0,206.54885510342336,175.5665268379098,1827.18877051321,1546.545712028345,0.0,1585.5945814411525,1318.3154781222333,8.84627886026431,8.808887091878164,201-300,76-200,280.64305848486515,15.359281044948617,312.455526847187,30.98232826551356,15.000000000000027,0.0029315950350093933,0.32371639173946587,0.8500000000000001,True,-213.73016308730553,False,True,False,0.5346706797551039,True
DHNC0003,Dhanmondi,Residential,Res-A,597.3547737671756,0.5757809152833336,2.1309659713479836,15.287353625277056,0.44008259670880423,LT-A,176.71666423334503,167.9576133715639,0.0,8.759050861781084,0,228,133.9027079458352,26.277152585343252,10,upper-middle,122947.57133679508,4,0.9728447772494944,0.9728447772494944,2.3800000000000003,1502.0916459834327,1401.36256107295,26.277152585343252,8.5,30,1.0,176.71666423334503,167.9576133715639,1499.4542282826044,1421.279699341208,0.0,1328.0916459834327,1253.6397136582932,8.485075444286647,8.462133218081545,76-200,76-200,78.17452894139637,5.2135321950396145,100.7290849104827,8.759050861781134,4.956550588921976,0.0,0.0,0.9504344941107805,True,-29.45102641909557,False,True,False,0.5838158924539348,True
DHNC0004,Dhanmondi,Residential,Res-B,597.3547737671756,0.39681518577343594,0.8814824867709768,20.296420716600025,0.3494072353236943,LT-A,125.77903603831048,125.77903603831048,0.0,0.0,0,0,0.0,0.0,0,middle,53546.145812606715,4,0.7631324280611624,0.7631324280611624,2.2843999999999998,1069.1218063256392,1069.1218063256392,0.0,8.5,30,1.0,125.77903603831048,125.77903603831048,1040.619936641921,1040.619936641921,0.0,895.121806325639,895.121806325639,8.273397295913153,8.273397295913153,76-200,76-200,0.0,0.0,0.0,0.0,0.0,0.0,0.0,1.0,True,0.0,False,False,False,,False
DHNC0005,Dhanmondi,Residential,Res-B,597.3547737671756,0.30768563832642065,1.3545743690674348,18.996613699464877,0.410064197023275,LT-A,196.82248550892285,196.82248550892285,0.0,0.0,0,0,0.0,0.0,0,middle,59531.87269822272,5,0.9916189913789257,0.9916189913789257,3.5601,1672.9911268258438,1672.9911268258438,0.0,8.5,30,1.0,196.82248550892285,196.82248550892285,1730.9410931671366,1730.9410931671366,0.0,1498.9911268258443,1498.9911268258443,8.794427571074776,8.794427571074776,76-200,76-200,0.0,0.0,0.0,0.0,0.0,0.0,0.0,1.0,True,0.0,False,False,False,,False
DHNC0006,Dhanmondi,Residential,Res-C,597.3547737671756,0.24558693229210504,3.294708550330959,30.654584092625228,0.26969991655302733,LT-A,114.42690706294435,114.42690706294435,0.0,0.0,0,0,0.0,0.0,0,lower-middle,10736.852167504177,4,0.2689426569645353,0.2689426569645353,0.38070000000000004,972.6287100350271,972.6287100350271,0.0,8.5,30,1.0,114.42690706294435,114.42690706294435,860.6101455367783,860.6101455367783,0.0,798.628710035027,798.628710035027,7.5210469952086605,7.5210469952086605,76-200,76-200,0.0,0.0,0.0,0.0,0.0,0.0,0.0,1.0,True,0.0,False,False,False,,False
DHNC0007,Dhanmondi,Residential,Res-C,597.3547737671756,0.22703155796447627,3.368434981796543,21.03050655633284,0.3025223374839223,LT-A,149.25384920148198,149.25384920148198,0.0,0.0,0,0,0.0,0.0,0,lower-middle,24775.58637255295,4,1.2511246302574692,1.2511246302574692,1.9195,1268.6577182125968,1268.6577182125968,0.0,8.5,30,1.0,149.25384920148198,149.25384920148198,1234.0405541232267,1234.0405541232267,0.0,1094.6577182125968,1094.6577182125968,8.268065183748531,8.268065183748531,76-200,76-200,0.0,0.0,0.0,0.0,0.0,0.0,0.0,1.0,True,0.0,False,False,False,,False
DHNC0008,Dhanmondi,Residential,Res-B,597.3547737671756,0.371762262432816,1.958195354437911,18.025530948896996,0.3590640949863418,LT-A,188.3564219134829,188.3564219134829,0.0,0.0,0,0,0.0,0.0,0,middle,43471.247693859405,5,0.922622061291981,0.922622061291981,2.2004,1601.0295862646053,1601.0295862646053,0.0,8.5,30,1.0,188.3564219134829,188.3564219134829,1595.4187055778348,1595.4187055778348,0.0,1427.0295862646046,1427.0295862646046,8.47021136508238,8.47021136508238,76-200,76-200,0.0,0.0,0.0,0.0,0.0,0.0,0.0,1.0,True,0.0,False,False,False,,False
DHNC0009,Dhanmondi,Residential,Res-A,597.3547737671756,0.635185299989375,1.225327892006244,18.6717274672704,0.41414587042128215,LT-A,398.077109371363,354.0787659192838,0.0,43.9983434520791,0,487,821.5250779485822,58.61748265687057,22,upper-middle,177614.14505977277,4,2.560466022218713,2.4069607680131333,3.9807,3829.5017921525105,3347.6202454866393,58.61748265687057,9.62,30,1.0,398.077109371363,354.0787659192838,3724.025751760138,3279.598484550686,0.0,3379.5017921525123,2956.23772814351,9.355036157796311,9.262341603671052,301-400,301-400,444.4272672094521,11.934054618161442,481.88154666587116,43.99834345207921,11.052718786458405,0.1535052542055797,5.9952076252339115,0.8894728121354163,True,-318.4803280822595,False,True,False,0.5409783330281587,True
DHNC0010,Dhanmondi,Residential,Res-A,597.3547737671756,0.5028732002408461,1.8157646555528526,23.248261484397293,0.3230992493504371,LT-A,196.77862878463787,196.77862878463787,0.0,0.0,0,0,0.0,0.0,0,upper-middle,156299.7761650142,6,0.9831174001378662,0.9831174001378662,3.7399000000000004,1672.6183446694224,1672.6183446694224,0.0,8.5,30,1.0,196.77862878463787,196.77862878463787,1738.4788519028932,1738.4788519028932,0.0,1498.618344669422,1498.618344669422,8.834693394502468,8.834693394502468,76-200,76-200,0.0,0.0,0.0,0.0,0.0,0.0,0.0,1.0,True,0.0,False,False,False,,False
DHNC0011,Dhanmondi,Residential,Res-A,597.3547737671756,0.3692491721558849,2.485346922333847,20.579846039237896,0.3491485285830399,LT-A,495.66845075302064,495.66845075302064,0.0,0.0,0,0,0.0,0.0,0,upper-middle,199144.37502718804,4,2.681841055030918,2.681841055030918,5.570199999999999,7439.983445802839,7439.983445802839,0.0,15.01,30,1.0,495.66845075302064,495.66845075302064,5321.328438092982,5321.328438092982,0.0,4833.98344580284,4833.98344580284,10.735660964519342,10.735660964519342,401-600,401-600,0.0,0.0,0.0,0.0,0.0,0.0,0.0,1.0,True,0.0,False,False,False,,False
DHNC0012,Dhanmondi,Residential,Res-A,597.3547737671756,0.5386261237165179,2.408977113564393,20.594169461062933,0.3788994379258158,LT-A,157.25263141484473,157.25263141484473,0.0,0.0,0,0,0.0,0.0,0,upper-middle,104924.43749387428,4,0.9674737262491748,0.9674737262491748,2.9512,1336.64736702618,1336.64736702618,0.0,8.5,30,1.0,157.25263141484473,157.25263141484473,1350.9276553774891,1350.9276553774891,0.0,1162.6473670261803,1162.6473670261803,8.590811124893907,8.590811124893907,76-200,76-200,0.0,0.0,0.0,0.0,0.0,0.0,0.0,1.0,True,0.0,False,False,False,,False
DHNC0013,Dhanmondi,Residential,Res-B,597.3547737671756,0.4151720167605782,1.6924710884998417,21.58504930244223,0.42377541672191993,LT-A,185.82639660692382,185.82639660692382,0.0,0.0,0,0,0.0,0.0,0,middle,56263.97878643399,5,1.0613030785431088,1.0613030785431088,1.7252,1579.5243711588523,1579.5243711588523,0.0,8.5,30,1.0,185.82639660692382,185.82639660692382,1551.8819097167952,1551.8819097167952,0.0,1405.5243711588525,1405.5243711588525,8.351245775913478,8.351245775913478,76-200,76-200,0.0,0.0,0.0,0.0,0.0,0.0,0.0,1.0,True,0.0,False,False,False,,False
DHNC0014,Dhanmondi,Residential,Res-B,597.3547737671756,0.3658805028771735,1.3716573692530845,16.91677503786368,0.3233193602958268,LT-A,139.96076086458442,139.96076086458442,0.0,0.0,0,0,0.0,0.0,0,middle,52192.10494958036,4,0.8231676560421688,0.8231676560421688,2.8141,1189.6664673489672,1189.6664673489672,0.0,8.5,30,1.0,139.96076086458442,139.96076086458442,1190.551600716416,1190.551600716416,0.0,1015.6664673489676,1015.6664673489676,8.50632415372695,8.50632415372695,76-200,76-200,0.0,0.0,0.0,0.0,0.0,0.0,0.0,1.0,True,0.0,False,False,False,,False
DHNC0015,Dhanmondi,Residential,Res-A,597.3547737671756,0.5129785330001845,1.316171549000022,18.17328596237249,0.4865116293721594,LT-A,578.3988813460238,543.9449031255871,0.0,34.453978220436866,0,199,626.141998741353,85.09738570819302,12,upper-middle,83791.43714369864,5,3.202978446236219,3.125401791823939,4.6006,8681.76720900382,8079.5156102068695,85.09738570819302,15.01,30,1.0,578.3988813460238,543.9449031255871,6582.442029454009,6039.430105710815,0.0,6075.767209003818,5558.612995915062,11.380454288112809,11.103018101663174,401-600,401-600,543.0119237431936,8.249399255070001,602.25159879695,34.45397822043674,5.956785071965733,0.07757665441228001,2.4220161238811766,0.9404321492803425,True,1.9673107100336438,True,True,True,0.8672344689139776,True
DHNC0016,Dhanmondi,Residential,Res-A,597.3547737671756,0.5202448578294103,1.449290396516837,27.850003669213212,0.3477793964255179,LT-A,205.91342095875007,205.91342095875007,0.0,0.0,0,0,0.0,0.0,0,upper-middle,140591.20841218322,5,0.8430372817850791,0.8430372817850791,2.6751000000000005,1873.812130724626,1873.812130724626,0.0,9.1,30,1.0,205.91342095875007,205.91342095875007,1776.774647260857,1776.774647260857,0.0,1579.8121307246256,1579.8121307246256,8.628746193366348,8.628746193366348,201-300,201-300,0.0,0.0,0.0,0.0,0.0,0.0,0.0,1.0,True,0.0,False,False,False,,False
DHNC0017,Dhanmondi,Residential,Res-A,597.3547737671756,0.6267937956030032,1.7266259395684538,22.191994917413318,0.41451152558965887,LT-A,445.16895505283173,378.39361179490703,0.0,66.77534325792476,0,529,1481.878078188396,65.05287253281332,30,upper-middle,125784.29300369692,5,3.889339225488028,3.807582343500008,5.3001,6681.986015343003,5614.635240508741,65.05287253281332,15.01,30,1.0,445.16895505283173,378.39361179490703,4513.519726110155,3583.388282740356,0.0,4075.9860153430045,3190.1465454670056,10.138891481268049,9.470002058815377,401-600,301-400,930.131443369799,20.60767427223378,1067.3507748342618,66.7753432579247,14.999999999999988,0.08175688198801989,2.102076400336645,0.85,True,-486.6937622857838,False,True,False,0.6276706950863931,True
DHNC0018,Dhanmondi,Residential,Res-B,597.3547737671756,0.2257660077084152,1.493458400861342,16.960060365187232,0.3785107765602678,LT-A,166.20105462023224,166.20105462023224,0.0,0.0,0,0,0.0,0.0,0,middle,48210.726844112214,5,0.8779939686360916,0.8779939686360916,2.4252,1412.708964271974,1412.708964271974,0.0,8.5,30,1.0,166.20105462023224,166.20105462023224,1407.5957324855729,1407.5957324855729,0.0,1238.708964271974,1238.708964271974,8.469234661006906,8.469234661006906,76-200,76-200,0.0,0.0,0.0,0.0,0.0,0.0,0.0,1.0,True,0.0,False,False,False,,False
DHNC0019,Dhanmondi,Residential,Res-B,597.3547737671756,0.41725187886000425,1.9210553598697473,18.434665121911685,0.4507181261917123,LT-A,159.37148827089507,159.37148827089507,0.0,0.0,0,0,0.0,0.0,0,middle,41001.29658024218,4,1.0075919079701723,1.0075919079701723,2.9,1354.6576503026076,1354.6576503026076,0.0,8.5,30,1.0,159.37148827089507,159.37148827089507,1367.5805328177385,1367.5805328177385,0.0,1180.657650302608,1180.657650302608,8.581086539727636,8.581086539727636,76-200,76-200,0.0,0.0,0.0,0.0,0.0,0.0,0.0,1.0,True,0.0,False,False,False,,False
DHNC0020,Dhanmondi,Residential,Res-A,597.3547737671756,0.4524087566689231,1.669019248356296,18.06735840768602,0.43758001754558074,LT-A,275.89435902555635,275.89435902555635,0.0,0.0,0,0,0.0,0.0,0,upper-middle,196485.8508143802,5,1.8755679711321622,1.8755679711321622,5.2801,2510.6386671325627,2510.6386671325627,0.0,9.1,30,1.0,275.89435902555635,275.89435902555635,2560.323010489191,2560.323010489191,0.0,2216.6386671325627,2216.6386671325627,9.280084665493382,9.280084665493382,201-300,201-300,0.0,0.0,0.0,0.0,0.0,0.0,0.0,1.0,True,0.0,False,False,False,,False
DHNC0021,Dhanmondi,Residential,Res-A,597.3547737671756,0.593499683187066,1.5735730355305488,25.14225263506083,0.36812831116610345,LT-A,657.973080885311,559.2771187525146,0.0,98.69596213279667,0,689,2481.438814003172,96.53516793693407,30,upper-middle,154326.830346587,4,3.292968961196623,3.120532099330135,5.964899999999999,11415.832953360152,9606.922842419193,96.53516793693407,17.35,30,1.0,657.973080885311,559.2771187525146,8039.176691028153,6341.239120099008,0.0,7405.832953360145,5788.749552475245,12.218093603785949,11.33827740752803,601-above,401-600,1697.9375709291453,21.12078930699546,1808.9101109409585,98.69596213279635,14.999999999999956,0.17243686186648777,5.236516465792207,0.85,True,-686.9660751370925,False,True,False,0.6842552640618826,True
DHNC0022,Dhanmondi,Residential,Res-B,597.3547737671756,0.3775815483160288,2.0624570062445944,14.334308694458459,0.2780412155954435,LT-A,133.95380611275885,133.95380611275885,0.0,0.0,0,0,0.0,0.0,0,middle,39560.95363024633,5,0.6353992997170809,0.6353992997170809,1.2202,1138.60735195845,1138.60735195845,0.0,8.5,30,1.0,133.95380611275885,133.95380611275885,1066.6485395563727,1066.6485395563727,0.0,964.6073519584503,964.6073519584503,7.9628087510891294,7.9628087510891294,76-200,76-200,0.0,0.0,0.0,0.0,0.0,0.0,0.0,1.0,True,0.0,False,False,False,,False
DHNC0023,Dhanmondi,Residential,Res-C,597.3547737671756,0.213198259329218,2.8827300304863437,33.724644661196976,0.3274178334648801,LT-A,272.03224092858227,272.03224092858227,0.0,0.0,0,0,0.0,0.0,0,lower-middle,15421.258152628776,3,1.0955845399535906,1.0955845399535906,2.0695,2475.493392450099,2475.493392450099,0.0,9.1,30,1.0,272.03224092858227,272.03224092858227,2381.8330120726037,2381.8330120726037,0.0,2181.493392450099,2181.493392450099,8.755701176971579,8.755701176971579,201-300,201-300,0.0,0.0,0.0,0.0,0.0,0.0,0.0,1.0,True,0.0,False,False,False,,False
DHNC0024,Dhanmondi,Residential,Res-A,597.3547737671756,0.5438622565982701,2.1514496998727797,19.1830401460924,0.3976973462845833,LT-A,431.11695257040515,409.9401703076851,0.0,21.17678226272005,0,214,406.23506431081614,63.530346788160145,10,upper-middle,101357.95179186048,4,2.596500948654084,2.596500948654084,5.3059,6471.065458081782,6089.671609530191,63.530346788160145,15.01,30,1.0,431.11695257040515,409.9401703076851,4292.308920985871,3958.552244134271,0.0,3865.0654580817813,3547.201956318353,9.956251767401561,9.656414596215678,401-600,401-600,333.7566768515999,7.775690962498143,381.39384855159096,21.176782262720053,4.912073658078129,0.0,0.0,0.9508792634192187,True,-8.948040671056106,False,True,False,0.8215851022555699,True
DHNC0025,Dhanmondi,Residential,Res-A,597.3547737671756,0.5916118861150873,3.0040159166063707,19.287078447991448,0.40669407087305026,LT-A,567.3292533741046,482.22986536798885,0.0,85.09938800611572,0,646,1641.3185723500164,83.17631246857778,30,upper-middle,148933.5771814863,5,3.3153360078658327,3.3153360078658327,6.1248,8515.612093145312,7155.093966704937,83.17631246857778,15.01,30,1.0,567.3292533741046,482.22986536798885,6475.196377802576,5133.987473132189,0.0,5909.61209314531,4632.270279173513,11.413471699709346,10.646349058481583,401-600,401-600,1341.2089046703868,20.713022840019867,1360.5181264403745,85.09938800611576,15.000000000000014,0.0,0.0,0.85,True,-216.93335521105178,False,True,False,0.8171533103107845,True
DHNC0026,Dhanmondi,Residential,Res-A,597.3547737671756,0.5556293189257726,2.0643005858025623,19.53619905640408,0.4003143373493477,LT-A,470.1141317899835,447.01076508959216,0.0,23.103366700391344,0,195,451.3519707319428,69.31010010117404,10,upper-middle,102517.59120326015,5,3.371064558176016,3.371064558176016,5.2899,7056.413118167653,6640.321483893603,69.31010010117404,15.01,30,1.0,470.1141317899835,447.01076508959216,4906.218364076035,4542.097753194517,0.0,4450.413118167652,4103.631583994778,10.436228209935656,10.161047804484456,401-600,401-600,364.1206108815177,7.421614446426923,416.0916342740502,23.103366700391348,4.91441655081163,0.0,0.0,0.9508558344918837,True,-17.921259749251078,False,True,False,0.8067331805177125,True
DHNC0027,Dhanmondi,Residential,Res-A,597.3547737671756,0.4867852658952684,2.4202441469979568,17.81778807269764,0.42524066546633366,LT-A,275.0476850721528,275.0476850721528,0.0,0.0,0,0,0.0,0.0,0,upper-middle,155912.04588368593,6,1.1719317158741753,1.1719317158741753,3.6559000000000004,2502.9339341565897,2502.9339341565897,0.0,9.1,30,1.0,275.0476850721528,275.0476850721528,2480.6058208644195,2480.6058208644195,0.0,2208.93393415659,2208.93393415659,9.018820937226527,9.018820937226527,201-300,201-300,0.0,0.0,0.0,0.0,0.0,0.0,0.0,1.0,True,0.0,False,False,False,,False
DHNC0028,Dhanmondi,Residential,Res-A,597.3547737671756,0.61996519333977,1.8398461430494026,16.922215960258317,0.3835220657433097,LT-A,623.2412291604629,529.7550447863933,0.0,93.48618437406944,0,651,1581.9934012785293,91.28125753590557,30,upper-middle,105057.52740933542,6,3.2768272328076478,3.2748362632489663,6.095199999999999,10813.235325934029,9099.968769508021,91.28125753590557,17.35,30,1.0,623.2412291604629,529.7550447863933,7412.195412230733,5881.7027033559525,0.0,6803.235325934032,5345.623222243764,11.892979901562885,11.102683704933021,601-above,401-600,1530.4927088747809,20.648304905039897,1713.2665564260078,93.48618437406958,15.000000000000023,0.001990969558681499,0.06075906409553361,0.85,True,39.78056513215711,True,True,True,0.9674456970793135,True
DHNC0029,Dhanmondi,Residential,Res-A,597.3547737671756,0.3877822224185491,1.9151285083763858,22.42925195829573,0.42543746447560704,LT-A,624.4129303924487,624.4129303924487,0.0,0.0,0,0,0.0,0.0,0,upper-middle,144519.6067555219,6,3.1068196972156823,3.1068196972156823,4.985199999999999,10833.564342308986,10833.564342308986,0.0,17.35,30,1.0,624.4129303924487,624.4129303924487,7384.589879424435,7384.589879424435,0.0,6823.564342308986,6823.564342308986,11.826452528430439,11.826452528430439,601-above,601-above,0.0,0.0,0.0,0.0,0.0,0.0,0.0,1.0,True,0.0,False,False,False,,False
DHNC0030,Dhanmondi,Residential,Res-A,597.3547737671756,0.5028414762307929,2.3198939873165827,19.733661271810234,0.41990902395522134,LT-A,404.32435633914633,404.32435633914633,0.0,0.0,0,0,0.0,0.0,0,upper-middle,106153.87130008996,5,2.1577045951524205,2.1577045951524205,5.2299999999999995,6068.908588650584,6068.908588650584,0.0,15.01,30,1.0,404.32435633914633,404.32435633914633,3866.6970180831154,3866.6970180831154,0.0,3462.9085886505864,3462.9085886505864,9.563354167167063,9.563354167167063,401-600,401-600,0.0,0.0,0.0,0.0,0.0,0.0,0.0,1.0,True,0.0,False,False,False,,False
DHNC0031,Dhanmondi,Residential,Res-A,597.3547737671756,0.4501017239159658,2.000386186131422,20.765947932948635,0.5183352959572349,LT-A,441.85756643749727,441.85756643749727,0.0,0.0,0,0,0.0,0.0,0,upper-middle,164420.88079508737,6,2.7046567135470405,2.7046567135470405,5.1242,6632.282072226834,6632.282072226834,0.0,15.01,30,1.0,441.85756643749727,441.85756643749727,4453.573395838175,4453.573395838175,0.0,4026.282072226834,4026.282072226834,10.079205911862896,10.079205911862896,401-600,401-600,0.0,0.0,0.0,0.0,0.0,0.0,0.0,1.0,True,0.0,False,False,False,,False
DHNC0032,Dhanmondi,Residential,Res-A,597.3547737671756,0.5899478234236094,1.1987759357678045,23.34255452098799,0.38945466751973734,LT-A,349.49508962096536,349.49508962096536,0.0,0.0,0,0,0.0,0.0,0,upper-middle,151810.27950763196,5,1.8606251097774307,1.8606251097774307,5.3008999999999995,3362.1427621536864,3362.1427621536864,0.0,9.62,30,1.0,349.49508962096536,349.49508962096536,3291.5195902613714,3291.5195902613714,0.0,2912.142762153687,2912.142762153687,9.417927999592475,9.417927999592475,301-400,301-400,0.0,0.0,0.0,0.0,0.0,0.0,0.0,1.0,True,0.0,False,False,False,,False
DHNC0033,Dhanmondi,Residential,Res-A,597.3547737671756,0.630866255796793,1.8274076021818968,18.19049195254879,0.40568111721098243,LT-A,384.79949945318106,363.8897330950289,0.0,20.909766358152083,0,240,380.358936667641,56.70348748298432,11,upper-middle,192056.4880951592,6,1.7967119512109364,1.7967119512109364,3.8556,3701.7711847396004,3443.9157448911933,56.70348748298432,9.62,30,1.0,384.79949945318106,363.8897330950289,3584.3917039765815,3373.182153992887,0.0,3251.7711847396017,3050.619232374178,9.314959372530831,9.269792047449684,301-400,301-400,211.20954998369461,5.892479601193568,257.85543984840706,20.909766358152183,5.433938034707942,0.0,0.0,0.9456606196529208,True,-112.44589920096206,False,True,False,0.5552900947566016,True
DHNC0034,Dhanmondi,Residential,Res-A,597.3547737671756,0.6192260535940651,2.633587939386754,19.682452953675327,0.4719360101086126,LT-A,320.73820057350525,304.9685895482745,0.0,15.769611025230725,0,199,310.3846271018635,47.30883307569218,10,upper-middle,154781.5376330074,6,1.4470815531004906,1.4470815531004906,3.8059000000000007,3085.501489517121,2886.488998378709,47.30883307569218,9.62,30,1.0,320.73820057350525,304.9685895482745,2935.1167539929766,2775.8279130271208,0.0,2635.5014895171207,2483.7978314544007,9.151129328358007,9.102012496233568,301-400,301-400,159.2888409658558,5.427001864547871,199.01249113841232,15.769611025230745,4.916661313505355,0.0,0.0,0.9508333868649466,True,-103.78695306031551,False,True,False,0.5131982290913514,True
DHNC0035,Dhanmondi,Residential,Res-A,597.3547737671756,0.5083908399120235,2.1820544165119893,19.766779548659564,0.3776643895006368,LT-A,541.4722637248677,541.4722637248677,0.0,0.0,0,0,0.0,0.0,0,upper-middle,166744.4203574104,4,2.7252667279185627,2.7252667279185627,5.974899999999999,8127.498678510266,8127.498678510266,0.0,15.01,30,1.0,541.4722637248677,541.4722637248677,6061.066702435777,6061.066702435777,0.0,5521.498678510265,5521.498678510265,11.193678990574334,11.193678990574334,401-600,401-600,0.0,0.0,0.0,0.0,0.0,0.0,0.0,1.0,True,0.0,False,False,False,,False
DHNC0036,Dhanmondi,Residential,Res-A,597.3547737671756,0.6694184478906218,2.645255280384111,22.031219559416964,0.43559306185384855,LT-A,353.040811548088,335.8051261820702,0.0,17.235685366017798,0,170,379.7231685557681,51.70705609805339,10,upper-middle,105475.6400832551,6,2.338062951529534,2.338062951529534,5.1809,3396.2526070926065,3178.738257773462,51.70705609805339,9.62,30,1.0,353.040811548088,335.8051261820702,3322.042927447237,3147.945269565091,0.0,2946.252607092607,2780.4453138715153,9.409798580736433,9.374321664935831,301-400,301-400,174.097657882146,5.240680559655747,217.51434931914446,17.235685366017833,4.88206598280781,0.0,0.0,0.951179340171922,True,-153.91845457556872,False,True,False,0.4584857398728282,True
DHNC0037,Dhanmondi,Residential,Res-B,597.3547737671756,0.373662659294406,1.5498417477578863,24.849552099919027,0.3831361657790525,LT-A,89.70684034796955,89.70684034796955,0.0,0.0,0,0,0.0,0.0,0,middle,38741.55515039892,5,0.7117994791378291,0.7117994791378291,2.4604000000000004,762.508142957741,762.508142957741,0.0,8.5,30,1.0,89.70684034796955,89.70684034796955,726.4371901056282,726.4371901056282,0.0,588.5081429577411,588.5081429577411,8.097901868885415,8.097901868885415,76-200,76-200,0.0,0.0,0.0,0.0,0.0,0.0,0.0,1.0,True,0.0,False,False,False,,False
DHNC0038,Dhanmondi,Residential,Res-B,597.3547737671756,0.3611700969112339,1.1930796815998574,19.39370265168716,0.4024133036902081,LT-A,122.61475577696295,122.61475577696295,0.0,0.0,0,0,0.0,0.0,0,middle,43616.96248348577,5,0.7351805302782848,0.7351805302782848,1.9703,1042.2254241041853,1042.2254241041853,0.0,8.5,30,1.0,122.61475577696295,122.61475577696295,998.5269253093944,998.5269253093944,0.0,868.2254241041851,868.2254241041851,8.143611419213862,8.143611419213862,76-200,76-200,0.0,0.0,0.0,0.0,0.0,0.0,0.0,1.0,True,0.0,False,False,False,,False
DHNC0039,Dhanmondi,Residential,Res-B,597.3547737671756,0.46261831626981004,1.8251244820142152,16.311687278592327,0.4964853678372352,LT-A,267.8041982701952,267.8041982701952,0.0,0.0,0,0,0.0,0.0,0,middle,36637.73077401458,4,1.7540977811110463,1.7540977811110463,4.1742,2437.0182042587758,2437.0182042587758,0.0,9.1,30,1.0,267.8041982701952,267.8041982701952,2434.251334471715,2434.251334471715,0.0,2143.0182042587758,2143.0182042587758,9.089668310635409,9.089668310635409,201-300,201-300,0.0,0.0,0.0,0.0,0.0,0.0,0.0,1.0,True,0.0,False,False,False,,False
DHNC0040,Dhanmondi,Residential,Res-B,597.3547737671756,0.3761296333985647,1.686090203702411,23.74351437944194,0.40926000879701546,LT-A,241.854593958359,241.854593958359,0.0,0.0,0,0,0.0,0.0,0,middle,33680.82766666332,5,1.7412662609423442,1.7412662609423442,3.7952000000000004,2200.8768050210656,2200.8768050210656,0.0,9.1,30,1.0,241.854593958359,241.854593958359,2169.5889652721203,2169.5889652721203,0.0,1906.876805021067,1906.876805021067,8.970633676057716,8.970633676057716,201-300,201-300,0.0,0.0,0.0,0.0,0.0,0.0,0.0,1.0,True,0.0,False,False,False,,False
DHNC0041,Dhanmondi,Residential,Res-B,597.3547737671756,0.3638272743587208,1.4856929780336916,25.671088940326786,0.4049784624561687,LT-A,231.40151671267756,231.40151671267756,0.0,0.0,0,0,0.0,0.0,0,middle,53533.129071948075,5,1.2714816312702506,1.2714816312702506,4.1953,2105.7538020853654,2105.7538020853654,0.0,9.1,30,1.0,231.40151671267756,231.40151671267756,2087.354222189634,2087.354222189634,0.0,1811.7538020853658,1811.7538020853658,9.020486347033854,9.020486347033854,201-300,201-300,0.0,0.0,0.0,0.0,0.0,0.0,0.0,1.0,True,0.0,False,False,False,,False
DHNC0042,Dhanmondi,Residential,Res-A,597.3547737671756,0.549967476616753,1.7809577910166634,19.959102707478078,0.3414967659649226,LT-A,586.5865757346617,533.5982692114653,0.0,52.988306523196314,0,426,1057.5990521918059,85.7744197724509,18,upper-middle,177588.57713129412,4,2.7947687083347503,2.7947687083347503,4.1101,8804.66450177727,7923.535601091643,85.7744197724509,15.01,30,1.0,586.5865757346617,533.5982692114653,6689.853136866135,5854.730931907299,0.0,6198.664501777272,5403.310020864094,11.404715712233148,10.97217001951531,401-600,401-600,835.1222049588359,12.483416121000966,881.1289006856268,52.98830652319634,9.033330920816237,0.0,0.0,0.9096666907918377,True,-136.70242746051906,False,True,False,0.7896397063027799,True
DHNC0043,Dhanmondi,Residential,Res-A,597.3547737671756,0.5423794757208616,1.8737282007905378,23.43746981849498,0.4861530073156113,LT-A,444.5260782543428,444.5260782543428,0.0,0.0,0,0,0.0,0.0,0,upper-middle,142262.97519142774,4,3.7811730375004524,3.7811730375004524,6.150799999999999,6672.336434597685,6672.336434597685,0.0,15.01,30,1.0,444.5260782543428,444.5260782543428,4540.90353632757,4540.90353632757,0.0,4066.336434597685,4066.336434597685,10.215156676880987,10.215156676880987,401-600,401-600,0.0,0.0,0.0,0.0,0.0,0.0,0.0,1.0,True,0.0,False,False,False,,False
DHNC0044,Dhanmondi,Residential,Res-A,597.3547737671756,0.5661221423403757,1.9613235060803325,20.085203574377765,0.433040524072717,LT-A,240.79483692437557,240.79483692437557,0.0,0.0,0,0,0.0,0.0,0,upper-middle,80180.76947656665,5,1.601118112256346,1.601118112256346,2.9010000000000002,2191.233016011818,2191.233016011818,0.0,9.1,30,1.0,240.79483692437557,240.79483692437557,2120.028766812409,2120.028766812409,0.0,1897.2330160118177,1897.2330160118177,8.804294950386451,8.804294950386451,201-300,201-300,0.0,0.0,0.0,0.0,0.0,0.0,0.0,1.0,True,0.0,False,False,False,,False
DHNC0045,Dhanmondi,Residential,Res-A,597.3547737671756,0.6970842693450517,2.7420637165616464,16.07154413136144,0.4033189634141048,LT-A,358.13514373014027,304.41487217061905,0.0,53.72027155952105,0,680,863.3677151175631,52.859423088015774,30,upper-middle,150447.38829950657,5,1.5801558631935804,1.5795474317125286,4.3149,3445.260082683949,2875.6116471933396,52.859423088015774,9.62,30,1.0,358.13514373014027,304.41487217061905,3335.310176818147,2792.6817137954235,0.0,2995.2600826839493,2478.4710702813554,9.312993251875188,9.173933237500222,301-400,301-400,542.6284630227233,16.26920538887887,569.6484354906092,53.72027155952122,15.000000000000052,0.0006084314810517188,0.038504523207099704,0.85,True,-267.879829006824,False,True,False,0.6285021474874523,True
DHNC0046,Dhanmondi,Residential,Res-B,597.3547737671756,0.15581542793144929,1.4403344825380575,19.702328953383024,0.4150585132356771,LT-A,211.6008884640585,211.6008884640585,0.0,0.0,0,0,0.0,0.0,0,middle,32234.677972628102,4,1.3667714567211422,1.3667714567211422,2.8155,1925.5680850229326,1925.5680850229326,0.0,9.1,30,1.0,211.6008884640585,211.6008884640585,1837.310039274079,1837.310039274079,0.0,1631.5680850229323,1631.5680850229323,8.682903236420746,8.682903236420746,201-300,201-300,0.0,0.0,0.0,0.0,0.0,0.0,0.0,1.0,True,0.0,False,False,False,,False
DHNC0047,Dhanmondi,Residential,Res-B,597.3547737671756,0.35338904348443756,2.2457394450041455,21.206963881489493,0.34947213666921706,LT-A,166.57813096673863,166.57813096673863,0.0,0.0,0,0,0.0,0.0,0,middle,39173.478942151974,4,0.9413984127095423,0.9413984127095423,1.2504,1415.9141132172786,1415.9141132172786,0.0,8.5,30,1.0,166.57813096673863,166.57813096673863,1359.1524588781424,1359.1524588781424,0.0,1241.9141132172783,1241.9141132172783,8.159249062228524,8.159249062228524,76-200,76-200,0.0,0.0,0.0,0.0,0.0,0.0,0.0,1.0,True,0.0,False,False,False,,False
DHNC0048,Dhanmondi,Residential,Res-B,597.3547737671756,0.26535170408461367,1.1447438651956108,22.043622442568132,0.37362263545321006,LT-A,254.3248654332369,254.3248654332369,0.0,0.0,0,0,0.0,0.0,0,middle,37696.0701599607,4,1.318344304216851,1.318344304216851,3.0655,2314.3562754424565,2314.3562754424565,0.0,9.1,30,1.0,254.3248654332369,254.3248654332369,2256.5626392145787,2256.5626392145787,0.0,2020.3562754424559,2020.3562754424559,8.87275664284958,8.87275664284958,201-300,201-300,0.0,0.0,0.0,0.0,0.0,0.0,0.0,1.0,True,0.0,False,False,False,,False
DHNC0049,Dhanmondi,Residential,Res-B,597.3547737671756,0.22365065821942623,0.744780050031915,21.35467766058071,0.4484452533960946,LT-A,125.29698922599817,125.29698922599817,0.0,0.0,0,0,0.0,0.0,0,middle,52127.79319011733,5,0.799211508859545,0.799211508859545,1.8702,1065.0244084209842,1065.0244084209842,0.0,8.5,30,1.0,125.29698922599817,125.29698922599817,1018.0514488420338,1018.0514488420338,0.0,891.0244084209845,891.0244084209845,8.12510703673633,8.12510703673633,76-200,76-200,0.0,0.0,0.0,0.0,0.0,0.0,0.0,1.0,True,0.0,False,False,False,,False
DHNC0050,Dhanmondi,Residential,Res-B,597.3547737671756,0.3843318738526791,1.6152969810799442,23.225283360431796,0.4536027977550854,LT-A,147.13363333260193,147.13363333260193,0.0,0.0,0,0,0.0,0.0,0,middle,52322.32573249229,5,0.609624165543079,0.609624165543079,2.6752,1250.6358833271167,1250.6358833271167,0.0,8.5,30,1.0,147.13363333260193,147.13363333260193,1248.4439974934724,1248.4439974934724,0.0,1076.6358833271165,1076.6358833271165,8.485102754659167,8.485102754659167,76-200,76-200,0.0,0.0,0.0,0.0,0.0,0.0,0.0,1.0,True,0.0,False,False,False,,False
DHNC0051,Dhanmondi,Residential,Res-A,597.3547737671756,0.6108901610029398,2.171157917307993,17.651499822220806,0.34557135171563014,LT-A,649.498883370988,552.0740508653396,0.0,97.42483250564814,0,580,1719.6944136533405,94.76954177266978,30,upper-middle,102642.37060160656,4,3.289320262604461,3.289320262604461,5.5310999999999995,11268.805626486637,9483.715240740976,94.76954177266978,17.35,30,1.0,649.498883370988,552.0740508653396,7865.667417810974,6208.584588663184,0.0,7258.805626486642,5680.631503488747,12.110363264963729,11.24592720656158,601-above,401-600,1657.08282914779,21.06728826845006,1785.0903857456615,97.4248325056484,15.00000000000003,0.0,0.0,0.8500000000000001,True,32.1579572671194,True,True,True,0.9635914474057414,True
DHNC0052,Dhanmondi,Residential,Res-B,597.3547737671756,0.3726478772544336,1.5993264397284146,21.294148290770202,0.35856588258422034,LT-A,150.49813153630498,150.49813153630498,0.0,0.0,0,0,0.0,0.0,0,middle,37964.12933085576,4,0.7707490196024964,0.7707490196024964,2.2041000000000004,1279.2341180585925,1279.2341180585925,0.0,8.5,30,1.0,150.49813153630498,150.49813153630498,1257.696633961522,1257.696633961522,0.0,1105.2341180585922,1105.2341180585922,8.356892016683444,8.356892016683444,76-200,76-200,0.0,0.0,0.0,0.0,0.0,0.0,0.0,1.0,True,0.0,False,False,False,,False
DHNC0053,Dhanmondi,Residential,Res-A,597.3547737671756,0.49341982964292497,1.9036623324733057,19.896239606905134,0.355579348519636,LT-A,513.7550022660504,513.7550022660504,0.0,0.0,0,0,0.0,0.0,0,upper-middle,116973.28594294217,6,4.090200695867592,4.090200695867592,5.939799999999999,7711.462584013417,7711.462584013417,0.0,15.01,30,1.0,513.7550022660504,513.7550022660504,5622.680893214087,5622.680893214087,0.0,5105.462584013416,5105.462584013416,10.944284471029551,10.944284471029551,401-600,401-600,0.0,0.0,0.0,0.0,0.0,0.0,0.0,1.0,True,0.0,False,False,False,,False
DHNC0054,Dhanmondi,Residential,Res-A,597.3547737671756,0.654369338908928,2.6974398097544334,14.292182457781125,0.3781775349548564,LT-A,421.104037435801,357.9384318204308,0.0,63.16560561537016,0,539,902.774360511114,61.599936225736826,30,upper-middle,103119.96323648613,4,2.118022367630691,2.0608634460659108,5.2259,6320.771601911372,5311.0559253989295,61.599936225736826,15.01,30,1.0,421.104037435801,357.9384318204308,4130.972372006941,3373.4982898181715,0.0,3714.7716019113727,2993.3677141125445,9.809861708193013,9.424800440290735,401-600,301-400,757.4740821887699,18.336459651042592,1009.7156765124428,63.16560561537017,15.000000000000005,0.05715892156478031,2.6986930090224064,0.85,True,-83.70034209660719,False,True,False,0.8390513901612348,True
DHNC0055,Dhanmondi,Residential,Res-B,597.3547737671756,0.4501029581823479,1.0486494732999003,19.248389868490342,0.4114363438339284,LT-A,136.12540807363925,136.12540807363925,0.0,0.0,0,0,0.0,0.0,0,middle,56853.40933719749,4,0.8014233717856606,0.8014233717856606,2.9041,1157.065968625934,1157.065968625934,0.0,8.5,30,1.0,136.12540807363925,136.12540807363925,1160.2900770572303,1160.2900770572303,0.0,983.0659686259336,983.0659686259336,8.523684839420666,8.523684839420666,76-200,76-200,0.0,0.0,0.0,0.0,0.0,0.0,0.0,1.0,True,0.0,False,False,False,,False
DHNC0056,Dhanmondi,Residential,Res-B,597.3547737671756,0.31168061113997875,0.8916788839015665,22.210695148560767,0.3570721263989111,LT-A,182.08517895680382,182.08517895680382,0.0,0.0,0,0,0.0,0.0,0,middle,46247.68036695517,4,1.0352773503428032,1.0352773503428032,2.9351,1547.7240211328324,1547.7240211328324,0.0,8.5,30,1.0,182.08517895680382,182.08517895680382,1571.848132189474,1571.848132189474,0.0,1373.7240211328324,1373.7240211328324,8.632488054188993,8.632488054188993,76-200,76-200,0.0,0.0,0.0,0.0,0.0,0.0,0.0,1.0,True,0.0,False,False,False,,False
DHNC0057,Dhanmondi,Residential,Res-A,597.3547737671756,0.534181624612049,2.320484940642834,17.00229511239342,0.4097995579764519,LT-A,307.2130744885073,307.2130744885073,0.0,0.0,0,0,0.0,0.0,0,upper-middle,129693.24868113289,6,1.9898865958128031,1.9898865958128031,5.2048,2955.389776579441,2955.389776579441,0.0,9.62,30,1.0,307.2130744885073,307.2130744885073,2860.190945408412,2860.190945408412,0.0,2505.38977657944,2505.38977657944,9.31012115994891,9.31012115994891,301-400,301-400,0.0,0.0,0.0,0.0,0.0,0.0,0.0,1.0,True,0.0,False,False,False,,False
DHNC0058,Dhanmondi,Residential,Res-B,597.3547737671756,0.3753761035399734,0.9749767563836497,20.970445025741377,0.45520066062159603,LT-A,122.32622612310952,122.32622612310952,0.0,0.0,0,0,0.0,0.0,0,middle,25958.75429682545,4,0.31683256362057566,0.31683256362057566,0.4343,1039.7729220464312,1039.7729220464312,0.0,8.5,30,1.0,122.32622612310952,122.32622612310952,931.1115681487524,931.1115681487524,0.0,865.772922046431,865.772922046431,7.6117084427314765,7.6117084427314765,76-200,76-200,0.0,0.0,0.0,0.0,0.0,0.0,0.0,1.0,True,0.0,False,False,False,,False
DHNC0059,Dhanmondi,Residential,Res-B,597.3547737671756,0.49879553975368274,1.6396220544385596,22.33318191518406,0.3061357628546531,LT-A,186.75369561814352,186.75369561814352,0.0,0.0,0,0,0.0,0.0,0,middle,41228.7419215112,5,0.9512570634449838,0.9512570634449838,2.9252,1587.40641275422,1587.40641275422,0.0,8.5,30,1.0,186.75369561814352,186.75369561814352,1613.078053391931,1613.078053391931,0.0,1413.40641275422,1413.40641275422,8.637462557582808,8.637462557582808,76-200,76-200,0.0,0.0,0.0,0.0,0.0,0.0,0.0,1.0,True,0.0,False,False,False,,False
DHNC0060,Dhanmondi,Residential,Res-B,597.3547737671756,0.27185582904113936,1.4099785115727772,24.08497875075221,0.3898636541751338,LT-A,221.00999712624505,221.00999712624505,0.0,0.0,0,0,0.0,0.0,0,middle,33370.29055587796,5,1.5588965110607325,1.5588965110607325,3.4153,2011.1909738488298,2011.1909738488298,0.0,9.1,30,1.0,221.00999712624505,221.00999712624505,1953.6652525412717,1953.6652525412717,0.0,1717.19097384883,1717.19097384883,8.83971439276252,8.83971439276252,201-300,201-300,0.0,0.0,0.0,0.0,0.0,0.0,0.0,1.0,True,0.0,False,False,False,,False
DHNC0061,Dhanmondi,Residential,Res-A,597.3547737671756,0.7369027246697445,1.6991966792046487,18.0081702904721,0.36820080051322784,LT-A,420.37400567712103,357.3179048255529,0.0,63.05610085156816,0,672,1135.5250019882221,61.79717509932037,30,upper-middle,168489.3703277356,6,2.0980278784337933,2.0455039742861043,4.5648,6309.813825213586,5301.544576332229,61.79717509932037,15.01,30,1.0,420.37400567712103,357.3179048255529,4090.312196474266,3338.0758366429095,0.0,3703.813825213587,2987.3982444218186,9.730173943285957,9.342033498916322,401-600,301-400,752.2363598313564,18.390683246128816,1008.2692488813573,63.05610085156815,14.999999999999998,0.05252390414768904,2.5034893333685755,0.85,True,-321.4914670575454,False,True,False,0.6624568886763788,True
DHNC0062,Dhanmondi,Residential,Res-A,597.3547737671756,0.48731446560119257,2.4022804059400995,16.921357370916528,0.3299821605950508,LT-A,541.7017373274599,515.2009255166931,0.0,26.50081181076682,0,161,448.42970726939086,79.50243543230046,10,upper-middle,156196.8953638039,5,3.134362305600136,3.134362305600136,6.080099999999999,8130.943077285174,7653.663456573265,79.50243543230046,15.01,30,1.0,541.7017373274599,515.2009255166931,6069.3226411494325,5651.6565966058415,0.0,5524.943077285174,5127.165892005563,11.204177913648657,10.969810644143964,401-600,401-600,417.66604454359094,6.881592382514891,477.27962071190905,26.500811810766777,4.892140819320832,0.0,0.0,0.9510785918067917,True,48.73877270650053,True,True,True,0.9313969118747102,True
DHNC0063,Dhanmondi,Residential,Res-B,597.3547737671756,0.33523784533369644,1.5660940153818146,18.022696333792343,0.49290146020150627,LT-A,192.55977707048777,192.55977707048777,0.0,0.0,0,0,0.0,0.0,0,middle,29241.158177920846,5,1.0765110476120967,1.0765110476120967,2.8551,1636.758105099146,1636.758105099146,0.0,8.5,30,1.0,192.55977707048777,192.55977707048777,1661.8059203541034,1661.8059203541034,0.0,1462.7581050991462,1462.7581050991462,8.630078127613269,8.630078127613269,76-200,76-200,0.0,0.0,0.0,0.0,0.0,0.0,0.0,1.0,True,0.0,False,False,False,,False
DHNC0064,Dhanmondi,Residential,Res-A,597.3547737671756,0.6914948309573203,2.780215578476369,26.291413067498453,0.3348758144912507,LT-A,436.5674191334551,371.0823062634368,0.0,65.48511287001826,0,950,1721.6961522374093,64.5322514539739,30,upper-middle,124625.29158061539,6,1.9434235199937748,1.9067714467474768,3.5396000000000005,6552.87696119316,5505.413165560211,64.5322514539739,15.01,30,1.0,436.5674191334551,371.0823062634368,4300.3171692528185,3431.898735566975,0.0,3946.8769611931607,3119.811786254262,9.850293404369342,9.248349160389823,401-600,301-400,868.4184336858434,20.19428799101187,1047.4637956329489,65.48511287001827,15.000000000000004,0.036652073246298045,1.8859539811690376,0.85,True,-788.7454670975919,False,True,False,0.5043970346087495,True
DHNC0065,Dhanmondi,Residential,Res-A,597.3547737671756,0.5212327085366473,2.3367844782002796,19.793607418636608,0.4292521320476982,LT-A,641.0435271182372,609.610879517282,0.0,31.432647600954965,0,119,622.1654867416526,94.2979428028649,10,upper-middle,138327.82890473545,5,3.6686335388922786,3.6686335388922786,6.2909,11122.105195501415,10482.450816821984,94.2979428028649,17.35,30,1.0,641.0435271182372,609.610879517282,7745.1391452764865,7172.514887606086,0.0,7112.105195501415,6566.748759624843,12.0820799487582,11.765726512764362,601-above,601-above,572.6242576704008,7.39333725230264,639.6543786794318,31.432647600955193,4.903356210811189,0.0,0.0,0.9509664378918885,True,44.756713731613104,True,True,True,0.9203729070046869,True
DHNC0066,Dhanmondi,Residential,Res-C,597.3547737671756,0.20600209382229745,3.4602325176572646,36.05098993839413,0.33363861003919887,LT-A,63.09386822946161,63.09386822946161,0.0,0.0,0,0,0.0,0.0,0,lower-middle,24999.624123708876,5,0.6378323315962104,0.6378323315962104,2.6456,389.92010565807266,389.92010565807266,0.0,6.18,30,1.0,63.09386822946161,63.09386822946161,526.0870709409764,526.0870709409764,0.0,389.92010565807277,389.92010565807277,8.33816479642186,8.33816479642186,1-75,1-75,0.0,0.0,0.0,0.0,0.0,0.0,0.0,1.0,True,0.0,False,False,False,,False
DHNC0067,Dhanmondi,Residential,Res-C,597.3547737671756,0.2740719845978558,2.6039186196870965,23.03562046025037,0.33434910525213996,LT-A,75.1916472500326,75.1916472500326,0.0,0.0,0,0,0.0,0.0,0,lower-middle,16075.723411627623,4,0.8324575360206663,0.8324575360206663,1.9245,639.1290016252772,639.1290016252772,0.0,8.5,30,1.0,75.1916472500326,75.1916472500326,573.255901706541,573.255901706541,0.0,465.1290016252771,465.1290016252771,7.623930618254841,7.623930618254841,76-200,76-200,0.0,0.0,0.0,0.0,0.0,0.0,0.0,1.0,True,0.0,False,False,False,,False
DHNC0068,Dhanmondi,Residential,Res-C,597.3547737671756,0.12065000734674704,1.921443902105509,30.758437729388486,0.35390460484766173,LT-A,23.22873740460795,23.22873740460795,0.0,0.0,0,0,0.0,0.0,0,lower-middle,16464.430652637795,5,0.09364494383941682,0.09364494383941682,0.1506,123.57688299251417,123.57688299251417,0.0,5.32,30,1.0,23.22873740460795,23.22873740460795,151.80572714214003,151.80572714214003,0.0,123.57688299251431,123.57688299251431,6.535255209868871,6.535255209868871,lifeline 0-50,lifeline 0-50,0.0,0.0,0.0,0.0,0.0,0.0,0.0,1.0,True,0.0,False,False,False,,False
DHNC0069,Dhanmondi,Residential,Res-B,597.3547737671756,0.376498305944611,1.2970345042020428,22.65407166376952,0.4261374077787824,LT-A,230.43421755477934,230.43421755477934,0.0,0.0,0,0,0.0,0.0,0,middle,37386.9339515951,5,1.1890448001695697,1.1890448001695697,3.5655,2096.951379748492,2096.951379748492,0.0,9.1,30,1.0,230.43421755477934,230.43421755477934,2050.3374987359166,2050.3374987359166,0.0,1802.951379748492,1802.951379748492,8.897712850516681,8.897712850516681,201-300,201-300,0.0,0.0,0.0,0.0,0.0,0.0,0.0,1.0,True,0.0,False,False,False,,False
DHNC0070,Dhanmondi,Residential,Res-A,597.3547737671756,0.531736900350527,2.714477174650556,19.975056525157697,0.3763576297484161,LT-A,299.6852394551699,299.6852394551699,0.0,0.0,0,0,0.0,0.0,0,upper-middle,192713.4802004682,5,1.4783867503475456,1.4783867503475456,3.9409000000000005,2727.1356790420464,2727.1356790420464,0.0,9.1,30,1.0,299.6852394551699,299.6852394551699,2728.5861529941485,2728.5861529941485,0.0,2433.135679042046,2433.135679042046,9.104839991301338,9.104839991301338,201-300,201-300,0.0,0.0,0.0,0.0,0.0,0.0,0.0,1.0,True,0.0,False,False,False,,False
DHNC0071,Dhanmondi,Residential,Res-B,597.3547737671756,0.36788192240753104,1.4029410475569473,20.784209143308615,0.2748376150271935,LT-A,136.53075810234316,136.53075810234316,0.0,0.0,0,0,0.0,0.0,0,middle,34131.21836943714,5,1.4443860398529669,1.4443860398529669,1.88,1160.5114438699175,1160.5114438699175,0.0,8.5,30,1.0,136.53075810234316,136.53075810234316,1118.7450160634125,1118.7450160634125,0.0,986.5114438699168,986.5114438699168,8.194087776358817,8.194087776358817,76-200,76-200,0.0,0.0,0.0,0.0,0.0,0.0,0.0,1.0,True,0.0,False,False,False,,False
DHNC0072,Dhanmondi,Residential,Res-B,597.3547737671756,0.3330476810833455,1.9650288905814168,14.07474209117346,0.4371846900377921,LT-A,153.79687796322426,153.79687796322426,0.0,0.0,0,0,0.0,0.0,0,middle,47198.435917628696,4,0.9944238077557326,0.9944238077557326,2.2252,1307.273462687406,1307.273462687406,0.0,8.5,30,1.0,153.79687796322426,153.79687796322426,1288.0684558217765,1288.0684558217765,0.0,1133.2734626874062,1133.2734626874062,8.375127459542956,8.375127459542956,76-200,76-200,0.0,0.0,0.0,0.0,0.0,0.0,0.0,1.0,True,0.0,False,False,False,,False
DHNC0073,Dhanmondi,Residential,Res-C,597.3547737671756,0.27669156475197243,3.104490022004411,30.341011769127714,0.3207884787519277,LT-A,73.4460231550191,73.4460231550191,0.0,0.0,0,0,0.0,0.0,0,lower-middle,16316.833378094476,3,0.6633339823234214,0.6633339823234214,1.0647,453.8964230980181,453.8964230980181,0.0,6.18,30,1.0,73.4460231550191,73.4460231550191,523.5445142529189,523.5445142529189,0.0,453.89642309801803,453.89642309801803,7.128289480669332,7.128289480669332,1-75,1-75,0.0,0.0,0.0,0.0,0.0,0.0,0.0,1.0,True,0.0,False,False,False,,False
DHNC0074,Dhanmondi,Residential,Res-C,597.3547737671756,0.25500329342308664,3.0151844437722772,31.598997511809383,0.31561763726110437,LT-A,117.37901300795615,117.37901300795615,0.0,0.0,0,0,0.0,0.0,0,lower-middle,15288.983507680383,4,0.7462881801220801,0.7462881801220801,1.8606,997.7216105676272,997.7216105676272,0.0,8.5,30,1.0,117.37901300795615,117.37901300795615,946.9601510960088,946.9601510960088,0.0,823.7216105676273,823.7216105676273,8.067542287408926,8.067542287408926,76-200,76-200,0.0,0.0,0.0,0.0,0.0,0.0,0.0,1.0,True,0.0,False,False,False,,False
DHNC0075,Dhanmondi,Residential,Res-A,597.3547737671756,0.586994457392021,1.6369474234215833,20.62796938161052,0.40556805424510706,LT-A,424.2818280677285,360.63955385756907,0.0,63.642274210159286,0,707,1312.810883783226,62.62937028771425,30,upper-middle,139977.14360622162,4,2.605297385589501,2.6046479395637085,6.2911,6368.470239296605,5350.570333114398,62.62937028771425,15.01,30,1.0,424.2818280677285,360.63955385756907,4228.031261261435,3447.757643515305,0.0,3762.4702392966046,3019.352508109814,9.965148119863645,9.560120642997918,401-600,301-400,780.2736177461302,18.45477409060914,1017.8999061822069,63.64227421015943,15.000000000000037,0.0006494460257924217,0.02492790379265941,0.85,True,-469.9078957493816,False,False,False,0.5943534041228824,True
DHNC0076,Dhanmondi,Residential,Res-C,597.3547737671756,0.1327133031948235,2.7743487325696563,23.382769687855124,0.26298602684805067,LT-A,123.63919120523688,123.63919120523688,0.0,0.0,0,0,0.0,0.0,0,lower-middle,21889.38236982401,3,1.314783036934591,1.314783036934591,2.0303999999999998,1050.9331252445136,1050.9331252445136,0.0,8.5,30,1.0,123.63919120523688,123.63919120523688,1010.3204215067392,1010.3204215067392,0.0,876.9331252445136,876.9331252445136,8.17152240853502,8.17152240853502,76-200,76-200,0.0,0.0,0.0,0.0,0.0,0.0,0.0,1.0,True,0.0,False,False,False,,False
DHNC0077,Dhanmondi,Residential,Res-B,597.3547737671756,0.3221470310977124,1.3845802906183318,24.473522486717076,0.410292560808066,LT-A,191.89553268386084,191.89553268386084,0.0,0.0,0,0,0.0,0.0,0,middle,27843.811143533094,4,0.7408720534525541,0.7408720534525541,1.695,1631.1120278128171,1631.1120278128171,0.0,8.5,30,1.0,191.89553268386084,191.89553268386084,1604.717129203458,1604.717129203458,0.0,1457.1120278128171,1457.1120278128171,8.36245172964582,8.36245172964582,76-200,76-200,0.0,0.0,0.0,0.0,0.0,0.0,0.0,1.0,True,0.0,False,False,False,,False
DHNC0078,Dhanmondi,Residential,Res-A,597.3547737671756,0.5301739904086313,2.398306763569622,25.686399216898955,0.40281165781497297,LT-A,273.0102025259504,273.0102025259504,0.0,0.0,0,0,0.0,0.0,0,upper-middle,115013.71448270917,4,1.8883483512547863,1.8883483512547863,3.8657999999999997,2484.392842986147,2484.392842986147,0.0,9.1,30,1.0,273.0102025259504,273.0102025259504,2470.394265135456,2470.394265135456,0.0,2190.3928429861485,2190.3928429861485,9.048725074296952,9.048725074296952,201-300,201-300,0.0,0.0,0.0,0.0,0.0,0.0,0.0,1.0,True,0.0,False,False,False,,False
DHNC0079,Dhanmondi,Residential,Res-A,597.3547737671756,0.7559855961338333,1.9879933891445358,13.221746105664202,0.26414028414178736,LT-A,306.173609098205,260.2475677334743,0.0,45.92604136473073,0,954,607.2224585627017,45.28826629387204,30,upper-middle,129571.53251648652,5,1.1191541082594143,1.0174966229819606,3.3612,2945.3901195247317,2458.29333530215,45.28826629387204,9.62,30,1.0,306.173609098205,260.2475677334743,2768.3885455009686,2326.194429693347,0.0,2495.390119524732,2074.252866374616,9.041891473451617,8.93839066375313,301-400,201-300,442.19411580762153,15.97297881203312,487.09678422258185,45.926041364730736,14.999999999999995,0.10165748527745366,9.083421534819578,0.8500000000000001,True,-119.74007646120816,False,True,False,0.7282242439686717,True
DHNC0080,Dhanmondi,Residential,Res-B,597.3547737671756,0.3835874861090613,1.6180952166118254,19.487705549763938,0.4181810500925293,LT-A,250.52593063203358,250.52593063203358,0.0,0.0,0,0,0.0,0.0,0,middle,46459.29470414681,4,1.2065862998479697,1.2065862998479697,2.3452,2279.7859687515065,2279.7859687515065,0.0,9.1,30,1.0,250.52593063203358,250.52593063203358,2188.498587189081,2188.498587189081,0.0,1985.7859687515056,1985.7859687515056,8.735617034403894,8.735617034403894,201-300,201-300,0.0,0.0,0.0,0.0,0.0,0.0,0.0,1.0,True,0.0,False,False,False,,False
DHNC0081,Dhanmondi,Residential,Res-B,597.3547737671756,0.35618136336895034,1.1554517184882758,23.20823638608728,0.3949818018779935,LT-A,274.73326518153254,274.73326518153254,0.0,0.0,0,0,0.0,0.0,0,middle,34772.93484212256,4,1.278246582089067,1.278246582089067,3.5853,2500.0727131519466,2500.0727131519466,0.0,9.1,30,1.0,274.73326518153254,274.73326518153254,2474.488078809544,2474.488078809544,0.0,2206.072713151946,2206.072713151946,9.006874639569048,9.006874639569048,201-300,201-300,0.0,0.0,0.0,0.0,0.0,0.0,0.0,1.0,True,0.0,False,False,False,,False
DHNC0082,Dhanmondi,Residential,Res-A,597.3547737671756,0.49120124132193704,2.6894370637299585,18.39035190504291,0.4739510273566162,LT-A,409.5268214075858,409.5268214075858,0.0,0.0,0,0,0.0,0.0,0,upper-middle,75220.55508087776,5,3.0770120255378766,3.0770120255378766,6.1361,6146.997589327863,6146.997589327863,0.0,15.01,30,1.0,409.5268214075858,409.5268214075858,3988.6494787942565,3988.6494787942565,0.0,3540.9975893278634,3540.9975893278634,9.739653840217004,9.739653840217004,401-600,401-600,0.0,0.0,0.0,0.0,0.0,0.0,0.0,1.0,True,0.0,False,False,False,,False
DHNC0083,Dhanmondi,Residential,Res-B,597.3547737671756,0.26951104732940345,1.523825895347486,23.304458443309,0.45191451505381003,LT-A,146.50897687551065,146.50897687551065,0.0,0.0,0,0,0.0,0.0,0,middle,49012.57213054981,5,0.6314812020861154,0.6314812020861154,1.1500000000000001,1245.3263034418405,1245.3263034418405,0.0,8.5,30,1.0,146.50897687551065,146.50897687551065,1175.6076186139326,1175.6076186139326,0.0,1071.3263034418405,1071.3263034418405,8.024133699417284,8.024133699417284,76-200,76-200,0.0,0.0,0.0,0.0,0.0,0.0,0.0,1.0,True,0.0,False,False,False,,False
DHNC0084,Dhanmondi,Residential,Res-A,597.3547737671756,0.7331690598187465,2.4488969421029436,16.322234016387533,0.431860687729734,LT-A,352.78281064135996,299.8653890451561,0.0,52.91742159620402,0,549,863.7305388370814,51.97691593521466,30,upper-middle,95335.18356135538,6,1.6981349128710093,1.6981349128710093,3.7508,3393.7706383698833,2832.728126679187,51.97691593521466,9.62,30,1.0,352.78281064135996,299.8653890451561,3256.3694502883773,2721.924072326467,0.0,2943.770638369883,2434.7750403109208,9.230521873694158,9.077153188614835,301-400,201-300,534.4453779619103,16.412307820741315,561.0425116906963,52.91742159620384,14.999999999999956,0.0,0.0,0.8499999999999999,True,-277.30824493995647,False,True,False,0.6187640171684591,True
DHNC0085,Dhanmondi,Residential,Res-A,597.3547737671756,0.6736100926775647,1.9868070264811128,19.33159891978047,0.36727078265988844,LT-A,310.9052122174596,264.26943038484063,0.0,46.63578183261894,0,631,901.5442296985739,45.63335483195715,30,upper-middle,180325.8797727904,4,1.6229157285343612,1.5838124224749446,3.6357999999999997,2990.9081415319615,2496.63856547021,45.63335483195715,9.62,30,1.0,310.9052122174596,264.26943038484063,2828.2923286085593,2376.733187327152,0.0,2540.9081415319615,2110.8518165020496,9.096960158488233,8.993598631010972,301-400,201-300,451.5591412814074,15.96578743695712,494.26957606175165,46.63578183261899,15.000000000000014,0.03910330605941659,2.409447722509313,0.85,True,-404.35173358520933,False,True,False,0.5008729759519215,True
DHNC0086,Dhanmondi,Residential,Res-A,597.3547737671756,0.6230555433772546,1.5570026983407022,20.061566683706182,0.4581621263660644,LT-A,539.8436450995874,458.86709833464937,0.0,80.97654676493813,0,550,1624.5163927410583,79.05968213870739,30,upper-middle,164119.03066891507,6,2.5636619043549516,2.5124574529696764,4.835,8103.053112944807,6808.535463864378,79.05968213870739,15.01,30,1.0,539.8436450995874,458.86709833464937,5985.129268592047,4708.898403303241,0.0,5497.053112944807,4281.595146003087,11.086782854483621,10.262009240568968,401-600,401-600,1276.230865288806,21.323363423176804,1294.5176490804297,80.97654676493806,14.999999999999991,0.051204451385275185,1.997316857511242,0.85,True,-269.22584531354505,False,True,False,0.7856066402231943,True
DHNC0087,Dhanmondi,Residential,Res-B,597.3547737671756,0.21161235627272412,1.361524328097211,21.092606679225057,0.3002456237068272,LT-A,88.55859844515962,88.55859844515962,0.0,0.0,0,0,0.0,0.0,0,middle,50487.08734509231,5,0.8637849199766358,0.8637849199766358,1.9245,752.7480867838568,752.7480867838568,0.0,8.5,30,1.0,88.55859844515962,88.55859844515962,692.5559411230495,692.5559411230495,0.0,578.7480867838567,578.7480867838567,7.820312801719852,7.820312801719852,76-200,76-200,0.0,0.0,0.0,0.0,0.0,0.0,0.0,1.0,True,0.0,False,False,False,,False
DHNC0088,Dhanmondi,Residential,Res-B,597.3547737671756,0.23587258841013198,1.253406232104537,21.221598608521774,0.36573677895293133,LT-A,139.24796596601095,139.24796596601095,0.0,0.0,0,0,0.0,0.0,0,middle,55421.88139955043,5,0.6174283178350306,0.6174283178350306,1.4091,1183.607710711093,1183.607710711093,0.0,8.5,30,1.0,139.24796596601095,139.24796596601095,1122.2294062466478,1122.2294062466478,0.0,1009.6077107110931,1009.6077107110931,8.059215791493665,8.059215791493665,76-200,76-200,0.0,0.0,0.0,0.0,0.0,0.0,0.0,1.0,True,0.0,False,False,False,,False
DHNC0089,Dhanmondi,Residential,Res-A,597.3547737671756,0.6794311585276996,1.7485755286136215,19.495009730592262,0.38001036812254624,LT-A,276.61450220386786,263.0073704417156,0.0,13.607131762152273,0,200,265.27116610860963,40.82139528645682,10,upper-middle,129932.3732876731,6,1.85709812678959,1.85709812678959,3.6508,2517.191970055197,2352.545675733155,40.82139528645682,9.1,30,1.0,276.61450220386786,263.0073704417156,2495.3518485579575,2365.3357045705925,0.0,2223.1919700551975,2099.367071019612,9.021044915131949,8.993419844463137,201-300,201-300,130.016143987365,5.210333126468727,164.6462943220422,13.607131762152278,4.919167886622111,0.0,0.0,0.9508083211337789,True,-94.43362683478779,False,True,False,0.4901254286119158,True
DHNC0090,Dhanmondi,Residential,Res-B,597.3547737671756,0.1882727188565905,1.7819618005134863,22.694593129798683,0.4157784281662945,LT-A,229.82260820529396,229.82260820529396,0.0,0.0,0,0,0.0,0.0,0,middle,37951.39612120647,5,0.9576792143850454,0.9576792143850454,2.1752000000000002,2091.3857346681752,2091.3857346681752,0.0,9.1,30,1.0,229.82260820529396,229.82260820529396,1983.181341401584,1983.181341401584,0.0,1797.385734668175,1797.385734668175,8.629182989821718,8.629182989821718,201-300,201-300,0.0,0.0,0.0,0.0,0.0,0.0,0.0,1.0,True,0.0,False,False,False,,False
DHNC0091,Dhanmondi,Residential,Res-B,597.3547737671756,0.36537588881509103,0.9266405327948963,15.342522876656076,0.3522625580780329,LT-A,258.93270217081755,258.93270217081755,0.0,0.0,0,0,0.0,0.0,0,middle,28375.88590199275,5,1.1266393845116296,1.1266393845116296,3.5502,2356.287589754439,2356.287589754439,0.0,9.1,30,1.0,258.93270217081755,258.93270217081755,2321.9657892421615,2321.9657892421615,0.0,2062.2875897544395,2062.2875897544395,8.967448954015719,8.967448954015719,201-300,201-300,0.0,0.0,0.0,0.0,0.0,0.0,0.0,1.0,True,0.0,False,False,False,,False
DHNC0092,Dhanmondi,Residential,Res-C,597.3547737671756,0.2797513479855124,3.0538910185974264,29.417064223411064,0.2089996357266461,LT-A,98.60577813484387,98.60577813484387,0.0,0.0,0,0,0.0,0.0,0,lower-middle,22567.968364117936,5,1.175593797826386,1.175593797826386,2.2005000000000003,838.149114146173,838.149114146173,0.0,8.5,30,1.0,98.60577813484387,98.60577813484387,794.3986198534816,794.3986198534816,0.0,664.1491141461729,664.1491141461729,8.056309020422086,8.056309020422086,76-200,76-200,0.0,0.0,0.0,0.0,0.0,0.0,0.0,1.0,True,0.0,False,False,False,,False
DHNC0093,Dhanmondi,Residential,Res-A,597.3547737671756,0.559079773870333,1.4391584748501116,19.926639767636438,0.4510629377070036,LT-A,171.4582587207953,171.4582587207953,0.0,0.0,0,0,0.0,0.0,0,upper-middle,154112.80220261024,4,1.0168275362828154,1.0168275362828154,3.5111,1457.3951991267604,1457.3951991267604,0.0,8.5,30,1.0,171.4582587207953,171.4582587207953,1502.404469083098,1502.404469083098,0.0,1283.39519912676,1283.39519912676,8.762508614587249,8.762508614587249,76-200,76-200,0.0,0.0,0.0,0.0,0.0,0.0,0.0,1.0,True,0.0,False,False,False,,False
DHNC0094,Dhanmondi,Residential,Res-B,597.3547737671756,0.3218232321193188,0.7652534770998968,16.9947477693154,0.37235028111843205,LT-A,161.62611818797333,161.62611818797333,0.0,0.0,0,0,0.0,0.0,0,middle,27333.352298509282,4,0.9657980823887327,0.9657980823887327,2.4001,1373.8220045977732,1373.8220045977732,0.0,8.5,30,1.0,161.62611818797333,161.62611818797333,1365.657514827662,1365.657514827662,0.0,1199.8220045977732,1199.8220045977732,8.449485331568653,8.449485331568653,76-200,76-200,0.0,0.0,0.0,0.0,0.0,0.0,0.0,1.0,True,0.0,False,False,False,,False
DHNC0095,Dhanmondi,Residential,Res-A,597.3547737671756,0.6200072548994119,1.823127168363572,19.549965101920588,0.39891607412699753,LT-A,325.6271144175251,309.59929389786777,0.0,16.027820519657407,0,187,313.34333181914906,48.08346155897223,10,upper-middle,181525.43008280644,6,1.541534604039834,1.541534604039834,4.4207,3132.5328406965914,2930.2617457385154,48.08346155897223,9.62,30,1.0,325.6271144175251,309.59929389786777,3011.612352731421,2849.715337662362,0.0,2682.5328406965914,2528.345207297488,9.248653503927429,9.204527897284033,301-400,301-400,161.8970150690593,5.37575876663624,202.271094958076,16.027820519657325,4.922139407317954,0.0,0.0,0.9507786059268202,True,-103.36285519111752,False,True,False,0.5166761141178542,True
DHNC0096,Dhanmondi,Residential,Res-B,597.3547737671756,0.3602043962834787,1.3467678119957975,21.20941154353606,0.4481222050650018,LT-A,143.68775835431532,143.68775835431532,0.0,0.0,0,0,0.0,0.0,0,middle,58503.74792024447,4,0.7859930622080519,0.7859930622080519,1.9500000000000002,1221.3459460116796,1221.3459460116796,0.0,8.5,30,1.0,143.68775835431532,143.68775835431532,1185.7082433122641,1185.7082433122641,0.0,1047.34594601168,1047.34594601168,8.25197815661138,8.25197815661138,76-200,76-200,0.0,0.0,0.0,0.0,0.0,0.0,0.0,1.0,True,0.0,False,False,False,,False
DHNC0097,Dhanmondi,Residential,Res-A,597.3547737671756,0.4878372937826064,2.7119790640448502,19.071561812167655,0.4709007288421273,LT-A,388.7135700900934,388.7135700900934,0.0,0.0,0,0,0.0,0.0,0,upper-middle,71772.06258148629,6,1.8877619490143358,1.8877619490143358,4.625699999999999,3739.424544266699,3739.424544266699,0.0,9.62,30,1.0,388.7135700900934,388.7135700900934,3657.8891414800337,3657.8891414800337,0.0,3289.424544266699,3289.424544266699,9.41024297307715,9.41024297307715,301-400,301-400,0.0,0.0,0.0,0.0,0.0,0.0,0.0,1.0,True,0.0,False,False,False,,False
DHNC0098,Dhanmondi,Residential,Res-A,597.3547737671756,0.6171879925586085,1.86908245954529,19.522170341322564,0.3240799482193965,LT-A,375.3941728735684,356.9853766061038,0.0,18.408796267464464,0,245,359.3796565121443,55.226388802393394,10,upper-middle,156153.7893329358,4,1.6515744590922738,1.6515744590922738,4.3896999999999995,3611.2919430437273,3378.972934148326,55.226388802393394,9.62,30,1.0,375.3941728735684,356.9853766061038,3512.942310195914,3326.9950590982544,0.0,3161.2919430437278,2984.1993229507184,9.358009697660018,9.319695643357536,301-400,301-400,185.94725109765977,5.2932053725439525,232.3190088954011,18.408796267464595,4.903857757447029,0.0,0.0,0.9509614224255301,True,-118.20601661209116,False,True,False,0.5174117336031684,True
DHNC0099,Dhanmondi,Residential,Res-A,597.3547737671756,0.6470900631171688,2.0195213745570406,17.363084943226003,0.30305133565418113,LT-A,377.74136314827007,321.08015867602955,0.0,56.6612044722405,0,865,983.8133062370091,55.72496348019318,30,upper-middle,79930.86904805066,6,2.0760980991822704,2.0374578903772496,4.2951999999999995,3633.8719134863577,3033.0661629832107,55.72496348019318,9.62,30,1.0,377.74136314827007,321.08015867602955,3532.483829160676,2960.149002786575,0.0,3183.871913486358,2638.7911264634045,9.351593904674175,9.219345770204912,301-400,301-400,572.3348263741013,16.202050852985476,600.805750503147,56.66120447224051,15.000000000000002,0.03864020880502084,1.861193785603887,0.8500000000000001,True,-355.75351638271457,False,True,False,0.5817514590885406,True
DHNC0100,Dhanmondi,Residential,Res-B,597.3547737671756,0.35988056870341334,1.7517758842397146,23.870853211884896,0.38021399345249357,LT-A,312.6194029235564,312.6194029235564,0.0,0.0,0,0,0.0,0.0,0,middle,55701.915655791425,4,1.3826132404676084,1.3826132404676084,3.2853000000000003,3007.398656124612,3007.398656124612,0.0,9.62,30,1.0,312.6194029235564,312.6194029235564,2830.150318930843,2830.150318930843,0.0,2557.3986561246124,2557.3986561246124,9.053021957254805,9.053021957254805,301-400,301-400,0.0,0.0,0.0,0.0,0.0,0.0,0.0,1.0,True,0.0,False,False,False,,False
DHNC0101,Dhanmondi,Residential,Res-B,597.3547737671756,0.2838378233362614,1.8446021907381414,20.21462780848373,0.3775159030050212,LT-A,125.84105324269851,125.84105324269851,0.0,0.0,0,0,0.0,0.0,0,middle,58343.4708719024,4,0.6799512318739235,0.6799512318739235,2.1500000000000004,1069.6489525629372,1069.6489525629372,0.0,8.5,30,1.0,125.84105324269851,125.84105324269851,1035.2464001910844,1035.2464001910844,0.0,895.6489525629373,895.6489525629373,8.226619004805183,8.226619004805183,76-200,76-200,0.0,0.0,0.0,0.0,0.0,0.0,0.0,1.0,True,0.0,False,False,False,,False
DHNC0102,Dhanmondi,Residential,Res-B,597.3547737671756,0.43763179735255564,1.3596382252684036,17.351705164294355,0.39938801021533243,LT-A,227.9174838633324,227.9174838633324,0.0,0.0,0,0,0.0,0.0,0,middle,28329.887947583044,5,1.0130939955126856,1.0130939955126856,2.7853000000000003,2074.0491031563242,2074.0491031563242,0.0,9.1,30,1.0,227.9174838633324,227.9174838633324,1991.883288314141,1991.883288314141,0.0,1780.0491031563247,1780.0491031563247,8.739493147039772,8.739493147039772,201-300,201-300,0.0,0.0,0.0,0.0,0.0,0.0,0.0,1.0,True,0.0,False,False,False,,False
DHNC0103,Dhanmondi,Residential,Res-B,597.3547737671756,0.34399121704786173,1.7158226186616217,19.892222407599437,0.4033162206172016,LT-A,182.7025392819645,182.7025392819645,0.0,0.0,0,0,0.0,0.0,0,middle,57259.13851682858,5,0.8367026554190634,0.8367026554190634,1.7103,1552.9715838966986,1552.9715838966986,0.0,8.5,30,1.0,182.7025392819645,182.7025392819645,1523.3443930915332,1523.3443930915332,0.0,1378.9715838966983,1378.9715838966983,8.337839195220809,8.337839195220809,76-200,76-200,0.0,0.0,0.0,0.0,0.0,0.0,0.0,1.0,True,0.0,False,False,False,,False
DHNC0104,Dhanmondi,Residential,Res-A,597.3547737671756,0.5021083113826268,1.8103028159051269,14.292280005757455,0.3478539691340587,LT-A,319.6251644563124,319.6251644563124,0.0,0.0,0,0,0.0,0.0,0,upper-middle,96400.63855611792,5,1.430351739471404,1.430351739471404,4.4597999999999995,3074.794082069724,3074.794082069724,0.0,9.62,30,1.0,319.6251644563124,319.6251644563124,2952.7109661732115,2952.7109661732115,0.0,2624.7940820697254,2624.7940820697254,9.238042853089558,9.238042853089558,301-400,301-400,0.0,0.0,0.0,0.0,0.0,0.0,0.0,1.0,True,0.0,False,False,False,,False
DHNC0105,Dhanmondi,Residential,Res-B,597.3547737671756,0.3304087616294176,1.5670779724363568,22.347756279299084,0.3772570758877692,LT-A,187.5986226071353,187.5986226071353,0.0,0.0,0,0,0.0,0.0,0,middle,35841.58937921624,5,1.1254614668133551,1.1254614668133551,1.3551,1594.5882921606499,1594.5882921606499,0.0,8.5,30,1.0,187.5986226071353,187.5986226071353,1551.3776167686824,1551.3776167686824,0.0,1420.5882921606499,1420.5882921606499,8.269664218257837,8.269664218257837,76-200,76-200,0.0,0.0,0.0,0.0,0.0,0.0,0.0,1.0,True,0.0,False,False,False,,False
DHNC0106,Dhanmondi,Residential,Res-C,597.3547737671756,0.15393130858359566,4.0329806284459035,30.330459799894996,0.29074990478531276,LT-A,113.68956414820126,113.68956414820126,0.0,0.0,0,0,0.0,0.0,0,lower-middle,12879.522623318326,4,0.6812977102039717,0.6812977102039717,2.0794,966.3612952597106,966.3612952597106,0.0,8.5,30,1.0,113.68956414820126,113.68956414820126,923.6809000226962,923.6809000226962,0.0,792.3612952597107,792.3612952597107,8.12458827635773,8.12458827635773,76-200,76-200,0.0,0.0,0.0,0.0,0.0,0.0,0.0,1.0,True,0.0,False,False,False,,False
DHNC0107,Dhanmondi,Residential,Res-A,597.3547737671756,0.557484310602678,1.6381212734416744,21.377176898680318,0.3393327594558448,LT-A,449.009329793266,427.0164083457009,0.0,21.99292144756498,0,177,470.14657230337707,65.97876434269494,10,upper-middle,64271.16672555324,5,2.8753624723808864,2.8753624723808864,6.124899999999999,6739.630040196923,6343.537524926274,65.97876434269494,15.01,30,1.0,449.009329793266,427.0164083457009,4610.419632206767,4263.800193732419,0.0,4133.630040196922,3803.5162892689705,10.267981813049428,9.985096849675532,401-600,401-600,346.6194384743485,7.518175483485,396.0925152706486,21.992921447565095,4.898098989990059,0.0,0.0,0.9510190101000997,True,-57.54836948633363,False,True,False,0.7372582485844037,True
DHNC0108,Dhanmondi,Residential,Res-C,597.3547737671756,0.19741231039466128,3.99773353758389,29.614292231630586,0.3510915771272179,LT-A,69.55073368864824,69.55073368864824,0.0,0.0,0,0,0.0,0.0,0,lower-middle,23602.939218343476,4,0.6783694919701949,0.6783694919701949,1.6555,429.823534195846,429.823534195846,0.0,6.18,30,1.0,69.55073368864824,69.55073368864824,524.3222609056384,524.3222609056384,0.0,429.8235341958461,429.8235341958461,7.538702082609603,7.538702082609603,1-75,1-75,0.0,0.0,0.0,0.0,0.0,0.0,0.0,1.0,True,0.0,False,False,False,,False
DHNC0109,Dhanmondi,Residential,Res-A,597.3547737671756,0.6129149615948626,2.5315376903989684,24.58211003653971,0.3437703767417473,LT-A,320.82976655817487,320.82976655817487,0.0,0.0,0,0,0.0,0.0,0,upper-middle,78043.99174262353,4,1.4504629464167051,1.4504629464167051,4.3096,3086.382354289641,3086.382354289641,0.0,9.62,30,1.0,320.82976655817487,320.82976655817487,2958.254832004124,2958.254832004124,0.0,2636.382354289642,2636.382354289642,9.220637049173911,9.220637049173911,301-400,301-400,0.0,0.0,0.0,0.0,0.0,0.0,0.0,1.0,True,0.0,False,False,False,,False
DHNC0110,Dhanmondi,Residential,Res-B,597.3547737671756,0.2571048194034073,1.2349953177464772,20.63678170823202,0.34458614989381275,LT-A,212.33231444808825,212.33231444808825,0.0,0.0,0,0,0.0,0.0,0,middle,52961.88037280864,5,1.1822873022027829,1.1822873022027829,3.27,1932.224061477603,1932.224061477603,0.0,9.1,30,1.0,212.33231444808825,212.33231444808825,1864.3422645514831,1864.3422645514831,0.0,1638.224061477603,1638.224061477603,8.780303974915151,8.780303974915151,201-300,201-300,0.0,0.0,0.0,0.0,0.0,0.0,0.0,1.0,True,0.0,False,False,False,,False
DHNC0111,Dhanmondi,Residential,Res-B,597.3547737671756,0.430488709856657,1.5158841865796902,22.19913960444847,0.4524799655460593,LT-A,172.34652583608207,172.34652583608207,0.0,0.0,0,0,0.0,0.0,0,middle,51205.31236870124,4,0.9404599829223522,0.9404599829223522,2.6851,1464.9454696066975,1464.9454696066975,0.0,8.5,30,1.0,172.34652583608207,172.34652583608207,1473.9056530870325,1473.9056530870325,0.0,1290.9454696066975,1290.9454696066975,8.551989347837837,8.551989347837837,76-200,76-200,0.0,0.0,0.0,0.0,0.0,0.0,0.0,1.0,True,0.0,False,False,False,,False
DHNC0112,Dhanmondi,Residential,Res-B,597.3547737671756,0.16698648147232786,1.3511995224705382,23.00698741016478,0.4748293862600975,LT-A,174.34417141018622,174.34417141018622,0.0,0.0,0,0,0.0,0.0,0,middle,26349.872728267077,4,1.1537196491849602,1.1537196491849602,3.5002,1481.9254569865832,1481.9254569865832,0.0,8.5,30,1.0,174.34417141018622,174.34417141018622,1527.680549835912,1527.680549835912,0.0,1307.925456986583,1307.925456986583,8.762441195935821,8.762441195935821,76-200,76-200,0.0,0.0,0.0,0.0,0.0,0.0,0.0,1.0,True,0.0,False,False,False,,False
DHNC0113,Dhanmondi,Residential,Res-A,597.3547737671756,0.6447319702863745,2.603107947370416,21.208381228990326,0.4323949456730005,LT-A,491.31541311088574,417.6181011442528,0.0,73.69731196663287,0,633,1563.0006877401813,72.17847073814978,30,upper-middle,99300.82040415319,5,3.0068384590450066,2.934451343839177,6.130199999999999,7374.644350794397,6196.2692274370875,72.17847073814978,15.01,30,1.0,491.31541311088574,417.6181011442528,5277.418388334115,4115.911903083997,0.0,4768.644350794395,3662.447698175235,10.741406126298436,9.855683677998158,401-600,401-600,1161.5064852501182,22.008989998171486,1178.3751233573093,73.69731196663292,15.000000000000012,0.07238711520582974,2.4074161679048234,0.85,True,-329.3157317519133,False,True,False,0.7431260231429894,True
DHNC0114,Dhanmondi,Residential,Res-B,597.3547737671756,0.29956352265588493,1.522699838024442,21.4037922857379,0.4169815294527727,LT-A,154.7281126268614,154.7281126268614,0.0,0.0,0,0,0.0,0.0,0,middle,57235.23012462056,5,0.696458307991284,0.696458307991284,2.1653000000000002,1315.1889573283215,1315.1889573283215,0.0,8.5,30,1.0,154.7281126268614,154.7281126268614,1293.7381351947379,1293.7381351947379,0.0,1141.1889573283217,1141.1889573283217,8.361364416786275,8.361364416786275,76-200,76-200,0.0,0.0,0.0,0.0,0.0,0.0,0.0,1.0,True,0.0,False,False,False,,False
DHNC0115,Dhanmondi,Residential,Res-C,597.3547737671756,0.22901995291017696,2.637214272916025,27.487891435327487,0.2993469436230885,LT-A,276.27879879111384,276.27879879111384,0.0,0.0,0,0,0.0,0.0,0,lower-middle,21228.989157116936,4,0.9819170001913283,0.9819170001913283,2.9053999999999998,2514.1370689991363,2514.1370689991363,0.0,9.1,30,1.0,276.27879879111384,276.27879879111384,2459.2720624490926,2459.2720624490926,0.0,2220.137068999136,2220.137068999136,8.901414343807376,8.901414343807376,201-300,201-300,0.0,0.0,0.0,0.0,0.0,0.0,0.0,1.0,True,0.0,False,False,False,,False
DHNC0116,Dhanmondi,Residential,Res-C,597.3547737671756,0.24010005367935383,2.433398541464079,30.5398638846975,0.2449282520739063,LT-A,194.0721989559309,194.0721989559309,0.0,0.0,0,0,0.0,0.0,0,lower-middle,11795.02671914664,4,0.699770504499517,0.699770504499517,1.1857,1649.6136911254132,1649.6136911254132,0.0,8.5,30,1.0,194.0721989559309,194.0721989559309,1601.6837456816831,1601.6837456816831,0.0,1475.6136911254125,1475.6136911254125,8.253030337670296,8.253030337670296,76-200,76-200,0.0,0.0,0.0,0.0,0.0,0.0,0.0,1.0,True,0.0,False,False,False,,False
DHNC0117,Dhanmondi,Residential,Res-A,597.3547737671756,0.452317747486829,1.8548671686669864,20.487121623211667,0.421523848380875,LT-A,467.1984284849003,467.1984284849003,0.0,0.0,0,0,0.0,0.0,0,upper-middle,77981.71386030191,4,2.638256655005639,2.638256655005639,5.395600000000001,7012.648411558354,7012.648411558354,0.0,15.01,30,1.0,467.1984284849003,467.1984284849003,4864.926792136272,4864.926792136272,0.0,4406.6484115583535,4406.6484115583535,10.412977646164116,10.412977646164116,401-600,401-600,0.0,0.0,0.0,0.0,0.0,0.0,0.0,1.0,True,0.0,False,False,False,,False
DHNC0118,Dhanmondi,Residential,Res-A,597.3547737671756,0.4161240097152156,2.9075472504567674,18.416406136013766,0.3864285210042961,LT-A,341.36000661012395,341.36000661012395,0.0,0.0,0,0,0.0,0.0,0,upper-middle,79320.61611333897,6,2.1252071206320147,2.1252071206320147,4.0762,3283.883263589392,3283.883263589392,0.0,9.62,30,1.0,341.36000661012395,341.36000661012395,3155.337846768862,3155.337846768862,0.0,2833.8832635893923,2833.8832635893923,9.243431525863118,9.243431525863118,301-400,301-400,0.0,0.0,0.0,0.0,0.0,0.0,0.0,1.0,True,0.0,False,False,False,,False
DHNC0119,Dhanmondi,Residential,Res-A,597.3547737671756,0.5929811574274501,1.702838077506243,21.287890860045955,0.4668097643736977,LT-A,402.81525057410425,372.1154947293072,0.0,30.69975584479701,0,296,653.5330518540968,0.0,15,upper-middle,172149.11517222284,4,2.6918850538047177,2.6918850538047177,4.631200000000001,6046.256911117304,5585.4535758869015,0.0,15.01,30,1.0,402.81525057410425,372.1154947293072,3816.50567667317,3490.4745322607323,0.0,3440.2569111173048,3129.751059295935,9.474580893433833,9.380083822631072,401-600,301-400,326.0311444124377,8.542661063107275,460.8033352304028,30.69975584479704,7.621299293172945,0.0,0.0,0.9237870070682705,True,-327.5019074416591,False,False,False,0.49887476002548853,True
DHNC0120,Dhanmondi,Residential,Res-A,597.3547737671756,0.6693120389377587,2.4156871392877686,19.214057546425,0.4070760016499477,LT-A,208.23913787743916,197.8933972114503,0.0,10.345740665988915,0,247,198.78365651670026,31.037221997966743,10,upper-middle,86962.46928898283,5,0.8757192936260122,0.8757192936260122,2.4095999999999997,1894.9761546846964,1769.7926926262305,31.037221997966743,9.1,30,1.0,208.23913787743916,197.8933972114503,1787.288322418931,1689.7619301121936,0.0,1600.9761546846964,1508.0938762973274,8.58286458845625,8.538748406581108,201-300,76-200,97.52639230673753,5.45666813145987,125.18346205846592,10.34574066598887,4.968201833450703,0.0,0.0,0.9503179816654928,True,-70.22004221199597,False,True,False,0.49061574787233136,True
DHNC0121,Dhanmondi,Residential,Res-B,597.3547737671756,0.3958161204649836,1.848921678733609,16.51732695526949,0.43794952641429774,LT-A,201.26326844563383,201.26326844563383,0.0,0.0,0,0,0.0,0.0,0,middle,55536.216113784445,5,0.980790266136546,0.980790266136546,3.0803000000000003,1831.4957428552675,1831.4957428552675,0.0,9.1,30,1.0,201.26326844563383,201.26326844563383,1750.211759998031,1750.211759998031,0.0,1537.4957428552677,1537.4957428552677,8.696131060153217,8.696131060153217,201-300,201-300,0.0,0.0,0.0,0.0,0.0,0.0,0.0,1.0,True,0.0,False,False,False,,False
DHNC0122,Dhanmondi,Residential,Res-A,597.3547737671756,0.6239782536225481,2.203838436259529,17.04372823726525,0.36643698001391417,LT-A,774.3666950791597,658.2116908172857,0.0,116.15500426187397,0,644,1979.714326037767,113.26195762421757,30,upper-middle,70682.44995396018,6,4.309447436951095,4.309447436951095,5.244599999999999,13435.262159623426,11306.710878055692,113.26195762421757,17.35,30,1.0,774.3666950791597,658.2116908172857,10127.812127604593,8011.758337463901,0.0,9425.262159623422,7409.972835679906,13.078832279285043,12.172008563864754,601-above,601-above,2116.0537901406924,20.89349371295236,2128.551281567734,116.15500426187407,15.000000000000014,0.0,0.0,0.85,True,249.60142172714313,True,True,True,1.0688682514995977,True
DHNC0123,Dhanmondi,Residential,Res-B,597.3547737671756,0.22875012203564316,1.8549766699505468,20.51698252864201,0.3655789187545959,LT-A,161.09481302468106,161.09481302468106,0.0,0.0,0,0,0.0,0.0,0,middle,30132.385914562532,5,1.4084606705359426,1.4084606705359426,3.3604,1369.3059107097886,1369.3059107097886,0.0,8.5,30,1.0,161.09481302468106,161.09481302468106,1403.2648462452785,1403.2648462452785,0.0,1195.305910709789,1195.305910709789,8.710800924610073,8.710800924610073,76-200,76-200,0.0,0.0,0.0,0.0,0.0,0.0,0.0,1.0,True,0.0,False,False,False,,False
DHNC0124,Dhanmondi,Residential,Res-A,597.3547737671756,0.5702043216646395,2.2111492521452227,20.587233383993745,0.466278451071593,LT-A,541.5601708204397,514.9142814241166,0.0,26.64588939632311,0,147,548.5651437261881,79.93766818896934,10,upper-middle,116793.82222525164,5,3.1673615288603747,3.1673615288603747,6.1598999999999995,8128.818164014798,7648.925695987019,79.93766818896934,15.01,30,1.0,541.5601708204397,514.9142814241166,6070.610662215539,5650.658122384789,0.0,5522.8181640148,5122.86336417599,11.209485093814845,10.973978244993642,401-600,401-600,419.95253983075054,6.917797289234886,479.8924680277787,26.645889396323128,4.920208470271325,0.0,0.0,0.9507979152972867,True,-48.67493570646826,False,True,False,0.765547254749322,True
DHNC0125,Dhanmondi,Residential,Res-B,597.3547737671756,0.41405614001254704,1.436540351688341,18.80449150062013,0.39199597299222144,LT-A,151.38680043394024,151.38680043394024,0.0,0.0,0,0,0.0,0.0,0,middle,56069.69557721629,4,0.8681061253983784,0.8681061253983784,2.9351,1286.7878036884922,1286.7878036884922,0.0,8.5,30,1.0,151.38680043394024,151.38680043394024,1297.8651038729167,1297.8651038729167,0.0,1112.787803688492,1112.787803688492,8.57317216661342,8.57317216661342,76-200,76-200,0.0,0.0,0.0,0.0,0.0,0.0,0.0,1.0,True,0.0,False,False,False,,False
DHNC0126,Dhanmondi,Residential,Res-B,597.3547737671756,0.41140734744983,1.4338049915316722,18.509266069495663,0.47950604528756563,LT-A,145.76305529479862,145.76305529479862,0.0,0.0,0,0,0.0,0.0,0,middle,44014.58397167955,5,1.4788227158229676,1.4788227158229676,3.2744999999999997,1238.9859700057882,1238.9859700057882,0.0,8.5,30,1.0,145.76305529479862,145.76305529479862,1262.6407185060775,1262.6407185060775,0.0,1064.9859700057882,1064.9859700057882,8.662282194568773,8.662282194568773,76-200,76-200,0.0,0.0,0.0,0.0,0.0,0.0,0.0,1.0,True,0.0,False,False,False,,False
DHNC0127,Dhanmondi,Residential,Res-A,597.3547737671756,0.645659020407348,1.1850026127045972,14.818037789135468,0.4343907672402399,LT-A,421.67282805492425,358.4219038466856,0.0,63.25092420823865,0,441,937.2545851154235,61.807059098266016,30,upper-middle,193475.89984484648,6,2.358010065497659,2.358010065497659,4.4948999999999995,6329.309149104414,5318.105717640486,61.807059098266016,15.01,30,1.0,421.67282805492425,358.4219038466856,4107.699696559634,3346.1447407553715,0.0,3723.309149104413,2998.0187150051156,9.74143796627226,9.335770790913157,401-600,301-400,761.5549558042621,18.53969403951549,1011.2034314639286,63.250924208238644,15.000000000000002,0.0,0.0,0.85,True,-113.89257021289541,False,True,False,0.8125379890357923,True
DHNC0128,Dhanmondi,Residential,Res-C,597.3547737671756,0.16227986621095042,3.2347334831624597,31.475182094804932,0.32831804290700506,LT-A,40.70580839446334,40.70580839446334,0.0,0.0,0,0,0.0,0.0,0,lower-middle,12683.130690239224,4,0.5372044126176874,0.5372044126176874,1.1804,216.55490065854485,216.55490065854485,0.0,5.32,30,1.0,40.70580839446334,40.70580839446334,279.43828569147223,279.43828569147223,0.0,216.55490065854497,216.55490065854497,6.864825849508996,6.864825849508996,lifeline 0-50,lifeline 0-50,0.0,0.0,0.0,0.0,0.0,0.0,0.0,1.0,True,0.0,False,False,False,,False
DHNC0129,Dhanmondi,Residential,Res-A,597.3547737671756,0.35121625022901065,2.0187778236759084,22.052901256339783,0.3794330004399687,LT-A,368.01852512194097,368.01852512194097,0.0,0.0,0,0,0.0,0.0,0,upper-middle,127110.07724594354,5,1.360999615608951,1.360999615608951,3.9957000000000003,3540.3382116730722,3540.3382116730722,0.0,9.62,30,1.0,368.01852512194097,368.01852512194097,3421.065492256725,3421.065492256725,0.0,3090.338211673072,3090.338211673072,9.295905664322667,9.295905664322667,301-400,301-400,0.0,0.0,0.0,0.0,0.0,0.0,0.0,1.0,True,0.0,False,False,False,,False
DHNC0130,Dhanmondi,Residential,Res-A,597.3547737671756,0.6051349260522151,1.1927483365818308,18.68758025735684,0.39615446959569034,LT-A,291.6511099615775,291.6511099615775,0.0,0.0,0,0,0.0,0.0,0,upper-middle,117043.0415260297,5,1.2133883557043317,1.2133883557043317,3.6712000000000002,2654.0251006503554,2654.0251006503554,0.0,9.1,30,1.0,291.6511099615775,291.6511099615775,2639.926275682873,2639.926275682873,0.0,2360.0251006503554,2360.0251006503554,9.05165859314117,9.05165859314117,201-300,201-300,0.0,0.0,0.0,0.0,0.0,0.0,0.0,1.0,True,0.0,False,False,False,,False
DHNC0131,Dhanmondi,Residential,Res-C,597.3547737671756,0.24408045691363653,3.061510023470542,30.789086251012765,0.2564978801446237,LT-A,92.34181344449863,92.34181344449863,0.0,0.0,0,0,0.0,0.0,0,lower-middle,10855.34010447135,4,0.5898951703101828,0.5898951703101828,2.1605,784.9054142782385,784.9054142782385,0.0,8.5,30,1.0,92.34181344449863,92.34181344449863,736.7287349921503,736.7287349921503,0.0,610.9054142782384,610.9054142782384,7.978278826362401,7.978278826362401,76-200,76-200,0.0,0.0,0.0,0.0,0.0,0.0,0.0,1.0,True,0.0,False,False,False,,False
DHNC0132,Dhanmondi,Residential,Res-A,597.3547737671756,0.5276488814373492,1.3891837278710417,22.25116427635159,0.4030942051735977,LT-A,267.4003681184043,267.4003681184043,0.0,0.0,0,0,0.0,0.0,0,upper-middle,199670.40133154308,6,0.915791085474901,0.915791085474901,2.8842000000000003,2433.343349877479,2433.343349877479,0.0,9.1,30,1.0,267.4003681184043,267.4003681184043,2373.5037373713526,2373.5037373713526,0.0,2139.343349877479,2139.343349877479,8.876217164818451,8.876217164818451,201-300,201-300,0.0,0.0,0.0,0.0,0.0,0.0,0.0,1.0,True,0.0,False,False,False,,False
DHNC0133,Dhanmondi,Residential,Res-B,597.3547737671756,0.3139515290792878,1.8400260204212102,19.5057887952798,0.40540945869736483,LT-A,133.54810465178795,133.54810465178795,0.0,0.0,0,0,0.0,0.0,0,middle,50477.705370387834,5,0.6885241749247835,0.6885241749247835,3.4,1135.1588895401976,1135.1588895401976,0.0,8.5,30,1.0,133.54810465178795,133.54810465178795,1159.1568340172075,1159.1568340172075,0.0,961.1588895401976,961.1588895401976,8.679695133372217,8.679695133372217,76-200,76-200,0.0,0.0,0.0,0.0,0.0,0.0,0.0,1.0,True,0.0,False,False,False,,False
DHNC0134,Dhanmondi,Residential,Res-B,597.3547737671756,0.3582040537323322,1.4656104498572111,26.21101875825832,0.31168782349906043,LT-A,115.35518579447488,115.35518579447488,0.0,0.0,0,0,0.0,0.0,0,middle,44273.66948967376,4,0.728351248386059,0.728351248386059,1.1901000000000002,980.5190792530365,980.5190792530365,0.0,8.5,30,1.0,115.35518579447488,115.35518579447488,899.3284432156883,899.3284432156883,0.0,806.5190792530365,806.5190792530365,7.796168304197409,7.796168304197409,76-200,76-200,0.0,0.0,0.0,0.0,0.0,0.0,0.0,1.0,True,0.0,False,False,False,,False
DHNC0135,Dhanmondi,Residential,Res-C,597.3547737671756,0.18259931476100183,3.508521985019845,28.883654160057354,0.21538046807133604,LT-A,295.40846620307053,295.40846620307053,0.0,0.0,0,0,0.0,0.0,0,lower-middle,12016.518148096231,4,1.2232286083000776,1.2232286083000776,2.1455,2688.2170424479427,2688.2170424479427,0.0,9.1,30,1.0,295.40846620307053,295.40846620307053,2608.544444570339,2608.544444570339,0.0,2394.217042447942,2394.217042447942,8.83029683643923,8.83029683643923,201-300,201-300,0.0,0.0,0.0,0.0,0.0,0.0,0.0,1.0,True,0.0,False,False,False,,False
DHNC0136,Dhanmondi,Residential,Res-B,597.3547737671756,0.38046397072847193,1.975237097298614,20.316459074652148,0.30551655242849357,LT-A,116.77221535066711,116.77221535066711,0.0,0.0,0,0,0.0,0.0,0,middle,42216.70883679408,4,0.8027958701016208,0.8027958701016208,2.0695,992.5638304806705,992.5638304806705,0.0,8.5,30,1.0,116.77221535066711,116.77221535066711,950.756972004704,950.756972004704,0.0,818.5638304806705,818.5638304806705,8.141979401089374,8.141979401089374,76-200,76-200,0.0,0.0,0.0,0.0,0.0,0.0,0.0,1.0,True,0.0,False,False,False,,False
DHNC0137,Dhanmondi,Residential,Res-A,597.3547737671756,0.4426322184329279,2.2429414507506262,19.995416366935615,0.4160937605132725,LT-A,229.1168175173366,229.1168175173366,0.0,0.0,0,0,0.0,0.0,0,upper-middle,166337.5309832687,6,1.6506936583080898,1.6506936583080898,3.5197,2084.963039407763,2084.963039407763,0.0,9.1,30,1.0,229.1168175173366,229.1168175173366,2035.729961378151,2035.729961378151,0.0,1790.963039407763,1790.963039407763,8.885118008520319,8.885118008520319,201-300,201-300,0.0,0.0,0.0,0.0,0.0,0.0,0.0,1.0,True,0.0,False,False,False,,False
DHNC0138,Dhanmondi,Residential,Res-B,597.3547737671756,0.28540239578523013,1.0646311953541094,20.182606577519802,0.47300406365270453,LT-A,142.7903953391316,142.7903953391316,0.0,0.0,0,0,0.0,0.0,0,middle,40651.31900756202,4,0.9926962791241454,0.9926962791241454,1.5950000000000002,1213.7183603826188,1213.7183603826188,0.0,8.5,30,1.0,142.7903953391316,142.7903953391316,1162.0437784017497,1162.0437784017497,0.0,1039.7183603826188,1039.7183603826188,8.138108838776304,8.138108838776304,76-200,76-200,0.0,0.0,0.0,0.0,0.0,0.0,0.0,1.0,True,0.0,False,False,False,,False
DHNC0139,Dhanmondi,Residential,Res-C,597.3547737671756,0.22382332739651156,2.330494277519323,34.376064211421664,0.3836028079326256,LT-A,140.01108368504399,140.01108368504399,0.0,0.0,0,0,0.0,0.0,0,lower-middle,14946.549838235462,5,1.2207766548256243,1.2207766548256243,2.6005,1190.0942113228737,1190.0942113228737,0.0,8.5,30,1.0,140.01108368504399,140.01108368504399,1181.5809718890175,1181.5809718890175,0.0,1016.0942113228739,1016.0942113228739,8.43919596070689,8.43919596070689,76-200,76-200,0.0,0.0,0.0,0.0,0.0,0.0,0.0,1.0,True,0.0,False,False,False,,False
DHNC0140,Dhanmondi,Residential,Res-B,597.3547737671756,0.4018824595556023,1.8634108840162094,15.813734465224497,0.4193672889328731,LT-A,200.59952118619543,200.59952118619543,0.0,0.0,0,0,0.0,0.0,0,middle,45456.46366414768,4,1.1192668364678084,1.1192668364678084,3.3505,1825.4556427943787,1825.4556427943787,0.0,9.1,30,1.0,200.59952118619543,200.59952118619543,1755.7854749340975,1755.7854749340975,0.0,1531.4556427943785,1531.4556427943785,8.752690258439783,8.752690258439783,201-300,201-300,0.0,0.0,0.0,0.0,0.0,0.0,0.0,1.0,True,0.0,False,False,False,,False
DHNC0141,Dhanmondi,Residential,Res-A,597.3547737671756,0.6088898224691233,2.2283803579028647,17.670244894482693,0.35632299383632754,LT-A,458.2905911169027,389.5470024493673,0.0,68.7435886675354,0,739,1214.7160466809357,67.23708682965881,30,upper-middle,70174.81340823162,5,2.227857710348002,2.124520702150806,5.2602,6878.941772664711,5779.863419935347,67.23708682965881,15.01,30,1.0,458.2905911169027,389.5470024493673,4718.563681297945,3694.2890917410587,0.0,4272.94177266471,3297.4421635629133,10.296008193836808,9.483551583024276,401-600,301-400,1024.274589556886,21.70733847710066,1099.0783527293634,68.74358866753539,14.999999999999996,0.10333700819719605,4.638402520825906,0.85,True,-123.20437029439086,False,True,False,0.8432214198170774,True
DHNC0142,Dhanmondi,Residential,Res-B,597.3547737671756,0.26652176687619006,1.7915009806486129,19.534737983460815,0.43871806627031984,LT-A,182.87998459457563,182.87998459457563,0.0,0.0,0,0,0.0,0.0,0,middle,33061.08590087226,4,1.1544578227660356,1.1544578227660356,3.0093,1554.479869053893,1554.479869053893,0.0,8.5,30,1.0,182.87998459457563,182.87998459457563,1582.2139925065874,1582.2139925065874,0.0,1380.4798690538928,1380.4798690538928,8.65165204390288,8.65165204390288,76-200,76-200,0.0,0.0,0.0,0.0,0.0,0.0,0.0,1.0,True,0.0,False,False,False,,False
DHNC0143,Dhanmondi,Residential,Res-C,597.3547737671756,0.3112628688198376,3.2920784238183085,22.751183166487603,0.3659745079914144,LT-A,81.94383717146094,81.94383717146094,0.0,0.0,0,0,0.0,0.0,0,lower-middle,11995.91351094237,4,0.5614341776240442,0.5614341776240442,1.3555000000000001,696.5226159574179,696.5226159574179,0.0,8.5,30,1.0,81.94383717146094,81.94383717146094,608.426296755289,608.426296755289,0.0,522.522615957418,522.522615957418,7.424918306939977,7.424918306939977,76-200,76-200,0.0,0.0,0.0,0.0,0.0,0.0,0.0,1.0,True,0.0,False,False,False,,False
DHNC0144,Dhanmondi,Residential,Res-A,597.3547737671756,0.6065253730617778,2.2523247459122304,18.249456829128974,0.4303080673705305,LT-A,246.03424934100113,233.88713415768518,0.0,12.147115183315957,0,183,221.67825413638167,36.44134554994787,10,upper-middle,134930.99992835874,5,1.081796149672319,1.081796149672319,4.4108,2238.9116690031105,2091.931575284988,36.44134554994787,9.1,30,1.0,246.03424934100113,233.88713415768518,2236.673532453266,2120.607846876682,0.0,1944.9116690031103,1834.372920834935,9.090903150452268,9.06679990976751,201-300,201-300,116.0656855765842,5.189209953643931,146.9800937181226,12.147115183315947,4.937164324012532,0.0,0.0,0.9506283567598747,True,-69.1712230098496,False,True,False,0.5235772269533387,True
DHNC0145,Dhanmondi,Residential,Res-B,597.3547737671756,0.3125034082147129,1.647736992587228,16.025294852254472,0.35153536236565264,LT-A,276.6241913219139,276.6241913219139,0.0,0.0,0,0,0.0,0.0,0,middle,31459.562443619987,4,1.4238470909785188,1.4238470909785188,3.4603,2517.280141029415,2517.280141029415,0.0,9.1,30,1.0,276.6241913219139,276.6241913219139,2487.0433780808876,2487.0433780808876,0.0,2223.2801410294164,2223.2801410294164,8.990693714081782,8.990693714081782,201-300,201-300,0.0,0.0,0.0,0.0,0.0,0.0,0.0,1.0,True,0.0,False,False,False,,False
DHNC0146,Dhanmondi,Residential,Res-C,597.3547737671756,0.19737309389563926,2.6030978909432863,29.659219542562127,0.28417363309577537,LT-A,41.18644797174788,41.18644797174788,0.0,0.0,0,0,0.0,0.0,0,lower-middle,23389.768064950345,5,0.16882759939953645,0.16882759939953645,0.18449999999999997,219.11190320969874,219.11190320969874,0.0,5.32,30,1.0,41.18644797174788,41.18644797174788,252.11749837018368,252.11749837018368,0.0,219.11190320969874,219.11190320969874,6.121370275560674,6.121370275560674,lifeline 0-50,lifeline 0-50,0.0,0.0,0.0,0.0,0.0,0.0,0.0,1.0,True,0.0,False,False,False,,False
DHNC0147,Dhanmondi,Residential,Res-A,597.3547737671756,0.49518829491185457,1.542102778650558,19.192653210862858,0.4059737239951341,LT-A,321.4607804578542,321.4607804578542,0.0,0.0,0,0,0.0,0.0,0,upper-middle,79048.09692468209,5,1.6166045452996751,1.6166045452996751,5.3601,3092.452708004559,3092.452708004559,0.0,9.62,30,1.0,321.4607804578542,321.4607804578542,3010.9557534047854,3010.9557534047854,0.0,2642.4527080045573,2642.4527080045573,9.366479323282622,9.366479323282622,301-400,301-400,0.0,0.0,0.0,0.0,0.0,0.0,0.0,1.0,True,0.0,False,False,False,,False
DHNC0148,Dhanmondi,Residential,Res-B,597.3547737671756,0.40918796720865547,1.9024943608927443,16.891189329737724,0.3716199752578359,LT-A,195.00369110682632,195.00369110682632,0.0,0.0,0,0,0.0,0.0,0,middle,58115.81179844599,4,0.8453655058433606,0.8453655058433606,2.7004,1657.5313744080233,1657.5313744080233,0.0,8.5,30,1.0,195.00369110682632,195.00369110682632,1676.795583128425,1676.795583128425,0.0,1483.5313744080238,1483.5313744080238,8.59878894399926,8.59878894399926,76-200,76-200,0.0,0.0,0.0,0.0,0.0,0.0,0.0,1.0,True,0.0,False,False,False,,False
DHNC0149,Dhanmondi,Residential,Res-A,597.3547737671756,0.5396076492738332,1.3128248443899624,22.757152077173938,0.3571229000447335,LT-A,430.83250778286373,430.83250778286373,0.0,0.0,0,0,0.0,0.0,0,upper-middle,115837.25944743413,6,2.9583157319067195,2.9583157319067195,6.1049999999999995,6466.795941820785,6466.795941820785,0.0,15.01,30,1.0,430.83250778286373,430.83250778286373,4323.066238911824,4323.066238911824,0.0,3860.7959418207847,3860.7959418207847,10.034215526490904,10.034215526490904,401-600,401-600,0.0,0.0,0.0,0.0,0.0,0.0,0.0,1.0,True,0.0,False,False,False,,False
DHNC0150,Dhanmondi,Residential,Res-A,597.3547737671756,0.5605663207416891,1.7732139806178404,22.943637602189742,0.49110428308766557,LT-A,320.272319299007,320.272319299007,0.0,0.0,0,0,0.0,0.0,0,upper-middle,150942.08383172465,5,1.5288066960492408,1.5288066960492408,2.8696999999999995,3081.019711656448,3081.019711656448,0.0,9.62,30,1.0,320.272319299007,320.272319299007,2889.1244672392695,2889.1244672392695,0.0,2631.0197116564473,2631.0197116564473,9.020837247386266,9.020837247386266,301-400,301-400,0.0,0.0,0.0,0.0,0.0,0.0,0.0,1.0,True,0.0,False,False,False,,False
DHNC0151,Dhanmondi,Residential,Res-A,597.3547737671756,0.5978021759555344,1.7720737173452736,20.99496096849947,0.38178548622700903,LT-A,444.5688377726652,377.88351210676535,0.0,66.68532566589977,0,627,1400.0558095272418,65.37351673902513,30,upper-middle,127209.47928057211,4,2.1560452760811186,2.0707717364891387,4.531199999999999,6672.978254967701,5606.657999983523,65.37351673902513,15.01,30,1.0,444.5688377726652,377.88351210676535,4470.153087716089,3544.3272757904365,0.0,4066.9782549677043,3185.2393864670826,10.055030195350643,9.379417630661376,401-600,301-400,925.8258119256529,20.71127752805173,1066.320254984178,66.68532566589982,15.00000000000001,0.08527353959197992,3.95509039341582,0.85,True,-408.85648086256367,False,True,False,0.6612777902320033,True
DHNC0152,Dhanmondi,Residential,Res-C,597.3547737671756,0.26984488059976824,4.034408274759668,33.1032838944287,0.2997743069533413,LT-A,67.20627665050526,67.20627665050526,0.0,0.0,0,0,0.0,0.0,0,lower-middle,22224.829500437707,5,0.8674896319499349,0.8674896319499349,0.9456,415.3347897001224,415.3347897001224,0.0,6.18,30,1.0,67.20627665050526,67.20627665050526,477.8024891851286,477.8024891851286,0.0,415.3347897001225,415.3347897001225,7.109492044468683,7.109492044468683,1-75,1-75,0.0,0.0,0.0,0.0,0.0,0.0,0.0,1.0,True,0.0,False,False,False,,False
DHNC0153,Dhanmondi,Residential,Res-C,597.3547737671756,0.20180371131682417,3.2750628221636133,30.84181303024937,0.308125762072875,LT-A,45.246899873122096,45.246899873122096,0.0,0.0,0,0,0.0,0.0,0,lower-middle,12013.797017809451,4,0.49312282140590263,0.49312282140590263,1.1295,240.7135073250096,240.7135073250096,0.0,5.32,30,1.0,45.246899873122096,45.246899873122096,302.5601326912601,302.5601326912601,0.0,240.71350732500957,240.71350732500957,6.6868698969360585,6.6868698969360585,lifeline 0-50,lifeline 0-50,0.0,0.0,0.0,0.0,0.0,0.0,0.0,1.0,True,0.0,False,False,False,,False
DHNC0154,Dhanmondi,Residential,Res-C,597.3547737671756,0.24037137470215791,3.2851265664787643,27.295174314761667,0.3186717335902451,LT-A,153.86444099116545,153.86444099116545,0.0,0.0,0,0,0.0,0.0,0,lower-middle,10588.159136947655,4,0.6875231662527604,0.6875231662527604,1.0497,1307.8477484249065,1307.8477484249065,0.0,8.5,30,1.0,153.86444099116545,153.86444099116545,1236.8319058461518,1236.8319058461518,0.0,1133.8477484249063,1133.8477484249063,8.038451885820505,8.038451885820505,76-200,76-200,0.0,0.0,0.0,0.0,0.0,0.0,0.0,1.0,True,0.0,False,False,False,,False
DHNC0155,Dhanmondi,Residential,Res-B,597.3547737671756,0.4559772438988185,1.641028113337226,16.44046621754149,0.3851228167814672,LT-A,219.3618826517549,219.3618826517549,0.0,0.0,0,0,0.0,0.0,0,middle,30955.723415962086,4,0.7443248021868961,0.7443248021868961,1.4500000000000002,1996.1931321309696,1996.1931321309696,0.0,9.1,30,1.0,219.3618826517549,219.3618826517549,1851.2477887375182,1851.2477887375182,0.0,1702.1931321309696,1702.1931321309696,8.43924097641176,8.43924097641176,201-300,201-300,0.0,0.0,0.0,0.0,0.0,0.0,0.0,1.0,True,0.0,False,False,False,,False
DHNC0156,Dhanmondi,Residential,Res-B,597.3547737671756,0.26887214950561944,1.8249952942968952,20.815633395100633,0.47513807440757183,LT-A,95.23959968379535,95.23959968379535,0.0,0.0,0,0,0.0,0.0,0,middle,41901.58429061521,4,0.8644688300963509,0.8644688300963509,3.2104000000000004,809.5365973122605,809.5365973122605,0.0,8.5,30,1.0,95.23959968379535,95.23959968379535,808.8920671778735,808.8920671778735,0.0,635.5365973122605,635.5365973122605,8.493232540492329,8.493232540492329,76-200,76-200,0.0,0.0,0.0,0.0,0.0,0.0,0.0,1.0,True,0.0,False,False,False,,False
DHNC0157,Dhanmondi,Residential,Res-B,597.3547737671756,0.4815690479379899,1.9484105407164771,21.25782955592494,0.3657223113983215,LT-A,199.53514267074084,199.53514267074084,0.0,0.0,0,0,0.0,0.0,0,middle,49862.31474200881,5,0.9259105048448533,0.9259105048448533,3.7403,1696.0487127012968,1696.0487127012968,0.0,8.5,30,1.0,199.53514267074084,199.53514267074084,1763.0983783363617,1763.0983783363617,0.0,1522.048712701297,1522.048712701297,8.836029356721916,8.836029356721916,76-200,76-200,0.0,0.0,0.0,0.0,0.0,0.0,0.0,1.0,True,0.0,False,False,False,,False
DHNC0158,Dhanmondi,Residential,Res-A,597.3547737671756,0.6526978462334457,2.120443514784503,21.280756465248757,0.40285917864703485,LT-A,363.14754051208837,345.30618389532975,0.0,17.841356616758645,0,165,379.67756517089526,53.524069850275936,10,upper-middle,176484.38687158463,5,2.324365353044163,2.324365353044163,3.4508,3493.479339726291,3268.321419222797,53.524069850275936,9.62,30,1.0,363.14754051208837,345.30618389532975,3347.8335867126043,3167.6180435267256,0.0,3043.47933972629,2871.8454890730723,9.218935042191653,9.173360314007303,301-400,301-400,180.2155431858787,5.383049620541051,225.1579205034941,17.841356616758617,4.912977406262984,0.0,0.0,0.95087022593737,True,-145.93795213474064,False,True,False,0.4746541795398486,True
DHNC0159,Dhanmondi,Residential,Res-B,597.3547737671756,0.2550088501330883,1.46479925853654,19.37217605978993,0.46555464241697087,LT-A,245.39837034503063,245.39837034503063,0.0,0.0,0,0,0.0,0.0,0,middle,28667.42908371985,4,1.0624375682733445,1.0624375682733445,2.0151,2233.125170139778,2233.125170139778,0.0,9.1,30,1.0,245.39837034503063,245.39837034503063,2124.9473386467675,2124.9473386467675,0.0,1939.1251701397787,1939.1251701397787,8.659174613340289,8.659174613340289,201-300,201-300,0.0,0.0,0.0,0.0,0.0,0.0,0.0,1.0,True,0.0,False,False,False,,False
DHNC0160,Dhanmondi,Residential,Res-A,597.3547737671756,0.6021525847570287,1.9058545380816994,24.755994199590276,0.41980712611363086,LT-A,480.6523330655176,457.0892073987775,0.0,23.56312566674022,0,147,583.3286023300376,70.68937700022066,10,upper-middle,117223.41703964541,5,3.105748483976048,3.105748483976048,6.0607,7214.59151931342,6790.219626055429,70.68937700022066,15.01,30,1.0,480.6523330655176,457.0892073987775,5106.297965279089,4734.931323208432,0.0,4608.591519313419,4254.90900305565,10.623682886780143,10.358877975164145,401-600,401-600,371.3666420706568,7.272717820147016,424.37189325799045,23.56312566674012,4.902322124696362,0.0,0.0,0.9509767787530362,True,-141.27258325916017,False,True,False,0.6366336925487218,True
DHNC0161,Dhanmondi,Residential,Res-A,597.3547737671756,0.6500823110581533,1.7594897228145405,13.019921379441838,0.35409351320800403,LT-A,245.2795361666398,225.78596430590767,0.0,19.493571860732185,0,810,253.80477303123286,19.273733042502236,30,upper-middle,183233.91761301667,5,1.2904224827297242,1.2904224827297242,3.5752,2232.043779116423,2035.3785421412579,19.273733042502236,9.1,30,1.0,245.2795361666398,225.78596430590767,2192.6122880722432,2006.3512089429478,0.0,1938.043779116422,1760.6522751837597,8.939238561600224,8.886075868846431,201-300,201-300,186.26107912929547,8.494939125469246,196.66523697516527,19.493571860732118,7.947492141166002,0.0,0.0,0.9205250785883397,True,-48.269960859435145,False,True,False,0.7338753992084083,True
DHNC0162,Dhanmondi,Residential,Res-B,597.3547737671756,0.39562024028313764,1.7758874718913007,21.088216461684308,0.4034305649029983,LT-A,248.65636493228286,248.65636493228286,0.0,0.0,0,0,0.0,0.0,0,middle,50742.67573239722,4,1.1102497760801993,1.1102497760801993,2.8150999999999997,2262.7729208837745,2262.7729208837745,0.0,9.1,30,1.0,248.65636493228286,248.65636493228286,2191.3574769279626,2191.3574769279626,0.0,1968.772920883774,1968.772920883774,8.812794627335359,8.812794627335359,201-300,201-300,0.0,0.0,0.0,0.0,0.0,0.0,0.0,1.0,True,0.0,False,False,False,,False
DHNC0163,Dhanmondi,Residential,Res-A,597.3547737671756,0.5049334583726315,2.6893518104502148,20.6980335715682,0.3933724772832,LT-A,340.73497998049345,340.73497998049345,0.0,0.0,0,0,0.0,0.0,0,upper-middle,60315.6499277848,6,1.3626364427430746,1.3626364427430746,3.9558,3277.8705074123454,3277.8705074123454,0.0,9.62,30,1.0,340.73497998049345,340.73497998049345,3143.714812782964,3143.714812782964,0.0,2827.870507412347,2827.870507412347,9.226275544010589,9.226275544010589,301-400,301-400,0.0,0.0,0.0,0.0,0.0,0.0,0.0,1.0,True,0.0,False,False,False,,False
DHNC0164,Dhanmondi,Residential,Res-A,597.3547737671756,0.7406513183741963,2.389622745228639,20.22200935199739,0.3624957517971772,LT-A,562.9184885460242,478.4807152641205,0.0,84.4377732819036,0,472,1707.501440968491,82.1716998110562,30,upper-middle,112409.89724414435,4,3.123549905833586,3.1158883327192277,4.3759,8449.406513075823,7099.823836303392,82.1716998110562,15.01,30,1.0,562.9184885460242,478.4807152641205,6328.5540287296135,4997.772502920171,0.0,5843.406513075823,4575.995536114448,11.2423986021063,10.445086590713295,401-600,401-600,1330.7815258094424,21.028208335871344,1349.5826767724302,84.43777328190367,15.00000000000001,0.007661573114358333,0.24528415890040595,0.8500000000000001,True,-294.54821534799225,False,True,False,0.7793735887301074,True
DHNC0165,Dhanmondi,Residential,Res-B,597.3547737671756,0.2849052141893808,1.0913564944962277,17.849611629468374,0.4104760526573604,LT-A,160.1638698695981,160.1638698695981,0.0,0.0,0,0,0.0,0.0,0,middle,27817.085715624868,5,0.856104329999187,0.856104329999187,0.9104000000000001,1361.3928938915847,1361.3928938915847,0.0,8.5,30,1.0,160.1638698695981,160.1638698695981,1286.9111785861628,1286.9111785861628,0.0,1187.3928938915838,1187.3928938915838,8.034965561421172,8.034965561421172,76-200,76-200,0.0,0.0,0.0,0.0,0.0,0.0,0.0,1.0,True,0.0,False,False,False,,False
DHNC0166,Dhanmondi,Residential,Res-B,597.3547737671756,0.2941040742871551,2.105858664566605,22.138117240529624,0.4277214857653215,LT-A,214.16075611934482,214.16075611934482,0.0,0.0,0,0,0.0,0.0,0,middle,46621.18764263855,4,1.081108964756739,1.081108964756739,3.0052,1948.8628806860384,1948.8628806860384,0.0,9.1,30,1.0,214.16075611934482,214.16075611934482,1870.1353447203398,1870.1353447203398,0.0,1654.862880686038,1654.862880686038,8.732390465030738,8.732390465030738,201-300,201-300,0.0,0.0,0.0,0.0,0.0,0.0,0.0,1.0,True,0.0,False,False,False,,False
DHNC0167,Dhanmondi,Residential,Res-A,597.3547737671756,0.6776672187453736,2.3879356089678265,21.198795043489724,0.45088796953381155,LT-A,480.8684776675046,408.73820601737884,0.0,72.13027165012569,0,433,1529.0748451422514,70.65372053291364,30,upper-middle,64471.532924041625,6,2.6226779461370295,2.6226779461370295,5.5408,7217.835849789242,6064.506751787945,70.65372053291364,15.01,30,1.0,480.8684776675046,408.73820601737884,5086.7769222787065,3949.9677759368997,0.0,4611.835849789244,3529.1604723208566,10.578312279799606,9.663808564470123,401-600,401-600,1136.8091463418068,22.34831925423917,1153.329098001297,72.13027165012574,15.000000000000009,0.0,0.0,0.85,True,-321.61197826753096,False,True,False,0.7434620678990035,True
DHNC0168,Dhanmondi,Residential,Res-C,597.3547737671756,0.21444653867106891,3.000780284007591,32.755549761242996,0.34230538132313115,LT-A,88.11674674271877,88.11674674271877,0.0,0.0,0,0,0.0,0.0,0,lower-middle,14727.353646780603,5,0.1970740994190237,0.1970740994190237,0.2895,748.9923473131097,748.9923473131097,0.0,8.5,30,1.0,88.11674674271877,88.11674674271877,625.791964678765,625.791964678765,0.0,574.9923473131096,574.9923473131096,7.1018505313857965,7.1018505313857965,76-200,76-200,0.0,0.0,0.0,0.0,0.0,0.0,0.0,1.0,True,0.0,False,False,False,,False
DHNC0169,Dhanmondi,Residential,Res-A,597.3547737671756,0.6770819405915616,2.2379500482238224,21.543764303355694,0.3096033500134145,LT-A,408.60854383871293,355.2887575817236,0.0,53.31978625698928,0,634,1148.7089078258816,60.03041055826472,26,upper-middle,143599.90987984807,6,2.2480006346288075,2.2480006346288075,5.1189,6133.21424301908,5272.853840743407,60.03041055826472,15.01,30,1.0,408.60854383871293,355.2887575817236,3929.3184451700354,3342.01523033299,0.0,3527.214243019081,2967.877847936181,9.61633941438343,9.40647616626107,401-600,301-400,587.3032148370453,14.946694268543324,860.3604022756726,53.319786256989346,13.049111933899228,0.0,0.0,0.8695088806610078,True,-501.3752824305716,False,True,False,0.5112724475590705,True
DHNC0170,Dhanmondi,Residential,Res-A,597.3547737671756,0.5583362248293069,1.3921107454813,21.706379678890432,0.3539338502678929,LT-A,198.36510262610145,198.36510262610145,0.0,0.0,0,0,0.0,0.0,0,upper-middle,115462.22810377824,4,1.4887619775362513,1.4887619775362513,3.1011,1686.1033723218627,1686.1033723218627,0.0,8.5,30,1.0,198.36510262610145,198.36510262610145,1724.4670509379555,1724.4670509379555,0.0,1512.1033723218623,1512.1033723218623,8.693399333391847,8.693399333391847,76-200,76-200,0.0,0.0,0.0,0.0,0.0,0.0,0.0,1.0,True,0.0,False,False,False,,False
DHNC0171,Dhanmondi,Residential,Res-A,597.3547737671756,0.5682930476215415,2.122059295573791,24.96575083020658,0.40159814303214303,LT-A,391.44162509371256,391.44162509371256,0.0,0.0,0,0,0.0,0.0,0,upper-middle,157540.10829092073,5,1.5018078016414391,1.5018078016414391,4.391,3765.6684334015144,3765.6684334015144,0.0,9.62,30,1.0,391.44162509371256,391.44162509371256,3675.0949550715904,3675.0949550715904,0.0,3315.668433401515,3315.668433401515,9.388615618463568,9.388615618463568,301-400,301-400,0.0,0.0,0.0,0.0,0.0,0.0,0.0,1.0,True,0.0,False,False,False,,False
DHNC0172,Dhanmondi,Residential,Res-B,597.3547737671756,0.3421006814184893,1.3214229628585188,16.881221266909378,0.3660783259765816,LT-A,195.65225707438245,195.65225707438245,0.0,0.0,0,0,0.0,0.0,0,middle,51370.35420241056,4,1.1502755382389827,1.1502755382389827,3.4252,1663.0441851322503,1663.0441851322503,0.0,8.5,30,1.0,195.65225707438245,195.65225707438245,1714.5477143888634,1714.5477143888634,0.0,1489.0441851322507,1489.0441851322507,8.763240148755514,8.763240148755514,76-200,76-200,0.0,0.0,0.0,0.0,0.0,0.0,0.0,1.0,True,0.0,False,False,False,,False
DHNC0173,Dhanmondi,Residential,Res-B,597.3547737671756,0.2512079061374616,2.1945723523164173,18.198152633996628,0.3644342281680544,LT-A,186.67736281449746,186.67736281449746,0.0,0.0,0,0,0.0,0.0,0,middle,29015.0491817229,5,1.352832332002189,1.352832332002189,3.4603,1586.7575839232284,1586.7575839232284,0.0,8.5,30,1.0,186.67736281449746,186.67736281449746,1635.9946931193897,1635.9946931193897,0.0,1412.7575839232284,1412.7575839232284,8.76375511445964,8.76375511445964,76-200,76-200,0.0,0.0,0.0,0.0,0.0,0.0,0.0,1.0,True,0.0,False,False,False,,False
DHNC0174,Dhanmondi,Residential,Res-B,597.3547737671756,0.2732280258618284,1.4359966557187553,18.00957000415341,0.3506301875340158,LT-A,129.56457345591136,129.56457345591136,0.0,0.0,0,0,0.0,0.0,0,middle,25068.316550649124,4,0.28309112789184326,0.28309112789184326,0.4145,1101.2988743752467,1101.2988743752467,0.0,8.5,30,1.0,129.56457345591136,129.56457345591136,995.7138180940088,995.7138180940088,0.0,927.2988743752466,927.2988743752466,7.685077730239535,7.685077730239535,76-200,76-200,0.0,0.0,0.0,0.0,0.0,0.0,0.0,1.0,True,0.0,False,False,False,,False
DHNC0175,Dhanmondi,Residential,Res-A,597.3547737671756,0.6394057187816466,2.1935544596943926,18.907009987104693,0.40083182947450985,LT-A,350.44495861986434,333.25243067702166,0.0,17.19252794284279,0,214,325.0592975189051,51.57758382852837,10,upper-middle,186064.45614912937,5,2.0222656437542774,2.0222656437542774,5.3257,3371.2805019230955,3154.3107992844198,51.57758382852837,9.62,30,1.0,350.44495861986434,333.25243067702166,3302.2078970192497,3128.546172268596,0.0,2921.280501923095,2755.8883831129483,9.422900275193372,9.387917039082874,301-400,301-400,173.66172475065378,5.258957950751985,216.9697026386757,17.192527942842673,4.905913901729658,0.0,0.0,0.950940860982703,True,-99.81998893972298,False,True,False,0.5342462931414961,True
DHNC0176,Dhanmondi,Residential,Res-B,597.3547737671756,0.3532600872529154,1.4412970982982565,16.49979177055076,0.42522691662214157,LT-A,164.82714776086524,164.82714776086524,0.0,0.0,0,0,0.0,0.0,0,middle,28857.599862192437,4,1.0477177173297025,1.0477177173297025,2.3352999999999997,1401.0307559673547,1401.0307559673547,0.0,8.5,30,1.0,164.82714776086524,164.82714776086524,1391.3690237657224,1391.3690237657224,0.0,1227.0307559673547,1227.0307559673547,8.441382640342418,8.441382640342418,76-200,76-200,0.0,0.0,0.0,0.0,0.0,0.0,0.0,1.0,True,0.0,False,False,False,,False
DHNC0177,Dhanmondi,Residential,Res-B,597.3547737671756,0.47541626776928436,1.4329237348584436,23.276329883391497,0.4290658721705346,LT-A,137.50287259780438,137.50287259780438,0.0,0.0,0,0,0.0,0.0,0,middle,32448.63988102806,4,1.0077413877766288,1.0077413877766288,3.2653000000000003,1168.774417081337,1168.774417081337,0.0,8.5,30,1.0,137.50287259780438,137.50287259780438,1188.512867935404,1188.512867935404,0.0,994.7744170813372,994.7744170813372,8.643549370868794,8.643549370868794,76-200,76-200,0.0,0.0,0.0,0.0,0.0,0.0,0.0,1.0,True,0.0,False,False,False,,False
DHNC0178,Dhanmondi,Residential,Res-C,597.3547737671756,0.21976540770322892,3.943079033686634,33.47710977935631,0.4177045662050843,LT-A,110.50175643627949,110.50175643627949,0.0,0.0,0,0,0.0,0.0,0,lower-middle,17512.542736004933,5,0.7556820742584218,0.7556820742584218,1.7857,939.264929708376,939.264929708376,0.0,8.5,30,1.0,110.50175643627949,110.50175643627949,882.2775461937945,882.2775461937945,0.0,765.2649297083757,765.2649297083757,7.984285269732859,7.984285269732859,76-200,76-200,0.0,0.0,0.0,0.0,0.0,0.0,0.0,1.0,True,0.0,False,False,False,,False
DHNC0179,Dhanmondi,Residential,Res-A,597.3547737671756,0.5119691663512222,2.2315486460968836,20.396027473219906,0.3541748035130683,LT-A,314.8356808863034,314.8356808863034,0.0,0.0,0,0,0.0,0.0,0,upper-middle,135085.50856606936,6,1.6313604004480429,1.6313604004480429,3.2597,3028.7192501262393,3028.7192501262393,0.0,9.62,30,1.0,314.8356808863034,314.8356808863034,2851.407982632551,2851.407982632551,0.0,2578.719250126239,2578.719250126239,9.05681330211832,9.05681330211832,301-400,301-400,0.0,0.0,0.0,0.0,0.0,0.0,0.0,1.0,True,0.0,False,False,False,,False
DHNC0180,Dhanmondi,Residential,Res-B,597.3547737671756,0.1882437980913956,1.4653823685409062,17.345931153401406,0.41282223685614505,LT-A,120.82145582857991,120.82145582857991,0.0,0.0,0,0,0.0,0.0,0,middle,27261.705246860292,5,0.6677148991074134,0.6677148991074134,2.9405,1026.9823745429294,1026.9823745429294,0.0,8.5,30,1.0,120.82145582857991,120.82145582857991,1025.3075432700757,1025.3075432700757,0.0,852.9823745429293,852.9823745429293,8.48613796480627,8.48613796480627,76-200,76-200,0.0,0.0,0.0,0.0,0.0,0.0,0.0,1.0,True,0.0,False,False,False,,False
DHNC0181,Dhanmondi,Residential,Res-B,597.3547737671756,0.36992056864598466,1.7486257100618186,23.21693724325289,0.3879546053496831,LT-A,200.7730212435238,200.7730212435238,0.0,0.0,0,0,0.0,0.0,0,middle,48624.323927768026,4,0.9606548943759903,0.9606548943759903,3.4053999999999998,1827.0344933160666,1827.0344933160666,0.0,9.1,30,1.0,200.7730212435238,200.7730212435238,1759.8643579818697,1759.8643579818697,0.0,1533.0344933160666,1533.0344933160666,8.765442423896564,8.765442423896564,201-300,201-300,0.0,0.0,0.0,0.0,0.0,0.0,0.0,1.0,True,0.0,False,False,False,,False
DHNC0182,Dhanmondi,Residential,Res-C,597.3547737671756,0.1545830785143941,3.238529035275376,31.375717658221962,0.2594110335162222,LT-A,101.31242876408855,101.31242876408855,0.0,0.0,0,0,0.0,0.0,0,lower-middle,14374.21012696876,3,0.6701002253701012,0.6701002253701012,2.0655,861.155644494753,861.155644494753,0.0,8.5,30,1.0,101.31242876408855,101.31242876408855,812.6019767194903,812.6019767194903,0.0,687.1556444947527,687.1556444947527,8.020753096460433,8.020753096460433,76-200,76-200,0.0,0.0,0.0,0.0,0.0,0.0,0.0,1.0,True,0.0,False,False,False,,False
DHNC0183,Dhanmondi,Residential,Res-A,597.3547737671756,0.7370821876441755,2.346129486768895,21.209303882818524,0.4573739653989894,LT-A,323.56101541733983,275.0268631047389,0.0,48.53415231260098,0,645,1029.3755850929538,47.794055303586255,30,upper-middle,177536.23042166387,5,1.4344623579571776,1.4344623579571776,3.8001000000000005,3112.656968314809,2597.964367764001,47.794055303586255,9.62,30,1.0,323.56101541733983,275.0268631047389,2963.3742267305497,2486.7660869657802,0.0,2662.656968314809,2208.744454253124,9.158625685817837,9.04190252142294,301-400,201-300,476.6081397647695,16.083292331613638,514.692600550808,48.53415231260095,14.999999999999993,0.0,0.0,0.85,True,-504.9733900245981,False,True,False,0.46300703714643787,True
DHNC0184,Dhanmondi,Residential,Res-B,597.3547737671756,0.36209494428208144,1.3739730394625518,19.03032012183989,0.4366460248957618,LT-A,136.6261290781602,136.6261290781602,0.0,0.0,0,0,0.0,0.0,0,middle,39096.01209839082,4,0.8652294506181384,0.8652294506181384,2.1802,1161.322097164362,1161.322097164362,0.0,8.5,30,1.0,136.6261290781602,136.6261290781602,1132.8350220225798,1132.8350220225798,0.0,987.3220971643617,987.3220971643617,8.291496141082316,8.291496141082316,76-200,76-200,0.0,0.0,0.0,0.0,0.0,0.0,0.0,1.0,True,0.0,False,False,False,,False
DHNC0185,Dhanmondi,Residential,Res-A,597.3547737671756,0.6435557369502026,1.994372378250133,20.753420012738122,0.2907551319598885,LT-A,678.3049265963324,576.5591876068825,0.0,101.74573898944986,0,739,2111.572055754478,99.53673167641527,30,upper-middle,101724.37914442638,4,3.5186382955203857,3.369512059795051,5.435199999999999,11768.590476446367,9903.765173302998,99.53673167641527,17.35,30,1.0,678.3049265963324,576.5591876068825,8386.212320268685,6590.253396278271,0.0,7758.590476446367,6048.153405979306,12.363484314274226,11.430315460989112,601-above,401-600,1795.9589239904144,21.415614766272384,1864.8253031433687,101.74573898944993,15.00000000000001,0.14912623572533468,4.2381803186530655,0.85,True,-216.07640008764815,False,True,False,0.8505316780907612,True
DHNC0186,Dhanmondi,Residential,Res-C,597.3547737671756,0.19145118179644144,3.580549520508513,32.04712381852901,0.32059796572795074,LT-A,69.4315714943234,69.4315714943234,0.0,0.0,0,0,0.0,0.0,0,lower-middle,13347.33947258841,3,0.5137433357182297,0.5137433357182297,1.8007,429.08711183491846,429.08711183491846,0.0,6.18,30,1.0,69.4315714943234,69.4315714943234,529.9523374266645,529.9523374266645,0.0,429.08711183491863,429.08711183491863,7.632728541510722,7.632728541510722,1-75,1-75,0.0,0.0,0.0,0.0,0.0,0.0,0.0,1.0,True,0.0,False,False,False,,False
DHNC0187,Dhanmondi,Residential,Res-A,597.3547737671756,0.48842405294875635,2.1158213152780507,20.76935820768468,0.4539564087964498,LT-A,428.53483194547914,428.53483194547914,0.0,0.0,0,0,0.0,0.0,0,upper-middle,185384.98332178156,4,3.0003723278592656,3.0003723278592656,4.4611,6432.307827501642,6432.307827501642,0.0,15.01,30,1.0,428.53483194547914,428.53483194547914,4214.357728876724,4214.357728876724,0.0,3826.307827501642,3826.307827501642,9.834341142688958,9.834341142688958,401-600,401-600,0.0,0.0,0.0,0.0,0.0,0.0,0.0,1.0,True,0.0,False,False,False,,False
DHNC0188,Dhanmondi,Residential,Res-A,597.3547737671756,0.5435030539379561,2.203693340109789,20.959722633403675,0.4478948527046247,LT-A,256.82233735703744,256.82233735703744,0.0,0.0,0,0,0.0,0.0,0,upper-middle,169469.64407765243,5,1.5865676900245038,1.5865676900245038,3.9857000000000005,2337.083269949041,2337.083269949041,0.0,9.1,30,1.0,256.82233735703744,256.82233735703744,2321.0068034464925,2321.0068034464925,0.0,2043.0832699490406,2043.0832699490406,9.037402382253852,9.037402382253852,201-300,201-300,0.0,0.0,0.0,0.0,0.0,0.0,0.0,1.0,True,0.0,False,False,False,,False
DHNC0189,Dhanmondi,Residential,Res-A,597.3547737671756,0.6576605475091104,1.4899924882044497,18.165013843164513,0.2830118113125864,LT-A,471.25382777354855,400.56575360751617,0.0,70.68807416603227,0,764,1284.0498457726155,69.15346167121342,30,upper-middle,176355.6358530384,6,2.938370911064099,2.6747014965871414,5.850099999999999,7073.519954880961,5943.338499977605,69.15346167121342,15.01,30,1.0,471.25382777354855,400.56575360751617,4948.885362625011,3834.8059697312588,0.0,4467.519954880963,3406.491961648818,10.501528201916479,9.573474355195858,401-600,401-600,1114.0793928937524,22.51172357532277,1130.181454903356,70.68807416603238,15.000000000000021,0.2636694144769578,8.973319654239049,0.8500000000000001,True,-100.81699120764983,False,True,False,0.8676293966013511,True
DHNC0190,Dhanmondi,Residential,Res-A,597.3547737671756,0.5626465803360258,1.6527010920472744,18.975153415342046,0.2878824544320605,LT-A,288.99722191496437,288.99722191496437,0.0,0.0,0,0,0.0,0.0,0,upper-middle,174416.76540729107,5,1.5062091064230008,1.5062091064230008,4.4009,2629.874719426175,2629.874719426175,0.0,9.1,30,1.0,288.99722191496437,288.99722191496437,2646.748145397485,2646.748145397485,0.0,2335.874719426176,2335.874719426176,9.158386118245366,9.158386118245366,201-300,201-300,0.0,0.0,0.0,0.0,0.0,0.0,0.0,1.0,True,0.0,False,False,False,,False
DHNC0191,Dhanmondi,Residential,Res-B,597.3547737671756,0.29555106612026616,1.2716708417043814,22.37186997509349,0.4116523611323483,LT-A,133.1071634158445,133.1071634158445,0.0,0.0,0,0,0.0,0.0,0,middle,59124.879853399936,5,0.7031146268222593,0.7031146268222593,2.0992,1131.4108890346781,1131.4108890346781,0.0,8.5,30,1.0,133.1071634158445,133.1071634158445,1097.856153486412,1097.856153486412,0.0,957.4108890346782,957.4108890346782,8.247911872755964,8.247911872755964,76-200,76-200,0.0,0.0,0.0,0.0,0.0,0.0,0.0,1.0,True,0.0,False,False,False,,False
DHNC0192,Dhanmondi,Residential,Res-B,597.3547737671756,0.3422305177513686,1.5242602978158897,20.097390113242465,0.42356896764341256,LT-A,265.92883052436093,265.92883052436093,0.0,0.0,0,0,0.0,0.0,0,middle,33497.46465980764,5,1.7557382811452507,1.7557382811452507,3.8150000000000004,2419.952357771685,2419.952357771685,0.0,9.1,30,1.0,265.92883052436093,265.92883052436093,2400.491475660269,2400.491475660269,0.0,2125.9523577716845,2125.9523577716845,9.026819209210815,9.026819209210815,201-300,201-300,0.0,0.0,0.0,0.0,0.0,0.0,0.0,1.0,True,0.0,False,False,False,,False
DHNC0193,Dhanmondi,Residential,Res-A,597.3547737671756,0.7097269345131867,1.156327101681303,18.089557186589285,0.4744303348468466,LT-A,476.5944399781197,405.10527398140175,0.0,71.48916599671797,0,524,1293.2073565192038,70.18996920399445,30,upper-middle,72459.56373133221,6,2.1200685808937583,2.1200685808937583,4.690600000000001,7153.682544071576,6010.440193256845,70.18996920399445,15.01,30,1.0,476.5944399781197,405.10527398140175,4981.922131275155,3855.2171305838824,0.0,4547.682544071577,3474.6301624608404,10.453168802187188,9.516580943749634,401-600,401-600,1126.7050006912727,22.61586935729333,1143.2423508147303,71.48916599671793,14.999999999999995,0.0,0.0,0.85,True,-96.31238662393662,False,True,False,0.8712485240757609,True
DHNC0194,Dhanmondi,Residential,Res-A,597.3547737671756,0.6427142214034034,1.5702511115791538,18.516800898870876,0.31923556863429875,LT-A,334.59165580777807,318.33086792970494,0.0,16.260787878073085,0,320,301.0977715970524,48.78236363421926,10,upper-middle,85935.35692595234,5,1.4724080506086916,1.4724080506086916,4.3612,3218.7717288708254,3013.560585849543,48.78236363421926,9.62,30,1.0,334.59165580777807,318.33086792970494,3099.539235314366,2935.2890169579496,0.0,2768.771728870825,2612.3429494837615,9.263647737512745,9.220874607756015,301-400,301-400,164.25021835641655,5.2991817778927945,205.21114302128262,16.26078787807313,4.859890435347529,0.0,0.0,0.9514010956465249,True,-88.06518960641657,False,True,False,0.5455045963482796,True
DHNC0195,Dhanmondi,Residential,Res-A,597.3547737671756,0.5924501972587916,2.2522801917930018,20.56967815694718,0.4221933148788218,LT-A,383.626717143779,381.6115533591984,0.0,2.0151637845806083,0,25,41.45127048235875,0.0,1,upper-middle,61891.426952874215,4,2.4697400117185975,2.4331779427663727,4.7609,3690.489018923154,3671.103143315488,0.0,9.62,30,1.0,383.626717143779,381.6115533591984,3612.4691598693116,3592.113990481263,0.0,3240.4890189231537,3221.1031433154885,9.416625585322304,9.413011631490424,301-400,301-400,20.35516938804858,0.5634697069298986,19.385875607666094,2.0151637845805794,0.5252928679170483,0.0365620689522248,1.4804015312843661,0.9947470713208294,True,-21.09610109431017,False,False,False,0.4910626176515274,True
DHNC0196,Dhanmondi,Residential,Res-B,597.3547737671756,0.5040506711758292,1.4461266252144434,21.074834489436938,0.4138229815053944,LT-A,184.42997330882844,184.42997330882844,0.0,0.0,0,0,0.0,0.0,0,middle,26188.75015460708,5,0.4652543238299651,0.4652543238299651,0.5301,1567.654773125041,1567.654773125041,0.0,8.5,30,1.0,184.42997330882844,184.42997330882844,1486.7149217812937,1486.7149217812937,0.0,1393.6547731250416,1393.6547731250416,8.061135048215759,8.061135048215759,76-200,76-200,0.0,0.0,0.0,0.0,0.0,0.0,0.0,1.0,True,0.0,False,False,False,,False
DHNC0197,Dhanmondi,Residential,Res-B,597.3547737671756,0.38170790356125045,1.5817875526293583,11.83732480074288,0.36496108215752054,LT-A,142.63618358316248,142.63618358316248,0.0,0.0,0,0,0.0,0.0,0,middle,52503.68072658706,4,0.6367368148000918,0.6367368148000918,1.9752,1212.4075604568814,1212.4075604568814,0.0,8.5,30,1.0,142.63618358316248,142.63618358316248,1177.4342584797253,1177.4342584797253,0.0,1038.4075604568811,1038.4075604568811,8.254807643484341,8.254807643484341,76-200,76-200,0.0,0.0,0.0,0.0,0.0,0.0,0.0,1.0,True,0.0,False,False,False,,False
DHNC0198,Dhanmondi,Residential,Res-A,597.3547737671756,0.582665101452224,2.8900995364682327,18.307478913899896,0.3986089783288254,LT-A,198.92741235186574,198.92741235186574,0.0,0.0,0,0,0.0,0.0,0,upper-middle,150902.50038495928,6,0.9635224544317684,0.9635224544317684,3.0399000000000003,1690.883004990858,1690.883004990858,0.0,8.5,30,1.0,198.92741235186574,198.92741235186574,1726.7867452404016,1726.7867452404016,0.0,1516.8830049908588,1516.8830049908588,8.680486639951038,8.680486639951038,76-200,76-200,0.0,0.0,0.0,0.0,0.0,0.0,0.0,1.0,True,0.0,False,False,False,,False
DHNC0199,Dhanmondi,Residential,Res-C,597.3547737671756,0.18569645165214865,2.9372983612479016,29.785752251555113,0.32348636970340516,LT-A,66.26842719769236,66.26842719769236,0.0,0.0,0,0,0.0,0.0,0,lower-middle,17079.823740065272,4,0.8287716501633359,0.8287716501633359,1.8795,409.5388800817387,409.5388800817387,0.0,6.18,30,1.0,66.26842719769236,66.26842719769236,512.9017740858258,512.9017740858258,0.0,409.5388800817388,409.5388800817388,7.739760784660456,7.739760784660456,1-75,1-75,0.0,0.0,0.0,0.0,0.0,0.0,0.0,1.0,True,0.0,False,False,False,,False
DHNC0200,Dhanmondi,Residential,Res-B,597.3547737671756,0.30423721747245286,1.717766025505796,19.883910109897162,0.4070526525571934,LT-A,114.47357097509132,114.47357097509132,0.0,0.0,0,0,0.0,0.0,0,middle,43958.28093996609,5,0.6905869350352372,0.6905869350352372,2.09,973.0253532882763,973.0253532882763,0.0,8.5,30,1.0,114.47357097509132,114.47357097509132,931.1456209526899,931.1456209526899,0.0,799.0253532882762,799.0253532882762,8.134153700466817,8.134153700466817,76-200,76-200,0.0,0.0,0.0,0.0,0.0,0.0,0.0,1.0,True,0.0,False,False,False,,False
DHNC0201,Dhanmondi,Residential,Res-B,597.3547737671756,0.42458784804715627,1.3300839432782243,16.958552710896452,0.41813244652571674,LT-A,190.29240288607247,190.29240288607247,0.0,0.0,0,0,0.0,0.0,0,middle,28133.04373634094,4,1.5936451603438886,1.5936451603438886,3.4504,1617.4854245316153,1617.4854245316153,0.0,8.5,30,1.0,190.29240288607247,190.29240288607247,1667.8223357581967,1667.8223357581967,0.0,1443.485424531616,1443.485424531616,8.764524019157598,8.764524019157598,76-200,76-200,0.0,0.0,0.0,0.0,0.0,0.0,0.0,1.0,True,0.0,False,False,False,,False
DHNC0202,Dhanmondi,Residential,Res-A,597.3547737671756,0.5909588327366487,1.4763025286395615,16.556396477226393,0.4672089696148597,LT-A,374.2765801961385,355.8917698267205,0.0,18.38481036941802,0,215,304.38620963470777,55.15443110825406,10,upper-middle,183299.58402590355,6,1.5440490753157445,1.5440490753157445,3.8662000000000005,3600.5407014868515,3368.5243946247965,55.15443110825406,9.62,30,1.0,374.2765801961385,355.8917698267205,3478.567156561195,3292.862187019704,0.0,3150.5407014868524,2973.6788257330513,9.294108529949328,9.252425782768057,301-400,301-400,185.7049695414912,5.33854777508661,232.016306862055,18.384810369418005,4.912092111075585,0.0,0.0,0.9508790788892441,True,-63.526808984962486,False,True,False,0.6100965275803879,True
DHNC0203,Dhanmondi,Residential,Res-A,597.3547737671756,0.6411255705993048,1.9061482747056824,18.82788782410678,0.40219453381448217,LT-A,562.9712005700226,478.5255204845192,0.0,84.44568008550338,0,549,1589.9337918802657,82.58514136672167,30,upper-middle,122538.23616237249,6,2.667232547149621,2.631482220214811,5.2998,8450.19772055604,7100.082921105912,82.58514136672167,15.01,30,1.0,562.9712005700226,478.5255204845192,6370.12878658384,5039.222645596264,0.0,5844.197720556039,4576.668062472632,11.315194773966988,10.530729145843514,401-600,401-600,1330.9061409875767,20.892923606043958,1350.114799450128,84.4456800855034,15.0,0.03575032693481006,1.3403528302402876,0.85,True,-176.44250952596735,False,True,False,0.8370827438126456,True
DHNC0204,Dhanmondi,Residential,Res-B,597.3547737671756,0.29678192501097866,1.1629787109242602,18.670605026511264,0.46878793201449176,LT-A,288.241538944138,288.241538944138,0.0,0.0,0,0,0.0,0.0,0,middle,49059.637302173134,5,1.0071083097475904,1.0071083097475904,2.49,2622.9980043916557,2622.9980043916557,0.0,9.1,30,1.0,288.241538944138,288.241538944138,2555.2569046112385,2555.2569046112385,0.0,2328.9980043916557,2328.9980043916557,8.864984949676023,8.864984949676023,201-300,201-300,0.0,0.0,0.0,0.0,0.0,0.0,0.0,1.0,True,0.0,False,False,False,,False
DHNC0205,Dhanmondi,Commercial,Commercial,36.75972604031296,0.3929028511933754,2.819600506079391,22.6799402583588,0.3503874248885441,LT-E,5527.507947039162,5527.507947039162,0.0,0.0,0,0,0.0,0.0,0,,0.0,0,15.108285123514976,15.108285123514976,15.25,85931.63420717974,85931.63420717974,0.0,15.36,30,1.0,5527.507947039162,5527.507947039162,90588.77316984761,90588.77316984761,0.0,84902.52206652153,84902.52206652153,16.38871875677211,16.38871875677211,flat,flat,0.0,0.0,0.0,0.0,0.0,0.0,0.0,1.0,True,0.0,False,False,False,,False
DHNC0206,Dhanmondi,Commercial,Commercial,36.75972604031296,0.514576196150373,1.4134098951550444,30.40825417980485,0.33497538261693155,LT-E,4561.599662205395,4561.599662205395,0.0,0.0,0,0,0.0,0.0,0,,0.0,0,14.256703397672208,14.256703397672208,18.45,71618.81134881343,71618.81134881343,0.0,15.36,30,1.0,4561.599662205395,4561.599662205395,75313.00435204862,75313.00435204862,0.0,70066.17081147488,70066.17081147488,16.510217890457547,16.510217890457547,flat,flat,0.0,0.0,0.0,0.0,0.0,0.0,0.0,1.0,True,0.0,False,False,False,,False
DHNC0207,Dhanmondi,Commercial,Commercial,36.75972604031296,0.6566966432504908,2.457304117367897,25.252742995768624,0.3105242108174119,LT-E,6477.417823883452,5505.805150300934,0.0,971.6126735825179,0,560,24535.885137410958,946.9072601900284,30,,0.0,0,21.311158646561022,21.277748310235616,23.349999999999998,101014.81449061268,83714.21792047411,946.9072601900284,15.36,30,1.0,6477.417823883452,5505.805150300934,106674.36966359231,91004.20046405346,0.0,99493.13777484982,84569.16710862234,16.46865657951907,16.528772446493026,flat,flat,15670.169199538854,14.689722797478169,17300.596570138572,971.6126735825183,15.000000000000005,0.033410336325406575,0.15677390835245833,0.85,True,-7918.808677682075,False,True,False,0.6386632930411729,True
DHNC0208,Dhanmondi,Commercial,Commercial,36.75972604031296,0.6931669308980044,2.705210199752775,24.331916757007466,0.32323266666570655,LT-E,1607.4617786820572,1405.20305185116,0.0,202.25872683089756,0,600,4921.34250462771,202.25872683089744,30,,0.0,0,3.8974722365177,3.2232764804147083,3.8500000000000005,24490.936034639213,21166.449793465126,202.25872683089744,15.36,30,1.0,1607.4617786820572,1405.20305185116,26288.96856658422,23026.939820255506,0.0,24690.6129205564,21583.918876433814,16.354335086049943,16.386912759633358,flat,flat,3262.028746328713,12.408355763622701,3324.486241174087,202.25872683089733,12.582490576959618,0.6741957561029919,17.298282455640273,0.8741750942304036,True,-1457.055031468099,False,True,False,0.6628331076858223,True
DHNC0209,Dhanmondi,Commercial,Commercial,36.75972604031296,0.5756622526090331,2.3545064352215004,25.68027968345465,0.2976101358776818,LT-E,2928.0023760763497,2785.032487733818,0.0,142.96988834253227,0,180,3671.506718948511,428.9096650275968,10,,0.0,0,11.07355662768989,11.07355662768989,11.05,45585.58008231626,42755.35127880065,428.9096650275968,15.36,30,1.0,2928.0023760763497,2785.032487733818,48267.04732135937,45961.22896217102,0.0,44974.11649653273,42778.09901159145,16.48463393190251,16.502941766244778,flat,flat,2305.81835918835,4.777210306311751,2830.228803515609,142.9698883425317,4.882847415380774,0.0,0.0,0.951171525846192,True,-936.7786947325644,False,True,False,0.6280305432339551,True
DHNC0210,Dhanmondi,Commercial,Commercial,36.75972604031296,0.4166613055621715,2.0610091887221964,28.50312797047764,0.3025509299744306,LT-E,2440.1545526624254,2440.1545526624254,0.0,0.0,0,0,0.0,0.0,0,,0.0,0,6.069810265900839,6.069810265900839,5.8500000000000005,37588.644422784906,37588.644422784906,0.0,15.36,30,1.0,2440.1545526624254,2440.1545526624254,39907.637625339594,39907.637625339594,0.0,37480.77392889485,37480.77392889485,16.354553272782177,16.354553272782177,flat,flat,0.0,0.0,0.0,0.0,0.0,0.0,0.0,1.0,True,0.0,False,False,False,,False
DHNC0211,Dhanmondi,Commercial,Commercial,36.75972604031296,0.3309563825878632,2.7043448773310153,25.962007428145675,0.29033380252283075,LT-E,2801.1579929867053,2801.1579929867053,0.0,0.0,0,0,0.0,0.0,0,,0.0,0,8.090227136078058,8.090227136078058,9.55,43028.283304961275,43028.283304961275,0.0,15.36,30,1.0,2801.1579929867053,2801.1579929867053,46079.55111088959,46079.55111088959,0.0,43025.786772275795,43025.786772275795,16.450179256671543,16.450179256671543,flat,flat,0.0,0.0,0.0,0.0,0.0,0.0,0.0,1.0,True,0.0,False,False,False,,False
DHNC0212,Dhanmondi,Commercial,Commercial,36.75972604031296,0.3848580286085137,2.431777569126155,26.681538029202063,0.28939145466639205,LT-E,6956.566754980034,6956.566754980034,0.0,0.0,0,0,0.0,0.0,0,,0.0,0,19.3003610580339,19.3003610580339,19.45,107709.19367726622,107709.19367726622,0.0,15.36,30,1.0,6956.566754980034,6956.566754980034,114033.53362431799,114033.53362431799,0.0,106852.86535649332,106852.86535649332,16.392214384011226,16.392214384011226,flat,flat,0.0,0.0,0.0,0.0,0.0,0.0,0.0,1.0,True,0.0,False,False,False,,False
DHNC0213,Dhanmondi,Commercial,Commercial,36.75972604031296,0.6558010365980831,2.36380319691189,22.13118992262571,0.2227033106883785,LT-E,5165.165533836952,4390.390703761409,0.0,774.7748300755427,0,1010,17146.6889116719,751.9088837024883,30,,0.0,0,16.01989261484622,14.791945157212943,16.75,79615.49484259787,66494.66556580456,751.9088837024883,15.36,30,1.0,5165.165533836952,4390.390703761409,84886.66472972235,72391.09627026401,0.0,79336.94259973557,67436.40120977524,16.434451940335812,16.488531694512723,flat,flat,12495.568459458344,14.720296172837058,13120.829276793302,774.7748300755429,15.000000000000002,1.2279474576332774,7.665141628323361,0.85,True,-3899.2115685110675,False,True,False,0.7287452711031867,True
DHNC0214,Dhanmondi,Commercial,Commercial,36.75972604031296,0.6212236734908011,2.8789088994748235,28.285413739680667,0.4565934015238867,LT-E,2413.2783371729643,2068.879156804707,0.0,344.39918036825725,0,490,9741.473308323071,361.9917505759446,30,,0.0,0,6.821606551391843,6.66373745945951,7.75,37136.681158568594,30865.16229625837,361.9917505759446,15.36,30,1.0,2413.2783371729643,2068.879156804707,39653.72802192556,34099.25804094631,0.0,37067.955258976726,31777.983848520296,16.43147721964717,16.48199602610484,flat,flat,5554.469980979251,14.007434503782449,6271.518862310222,344.3991803682575,14.271009483792245,0.15786909193233356,2.3142509135201124,0.8572899051620777,True,-3825.0115767678753,False,False,False,0.5701878766360255,True
DHNC0215,Dhanmondi,Commercial,Commercial,36.75972604031296,0.6467175420978678,2.7310507966849196,27.600778882103835,0.33500843064687036,LT-E,5707.275238553411,4851.183952770398,0.0,856.0912857830112,0,464,23628.786281792865,829.3924013749889,30,,0.0,0,22.561858245977593,22.561858245977593,18.55,87798.98242178715,72505.3009819617,829.3924013749889,15.36,30,1.0,5707.275238553411,4851.183952770398,93799.91004738942,79992.86979028097,0.0,87663.7476641804,74514.1855145533,16.43514744369755,16.48934993376182,flat,flat,13807.040257108456,14.719673238634119,15293.68143982545,856.0912857830135,15.00000000000003,0.0,0.0,0.8500000000000001,True,-8992.35362330942,False,True,False,0.5843313360427427,True
DHNC0216,Dhanmondi,Commercial,Commercial,36.75972604031296,0.6843026500271181,2.2001983258006925,30.705553673979338,0.21492979394346134,LT-E,6774.509675504226,5758.333224178592,0.0,1016.1764513256338,0,739,31202.260568413105,983.1669745426085,30,,0.0,0,18.845208173597825,18.845208173597825,19.25,104080.73724267003,87060.32043732403,983.1669745426085,15.36,30,1.0,6774.509675504226,5758.333224178592,111078.41704653215,94689.52323955233,0.0,104056.4686157449,88447.99832338317,16.396524968910697,16.443911728130235,flat,flat,16388.893806979817,14.754345842103874,17020.416805346,1016.1764513256339,15.000000000000002,0.0,0.0,0.85,True,-13830.19978689068,False,True,False,0.5252470016089391,True
DHNC0217,Dhanmondi,Commercial,Commercial,36.75972604031296,0.5594556761762538,1.667942366413967,25.3877336197858,0.29401798082547626,LT-E,5716.382667002519,5487.486746526367,0.0,228.89592047615326,0,180,5811.148655704252,686.6877614284597,10,,0.0,0,17.672538503218316,17.672538503218316,23.2,88352.86416425776,83776.86527071905,686.6877614284597,15.36,30,1.0,5716.382667002519,5487.486746526367,94386.21965341663,90694.58624797725,0.0,87803.6377651587,84287.796426645,16.511529257524256,16.527527160842403,flat,flat,3691.633405439381,3.9111995575148026,4575.998893538708,228.89592047615224,4.004209196795736,0.0,0.0,0.9599579080320425,True,-1432.8274888364112,False,False,False,0.6352674185706222,True
DHNC0218,Dhanmondi,Commercial,Commercial,36.75972604031296,0.6802465858525626,2.0540294808245325,27.22421221522437,0.3084273996828563,LT-E,7580.40414073512,6443.343519624851,0.0,1137.0606211102684,0,546,30955.579650680775,1103.2340859137641,30,,0.0,0,21.407562111848844,21.407562111848844,15.549999999999999,116978.08450422413,96584.6604384235,1103.2340859137641,15.36,30,1.0,7580.40414073512,6443.343519624851,123726.232981776,105387.71928450959,0.0,116435.00760169144,98969.7564614377,16.321851801660998,16.356060943130586,flat,flat,18338.51369726642,14.82184760281803,20393.42406580063,1137.0606211102686,15.000000000000007,0.0,0.0,0.85,True,-11513.83186750059,False,True,False,0.5924138363489866,True
DHNC0219,Dhanmondi,Commercial,Commercial,36.75972604031296,0.6270678478423948,2.9891760978754376,19.864238074552585,0.29010856675534097,LT-E,3154.9136566333536,2681.6766081383516,0.0,473.2370484950029,0,698,9400.493397003325,460.9011098894,30,,0.0,0,10.985978270487802,10.348095405580784,11.450000000000001,48472.90884730661,40414.550505955274,460.9011098894,15.36,30,1.0,3154.9136566333536,2681.6766081383516,51964.47245418272,44332.105336055334,0.0,48459.47376588831,41190.55270100508,16.47096501196633,16.531488249372153,flat,flat,7632.367118127389,14.687664009014767,8058.358341351333,473.237048495002,14.999999999999968,0.6378828649070183,5.806336488217856,0.8500000000000001,True,-1307.2251689865361,False,True,False,0.8119113322881992,True
DHNC0220,Dhanmondi,Commercial,Commercial,36.75972604031296,0.5807873989824072,2.055049455480988,23.18714525601814,0.38595612009737834,LT-E,5262.7241154011745,4473.315498090998,0.0,789.4086173101763,0,455,18304.132275923494,769.1253356936654,30,,0.0,0,20.608582597204187,20.608582597204187,21.75,81555.08799658016,66984.91914542942,769.1253356936654,15.36,30,1.0,5262.7241154011745,4473.315498090998,86932.58953319014,74201.00735321161,0.0,80835.44241256204,68710.12605067772,16.51855343866212,16.58747463372014,flat,flat,12731.582179978534,14.645350205652992,14570.168851150738,789.4086173101769,15.000000000000012,0.0,0.0,0.85,True,-4803.424760251295,False,True,False,0.6955578111028587,True
DHNC0221,Dhanmondi,Commercial,Commercial,36.75972604031296,0.5589000280252951,2.829419353198406,28.54300586178374,0.2467620754474981,LT-E,4137.841385690013,4137.841385690013,0.0,0.0,0,0,0.0,0.0,0,,0.0,0,15.856202003544492,15.856202003544492,19.849999999999998,65620.09053244603,65620.09053244603,0.0,15.36,30,1.0,4137.841385690013,4137.841385690013,68610.93086840854,68610.93086840854,0.0,63557.243684198605,63557.243684198605,16.581334196542,16.581334196542,flat,flat,0.0,0.0,0.0,0.0,0.0,0.0,0.0,1.0,True,0.0,False,False,False,,False
DHNC0222,Dhanmondi,Commercial,Commercial,36.75972604031296,0.6322130225419605,2.1727364585216584,26.615730072782977,0.2934694288160982,LT-E,696.4988576373756,592.0240289917697,0.0,104.47482864560642,0,632,2780.6738386317147,104.47482864560641,30,,0.0,0,2.1336408667060462,2.1336408667060462,2.1500000000000004,10757.36403518226,8961.883050289369,104.47482864560641,15.36,30,1.0,696.4988576373756,592.0240289917697,11436.308575975594,9751.338539579261,0.0,10698.222453310089,9093.489085313582,16.419709021159342,16.471187083716874,flat,flat,1684.970036396333,14.73351322415322,1795.4809848928908,104.47482864560595,14.999999999999945,0.0,0.0,0.8499999999999999,True,-991.2289735897753,False,True,False,0.6059574528256991,True
DHNC0223,Dhanmondi,Commercial,Commercial,36.75972604031296,0.541191106590681,1.80178742632775,25.944636977001533,0.2858198224790632,LT-E,4706.153050309702,4706.153050309702,0.0,0.0,0,0,0.0,0.0,0,,0.0,0,13.301461859778009,13.301461859778009,13.85,72463.4643356107,72463.4643356107,0.0,15.36,30,1.0,4706.153050309702,4706.153050309702,77209.66139539487,77209.66139539487,0.0,72286.51085275701,72286.51085275701,16.40610931476482,16.40610931476482,flat,flat,0.0,0.0,0.0,0.0,0.0,0.0,0.0,1.0,True,0.0,False,False,False,,False
DHNC0224,Dhanmondi,Commercial,Commercial,36.75972604031296,0.49540835928590315,2.3471349593404414,20.136337286721055,0.3029088882884094,LT-E,7610.757017753505,7344.217225982567,0.0,266.53979177093953,0,159,5367.135147432035,799.6193753128186,10,,0.0,0,18.22716121434781,18.22716121434781,17.549999999999997,116038.48590634805,110571.8612941176,799.6193753128186,15.36,30,1.0,7610.757017753505,7344.217225982567,124404.76418232854,120106.01042064682,0.0,116901.22779269384,112807.17659109221,16.345911962782587,16.353820526404448,flat,flat,4298.7537616817135,3.455457505937175,5466.624612230458,266.5397917709388,3.502145596675668,0.0,0.0,0.9649785440332432,True,-268.7620104375028,False,False,False,0.800940099997016,True
DHNC0225,Dhanmondi,Commercial,Commercial,36.75972604031296,0.3523582117299305,2.8203413142065736,21.134675718766466,0.2561773630171333,LT-E,1698.9761437990423,1698.9761437990423,0.0,0.0,0,0,0.0,0.0,0,,0.0,0,4.659328971950496,4.659328971950496,6.1499999999999995,26147.369916033516,26147.369916033516,0.0,15.36,30,1.0,1698.9761437990423,1698.9761437990423,27982.262247190953,27982.262247190953,0.0,26096.273568753288,26096.273568753288,16.470073667203145,16.470073667203145,flat,flat,0.0,0.0,0.0,0.0,0.0,0.0,0.0,1.0,True,0.0,False,False,False,,False
DHNC0226,Dhanmondi,Commercial,Commercial,36.75972604031296,0.5271543560437628,2.773143849109208,23.210124088636636,0.2822106297931066,LT-E,9176.6106747667,8920.113341670005,0.0,256.49733309669455,0,150,5953.334929578644,769.4919992900836,10,,0.0,0,22.90971033806363,22.90971033806363,22.15,139931.58060691014,134591.57258802533,769.4919992900836,15.36,30,1.0,9176.6106747667,8920.113341670005,150093.55196263734,145956.76297445383,0.0,140952.7399644165,137012.94092805128,16.35609892172452,16.3626578927671,flat,flat,4136.788988183514,2.756140376512165,5340.008018884808,256.497333096695,2.7951205754211212,0.0,0.0,0.9720487942457888,True,-1047.0539421050462,False,False,False,0.6948691846027721,True
DHNC0227,Dhanmondi,Commercial,Commercial,36.75972604031296,0.49467697318626824,2.9534732211235446,20.486380641145466,0.43438225640973105,LT-E,3244.391337522349,3091.3457910776265,0.0,153.0455464447231,0,145,3135.349319898705,459.1366393341693,10,,0.0,0,9.080969435693426,9.080969435693426,7.65,50084.87389232355,46882.048019422036,459.1366393341693,15.36,30,1.0,3244.391337522349,3091.3457910776265,53048.46849156045,50580.149918499956,0.0,49833.850944343285,47483.07135095234,16.350822996609306,16.361854459791115,flat,flat,2468.3185730604964,4.65294973304118,3202.8258729015142,153.04554644472273,4.71723446782469,0.0,0.0,0.952827655321753,True,-207.8941075040393,False,False,False,0.787254727055498,True
DHNC0228,Dhanmondi,Commercial,Commercial,36.75972604031296,0.6516896871580147,3.058026654715455,22.200605524447667,0.38836257964370446,LT-E,2706.0614371430615,2300.1522215716027,0.0,405.90921557145936,0,574,9011.430373639956,397.6534538074171,30,,0.0,0,7.750347530480868,6.531560007731274,9.55,41720.714301608976,34519.25731611212,397.6534538074171,15.36,30,1.0,2706.0614371430615,2300.1522215716027,44545.83385824329,37999.33002950681,0.0,41565.10367451742,35330.33812333982,16.46150129735147,16.52035446747232,flat,flat,6546.5038287364805,14.696107944839914,7201.456985496858,405.90921557145884,14.999999999999986,1.2187875227495937,15.725585439314802,0.85,True,-2067.273091096058,False,True,False,0.7264666714716205,True
DHNC0229,Dhanmondi,Commercial,Commercial,36.75972604031296,0.590393138286517,2.5226482250364226,29.089849645647973,0.3161351929983345,LT-E,917.5030609977321,890.7845565390871,0.0,26.71850445864503,0,110,777.2372774585587,80.15551337593507,10,,0.0,0,2.100352964339147,2.100352964339147,2.55,13982.214199998656,13442.977373922902,80.15551337593507,15.36,30,1.0,917.5030609977321,890.7845565390871,15038.464367771421,14607.548327862396,0.0,14092.847016925163,13682.450788440377,16.39064217553449,16.398519957077212,flat,flat,430.91603990902513,2.8654258132400217,539.2368260757539,26.71850445864493,2.9120888631793864,0.0,0.0,0.970879111368206,True,-266.16572417359845,False,False,False,0.5544201911133901,True
DHNC0230,Dhanmondi,Commercial,Commercial,36.75972604031296,0.5774431112276123,1.6267790832387652,24.585688524801867,0.2794428950969283,LT-E,7652.996666365846,6797.585721593281,0.0,855.4109447725668,0,434,21030.867048884815,1115.3433664020788,30,,0.0,0,23.619083959375175,23.472435381463573,21.35,117702.14054572977,101782.18895952315,1115.3433664020788,15.36,30,1.0,7652.996666365846,6797.585721593281,125445.10523514835,111649.03751785644,0.0,117550.02879537939,104410.9166836728,16.391632023892946,16.424807584726878,flat,flat,13796.06771729191,10.997693127548512,15919.951586206618,855.410944772565,11.177463966919134,0.14664857791160202,0.6208902011773089,0.8882253603308085,True,-6119.455965190826,False,False,False,0.6559913904274081,True
DHNC0231,Dhanmondi,Commercial,Commercial,36.75972604031296,0.5347339615124203,2.577467126557817,29.181009756382927,0.27644437413835965,LT-E,2343.065916282715,2343.065916282715,0.0,0.0,0,0,0.0,0.0,0,,0.0,0,7.457981334213692,7.457981334213692,6.65,36366.809297202875,36366.809297202875,0.0,15.36,30,1.0,2343.065916282715,2343.065916282715,38417.39209780763,38417.39209780763,0.0,35989.4924741025,35989.4924741025,16.396206282901762,16.396206282901762,flat,flat,0.0,0.0,0.0,0.0,0.0,0.0,0.0,1.0,True,0.0,False,False,False,,False
DHNC0232,Dhanmondi,Commercial,Commercial,36.75972604031296,0.6482744673170733,2.2493560494953146,24.122724742555242,0.2957585698823511,LT-E,5698.4874195185575,4843.714306590774,0.0,854.7731129277839,0,466,20619.45652049401,825.4876837352721,30,,0.0,0,18.05931136774204,18.05931136774204,16.15,89891.49389426506,74022.16444205695,825.4876837352721,15.36,30,1.0,5698.4874195185575,4843.714306590774,93431.38010199528,79645.599336696,0.0,87528.76676380503,74399.45174923429,16.395821070337455,16.443083612161715,flat,flat,13785.780765299278,14.754979269545087,15869.329452208112,854.7731129277836,14.999999999999998,0.0,0.0,0.85,True,-6008.188071459463,False,True,False,0.6685811894022214,True
DHNC0233,Dhanmondi,Commercial,Commercial,36.75972604031296,0.5967002966737178,3.069427328958588,33.2631280115955,0.37652431369686484,LT-E,6240.888484049824,6240.888484049824,0.0,0.0,0,0,0.0,0.0,0,,0.0,0,20.28796372332333,20.28796372332333,17.2,97297.58962208495,97297.58962208495,0.0,15.36,30,1.0,6240.888484049824,6240.888484049824,102278.44947075556,102278.44947075556,0.0,95860.04711500529,95860.04711500529,16.388443685887694,16.388443685887694,flat,flat,0.0,0.0,0.0,0.0,0.0,0.0,0.0,1.0,True,0.0,False,False,False,,False
DHNC0234,Dhanmondi,Commercial,Commercial,36.75972604031296,0.6554704558593628,2.36136812067222,23.043213619672162,0.2699455911723886,LT-E,5546.543790471945,4714.562221901153,0.0,831.9815685707919,0,622,19171.529012206676,807.6835594992457,30,,0.0,0,16.53308329146391,15.396974249964028,16.45,85568.54280674878,71156.27278489765,807.6835594992457,15.36,30,1.0,5546.543790471945,4714.562221901153,91009.18325273153,77590.98451482179,0.0,85194.91262164907,72415.67572840171,16.408269129519976,16.457728387670556,flat,flat,13418.19873790974,14.743785471239255,14412.27002185113,831.9815685707918,15.0,1.136109041499882,6.871731191764208,0.85,True,-4945.646714797689,False,True,False,0.6999023776020296,True
DHNC0235,Dhanmondi,Commercial,Commercial,36.75972604031296,0.6219672504552761,2.760704304791504,24.085020703443952,0.19347192942494412,LT-E,2620.346980742921,2331.8609522475695,0.0,288.4860284953519,0,900,6948.19196896487,284.02185880726717,30,,0.0,0,9.731589257217298,8.248028178918943,8.45,39437.23744140362,34830.20053466322,284.02185880726717,15.36,30,1.0,2620.346980742921,2331.8609522475695,43059.48110542183,38406.7784378488,0.0,40248.52962421127,35817.38422652266,16.432740175964636,16.470441087334276,flat,flat,4652.70266757303,10.805292001038968,4607.036906740395,288.48602849535155,11.009459076048012,1.4835610782983544,15.24479752572882,0.8899054092395198,True,-2011.4674425845724,False,True,False,0.6696278238072605,True
DHNC0236,Dhanmondi,Commercial,Commercial,36.75972604031296,0.5362486358709379,2.314911023784496,24.917129630932198,0.2770154233276872,LT-E,1199.2081007497957,1199.2081007497957,0.0,0.0,0,0,0.0,0.0,0,,0.0,0,3.463704053661075,3.463704053661075,4.95,18361.191506908286,18361.191506908286,0.0,15.36,30,1.0,1199.2081007497957,1199.2081007497957,19808.603248892705,19808.603248892705,0.0,18419.83642751686,18419.83642751686,16.518069913393287,16.518069913393287,flat,flat,0.0,0.0,0.0,0.0,0.0,0.0,0.0,1.0,True,0.0,False,False,False,,False
DHNC0237,Dhanmondi,Commercial,Commercial,36.75972604031296,0.5943932155910552,1.8408089122367497,24.019907968417005,0.25468565164154633,LT-E,2135.7736467944937,1873.4280858861005,0.0,262.3455609083936,0,659,6301.5162289423515,316.5800713114706,30,,0.0,0,8.13680718629048,8.055153197363403,9.700000000000001,32875.379866836985,28331.9968266405,316.5800713114706,15.36,30,1.0,2135.7736467944937,1873.4280858861005,35362.40737550159,31131.298169171027,0.0,32805.48321476342,28775.8553992105,16.55718873981602,16.617290198490025,flat,flat,4231.109206330566,11.964991979764926,4543.383040196484,262.3455609083933,12.283397227142414,0.08165398892707643,1.0035138729187705,0.8771660277285757,True,-1753.8269513003152,False,True,False,0.6714430388828367,True
DHNC0238,Dhanmondi,Commercial,Commercial,36.75972604031296,0.47997822091744036,2.4017191139130976,23.345961102992693,0.24925097212373026,LT-E,5043.218360259085,5043.218360259085,0.0,0.0,0,0,0.0,0.0,0,,0.0,0,16.569233928371567,16.569233928371567,15.600000000000001,76626.15068721182,76626.15068721182,0.0,15.36,30,1.0,5043.218360259085,5043.218360259085,82811.22571425851,82811.22571425851,0.0,77463.83401357954,77463.83401357954,16.420313339358216,16.420313339358216,flat,flat,0.0,0.0,0.0,0.0,0.0,0.0,0.0,1.0,True,0.0,False,False,False,,False
DHNC0239,Dhanmondi,Commercial,Commercial,36.75972604031296,0.5309041370305612,3.534261446984237,25.372307192456343,0.2778303441550011,LT-E,5044.2679810233585,5044.2679810233585,0.0,0.0,0,0,0.0,0.0,0,,0.0,0,13.739604554225258,13.739604554225258,14.25,77379.68621324937,77379.68621324937,0.0,15.36,30,1.0,5044.2679810233585,5044.2679810233585,82700.57899794473,82700.57899794473,0.0,77479.95618851879,77479.95618851879,16.394961431285182,16.394961431285182,flat,flat,0.0,0.0,0.0,0.0,0.0,0.0,0.0,1.0,True,0.0,False,False,False,,False
DHNC0240,Dhanmondi,Commercial,Commercial,36.75972604031296,0.5139635627285517,2.407827629123505,28.36644347438087,0.35167601573353247,LT-E,4461.895577249598,4461.895577249598,0.0,0.0,0,0,0.0,0.0,0,,0.0,0,15.497517479912196,15.497517479912196,15.65,69288.6062510713,69288.6062510713,0.0,15.36,30,1.0,4461.895577249598,4461.895577249598,73440.37686988151,73440.37686988151,0.0,68534.71606655382,68534.71606655382,16.45945665881128,16.45945665881128,flat,flat,0.0,0.0,0.0,0.0,0.0,0.0,0.0,1.0,True,0.0,False,False,False,,False
DHNC0241,Dhanmondi,Commercial,Commercial,36.75972604031296,0.5493012594831621,2.5576217647419357,23.960548145381686,0.3315462354669829,LT-E,6058.818915342006,5764.859561091529,0.0,293.9593542504773,0,185,7043.427260303871,881.8780627514317,10,,0.0,0,16.203903719264588,16.203903719264588,16.15,93169.78184151926,87322.6410267299,881.8780627514317,15.36,30,1.0,6058.818915342006,5764.859561091529,99242.80646663587,94501.83000128416,0.0,93063.4585396532,88548.24285836588,16.379893152993144,16.39273758533521,flat,flat,4740.976465351705,4.777148726588621,5847.140814789353,293.9593542504772,4.851760027125416,0.0,0.0,0.9514823997287458,True,-1420.5727322007342,False,False,False,0.6731064707761556,True
DHNC0242,Dhanmondi,Commercial,Commercial,36.75972604031296,0.6022173759091141,2.61374720452666,19.16476328725613,0.39072288364503527,LT-E,1286.0168637148374,1093.1143341576117,0.0,192.90252955722562,0,590,3696.931316477159,192.90252955722562,30,,0.0,0,4.441644813163508,4.441644813163508,4.45,19755.49736795478,16393.837424303223,192.90252955722562,15.36,30,1.0,1286.0168637148374,1093.1143341576117,21161.404977992897,18050.27298129396,0.0,19753.219026659903,16790.236172660916,16.454998044788663,16.512703582104308,flat,flat,3111.131996698936,14.701916058666246,3361.659943651557,192.90252955722576,15.00000000000001,0.0,0.0,0.85,True,-392.89679022099745,False,True,False,0.8415444406101553,True
DHNC0243,Dhanmondi,Commercial,Commercial,36.75972604031296,0.4144046394142541,1.4088210840379785,28.810943825935528,0.333962701796865,LT-E,574.3167216106594,574.3167216106594,0.0,0.0,0,0,0.0,0.0,0,,0.0,0,2.236192384751572,2.236192384751572,2.25,9045.689622682501,9045.689622682501,0.0,15.36,30,1.0,574.3167216106594,574.3167216106594,9475.205086136715,9475.205086136715,0.0,8821.504843939729,8821.504843939729,16.498222547941314,16.498222547941314,flat,flat,0.0,0.0,0.0,0.0,0.0,0.0,0.0,1.0,True,0.0,False,False,False,,False
DHNC0244,Dhanmondi,Commercial,Commercial,36.75972604031296,0.4942634446712661,2.576528950499988,25.289705148453457,0.32329122011640754,LT-E,5016.304300581455,5016.304300581455,0.0,0.0,0,0,0.0,0.0,0,,0.0,0,14.947977908150243,14.947977908150243,14.25,77294.08676701349,77294.08676701349,0.0,15.36,30,1.0,5016.304300581455,5016.304300581455,82249.5807597777,82249.5807597777,0.0,77050.43405693115,77050.43405693115,16.39644962333005,16.39644962333005,flat,flat,0.0,0.0,0.0,0.0,0.0,0.0,0.0,1.0,True,0.0,False,False,False,,False
DHNC0245,Dhanmondi,Commercial,Commercial,36.75972604031296,0.3664571726211237,2.386994486715139,24.048459376606445,0.3424125730057815,LT-E,2124.4700980233383,2124.4700980233383,0.0,0.0,0,0,0.0,0.0,0,,0.0,0,4.771432980967091,4.771432980967091,6.1499999999999995,32093.57073254671,32093.57073254671,0.0,15.36,30,1.0,2124.4700980233383,2124.4700980233383,34844.6287409204,34844.6287409204,0.0,32631.860705638475,32631.860705638475,16.401562334692656,16.401562334692656,flat,flat,0.0,0.0,0.0,0.0,0.0,0.0,0.0,1.0,True,0.0,False,False,False,,False
DHNC0246,Dhanmondi,Commercial,Commercial,36.75972604031296,0.6510325112512118,2.4483558809391615,32.49961576662916,0.22112441054451876,LT-E,1798.0165874923164,1643.3754855237903,0.0,154.64110196852573,0,475,5025.776395705207,226.90720263078788,30,,0.0,0,5.349787166456938,5.349787166456938,7.3500000000000005,27552.907886636724,24762.02834920086,226.90720263078788,15.36,30,1.0,1798.0165874923164,1643.3754855237903,29692.986523076077,27198.93483052769,0.0,27617.53478388198,25242.24745764542,16.514300663092722,16.550651430618498,flat,flat,2494.051692548386,8.399463929336038,2790.8795374358633,154.64110196852607,8.60064935130566,0.0,0.0,0.9139935064869436,True,-2304.8175005260327,False,True,False,0.4962520208180543,True
DHNC0247,Dhanmondi,Commercial,Commercial,36.75972604031296,0.49182991268432225,3.068634848080208,20.831769344647114,0.3341118873415201,LT-E,8231.516395522589,8231.516395522589,0.0,0.0,0,0,0.0,0.0,0,,0.0,0,19.17476137805277,19.17476137805277,18.45,126164.56261360589,126164.56261360589,0.0,15.36,30,1.0,8231.516395522589,8231.516395522589,134501.42142698832,134501.42142698832,0.0,126436.09183522697,126436.09183522697,16.339810912622173,16.339810912622173,flat,flat,0.0,0.0,0.0,0.0,0.0,0.0,0.0,1.0,True,0.0,False,False,False,,False
DHNC0248,Dhanmondi,Commercial,Commercial,36.75972604031296,0.6479858294063585,2.9963009164403234,27.70938720083289,0.3452087192246569,LT-E,4968.895869357745,4223.561488954083,0.0,745.3343804036622,0,615,20652.758940697942,729.531775598214,30,,0.0,0,14.437190463300405,14.437190463300405,16.25,76995.06880766597,63878.35956881664,729.531775598214,15.36,30,1.0,4968.895869357745,4223.561488954083,81673.97758100172,69653.22469385144,0.0,76322.24055333497,64873.90447033471,16.437047530955503,16.491585330535884,flat,flat,12020.752887150273,14.717971676141845,13116.709238849333,745.3343804036622,15.000000000000009,0.0,0.0,0.8499999999999999,True,-7902.474277949455,False,True,False,0.5820410203627758,True
DHNC0249,Dhanmondi,Commercial,Commercial,36.75972604031296,0.6575246329297171,2.387304942356936,19.738096995422765,0.2606412942673965,LT-E,3085.669791352396,2622.8193226495364,0.0,462.8504687028595,0,949,9135.787445633929,453.2335267351158,30,,0.0,0,7.988087917930544,7.988087917930544,10.25,47510.74192107855,39836.622356692744,453.2335267351158,15.36,30,1.0,3085.669791352396,2622.8193226495364,50734.30739493144,43269.455035691724,0.0,47395.8879951728,40286.50479589688,16.441910776426752,16.497306795796177,flat,flat,7464.852359239718,14.713618343364802,7674.119564385808,462.8504687028594,15.000000000000002,0.0,0.0,0.85,True,-1217.7015596590954,False,True,False,0.8171000478789855,True
DHNC0250,Dhanmondi,Commercial,Commercial,36.75972604031296,0.5382462551099008,3.1941314430145407,17.499407546439382,0.2430916694858724,LT-E,6329.762520361548,5380.298142307318,0.0,949.4643780542326,0,853,16615.06410239761,920.9387287382939,30,,0.0,0,18.823267520696554,18.823267520696554,20.2,97628.1877294337,81360.12228590097,920.9387287382939,15.36,30,1.0,6329.762520361548,5380.298142307318,103995.30992839104,88682.34843913242,0.0,97225.15231275337,82641.3794658404,16.42957529510143,16.482794464825208,flat,flat,15312.961489258625,14.724665467897355,16268.06544353273,949.4643780542301,14.999999999999968,0.0,0.0,0.8499999999999999,True,-381.1638844006902,False,True,False,0.9216312013535304,True
DHNC0251,Dhanmondi,Commercial,Commercial,36.75972604031296,0.5590233038953479,2.70498748732697,27.589228826542918,0.3125255801161915,LT-E,4578.423261211303,4578.423261211303,0.0,0.0,0,0,0.0,0.0,0,,0.0,0,17.008448034790778,17.008448034790778,21.25,72005.05992844459,72005.05992844459,0.0,15.36,30,1.0,4578.423261211303,4578.423261211303,75848.93535681588,75848.93535681588,0.0,70324.5812922056,70324.5812922056,16.566606237438325,16.566606237438325,flat,flat,0.0,0.0,0.0,0.0,0.0,0.0,0.0,1.0,True,0.0,False,False,False,,False
DHNC0252,Dhanmondi,Commercial,Commercial,36.75972604031296,0.36693762076825037,1.462540541830387,22.113647065527733,0.34680301745181513,LT-E,1749.3945798051477,1749.3945798051477,0.0,0.0,0,0,0.0,0.0,0,,0.0,0,5.124934260846789,5.124934260846789,6.450000000000001,26520.572440914595,26520.572440914595,0.0,15.36,30,1.0,1749.3945798051477,1749.3945798051477,28823.760783097423,28823.760783097423,0.0,26870.70074580707,26870.70074580707,16.476420537617013,16.476420537617013,flat,flat,0.0,0.0,0.0,0.0,0.0,0.0,0.0,1.0,True,0.0,False,False,False,,False
DHNC0253,Dhanmondi,Commercial,Commercial,36.75972604031296,0.6988064319277402,2.13775404733667,28.650220690396807,0.3005873336984089,LT-E,4317.664064550847,3670.014454868221,0.0,647.6496096826273,0,800,18555.304247456625,639.0594303948046,30,,0.0,0,12.461752481472509,12.461752481472509,11.200000000000001,66545.10177468054,55435.9568861339,639.0594303948046,15.36,30,1.0,4317.664064550847,3670.014454868221,70693.68603307605,60248.393128114665,0.0,66319.320031501,56371.42202677587,16.37313254949354,16.416391234698285,flat,flat,10445.292904961389,14.775425488599167,11109.144888546645,647.6496096826259,14.999999999999973,0.0,0.0,0.8499999999999999,True,-7470.9519121004305,False,True,False,0.5629276009523329,True
DHNC0254,Dhanmondi,Commercial,Commercial,36.75972604031296,0.5817491403872718,3.413798905296532,20.060375196781678,0.3431925544801178,LT-E,8962.724365207096,7618.31571042603,0.0,1344.4086547810643,0,596,26969.342032708682,1306.5289741779993,30,,0.0,0,18.737081295251716,18.737081295251716,20.25,135537.1015883473,111960.20812172262,1306.5289741779993,15.36,30,1.0,8962.724365207096,7618.31571042603,146464.44356206,124781.82077775101,0.0,137667.44624958097,117017.32931214382,16.341509299407733,16.379187411067925,flat,flat,21682.622784309002,14.804018133671894,23576.893466624664,1344.4086547810657,15.000000000000016,0.0,0.0,0.85,True,-3980.1902742216807,False,True,False,0.8039729986001181,True
DHNC0255,Dhanmondi,Commercial,Commercial,36.75972604031296,0.3816433062533817,2.1532672813052427,21.29337066626516,0.34362470074083606,LT-E,7039.1215643033875,7039.1215643033875,0.0,0.0,0,0,0.0,0.0,0,,0.0,0,19.97846541018854,19.97846541018854,18.75,109298.21843748832,109298.21843748832,0.0,15.36,30,1.0,7039.1215643033875,7039.1215643033875,115298.82758908502,115298.82758908502,0.0,108120.90722770002,108120.90722770002,16.37971819861522,16.37971819861522,flat,flat,0.0,0.0,0.0,0.0,0.0,0.0,0.0,1.0,True,0.0,False,False,False,,False
DHNC0256,Dhanmondi,Commercial,Commercial,36.75972604031296,0.4174670995026155,2.8882362692771646,30.714750386613446,0.3182763680302469,LT-E,3198.4780850036404,3198.4780850036404,0.0,0.0,0,0,0.0,0.0,0,,0.0,0,12.415184878541622,12.415184878541622,11.55,48054.967089228354,48054.967089228354,0.0,15.36,30,1.0,3198.4780850036404,3198.4780850036404,52676.52955493871,52676.52955493871,0.0,49128.62338565591,49128.62338565591,16.4692482346268,16.4692482346268,flat,flat,0.0,0.0,0.0,0.0,0.0,0.0,0.0,1.0,True,0.0,False,False,False,,False
DHNC0257,Dhanmondi,Commercial,Commercial,36.75972604031296,0.629677090893026,1.5069545431503717,26.033240783128228,0.361498859078496,LT-E,7750.515128550931,6587.937859268293,0.0,1162.5772692826397,0,518,30265.65398022667,1128.018309343745,30,,0.0,0,19.432903503833273,19.432903503833273,18.849999999999998,118573.79158095835,97785.92383791314,1128.018309343745,15.36,30,1.0,7750.515128550931,6587.937859268293,126781.63299326942,108031.58679427904,0.0,119047.9123745423,101190.72551836098,16.35783311050359,16.39839189471011,flat,flat,18750.046198990385,14.789244905834101,20787.867743045208,1162.5772692826376,14.999999999999973,0.0,0.0,0.85,True,-10387.589471892541,False,True,False,0.6195156467208761,True
DHNC0258,Dhanmondi,Commercial,Commercial,36.75972604031296,0.607697060183224,3.13551123995833,26.528377093143472,0.2748842027398379,LT-E,6245.641426328133,5523.462904057019,0.0,722.1785222711167,0,569,19158.22416737729,911.4395645199257,30,,0.0,0,15.500950543015255,14.456562721594986,17.05,95081.52647687931,82143.81628910347,911.4395645199257,15.36,30,1.0,6245.641426328133,5523.462904057019,102340.92992382012,90693.6347166316,0.0,95933.05230840012,84840.3902063158,16.385975905118084,16.419705589045694,flat,flat,11647.295207188523,11.380876855289923,12937.71018777584,722.1785222711142,11.562920010534278,1.044387821420269,6.737572760599971,0.8843707998946568,True,-6599.489395668843,False,True,False,0.6079527572822532,True
DHNC0259,Dhanmondi,Commercial,Commercial,36.75972604031296,0.45461745249307833,1.7515220777982081,26.96614190871414,0.3234694337733327,LT-E,4964.042714443808,4964.042714443808,0.0,0.0,0,0,0.0,0.0,0,,0.0,0,13.254884112047966,13.254884112047966,11.350000000000001,75760.53593862987,75760.53593862987,0.0,15.36,30,1.0,4964.042714443808,4964.042714443808,81132.65589854974,81132.65589854974,0.0,76247.6960938569,76247.6960938569,16.344068849866893,16.344068849866893,flat,flat,0.0,0.0,0.0,0.0,0.0,0.0,0.0,1.0,True,0.0,False,False,False,,False
DHNC0260,Dhanmondi,Commercial,Commercial,36.75972604031296,0.5638238482917743,1.6459911596907078,30.415768497242343,0.3930933119169888,LT-E,5238.639892146789,5238.639892146789,0.0,0.0,0,0,0.0,0.0,0,,0.0,0,10.683711300951497,10.683711300951497,10.25,79095.61695776712,79095.61695776712,0.0,15.36,30,1.0,5238.639892146789,5238.639892146789,85457.40918054341,85457.40918054341,0.0,80465.50874337468,80465.50874337468,16.312900092379333,16.312900092379333,flat,flat,0.0,0.0,0.0,0.0,0.0,0.0,0.0,1.0,True,0.0,False,False,False,,False
DHNC0261,Dhanmondi,Commercial,Commercial,36.75972604031296,0.4724582862294126,2.2372207371232444,22.667328883808295,0.4020960903347974,LT-E,1387.1971599959058,1387.1971599959058,0.0,0.0,0,0,0.0,0.0,0,,0.0,0,3.860254500351716,3.860254500351716,4.75,21076.778217355528,21076.778217355528,0.0,15.36,30,1.0,1387.1971599959058,1387.1971599959058,22821.59079641397,22821.59079641397,0.0,21307.348377537113,21307.348377537113,16.451584139980017,16.451584139980017,flat,flat,0.0,0.0,0.0,0.0,0.0,0.0,0.0,1.0,True,0.0,False,False,False,,False
DHNC0262,Dhanmondi,Commercial,Commercial,36.75972604031296,0.4953936037527889,3.0815172003993276,25.14894791466731,0.3496681127410229,LT-E,2337.2094712431353,2337.2094712431353,0.0,0.0,0,0,0.0,0.0,0,,0.0,0,6.573971182997175,6.573971182997175,7.0,35743.071751278374,35743.071751278374,0.0,15.36,30,1.0,2337.2094712431353,2337.2094712431353,38356.014352209284,38356.014352209284,0.0,35899.53747829456,35899.53747829456,16.4110298302908,16.4110298302908,flat,flat,0.0,0.0,0.0,0.0,0.0,0.0,0.0,1.0,True,0.0,False,False,False,,False
DHNC0263,Dhanmondi,Commercial,Commercial,36.75972604031296,0.6023643008208747,3.1296951413551577,19.40823694129841,0.3256603412593536,LT-E,5893.196217414975,5009.2167848027275,0.0,883.9794326122461,0,637,17156.482279372998,857.1632081701453,30,,0.0,0,16.34211746563203,16.34211746563203,20.15,89928.3313839134,74515.67496459748,857.1632081701453,15.36,30,1.0,5893.196217414975,5009.2167848027275,96949.64359446871,82692.82330529839,0.0,90519.49389949402,76941.56981456988,16.451114135309627,16.508134276834852,flat,flat,14256.820289170326,14.705387003592577,15412.656419315928,883.9794326122474,15.00000000000002,0.0,0.0,0.85,True,-2042.4987820325277,False,True,False,0.8309873817379863,True
DHNC0264,Dhanmondi,Commercial,Commercial,36.75972604031296,0.6628197138815369,2.7195113147399637,22.984476266533402,0.20479180861785368,LT-E,3416.513498371206,3037.0206989689373,0.0,379.49279940226955,0,930,8722.443241181787,370.4589423910364,30,,0.0,0,9.058842770378284,7.9074965820747565,9.8,52315.378548351706,46026.92974397531,370.4589423910364,15.36,30,1.0,3416.513498371206,3037.0206989689373,56027.62970173081,49907.16983297101,0.0,52477.647334981724,46648.63793616287,16.399065810347746,16.432937006295152,flat,flat,6120.459868759797,10.924002855988611,6288.448804376392,379.4927994022687,11.107604275036195,1.1513461883035276,12.709638719730744,0.8889239572496378,True,-2231.524430030953,False,True,False,0.7016909940855686,True
DHNC0265,Dhanmondi,Commercial,Commercial,36.75972604031296,0.6654722756464848,1.5587888962256895,20.01552066281002,0.26168628033352276,LT-E,2848.381353809079,2471.8514734787195,0.0,376.5298803303598,0,780,7536.441599917701,366.3686325229832,30,,0.0,0,9.142864668545823,7.432845119389203,8.450000000000001,43732.77311794755,37504.7291753648,366.3686325229832,15.36,30,1.0,2848.381353809079,2471.8514734787195,46737.21947423283,40664.545564264794,0.0,43751.137594507454,37967.638632633134,16.40834343046522,16.45104732244944,flat,flat,6072.673909968034,12.993228904676329,6228.04394258275,376.52988033035945,13.219082473870087,1.7100195491566197,18.703323423779818,0.8678091752612991,True,-1097.3990574266836,False,True,False,0.805774692135125,True
DHNC0266,Dhanmondi,Commercial,Commercial,36.75972604031296,0.40102203880365117,2.6261337223807715,25.781407050104715,0.2371815583638487,LT-E,2024.6277634953303,2024.6277634953303,0.0,0.0,0,0,0.0,0.0,0,,0.0,0,5.610739372809656,5.610739372809656,6.85,31211.646364958335,31211.646364958335,0.0,15.36,30,1.0,2024.6277634953303,2024.6277634953303,33300.52156965269,33300.52156965269,0.0,31098.28244728827,31098.28244728827,16.447725438755445,16.447725438755445,flat,flat,0.0,0.0,0.0,0.0,0.0,0.0,0.0,1.0,True,0.0,False,False,False,,False
DHNC0267,Dhanmondi,Commercial,Commercial,36.75972604031296,0.6745888735298629,2.87436078000358,15.974972525226818,0.2708616911729081,LT-E,12448.36789533793,10581.112711037238,0.0,1867.2551843006897,0,909,29829.35026679085,1816.894745533292,30,,0.0,0,23.931442082722274,23.931442082722274,20.4,187218.3607457345,155890.76791082876,1816.894745533292,15.36,30,1.0,12448.36789533793,10581.112711037238,202695.07741601014,172579.98580360855,0.0,191206.9308723906,162525.89124153196,16.28286367499807,16.310192558821253,flat,flat,30115.091612401593,14.857337433308045,31327.59283490575,1867.2551843006913,15.000000000000016,0.0,0.0,0.85,True,2102.636091144035,True,True,True,1.0095792011242317,True
DHNC0268,Dhanmondi,Commercial,Commercial,36.75972604031296,0.4647852731168096,1.918530410352436,21.219009027306075,0.45386505712300956,LT-E,3108.3149689400234,3108.3149689400234,0.0,0.0,0,0,0.0,0.0,0,,0.0,0,12.263890444535967,12.263890444535967,14.250000000000002,46904.28856437264,46904.28856437264,0.0,15.36,30,1.0,3108.3149689400234,3108.3149689400234,51477.5288190647,51477.5288190647,0.0,47743.71792291876,47743.71792291876,16.561233122594142,16.561233122594142,flat,flat,0.0,0.0,0.0,0.0,0.0,0.0,0.0,1.0,True,0.0,False,False,False,,False
DHNC0269,Dhanmondi,Commercial,Commercial,36.75972604031296,0.4864136240076534,3.4631325281096297,25.069526174169695,0.3606881446210819,LT-E,2643.495271087436,2643.495271087436,0.0,0.0,0,0,0.0,0.0,0,,0.0,0,9.639982074212732,9.639982074212732,10.15,40779.57955960957,40779.57955960957,0.0,15.36,30,1.0,2643.495271087436,2643.495271087436,43593.46673209816,43593.46673209816,0.0,40604.08736390301,40604.08736390301,16.49084347110083,16.49084347110083,flat,flat,0.0,0.0,0.0,0.0,0.0,0.0,0.0,1.0,True,0.0,False,False,False,,False
DHNC0270,Dhanmondi,Commercial,Commercial,36.75972604031296,0.5370389990461566,2.7225671100081303,21.061782399713195,0.33488997486573524,LT-E,5821.666449917623,5037.673149808001,0.0,783.9933001096241,0,448,16512.296289741946,853.346010999011,30,,0.0,0,23.45201800027378,23.45201800027378,22.55,91891.431387903,76993.74231915725,853.346010999011,15.36,30,1.0,5821.666449917623,5037.673149808001,96022.81150427143,83378.56756010343,0.0,89420.7966707347,77378.65958105089,16.494042097796612,16.5510077928103,flat,flat,12644.243944168004,13.167958473706575,14897.689068745749,783.9933001096224,13.466819283690084,0.0,0.0,0.8653318071630989,True,-3014.70633457493,False,False,False,0.7657471572880556,True
DHNC0271,Dhanmondi,Commercial,Commercial,36.75972604031296,0.57617130045686,3.5346336283932436,19.418589271898536,0.25923880914233566,LT-E,2544.07785580434,2220.519315406965,0.0,323.558540397375,0,1020,6283.050401391619,323.5585403973751,30,,0.0,0,6.2719060996284135,5.469331398676719,7.85,38563.550135679914,33274.6919186142,323.5585403973751,15.36,30,1.0,2544.07785580434,2220.519315406965,41772.71265841239,36554.36051888353,0.0,39077.035865154656,34107.17668465098,16.419588953658597,16.462077256096304,flat,flat,5218.352139528863,12.492251059204234,5288.858217065717,323.55854039737505,12.718106863717747,0.8025747009516948,12.796344336201786,0.8728189313628225,True,-741.1397214653807,False,True,False,0.830544370354416,True
DHNC0272,Dhanmondi,Commercial,Commercial,36.75972604031296,0.4299018931112148,1.6347311060845564,21.784241601095413,0.3119781376474623,LT-E,3517.340334645197,3517.340334645197,0.0,0.0,0,0,0.0,0.0,0,,0.0,0,10.236912856448784,10.236912856448784,8.45,53901.53031309153,53901.53031309153,0.0,15.36,30,1.0,3517.340334645197,3517.340334645197,57526.18991715773,57526.18991715773,0.0,54026.34754015022,54026.34754015022,16.355025230437516,16.355025230437516,flat,flat,0.0,0.0,0.0,0.0,0.0,0.0,0.0,1.0,True,0.0,False,False,False,,False
DHNC0273,Dhanmondi,Commercial,Commercial,36.75972604031296,0.35034506219439576,1.7780734419366597,31.079222980183964,0.337397598094451,LT-E,1088.242674531563,1088.242674531563,0.0,0.0,0,0,0.0,0.0,0,,0.0,0,3.7450528215171843,3.7450528215171843,3.95,16829.604196760116,16829.604196760116,0.0,15.36,30,1.0,1088.242674531563,1088.242674531563,17924.452854845047,17924.452854845047,0.0,16715.407480804806,16715.407480804806,16.471007133184404,16.471007133184404,flat,flat,0.0,0.0,0.0,0.0,0.0,0.0,0.0,1.0,True,0.0,False,False,False,,False
DHNC0274,Dhanmondi,Commercial,Commercial,36.75972604031296,0.5206705527102051,2.9028153403622694,29.603850088806983,0.25693295717310927,LT-E,6837.775770907468,6837.775770907468,0.0,0.0,0,0,0.0,0.0,0,,0.0,0,22.54216472948664,22.54216472948664,20.25,106474.62557897522,106474.62557897522,0.0,15.36,30,1.0,6837.775770907468,6837.775770907468,112193.27263319564,112193.27263319564,0.0,105028.2358411387,105028.2358411387,16.407860741871918,16.407860741871918,flat,flat,0.0,0.0,0.0,0.0,0.0,0.0,0.0,1.0,True,0.0,False,False,False,,False
DHNC0275,Dhanmondi,Commercial,Commercial,36.75972604031296,0.4599966576065344,2.277267601772285,25.800315482414177,0.20434207715574956,LT-E,6248.413429466077,6248.413429466077,0.0,0.0,0,0,0.0,0.0,0,,0.0,0,18.415102417184226,18.415102417184226,18.25,96255.6079127348,96255.6079127348,0.0,15.36,30,1.0,6248.413429466077,6248.413429466077,102499.03679042889,102499.03679042889,0.0,95975.63027659894,95975.63027659894,16.40401006550992,16.40401006550992,flat,flat,0.0,0.0,0.0,0.0,0.0,0.0,0.0,1.0,True,0.0,False,False,False,,False
DHNC0276,Dhanmondi,Commercial,Commercial,36.75972604031296,0.6527267515818407,2.3091136553626446,15.39477646054663,0.24597520606413512,LT-E,5976.804632192927,5080.28393736399,0.0,896.5206948289397,0,862,13801.735689145462,874.9082960823391,30,,0.0,0,19.15437575342423,19.15010819869381,17.349999999999998,92630.87018499359,77464.91607973549,874.9082960823391,15.36,30,1.0,5976.804632192927,5080.28393736399,98033.48010800751,83574.39434180643,0.0,91803.71915048335,78033.16127791088,16.402323003828624,16.450732945680734,flat,flat,14459.085766201082,14.749130348398234,15165.954105258104,896.5206948289369,14.999999999999966,0.00426755473041851,0.022279790191834358,0.8499999999999999,True,1532.25837313796,True,True,True,1.04762807315406,True
DHNC0277,Dhanmondi,Commercial,Commercial,36.75972604031296,0.6536572705484058,3.400052167892826,20.827783094581548,0.3344004464389872,LT-E,1536.1009443087082,1305.6858026624025,0.0,230.41514164630635,0,742,4799.036591916553,230.1007131255026,30,,0.0,0,4.712920564054598,4.712920564054598,5.6499999999999995,23857.50842074724,19907.44376189638,230.1007131255026,15.36,30,1.0,1536.1009443087082,1305.6858026624025,25308.161029810846,21592.02562533923,0.0,23594.510504581758,20055.333928894503,16.475584578981092,16.536923034095402,flat,flat,3716.135404471617,14.68354575464542,3950.0646588508607,230.41514164630576,14.999999999999968,0.0,0.0,0.8499999999999999,True,-852.8004743194333,False,True,False,0.7743502957929174,True
DHNC0278,Dhanmondi,Commercial,Commercial,36.75972604031296,0.4205304817142217,1.6862573629512183,28.829394236703838,0.25059898799987146,LT-E,2263.6432243286886,2263.6432243286886,0.0,0.0,0,0,0.0,0.0,0,,0.0,0,7.877607871055033,7.877607871055033,7.25,34267.445940264945,34267.445940264945,0.0,15.36,30,1.0,2263.6432243286886,2263.6432243286886,37193.16292197309,37193.16292197309,0.0,34769.559925688656,34769.559925688656,16.43066474532584,16.43066474532584,flat,flat,0.0,0.0,0.0,0.0,0.0,0.0,0.0,1.0,True,0.0,False,False,False,,False
DHNC0279,Dhanmondi,Commercial,Commercial,36.75972604031296,0.49866380170915275,2.473975649184761,28.137690116573776,0.3271746664292288,LT-E,6555.233487518936,6555.233487518936,0.0,0.0,0,0,0.0,0.0,0,,0.0,0,17.36847529571119,17.36847529571119,16.95,100454.76081116352,100454.76081116352,0.0,15.36,30,1.0,6555.233487518936,6555.233487518936,107324.5806867054,107324.5806867054,0.0,100688.38636829086,100688.38636829086,16.3723505640264,16.3723505640264,flat,flat,0.0,0.0,0.0,0.0,0.0,0.0,0.0,1.0,True,0.0,False,False,False,,False
DHNC0280,Dhanmondi,Commercial,Commercial,36.75972604031296,0.4959327830201956,1.7363544235997714,27.609719786311214,0.22749718725283105,LT-E,2142.1003449276586,2142.1003449276586,0.0,0.0,0,0,0.0,0.0,0,,0.0,0,6.854564280814256,6.854564280814256,7.15,33014.859624069206,33014.859624069206,0.0,15.36,30,1.0,2142.1003449276586,2142.1003449276586,35223.46936299328,35223.46936299328,0.0,32902.66129808884,32902.66129808884,16.443426399888292,16.443426399888292,flat,flat,0.0,0.0,0.0,0.0,0.0,0.0,0.0,1.0,True,0.0,False,False,False,,False
DHNC0281,Dhanmondi,Commercial,Commercial,36.75972604031296,0.40690717559017625,2.8039934617759914,22.75615450847333,0.31933600480849184,LT-E,2688.981372435192,2688.981372435192,0.0,0.0,0,0,0.0,0.0,0,,0.0,0,8.457113212583959,8.457113212583959,9.25,41443.13677450977,41443.13677450977,0.0,15.36,30,1.0,2688.981372435192,2688.981372435192,44242.01657463478,44242.01657463478,0.0,41302.75388060455,41302.75388060455,16.45307662900185,16.45307662900185,flat,flat,0.0,0.0,0.0,0.0,0.0,0.0,0.0,1.0,True,0.0,False,False,False,,False
DHNC0282,Dhanmondi,Commercial,Commercial,36.75972604031296,0.6429336322230459,2.2876661716839486,28.451605633779188,0.3484042617023189,LT-E,1070.3315265082542,910.5280195780691,0.0,159.8035069301852,0,753,4546.666358072527,159.85502439390703,30,,0.0,0,2.927005586891676,2.927005586891676,4.250000000000001,16396.72258632338,13711.814216479492,159.85502439390703,15.36,30,1.0,1070.3315265082542,910.5280195780691,17663.931859525124,15086.620899755098,0.0,16440.292247166784,13985.710380719142,16.503234205527164,16.569090215088725,flat,flat,2577.310959770026,14.590811265953977,2684.908369843888,159.8035069301851,14.930281223380625,0.0,0.0,0.8506971877661936,True,-1809.5003739085942,False,True,False,0.5668572876903657,True
DHNC0283,Dhanmondi,Commercial,Commercial,36.75972604031296,0.43040963432368,2.4189978798335483,28.861382800331608,0.3052752673770928,LT-E,817.0730088220594,817.0730088220594,0.0,0.0,0,0,0.0,0.0,0,,0.0,0,3.2589199778356406,3.2589199778356406,3.75,12643.8120371136,12643.8120371136,0.0,15.36,30,1.0,817.0730088220594,817.0730088220594,13532.128486282172,13532.128486282172,0.0,12550.24141550683,12550.24141550683,16.56171277251085,16.56171277251085,flat,flat,0.0,0.0,0.0,0.0,0.0,0.0,0.0,1.0,True,0.0,False,False,False,,False
DHNC0284,Dhanmondi,Commercial,Commercial,36.75972604031296,0.5306444062632876,1.866892792145785,36.54599073510335,0.15836365897749238,LT-E,4602.68755955397,4602.68755955397,0.0,0.0,0,0,0.0,0.0,0,,0.0,0,11.440139840952352,11.440139840952352,15.450000000000001,70567.3645741096,70567.3645741096,0.0,15.36,30,1.0,4602.68755955397,4602.68755955397,75692.16996048643,75692.16996048643,0.0,70697.28091474898,70697.28091474898,16.44521140770665,16.44521140770665,flat,flat,0.0,0.0,0.0,0.0,0.0,0.0,0.0,1.0,True,0.0,False,False,False,,False
DHNC0285,Dhanmondi,Commercial,Commercial,36.75972604031296,0.4992204322784264,2.6801797906183356,29.135876762743163,0.34757885995432136,LT-E,10123.072178052735,10123.072178052735,0.0,0.0,0,0,0.0,0.0,0,,0.0,0,21.272418915195974,21.272418915195974,19.549999999999997,153148.76480981585,153148.76480981585,0.0,15.36,30,1.0,10123.072178052735,10123.072178052735,165112.38308763452,165112.38308763452,0.0,155490.38865489,155490.38865489,16.310501415331743,16.310501415331743,flat,flat,0.0,0.0,0.0,0.0,0.0,0.0,0.0,1.0,True,0.0,False,False,False,,False
DHNC0286,Dhanmondi,Commercial,Commercial,36.75972604031296,0.6054259239827195,2.0212405933831943,25.720123315705244,0.29013420190562084,LT-E,4792.4294688319205,4099.911845323949,0.0,692.5176235079722,0,539,17811.638674924183,701.361788172986,30,,0.0,0,16.27724976429667,16.27724976429667,15.65,74164.24114859883,61895.23677218797,701.361788172986,15.36,30,1.0,4792.4294688319205,4099.911845323949,78771.22747332123,67602.30324138465,0.0,73611.7166412583,62974.645944175856,16.43659609090094,16.48872117055072,flat,flat,11168.924231936573,14.178938922488342,12269.004376410856,692.5176235079716,14.450241323567395,0.0,0.0,0.855497586764326,True,-5941.352654814624,False,True,False,0.6270576467318841,True
DHNC0287,Dhanmondi,Commercial,Commercial,36.75972604031296,0.7040617239182783,1.7959685668619916,22.47423918233528,0.30310476040145334,LT-E,1994.9811292691606,1695.7339598787864,0.0,299.24716939037404,0,700,6725.352459516066,292.6322600552735,30,,0.0,0,5.6991551404589265,5.6991551404589265,7.050000000000001,30697.624425244645,25482.708899139147,292.6322600552735,15.36,30,1.0,1994.9811292691606,1695.7339598787864,32841.28065285302,28015.022304925067,0.0,30642.910145574308,26046.47362373816,16.461950527263415,16.520882973251076,flat,flat,4826.258347927953,14.695706902978772,5214.915526105498,299.2471693903742,15.000000000000005,0.0,0.0,0.8500000000000001,True,-1606.4618515328393,False,True,False,0.7176216231015548,True
DHNC0288,Dhanmondi,Commercial,Commercial,36.75972604031296,0.5537523747963661,3.633346171602608,25.479238727404752,0.26332591884030865,LT-E,3274.5294432664505,3182.0921547083562,0.0,92.43728855809414,0,152,2355.2317424856806,277.31186567428244,10,,0.0,0,11.926369076643361,11.926369076643361,13.15,50198.746919203026,48300.75673491723,277.31186567428244,15.36,30,1.0,3274.5294432664505,3182.0921547083562,54054.28586100131,52563.45727113637,0.0,50296.77224857268,48876.93549632035,16.507497274808557,16.518521373858167,flat,flat,1490.828589864941,2.7580210636739406,1897.9901842857944,92.43728855809422,2.822918228699297,0.0,0.0,0.9717708177130071,True,-587.0912869464571,False,False,False,0.6329859448529427,True
DHNC0289,Dhanmondi,Commercial,Commercial,36.75972604031296,0.6046533629411428,2.1669608655338646,27.879633180580345,0.3344375784815317,LT-E,1749.962519037337,1538.9586306089648,0.0,211.00388842837265,0,408,5882.711009059133,255.6584315932412,30,,0.0,0,7.316396132117715,7.316396132117715,6.2,26834.789462256977,22841.355886031866,255.6584315932412,15.36,30,1.0,1749.962519037337,1538.9586306089648,28809.29550703417,25406.224794461385,0.0,26879.424292413496,23638.4045661537,16.46280717079718,16.508711988189155,flat,flat,3403.070712572786,11.812405172288509,3993.4335762251103,211.0038884283722,12.05762329952338,0.0,0.0,0.879423767004766,True,-2223.981864893106,False,False,False,0.5784868077544855,True
DHNC0290,Dhanmondi,Commercial,Commercial,36.75972604031296,0.5794405349968783,3.03055432224512,23.844465693107843,0.33447502371159277,LT-E,2056.1275767706384,1781.2617933747417,0.0,274.86578339589624,0,505,6554.027742392659,300.4290051702367,30,,0.0,0,7.668302106556256,7.668302106556256,7.15,31535.43154626861,26534.8126663206,300.4290051702367,15.36,30,1.0,2056.1275767706384,1781.2617933747417,33836.900558156856,29403.865203547834,0.0,31582.119579197006,27360.18114623603,16.45661530949418,16.507323804346512,flat,flat,4433.035354609023,13.101186224163127,5000.618879948011,274.86578339589664,13.368128831169216,0.0,0.0,0.866318711688308,True,-1820.5633826133999,False,False,False,0.6763833674269233,True
DHNC0291,Dhanmondi,Commercial,Commercial,36.75972604031296,0.5540261349457536,3.3443128677788536,27.073891840687292,0.2608366193620848,LT-E,1460.659345721593,1460.659345721593,0.0,0.0,0,0,0.0,0.0,0,,0.0,0,4.3682736492455785,4.3682736492455785,3.75,22557.64178521288,22557.64178521288,0.0,15.36,30,1.0,1460.659345721593,1460.659345721593,23911.888927797852,23911.888927797852,0.0,22435.727550283667,22435.727550283667,16.370613037076716,16.370613037076716,flat,flat,0.0,0.0,0.0,0.0,0.0,0.0,0.0,1.0,True,0.0,False,False,False,,False
DHNC0292,Dhanmondi,Commercial,Commercial,36.75972604031296,0.6693112280756993,2.2357811218750157,27.920842687340475,0.20085928381015405,LT-E,1951.9823770653913,1841.0799704441688,0.0,110.90240662122268,0,690,3096.488648918625,110.90240662122268,30,,0.0,0,4.7652990928206895,4.443842841744682,6.1499999999999995,29551.937485878796,27730.1677615308,110.90240662122268,15.36,30,1.0,1951.9823770653913,1841.0799704441688,32062.74677731063,30274.112763323552,0.0,29982.44931172441,28278.98834602243,16.42573578226343,16.44367069835635,flat,flat,1788.6340139870772,5.578542681978867,1821.769724347996,110.90240662122255,5.681527042675105,0.3214562510760075,6.745772821695652,0.9431847295732488,True,-1196.9522283103252,False,True,False,0.5776329955582802,True
DHNC0293,Dhanmondi,Commercial,Commercial,36.75972604031296,0.7072615102006656,2.6657741346552397,24.119470383945483,0.28412725796912086,LT-E,4847.249312273253,4120.161915432264,0.0,727.087396840988,0,730,17536.962934646224,711.2895027043589,30,,0.0,0,12.469377103369606,12.469377103369606,12.3,74545.33179034723,61703.70870675922,711.2895027043589,15.36,30,1.0,4847.249312273253,4120.161915432264,79338.78690834301,67612.32137209155,0.0,74453.74943651716,63285.68702103958,16.367795794504918,16.410112699417553,flat,flat,11726.46553625146,14.780243047828025,12841.623083588012,727.0873968409887,15.000000000000014,0.0,0.0,0.85,True,-5099.207895690404,False,True,False,0.6686713988021564,True
DHNC0294,Dhanmondi,Commercial,Commercial,36.75972604031296,0.32600353053043274,2.594542221558996,24.039203533833213,0.30322598628585806,LT-E,4908.093251191203,4908.093251191203,0.0,0.0,0,0,0.0,0.0,0,,0.0,0,16.7524966567308,16.7524966567308,15.15,74207.2671251472,74207.2671251472,0.0,15.36,30,1.0,4908.093251191203,4908.093251191203,80589.40295521173,80589.40295521173,0.0,75388.31233829688,75388.31233829688,16.419696780547625,16.419696780547625,flat,flat,0.0,0.0,0.0,0.0,0.0,0.0,0.0,1.0,True,0.0,False,False,False,,False
DHNC0295,Dhanmondi,Commercial,Commercial,36.75972604031296,0.7022150177433839,2.3366454656229823,23.060413925077206,0.3032798758860713,LT-E,6668.0098296546785,5667.808355206478,0.0,1000.2014744482018,0,532,23065.060009248067,967.5062432120657,30,,0.0,0,22.78816272229275,22.78816272229275,18.0,102443.54733592921,84633.4150799203,967.5062432120657,15.36,30,1.0,6668.0098296546785,5667.808355206478,109242.66253267064,93111.41315277007,0.0,102420.63098349585,87057.5363359715,16.38309860414949,16.42811600488175,flat,flat,16131.249379900575,14.766437402673416,17810.132256008903,1000.2014744482003,14.999999999999979,0.0,0.0,0.85,True,-5966.304386135427,False,True,False,0.6993803342992673,True
DHNC0296,Dhanmondi,Commercial,Commercial,36.75972604031296,0.3520447464476696,2.8956815538607668,22.676042552884944,0.35636360804847306,LT-E,6571.289296080001,6571.289296080001,0.0,0.0,0,0,0.0,0.0,0,,0.0,0,16.33705705099296,16.33705705099296,13.850000000000001,100407.92051271087,100407.92051271087,0.0,15.36,30,1.0,6571.289296080001,6571.289296080001,107290.57876717826,107290.57876717826,0.0,100935.00358778881,100935.00358778881,16.327173243031737,16.327173243031737,flat,flat,0.0,0.0,0.0,0.0,0.0,0.0,0.0,1.0,True,0.0,False,False,False,,False
DHNC0297,Dhanmondi,Commercial,Commercial,36.75972604031296,0.5863202349534723,1.6484889158406848,25.0884851223427,0.34536079170147704,LT-E,3245.767896875684,2907.921712857047,0.0,337.8461840186364,0,460,8476.048961391813,473.2655059672776,30,,0.0,0,11.57053083442687,11.57053083442687,17.049999999999997,48754.97074850484,42577.52618009636,473.2655059672776,15.36,30,1.0,3245.767896875684,2907.921712857047,53958.96964081103,48510.186384958455,0.0,49854.9948960105,44665.677509484245,16.624407953739063,16.68208128522723,flat,flat,5448.783255852577,10.098012049013393,6177.4445684084785,337.8461840186369,10.408821417694142,0.0,0.0,0.8959117858230587,True,-2554.0001995719576,False,False,False,0.6428447122794649,True
DHNC0298,Dhanmondi,Commercial,Commercial,36.75972604031296,0.5405293472980536,2.3116474300126146,30.8533975883118,0.2632742923427735,LT-E,3601.4538042765926,3601.4538042765926,0.0,0.0,0,0,0.0,0.0,0,,0.0,0,11.372787207601974,11.372787207601974,10.850000000000001,56024.39193152841,56024.39193152841,0.0,15.36,30,1.0,3601.4538042765926,3601.4538042765926,59109.571955372885,59109.571955372885,0.0,55318.33043368846,55318.33043368846,16.412697529309543,16.412697529309543,flat,flat,0.0,0.0,0.0,0.0,0.0,0.0,0.0,1.0,True,0.0,False,False,False,,False
DHNC0299,Dhanmondi,Commercial,Commercial,36.75972604031296,0.6663597973455004,2.8632957164641852,26.046314563239044,0.2602642222062006,LT-E,3704.0153614722226,3174.005940399118,0.0,530.0094210731035,0,930,13804.792102750269,518.733706342528,30,,0.0,0,9.489300473169573,7.83784353209555,11.250000000000002,57442.422725276636,48572.52577244474,518.733706342528,15.36,30,1.0,3704.0153614722226,3174.005940399118,60801.484749824005,52253.49280675698,0.0,56893.675952213336,48752.731244530456,16.415019597990394,16.4629473882416,flat,flat,8547.991943067027,14.058853954371187,8869.8969528319,530.0094210731045,14.30905029676884,1.6514569410740227,17.403358084649316,0.8569094970323119,True,-4738.066453340714,False,True,False,0.6192046848256445,True
DHNC0300,Dhanmondi,Commercial,Commercial,36.75972604031296,0.5223876129692759,2.2300324679609522,23.168897795516074,0.2229072829537041,LT-E,8719.411614941624,8517.009787175353,0.0,202.4018277662721,0,131,4689.427261142405,607.2054832988163,10,,0.0,0,20.97798471007713,20.97798471007713,19.2,133438.94380304802,129151.45977319047,607.2054832988163,15.36,30,1.0,8719.411614941624,8517.009787175353,142441.0705257785,139176.7338475641,0.0,133930.16240550333,130821.27033101342,16.336087435268087,16.341032513210454,flat,flat,3264.3366782144003,2.2917102954682105,4287.484029857558,202.4018277662708,2.321278507134978,0.0,0.0,0.9767872149286501,True,-817.8850996291885,False,False,False,0.6961056215251255,True
DHNC0301,Dhanmondi,Industrial,Industrial,14.47858698270381,0.64109546629323,1.9314080391619006,21.692244497993098,0.3930560711344345,LT-C1,7284.486907979365,6669.858599771326,0.0,614.6283082080387,0,840,13332.667537036636,611.2949737128962,30,,0.0,0,19.706692923481913,17.959389132063365,22.099999999999998,89462.21202899778,81387.35385203948,611.2949737128962,12.73,30,1.0,7284.486907979365,6669.858599771326,98481.9342555062,90266.50497384343,0.0,92731.51833857733,84907.29997508899,13.519405759056266,13.533496043969835,flat,flat,8215.429281662771,8.34206734846238,8074.858176958296,614.628308208039,8.437496229621614,1.747303791418549,8.866550050802857,0.9156250377037839,True,-4505.943281660968,False,True,False,0.6161879652996103,True
DHNC0302,Dhanmondi,Industrial,Industrial,14.47858698270381,0.5212760914480201,1.4909214570160256,23.083847683087743,0.2804173413556501,LT-C1,4049.6938469318047,4049.6938469318047,0.0,0.0,0,0,0.0,0.0,0,,0.0,0,20.614429258276274,20.614429258276274,27.7,48291.915560427806,48291.915560427806,0.0,12.73,30,1.0,4049.6938469318047,4049.6938469318047,55526.31280501397,55526.31280501397,0.0,51552.60267144188,51552.60267144188,13.711237170948793,13.711237170948793,flat,flat,0.0,0.0,0.0,0.0,0.0,0.0,0.0,1.0,True,0.0,False,False,False,,False
DHNC0303,Dhanmondi,Industrial,Industrial,14.47858698270381,0.49599792343830024,2.25997773640286,29.01122131867415,0.22767469880949162,LT-C1,6322.511717951913,6322.511717951913,0.0,0.0,0,0,0.0,0.0,0,,0.0,0,17.729522001978033,17.729522001978033,28.9,75554.13473865687,75554.13473865687,0.0,12.73,30,1.0,6322.511717951913,6322.511717951913,85966.41287800425,85966.41287800425,0.0,80485.57416952786,80485.57416952786,13.596876797225113,13.596876797225113,flat,flat,0.0,0.0,0.0,0.0,0.0,0.0,0.0,1.0,True,0.0,False,False,False,,False
DHNC0304,Dhanmondi,Industrial,Industrial,14.47858698270381,0.5018743873637556,1.2591435934393829,32.384439177920285,0.36553444967874105,LT-C1,6031.123953358,6031.123953358,0.0,0.0,0,0,0.0,0.0,0,,0.0,0,19.081020802469276,19.081020802469276,23.099999999999998,73274.45507049089,73274.45507049089,0.0,12.73,30,1.0,6031.123953358,6031.123953358,81779.2583225597,81779.2583225597,0.0,76776.20792624734,76776.20792624734,13.55953864569916,13.55953864569916,flat,flat,0.0,0.0,0.0,0.0,0.0,0.0,0.0,1.0,True,0.0,False,False,False,,False
DHNC0305,Dhanmondi,Industrial,Industrial,14.47858698270381,0.5642186273022922,2.794753600378697,22.093102792218883,0.2430501395860642,LT-C1,4881.074823680002,4860.187577833953,0.0,20.887245846047623,0,81,461.464069523077,62.66173753814286,10,,0.0,0,16.45701683857687,16.45701683857687,19.0,59466.40372616503,59109.986132104124,62.66173753814286,12.73,30,1.0,4881.074823680002,4860.187577833953,66200.48663071875,65921.29725911753,0.0,62136.08250544642,61870.18786582622,13.56268629801664,13.563529432437416,flat,flat,279.18937160121277,0.4217331107527866,356.4175940609057,20.887245846049154,0.42792308252922,0.0,0.0,0.9957207691747081,True,-119.61296038372137,False,False,False,0.6050078219302207,True
DHNC0306,Dhanmondi,Industrial,Industrial,14.47858698270381,0.5453134971602427,2.167430620779739,23.17082870525355,0.4115320770874388,LT-C1,5800.346071787433,5800.346071787433,0.0,0.0,0,0,0.0,0.0,0,,0.0,0,17.45205186268975,17.45205186268975,25.9,70261.69415631314,70261.69415631314,0.0,12.73,30,1.0,5800.346071787433,5800.346071787433,78835.68576854673,78835.68576854673,0.0,73838.40549385402,73838.40549385402,13.591548640864586,13.591548640864586,flat,flat,0.0,0.0,0.0,0.0,0.0,0.0,0.0,1.0,True,0.0,False,False,False,,False
DHNC0307,Dhanmondi,Industrial,Industrial,14.47858698270381,0.6974453330359125,2.0714032150209554,24.627662615054753,0.4317833288610417,LT-C1,5965.253866382069,5473.993212464701,0.0,491.2606539173667,0,720,12098.601640728088,483.49508287097655,30,,0.0,0,21.189877474572178,19.19650509064766,25.4,71737.34982039739,65392.795876871176,483.49508287097655,12.73,30,1.0,5965.253866382069,5473.993212464701,81014.72580499592,74448.29027440943,0.0,75937.68171904374,69683.93359467565,13.581102769416821,13.600362182562627,flat,flat,6566.435530586488,8.105236999001924,6344.553943526211,491.26065391736756,8.235368769230899,1.9933723839245197,9.40719164759949,0.9176463123076911,True,-5048.671027270623,False,True,False,0.5427433455186746,True
DHNC0308,Dhanmondi,Industrial,Industrial,14.47858698270381,0.5309080451289837,2.2838677552891444,21.971698422387796,0.35274565625729815,LT-C1,4201.948765605741,4201.948765605741,0.0,0.0,0,0,0.0,0.0,0,,0.0,0,13.257987379164799,13.257987379164799,14.299999999999999,50776.47442144283,50776.47442144283,0.0,12.73,30,1.0,4201.948765605741,4201.948765605741,56886.06817546913,56886.06817546913,0.0,53490.80778616108,53490.80778616108,13.538020415931607,13.538020415931607,flat,flat,0.0,0.0,0.0,0.0,0.0,0.0,0.0,1.0,True,0.0,False,False,False,,False
DHNC0309,Dhanmondi,Hospital,Hospital,4.814693903588424,0.016630041174563848,203.500666911624,4703.267161525637,0.05656954737372731,LT-D1,22006.45320041576,22006.45320041576,0.0,0.0,0,0,0.0,0.0,0,,0.0,0,45.05410823560656,45.05410823560656,65.5,199158.40146376262,199158.40146376262,0.0,9.05,30,1.0,22006.45320041576,22006.45320041576,213242.82153695077,213242.82153695077,0.0,199158.40146376262,199158.40146376262,9.690013179085218,9.690013179085218,flat,flat,0.0,0.0,0.0,0.0,0.0,0.0,0.0,1.0,True,0.0,False,False,False,,False
DHNC0310,Dhanmondi,Hospital,Hospital,4.814693903588424,0.02394617403656705,148.15073185425626,5231.754544743296,0.05265985600532536,LT-D1,30900.50910490375,30900.50910490375,0.0,0.0,0,0,0.0,0.0,0,,0.0,0,58.385771719150014,58.385771719150014,66.0,279649.6073993789,279649.6073993789,0.0,9.05,30,1.0,30900.50910490375,30900.50910490375,297790.0877693479,297790.0877693479,0.0,279649.60739937896,279649.60739937896,9.637060889786122,9.637060889786122,flat,flat,0.0,0.0,0.0,0.0,0.0,0.0,0.0,1.0,True,0.0,False,False,False,,False
DHNC0311,Dhanmondi,Hospital,Hospital,4.814693903588424,0.014616071793586642,195.92644763840457,5480.099858110343,0.060391494665966425,LT-D1,24701.38782218669,24701.38782218669,0.0,0.0,0,0,0.0,0.0,0,,0.0,0,59.07225655585807,59.07225655585807,60.0,223547.55979078962,223547.55979078962,0.0,9.05,30,1.0,24701.38782218669,24701.38782218669,238504.93778032903,238504.93778032903,0.0,223547.55979078956,223547.55979078956,9.655527839051409,9.655527839051409,flat,flat,0.0,0.0,0.0,0.0,0.0,0.0,0.0,1.0,True,0.0,False,False,False,,False
DHNC0312,Dhanmondi,Hospital,Hospital,4.814693903588424,0.027409746570700017,212.73879948446003,4544.480490477846,0.061159214859654976,LT-D1,31060.11401194996,31060.11401194996,0.0,0.0,0,0,0.0,0.0,0,,0.0,0,67.4354911185826,67.4354911185826,86.0,281094.03180814727,281094.03180814727,0.0,9.05,30,1.0,31060.11401194996,31060.11401194996,300566.7333985545,300566.7333985545,0.0,281094.03180814715,281094.03180814715,9.676935934070155,9.676935934070155,flat,flat,0.0,0.0,0.0,0.0,0.0,0.0,0.0,1.0,True,0.0,False,False,False,,False
DHNC0313,Dhanmondi,Hospital,Hospital,4.814693903588424,0.020289454843405254,231.83374862731577,5173.874861358773,0.03733697974269898,LT-D1,49824.79926274749,49824.79926274749,0.0,0.0,0,0,0.0,0.0,0,,0.0,0,82.07757946538727,82.07757946538727,89.5,450914.43332786474,450914.43332786474,0.0,9.05,30,1.0,49824.79926274749,49824.79926274749,479098.654994258,479098.654994258,0.0,450914.4333278648,450914.4333278648,9.615666537215048,9.615666537215048,flat,flat,0.0,0.0,0.0,0.0,0.0,0.0,0.0,1.0,True,0.0,False,False,False,,False
DHNC0314,Dhanmondi,Hospital,Hospital,4.814693903588424,0.02372968375790455,177.01608998883538,4679.745013009436,0.05303152282921396,LT-D1,25554.59829809075,25554.59829809075,0.0,0.0,0,0,0.0,0.0,0,,0.0,0,49.22378104840009,49.22378104840009,75.5,231269.1145977213,231269.1145977213,0.0,9.05,30,1.0,25554.59829809075,25554.59829809075,247589.0703276074,247589.0703276074,0.0,231269.11459772132,231269.11459772132,9.68863088511571,9.68863088511571,flat,flat,0.0,0.0,0.0,0.0,0.0,0.0,0.0,1.0,True,0.0,False,False,False,,False
DHNC0315,Dhanmondi,Hospital,Hospital,4.814693903588424,0.016563046078337307,229.51633065859806,5453.733398889927,0.06086118313933252,LT-D1,29330.03724798479,29330.03724798479,0.0,0.0,0,0,0.0,0.0,0,,0.0,0,46.92197700017128,46.92197700017128,81.0,265436.83709426236,265436.83709426236,0.0,9.05,30,1.0,29330.03724798479,29330.03724798479,283811.67894897546,283811.67894897546,0.0,265436.83709426236,265436.83709426236,9.676485459236012,9.676485459236012,flat,flat,0.0,0.0,0.0,0.0,0.0,0.0,0.0,1.0,True,0.0,False,False,False,,False
DHNC0316,Dhanmondi,Hospital,Hospital,4.814693903588424,0.024771789241766328,203.93604222368197,4731.018020566219,0.04448847013362316,LT-D1,44230.892498530724,44230.892498530724,0.0,0.0,0,0,0.0,0.0,0,,0.0,0,73.70401636342632,73.70401636342632,98.5,400289.5771117031,400289.5771117031,0.0,9.05,30,1.0,44230.892498530724,44230.892498530724,426509.55596728827,426509.55596728827,0.0,400289.5771117031,400289.5771117031,9.642797869870163,9.642797869870163,flat,flat,0.0,0.0,0.0,0.0,0.0,0.0,0.0,1.0,True,0.0,False,False,False,,False
DHNC0317,Dhanmondi,Hospital,Hospital,4.814693903588424,0.022737780837967733,160.06959039199393,4322.4074458270625,0.04243938000165077,LT-D1,34930.54897930112,34930.54897930112,0.0,0.0,0,0,0.0,0.0,0,,0.0,0,62.8354348271412,62.8354348271412,90.5,316121.4682626752,316121.4682626752,0.0,9.05,30,1.0,34930.54897930112,34930.54897930112,337629.0416758089,337629.0416758089,0.0,316121.46826267516,316121.46826267516,9.665723887588442,9.665723887588442,flat,flat,0.0,0.0,0.0,0.0,0.0,0.0,0.0,1.0,True,0.0,False,False,False,,False
DHNC0318,Dhanmondi,Hospital,Hospital,4.814693903588424,0.014521438655400468,182.68763064615874,4961.456517676134,0.030427274149959653,LT-D1,35805.28612169057,35805.28612169057,0.0,0.0,0,0,0.0,0.0,0,,0.0,0,61.25072959474063,61.25072959474063,70.5,324037.8394012997,324037.8394012997,0.0,9.05,30,1.0,35805.28612169057,35805.28612169057,344681.2313713647,344681.2313713647,0.0,324037.8394012997,324037.8394012997,9.626545929556457,9.626545929556457,flat,flat,0.0,0.0,0.0,0.0,0.0,0.0,0.0,1.0,True,0.0,False,False,False,,False
DHNC0319,Dhanmondi,Hospital,Hospital,4.814693903588424,0.0024523965637052135,207.62745203256551,5446.579025493103,0.04184405493283834,LT-D1,31078.639931126643,31078.639931126643,0.0,0.0,0,0,0.0,0.0,0,,0.0,0,59.22581177766142,59.22581177766142,64.0,281261.6913766961,281261.6913766961,0.0,9.05,30,1.0,31078.639931126643,31078.639931126643,299356.775945531,299356.775945531,0.0,281261.69137669617,281261.69137669617,9.63223540698484,9.63223540698484,flat,flat,0.0,0.0,0.0,0.0,0.0,0.0,0.0,1.0,True,0.0,False,False,False,,False
DHNC0320,Dhanmondi,Hospital,Hospital,4.814693903588424,0.037957836647058714,193.6585223388535,5379.5031045777105,0.05177342758850394,LT-D1,32714.048027601504,32714.048027601504,0.0,0.0,0,0,0.0,0.0,0,,0.0,0,57.418980177970916,57.418980177970916,75.5,296062.13464979373,296062.13464979373,0.0,9.05,30,1.0,32714.048027601504,32714.048027601504,315621.7413822833,315621.7413822833,0.0,296062.1346497936,296062.1346497936,9.647896252887653,9.647896252887653,flat,flat,0.0,0.0,0.0,0.0,0.0,0.0,0.0,1.0,True,0.0,False,False,False,,False
DHNC0321,Dhanmondi,Hospital,Hospital,4.814693903588424,0.005100790342473634,185.84229440426094,5447.090590675787,0.05727623131120524,LT-D1,23503.83111336417,23503.83111336417,0.0,0.0,0,0,0.0,0.0,0,,0.0,0,42.92341220103859,42.92341220103859,63.0,212709.67157594574,212709.67157594574,0.0,9.05,30,1.0,23503.83111336417,23503.83111336417,227314.15515474303,227314.15515474303,0.0,212709.67157594574,212709.67157594574,9.671366087441518,9.671366087441518,flat,flat,0.0,0.0,0.0,0.0,0.0,0.0,0.0,1.0,True,0.0,False,False,False,,False
DHNC0322,Dhanmondi,Hospital,Hospital,4.814693903588424,0.014335873804396769,189.37166293007928,5126.750908951591,0.06314227125730845,LT-D1,44628.683000452154,44628.683000452154,0.0,0.0,0,0,0.0,0.0,0,,0.0,0,73.99414263258036,73.99414263258036,79.5,403889.5811540921,403889.5811540921,0.0,9.05,30,1.0,44628.683000452154,44628.683000452154,429092.56021179666,429092.56021179666,0.0,403889.58115409204,403889.58115409204,9.61472603185376,9.61472603185376,flat,flat,0.0,0.0,0.0,0.0,0.0,0.0,0.0,1.0,True,0.0,False,False,False,,False
DHNC0323,Dhanmondi,Hospital,Hospital,4.814693903588424,0.02239825758785686,220.78378237291795,4413.421033505057,0.048010324575007694,LT-D1,36191.961729358656,36191.961729358656,0.0,0.0,0,0,0.0,0.0,0,,0.0,0,61.03258791983948,61.03258791983948,83.0,327537.2536506959,327537.2536506959,0.0,9.05,30,1.0,36191.961729358656,36191.961729358656,349143.11633323063,349143.11633323063,0.0,327537.25365069584,327537.25365069584,9.64697959574842,9.64697959574842,flat,flat,0.0,0.0,0.0,0.0,0.0,0.0,0.0,1.0,True,0.0,False,False,False,,False
DHNC0324,Dhanmondi,Hospital,Hospital,4.814693903588424,0.003905349751327291,194.1036797230429,5103.287522251214,0.039939568684935776,LT-D1,25702.675711718843,25702.675711718843,0.0,0.0,0,0,0.0,0.0,0,,0.0,0,47.65739670810146,47.65739670810146,58.0,232609.21519105555,232609.21519105555,0.0,9.05,30,1.0,25702.675711718843,25702.675711718843,247893.67595060833,247893.67595060833,0.0,232609.21519105555,232609.21519105555,9.644664187144688,9.644664187144688,flat,flat,0.0,0.0,0.0,0.0,0.0,0.0,0.0,1.0,True,0.0,False,False,False,,False
DHNC0325,Dhanmondi,Hospital,Hospital,4.814693903588424,0.0,207.47741865642996,4713.893497238453,0.04511011470860236,LT-D1,44400.20457823594,44400.20457823594,0.0,0.0,0,0,0.0,0.0,0,,0.0,0,89.35465963110865,89.35465963110865,91.0,401821.8514330354,401821.8514330354,0.0,9.05,30,1.0,44400.20457823594,44400.20457823594,427645.944004687,427645.944004687,0.0,401821.8514330353,401821.8514330353,9.631621026681264,9.631621026681264,flat,flat,0.0,0.0,0.0,0.0,0.0,0.0,0.0,1.0,True,0.0,False,False,False,,False
DHNC0326,Dhanmondi,Hospital,Hospital,4.814693903588424,0.03218772128327588,216.68618364747255,5390.139588074574,0.05898577593261918,LT-D1,34343.32673452184,34343.32673452184,0.0,0.0,0,0,0.0,0.0,0,,0.0,0,57.6598209085352,57.6598209085352,67.0,310807.10694742255,310807.10694742255,0.0,9.05,30,1.0,34343.32673452184,34343.32673452184,330568.4622947938,330568.4622947938,0.0,310807.10694742267,310807.10694742267,9.625405973338834,9.625405973338834,flat,flat,0.0,0.0,0.0,0.0,0.0,0.0,0.0,1.0,True,0.0,False,False,False,,False
DHNC0327,Dhanmondi,Hospital,Hospital,4.814693903588424,0.005840878787664358,143.2846859852504,4968.894814039807,0.05860395675866731,LT-D1,20902.025204677026,20902.025204677026,0.0,0.0,0,0,0.0,0.0,0,,0.0,0,36.10631841621307,36.10631841621307,77.5,189163.32810232707,189163.32810232707,0.0,9.05,30,1.0,20902.025204677026,20902.025204677026,203503.99450744345,203503.99450744345,0.0,189163.3281023271,189163.3281023271,9.736089805398738,9.736089805398738,flat,flat,0.0,0.0,0.0,0.0,0.0,0.0,0.0,1.0,True,0.0,False,False,False,,False
DHNC0328,Dhanmondi,Hospital,Hospital,4.814693903588424,0.02067568259434245,185.50359104459903,5619.892444989653,0.04825367170259909,LT-D1,32879.67445547996,32879.67445547996,0.0,0.0,0,0,0.0,0.0,0,,0.0,0,63.79832527256518,63.79832527256518,83.0,297561.05382209364,297561.05382209364,0.0,9.05,30,1.0,32879.67445547996,32879.67445547996,317668.10651319835,317668.10651319835,0.0,297561.05382209364,297561.05382209364,9.661534421313394,9.661534421313394,flat,flat,0.0,0.0,0.0,0.0,0.0,0.0,0.0,1.0,True,0.0,False,False,False,,False
DHNC0329,Dhanmondi,Hospital,Hospital,4.814693903588424,0.02785635448884497,191.60449919524615,4632.594507963568,0.04778631207598971,LT-D1,36583.630990767604,36583.630990767604,0.0,0.0,0,0,0.0,0.0,0,,0.0,0,70.77440340792191,70.77440340792191,83.5,331081.8604664467,331081.8604664467,0.0,9.05,30,1.0,36583.630990767604,36583.630990767604,352896.4534897692,352896.4534897692,0.0,331081.86046644684,331081.86046644684,9.646293818643304,9.646293818643304,flat,flat,0.0,0.0,0.0,0.0,0.0,0.0,0.0,1.0,True,0.0,False,False,False,,False
DHNC0330,Dhanmondi,Hospital,Hospital,4.814693903588424,0.02628912023917463,160.3227770815427,4743.542574570133,0.033789998960842935,LT-D1,32882.515612081705,32882.515612081705,0.0,0.0,0,0,0.0,0.0,0,,0.0,0,62.96478424668328,62.96478424668328,79.0,297586.76628933946,297586.76628933946,0.0,9.05,30,1.0,32882.515612081705,32882.515612081705,317443.10460380645,317443.10460380645,0.0,297586.76628933946,297586.76628933946,9.65385703298112,9.65385703298112,flat,flat,0.0,0.0,0.0,0.0,0.0,0.0,0.0,1.0,True,0.0,False,False,False,,False
DHNC0331,Dhanmondi,Hospital,Hospital,4.814693903588424,0.011608331301340511,192.42172752242715,4799.754525427693,0.052909374646598534,LT-D1,37704.14969422633,37704.14969422633,0.0,0.0,0,0,0.0,0.0,0,,0.0,0,98.38232240238827,98.38232240238827,76.0,341222.5547327483,341222.5547327483,0.0,9.05,30,1.0,37704.14969422633,37704.14969422633,363071.6824693858,363071.6824693858,0.0,341222.55473274837,341222.55473274837,9.629488674690448,9.629488674690448,flat,flat,0.0,0.0,0.0,0.0,0.0,0.0,0.0,1.0,True,0.0,False,False,False,,False
DHNC0332,Dhanmondi,Hospital,Hospital,4.814693903588424,0.015548338931975091,221.8071712759399,5320.754271707167,0.062108805227988555,LT-D1,45340.87717568275,45340.87717568275,0.0,0.0,0,0,0.0,0.0,0,,0.0,0,79.32906463500024,79.32906463500024,84.0,410334.93843992887,410334.93843992887,0.0,9.05,30,1.0,45340.87717568275,45340.87717568275,436143.6853619254,436143.6853619254,0.0,410334.9384399289,410334.9384399289,9.619215871629372,9.619215871629372,flat,flat,0.0,0.0,0.0,0.0,0.0,0.0,0.0,1.0,True,0.0,False,False,False,,False
DHNC0333,Dhanmondi,Hospital,Hospital,4.814693903588424,0.024507403381296422,209.97572017480576,5342.0734221345365,0.04952026837793293,LT-D1,48420.4112855426,48420.4112855426,0.0,0.0,0,0,0.0,0.0,0,,0.0,0,84.81196802998193,84.81196802998193,93.5,438204.7221341604,438204.7221341604,0.0,9.05,30,1.0,48420.4112855426,48420.4112855426,466005.4582408686,466005.4582408686,0.0,438204.7221341606,438204.7221341606,9.62415324175507,9.62415324175507,flat,flat,0.0,0.0,0.0,0.0,0.0,0.0,0.0,1.0,True,0.0,False,False,False,,False
DHNC0334,Dhanmondi,Hospital,Hospital,4.814693903588424,0.0067017974693638835,234.64890033777314,5390.711743176818,0.04817353368262177,LT-D1,32545.904237231076,32545.904237231076,0.0,0.0,0,0,0.0,0.0,0,,0.0,0,63.065504871798666,63.065504871798666,65.0,294540.4333469412,294540.4333469412,0.0,9.05,30,1.0,32545.904237231076,32545.904237231076,313362.4550142883,313362.4550142883,0.0,294540.43334694125,294540.43334694125,9.628322283816454,9.628322283816454,flat,flat,0.0,0.0,0.0,0.0,0.0,0.0,0.0,1.0,True,0.0,False,False,False,,False
DHNC0335,Dhanmondi,Hospital,Hospital,4.814693903588424,0.022961530469241872,187.04444220653824,4988.3284184140975,0.07097486051732639,LT-D1,33582.30113948468,33582.30113948468,0.0,0.0,0,0,0.0,0.0,0,,0.0,0,58.60052294440424,58.60052294440424,76.0,303919.8253123364,303919.8253123364,0.0,9.05,30,1.0,33582.30113948468,33582.30113948468,323903.8165779532,323903.8165779532,0.0,303919.8253123364,303919.8253123364,9.645075101691601,9.645075101691601,flat,flat,0.0,0.0,0.0,0.0,0.0,0.0,0.0,1.0,True,0.0,False,False,False,,False
DHNC0336,Dhanmondi,Hospital,Hospital,4.814693903588424,0.01653400829334393,218.9371563962186,4910.509323245152,0.04243252313012764,LT-D1,24633.071626922156,24633.071626922156,0.0,0.0,0,0,0.0,0.0,0,,0.0,0,40.13990591240052,40.13990591240052,56.0,222929.29822364554,222929.29822364554,0.0,9.05,30,1.0,24633.071626922156,24633.071626922156,237603.76313482778,237603.76313482778,0.0,222929.2982236455,222929.2982236455,9.64572208993799,9.64572208993799,flat,flat,0.0,0.0,0.0,0.0,0.0,0.0,0.0,1.0,True,0.0,False,False,False,,False
DHNC0337,Dhanmondi,Hospital,Hospital,4.814693903588424,0.02302398059149883,200.4303429117814,5132.041884079142,0.061513572460502194,LT-D1,32233.54428016043,32233.54428016043,0.0,0.0,0,0,0.0,0.0,0,,0.0,0,73.2114935327898,73.2114935327898,78.5,291713.57573545194,291713.57573545194,0.0,9.05,30,1.0,32233.54428016043,32233.54428016043,311244.7545222245,311244.7545222245,0.0,291713.5757354519,291713.5757354519,9.655927124147931,9.655927124147931,flat,flat,0.0,0.0,0.0,0.0,0.0,0.0,0.0,1.0,True,0.0,False,False,False,,False
DHNC0338,Dhanmondi,Hospital,Hospital,4.814693903588424,0.016422063077190203,194.64554458961362,5302.904592442369,0.05609713711192996,LT-D1,14014.655501809943,14014.655501809943,0.0,0.0,0,0,0.0,0.0,0,,0.0,0,29.308687330618206,29.308687330618206,52.0,126832.63229138002,126832.63229138002,0.0,9.05,30,1.0,14014.655501809943,14014.655501809943,136450.263905949,136450.263905949,0.0,126832.63229138,126832.63229138,9.73625529991279,9.73625529991279,flat,flat,0.0,0.0,0.0,0.0,0.0,0.0,0.0,1.0,True,0.0,False,False,False,,False
DHNC0339,Dhanmondi,Hospital,Hospital,4.814693903588424,0.002471039839849594,176.38564616844732,4584.2316355382045,0.05540497246522073,LT-D1,34086.91874877377,34086.91874877377,0.0,0.0,0,0,0.0,0.0,0,,0.0,0,76.61542874292483,76.61542874292483,110.5,308486.6146764027,308486.6146764027,0.0,9.05,30,1.0,34086.91874877377,34086.91874877377,330872.4454102228,330872.4454102228,0.0,308486.61467640265,308486.61467640265,9.706727904883614,9.706727904883614,flat,flat,0.0,0.0,0.0,0.0,0.0,0.0,0.0,1.0,True,0.0,False,False,False,,False
DHNC0340,Dhanmondi,Hospital,Hospital,4.814693903588424,0.003545166700024159,167.64219589185518,5160.402884215824,0.03983472518395974,LT-D1,35182.5093943934,35182.5093943934,0.0,0.0,0,0,0.0,0.0,0,,0.0,0,73.78468798097153,73.78468798097153,95.0,318401.7100192602,318401.7100192602,0.0,9.05,30,1.0,35182.5093943934,35182.5093943934,340306.7955202233,340306.7955202233,0.0,318401.7100192603,318401.7100192603,9.672612936883173,9.672612936883173,flat,flat,0.0,0.0,0.0,0.0,0.0,0.0,0.0,1.0,True,0.0,False,False,False,,False
DHNC0341,Dhanmondi,Hospital,Hospital,4.814693903588424,0.009985232816985356,229.23391133396044,4770.200959454512,0.0391474237017074,LT-D1,37660.78326602419,37660.78326602419,0.0,0.0,0,0,0.0,0.0,0,,0.0,0,67.54073851483618,67.54073851483618,93.5,340830.08855751896,340830.08855751896,0.0,9.05,30,1.0,37660.78326602419,37660.78326602419,363762.09298539493,363762.09298539493,0.0,340830.08855751896,340830.08855751896,9.658909386347368,9.658909386347368,flat,flat,0.0,0.0,0.0,0.0,0.0,0.0,0.0,1.0,True,0.0,False,False,False,,False
DHNC0342,Dhanmondi,Hospital,Hospital,4.814693903588424,0.02431826859545381,212.16292211078587,4981.977632148627,0.045197538033509656,LT-D1,34125.31506273374,34125.31506273374,0.0,0.0,0,0,0.0,0.0,0,,0.0,0,66.60511832016661,66.60511832016661,93.5,308834.1013177403,308834.1013177403,0.0,9.05,30,1.0,34125.31506273374,34125.31506273374,330166.30638362735,330166.30638362735,0.0,308834.10131774034,308834.10131774034,9.67511379093999,9.67511379093999,flat,flat,0.0,0.0,0.0,0.0,0.0,0.0,0.0,1.0,True,0.0,False,False,False,,False
DHNC0343,Dhanmondi,Hospital,Hospital,4.814693903588424,0.024730784856170425,216.2140942749209,5547.71839768843,0.07245488125905893,LT-D1,27867.678844733324,27867.678844733324,0.0,0.0,0,0,0.0,0.0,0,,0.0,0,44.95684013797295,44.95684013797295,66.5,252202.49354483667,252202.49354483667,0.0,9.05,30,1.0,27867.678844733324,27867.678844733324,269002.1182220784,269002.1182220784,0.0,252202.4935448366,252202.4935448366,9.652835448579772,9.652835448579772,flat,flat,0.0,0.0,0.0,0.0,0.0,0.0,0.0,1.0,True,0.0,False,False,False,,False
DHNC0344,Dhanmondi,Hospital,Hospital,4.814693903588424,0.03420663712426954,181.04457700185043,5235.360451282767,0.05535557970120828,LT-D1,30384.15521373263,30384.15521373263,0.0,0.0,0,0,0.0,0.0,0,,0.0,0,49.66386734733176,49.66386734733176,81.5,274976.6046842804,274976.6046842804,0.0,9.05,30,1.0,30384.15521373263,30384.15521373263,293859.9349184943,293859.9349184943,0.0,274976.6046842803,274976.6046842803,9.671486103575438,9.671486103575438,flat,flat,0.0,0.0,0.0,0.0,0.0,0.0,0.0,1.0,True,0.0,False,False,False,,False
DHNC0345,Dhanmondi,Educational,Educational,32.739518771825146,0.4365537037657608,4.2433803337762015,34.63733483890979,0.32311389987056516,LT-D1,3465.141977074819,3465.141977074819,0.0,0.0,0,0,0.0,0.0,0,,0.0,0,11.623962110814045,11.623962110814045,11.7,31359.534892527114,31359.534892527114,0.0,9.05,30,1.0,3465.141977074819,3465.141977074819,33664.611637153466,33664.611637153466,0.0,31359.534892527114,31359.534892527114,9.715218556664233,9.715218556664233,flat,flat,0.0,0.0,0.0,0.0,0.0,0.0,0.0,1.0,True,0.0,False,False,False,,False
DHNC0346,Dhanmondi,Educational,Educational,32.739518771825146,0.370369890033534,2.803941043120874,45.61069786975598,0.25987652303710246,LT-D1,5822.333377870826,5822.333377870826,0.0,0.0,0,0,0.0,0.0,0,,0.0,0,21.772634044283723,21.772634044283723,19.9,52692.11706973097,52692.11706973097,0.0,9.05,30,1.0,5822.333377870826,5822.333377870826,56580.42292321753,56580.42292321753,0.0,52692.11706973098,52692.11706973098,9.717826041749,9.717826041749,flat,flat,0.0,0.0,0.0,0.0,0.0,0.0,0.0,1.0,True,0.0,False,False,False,,False
DHNC0347,Dhanmondi,Educational,Educational,32.739518771825146,0.462158480968223,4.457624654847699,42.20418803913577,0.2088605630883451,LT-D1,6933.509268942299,6933.509268942299,0.0,0.0,0,0,0.0,0.0,0,,0.0,0,25.0787745296523,25.0787745296523,23.5,62748.25888392781,62748.25888392781,0.0,9.05,30,1.0,6933.509268942299,6933.509268942299,67366.1718281242,67366.1718281242,0.0,62748.25888392781,62748.25888392781,9.716028235497095,9.716028235497095,flat,flat,0.0,0.0,0.0,0.0,0.0,0.0,0.0,1.0,True,0.0,False,False,False,,False
DHNC0348,Dhanmondi,Educational,Educational,32.739518771825146,0.36144885300820156,3.592732414471748,46.20889901545992,0.30100583154234234,LT-D1,6852.837076818185,6852.837076818185,0.0,0.0,0,0,0.0,0.0,0,,0.0,0,30.066614805234245,30.066614805234245,28.6,62018.17554520457,62018.17554520457,0.0,9.05,30,1.0,6852.837076818185,6852.837076818185,66920.8843224648,66920.8843224648,0.0,62018.175545204576,62018.175545204576,9.765427599153806,9.765427599153806,flat,flat,0.0,0.0,0.0,0.0,0.0,0.0,0.0,1.0,True,0.0,False,False,False,,False
DHNC0349,Dhanmondi,Educational,Educational,32.739518771825146,0.4169601800715898,4.622834450564423,39.23229582132096,0.25110814158365913,LT-D1,2353.050280657641,2353.050280657641,0.0,0.0,0,0,0.0,0.0,0,,0.0,0,8.230918575985537,8.230918575985537,9.7,21295.10503995165,21295.10503995165,0.0,9.05,30,1.0,2353.050280657641,2353.050280657641,22970.960291949235,22970.960291949235,0.0,21295.105039951653,21295.105039951653,9.762205457645049,9.762205457645049,flat,flat,0.0,0.0,0.0,0.0,0.0,0.0,0.0,1.0,True,0.0,False,False,False,,False
DHNC0350,Dhanmondi,Educational,Educational,32.739518771825146,0.43158050630257283,4.49548201856944,45.51697226380524,0.246387067676031,LT-D1,2686.0644939748354,2686.0644939748354,0.0,0.0,0,0,0.0,0.0,0,,0.0,0,8.369988942306064,8.369988942306064,10.0,24308.883670472267,24308.883670472267,0.0,9.05,30,1.0,2686.0644939748354,2686.0644939748354,26154.327853995877,26154.327853995877,0.0,24308.883670472263,24308.883670472263,9.737043884338284,9.737043884338284,flat,flat,0.0,0.0,0.0,0.0,0.0,0.0,0.0,1.0,True,0.0,False,False,False,,False
DHNC0351,Dhanmondi,Educational,Educational,32.739518771825146,0.31346514343235793,3.5037274302173085,50.834086367090016,0.29099256425840747,LT-D1,1264.4165079005807,1264.4165079005807,0.0,0.0,0,0,0.0,0.0,0,,0.0,0,5.737322915864963,5.737322915864963,6.5,11442.969396500255,11442.969396500255,0.0,9.05,30,1.0,1264.4165079005807,1264.4165079005807,12424.617866325269,12424.617866325269,0.0,11442.969396500255,11442.969396500255,9.826364800436629,9.826364800436629,flat,flat,0.0,0.0,0.0,0.0,0.0,0.0,0.0,1.0,True,0.0,False,False,False,,False
DHNC0352,Dhanmondi,Educational,Educational,32.739518771825146,0.4255470353518045,4.49268537211934,34.717231328057366,0.22545690802160842,LT-D1,8014.528725341744,8014.528725341744,0.0,0.0,0,0,0.0,0.0,0,,0.0,0,33.230125495837676,33.230125495837676,29.7,72531.48496434277,72531.48496434277,0.0,9.05,30,1.0,8014.528725341744,8014.528725341744,78029.15921255993,78029.15921255993,0.0,72531.48496434279,72531.48496434279,9.735963509099872,9.735963509099872,flat,flat,0.0,0.0,0.0,0.0,0.0,0.0,0.0,1.0,True,0.0,False,False,False,,False
DHNC0353,Dhanmondi,Educational,Educational,32.739518771825146,0.3353160431669157,4.545044752864905,35.686849485983096,0.32471502592926327,LT-D1,2643.32670160035,2643.32670160035,0.0,0.0,0,0,0.0,0.0,0,,0.0,0,8.96741344011169,8.96741344011169,8.899999999999999,23922.106649483172,23922.106649483172,0.0,9.05,30,1.0,2643.32670160035,2643.32670160035,25678.91198195733,25678.91198195733,0.0,23922.106649483172,23922.106649483172,9.714619069375926,9.714619069375926,flat,flat,0.0,0.0,0.0,0.0,0.0,0.0,0.0,1.0,True,0.0,False,False,False,,False
DHNC0354,Dhanmondi,Educational,Educational,32.739518771825146,0.4236205036854403,4.84169941527356,37.079713856871,0.20133595384126587,LT-D1,7609.519105531896,7609.519105531896,0.0,0.0,0,0,0.0,0.0,0,,0.0,0,26.9157728259069,26.9157728259069,24.4,68866.14790506366,68866.14790506366,0.0,9.05,30,1.0,7609.519105531896,7609.519105531896,73846.65530031684,73846.65530031684,0.0,68866.14790506366,68866.14790506366,9.704510137392585,9.704510137392585,flat,flat,0.0,0.0,0.0,0.0,0.0,0.0,0.0,1.0,True,0.0,False,False,False,,False
DHNC0355,Dhanmondi,Educational,Educational,32.739518771825146,0.24942240980668434,4.23109302777571,35.04688879149605,0.191633513842854,LT-D1,1748.0666044766858,1748.0666044766858,0.0,0.0,0,0,0.0,0.0,0,,0.0,0,5.3537754146042,5.3537754146042,6.199999999999999,15820.002770514011,15820.002770514011,0.0,9.05,30,1.0,1748.0666044766858,1748.0666044766858,17001.602909039706,17001.602909039706,0.0,15820.002770514007,15820.002770514007,9.72594686352322,9.72594686352322,flat,flat,0.0,0.0,0.0,0.0,0.0,0.0,0.0,1.0,True,0.0,False,False,False,,False
DHNC0356,Dhanmondi,Educational,Educational,32.739518771825146,0.41873766070636464,3.2580375943903976,34.76120859822342,0.20914481236293325,LT-D1,4285.9583252420625,4285.9583252420625,0.0,0.0,0,0,0.0,0.0,0,,0.0,0,29.73812416400169,29.73812416400169,29.4,38787.92284344067,38787.92284344067,0.0,9.05,30,1.0,4285.9583252420625,4285.9583252420625,42579.5189856127,42579.5189856127,0.0,38787.92284344067,38787.92284344067,9.934655391967185,9.934655391967185,flat,flat,0.0,0.0,0.0,0.0,0.0,0.0,0.0,1.0,True,0.0,False,False,False,,False
DHNC0357,Dhanmondi,Educational,Educational,32.739518771825146,0.4728203908338361,4.98261446366993,28.757581026694208,0.20064736579495232,LT-D1,1515.8369927693113,1515.8369927693113,0.0,0.0,0,0,0.0,0.0,0,,0.0,0,7.104431945232094,7.104431945232094,6.9,13718.324784562268,13718.324784562268,0.0,9.05,30,1.0,1515.8369927693113,1515.8369927693113,14838.941023790381,14838.941023790381,0.0,13718.324784562268,13718.324784562268,9.789272259862743,9.789272259862743,flat,flat,0.0,0.0,0.0,0.0,0.0,0.0,0.0,1.0,True,0.0,False,False,False,,False
DHNC0358,Dhanmondi,Educational,Educational,32.739518771825146,0.48581155724299757,4.309313493874986,38.70324926636249,0.24579604272785258,LT-D1,7041.636469805724,7041.636469805724,0.0,0.0,0,0,0.0,0.0,0,,0.0,0,24.81956938853613,24.81956938853613,25.4,63726.81005174182,63726.81005174182,0.0,9.05,30,1.0,7041.636469805724,7041.636469805724,68513.35055432889,68513.35055432889,0.0,63726.810051741806,63726.810051741806,9.729748311789681,9.729748311789681,flat,flat,0.0,0.0,0.0,0.0,0.0,0.0,0.0,1.0,True,0.0,False,False,False,,False
DHNC0359,Dhanmondi,Educational,Educational,32.739518771825146,0.41839045612008413,3.7751454312552837,42.960828816280866,0.27005700062082294,LT-D1,9189.61475623746,9189.61475623746,0.0,0.0,0,0,0.0,0.0,0,,0.0,0,29.028567069362886,29.028567069362886,29.7,83166.01354394901,83166.01354394901,0.0,9.05,30,1.0,9189.61475623746,9189.61475623746,89195.41422114648,89195.41422114648,0.0,83166.01354394903,83166.01354394903,9.70611027634265,9.70611027634265,flat,flat,0.0,0.0,0.0,0.0,0.0,0.0,0.0,1.0,True,0.0,False,False,False,,False
DHNC0360,Dhanmondi,Educational,Educational,32.739518771825146,0.4253787577854916,4.363641038277214,33.91610222872434,0.23161490656973377,LT-D1,1576.4145784897685,1576.4145784897685,0.0,0.0,0,0,0.0,0.0,0,,0.0,0,6.512676588128933,6.512676588128933,7.3999999999999995,14266.551935332407,14266.551935332407,0.0,9.05,30,1.0,1576.4145784897685,1576.4145784897685,15446.079532099026,15446.079532099026,0.0,14266.551935332405,14266.551935332405,9.798234387616885,9.798234387616885,flat,flat,0.0,0.0,0.0,0.0,0.0,0.0,0.0,1.0,True,0.0,False,False,False,,False
DHNC0361,Dhanmondi,Educational,Educational,32.739518771825146,0.4501929380081632,3.996084964521187,42.44725316639333,0.2833122781417269,LT-D1,5025.852178478843,5025.852178478843,0.0,0.0,0,0,0.0,0.0,0,,0.0,0,36.90535748207996,36.90535748207996,30.0,45483.96221523354,45483.96221523354,0.0,9.05,30,1.0,5025.852178478843,5025.852178478843,49648.1603259952,49648.1603259952,0.0,45483.96221523353,45483.96221523353,9.878555628554526,9.878555628554526,flat,flat,0.0,0.0,0.0,0.0,0.0,0.0,0.0,1.0,True,0.0,False,False,False,,False
DHNC0362,Dhanmondi,Educational,Educational,32.739518771825146,0.4437629005562763,2.7077671518088318,29.967611161218514,0.1267373419356394,LT-D1,3447.5544090048816,3447.5544090048816,0.0,0.0,0,0,0.0,0.0,0,,0.0,0,9.649722547098584,9.649722547098584,11.2,31200.36740149417,31200.36740149417,0.0,9.05,30,1.0,3447.5544090048816,3447.5544090048816,33465.985771568885,33465.985771568885,0.0,31200.36740149418,31200.36740149418,9.707166820676418,9.707166820676418,flat,flat,0.0,0.0,0.0,0.0,0.0,0.0,0.0,1.0,True,0.0,False,False,False,,False
DHNC0363,Dhanmondi,Educational,Educational,32.739518771825146,0.4930050805370748,5.227658039172555,50.08401153606023,0.2323925665387503,LT-D1,5422.848149486044,5422.848149486044,0.0,0.0,0,0,0.0,0.0,0,,0.0,0,23.367866100135583,23.367866100135583,21.5,49076.7757528487,49076.7757528487,0.0,9.05,30,1.0,5422.848149486044,5422.848149486044,52885.114540491144,52885.114540491144,0.0,49076.775752848705,49076.775752848705,9.752276494318467,9.752276494318467,flat,flat,0.0,0.0,0.0,0.0,0.0,0.0,0.0,1.0,True,0.0,False,False,False,,False
DHNC0364,Dhanmondi,Educational,Educational,32.739518771825146,0.5835529517501461,3.235464351948533,31.64007838012213,0.25287845442559204,LT-D1,10222.138061035404,10222.138061035404,0.0,0.0,0,0,0.0,0.0,0,,0.0,0,29.908354946726693,29.908354946726693,33.6,92510.34945237041,92510.34945237041,0.0,9.05,30,1.0,10222.138061035404,10222.138061035404,99252.66692498894,99252.66692498894,0.0,92510.34945237041,92510.34945237041,9.70957996579197,9.70957996579197,flat,flat,0.0,0.0,0.0,0.0,0.0,0.0,0.0,1.0,True,0.0,False,False,False,,False
DHNC0365,Dhanmondi,Educational,Educational,32.739518771825146,0.35226327553687514,3.4480985441813177,54.84267242388408,0.2668580072106845,LT-D1,1753.8644879585272,1753.8644879585272,0.0,0.0,0,0,0.0,0.0,0,,0.0,0,5.981002026217684,5.981002026217684,9.0,15872.473616024678,15872.473616024678,0.0,9.05,30,1.0,1753.8644879585272,1753.8644879585272,17233.097296825905,17233.097296825905,0.0,15872.473616024672,15872.473616024672,9.825786094161117,9.825786094161117,flat,flat,0.0,0.0,0.0,0.0,0.0,0.0,0.0,1.0,True,0.0,False,False,False,,False
DHNC0366,Dhanmondi,Educational,Educational,32.739518771825146,0.35877638936333167,4.5529332815843455,53.598308362919994,0.3325314733202795,LT-D1,2858.1145146683666,2858.1145146683666,0.0,0.0,0,0,0.0,0.0,0,,0.0,0,9.662886921311733,9.662886921311733,8.1,25865.93635774872,25865.93635774872,0.0,9.05,30,1.0,2858.1145146683666,2858.1145146683666,27669.533175636156,27669.533175636156,0.0,25865.93635774872,25865.93635774872,9.68104428063713,9.68104428063713,flat,flat,0.0,0.0,0.0,0.0,0.0,0.0,0.0,1.0,True,0.0,False,False,False,,False
DHNC0367,Dhanmondi,Educational,Educational,32.739518771825146,0.4059622780314546,4.1779766880093225,38.19390307475588,0.25553883871632005,LT-D1,5809.848488642301,5809.848488642301,0.0,0.0,0,0,0.0,0.0,0,,0.0,0,17.960879751142343,17.960879751142343,19.9,52579.12882221282,52579.12882221282,0.0,9.05,30,1.0,5809.848488642301,5809.848488642301,56461.78526332347,56461.78526332347,0.0,52579.12882221283,52579.12882221283,9.718288759801718,9.718288759801718,flat,flat,0.0,0.0,0.0,0.0,0.0,0.0,0.0,1.0,True,0.0,False,False,False,,False
DHNC0368,Dhanmondi,Educational,Educational,32.739518771825146,0.41992286778448656,4.741160889539289,44.412983588425284,0.2317070690940586,LT-D1,10160.79564883413,10160.79564883413,0.0,0.0,0,0,0.0,0.0,0,,0.0,0,29.382920279226052,29.382920279226052,26.9,91955.20062194893,91955.20062194893,0.0,9.05,30,1.0,10160.79564883413,10160.79564883413,98247.66065304633,98247.66065304633,0.0,91955.20062194888,91955.20062194888,9.669288119608966,9.669288119608966,flat,flat,0.0,0.0,0.0,0.0,0.0,0.0,0.0,1.0,True,0.0,False,False,False,,False
DHNC0369,Dhanmondi,Educational,Educational,32.739518771825146,0.3632137103997266,4.559885814236791,35.40860451704644,0.32846279770200826,LT-D1,7583.863356457181,7583.863356457181,0.0,0.0,0,0,0.0,0.0,0,,0.0,0,26.02636350747746,26.02636350747746,23.9,68633.96337593748,68633.96337593748,0.0,9.05,30,1.0,7583.863356457181,7583.863356457181,73571.36154473438,73571.36154473438,0.0,68633.9633759375,68633.9633759375,9.70103996956815,9.70103996956815,flat,flat,0.0,0.0,0.0,0.0,0.0,0.0,0.0,1.0,True,0.0,False,False,False,,False
DHNC0370,Dhanmondi,Educational,Educational,32.739518771825146,0.38306042794847356,2.1786841075605743,42.63478750112108,0.2043893762333689,LT-D1,1882.5041430744652,1882.5041430744652,0.0,0.0,0,0,0.0,0.0,0,,0.0,0,5.738412217474011,5.738412217474011,6.5,17036.66249482391,17036.66249482391,0.0,9.05,30,1.0,1882.5041430744652,1882.5041430744652,18297.995619565107,18297.995619565107,0.0,17036.66249482391,17036.66249482391,9.72002940173147,9.72002940173147,flat,flat,0.0,0.0,0.0,0.0,0.0,0.0,0.0,1.0,True,0.0,False,False,False,,False
DHNC0371,Dhanmondi,Educational,Educational,32.739518771825146,0.27171975974612883,3.740395979207008,37.775810704808514,0.24183206174693353,LT-D1,2129.9438088217307,2129.9438088217307,0.0,0.0,0,0,0.0,0.0,0,,0.0,0,7.376294159225337,7.376294159225337,10.5,19275.99146983667,19275.99146983667,0.0,9.05,30,1.0,2129.9438088217307,2129.9438088217307,20901.291043328496,20901.291043328496,0.0,19275.991469836663,19275.991469836663,9.813071573419084,9.813071573419084,flat,flat,0.0,0.0,0.0,0.0,0.0,0.0,0.0,1.0,True,0.0,False,False,False,,False
DHNC0372,Dhanmondi,Educational,Educational,32.739518771825146,0.5368335513195504,4.884377832831235,41.92583368114126,0.2540941898484331,LT-D1,7729.641010084132,7729.641010084132,0.0,0.0,0,0,0.0,0.0,0,,0.0,0,22.650004438587207,22.650004438587207,25.9,69953.25114126143,69953.25114126143,0.0,9.05,30,1.0,7729.641010084132,7729.641010084132,75082.61369832447,75082.61369832447,0.0,69953.2511412614,69953.2511412614,9.71359647884957,9.71359647884957,flat,flat,0.0,0.0,0.0,0.0,0.0,0.0,0.0,1.0,True,0.0,False,False,False,,False
DHNC0373,Dhanmondi,Educational,Educational,32.739518771825146,0.3094311046613334,4.764529120689227,32.496229266862,0.21644183021231903,LT-D1,9005.656627407636,9005.656627407636,0.0,0.0,0,0,0.0,0.0,0,,0.0,0,35.34619233637836,35.34619233637836,36.4,81501.19247803908,81501.19247803908,0.0,9.05,30,1.0,9005.656627407636,9005.656627407636,87869.45210194107,87869.45210194107,0.0,81501.19247803911,81501.19247803911,9.757139955183384,9.757139955183384,flat,flat,0.0,0.0,0.0,0.0,0.0,0.0,0.0,1.0,True,0.0,False,False,False,,False
DHNC0374,Dhanmondi,Educational,Educational,32.739518771825146,0.3222190604612124,4.79007612617849,45.275450421139354,0.21852862803999912,LT-D1,3260.0825388039098,3260.0825388039098,0.0,0.0,0,0,0.0,0.0,0,,0.0,0,11.647484520284689,11.647484520284689,12.0,29503.746976175385,29503.746976175385,0.0,9.05,30,1.0,3260.0825388039098,3260.0825388039098,31734.934324984155,31734.934324984155,0.0,29503.746976175385,29503.746976175385,9.734395969197568,9.734395969197568,flat,flat,0.0,0.0,0.0,0.0,0.0,0.0,0.0,1.0,True,0.0,False,False,False,,False
DHNC0375,Dhanmondi,Educational,Educational,32.739518771825146,0.3026898906288089,4.127863837105567,39.81720502515763,0.20771817725993247,LT-D1,1703.519706480597,1703.519706480597,0.0,0.0,0,0,0.0,0.0,0,,0.0,0,7.4867292219083765,7.4867292219083765,9.7,15416.853343649405,15416.853343649405,0.0,9.05,30,1.0,1703.519706480597,1703.519706480597,16798.796010831877,16798.796010831877,0.0,15416.853343649405,15416.853343649405,9.861227872460313,9.861227872460313,flat,flat,0.0,0.0,0.0,0.0,0.0,0.0,0.0,1.0,True,0.0,False,False,False,,False
DHNC0376,Dhanmondi,Educational,Educational,32.739518771825146,0.20541893768358338,4.312979857758088,35.90230209313436,0.25677766332967505,LT-D1,9235.023019568325,9235.023019568325,0.0,0.0,0,0,0.0,0.0,0,,0.0,0,28.382216382006675,28.382216382006675,24.2,83576.95832709334,83576.95832709334,0.0,9.05,30,1.0,9235.023019568325,9235.023019568325,89280.40624344801,89280.40624344801,0.0,83576.95832709335,83576.95832709335,9.667588922547296,9.667588922547296,flat,flat,0.0,0.0,0.0,0.0,0.0,0.0,0.0,1.0,True,0.0,False,False,False,,False
DHNC0377,Dhanmondi,Educational,Educational,32.739518771825146,0.43811567004436713,3.3839478070976057,35.948435787191066,0.3058658187081055,LT-D1,2103.876926811757,2103.876926811757,0.0,0.0,0,0,0.0,0.0,0,,0.0,0,9.930490233753652,9.930490233753652,9.2,19040.086187646404,19040.086187646404,0.0,9.05,30,1.0,2103.876926811757,2103.876926811757,20571.690497028725,20571.690497028725,0.0,19040.086187646404,19040.086187646404,9.777991400002346,9.777991400002346,flat,flat,0.0,0.0,0.0,0.0,0.0,0.0,0.0,1.0,True,0.0,False,False,False,,False
DHNC0378,Dhanmondi,Educational,Educational,32.739518771825146,0.4816491029794667,5.158419025566614,42.53273055423192,0.276893781959671,LT-D1,2786.2359027217335,2786.2359027217335,0.0,0.0,0,0,0.0,0.0,0,,0.0,0,11.696037480027535,11.696037480027535,14.399999999999999,25215.434919631705,25215.434919631705,0.0,9.05,30,1.0,2786.2359027217335,2786.2359027217335,27383.406665613275,27383.406665613275,0.0,25215.43491963169,25215.43491963169,9.828100570688866,9.828100570688866,flat,flat,0.0,0.0,0.0,0.0,0.0,0.0,0.0,1.0,True,0.0,False,False,False,,False
DHNC0379,Dhanmondi,Educational,Educational,32.739518771825146,0.4381471069849552,3.1579990253677863,33.18754801360217,0.3358005869065283,LT-D1,1669.6811061887217,1669.6811061887217,0.0,0.0,0,0,0.0,0.0,0,,0.0,0,5.703121173397317,5.703121173397317,9.0,15110.614011007934,15110.614011007934,0.0,9.05,30,1.0,1669.6811061887217,1669.6811061887217,16433.14471155833,16433.14471155833,0.0,15110.614011007932,15110.614011007932,9.842085803479717,9.842085803479717,flat,flat,0.0,0.0,0.0,0.0,0.0,0.0,0.0,1.0,True,0.0,False,False,False,,False
DHNC0380,Dhanmondi,Educational,Educational,32.739518771825146,0.33115418513199735,4.810497182721823,41.44513323841348,0.18957900798980465,LT-D1,6689.94462675858,6689.94462675858,0.0,0.0,0,0,0.0,0.0,0,,0.0,0,23.394954682006677,23.394954682006677,21.0,60543.99887216517,60543.99887216517,0.0,9.05,30,1.0,6689.94462675858,6689.94462675858,64894.19881577341,64894.19881577341,0.0,60543.99887216515,60543.99887216515,9.700259484392179,9.700259484392179,flat,flat,0.0,0.0,0.0,0.0,0.0,0.0,0.0,1.0,True,0.0,False,False,False,,False
DHNC0381,Dhanmondi,Government,Government,40.10834784300581,0.21450600222503097,5.651652236831009,47.03397045234639,0.1799333365366406,LT-E,2771.988814367883,2771.988814367883,0.0,0.0,0,0,0.0,0.0,0,,0.0,0,14.638804442456838,14.638804442456838,14.9,41315.91580229897,41315.91580229897,0.0,15.36,30,1.0,2771.988814367883,2771.988814367883,46114.685598125216,46114.685598125216,0.0,42577.74818869068,42577.74818869068,16.635956595171574,16.635956595171574,flat,flat,0.0,0.0,0.0,0.0,0.0,0.0,0.0,1.0,True,0.0,False,False,False,,False
DHNC0382,Dhanmondi,Government,Government,40.10834784300581,0.23231166362550154,4.578121974598633,41.7771067231075,0.16064296344947016,LT-E,4194.159562054971,4194.159562054971,0.0,0.0,0,0,0.0,0.0,0,,0.0,0,13.674971257670553,13.674971257670553,15.2,61356.91262499324,61356.91262499324,0.0,15.36,30,1.0,4194.159562054971,4194.159562054971,69079.80541682255,69079.80541682255,0.0,64422.29087316435,64422.29087316435,16.470476240769486,16.470476240769486,flat,flat,0.0,0.0,0.0,0.0,0.0,0.0,0.0,1.0,True,0.0,False,False,False,,False
DHNC0383,Dhanmondi,Government,Government,40.10834784300581,0.2608962333024273,5.049328655751301,46.71068699085297,0.23867463371769498,LT-E,4730.693519114761,4730.693519114761,0.0,0.0,0,0,0.0,0.0,0,,0.0,0,17.116547947271194,17.116547947271194,15.2,69628.91792316237,69628.91792316237,0.0,15.36,30,1.0,4730.693519114761,4730.693519114761,77733.02507628287,77733.02507628287,0.0,72663.45245360273,72663.45245360273,16.431634127680457,16.431634127680457,flat,flat,0.0,0.0,0.0,0.0,0.0,0.0,0.0,1.0,True,0.0,False,False,False,,False
DHNC0384,Dhanmondi,Government,Government,40.10834784300581,0.28512303230894437,4.083540727475435,53.5793575301884,0.28458148583902204,LT-E,3456.002911684309,3456.002911684309,0.0,0.0,0,0,0.0,0.0,0,,0.0,0,10.168609401004325,10.168609401004325,10.7,50615.12532497298,50615.12532497298,0.0,15.36,30,1.0,3456.002911684309,3456.002911684309,56749.56495964453,56749.56495964453,0.0,53084.20472347098,53084.20472347098,16.420577878502773,16.420577878502773,flat,flat,0.0,0.0,0.0,0.0,0.0,0.0,0.0,1.0,True,0.0,False,False,False,,False
DHNC0385,Dhanmondi,Government,Government,40.10834784300581,0.42417851733137607,4.567059112705617,48.492504691236604,0.17787203267985435,LT-E,3732.092967129338,3732.092967129338,0.0,0.0,0,0,0.0,0.0,0,,0.0,0,12.843783979531125,12.843783979531125,12.8,54801.5858492495,54801.5858492495,0.0,15.36,30,1.0,3732.092967129338,3732.092967129338,61400.79537386196,61400.79537386196,0.0,57324.94797510663,57324.94797510663,16.45210768184331,16.45210768184331,flat,flat,0.0,0.0,0.0,0.0,0.0,0.0,0.0,1.0,True,0.0,False,False,False,,False
DHNC0386,Dhanmondi,Government,Government,40.10834784300581,0.4429461785539398,5.176557922685045,40.54779580674895,0.2024741235901543,LT-E,5013.957003097361,5013.957003097361,0.0,0.0,0,0,0.0,0.0,0,,0.0,0,18.149343254650304,18.149343254650304,19.699999999999996,72305.02586775293,72305.02586775293,0.0,15.36,30,1.0,5013.957003097361,5013.957003097361,82726.74854595424,82726.74854595424,0.0,77014.37956757547,77014.37956757547,16.499293570896196,16.499293570896196,flat,flat,0.0,0.0,0.0,0.0,0.0,0.0,0.0,1.0,True,0.0,False,False,False,,False
DHNC0387,Dhanmondi,Government,Government,40.10834784300581,0.31110659417398084,5.243476615266453,46.30805845970432,0.16962637426140878,LT-E,1402.4940234925111,1402.4940234925111,0.0,0.0,0,0,0.0,0.0,0,,0.0,0,3.89759917056872,3.89759917056872,5.0,21038.986313340098,21038.986313340098,0.0,15.36,30,1.0,1402.4940234925111,1402.4940234925111,23091.92361088722,23091.92361088722,0.0,21542.30820084497,21542.30820084497,16.464899831361404,16.464899831361404,flat,flat,0.0,0.0,0.0,0.0,0.0,0.0,0.0,1.0,True,0.0,False,False,False,,False
DHNC0388,Dhanmondi,Government,Government,40.10834784300581,0.2737511603071893,4.5692528235920316,54.32865152751748,0.15329904937543964,LT-E,2990.7014155456927,2990.7014155456927,0.0,0.0,0,0,0.0,0.0,0,,0.0,0,12.938462554355365,12.938462554355365,13.8,44506.548306800774,44506.548306800774,0.0,15.36,30,1.0,2990.7014155456927,2990.7014155456927,49538.13242992093,49538.13242992093,0.0,45937.17374278184,45937.17374278184,16.56405155406731,16.56405155406731,flat,flat,0.0,0.0,0.0,0.0,0.0,0.0,0.0,1.0,True,0.0,False,False,False,,False
DHNC0389,Dhanmondi,Government,Government,40.10834784300581,0.22052371203161392,6.123279084965549,45.381028203834916,0.2192831868283564,LT-E,4849.479917936167,4849.479917936167,0.0,0.0,0,0,0.0,0.0,0,,0.0,0,19.904549101188042,19.904549101188042,16.4,70762.56072902579,70762.56072902579,0.0,15.36,30,1.0,4849.479917936167,4849.479917936167,79762.2121164745,79762.2121164745,0.0,74488.01153949952,74488.01153949952,16.447580661478348,16.447580661478348,flat,flat,0.0,0.0,0.0,0.0,0.0,0.0,0.0,1.0,True,0.0,False,False,False,,False
DHNC0390,Dhanmondi,Government,Government,40.10834784300581,0.38352130254084926,4.364334182347049,38.655692287951254,0.26676512853047185,LT-E,5941.784003919296,5941.784003919296,0.0,0.0,0,0,0.0,0.0,0,,0.0,0,18.883764147600143,18.883764147600143,19.7,87715.18443315054,87715.18443315054,0.0,15.36,30,1.0,5941.784003919296,5941.784003919296,97690.7424152104,97690.7424152104,0.0,91265.80230020039,91265.80230020039,16.441314990711884,16.441314990711884,flat,flat,0.0,0.0,0.0,0.0,0.0,0.0,0.0,1.0,True,0.0,False,False,False,,False
DHNC0391,Dhanmondi,Government,Government,40.10834784300581,0.3141137985170737,4.936280945274297,48.00265519147711,0.2247929815966807,LT-E,6558.624063726129,6558.624063726129,0.0,0.0,0,0,0.0,0.0,0,,0.0,0,22.81994789455659,22.81994789455659,19.7,96822.85950861344,96822.85950861344,0.0,15.36,30,1.0,6558.624063726129,6558.624063726129,107639.138899775,107639.138899775,0.0,100740.46561883333,100740.46561883333,16.411847645773182,16.411847645773182,flat,flat,0.0,0.0,0.0,0.0,0.0,0.0,0.0,1.0,True,0.0,False,False,False,,False
DHNC0392,Dhanmondi,Government,Government,40.10834784300581,0.3034097215677384,5.556333505804884,37.43465532315043,0.16482253526554197,LT-E,5771.503566372906,5771.503566372906,0.0,0.0,0,0,0.0,0.0,0,,0.0,0,18.968065198698234,18.968065198698234,17.4,85801.2427981819,85801.2427981819,0.0,15.36,30,1.0,5771.503566372906,5771.503566372906,94727.10951846222,94727.10951846222,0.0,88650.29477948783,88650.29477948783,16.41289976330957,16.41289976330957,flat,flat,0.0,0.0,0.0,0.0,0.0,0.0,0.0,1.0,True,0.0,False,False,False,,False
DHNC0393,Dhanmondi,Government,Government,40.10834784300581,0.18159718084455764,3.54293397007197,50.43057107565218,0.2284846978308394,LT-E,3647.552886460389,3647.552886460389,0.0,0.0,0,0,0.0,0.0,0,,0.0,0,10.52104042835738,10.52104042835738,10.7,53744.0957220855,53744.0957220855,0.0,15.36,30,1.0,3647.552886460389,3647.552886460389,59838.88295283315,59838.88295283315,0.0,56026.41233603157,56026.41233603157,16.40521325268603,16.40521325268603,flat,flat,0.0,0.0,0.0,0.0,0.0,0.0,0.0,1.0,True,0.0,False,False,False,,False
DHNC0394,Dhanmondi,Government,Government,40.10834784300581,0.35628264985294444,4.496219998021219,65.92749288804146,0.14926816193134843,LT-E,1993.519026030114,1993.519026030114,0.0,0.0,0,0,0.0,0.0,0,,0.0,0,7.834373360124957,7.834373360124957,9.9,28875.39207981945,28875.39207981945,0.0,15.36,30,1.0,1993.519026030114,1993.519026030114,33087.02485181368,33087.02485181368,0.0,30620.45223982255,30620.45223982255,16.597295746759464,16.597295746759464,flat,flat,0.0,0.0,0.0,0.0,0.0,0.0,0.0,1.0,True,0.0,False,False,False,,False
DHNC0395,Dhanmondi,Government,Government,40.10834784300581,0.35836353371193885,4.9475882081239275,48.75543700333948,0.20028808663630257,LT-E,3421.673257501811,3421.673257501811,0.0,0.0,0,0,0.0,0.0,0,,0.0,0,12.47458441809272,12.47458441809272,15.3,49782.79300763385,49782.79300763385,0.0,15.36,30,1.0,3421.673257501811,3421.673257501811,56630.596296989206,56630.596296989206,0.0,52556.901235227815,52556.901235227815,16.550556419386353,16.550556419386353,flat,flat,0.0,0.0,0.0,0.0,0.0,0.0,0.0,1.0,True,0.0,False,False,False,,False
DHNC0396,Dhanmondi,Government,Government,40.10834784300581,0.20598818935870067,5.136662048119668,41.947682310780834,0.15487645273890532,LT-E,5298.224887221339,5298.224887221339,0.0,0.0,0,0,0.0,0.0,0,,0.0,0,20.674075309702765,20.674075309702765,18.799999999999997,78374.22099913209,78374.22099913209,0.0,15.36,30,1.0,5298.224887221339,5298.224887221339,87226.37098110575,87226.37098110575,0.0,81380.73426771976,81380.73426771976,16.463319854822497,16.463319854822497,flat,flat,0.0,0.0,0.0,0.0,0.0,0.0,0.0,1.0,True,0.0,False,False,False,,False
DHNC0397,Dhanmondi,Government,Government,40.10834784300581,0.255892363485157,4.04753070826415,39.192437476425134,0.2220476088950185,LT-E,1555.65682572885,1555.65682572885,0.0,0.0,0,0,0.0,0.0,0,,0.0,0,5.119509490769415,5.119509490769415,5.8999999999999995,23119.14243846683,23119.14243846683,0.0,15.36,30,1.0,1555.65682572885,1555.65682572885,25647.18328535489,25647.18328535489,0.0,23894.888843195135,23894.888843195135,16.48640166724353,16.48640166724353,flat,flat,0.0,0.0,0.0,0.0,0.0,0.0,0.0,1.0,True,0.0,False,False,False,,False
DHNC0398,Dhanmondi,Government,Government,40.10834784300581,0.36155389717129827,3.634177264595016,32.999050497904534,0.20564667221077634,LT-E,4047.264311228186,4047.264311228186,0.0,0.0,0,0,0.0,0.0,0,,0.0,0,18.435443171704957,18.435443171704957,16.2,58592.831703664546,58592.831703664546,0.0,15.36,30,1.0,4047.264311228186,4047.264311228186,66805.1788114882,66805.1788114882,0.0,62165.97982046494,62165.97982046494,16.506255503539236,16.506255503539236,flat,flat,0.0,0.0,0.0,0.0,0.0,0.0,0.0,1.0,True,0.0,False,False,False,,False
DHNC0399,Dhanmondi,Government,Government,40.10834784300581,0.2888627765561266,5.881696546095652,40.86776083978893,0.19804290851475675,LT-E,3631.482811234373,3631.482811234373,0.0,0.0,0,0,0.0,0.0,0,,0.0,0,10.937568201404526,10.937568201404526,11.9,53467.7086122383,53467.7086122383,0.0,15.36,30,1.0,3631.482811234373,3631.482811234373,59693.104779587964,59693.104779587964,0.0,55779.57598055997,55779.57598055997,16.43766689323741,16.43766689323741,flat,flat,0.0,0.0,0.0,0.0,0.0,0.0,0.0,1.0,True,0.0,False,False,False,,False
DHNC0400,Dhanmondi,Government,Government,40.10834784300581,0.3457403325530782,4.969014278788857,38.9736920735138,0.1392693656832132,LT-E,3973.131432307371,3973.131432307371,0.0,0.0,0,0,0.0,0.0,0,,0.0,0,17.748545251248505,17.748545251248505,17.4,58010.74012064277,58010.74012064277,0.0,15.36,30,1.0,3973.131432307371,3973.131432307371,65722.96374025328,65722.96374025328,0.0,61027.29880024122,61027.29880024122,16.54185492224834,16.54185492224834,flat,flat,0.0,0.0,0.0,0.0,0.0,0.0,0.0,1.0,True,0.0,False,False,False,,False
KLNC0001,Kalyanpur,Residential,Res-A,795.3408386808318,0.600582756415974,2.0809388366858643,21.19130373823998,0.3836459432442986,LT-A,194.06846911678335,194.06846911678335,0.0,0.0,0,0,0.0,0.0,0,upper-middle,167586.8164301546,6,0.731272626339894,0.731272626339894,2.9251000000000005,1649.581987492659,1649.581987492659,0.0,8.5,30,1.0,194.06846911678335,194.06846911678335,1678.3579968672911,1678.3579968672911,0.0,1475.5819874926583,1475.5819874926583,8.648277613079518,8.648277613079518,76-200,76-200,0.0,0.0,0.0,0.0,0.0,0.0,0.0,1.0,True,0.0,False,False,False,,False
KLNC0002,Kalyanpur,Residential,Res-B,795.3408386808318,0.392048891739897,1.859888519419387,16.4094765491582,0.4399819126522117,LT-A,147.00148496907693,147.00148496907693,0.0,0.0,0,0,0.0,0.0,0,middle,57637.972393621305,5,0.7586383038988945,0.7586383038988945,2.1401000000000003,1249.512622237154,1249.512622237154,0.0,8.5,30,1.0,147.00148496907693,147.00148496907693,1223.6666633490115,1223.6666633490115,0.0,1075.512622237154,1075.512622237154,8.324178926535474,8.324178926535474,76-200,76-200,0.0,0.0,0.0,0.0,0.0,0.0,0.0,1.0,True,0.0,False,False,False,,False
KLNC0003,Kalyanpur,Residential,Res-B,795.3408386808318,0.31253359247106965,1.732791702648039,17.931590157456885,0.37962710625590257,LT-A,147.3833782378852,147.3833782378852,0.0,0.0,0,0,0.0,0.0,0,middle,46376.03718881258,4,0.8450251098223547,0.8450251098223547,3.3451999999999997,1252.7587150220243,1252.7587150220243,0.0,8.5,30,1.0,147.3833782378852,147.3833782378852,1280.2199707731254,1280.2199707731254,0.0,1078.7587150220243,1078.7587150220243,8.686325324330516,8.686325324330516,76-200,76-200,0.0,0.0,0.0,0.0,0.0,0.0,0.0,1.0,True,0.0,False,False,False,,False
KLNC0004,Kalyanpur,Residential,Res-B,795.3408386808318,0.3488239342497505,1.7695884254185854,19.235740794383148,0.3090469178977664,LT-A,218.2714637512353,218.2714637512353,0.0,0.0,0,0,0.0,0.0,0,middle,38813.17651432089,4,0.9288235027459004,0.9288235027459004,3.0303999999999998,1986.2703201362413,1986.2703201362413,0.0,9.1,30,1.0,218.2714637512353,218.2714637512353,1910.5244761430533,1910.5244761430533,0.0,1692.2703201362413,1692.2703201362413,8.752974132800448,8.752974132800448,201-300,201-300,0.0,0.0,0.0,0.0,0.0,0.0,0.0,1.0,True,0.0,False,False,False,,False
KLNC0005,Kalyanpur,Residential,Res-B,795.3408386808318,0.2303365000807064,1.1832281241129703,24.81357689150563,0.4142116007907988,LT-A,158.80991321724065,158.80991321724065,0.0,0.0,0,0,0.0,0.0,0,middle,51469.20792514579,4,1.1944969795852936,1.1944969795852936,1.9504,1349.8842623465455,1349.8842623465455,0.0,8.5,30,1.0,158.80991321724065,158.80991321724065,1320.6911154638726,1320.6911154638726,0.0,1175.8842623465455,1175.8842623465455,8.316175537841024,8.316175537841024,76-200,76-200,0.0,0.0,0.0,0.0,0.0,0.0,0.0,1.0,True,0.0,False,False,False,,False
KLNC0006,Kalyanpur,Residential,Res-C,795.3408386808318,0.21340384414805877,2.919496639625219,29.764767719181382,0.31453070014096296,LT-A,157.04912212149483,157.04912212149483,0.0,0.0,0,0,0.0,0.0,0,lower-middle,13415.181293881897,3,0.8323639610851843,0.8323639610851843,1.8195000000000001,1334.9175380327054,1334.9175380327054,0.0,8.5,30,1.0,157.04912212149483,157.04912212149483,1299.2033649343414,1299.2033649343414,0.0,1160.917538032706,1160.917538032706,8.272592341708629,8.272592341708629,76-200,76-200,0.0,0.0,0.0,0.0,0.0,0.0,0.0,1.0,True,0.0,False,False,False,,False
KLNC0007,Kalyanpur,Residential,Res-B,795.3408386808318,0.3711474664541121,1.277428534199561,24.192425018101538,0.41834025064705954,LT-A,308.33323298059753,308.33323298059753,0.0,0.0,0,0,0.0,0.0,0,middle,55525.96153290447,4,1.5442357928271422,1.5442357928271422,3.4651,2966.1657012733485,2966.1657012733485,0.0,9.62,30,1.0,308.33323298059753,308.33323298059753,2794.7848963370157,2794.7848963370157,0.0,2516.165701273348,2516.165701273348,9.064170181463647,9.064170181463647,301-400,301-400,0.0,0.0,0.0,0.0,0.0,0.0,0.0,1.0,True,0.0,False,False,False,,False
KLNC0008,Kalyanpur,Residential,Res-B,795.3408386808318,0.32920401833424145,1.614212049409864,27.314569880187896,0.5285618007783728,LT-A,89.40493815747836,89.40493815747836,0.0,0.0,0,0,0.0,0.0,0,middle,29834.869520907792,4,0.6446147172505707,0.6446147172505707,1.8551000000000002,759.9419743385658,759.9419743385658,0.0,8.5,30,1.0,89.40493815747836,89.40493815747836,697.0489830554944,697.0489830554944,0.0,585.9419743385661,585.9419743385661,7.796537835837529,7.796537835837529,76-200,76-200,0.0,0.0,0.0,0.0,0.0,0.0,0.0,1.0,True,0.0,False,False,False,,False
KLNC0009,Kalyanpur,Residential,Res-C,795.3408386808318,0.15073666989710616,3.778105991197679,32.691610826821176,0.2741819268216439,LT-A,51.842367924303254,51.842367924303254,0.0,0.0,0,0,0.0,0.0,0,lower-middle,13051.301877711123,3,0.47591987924698276,0.47591987924698276,1.2055,320.3858337721942,320.3858337721942,0.0,6.18,30,1.0,51.842367924303254,51.842367924303254,389.5676754608038,389.5676754608038,0.0,320.3858337721941,320.3858337721941,7.514465312032513,7.514465312032513,1-75,1-75,0.0,0.0,0.0,0.0,0.0,0.0,0.0,1.0,True,0.0,False,False,False,,False
KLNC0010,Kalyanpur,Residential,Res-B,795.3408386808318,0.3821574190574076,1.4966452488186885,13.59067619644184,0.41184887252484165,LT-A,175.9200852730623,175.9200852730623,0.0,0.0,0,0,0.0,0.0,0,middle,47437.31026745803,5,0.9793652321284972,0.9793652321284972,2.6802,1495.3207248210294,1495.3207248210294,0.0,8.5,30,1.0,175.9200852730623,175.9200852730623,1505.5835810620813,1505.5835810620813,0.0,1321.3207248210297,1321.3207248210297,8.558338172273631,8.558338172273631,76-200,76-200,0.0,0.0,0.0,0.0,0.0,0.0,0.0,1.0,True,0.0,False,False,False,,False
KLNC0011,Kalyanpur,Residential,Res-C,795.3408386808318,0.20951903377750813,3.493843195435373,32.80544666038003,0.29694070432106623,LT-A,93.65850189384331,93.65850189384331,0.0,0.0,0,0,0.0,0.0,0,lower-middle,19709.98748449153,3,0.826642099368265,0.826642099368265,1.1155000000000002,796.0972660976678,796.0972660976678,0.0,8.5,30,1.0,93.65850189384331,93.65850189384331,702.3956794025515,702.3956794025515,0.0,622.0972660976681,622.0972660976681,7.499539979816012,7.499539979816012,76-200,76-200,0.0,0.0,0.0,0.0,0.0,0.0,0.0,1.0,True,0.0,False,False,False,,False
KLNC0012,Kalyanpur,Residential,Res-B,795.3408386808318,0.4036850190399678,1.5518451735964476,24.444940820505106,0.3937807169986934,LT-A,181.54710115999396,181.54710115999396,0.0,0.0,0,0,0.0,0.0,0,middle,51976.77548011011,4,1.2165557704070715,1.2165557704070715,3.4603,1543.1503598599497,1543.1503598599497,0.0,8.5,30,1.0,181.54710115999396,181.54710115999396,1590.207107852946,1590.207107852946,0.0,1369.1503598599486,1369.1503598599486,8.75919856440741,8.75919856440741,76-200,76-200,0.0,0.0,0.0,0.0,0.0,0.0,0.0,1.0,True,0.0,False,False,False,,False
KLNC0013,Kalyanpur,Residential,Res-B,795.3408386808318,0.4255166560663444,1.6082007986045987,20.83956236059255,0.41371433983194356,LT-A,223.19365894402856,223.19365894402856,0.0,0.0,0,0,0.0,0.0,0,middle,58601.35172425176,5,0.9644685370473545,0.9644685370473545,2.9702,2031.0622963906596,2031.0622963906596,0.0,9.1,30,1.0,223.19365894402856,223.19365894402856,1954.9012312101927,1954.9012312101927,0.0,1737.0622963906599,1737.0622963906599,8.758766895346401,8.758766895346401,201-300,201-300,0.0,0.0,0.0,0.0,0.0,0.0,0.0,1.0,True,0.0,False,False,False,,False
KLNC0014,Kalyanpur,Residential,Res-C,795.3408386808318,0.14746752506643143,3.465057032154486,30.48384853630084,0.3127428996078858,LT-A,72.94498600864941,72.94498600864941,0.0,0.0,0,0,0.0,0.0,0,lower-middle,15853.082842197064,3,0.8967806247641592,0.8967806247641592,1.4655000000000002,450.80001353345335,450.80001353345335,0.0,6.18,30,1.0,72.94498600864941,72.94498600864941,537.9685642101259,537.9685642101259,0.0,450.8000135334533,450.8000135334533,7.374990299488667,7.374990299488667,1-75,1-75,0.0,0.0,0.0,0.0,0.0,0.0,0.0,1.0,True,0.0,False,False,False,,False
KLNC0015,Kalyanpur,Residential,Res-B,795.3408386808318,0.32939105487226666,0.889466566543538,24.570258704592014,0.30690308519488163,LT-A,287.4463324779864,287.4463324779864,0.0,0.0,0,0,0.0,0.0,0,middle,35169.24225746089,4,1.292244833944055,1.292244833944055,3.4053999999999998,2615.761625549676,2615.761625549676,0.0,9.1,30,1.0,287.4463324779864,287.4463324779864,2588.02784682716,2588.02784682716,0.0,2321.761625549676,2321.761625549676,9.003516672196051,9.003516672196051,201-300,201-300,0.0,0.0,0.0,0.0,0.0,0.0,0.0,1.0,True,0.0,False,False,False,,False
KLNC0016,Kalyanpur,Residential,Res-A,795.3408386808318,0.520864224473589,2.231647099081475,21.85181458523158,0.39213598298015845,LT-A,385.015929297915,385.015929297915,0.0,0.0,0,0,0.0,0.0,0,upper-middle,102433.19711162837,5,1.371121771723235,1.371121771723235,3.8557000000000006,3703.853239845942,3703.853239845942,0.0,9.62,30,1.0,385.015929297915,385.015929297915,3586.5822718382396,3586.5822718382396,0.0,3253.8532398459424,3253.8532398459424,9.315412685336035,9.315412685336035,301-400,301-400,0.0,0.0,0.0,0.0,0.0,0.0,0.0,1.0,True,0.0,False,False,False,,False
KLNC0017,Kalyanpur,Residential,Res-A,795.3408386808318,0.6347834657658254,2.566842441083259,18.724920891875,0.4424893859693185,LT-A,419.6739374129215,356.72284680098306,0.0,62.95109061193821,0,638,1178.754191765798,101.20674444734696,30,upper-middle,117717.58123190212,6,2.221130256296523,2.221130256296523,4.4561,6299.30580056795,5253.203186035411,101.20674444734696,15.01,30,1.0,419.6739374129215,356.72284680098306,4074.4851005963487,3327.2714855367294,0.0,3693.3058005679513,2981.6737862254568,9.708692242633646,9.327329368934494,401-600,301-400,747.2136150596193,18.33884764851038,1046.1026145325395,62.95109061193841,15.000000000000046,0.0,0.0,0.8500000000000001,True,-330.33383225883165,False,True,False,0.6339011307694932,True
KLNC0018,Kalyanpur,Residential,Res-C,795.3408386808318,0.17096124064546941,2.059943784010889,36.433514286261385,0.4234869944164563,LT-A,130.33681937508302,130.33681937508302,0.0,0.0,0,0,0.0,0.0,0,lower-middle,23809.4518307932,3,0.6687005540961437,0.6687005540961437,1.8794,1107.862964688206,1107.862964688206,0.0,8.5,30,1.0,130.33681937508302,130.33681937508302,1063.437652922616,1063.437652922616,0.0,933.8629646882057,933.8629646882057,8.159149947201469,8.159149947201469,76-200,76-200,0.0,0.0,0.0,0.0,0.0,0.0,0.0,1.0,True,0.0,False,False,False,,False
KLNC0019,Kalyanpur,Residential,Res-B,795.3408386808318,0.32440036463950483,2.1641998342855757,15.84816320585779,0.44543034363704603,LT-A,165.53529670858504,165.53529670858504,0.0,0.0,0,0,0.0,0.0,0,middle,55430.70758599974,4,0.7653926901209732,0.7653926901209732,3.3505,1407.0500220229726,1407.0500220229726,0.0,8.5,30,1.0,165.53529670858504,165.53529670858504,1442.4595731241216,1442.4595731241216,0.0,1233.0500220229728,1233.0500220229728,8.713909370419561,8.713909370419561,76-200,76-200,0.0,0.0,0.0,0.0,0.0,0.0,0.0,1.0,True,0.0,False,False,False,,False
KLNC0020,Kalyanpur,Residential,Res-A,795.3408386808318,0.5058681940370112,1.8335127923765298,22.7347888732094,0.35435001660351423,LT-A,424.775646102099,424.775646102099,0.0,0.0,0,0,0.0,0.0,0,upper-middle,149984.3332024566,5,2.656946317760034,2.656946317760034,5.095,6375.882447992504,6375.882447992504,0.0,15.01,30,1.0,424.775646102099,424.775646102099,4183.066070392131,4183.066070392131,0.0,3769.882447992506,3769.882447992506,9.847706921942248,9.847706921942248,401-600,401-600,0.0,0.0,0.0,0.0,0.0,0.0,0.0,1.0,True,0.0,False,False,False,,False
KLNC0021,Kalyanpur,Residential,Res-C,795.3408386808318,0.1796208954088581,4.155415100215868,31.959009363203855,0.3072714833669354,LT-A,22.517097936160862,22.517097936160862,0.0,0.0,0,0,0.0,0.0,0,lower-middle,19403.633100705265,5,0.6075833218783241,0.6075833218783241,1.0747,119.79096102037579,119.79096102037579,0.0,5.32,30,1.0,22.517097936160862,22.517097936160862,173.1747790713946,173.1747790713946,0.0,119.79096102037579,119.79096102037579,7.690812535539413,7.690812535539413,lifeline 0-50,lifeline 0-50,0.0,0.0,0.0,0.0,0.0,0.0,0.0,1.0,True,0.0,False,False,False,,False
KLNC0022,Kalyanpur,Residential,Res-A,795.3408386808318,0.5449767250065608,2.465489933810007,16.83157259508086,0.40815519603200934,LT-A,495.4606379628792,421.1415422684473,0.0,74.31909569443187,0,552,1250.9072543815919,119.26585904963243,30,upper-middle,113012.50462837957,5,2.697363150072563,2.625853214904235,5.375800000000001,7436.864175822816,6202.068690399763,119.26585904963243,15.01,30,1.0,495.4606379628792,421.1415422684473,5309.480164613958,4138.174056921865,0.0,4830.864175822817,3715.334549449394,10.71625020797667,9.826088479972555,401-600,401-600,1171.306107692093,22.06065511833881,1234.795485423053,74.3190956944319,15.000000000000002,0.07150993516832793,2.651105216084983,0.8500000000000001,True,39.664712360133535,True,True,True,0.9363652689592474,True
KLNC0023,Kalyanpur,Residential,Res-B,795.3408386808318,0.28333146299306267,1.5272318474735098,19.884069081357843,0.4631187847940537,LT-A,144.4710047399311,144.4710047399311,0.0,0.0,0,0,0.0,0.0,0,middle,39897.49151689027,4,0.7496791921377006,0.7496791921377006,2.3802,1228.0035402894143,1228.0035402894143,0.0,8.5,30,1.0,144.4710047399311,144.4710047399311,1211.6705373038849,1211.6705373038849,0.0,1054.003540289414,1054.003540289414,8.386946152171287,8.386946152171287,76-200,76-200,0.0,0.0,0.0,0.0,0.0,0.0,0.0,1.0,True,0.0,False,False,False,,False
KLNC0024,Kalyanpur,Residential,Res-B,795.3408386808318,0.5191440572926781,1.3695151704288657,22.161345587665387,0.36038538423186395,LT-A,188.10013921583683,188.10013921583683,0.0,0.0,0,0,0.0,0.0,0,middle,49313.59411585582,4,0.9773922177056812,0.9773922177056812,3.6755,1598.8511833346124,1598.8511833346124,0.0,8.5,30,1.0,188.10013921583683,188.10013921583683,1658.1832925013439,1658.1832925013439,0.0,1424.851183334613,1424.851183334613,8.815428310760844,8.815428310760844,76-200,76-200,0.0,0.0,0.0,0.0,0.0,0.0,0.0,1.0,True,0.0,False,False,False,,False
KLNC0025,Kalyanpur,Residential,Res-B,795.3408386808318,0.3532868149175582,1.6677398119803657,23.67345533359682,0.43947825431039883,LT-A,355.6283736337721,355.6283736337721,0.0,0.0,0,0,0.0,0.0,0,middle,42075.88740382971,4,1.5088144117309192,1.5088144117309192,3.0650000000000004,3421.144954356887,3421.144954356887,0.0,9.62,30,1.0,355.6283736337721,355.6283736337721,3254.8687020747325,3254.8687020747325,0.0,2971.144954356888,2971.144954356888,9.15244379636202,9.15244379636202,301-400,301-400,0.0,0.0,0.0,0.0,0.0,0.0,0.0,1.0,True,0.0,False,False,False,,False
KLNC0026,Kalyanpur,Residential,Res-B,795.3408386808318,0.2924049097337309,1.667937102912673,25.110809911064575,0.464294482372165,LT-A,170.3623938407903,170.3623938407903,0.0,0.0,0,0,0.0,0.0,0,middle,48440.06842838645,4,0.8745521096132798,0.8745521096132798,3.5254,1448.0803476467177,1448.0803476467177,0.0,8.5,30,1.0,170.3623938407903,170.3623938407903,1493.2545050290537,1493.2545050290537,0.0,1274.0803476467177,1274.0803476467177,8.765165077596603,8.765165077596603,76-200,76-200,0.0,0.0,0.0,0.0,0.0,0.0,0.0,1.0,True,0.0,False,False,False,,False
KLNC0027,Kalyanpur,Residential,Res-C,795.3408386808318,0.1991305890778492,2.9778415135983103,31.703589875801953,0.31933038236867384,LT-A,36.394329360224944,36.394329360224944,0.0,0.0,0,0,0.0,0.0,0,lower-middle,15963.003042255115,3,0.711406709276422,0.711406709276422,1.5247,193.6178321963967,193.6178321963967,0.0,5.32,30,1.0,36.394329360224944,36.394329360224944,270.53799380621655,270.53799380621655,0.0,193.6178321963967,193.6178321963967,7.433520511629079,7.433520511629079,lifeline 0-50,lifeline 0-50,0.0,0.0,0.0,0.0,0.0,0.0,0.0,1.0,True,0.0,False,False,False,,False
KLNC0028,Kalyanpur,Residential,Res-B,795.3408386808318,0.3529914409703355,1.5603096955010143,22.81881880766631,0.37208256074393364,LT-A,156.8862443835734,156.8862443835734,0.0,0.0,0,0,0.0,0.0,0,middle,36310.43206079908,4,0.9944296282796875,0.9944296282796875,2.7054,1333.5330772603731,1333.5330772603731,0.0,8.5,30,1.0,156.8862443835734,156.8862443835734,1336.8178711233925,1336.8178711233925,0.0,1159.5330772603738,1159.5330772603738,8.520937424284233,8.520937424284233,76-200,76-200,0.0,0.0,0.0,0.0,0.0,0.0,0.0,1.0,True,0.0,False,False,False,,False
KLNC0029,Kalyanpur,Residential,Res-C,795.3408386808318,0.2395666656731631,3.0188364301731414,29.94161215712026,0.37374322831677054,LT-A,161.4231949992065,161.4231949992065,0.0,0.0,0,0,0.0,0.0,0,lower-middle,24160.178340529506,5,1.1978466497649216,1.1978466497649216,2.5697,1372.097157493255,1372.097157493255,0.0,8.5,30,1.0,161.4231949992065,161.4231949992065,1371.325785367918,1371.325785367918,0.0,1198.097157493255,1198.097157493255,8.49522142945231,8.49522142945231,76-200,76-200,0.0,0.0,0.0,0.0,0.0,0.0,0.0,1.0,True,0.0,False,False,False,,False
KLNC0030,Kalyanpur,Residential,Res-B,795.3408386808318,0.3523472829534758,1.7656969624723562,18.469308048006667,0.3736769619831169,LT-A,227.950860415352,227.950860415352,0.0,0.0,0,0,0.0,0.0,0,middle,58941.842922671865,5,1.0908413259248695,1.0908413259248695,2.8254,2074.352829779703,2074.352829779703,0.0,9.1,30,1.0,227.950860415352,227.950860415352,1993.9706112686883,1993.9706112686883,0.0,1780.3528297797031,1780.3528297797031,8.74737040972537,8.74737040972537,201-300,201-300,0.0,0.0,0.0,0.0,0.0,0.0,0.0,1.0,True,0.0,False,False,False,,False
KLNC0031,Kalyanpur,Residential,Res-B,795.3408386808318,0.3219102715511489,1.406572255258939,16.01266275342019,0.4257500895003859,LT-A,187.43414806820167,187.43414806820167,0.0,0.0,0,0,0.0,0.0,0,middle,38619.85076703158,4,1.0792978324710538,1.0792978324710538,2.815,1593.190258579714,1593.190258579714,0.0,8.5,30,1.0,187.43414806820167,187.43414806820167,1614.2912715087,1614.2912715087,0.0,1419.1902585797143,1419.1902585797143,8.612578274271067,8.612578274271067,76-200,76-200,0.0,0.0,0.0,0.0,0.0,0.0,0.0,1.0,True,0.0,False,False,False,,False
KLNC0032,Kalyanpur,Residential,Res-C,795.3408386808318,0.10369065390990995,2.876264260783613,31.97630214901201,0.2307241014133571,LT-A,66.98183477311001,66.98183477311001,0.0,0.0,0,0,0.0,0.0,0,lower-middle,18915.717810407474,3,0.9807076862057156,0.9807076862057156,1.9456,413.94773889781993,413.94773889781993,0.0,6.18,30,1.0,66.98183477311001,66.98183477311001,520.4460858427108,520.4460858427108,0.0,413.9477388978198,413.9477388978198,7.769958640363266,7.769958640363266,1-75,1-75,0.0,0.0,0.0,0.0,0.0,0.0,0.0,1.0,True,0.0,False,False,False,,False
KLNC0033,Kalyanpur,Residential,Res-B,795.3408386808318,0.40356690065112233,1.4213299637031604,23.693244766899557,0.4481203742184637,LT-A,204.34555372549886,204.34555372549886,0.0,0.0,0,0,0.0,0.0,0,middle,56833.65120711585,4,0.9667662754066545,0.9667662754066545,3.7053,1859.5445389020397,1859.5445389020397,0.0,9.1,30,1.0,204.34555372549886,204.34555372549886,1807.2254958471417,1807.2254958471417,0.0,1565.5445389020397,1565.5445389020397,8.84396779327443,8.84396779327443,201-300,201-300,0.0,0.0,0.0,0.0,0.0,0.0,0.0,1.0,True,0.0,False,False,False,,False
KLNC0034,Kalyanpur,Residential,Res-B,795.3408386808318,0.32192801084640915,1.113875315077433,24.295718783544665,0.31004052471065063,LT-A,176.85747166513067,176.85747166513067,0.0,0.0,0,0,0.0,0.0,0,middle,31488.43767673682,5,1.1256523430040584,1.1256523430040584,2.9,1503.2885091536107,1503.2885091536107,0.0,8.5,30,1.0,176.85747166513067,176.85747166513067,1523.6429346112911,1523.6429346112911,0.0,1329.2885091536107,1329.2885091536107,8.615089429165991,8.615089429165991,76-200,76-200,0.0,0.0,0.0,0.0,0.0,0.0,0.0,1.0,True,0.0,False,False,False,,False
KLNC0035,Kalyanpur,Residential,Res-B,795.3408386808318,0.3040733129698308,1.5989765801717628,19.756049846577888,0.3787045968811743,LT-A,260.3715433999295,260.3715433999295,0.0,0.0,0,0,0.0,0.0,0,middle,42679.177260143886,5,1.4370197138387333,1.4370197138387333,2.775,2369.3810449393586,2369.3810449393586,0.0,9.1,30,1.0,260.3715433999295,260.3715433999295,2301.5275971863266,2301.5275971863266,0.0,2075.3810449393586,2075.3810449393586,8.839397605179881,8.839397605179881,201-300,201-300,0.0,0.0,0.0,0.0,0.0,0.0,0.0,1.0,True,0.0,False,False,False,,False
KLNC0036,Kalyanpur,Residential,Res-C,795.3408386808318,0.19539040066585514,3.619558040782637,30.47905252985122,0.26027266592396675,LT-A,48.68053031797447,48.68053031797447,0.0,0.0,0,0,0.0,0.0,0,lower-middle,12023.68750671378,5,0.4806327419918769,0.4806327419918769,0.8956999999999999,258.98042129162434,258.98042129162434,0.0,5.32,30,1.0,48.68053031797447,48.68053031797447,311.42981235620545,311.42981235620545,0.0,258.9804212916242,258.9804212916242,6.397420289425549,6.397420289425549,lifeline 0-50,lifeline 0-50,0.0,0.0,0.0,0.0,0.0,0.0,0.0,1.0,True,0.0,False,False,False,,False
KLNC0037,Kalyanpur,Residential,Res-A,795.3408386808318,0.559232945737869,1.5951474409398703,18.75590587010299,0.38435298898197146,LT-A,498.969369837785,424.1239643621171,0.0,74.84540547566772,0,561,1403.7933799113152,120.17919644280859,30,upper-middle,171218.7172095058,6,2.7878931728785177,2.7878931728785177,5.454899999999999,7489.530241265151,6245.92150863257,120.17919644280859,15.01,30,1.0,498.969369837785,424.1239643621171,5368.267843328411,4188.666830329146,0.0,4883.530241265153,3760.1007050753774,10.758712193242715,9.87604375675613,401-600,401-600,1179.6010129992646,21.97358715000132,1243.6087326325805,74.84540547566792,15.000000000000034,0.0,0.0,0.8500000000000001,True,-104.01317046924191,False,True,False,0.8402953239983124,True
KLNC0038,Kalyanpur,Residential,Res-B,795.3408386808318,0.25439017950751497,1.5374664328346785,19.557180910699085,0.3528916157546679,LT-A,146.48680932215314,146.48680932215314,0.0,0.0,0,0,0.0,0.0,0,middle,45984.08211888981,5,0.9203493343369314,0.9203493343369314,1.245,1245.1378792383018,1245.1378792383018,0.0,8.5,30,1.0,146.48680932215314,146.48680932215314,1179.5992732002167,1179.5992732002167,0.0,1071.1378792383016,1071.1378792383016,8.0525972178563,8.0525972178563,76-200,76-200,0.0,0.0,0.0,0.0,0.0,0.0,0.0,1.0,True,0.0,False,False,False,,False
KLNC0039,Kalyanpur,Residential,Res-A,795.3408386808318,0.45256220215246334,2.1672081547135975,17.876524147486094,0.4742689118458004,LT-A,345.65121415007525,345.65121415007525,0.0,0.0,0,0,0.0,0.0,0,upper-middle,168141.34928702348,4,1.4740896395716563,1.4740896395716563,4.4359,3325.164680123724,3325.164680123724,0.0,9.62,30,1.0,345.65121415007525,345.65121415007525,3214.54610412991,3214.54610412991,0.0,2875.164680123724,2875.164680123724,9.299970526746694,9.299970526746694,301-400,301-400,0.0,0.0,0.0,0.0,0.0,0.0,0.0,1.0,True,0.0,False,False,False,,False
KLNC0040,Kalyanpur,Residential,Res-A,795.3408386808318,0.6393877585534664,2.0487404134513207,22.689455870940307,0.4110446627076573,LT-A,329.7420277218724,329.7420277218724,0.0,0.0,0,0,0.0,0.0,0,upper-middle,165171.10207226788,5,1.3540848644358545,1.3540848644358545,3.566100000000001,3172.118306684411,3172.118306684411,0.0,9.62,30,1.0,329.7420277218724,329.7420277218724,3015.489232018633,3015.489232018633,0.0,2722.1183066844123,2722.1183066844123,9.14499511285261,9.14499511285261,301-400,301-400,0.0,0.0,0.0,0.0,0.0,0.0,0.0,1.0,True,0.0,False,False,False,,False
KLNC0041,Kalyanpur,Residential,Res-A,795.3408386808318,0.6625774712277507,1.7907421799791072,19.403387954960223,0.38089375414900073,LT-A,598.0766632169616,508.36516373441714,0.0,89.71149948254421,0,528,1740.7070284810188,144.09207998594425,30,upper-middle,140256.5812842087,6,3.492687034073403,3.492687034073403,6.170599999999999,8977.130714886593,7486.469027667658,144.09207998594425,15.01,30,1.0,598.0766632169616,508.36516373441714,6961.8107106309235,5547.912623036282,0.0,6371.1307148865935,5024.5611076536015,11.640331647759709,10.913243115011422,401-600,401-600,1413.8980875946418,20.30934402504755,1490.6616872189343,89.71149948254447,15.000000000000037,0.0,0.0,0.8500000000000001,True,-182.71686090043272,False,True,False,0.8122550575489098,True
KLNC0042,Kalyanpur,Residential,Res-B,795.3408386808318,0.3277432706825899,1.5078162837848745,18.042766626499347,0.40004995793571535,LT-A,141.7471169549564,141.7471169549564,0.0,0.0,0,0,0.0,0.0,0,middle,28690.343002382295,5,0.72990797741203,0.72990797741203,1.9203000000000001,1204.8504941171295,1204.8504941171295,0.0,8.5,30,1.0,141.7471169549564,141.7471169549564,1167.0782488229859,1167.0782488229859,0.0,1030.8504941171295,1030.8504941171295,8.233523713881626,8.233523713881626,76-200,76-200,0.0,0.0,0.0,0.0,0.0,0.0,0.0,1.0,True,0.0,False,False,False,,False
KLNC0043,Kalyanpur,Residential,Res-C,795.3408386808318,0.20481074205967115,3.2706898531150816,27.424694930941747,0.2920576381594991,LT-A,135.69884112477337,135.69884112477337,0.0,0.0,0,0,0.0,0.0,0,lower-middle,15648.748516563308,4,0.8173517821899122,0.8173517821899122,2.4156,1153.440149560574,1153.440149560574,0.0,8.5,30,1.0,135.69884112477337,135.69884112477337,1134.9401170386025,1134.9401170386025,0.0,979.4401495605737,979.4401495605737,8.363668456055859,8.363668456055859,76-200,76-200,0.0,0.0,0.0,0.0,0.0,0.0,0.0,1.0,True,0.0,False,False,False,,False
KLNC0044,Kalyanpur,Residential,Res-B,795.3408386808318,0.3777414740373137,1.4828404051747412,21.39679749098817,0.42031081019087385,LT-A,166.20379424258113,166.20379424258113,0.0,0.0,0,0,0.0,0.0,0,middle,41392.868168416375,5,1.2383183150434895,1.2383183150434895,3.3901,1412.7322510619388,1412.7322510619388,0.0,8.5,30,1.0,166.20379424258113,166.20379424258113,1450.1722736150366,1450.1722736150366,0.0,1238.7322510619397,1238.7322510619397,8.725265751144356,8.725265751144356,76-200,76-200,0.0,0.0,0.0,0.0,0.0,0.0,0.0,1.0,True,0.0,False,False,False,,False
KLNC0045,Kalyanpur,Residential,Res-A,795.3408386808318,0.5844538642712598,1.7232522710693503,20.461367683902434,0.44721385567296573,LT-A,658.176394340554,559.4499351894709,0.0,98.72645915108316,0,497,2020.078380820086,158.63335971458113,30,upper-middle,154884.96552883065,5,3.6849676186991096,3.6849676186991096,6.1956999999999995,11419.360441808616,9547.823015822742,158.63335971458113,17.35,30,1.0,658.176394340554,559.4499351894709,8053.058833899043,6354.141073553656,0.0,7409.360441808612,5791.343527193958,12.235411210649138,11.357836821272802,601-above,401-600,1698.9177603453873,21.096552196959717,1871.5374259858745,98.72645915108308,14.999999999999996,0.0,0.0,0.8499999999999999,True,-162.52726076011777,False,True,False,0.8410157627921754,True
KLNC0046,Kalyanpur,Residential,Res-A,795.3408386808318,0.5638260319744488,2.190236915216195,22.593464229277373,0.3898002184016976,LT-A,459.1114672711171,422.2384397095373,0.0,36.87302756157975,0,250,833.0894292377105,110.61908268473923,16,upper-middle,149170.89401049737,5,2.774207545376214,2.774207545376214,4.6836,6891.263123739467,6227.179897355416,110.61908268473923,15.01,30,1.0,459.1114672711171,422.2384397095373,4706.07303992644,4124.935689042163,0.0,4285.263123739467,3731.798980040155,10.250393151577248,9.769209292928787,401-600,401-600,581.1373508842771,12.348668326094675,664.0832263840512,36.87302756157976,8.031388930611332,0.0,0.0,0.9196861106938867,True,-141.33299566869425,False,True,False,0.6975689889812029,True
KLNC0047,Kalyanpur,Residential,Res-B,795.3408386808318,0.4164122938521604,1.4384701894972458,19.662682621994396,0.40878743561513986,LT-A,164.70095864241253,164.70095864241253,0.0,0.0,0,0,0.0,0.0,0,middle,53455.04601532105,4,1.061607418336221,1.061607418336221,2.9801,1399.9581484605062,1399.9581484605062,0.0,8.5,30,1.0,164.70095864241253,164.70095864241253,1418.6784658835318,1418.6784658835318,0.0,1225.9581484605064,1225.9581484605064,8.61366246788927,8.61366246788927,76-200,76-200,0.0,0.0,0.0,0.0,0.0,0.0,0.0,1.0,True,0.0,False,False,False,,False
KLNC0048,Kalyanpur,Residential,Res-C,795.3408386808318,0.21054678509349234,3.767947823699151,33.17908466698378,0.2573876670117169,LT-A,68.1916226169997,68.1916226169997,0.0,0.0,0,0,0.0,0.0,0,lower-middle,20019.918668725615,4,0.8199769728802699,0.8199769728802699,0.9344,421.4242277730581,421.4242277730581,0.0,6.18,30,1.0,68.1916226169997,68.1916226169997,483.702479161711,483.702479161711,0.0,421.4242277730581,421.4242277730581,7.093283025078323,7.093283025078323,1-75,1-75,0.0,0.0,0.0,0.0,0.0,0.0,0.0,1.0,True,0.0,False,False,False,,False
KLNC0049,Kalyanpur,Residential,Res-B,795.3408386808318,0.38901355695734774,1.5653892145585275,21.838115131922237,0.4027669172231041,LT-A,169.96485503783546,169.96485503783546,0.0,0.0,0,0,0.0,0.0,0,middle,59317.37989763545,4,1.3776786158131993,1.3776786158131993,1.8155000000000001,1444.7012678216015,1444.7012678216015,0.0,8.5,30,1.0,169.96485503783546,169.96485503783546,1414.2998812126816,1414.2998812126816,0.0,1270.7012678216015,1270.7012678216015,8.321131335639052,8.321131335639052,76-200,76-200,0.0,0.0,0.0,0.0,0.0,0.0,0.0,1.0,True,0.0,False,False,False,,False
KLNC0050,Kalyanpur,Residential,Res-B,795.3408386808318,0.25606462907120897,1.3470828466602953,16.459289872817003,0.42590527849506465,LT-A,246.4585453122403,246.4585453122403,0.0,0.0,0,0,0.0,0.0,0,middle,47448.137668937765,5,1.5602608129079683,1.5602608129079683,3.6755,2242.772762341386,2242.772762341386,0.0,9.1,30,1.0,246.4585453122403,246.4585453122403,2208.300950458456,2208.300950458456,0.0,1948.7727623413866,1948.7727623413866,8.960131399220677,8.960131399220677,201-300,201-300,0.0,0.0,0.0,0.0,0.0,0.0,0.0,1.0,True,0.0,False,False,False,,False
KLNC0051,Kalyanpur,Residential,Res-C,795.3408386808318,0.16366102019524792,3.3488874446319654,25.917190808079965,0.2560423447800304,LT-A,56.9024194746274,56.9024194746274,0.0,0.0,0,0,0.0,0.0,0,lower-middle,11054.914903987574,4,0.1450698591344856,0.1450698591344856,0.20550000000000002,351.6569523531974,351.6569523531974,0.0,6.18,30,1.0,56.9024194746274,56.9024194746274,391.2897999708572,391.2897999708572,0.0,351.6569523531973,351.6569523531973,6.876505491042116,6.876505491042116,1-75,1-75,0.0,0.0,0.0,0.0,0.0,0.0,0.0,1.0,True,0.0,False,False,False,,False
KLNC0052,Kalyanpur,Residential,Res-B,795.3408386808318,0.20627063391958872,1.7133274625056438,20.366565076793147,0.4345825240746983,LT-A,291.8923258904663,291.8923258904663,0.0,0.0,0,0,0.0,0.0,0,middle,36981.51686788709,4,1.413590558674043,1.413590558674043,3.0101,2656.2201656032435,2656.2201656032435,0.0,9.1,30,1.0,291.8923258904663,291.8923258904663,2613.076583883405,2613.076583883405,0.0,2362.220165603243,2362.220165603243,8.952193504614343,8.952193504614343,201-300,201-300,0.0,0.0,0.0,0.0,0.0,0.0,0.0,1.0,True,0.0,False,False,False,,False
KLNC0053,Kalyanpur,Residential,Res-B,795.3408386808318,0.379172830089032,2.305829386049639,18.31306289586838,0.43673165465457464,LT-A,100.05906586808285,100.05906586808285,0.0,0.0,0,0,0.0,0.0,0,middle,31577.662763859287,4,0.6511913614769822,0.6511913614769822,1.4104,850.5020598787041,850.5020598787041,0.0,8.5,30,1.0,100.05906586808285,100.05906586808285,772.5258028726395,772.5258028726395,0.0,676.5020598787042,676.5020598787042,7.720697731589178,7.720697731589178,76-200,76-200,0.0,0.0,0.0,0.0,0.0,0.0,0.0,1.0,True,0.0,False,False,False,,False
KLNC0054,Kalyanpur,Residential,Res-B,795.3408386808318,0.19145907565073858,1.4301935145390692,22.94831928635001,0.3916981705535348,LT-A,117.33288865854216,117.33288865854216,0.0,0.0,0,0,0.0,0.0,0,middle,39864.59088264488,4,0.5655686038189451,0.5655686038189451,2.0740000000000003,997.3295535976083,997.3295535976083,0.0,8.5,30,1.0,117.33288865854216,117.33288865854216,955.9594312774888,955.9594312774888,0.0,823.3295535976083,823.3295535976083,8.147412393974946,8.147412393974946,76-200,76-200,0.0,0.0,0.0,0.0,0.0,0.0,0.0,1.0,True,0.0,False,False,False,,False
KLNC0055,Kalyanpur,Residential,Res-C,795.3408386808318,0.25535305076101755,2.822092871316445,36.320163997739144,0.2953459076953777,LT-A,62.067836496534554,62.067836496534554,0.0,0.0,0,0,0.0,0.0,0,lower-middle,10878.332634073482,5,0.20778989701093842,0.20778989701093842,0.2955,383.5792295485834,383.5792295485834,0.0,6.18,30,1.0,62.067836496534554,62.067836496534554,424.80819102601265,424.80819102601265,0.0,383.5792295485835,383.5792295485835,6.844256462036196,6.844256462036196,1-75,1-75,0.0,0.0,0.0,0.0,0.0,0.0,0.0,1.0,True,0.0,False,False,False,,False
KLNC0056,Kalyanpur,Residential,Res-B,795.3408386808318,0.3087394560541797,1.481494862369495,14.947118341924053,0.4073086002643656,LT-A,248.091419371688,248.091419371688,0.0,0.0,0,0,0.0,0.0,0,middle,49277.270017408206,5,1.0493393671237194,1.0493393671237194,4.27,2257.6319162823606,2257.6319162823606,0.0,9.1,30,1.0,248.091419371688,248.091419371688,2250.1205120964787,2250.1205120964787,0.0,1963.6319162823609,1963.6319162823609,9.069723240711406,9.069723240711406,201-300,201-300,0.0,0.0,0.0,0.0,0.0,0.0,0.0,1.0,True,0.0,False,False,False,,False
KLNC0057,Kalyanpur,Residential,Res-A,795.3408386808318,0.5152007012886163,2.0724870635832118,21.550454499005372,0.36715118363325305,LT-A,478.3834035357462,478.3834035357462,0.0,0.0,0,0,0.0,0.0,0,upper-middle,151928.14713669295,5,2.342908225519633,2.342908225519633,5.245,7180.53488707155,7180.53488707155,0.0,15.01,30,1.0,478.3834035357462,478.3834035357462,5034.566131425128,5034.566131425128,0.0,4574.534887071551,4574.534887071551,10.524123734674944,10.524123734674944,401-600,401-600,0.0,0.0,0.0,0.0,0.0,0.0,0.0,1.0,True,0.0,False,False,False,,False
KLNC0058,Kalyanpur,Residential,Res-B,795.3408386808318,0.3042194594787339,1.201483068600502,20.207115891079255,0.42357278553026073,LT-A,122.53195424383613,122.53195424383613,0.0,0.0,0,0,0.0,0.0,0,middle,56814.18924254266,5,0.7304969696021475,0.7304969696021475,2.1104000000000003,1041.5216110726067,1041.5216110726067,0.0,8.5,30,1.0,122.53195424383613,122.53195424383613,1003.9663316262374,1003.9663316262374,0.0,867.5216110726071,867.5216110726071,8.193506239428489,8.193506239428489,76-200,76-200,0.0,0.0,0.0,0.0,0.0,0.0,0.0,1.0,True,0.0,False,False,False,,False
KLNC0059,Kalyanpur,Residential,Res-C,795.3408386808318,0.2046876731057631,3.700551643661855,26.88477883302004,0.32740782777422145,LT-A,44.51326483978089,44.51326483978089,0.0,0.0,0,0,0.0,0.0,0,lower-middle,18842.45212307295,5,0.6609921886138814,0.6609921886138814,1.8597,236.81056894763447,236.81056894763447,0.0,5.32,30,1.0,44.51326483978089,44.51326483978089,330.66386739501604,330.66386739501604,0.0,236.81056894763432,236.81056894763432,7.428434391078552,7.428434391078552,lifeline 0-50,lifeline 0-50,0.0,0.0,0.0,0.0,0.0,0.0,0.0,1.0,True,0.0,False,False,False,,False
KLNC0060,Kalyanpur,Residential,Res-A,795.3408386808318,0.576947928344938,1.752484897195319,16.873747426794203,0.40899664994325513,LT-A,532.125372160583,452.3065663364954,0.0,79.81880582408743,0,642,1346.8423693839811,128.25682657560483,30,upper-middle,157822.5630308133,6,3.7955565957208104,3.7955565957208104,5.6259,7987.201836130349,6660.864734135193,128.25682657560483,15.01,30,1.0,532.125372160583,452.3065663364954,5898.364117936869,4640.379828746336,0.0,5381.201836130351,4183.121560710796,11.084538393626682,10.259368698384328,401-600,401-600,1257.9842891905328,21.327681100002195,1326.3371019951555,79.81880582408758,15.000000000000025,0.0,0.0,0.8500000000000001,True,39.39874638215656,True,True,True,0.9340248850100474,True
KLNC0061,Kalyanpur,Residential,Res-B,795.3408386808318,0.35253847394885024,0.4753260005692048,17.743987221153308,0.3785594260094232,LT-A,159.3033630779462,159.3033630779462,0.0,0.0,0,0,0.0,0.0,0,middle,25135.214941300288,5,0.7801242614535695,0.7801242614535695,2.0004,1354.078586162543,1354.078586162543,0.0,8.5,30,1.0,159.3033630779462,159.3033630779462,1327.30015547067,1327.30015547067,0.0,1180.0785861625427,1180.0785861625427,8.331902916708858,8.331902916708858,76-200,76-200,0.0,0.0,0.0,0.0,0.0,0.0,0.0,1.0,True,0.0,False,False,False,,False
KLNC0062,Kalyanpur,Residential,Res-B,795.3408386808318,0.3365376397258719,1.267543727784382,17.089411319507775,0.3641858151825496,LT-A,106.55774402797542,106.55774402797542,0.0,0.0,0,0,0.0,0.0,0,middle,35604.736013561254,5,0.6722181515910011,0.6722181515910011,1.0655,905.7408242377911,905.7408242377911,0.0,8.5,30,1.0,106.55774402797542,106.55774402797542,815.3164154496806,815.3164154496806,0.0,731.740824237791,731.740824237791,7.651404624666503,7.651404624666503,76-200,76-200,0.0,0.0,0.0,0.0,0.0,0.0,0.0,1.0,True,0.0,False,False,False,,False
KLNC0063,Kalyanpur,Residential,Res-B,795.3408386808318,0.22045689378878142,1.82375941788683,17.4788736666114,0.40333496303789773,LT-A,146.87734780981253,146.87734780981253,0.0,0.0,0,0,0.0,0.0,0,middle,44767.132899597214,4,0.8708194081643736,0.8708194081643736,1.9005000000000003,1248.457456383407,1248.457456383407,0.0,8.5,30,1.0,146.87734780981253,146.87734780981253,1211.992379202577,1211.992379202577,0.0,1074.4574563834067,1074.4574563834067,8.251731102688161,8.251731102688161,76-200,76-200,0.0,0.0,0.0,0.0,0.0,0.0,0.0,1.0,True,0.0,False,False,False,,False
KLNC0064,Kalyanpur,Residential,Res-B,795.3408386808318,0.44167362787409004,1.682953225173884,21.069301868194334,0.5102457213809815,LT-A,259.2598630770466,259.2598630770466,0.0,0.0,0,0,0.0,0.0,0,middle,40421.99735859067,5,1.3648399851177115,1.3648399851177115,2.7601,2359.264754001124,2359.264754001124,0.0,9.1,30,1.0,259.2598630770466,259.2598630770466,2290.2484017011802,2290.2484017011802,0.0,2065.264754001124,2065.264754001124,8.833794689695436,8.833794689695436,201-300,201-300,0.0,0.0,0.0,0.0,0.0,0.0,0.0,1.0,True,0.0,False,False,False,,False
KLNC0065,Kalyanpur,Residential,Res-C,795.3408386808318,0.18484318770258573,2.6076930926730424,30.794297348964648,0.27699680350830813,LT-A,56.91191895531039,56.91191895531039,0.0,0.0,0,0,0.0,0.0,0,lower-middle,10785.322676581376,4,0.5243897986799955,0.5243897986799955,0.9695,351.7156591438182,351.7156591438182,0.0,6.18,30,1.0,56.91191895531039,56.91191895531039,412.05639210100907,412.05639210100907,0.0,351.7156591438182,351.7156591438182,7.2402477313157005,7.2402477313157005,1-75,1-75,0.0,0.0,0.0,0.0,0.0,0.0,0.0,1.0,True,0.0,False,False,False,,False
KLNC0066,Kalyanpur,Residential,Res-C,795.3408386808318,0.17315934048959913,2.4292607247185503,34.06868673928574,0.3558799265405525,LT-A,86.01575118502579,86.01575118502579,0.0,0.0,0,0,0.0,0.0,0,lower-middle,24918.85378022799,4,0.4673745531858705,0.4673745531858705,1.0555,731.1338850727191,731.1338850727191,0.0,8.5,30,1.0,86.01575118502579,86.01575118502579,631.5381293263553,631.5381293263553,0.0,557.1338850727193,557.1338850727193,7.342121886116804,7.342121886116804,76-200,76-200,0.0,0.0,0.0,0.0,0.0,0.0,0.0,1.0,True,0.0,False,False,False,,False
KLNC0067,Kalyanpur,Residential,Res-A,795.3408386808318,0.6222414978915985,2.1759718284051344,18.293005864889636,0.4540846467372712,LT-A,509.7281002287867,433.2688851944685,0.0,76.459215034318,0,482,1398.668869047637,123.02041981606853,30,upper-middle,98884.95464927837,5,2.876931892666885,2.876931892666885,5.310099999999999,7651.018784434088,6380.345546952906,123.02041981606853,15.01,30,1.0,509.7281002287867,433.2688851944685,5531.445133655792,4326.409675107421,0.0,5045.018784434088,3897.365966768972,10.851756321013212,9.985507436486131,401-600,401-600,1205.035458548371,21.785183246533443,1270.6732374811818,76.45921503431816,15.000000000000032,0.0,0.0,0.85,True,-70.61299068319727,False,True,False,0.8615587900865255,True
KLNC0068,Kalyanpur,Residential,Res-A,795.3408386808318,0.6914632693061308,2.3578308393055987,19.77627064426744,0.32505395135877446,LT-A,370.1210071402325,314.6028560691976,0.0,55.51815107103486,0,1019,1097.941981250112,89.09994278310371,30,upper-middle,74353.69706112788,6,1.571624042452283,1.512463298653477,3.9550000000000005,3560.5640886890355,2937.3795326025765,89.09994278310371,9.62,30,1.0,370.1210071402325,314.6028560691976,3440.507793123489,2879.7189491549657,0.0,3110.564088689037,2576.4794753856813,9.29562960964261,9.153505423108953,301-400,301-400,560.7888439685235,16.29959522513993,623.184556086459,55.51815107103488,15.000000000000002,0.05916074379880598,3.7643063608580674,0.8500000000000001,True,-448.0531944984847,False,True,False,0.5107636410168156,True
KLNC0069,Kalyanpur,Residential,Res-B,795.3408386808318,0.3848115109239091,1.9749386701412464,21.90542697371685,0.4014670122453854,LT-A,129.5481947878661,129.5481947878661,0.0,0.0,0,0,0.0,0.0,0,middle,49115.529584660806,4,0.7410736664167299,0.7410736664167299,2.7405000000000004,1101.159655696862,1101.159655696862,0.0,8.5,30,1.0,129.5481947878661,129.5481947878661,1094.3736884817051,1094.3736884817051,0.0,927.1596556968618,927.1596556968618,8.447618203200218,8.447618203200218,76-200,76-200,0.0,0.0,0.0,0.0,0.0,0.0,0.0,1.0,True,0.0,False,False,False,,False
KLNC0070,Kalyanpur,Residential,Res-C,795.3408386808318,0.18623518568195874,3.3987425647336873,30.96986426658371,0.3060999847812303,LT-A,107.0000529816875,107.0000529816875,0.0,0.0,0,0,0.0,0.0,0,lower-middle,20567.288074719247,5,0.5536109480430035,0.5536109480430035,1.0456999999999999,909.5004503443434,909.5004503443434,0.0,8.5,30,1.0,107.0000529816875,107.0000529816875,818.3908428615609,818.3908428615609,0.0,735.5004503443438,735.5004503443438,7.648508762903362,7.648508762903362,76-200,76-200,0.0,0.0,0.0,0.0,0.0,0.0,0.0,1.0,True,0.0,False,False,False,,False
KLNC0071,Kalyanpur,Residential,Res-B,795.3408386808318,0.3991342726771476,1.3328465692852791,19.501223809108577,0.38144986591903524,LT-A,156.97964987528658,156.97964987528658,0.0,0.0,0,0,0.0,0.0,0,middle,59168.290080474,4,0.9708313693658621,0.9708313693658621,1.214,1334.3270239399362,1334.3270239399362,0.0,8.5,30,1.0,156.97964987528658,156.97964987528658,1271.880775136933,1271.880775136933,0.0,1160.327023939936,1160.327023939936,8.102201630258357,8.102201630258357,76-200,76-200,0.0,0.0,0.0,0.0,0.0,0.0,0.0,1.0,True,0.0,False,False,False,,False
KLNC0072,Kalyanpur,Residential,Res-C,795.3408386808318,0.23306942251404236,3.628124146402593,31.101373226122966,0.3175915929578492,LT-A,104.08105337322073,104.08105337322073,0.0,0.0,0,0,0.0,0.0,0,lower-middle,22837.41718201997,5,0.989028994738717,0.989028994738717,1.6846,884.6889536723761,884.6889536723761,0.0,8.5,30,1.0,104.08105337322073,104.08105337322073,820.5142613559949,820.5142613559949,0.0,710.6889536723761,710.6889536723761,7.883416191165366,7.883416191165366,76-200,76-200,0.0,0.0,0.0,0.0,0.0,0.0,0.0,1.0,True,0.0,False,False,False,,False
KLNC0073,Kalyanpur,Residential,Res-A,795.3408386808318,0.5753504236757753,1.9373482480298512,20.054526092269494,0.354590881045473,LT-A,309.8017707540454,309.8017707540454,0.0,0.0,0,0,0.0,0.0,0,upper-middle,151209.69037446362,5,1.1330312963874056,1.1330312963874056,3.8106999999999998,2980.293034653916,2980.293034653916,0.0,9.62,30,1.0,309.8017707540454,309.8017707540454,2824.859556386612,2824.859556386612,0.0,2530.2930346539165,2530.2930346539165,9.118280859115215,9.118280859115215,301-400,301-400,0.0,0.0,0.0,0.0,0.0,0.0,0.0,1.0,True,0.0,False,False,False,,False
KLNC0074,Kalyanpur,Residential,Res-B,795.3408386808318,0.39298547974525105,1.5955158427645233,24.249187372290137,0.380511073096389,LT-A,157.12556164467628,157.12556164467628,0.0,0.0,0,0,0.0,0.0,0,middle,35348.320008351155,4,0.8964613445292966,0.8964613445292966,2.07,1335.5672739797483,1335.5672739797483,0.0,8.5,30,1.0,157.12556164467628,157.12556164467628,1310.9326376787358,1310.9326376787358,0.0,1161.5672739797483,1161.5672739797483,8.343216876724862,8.343216876724862,76-200,76-200,0.0,0.0,0.0,0.0,0.0,0.0,0.0,1.0,True,0.0,False,False,False,,False
KLNC0075,Kalyanpur,Residential,Res-C,795.3408386808318,0.16986757622427634,3.249467478128988,34.94880400058137,0.31672679493584416,LT-A,90.88608311495511,90.88608311495511,0.0,0.0,0,0,0.0,0.0,0,lower-middle,12550.160719174262,3,0.6111085018213945,0.6111085018213945,1.0304,772.5317064771183,772.5317064771183,0.0,8.5,30,1.0,90.88608311495511,90.88608311495511,673.8989318009743,673.8989318009743,0.0,598.5317064771184,598.5317064771184,7.4147648210189585,7.4147648210189585,76-200,76-200,0.0,0.0,0.0,0.0,0.0,0.0,0.0,1.0,True,0.0,False,False,False,,False
KLNC0076,Kalyanpur,Residential,Res-C,795.3408386808318,0.22453389097888524,3.308611396127238,32.213455726542136,0.2318859665200082,LT-A,69.40192340074715,69.40192340074715,0.0,0.0,0,0,0.0,0.0,0,lower-middle,21887.119703270437,3,0.7950971949909543,0.7950971949909543,1.0606,428.9038866166173,428.9038866166173,0.0,6.18,30,1.0,69.40192340074715,69.40192340074715,497.1215409474483,497.1215409474483,0.0,428.9038866166174,428.9038866166174,7.1629360771015245,7.1629360771015245,1-75,1-75,0.0,0.0,0.0,0.0,0.0,0.0,0.0,1.0,True,0.0,False,False,False,,False
KLNC0077,Kalyanpur,Residential,Res-A,795.3408386808318,0.615969414346815,1.7422656019791152,17.785231715949454,0.3876829591113516,LT-A,293.198153336343,269.6841826946621,0.0,23.513970641680856,0,347,418.2014164243268,70.54191192504258,16,upper-middle,165873.0045378243,5,1.7830436724537357,1.7389845398064958,4.3149,2668.1031953607217,2383.5841505963826,70.54191192504258,9.1,30,1.0,293.198153336343,269.6841826946621,2683.095445128758,2458.4194556474968,0.0,2374.1031953607217,2160.1260625214254,9.15113350680227,9.115920077637377,201-300,201-300,224.67598948126124,8.373760608820957,284.519044764339,23.513970641680885,8.019822217197518,0.04405913264723993,2.471006926409601,0.919801777828025,True,-122.98351501802296,False,True,False,0.5372434923876356,True
KLNC0078,Kalyanpur,Residential,Res-B,795.3408386808318,0.3495357972486087,1.5477142313858296,17.093957788446616,0.48096962998588677,LT-A,209.93787945307758,209.93787945307758,0.0,0.0,0,0,0.0,0.0,0,middle,52247.44525573298,5,1.1065261336253138,1.1065261336253138,4.2151,1910.4347030230063,1910.4347030230063,0.0,9.1,30,1.0,209.93787945307758,209.93787945307758,1883.1423481741563,1883.1423481741563,0.0,1616.434703023006,1616.434703023006,8.96999794929838,8.96999794929838,201-300,201-300,0.0,0.0,0.0,0.0,0.0,0.0,0.0,1.0,True,0.0,False,False,False,,False
KLNC0079,Kalyanpur,Residential,Res-C,795.3408386808318,0.21094234009187024,3.4530145380294046,34.04207128234568,0.3091273701683401,LT-A,33.95274067293845,33.95274067293845,0.0,0.0,0,0,0.0,0.0,0,lower-middle,22654.459047692406,3,0.6505080651817063,0.6505080651817063,1.0846,180.62858038003256,180.62858038003256,0.0,5.32,30,1.0,33.95274067293845,33.95274067293845,237.49086939903418,237.49086939903418,0.0,180.62858038003256,180.62858038003256,6.994748132021134,6.994748132021134,lifeline 0-50,lifeline 0-50,0.0,0.0,0.0,0.0,0.0,0.0,0.0,1.0,True,0.0,False,False,False,,False
KLNC0080,Kalyanpur,Residential,Res-B,795.3408386808318,0.4384391032439234,1.651415436769434,18.77591864888702,0.49053198893177324,LT-A,127.55037680438078,127.55037680438078,0.0,0.0,0,0,0.0,0.0,0,middle,30175.163989974633,4,1.0478588381096026,1.0478588381096026,3.3954999999999997,1084.1782028372368,1084.1782028372368,0.0,8.5,30,1.0,127.55037680438078,127.55037680438078,1105.4286629790986,1105.4286629790986,0.0,910.1782028372365,910.1782028372365,8.666604448173862,8.666604448173862,76-200,76-200,0.0,0.0,0.0,0.0,0.0,0.0,0.0,1.0,True,0.0,False,False,False,,False
KLNC0081,Kalyanpur,Residential,Res-C,795.3408386808318,0.31176107291969146,3.4858944411259603,36.51625339609181,0.3404008711254951,LT-A,71.81672245748855,71.81672245748855,0.0,0.0,0,0,0.0,0.0,0,lower-middle,11924.874374601051,4,0.22753250696814903,0.22753250696814903,0.3754,443.82734478727934,443.82734478727934,0.0,6.18,30,1.0,71.81672245748855,71.81672245748855,488.0687120266432,488.0687120266432,0.0,443.82734478727923,443.82734478727923,6.796031555402049,6.796031555402049,1-75,1-75,0.0,0.0,0.0,0.0,0.0,0.0,0.0,1.0,True,0.0,False,False,False,,False
KLNC0082,Kalyanpur,Residential,Res-B,795.3408386808318,0.4108613265812849,1.4192753278099037,20.710370130975456,0.3981691816465978,LT-A,255.85479395630884,255.85479395630884,0.0,0.0,0,0,0.0,0.0,0,middle,59863.83579319215,5,1.6293156031163902,1.6293156031163902,4.2402999999999995,2328.2786250024096,2328.2786250024096,0.0,9.1,30,1.0,255.85479395630884,255.85479395630884,2322.989786252531,2322.989786252531,0.0,2034.2786250024105,2034.2786250024105,9.079328748669909,9.079328748669909,201-300,201-300,0.0,0.0,0.0,0.0,0.0,0.0,0.0,1.0,True,0.0,False,False,False,,False
KLNC0083,Kalyanpur,Residential,Res-C,795.3408386808318,0.18712425172849612,3.5555786021077602,34.92719067077432,0.3234672835758656,LT-A,197.9023016960585,197.9023016960585,0.0,0.0,0,0,0.0,0.0,0,lower-middle,12426.963274341046,3,1.0285994642716565,1.0285994642716565,2.3746,1682.169564416497,1682.169564416497,0.0,8.5,30,1.0,197.9023016960585,197.9023016960585,1688.297902637322,1688.297902637322,0.0,1508.1695644164972,1508.1695644164972,8.530966482796329,8.530966482796329,76-200,76-200,0.0,0.0,0.0,0.0,0.0,0.0,0.0,1.0,True,0.0,False,False,False,,False
KLNC0084,Kalyanpur,Residential,Res-B,795.3408386808318,0.3641598419340579,2.01448914011138,17.57061204971869,0.4326582759233186,LT-A,180.22977134870482,180.22977134870482,0.0,0.0,0,0,0.0,0.0,0,middle,51751.341216421555,4,0.9330096697057129,0.9330096697057129,2.7202,1531.953056463991,1531.953056463991,0.0,8.5,30,1.0,180.22977134870482,180.22977134870482,1545.8115292871903,1545.8115292871903,0.0,1357.9530564639908,1357.9530564639908,8.576893360733317,8.576893360733317,76-200,76-200,0.0,0.0,0.0,0.0,0.0,0.0,0.0,1.0,True,0.0,False,False,False,,False
KLNC0085,Kalyanpur,Residential,Res-B,795.3408386808318,0.27248159147714174,1.6999932062636818,17.857588697108937,0.523234294297175,LT-A,147.48875347718513,147.48875347718513,0.0,0.0,0,0,0.0,0.0,0,middle,45057.64451658995,5,0.7502651532373616,0.7502651532373616,1.54,1253.6544045560734,1253.6544045560734,0.0,8.5,30,1.0,147.48875347718513,147.48875347718513,1201.5511247838774,1201.5511247838774,0.0,1079.6544045560736,1079.6544045560736,8.146730489316557,8.146730489316557,76-200,76-200,0.0,0.0,0.0,0.0,0.0,0.0,0.0,1.0,True,0.0,False,False,False,,False
KLNC0086,Kalyanpur,Residential,Res-C,795.3408386808318,0.2402317189611752,2.1951411936867005,34.2311374286036,0.2899010894010442,LT-A,104.95100946438811,104.95100946438811,0.0,0.0,0,0,0.0,0.0,0,lower-middle,15526.704136744222,5,0.2866190594630768,0.2866190594630768,0.3245,892.0835804472989,892.0835804472989,0.0,8.5,30,1.0,104.95100946438811,104.95100946438811,776.0377594696639,776.0377594696639,0.0,718.0835804472989,718.0835804472989,7.394285804682883,7.394285804682883,76-200,76-200,0.0,0.0,0.0,0.0,0.0,0.0,0.0,1.0,True,0.0,False,False,False,,False
KLNC0087,Kalyanpur,Residential,Res-B,795.3408386808318,0.32591879558938075,1.5055484830709034,20.565285293409918,0.36637289424039765,LT-A,118.33601896053413,118.33601896053413,0.0,0.0,0,0,0.0,0.0,0,middle,48322.306390842896,4,1.207265780833106,1.207265780833106,2.4703000000000004,1005.8561611645403,1005.8561611645403,0.0,8.5,30,1.0,118.33601896053413,118.33601896053413,982.3891992227672,982.3891992227672,0.0,831.8561611645401,831.8561611645401,8.301692146246703,8.301692146246703,76-200,76-200,0.0,0.0,0.0,0.0,0.0,0.0,0.0,1.0,True,0.0,False,False,False,,False
KLNC0088,Kalyanpur,Residential,Res-B,795.3408386808318,0.3520840257410917,1.2160977592612507,18.9892681420591,0.45582195999079816,LT-A,173.14755996584915,173.14755996584915,0.0,0.0,0,0,0.0,0.0,0,middle,43146.519473324144,5,1.338186608511464,1.338186608511464,3.4053999999999998,1471.7542597097176,1471.7542597097176,0.0,8.5,30,1.0,173.14755996584915,173.14755996584915,1512.8201126952035,1512.8201126952035,0.0,1297.7542597097179,1297.7542597097179,8.737172576925632,8.737172576925632,76-200,76-200,0.0,0.0,0.0,0.0,0.0,0.0,0.0,1.0,True,0.0,False,False,False,,False
KLNC0089,Kalyanpur,Residential,Res-B,795.3408386808318,0.3787286158562452,1.370940409789129,24.357709420328234,0.4005897722021906,LT-A,176.57231648242512,176.57231648242512,0.0,0.0,0,0,0.0,0.0,0,middle,39780.47843711246,4,1.3084542484737454,1.3084542484737454,2.7900000000000005,1500.8646901006132,1500.8646901006132,0.0,8.5,30,1.0,176.57231648242512,176.57231648242512,1516.2469246056444,1516.2469246056444,0.0,1326.8646901006136,1326.8646901006136,8.587115776761992,8.587115776761992,76-200,76-200,0.0,0.0,0.0,0.0,0.0,0.0,0.0,1.0,True,0.0,False,False,False,,False
KLNC0090,Kalyanpur,Residential,Res-C,795.3408386808318,0.20288227227004785,2.6487512175104153,26.303453508137743,0.31186930387038764,LT-A,79.6618754260604,79.6618754260604,0.0,0.0,0,0,0.0,0.0,0,lower-middle,20590.24954213757,5,0.7236456095202486,0.7236456095202486,1.7196,677.1259411215134,677.1259411215134,0.0,8.5,30,1.0,79.6618754260604,79.6618754260604,604.1165981775891,604.1165981775891,0.0,503.12594112151345,503.12594112151345,7.583509614185656,7.583509614185656,76-200,76-200,0.0,0.0,0.0,0.0,0.0,0.0,0.0,1.0,True,0.0,False,False,False,,False
KLNC0091,Kalyanpur,Residential,Res-B,795.3408386808318,0.23175851317902704,2.0128132520646473,19.510729521494838,0.41924495841093373,LT-A,166.6468928643913,166.6468928643913,0.0,0.0,0,0,0.0,0.0,0,middle,59648.53647105172,4,0.8661963194215462,0.8661963194215462,3.4804,1416.4985893473263,1416.4985893473263,0.0,8.5,30,1.0,166.6468928643913,166.6468928643913,1458.1091588146924,1458.1091588146924,0.0,1242.498589347326,1242.498589347326,8.749693041089142,8.749693041089142,76-200,76-200,0.0,0.0,0.0,0.0,0.0,0.0,0.0,1.0,True,0.0,False,False,False,,False
KLNC0092,Kalyanpur,Residential,Res-A,795.3408386808318,0.5721177540601304,2.2653768293073213,23.219697669901436,0.34376087767002383,LT-A,182.13084768136008,182.13084768136008,0.0,0.0,0,0,0.0,0.0,0,upper-middle,187755.31948929187,4,0.8570080673151557,0.8570080673151557,2.1412,1548.1122052915605,1548.1122052915605,0.0,8.5,30,1.0,182.13084768136008,182.13084768136008,1537.2447355561387,1537.2447355561387,0.0,1374.1122052915607,1374.1122052915607,8.440331526077149,8.440331526077149,76-200,76-200,0.0,0.0,0.0,0.0,0.0,0.0,0.0,1.0,True,0.0,False,False,False,,False
KLNC0093,Kalyanpur,Residential,Res-A,795.3408386808318,0.6169251725254796,2.0186461604359605,23.156078883794986,0.3790161936231305,LT-A,684.3590547071639,581.7051965010892,0.0,102.65385820607455,0,582,2377.060838345767,164.8207024706875,30,upper-middle,135651.37367469555,6,4.2313617703737965,4.2313617703737965,6.1499999999999995,11873.629599169293,9927.764456823208,164.8207024706875,17.35,30,1.0,684.3590547071639,581.7051965010892,8528.026079127758,6702.8797494554165,0.0,7863.629599169293,6125.394999481348,12.461333010018969,11.52281222477074,601-above,401-600,1825.1463296723414,21.401744234100846,1945.8651423460851,102.65385820607469,15.000000000000016,0.0,0.0,0.8500000000000001,True,-387.09380620273805,False,True,False,0.7678164143844499,True
KLNC0094,Kalyanpur,Residential,Res-C,795.3408386808318,0.204113211016631,2.2317479006555985,29.928101891143733,0.2540906217888701,LT-A,53.71795059082613,53.71795059082613,0.0,0.0,0,0,0.0,0.0,0,lower-middle,19818.53394921832,3,0.7109715025896866,0.7109715025896866,1.6106,331.97693465130544,331.97693465130544,0.0,6.18,30,1.0,53.71795059082613,53.71795059082613,419.6032413838707,419.6032413838707,0.0,331.97693465130544,331.97693465130544,7.811229519532898,7.811229519532898,1-75,1-75,0.0,0.0,0.0,0.0,0.0,0.0,0.0,1.0,True,0.0,False,False,False,,False
KLNC0095,Kalyanpur,Residential,Res-B,795.3408386808318,0.41314127178788324,1.3978661104239862,20.217450276349876,0.48130066271794325,LT-A,135.3794079661305,135.3794079661305,0.0,0.0,0,0,0.0,0.0,0,middle,32952.215931415405,4,0.8359392207150389,0.8359392207150389,2.8491999999999997,1150.724967712109,1150.724967712109,0.0,8.5,30,1.0,135.3794079661305,135.3794079661305,1151.2109360977145,1151.2109360977145,0.0,976.7249677121091,976.7249677121091,8.503589677284797,8.503589677284797,76-200,76-200,0.0,0.0,0.0,0.0,0.0,0.0,0.0,1.0,True,0.0,False,False,False,,False
KLNC0096,Kalyanpur,Residential,Res-C,795.3408386808318,0.1927346002661165,2.8826048978246153,27.22873106147511,0.31509529779310763,LT-A,185.95607257996576,185.95607257996576,0.0,0.0,0,0,0.0,0.0,0,lower-middle,14728.194745116545,5,0.628124282400951,0.628124282400951,1.1997,1580.6266169297087,1580.6266169297087,0.0,8.5,30,1.0,185.95607257996576,185.95607257996576,1529.8647177761948,1529.8647177761948,0.0,1406.6266169297091,1406.6266169297091,8.227022094792385,8.227022094792385,76-200,76-200,0.0,0.0,0.0,0.0,0.0,0.0,0.0,1.0,True,0.0,False,False,False,,False
KLNC0097,Kalyanpur,Residential,Res-C,795.3408386808318,0.16236447400982798,3.777714184086115,26.27054418336181,0.25368963510144155,LT-A,71.67768496120168,71.67768496120168,0.0,0.0,0,0,0.0,0.0,0,lower-middle,14951.24936470818,5,0.684970291855563,0.684970291855563,0.9806999999999999,442.9680930602262,442.9680930602262,0.0,6.18,30,1.0,71.67768496120168,71.67768496120168,508.3653677132377,508.3653677132377,0.0,442.96809306022635,442.96809306022635,7.092379838835617,7.092379838835617,1-75,1-75,0.0,0.0,0.0,0.0,0.0,0.0,0.0,1.0,True,0.0,False,False,False,,False
KLNC0098,Kalyanpur,Residential,Res-B,795.3408386808318,0.42930711734091065,1.4467379147967967,16.67201629272288,0.3895047023971944,LT-A,224.7949670043892,224.7949670043892,0.0,0.0,0,0,0.0,0.0,0,middle,32544.240026368436,5,1.1006923729387919,1.1006923729387919,2.2552,2045.6341997399413,2045.6341997399413,0.0,9.1,30,1.0,224.7949670043892,224.7949670043892,1938.670229726939,1938.670229726939,0.0,1751.6341997399418,1751.6341997399418,8.624170974829191,8.624170974829191,201-300,201-300,0.0,0.0,0.0,0.0,0.0,0.0,0.0,1.0,True,0.0,False,False,False,,False
KLNC0099,Kalyanpur,Residential,Res-C,795.3408386808318,0.2854203004773928,3.824503805724428,26.48207450344277,0.2544257265337749,LT-A,126.93117886148636,126.93117886148636,0.0,0.0,0,0,0.0,0.0,0,lower-middle,22922.401402272204,3,0.5786406206266226,0.5786406206266226,1.1356000000000002,1078.915020322634,1078.915020322634,0.0,8.5,30,1.0,126.93117886148636,126.93117886148636,1000.2407313387657,1000.2407313387657,0.0,904.9150203226341,904.9150203226341,7.880181530735474,7.880181530735474,76-200,76-200,0.0,0.0,0.0,0.0,0.0,0.0,0.0,1.0,True,0.0,False,False,False,,False
KLNC0100,Kalyanpur,Residential,Res-B,795.3408386808318,0.41085208515460325,1.213316780431859,19.707908781191055,0.46950952562986237,LT-A,130.85338790198807,130.85338790198807,0.0,0.0,0,0,0.0,0.0,0,middle,50449.8708480004,5,0.5615403415495286,0.5615403415495286,2.1500000000000004,1112.2537971668985,1112.2537971668985,0.0,8.5,30,1.0,130.85338790198807,130.85338790198807,1079.9814870252435,1079.9814870252435,0.0,938.2537971668986,938.2537971668986,8.25337046553332,8.25337046553332,76-200,76-200,0.0,0.0,0.0,0.0,0.0,0.0,0.0,1.0,True,0.0,False,False,False,,False
KLNC0101,Kalyanpur,Residential,Res-B,795.3408386808318,0.3619942531265559,1.9334610338033051,19.008371391776226,0.3980545240822532,LT-A,200.2673106832954,200.2673106832954,0.0,0.0,0,0,0.0,0.0,0,middle,54487.56534798359,4,0.9792198351706598,0.9792198351706598,2.6854,1822.4325272179883,1822.4325272179883,0.0,9.1,30,1.0,200.2673106832954,200.2673106832954,1723.2802935788875,1723.2802935788875,0.0,1528.432527217988,1528.432527217988,8.604900558654323,8.604900558654323,201-300,201-300,0.0,0.0,0.0,0.0,0.0,0.0,0.0,1.0,True,0.0,False,False,False,,False
KLNC0102,Kalyanpur,Residential,Res-C,795.3408386808318,0.19184279287142128,3.547570531448504,23.285605090526932,0.2813001935964771,LT-A,56.64369023509139,56.64369023509139,0.0,0.0,0,0,0.0,0.0,0,lower-middle,14994.37689965637,4,0.6805432047322644,0.6805432047322644,1.4456000000000002,350.0580056528649,350.0580056528649,0.0,6.18,30,1.0,56.64369023509139,56.64369023509139,431.3118659355081,431.3118659355081,0.0,350.0580056528648,350.0580056528648,7.614473282821281,7.614473282821281,1-75,1-75,0.0,0.0,0.0,0.0,0.0,0.0,0.0,1.0,True,0.0,False,False,False,,False
KLNC0103,Kalyanpur,Residential,Res-C,795.3408386808318,0.14498208722702474,2.8066034889650395,30.073268029218823,0.2621065856758468,LT-A,39.31688544915642,39.31688544915642,0.0,0.0,0,0,0.0,0.0,0,lower-middle,20143.35776806407,4,0.2185236401510102,0.2185236401510102,0.23070000000000002,209.16583058951213,209.16583058951213,0.0,5.32,30,1.0,39.31688544915642,39.31688544915642,241.67412211898778,241.67412211898778,0.0,209.16583058951218,209.16583058951218,6.146827739738299,6.146827739738299,lifeline 0-50,lifeline 0-50,0.0,0.0,0.0,0.0,0.0,0.0,0.0,1.0,True,0.0,False,False,False,,False
KLNC0104,Kalyanpur,Residential,Res-A,795.3408386808318,0.5117608104461273,1.9978806067935764,21.028438571805168,0.40050948977279055,LT-A,369.0878597385064,369.0878597385064,0.0,0.0,0,0,0.0,0.0,0,upper-middle,128120.42554771483,6,2.083388247162442,2.083388247162442,3.9861000000000004,3550.6252106844317,3550.6252106844317,0.0,9.62,30,1.0,369.0878597385064,369.0878597385064,3431.443481218653,3431.443481218653,0.0,3100.6252106844313,3100.6252106844313,9.297091168617095,9.297091168617095,301-400,301-400,0.0,0.0,0.0,0.0,0.0,0.0,0.0,1.0,True,0.0,False,False,False,,False
KLNC0105,Kalyanpur,Residential,Res-A,795.3408386808318,0.67981567075355,1.808151917847631,19.986610476957267,0.39516915918861295,LT-A,388.3165390245575,330.069058170874,0.0,58.247480853683655,0,624,1164.1697110866014,93.57687132721392,30,upper-middle,71066.87506438774,4,2.715774372824883,2.715774372824883,6.0508,3735.605105416243,3081.687468276593,93.57687132721392,9.62,30,1.0,388.3165390245575,330.069058170874,3716.7256406870556,3128.367836583998,0.0,3285.6051054162435,2725.2643396038075,9.57138125000647,9.47791911765467,301-400,301-400,588.3578041030578,15.830003637134132,653.9176371396502,58.247480853683555,14.99999999999998,0.0,0.0,0.8499999999999999,True,-482.2350356563297,False,True,False,0.5053883454448425,True
KLNC0106,Kalyanpur,Residential,Res-A,795.3408386808318,0.5029582047575036,2.7965364051890638,18.56426836610853,0.3638200765411401,LT-A,383.43296609439636,383.43296609439636,0.0,0.0,0,0,0.0,0.0,0,upper-middle,107777.29943608391,4,1.800867994276511,1.800867994276511,4.5457,3688.625133828093,3688.625133828093,0.0,9.62,30,1.0,383.43296609439636,383.43296609439636,3601.021760519498,3601.021760519498,0.0,3238.625133828093,3238.625133828093,9.391528843226725,9.391528843226725,301-400,301-400,0.0,0.0,0.0,0.0,0.0,0.0,0.0,1.0,True,0.0,False,False,False,,False
KLNC0107,Kalyanpur,Residential,Res-A,795.3408386808318,0.5670031096063578,2.349543230529751,18.13160267914822,0.44194106860845794,LT-A,268.9617092473896,268.9617092473896,0.0,0.0,0,0,0.0,0.0,0,upper-middle,156650.62430867399,6,1.4891579901240966,1.4891579901240966,3.8137,2447.5515541512445,2447.5515541512445,0.0,9.1,30,1.0,268.9617092473896,268.9617092473896,2429.4133018588072,2429.4133018588072,0.0,2153.551554151245,2153.551554151245,9.0325619533606,9.0325619533606,201-300,201-300,0.0,0.0,0.0,0.0,0.0,0.0,0.0,1.0,True,0.0,False,False,False,,False
KLNC0108,Kalyanpur,Residential,Res-C,795.3408386808318,0.1752347294108744,2.552127257006114,30.308500065213742,0.3919125442732509,LT-A,121.12898502449505,121.12898502449505,0.0,0.0,0,0,0.0,0.0,0,lower-middle,24725.06253426955,5,0.730079112476925,0.730079112476925,1.8757000000000001,1029.5963727082078,1029.5963727082078,0.0,8.5,30,1.0,121.12898502449505,121.12898502449505,981.0945613436184,981.0945613436184,0.0,855.5963727082079,855.5963727082079,8.099585422475212,8.099585422475212,76-200,76-200,0.0,0.0,0.0,0.0,0.0,0.0,0.0,1.0,True,0.0,False,False,False,,False
KLNC0109,Kalyanpur,Residential,Res-B,795.3408386808318,0.3631153563145783,1.487198327437679,20.37422836688383,0.4727480952406188,LT-A,152.90311128409724,152.90311128409724,0.0,0.0,0,0,0.0,0.0,0,middle,41356.52381854206,5,0.42067549437703583,0.42067549437703583,0.47519999999999996,1299.6764459148271,1299.6764459148271,0.0,8.5,30,1.0,152.90311128409724,152.90311128409724,1204.0102682105678,1204.0102682105678,0.0,1125.6764459148264,1125.6764459148264,7.8743346561044865,7.8743346561044865,76-200,76-200,0.0,0.0,0.0,0.0,0.0,0.0,0.0,1.0,True,0.0,False,False,False,,False
KLNC0110,Kalyanpur,Residential,Res-C,795.3408386808318,0.23631109570285017,1.7840274898568258,33.386731708351654,0.2911602184593279,LT-A,76.63241938392619,76.63241938392619,0.0,0.0,0,0,0.0,0.0,0,lower-middle,23127.16915755259,3,0.5589823306542387,0.5589823306542387,1.2506000000000002,651.3755647633725,651.3755647633725,0.0,8.5,30,1.0,76.63241938392619,76.63241938392619,556.3958030015413,556.3958030015413,0.0,477.3755647633726,477.3755647633726,7.2605798887023845,7.2605798887023845,76-200,76-200,0.0,0.0,0.0,0.0,0.0,0.0,0.0,1.0,True,0.0,False,False,False,,False
KLNC0111,Kalyanpur,Residential,Res-B,795.3408386808318,0.45919681520826866,1.470782137554738,20.60752193517029,0.4927360845717624,LT-A,176.90212332043112,176.90212332043112,0.0,0.0,0,0,0.0,0.0,0,middle,53699.243818457246,4,1.076870370382255,1.076870370382255,4.1953,1503.668048223664,1503.668048223664,0.0,8.5,30,1.0,176.90212332043112,176.90212332043112,1581.1641806348478,1581.1641806348478,0.0,1329.6680482236645,1329.6680482236645,8.938073500513111,8.938073500513111,76-200,76-200,0.0,0.0,0.0,0.0,0.0,0.0,0.0,1.0,True,0.0,False,False,False,,False
KLNC0112,Kalyanpur,Residential,Res-A,795.3408386808318,0.49595060213890263,1.6101594147189184,19.02403895326126,0.5157138385466371,LT-A,280.6573517094078,280.6573517094078,0.0,0.0,0,0,0.0,0.0,0,upper-middle,76683.99071121465,6,1.37451331701214,1.37451331701214,2.9846999999999997,2553.9819005556105,2553.9819005556105,0.0,9.1,30,1.0,280.6573517094078,280.6573517094078,2504.606265583391,2504.606265583391,0.0,2259.981900555611,2259.981900555611,8.92407147123891,8.92407147123891,201-300,201-300,0.0,0.0,0.0,0.0,0.0,0.0,0.0,1.0,True,0.0,False,False,False,,False
KLNC0113,Kalyanpur,Residential,Res-B,795.3408386808318,0.32912053200491304,1.4883600522311042,22.54312536254827,0.5115603344902682,LT-A,233.42308058676517,233.42308058676517,0.0,0.0,0,0,0.0,0.0,0,middle,53712.83168363151,5,1.3815974507303448,1.3815974507303448,2.9702,2124.1500333395625,2124.1500333395625,0.0,9.1,30,1.0,233.42308058676517,233.42308058676517,2052.6433550065412,2052.6433550065412,0.0,1830.150033339563,1830.150033339563,8.79366063478696,8.79366063478696,201-300,201-300,0.0,0.0,0.0,0.0,0.0,0.0,0.0,1.0,True,0.0,False,False,False,,False
KLNC0114,Kalyanpur,Residential,Res-A,795.3408386808318,0.5937168009464021,1.5980585559612264,23.787433845270073,0.38862533293840074,LT-A,458.5673313685224,421.72359047262285,0.0,36.843740895899536,0,355,876.4180491734819,110.53122268769863,16,upper-middle,152149.8453319561,5,1.9675599416914458,1.8905057947277941,5.2457,6883.095643841522,6219.53987030637,110.53122268769863,15.01,30,1.0,458.5673313685224,421.72359047262285,4722.285796033598,4141.610017643772,0.0,4277.095643841521,3724.0710929940687,10.29791150176502,9.820674278624768,401-600,401-600,580.6757783898256,12.296497998438683,663.5557735351522,36.84374089589954,8.034532417724824,0.07705414696365165,3.916228691737379,0.9196546758227517,True,-185.21104809595772,False,True,False,0.6625557049372042,True
KLNC0115,Kalyanpur,Residential,Res-B,795.3408386808318,0.41409265407289075,1.1569659155199332,20.016568338033238,0.41515820691898464,LT-A,116.70513749056212,116.70513749056212,0.0,0.0,0,0,0.0,0.0,0,middle,33748.25935314296,4,0.7385323282191857,0.7385323282191857,2.5844,991.9936686697783,991.9936686697783,0.0,8.5,30,1.0,116.70513749056212,116.70513749056212,972.865392103267,972.865392103267,0.0,817.9936686697781,817.9936686697781,8.336097390587815,8.336097390587815,76-200,76-200,0.0,0.0,0.0,0.0,0.0,0.0,0.0,1.0,True,0.0,False,False,False,,False
KLNC0116,Kalyanpur,Residential,Res-A,795.3408386808318,0.4301002129784408,2.411380418735368,22.35096316742703,0.4837293108751009,LT-A,761.7124321357949,761.7124321357949,0.0,0.0,0,0,0.0,0.0,0,upper-middle,194987.857932438,5,4.856851334527162,4.856851334527162,6.2062,13215.710697556036,13215.710697556036,0.0,17.35,30,1.0,761.7124321357949,761.7124321357949,9939.689652433844,9939.689652433844,0.0,9205.710697556042,9205.710697556042,13.049136699218057,13.049136699218057,601-above,601-above,0.0,0.0,0.0,0.0,0.0,0.0,0.0,1.0,True,0.0,False,False,False,,False
KLNC0117,Kalyanpur,Residential,Res-C,795.3408386808318,0.17426637193852418,3.42614784504904,22.699498958687727,0.3419746280138019,LT-A,88.04404501993272,88.04404501993272,0.0,0.0,0,0,0.0,0.0,0,lower-middle,16610.156940438694,5,0.56457132164401,0.56457132164401,0.9696,748.3743826694285,748.3743826694285,0.0,8.5,30,1.0,88.04404501993272,88.04404501993272,645.8524618028996,645.8524618028996,0.0,574.3743826694282,574.3743826694282,7.335560987193193,7.335560987193193,76-200,76-200,0.0,0.0,0.0,0.0,0.0,0.0,0.0,1.0,True,0.0,False,False,False,,False
KLNC0118,Kalyanpur,Residential,Res-A,795.3408386808318,0.5043663978687962,1.4153776719656737,21.77401548601847,0.41830236221550343,LT-A,517.1171661504761,517.1171661504761,0.0,0.0,0,0,0.0,0.0,0,upper-middle,155299.00605608136,4,2.2667289180690076,2.2667289180690076,5.2412,7761.928663918646,7761.928663918646,0.0,15.01,30,1.0,517.1171661504761,517.1171661504761,5644.862017114579,5644.862017114579,0.0,5155.928663918647,5155.928663918647,10.91602133252714,10.91602133252714,401-600,401-600,0.0,0.0,0.0,0.0,0.0,0.0,0.0,1.0,True,0.0,False,False,False,,False
KLNC0119,Kalyanpur,Residential,Res-B,795.3408386808318,0.36233072183357296,1.202357083422494,20.236715474145438,0.3277600791347023,LT-A,185.07200279529576,185.07200279529576,0.0,0.0,0,0,0.0,0.0,0,middle,44963.20687925797,4,1.153528887559556,1.153528887559556,2.6555,1573.1120237600137,1573.1120237600137,0.0,8.5,30,1.0,185.07200279529576,185.07200279529576,1586.1751749480145,1586.1751749480145,0.0,1399.112023760014,1399.112023760014,8.570584156386147,8.570584156386147,76-200,76-200,0.0,0.0,0.0,0.0,0.0,0.0,0.0,1.0,True,0.0,False,False,False,,False
KLNC0120,Kalyanpur,Residential,Res-A,795.3408386808318,0.5517524550624191,2.00193024704392,16.919653410160063,0.4379636869275554,LT-A,492.56205176403125,418.67774399942664,0.0,73.8843077646047,0,470,1250.0968798267095,118.63615474868976,30,upper-middle,80253.5823932205,6,2.90402016277686,2.877972193055699,4.539799999999999,7393.356396978108,6165.716782682702,118.63615474868976,15.01,30,1.0,492.56205176403125,418.67774399942664,5226.929396827014,4062.475764302964,0.0,4787.356396978109,3678.352937431394,10.61171760615259,9.703108948414815,401-600,401-600,1164.4536325240501,22.27796750480171,1227.6396142954063,73.88430776460461,14.999999999999986,0.026047969721160857,0.8969624266056564,0.85,True,32.99290744603036,True,True,True,0.9314907118922404,True
KLNC0121,Kalyanpur,Residential,Res-B,795.3408386808318,0.37189375286542997,1.594678119294624,19.00451065238027,0.476944415662699,LT-A,174.1314928774703,174.1314928774703,0.0,0.0,0,0,0.0,0.0,0,middle,29957.61604417121,4,0.9091027803756232,0.9091027803756232,2.6854,1480.1176894584974,1480.1176894584974,0.0,8.5,30,1.0,174.1314928774703,174.1314928774703,1489.8497139314222,1489.8497139314222,0.0,1306.1176894584974,1306.1176894584974,8.555888939514077,8.555888939514077,76-200,76-200,0.0,0.0,0.0,0.0,0.0,0.0,0.0,1.0,True,0.0,False,False,False,,False
KLNC0122,Kalyanpur,Residential,Res-B,795.3408386808318,0.3789155775028102,0.9052924791051906,20.63112357633041,0.34385238789762074,LT-A,269.48049306214847,269.48049306214847,0.0,0.0,0,0,0.0,0.0,0,middle,58493.44308682438,5,2.193014582195235,2.193014582195235,4.1754999999999995,2452.272486865552,2452.272486865552,0.0,9.1,30,1.0,269.48049306214847,269.48049306214847,2450.3256612088285,2450.3256612088285,0.0,2158.272486865551,2158.272486865551,9.092775634204166,9.092775634204166,201-300,201-300,0.0,0.0,0.0,0.0,0.0,0.0,0.0,1.0,True,0.0,False,False,False,,False
KLNC0123,Kalyanpur,Residential,Res-B,795.3408386808318,0.32815890636534245,1.2623873721643657,19.479164128281607,0.4231090001059494,LT-A,147.8444801990225,147.8444801990225,0.0,0.0,0,0,0.0,0.0,0,middle,48093.805669736845,4,0.7472921096486982,0.7472921096486982,3.4603,1256.6780816916914,1256.6780816916914,0.0,8.5,30,1.0,147.8444801990225,147.8444801990225,1289.4112157762756,1289.4112157762756,0.0,1082.6780816916912,1082.6780816916912,8.72140247671418,8.72140247671418,76-200,76-200,0.0,0.0,0.0,0.0,0.0,0.0,0.0,1.0,True,0.0,False,False,False,,False
KLNC0124,Kalyanpur,Residential,Res-A,795.3408386808318,0.5692876137856812,1.8226497488137277,20.779220680776294,0.3934314105585832,LT-A,279.2376449235308,279.2376449235308,0.0,0.0,0,0,0.0,0.0,0,upper-middle,154562.86958162347,4,1.1773828380022413,1.1773828380022413,3.7459000000000002,2541.06256880413,2541.06256880413,0.0,9.1,30,1.0,279.2376449235308,279.2376449235308,2524.609887244337,2524.609887244337,0.0,2247.0625688041305,2247.0625688041305,9.041080001715747,9.041080001715747,201-300,201-300,0.0,0.0,0.0,0.0,0.0,0.0,0.0,1.0,True,0.0,False,False,False,,False
KLNC0125,Kalyanpur,Residential,Res-A,795.3408386808318,0.5039215764942477,2.231338598822091,18.603793823829644,0.5263320968256737,LT-A,577.5812948622486,571.478448647049,0.0,6.102846215199595,0,26,113.53609272611234,18.308538645598784,2,upper-middle,158962.37825541466,6,3.32979102266436,3.273880309736285,6.2162,8669.495235882352,8559.582975546607,18.308538645598784,15.01,30,1.0,577.5812948622486,571.478448647049,6640.804417676469,6544.620509901816,0.0,6063.495235882351,5971.891514192206,11.497609906602465,11.452086295460358,401-600,401-600,96.18390777465265,1.448377361011125,109.91226033574458,6.10284621519952,1.0566211664896508,0.0559107129280747,1.6791057621188876,0.9894337883351033,True,0.9563536941390964,True,True,True,0.8471659140735179,True
KLNC0126,Kalyanpur,Residential,Res-B,795.3408386808318,0.45375463187957515,1.3493770046147335,21.777816819493037,0.4466861359339882,LT-A,171.68550727129715,171.68550727129715,0.0,0.0,0,0,0.0,0.0,0,middle,58844.80945890211,5,1.1624939891493788,1.1624939891493788,2.8901999999999997,1459.3268118060257,1459.3268118060257,0.0,8.5,30,1.0,171.68550727129715,171.68550727129715,1477.0509723963273,1477.0509723963273,0.0,1285.326811806026,1285.326811806026,8.603236207132463,8.603236207132463,76-200,76-200,0.0,0.0,0.0,0.0,0.0,0.0,0.0,1.0,True,0.0,False,False,False,,False
KLNC0127,Kalyanpur,Residential,Res-B,795.3408386808318,0.23777612733206838,1.4935613461841528,25.88583312396255,0.4012060646438786,LT-A,232.8621153263047,232.8621153263047,0.0,0.0,0,0,0.0,0.0,0,middle,54484.44314946444,4,1.0377727161824992,1.0377727161824992,2.7403,2119.045249469372,2119.045249469372,0.0,9.1,30,1.0,232.8621153263047,232.8621153263047,2037.1447419428414,2037.1447419428414,0.0,1825.0452494693727,1825.0452494693727,8.74828753955204,8.74828753955204,201-300,201-300,0.0,0.0,0.0,0.0,0.0,0.0,0.0,1.0,True,0.0,False,False,False,,False
KLNC0128,Kalyanpur,Residential,Res-C,795.3408386808318,0.1699294869447564,2.5009266654726434,20.9794660766975,0.2772732429306061,LT-A,31.04327000555308,31.04327000555308,0.0,0.0,0,0,0.0,0.0,0,lower-middle,11505.4524405958,5,0.5822859589312849,0.5822859589312849,1.0945,165.15019642954238,165.15019642954238,0.0,5.32,30,1.0,31.04327000555308,31.04327000555308,221.67515625101953,221.67515625101953,0.0,165.1501964295424,165.1501964295424,7.140844254209233,7.140844254209233,lifeline 0-50,lifeline 0-50,0.0,0.0,0.0,0.0,0.0,0.0,0.0,1.0,True,0.0,False,False,False,,False
KLNC0129,Kalyanpur,Residential,Res-C,795.3408386808318,0.1585793254514138,2.718621424791259,30.162991169550125,0.3806396144504968,LT-A,105.16433645423493,105.16433645423493,0.0,0.0,0,0,0.0,0.0,0,lower-middle,22356.918689018476,3,0.5953294284521123,0.5953294284521123,2.5006,893.8968598609969,893.8968598609969,0.0,8.5,30,1.0,105.16433645423493,105.16433645423493,866.1681628540467,866.1681628540467,0.0,719.8968598609969,719.8968598609969,8.236329843919883,8.236329843919883,76-200,76-200,0.0,0.0,0.0,0.0,0.0,0.0,0.0,1.0,True,0.0,False,False,False,,False
KLNC0130,Kalyanpur,Residential,Res-A,795.3408386808318,0.7185580828701211,2.396878568894213,19.84325961051049,0.3184585579934069,LT-A,446.5883340896875,379.60008397623426,0.0,66.98825011345313,0,866,1329.2652378550595,107.57838447753619,30,upper-middle,129648.39774308061,5,3.0300299464756884,3.0300299464756884,5.3502,6703.290894686212,5590.218876005741,107.57838447753619,15.01,30,1.0,446.5883340896875,379.60008397623426,4538.099259420521,3597.784268243942,0.0,4097.29089468621,3201.7528078513733,10.161705788107628,9.47782790392952,401-600,301-400,940.314991176579,20.720458884291787,1113.072018680471,66.98825011345326,15.00000000000003,0.0,0.0,0.85,True,-281.3718622009442,False,True,False,0.7073945548248131,True
KLNC0131,Kalyanpur,Residential,Res-A,795.3408386808318,0.5815446058965135,2.0683886269154517,23.610029962069696,0.41385210163442365,LT-A,334.35732763943236,334.35732763943236,0.0,0.0,0,0,0.0,0.0,0,upper-middle,147055.90263889343,6,1.5723189770691643,1.5723189770691643,4.540900000000001,3216.5174918913376,3216.5174918913376,0.0,9.62,30,1.0,334.35732763943236,334.35732763943236,3105.0970564859063,3105.0970564859063,0.0,2766.5174918913394,2766.5174918913394,9.286762394017014,9.286762394017014,301-400,301-400,0.0,0.0,0.0,0.0,0.0,0.0,0.0,1.0,True,0.0,False,False,False,,False
KLNC0132,Kalyanpur,Residential,Res-A,795.3408386808318,0.5555856385648869,1.6739773032572303,24.452764218932447,0.38097830179786024,LT-A,709.7034247506091,652.6766422771084,0.0,57.02678247350054,0,364,1394.462465988858,171.08034742050162,16,upper-middle,88552.7490389319,6,2.914026096450245,2.8638218072070307,4.839,12313.354419423069,11152.859396087333,171.08034742050162,17.35,30,1.0,709.7034247506091,652.6766422771084,8931.92204039422,7893.036630683223,0.0,8303.354419423067,7313.939743507831,12.58542896778737,12.093334002493778,601-above,601-above,1038.885409710997,11.63115178359914,1160.4950233357358,57.0267824735007,8.035297630632119,0.050204289243214184,1.722849678812799,0.919647023693679,True,-184.4967088573594,False,True,False,0.745007796946539,True
KLNC0133,Kalyanpur,Residential,Res-C,795.3408386808318,0.172183313268504,3.796319493743385,33.50362182709545,0.29064894812264663,LT-A,79.07193083035482,79.07193083035482,0.0,0.0,0,0,0.0,0.0,0,lower-middle,12403.10509739221,5,0.20680288275565248,0.20680288275565248,0.3054,672.1114120580158,672.1114120580158,0.0,8.5,30,1.0,79.07193083035482,79.07193083035482,545.0669826609168,545.0669826609168,0.0,498.11141205801596,498.11141205801596,6.893305588178096,6.893305588178096,76-200,76-200,0.0,0.0,0.0,0.0,0.0,0.0,0.0,1.0,True,0.0,False,False,False,,False
KLNC0134,Kalyanpur,Residential,Res-B,795.3408386808318,0.25526974048492634,1.1893100905372145,21.929697354073838,0.4080075525035801,LT-A,133.549616022314,133.549616022314,0.0,0.0,0,0,0.0,0.0,0,middle,28417.947775134337,4,0.6831867809632647,0.6831867809632647,3.3392999999999997,1135.1717361896688,1135.1717361896688,0.0,8.5,30,1.0,133.549616022314,133.549616022314,1156.4934529991526,1156.4934529991526,0.0,961.1717361896691,961.1717361896691,8.659653898262958,8.659653898262958,76-200,76-200,0.0,0.0,0.0,0.0,0.0,0.0,0.0,1.0,True,0.0,False,False,False,,False
KLNC0135,Kalyanpur,Residential,Res-A,795.3408386808318,0.5861526628118714,2.038938713944505,19.858190057391656,0.40713082018960084,LT-A,690.0053439464314,586.5045423544667,0.0,103.50080159196473,0,551,2055.3385891056205,166.24059162771186,30,upper-middle,112992.55069896887,6,3.668958498537145,3.668958498537145,6.039599999999999,11971.592717470587,10009.613218222288,166.24059162771186,17.35,30,1.0,690.0053439464314,586.5045423544667,8626.018713344114,6773.651199777572,0.0,7961.592717470585,6197.433180740545,12.501379574842533,11.549187961248167,601-above,401-600,1852.3675135665417,21.474188442241626,1961.9794992482985,103.50080159196466,14.999999999999995,0.0,0.0,0.85,True,-36.730483911366946,False,True,False,0.9012468910889269,True
KLNC0136,Kalyanpur,Residential,Res-A,795.3408386808318,0.6920622339741576,2.335114574441804,18.987488874385818,0.40943419871160897,LT-A,207.40070095167295,184.92041507264335,0.0,22.480285879029623,0,930,426.84417802108754,36.06444432518037,30,upper-middle,142263.32657971792,4,0.8408967936726965,0.8028800250391048,3.6102000000000003,1887.3463786602242,1646.711332835874,36.06444432518037,9.1,30,1.0,207.40070095167295,184.92041507264335,1832.223517593235,1626.924524523342,0.0,1593.3463786602238,1397.8235281174684,8.834220468812045,8.797971407776842,201-300,76-200,205.29899306989319,11.204909832156778,240.6350458243503,22.480285879029594,10.839059740819193,0.03801676863359171,4.520979140323496,0.8916094025918079,True,-185.48074062601398,False,True,False,0.4809694114177439,True
KLNC0137,Kalyanpur,Residential,Res-C,795.3408386808318,0.16665041979022072,2.4183883073025685,29.754662492550136,0.36851167110203364,LT-A,105.90089903563384,105.90089903563384,0.0,0.0,0,0,0.0,0.0,0,lower-middle,15575.44271765458,3,0.8479604977293661,0.8479604977293661,1.7704,900.1576418028878,900.1576418028878,0.0,8.5,30,1.0,105.90089903563384,105.90089903563384,840.5401638930321,840.5401638930321,0.0,726.1576418028876,726.1576418028876,7.937044647847651,7.937044647847651,76-200,76-200,0.0,0.0,0.0,0.0,0.0,0.0,0.0,1.0,True,0.0,False,False,False,,False
KLNC0138,Kalyanpur,Residential,Res-B,795.3408386808318,0.47422666298307625,1.814803523941996,26.154797182603865,0.41837054097415965,LT-A,165.43710569641112,165.43710569641112,0.0,0.0,0,0,0.0,0.0,0,middle,31053.095539188867,4,0.8977647030923472,0.8977647030923472,2.8901,1406.2153984194945,1406.2153984194945,0.0,8.5,30,1.0,165.43710569641112,165.43710569641112,1421.2795783404695,1421.2795783404695,0.0,1232.2153984194947,1232.2153984194947,8.591056839138728,8.591056839138728,76-200,76-200,0.0,0.0,0.0,0.0,0.0,0.0,0.0,1.0,True,0.0,False,False,False,,False
KLNC0139,Kalyanpur,Residential,Res-B,795.3408386808318,0.5004959321799685,1.4210021274507159,18.082167698185902,0.41960388525953535,LT-A,181.14462603333848,181.14462603333848,0.0,0.0,0,0,0.0,0.0,0,middle,42042.22733959032,5,0.8628376231220072,0.8628376231220072,3.4603,1539.7293212833774,1539.7293212833774,0.0,8.5,30,1.0,181.14462603333848,181.14462603333848,1586.6150173475457,1586.6150173475457,0.0,1365.729321283377,1365.729321283377,8.758830179458593,8.758830179458593,76-200,76-200,0.0,0.0,0.0,0.0,0.0,0.0,0.0,1.0,True,0.0,False,False,False,,False
KLNC0140,Kalyanpur,Residential,Res-B,795.3408386808318,0.34213696224597173,0.9838461486685839,18.571916943778948,0.45403060013315305,LT-A,193.86453756974612,193.86453756974612,0.0,0.0,0,0,0.0,0.0,0,middle,39994.28262669851,5,0.9179474268766209,0.9179474268766209,2.1653000000000002,1647.8485693428415,1647.8485693428415,0.0,8.5,30,1.0,193.86453756974612,193.86453756974612,1643.0307278099842,1643.0307278099842,0.0,1473.848569342842,1473.848569342842,8.475148412426257,8.475148412426257,76-200,76-200,0.0,0.0,0.0,0.0,0.0,0.0,0.0,1.0,True,0.0,False,False,False,,False
KLNC0141,Kalyanpur,Residential,Res-B,795.3408386808318,0.46351991341080206,1.4490795049601908,21.972135706339426,0.37404104093100343,LT-A,235.27310494401186,235.27310494401186,0.0,0.0,0,0,0.0,0.0,0,middle,46662.42409009307,5,1.573265027101758,1.573265027101758,2.8954999999999997,2140.985254990508,2140.985254990508,0.0,9.1,30,1.0,235.27310494401186,235.27310494401186,2067.0260677400333,2067.0260677400333,0.0,1846.9852549905079,1846.9852549905079,8.785645381064382,8.785645381064382,201-300,201-300,0.0,0.0,0.0,0.0,0.0,0.0,0.0,1.0,True,0.0,False,False,False,,False
KLNC0142,Kalyanpur,Residential,Res-C,795.3408386808318,0.1804081390292199,2.6270175947034486,36.2483244900705,0.33238642483595426,LT-A,74.40157083113665,74.40157083113665,0.0,0.0,0,0,0.0,0.0,0,lower-middle,24665.785328290272,5,0.6410111773188366,0.6410111773188366,1.3106,459.80170773642436,459.80170773642436,0.0,6.18,30,1.0,74.40157083113665,74.40157083113665,540.5892531232456,540.5892531232456,0.0,459.8017077364245,459.8017077364245,7.265831179158544,7.265831179158544,1-75,1-75,0.0,0.0,0.0,0.0,0.0,0.0,0.0,1.0,True,0.0,False,False,False,,False
KLNC0143,Kalyanpur,Residential,Res-B,795.3408386808318,0.3648374174934524,1.7566006488754162,11.633709847784905,0.4150135744432299,LT-A,170.27052415836295,170.27052415836295,0.0,0.0,0,0,0.0,0.0,0,middle,48358.898657874,4,0.8801494487532391,0.8801494487532391,3.3604,1447.2994553460846,1447.2994553460846,0.0,8.5,30,1.0,170.27052415836295,170.27052415836295,1485.1580681133894,1485.1580681133894,0.0,1273.299455346085,1273.299455346085,8.722343902178238,8.722343902178238,76-200,76-200,0.0,0.0,0.0,0.0,0.0,0.0,0.0,1.0,True,0.0,False,False,False,,False
KLNC0144,Kalyanpur,Residential,Res-B,795.3408386808318,0.36706814934925475,1.3976334402903554,22.349764146961334,0.3203391432881398,LT-A,140.56622729059168,140.56622729059168,0.0,0.0,0,0,0.0,0.0,0,middle,53739.197090974514,4,0.828921773259824,0.828921773259824,2.6454999999999997,1194.8129319700295,1194.8129319700295,0.0,8.5,30,1.0,140.56622729059168,140.56622729059168,1188.5201285685307,1188.5201285685307,0.0,1020.8129319700294,1020.8129319700294,8.4552324657011,8.4552324657011,76-200,76-200,0.0,0.0,0.0,0.0,0.0,0.0,0.0,1.0,True,0.0,False,False,False,,False
KLNC0145,Kalyanpur,Residential,Res-A,795.3408386808318,0.8064043623364845,2.830842252351717,18.642707821374337,0.42219395607614546,LT-A,408.35776168071163,347.10409742860486,0.0,61.253664252106745,0,548,1141.9341656405882,98.39853026805585,30,upper-middle,180137.85600779857,6,1.827733103722328,1.827733103722328,4.689699999999999,6129.4500028274815,5111.633972135302,98.39853026805585,15.01,30,1.0,408.35776168071163,347.10409742860486,3906.4382729688555,3240.4142581263372,0.0,3523.4500028274815,2889.1414172631785,9.56621531299125,9.335569018435029,401-600,301-400,666.0240148425182,17.049393035368414,1017.8160306921791,61.25366425210677,15.000000000000007,0.0,0.0,0.85,True,-377.51162053001406,False,True,False,0.5832420422143165,True
KLNC0146,Kalyanpur,Residential,Res-A,795.3408386808318,0.5974331617981142,1.8875646101173018,14.05015765959162,0.35995068237152433,LT-A,414.2984062809361,352.15364533879574,0.0,62.14476094214043,0,665,873.1436889547048,99.79216223995337,30,upper-middle,168147.66477042582,5,2.12297060852964,1.9207011472217794,5.2392,6218.619078276853,5186.034054295369,99.79216223995337,15.01,30,1.0,414.2984062809361,352.15364533879574,4024.2987521906934,3315.6526915671757,0.0,3612.619078276851,2937.718068159215,9.713526992092296,9.415358141124146,401-600,301-400,708.6460606235178,17.609181232823598,1032.5850239814836,62.14476094214035,14.999999999999984,0.2022694613078606,9.527661876013985,0.85,True,-64.70546609123369,False,True,False,0.8116030266128162,True
KLNC0147,Kalyanpur,Residential,Res-C,795.3408386808318,0.22737062934197147,2.886022480498936,28.817244280420656,0.3267959958456918,LT-A,73.91165968650803,73.91165968650803,0.0,0.0,0,0,0.0,0.0,0,lower-middle,17555.401788121202,3,0.8635792689610793,0.8635792689610793,1.9357,456.77405686261955,456.77405686261955,0.0,6.18,30,1.0,73.91165968650803,73.91165968650803,564.9771297057506,564.9771297057506,0.0,456.7740568626196,456.7740568626196,7.643951334634724,7.643951334634724,1-75,1-75,0.0,0.0,0.0,0.0,0.0,0.0,0.0,1.0,True,0.0,False,False,False,,False
KLNC0148,Kalyanpur,Residential,Res-B,795.3408386808318,0.29911872873906786,1.3167242275104125,19.537866384381196,0.44726605797657165,LT-A,277.2706526994575,277.2706526994575,0.0,0.0,0,0,0.0,0.0,0,middle,54460.37272882002,5,1.3385164101949767,1.3385164101949767,2.6954000000000002,2523.1629395650634,2523.1629395650634,0.0,9.1,30,1.0,277.2706526994575,277.2706526994575,2459.4882265433166,2459.4882265433166,0.0,2229.1629395650634,2229.1629395650634,8.870351775776408,8.870351775776408,201-300,201-300,0.0,0.0,0.0,0.0,0.0,0.0,0.0,1.0,True,0.0,False,False,False,,False
KLNC0149,Kalyanpur,Residential,Res-B,795.3408386808318,0.20539644166184615,1.2171188183358135,25.346097929476,0.31992944121867006,LT-A,263.5080008173748,263.5080008173748,0.0,0.0,0,0,0.0,0.0,0,middle,38790.3327822327,4,1.6993479989634905,1.6993479989634905,2.8703,2397.922807438111,2397.922807438111,0.0,9.1,30,1.0,263.5080008173748,263.5080008173748,2335.6991778100164,2335.6991778100164,0.0,2103.922807438111,2103.922807438111,8.863864362998152,8.863864362998152,201-300,201-300,0.0,0.0,0.0,0.0,0.0,0.0,0.0,1.0,True,0.0,False,False,False,,False
KLNC0150,Kalyanpur,Residential,Res-B,795.3408386808318,0.2849171076212952,1.112163276752448,12.405400977940515,0.4822702410402486,LT-A,133.4495586734026,133.4495586734026,0.0,0.0,0,0,0.0,0.0,0,middle,58702.144189959334,5,1.0863432200232415,1.0863432200232415,1.2603,1134.321248723922,1134.321248723922,0.0,8.5,30,1.0,133.4495586734026,133.4495586734026,1063.9165411601182,1063.9165411601182,0.0,960.3212487239222,960.3212487239222,7.972424575519888,7.972424575519888,76-200,76-200,0.0,0.0,0.0,0.0,0.0,0.0,0.0,1.0,True,0.0,False,False,False,,False
KLNC0151,Kalyanpur,Residential,Res-C,795.3408386808318,0.1910797413923404,2.323539762488519,32.247527661653585,0.35597888757772345,LT-A,57.08882009720424,57.08882009720424,0.0,0.0,0,0,0.0,0.0,0,lower-middle,13547.18850035293,3,0.5918776091131395,0.5918776091131395,1.2307000000000001,352.80890820072204,352.80890820072204,0.0,6.18,30,1.0,57.08882009720424,57.08882009720424,424.72322361075834,424.72322361075834,0.0,352.8089082007222,352.8089082007222,7.439691745031492,7.439691745031492,1-75,1-75,0.0,0.0,0.0,0.0,0.0,0.0,0.0,1.0,True,0.0,False,False,False,,False
KLNC0152,Kalyanpur,Residential,Res-B,795.3408386808318,0.29644792723380115,1.886757504438119,19.492281963467327,0.4139858063231567,LT-A,162.1242959962872,162.1242959962872,0.0,0.0,0,0,0.0,0.0,0,middle,29055.131384991077,5,1.0681071537270677,1.0681071537270677,2.7351,1378.0565159684415,1378.0565159684415,0.0,8.5,30,1.0,162.1242959962872,162.1242959962872,1384.877251766863,1384.877251766863,0.0,1204.056515968441,1204.056515968441,8.54207102801284,8.54207102801284,76-200,76-200,0.0,0.0,0.0,0.0,0.0,0.0,0.0,1.0,True,0.0,False,False,False,,False
KLNC0153,Kalyanpur,Residential,Res-B,795.3408386808318,0.3517770993090745,1.4912064612038993,25.26149459113446,0.41177316016959625,LT-A,159.52422617369936,159.52422617369936,0.0,0.0,0,0,0.0,0.0,0,middle,53355.52904317243,5,0.9424101435175992,0.9424101435175992,1.8155000000000001,1355.955922476445,1355.955922476445,0.0,8.5,30,1.0,159.52422617369936,159.52422617369936,1321.1172686002667,1321.1172686002667,0.0,1181.9559224764446,1181.9559224764446,8.281609008789403,8.281609008789403,76-200,76-200,0.0,0.0,0.0,0.0,0.0,0.0,0.0,1.0,True,0.0,False,False,False,,False
KLNC0154,Kalyanpur,Residential,Res-A,795.3408386808318,0.6976100946356989,2.576721961545935,16.742775020424748,0.24932286566973139,LT-A,333.91074594026463,289.4777379504441,0.0,44.433007989820474,0,930,743.9318562542993,71.43175645147544,30,upper-middle,73836.42327725161,4,1.8741067842751218,1.6182319227980864,4.3909,3212.221375945345,2713.344082631796,71.43175645147544,9.62,30,1.0,333.91074594026463,289.4777379504441,3093.9711347426132,2650.898476116494,0.0,2762.2213759453457,2340.2474153490416,9.265862726370935,9.157521040772755,301-400,201-300,443.0726586261194,14.320516880419394,498.87729331354876,44.43300798982051,13.306851765043048,0.2558748614770354,13.653163396236478,0.8669314823495696,True,-229.42744117670452,False,True,False,0.5955823169839675,True
KLNC0155,Kalyanpur,Residential,Res-A,795.3408386808318,0.6051258246986138,1.8475742136225195,21.79660127663725,0.3947900373833879,LT-A,567.4277307324703,482.3135711225997,0.0,85.11415960987055,0,525,1855.1994000124112,136.73282829738102,30,upper-middle,191666.9202727416,5,2.6856424399862995,2.6773946950112033,4.564999999999999,8517.090238294377,7102.79387425284,136.73282829738102,15.01,30,1.0,567.4277307324703,482.3135711225997,6407.961250209097,5066.519537677732,0.0,5911.090238294379,4633.526702550222,11.292999800939072,10.504617412869498,401-600,401-600,1341.4417125313648,20.933986023832347,1414.2963640415364,85.11415960987063,15.000000000000012,0.008247744975096172,0.30710510276037517,0.85,True,-377.0248591836653,False,True,False,0.7230714458631189,True
KLNC0156,Kalyanpur,Residential,Res-B,795.3408386808318,0.277097131120111,1.275423912411577,21.636020320192827,0.41119364624894106,LT-A,468.1057847159279,468.1057847159279,0.0,0.0,0,0,0.0,0.0,0,middle,58288.240772598554,5,2.5004991390302735,2.5004991390302735,3.5650000000000004,7026.2678285860775,7026.2678285860775,0.0,15.01,30,1.0,468.1057847159279,468.1057847159279,4798.497720015382,4798.497720015382,0.0,4420.2678285860775,4420.2678285860775,10.250883190703084,10.250883190703084,401-600,401-600,0.0,0.0,0.0,0.0,0.0,0.0,0.0,1.0,True,0.0,False,False,False,,False
KLNC0157,Kalyanpur,Residential,Res-A,795.3408386808318,0.4151388492268242,1.7306829567158564,21.171383655747523,0.36852149293076525,LT-A,174.7146737099286,174.7146737099286,0.0,0.0,0,0,0.0,0.0,0,upper-middle,162669.6762795134,6,0.8139321907149963,0.8139321907149963,3.5605999999999995,1485.074726534393,1485.074726534393,0.0,8.5,30,1.0,174.7146737099286,174.7146737099286,1533.6509228611126,1533.6509228611126,0.0,1311.074726534393,1311.074726534393,8.778031577401268,8.778031577401268,76-200,76-200,0.0,0.0,0.0,0.0,0.0,0.0,0.0,1.0,True,0.0,False,False,False,,False
KLNC0158,Kalyanpur,Residential,Res-A,795.3408386808318,0.5997320409334194,1.766877820946097,17.421507897358715,0.42602528979541454,LT-A,264.5338066289344,243.30215374845326,0.0,21.23165288048118,0,308,369.8874083312817,63.694958641443534,16,upper-middle,122201.13426088405,5,1.3161894107613799,1.3161894107613799,3.0409,2407.2576403233033,2150.3546404694816,63.694958641443534,9.1,30,1.0,264.5338066289344,243.30215374845326,2353.0242123394682,2150.155769066471,0.0,2113.2576403233033,1920.0495991109246,8.894984888037735,8.837388966517276,201-300,201-300,202.8684432729974,8.621604580570708,256.9029998538217,21.231652880481164,8.026064097834999,0.0,0.0,0.9197393590216499,True,-103.32400641684075,False,True,False,0.5484599872924105,True
KLNC0159,Kalyanpur,Residential,Res-C,795.3408386808318,0.20863895915072517,3.4512735023909062,27.5340549800126,0.3414883305343689,LT-A,54.512672584988614,54.512672584988614,0.0,0.0,0,0,0.0,0.0,0,lower-middle,16999.2049298877,4,0.8167199724463886,0.8167199724463886,0.8795000000000001,336.88831657522957,336.88831657522957,0.0,6.18,30,1.0,54.512672584988614,54.512672584988614,392.51868240399114,392.51868240399114,0.0,336.8883165752296,336.8883165752296,7.200503365378579,7.200503365378579,1-75,1-75,0.0,0.0,0.0,0.0,0.0,0.0,0.0,1.0,True,0.0,False,False,False,,False
KLNC0160,Kalyanpur,Residential,Res-B,795.3408386808318,0.41518393424407113,1.3516767620663177,18.236168916422546,0.3801032994314971,LT-A,110.64614992195968,110.64614992195968,0.0,0.0,0,0,0.0,0.0,0,middle,59862.01792625753,4,0.9421720934956012,0.9421720934956012,3.3703,940.4922743366574,940.4922743366574,0.0,8.5,30,1.0,110.64614992195968,110.64614992195968,953.4471180534902,953.4471180534902,0.0,766.4922743366573,766.4922743366573,8.61708354719952,8.61708354719952,76-200,76-200,0.0,0.0,0.0,0.0,0.0,0.0,0.0,1.0,True,0.0,False,False,False,,False
KLNC0161,Kalyanpur,Residential,Res-B,795.3408386808318,0.2581010351228221,1.2309482570940573,19.961653618551082,0.3590266355321981,LT-A,170.92578163064,170.92578163064,0.0,0.0,0,0,0.0,0.0,0,middle,38358.118727941175,5,1.0136684190937575,1.0136684190937575,1.99,1452.8691438604396,1452.8691438604396,0.0,8.5,30,1.0,170.92578163064,170.92578163064,1430.5716010534618,1430.5716010534618,0.0,1278.8691438604399,1278.8691438604399,8.36954839349419,8.36954839349419,76-200,76-200,0.0,0.0,0.0,0.0,0.0,0.0,0.0,1.0,True,0.0,False,False,False,,False
KLNC0162,Kalyanpur,Residential,Res-B,795.3408386808318,0.4225394947548845,1.3764716878609224,24.087848180946025,0.37819679651479665,LT-A,206.02856642617473,206.02856642617473,0.0,0.0,0,0,0.0,0.0,0,middle,26224.498035315653,4,1.5132705891733014,1.5132705891733014,4.1953,1874.8599544781896,1874.8599544781896,0.0,9.1,30,1.0,206.02856642617473,206.02856642617473,1844.9156822020996,1844.9156822020996,0.0,1580.85995447819,1580.85995447819,8.95465960960894,8.95465960960894,201-300,201-300,0.0,0.0,0.0,0.0,0.0,0.0,0.0,1.0,True,0.0,False,False,False,,False
KLNC0163,Kalyanpur,Residential,Res-B,795.3408386808318,0.33653845490910966,1.2394124982085146,19.36345252448588,0.4239238549889946,LT-A,145.393515631273,145.393515631273,0.0,0.0,0,0,0.0,0.0,0,middle,52320.561746518506,5,0.7458479152508677,0.7458479152508677,1.1455000000000002,1235.8448828658204,1235.8448828658204,0.0,8.5,30,1.0,145.393515631273,145.393515631273,1165.4536770091117,1165.4536770091117,0.0,1061.8448828658206,1061.8448828658206,8.015857323133824,8.015857323133824,76-200,76-200,0.0,0.0,0.0,0.0,0.0,0.0,0.0,1.0,True,0.0,False,False,False,,False
KLNC0164,Kalyanpur,Residential,Res-C,795.3408386808318,0.22784373264583646,2.9821609132131677,22.108789694387305,0.24988550313116437,LT-A,91.33146486073369,91.33146486073369,0.0,0.0,0,0,0.0,0.0,0,lower-middle,11846.152073229985,5,1.0482873630904592,1.0482873630904592,2.4047,776.3174513162364,776.3174513162364,0.0,8.5,30,1.0,91.33146486073369,91.33146486073369,738.4805938820482,738.4805938820482,0.0,602.3174513162364,602.3174513162364,8.085719363070728,8.085719363070728,76-200,76-200,0.0,0.0,0.0,0.0,0.0,0.0,0.0,1.0,True,0.0,False,False,False,,False
KLNC0165,Kalyanpur,Residential,Res-B,795.3408386808318,0.4213088672460109,0.9994002977178543,18.167349236919744,0.38997527425933215,LT-A,165.37800393988417,165.37800393988417,0.0,0.0,0,0,0.0,0.0,0,middle,32198.59898251455,4,0.7301923912242115,0.7301923912242115,2.3204000000000002,1405.713033489015,1405.713033489015,0.0,8.5,30,1.0,165.37800393988417,165.37800393988417,1395.628325163466,1395.628325163466,0.0,1231.7130334890153,1231.7130334890153,8.439020256108453,8.439020256108453,76-200,76-200,0.0,0.0,0.0,0.0,0.0,0.0,0.0,1.0,True,0.0,False,False,False,,False
KLNC0166,Kalyanpur,Residential,Res-C,795.3408386808318,0.20161282326438035,2.499000617857179,33.538367442805914,0.2718511879482031,LT-A,89.25701084704615,89.25701084704615,0.0,0.0,0,0,0.0,0.0,0,lower-middle,10754.74117510643,4,0.6521463883855988,0.6521463883855988,0.7505,758.6845921998923,758.6845921998923,0.0,8.5,30,1.0,89.25701084704615,89.25701084704615,647.0158718098868,647.0158718098868,0.0,584.6845921998922,584.6845921998922,7.248908132478638,7.248908132478638,76-200,76-200,0.0,0.0,0.0,0.0,0.0,0.0,0.0,1.0,True,0.0,False,False,False,,False
KLNC0167,Kalyanpur,Residential,Res-A,795.3408386808318,0.6580483890721067,1.8149948398952922,20.470650616321276,0.43710939500077123,LT-A,550.3155967666349,467.7682572516397,0.0,82.54733951499526,0,515,1689.7977465183187,132.62308341184294,30,upper-middle,159117.4827318039,4,3.1699708769811616,3.1699708769811616,5.029599999999999,8260.23710746719,6888.5784579352685,132.62308341184294,15.01,30,1.0,550.3155967666349,467.7682572516397,6158.754322840549,4857.766978414467,0.0,5654.23710746719,4415.201541347112,11.191313419111054,10.38498637542477,401-600,401-600,1300.987344426082,21.1241961641691,1371.6586495319216,82.54733951499526,15.000000000000004,0.0,0.0,0.85,True,-256.1873186803937,False,True,False,0.7699071365828564,True
KLNC0168,Kalyanpur,Residential,Res-A,795.3408386808318,0.5498842611247108,1.70382122695931,25.87292997968994,0.4659582462396695,LT-A,190.0130321283047,190.0130321283047,0.0,0.0,0,0,0.0,0.0,0,upper-middle,105074.84643195555,4,1.0893179040743552,1.0893179040743552,2.455,1615.1107730905899,1615.1107730905899,0.0,8.5,30,1.0,190.0130321283047,190.0130321283047,1621.4318117451196,1621.4318117451196,0.0,1441.11077309059,1441.11077309059,8.53326634275412,8.53326634275412,76-200,76-200,0.0,0.0,0.0,0.0,0.0,0.0,0.0,1.0,True,0.0,False,False,False,,False
KLNC0169,Kalyanpur,Residential,Res-C,795.3408386808318,0.22164686534472217,2.3614485620214283,31.71108821802674,0.24754983002235956,LT-A,144.9990504079944,144.9990504079944,0.0,0.0,0,0,0.0,0.0,0,lower-middle,22026.305060301005,4,0.8255574352096824,0.8255574352096824,1.9356000000000002,1232.4919284679524,1232.4919284679524,0.0,8.5,30,1.0,144.9990504079944,144.9990504079944,1196.7764848913498,1196.7764848913498,0.0,1058.4919284679522,1058.4919284679522,8.253684982928458,8.253684982928458,76-200,76-200,0.0,0.0,0.0,0.0,0.0,0.0,0.0,1.0,True,0.0,False,False,False,,False
KLNC0170,Kalyanpur,Residential,Res-C,795.3408386808318,0.26985769185900255,3.032898569855549,32.013790162628425,0.29502338480401563,LT-A,182.68775484444646,182.68775484444646,0.0,0.0,0,0,0.0,0.0,0,lower-middle,21685.57749840244,3,1.019353826053312,1.019353826053312,1.8997,1552.8459161777948,1552.8459161777948,0.0,8.5,30,1.0,182.68775484444646,182.68775484444646,1531.5649819866846,1531.5649819866846,0.0,1378.845916177795,1378.845916177795,8.383511983552317,8.383511983552317,76-200,76-200,0.0,0.0,0.0,0.0,0.0,0.0,0.0,1.0,True,0.0,False,False,False,,False
KLNC0171,Kalyanpur,Residential,Res-B,795.3408386808318,0.35187422154497333,1.411180374443599,21.333624866580152,0.3507600306800722,LT-A,99.08393173743946,99.08393173743946,0.0,0.0,0,0,0.0,0.0,0,middle,44648.59294112517,5,0.9924099615009322,0.9924099615009322,2.0401,842.2134197682357,842.2134197682357,0.0,8.5,30,1.0,99.08393173743946,99.08393173743946,791.5925007566472,791.5925007566472,0.0,668.2134197682353,668.2134197682353,7.989110715290067,7.989110715290067,76-200,76-200,0.0,0.0,0.0,0.0,0.0,0.0,0.0,1.0,True,0.0,False,False,False,,False
KLNC0172,Kalyanpur,Residential,Res-B,795.3408386808318,0.295075981539214,1.827204038463083,20.48047428826938,0.3498329015326834,LT-A,129.4289238020002,129.4289238020002,0.0,0.0,0,0,0.0,0.0,0,middle,49840.542054542166,4,0.965742470770985,0.965742470770985,2.7493999999999996,1100.145852317002,1100.145852317002,0.0,8.5,30,1.0,129.4289238020002,129.4289238020002,1093.7016849328518,1093.7016849328518,0.0,926.1458523170018,926.1458523170018,8.45021076282757,8.45021076282757,76-200,76-200,0.0,0.0,0.0,0.0,0.0,0.0,0.0,1.0,True,0.0,False,False,False,,False
KLNC0173,Kalyanpur,Residential,Res-B,795.3408386808318,0.3545741925457492,1.2685375032558732,17.421236517325582,0.4424082313349844,LT-A,156.6746276605171,156.6746276605171,0.0,0.0,0,0,0.0,0.0,0,middle,27917.059221207674,5,0.8547186379288575,0.8547186379288575,2.4804,1331.734335114396,1331.734335114396,0.0,8.5,30,1.0,156.6746276605171,156.6746276605171,1325.0066918701152,1325.0066918701152,0.0,1157.7343351143954,1157.7343351143954,8.457059778314216,8.457059778314216,76-200,76-200,0.0,0.0,0.0,0.0,0.0,0.0,0.0,1.0,True,0.0,False,False,False,,False
KLNC0174,Kalyanpur,Residential,Res-A,795.3408386808318,0.5684015373178706,2.078771746790952,22.26526674776932,0.3698020333941224,LT-A,817.2709315666397,694.6802918316438,0.0,122.590639734996,0,725,2729.5132944793745,197.04899063307812,30,upper-middle,77666.51429083326,6,3.9010122594373215,3.9010122594373215,6.175199999999999,14179.650662681202,11855.65407264594,197.04899063307812,17.35,30,1.0,817.2709315666397,694.6802918316438,10950.459515815259,8717.16453644297,0.0,10169.650662681199,8042.703063279019,13.398811939663814,12.548455223133896,601-above,601-above,2233.294979372289,20.394532084674996,2323.9965900352618,122.59063973499588,14.999999999999991,0.0,0.0,0.8499999999999999,True,-299.1693244740072,False,True,False,0.8182026385030912,True
KLNC0175,Kalyanpur,Residential,Res-A,795.3408386808318,0.853688122697718,2.2144605176644054,18.922848865971115,0.41223720489799404,LT-A,642.3392289530084,545.9883446100571,0.0,96.35088434295126,0,508,1823.233222524329,154.80973759767306,30,upper-middle,91462.94834356205,5,3.1763741182833196,3.1763741182833196,6.2008,11144.585622334695,9318.088041386822,154.80973759767306,17.35,30,1.0,642.3392289530084,545.9883446100571,7764.770183451431,6142.204585226806,0.0,7134.5856223346955,5589.285052596957,12.08827023706422,11.24969909314373,601-above,401-600,1622.5655982246253,20.896505110771955,1826.4975809478728,96.3508843429513,15.000000000000007,0.0,0.0,0.85,True,-45.857886702030555,False,True,False,0.8899385872193177,True
KLNC0176,Kalyanpur,Residential,Res-B,795.3408386808318,0.36248131720143356,1.9203416483226463,18.69247706256143,0.417924702338583,LT-A,136.79105869569145,136.79105869569145,0.0,0.0,0,0,0.0,0.0,0,middle,47854.62691345958,5,0.9399383865620875,0.9399383865620875,2.6454999999999997,1162.7239989133775,1162.7239989133775,0.0,8.5,30,1.0,136.79105869569145,136.79105869569145,1154.826748859046,1154.826748859046,0.0,988.7239989133773,988.7239989133773,8.442267790529352,8.442267790529352,76-200,76-200,0.0,0.0,0.0,0.0,0.0,0.0,0.0,1.0,True,0.0,False,False,False,,False
KLNC0177,Kalyanpur,Residential,Res-C,795.3408386808318,0.1688397852673161,3.066796757675554,28.614286940738346,0.3480122677126475,LT-A,101.60169415745172,101.60169415745172,0.0,0.0,0,0,0.0,0.0,0,lower-middle,22354.20808061966,3,0.26712957912727187,0.26712957912727187,0.39060000000000006,863.6144003383395,863.6144003383395,0.0,8.5,30,1.0,101.60169415745172,101.60169415745172,746.1451203552566,746.1451203552566,0.0,689.6144003383396,689.6144003383396,7.343825578330994,7.343825578330994,76-200,76-200,0.0,0.0,0.0,0.0,0.0,0.0,0.0,1.0,True,0.0,False,False,False,,False
KLNC0178,Kalyanpur,Residential,Res-B,795.3408386808318,0.3166392729119325,1.7294981386322863,18.966784724970893,0.3714389527292738,LT-A,138.13731046617204,138.13731046617204,0.0,0.0,0,0,0.0,0.0,0,middle,44664.357882575176,4,0.7559257244020807,0.7559257244020807,2.6302,1174.1671389624623,1174.1671389624623,0.0,8.5,30,1.0,138.13731046617204,138.13731046617204,1166.1673159105853,1166.1673159105853,0.0,1000.1671389624623,1000.1671389624623,8.44208789048462,8.44208789048462,76-200,76-200,0.0,0.0,0.0,0.0,0.0,0.0,0.0,1.0,True,0.0,False,False,False,,False
KLNC0179,Kalyanpur,Residential,Res-C,795.3408386808318,0.1316661588185951,3.155852190107192,29.74437733255001,0.29387242480383835,LT-A,84.88162886104095,84.88162886104095,0.0,0.0,0,0,0.0,0.0,0,lower-middle,11711.1429890445,3,0.605521624567625,0.605521624567625,1.9096,721.4938453188481,721.4938453188481,0.0,8.5,30,1.0,84.88162886104095,84.88162886104095,659.0818975847906,659.0818975847906,0.0,547.4938453188481,547.4938453188481,7.764717836220702,7.764717836220702,76-200,76-200,0.0,0.0,0.0,0.0,0.0,0.0,0.0,1.0,True,0.0,False,False,False,,False
KLNC0180,Kalyanpur,Residential,Res-A,795.3408386808318,0.6071581692845742,2.3673791153070187,22.605797199437912,0.40148080750319515,LT-A,529.2020928158654,449.8217788934856,0.0,79.38031392237977,0,626,1794.4552781570358,127.4627524118029,30,upper-middle,76280.75820895495,4,2.3660227419131363,2.3660227419131363,5.391100000000001,7943.323413166139,6624.362148779415,127.4627524118029,15.01,30,1.0,529.2020928158654,449.8217788934856,5841.9370938244465,4590.863656250779,0.0,5337.323413166139,4145.8249011912185,11.03914208415108,10.205961275471859,401-600,401-600,1251.0734375736674,21.415387010862993,1318.961264386724,79.3803139223798,14.999999999999998,0.0,0.0,0.8500000000000001,True,-415.91908817156536,False,True,False,0.6971884185704315,True
KLNC0181,Kalyanpur,Residential,Res-A,795.3408386808318,0.5324673472650755,2.7948791113924796,14.026206534686475,0.42089946849895615,LT-A,411.35997638290104,349.65597992546594,0.0,61.70399645743516,0,716,865.4729983275479,99.07178755797895,30,upper-middle,85340.30195387031,5,2.1599441516055777,2.1056196929071334,4.625099999999999,6174.5132455073435,5149.264471123264,99.07178755797895,15.01,30,1.0,411.35997638290104,349.65597992546594,3950.9058177827114,3263.341963227131,0.0,3568.5132455073444,2913.6905268829823,9.604497385776636,9.333007729262226,401-600,301-400,687.5638545555803,17.4026890608455,1025.2487743840793,61.703996457435096,14.999999999999986,0.05432445869844438,2.515086265451017,0.85,True,-78.83735621398864,False,True,False,0.7944370949575993,True
KLNC0182,Kalyanpur,Residential,Res-A,795.3408386808318,0.7196187458474552,1.9076053251608416,19.06815648947483,0.43718825722465293,LT-A,207.9845091127997,176.78683274587985,0.0,31.197676366919975,0,607,594.8821750724205,50.07595644573714,30,upper-middle,176291.10724015237,6,0.9802048831222069,0.9674176136856889,3.3801,1892.659032926478,1558.6842215417696,50.07595644573714,9.1,30,1.0,207.9845091127997,176.78683274587985,1827.6543945728015,1544.1848922569777,0.0,1598.6590329264775,1328.6880783399788,8.787454423259856,8.734727967419655,201-300,76-200,283.4695023158238,15.51001672731908,333.97481138470835,31.197676366919865,14.999999999999956,0.012787269436517978,1.3045506767714936,0.8499999999999999,True,-261.33671631085963,False,True,False,0.47651369328945586,True
KLNC0183,Kalyanpur,Residential,Res-C,795.3408386808318,0.23756908887641828,2.153444457798093,26.762807630608133,0.3467683289260958,LT-A,233.53572799559632,233.53572799559632,0.0,0.0,0,0,0.0,0.0,0,lower-middle,24148.127551852136,5,0.7370179218076488,0.7370179218076488,1.3245000000000002,2125.1751247599273,2125.1751247599273,0.0,9.1,30,1.0,233.53572799559632,233.53572799559632,1981.1443309979227,1981.1443309979227,0.0,1831.1751247599263,1831.1751247599263,8.483260133264407,8.483260133264407,201-300,201-300,0.0,0.0,0.0,0.0,0.0,0.0,0.0,1.0,True,0.0,False,False,False,,False
KLNC0184,Kalyanpur,Residential,Res-A,795.3408386808318,0.5905775018426409,1.753178479432378,22.22205847903046,0.428530899488239,LT-A,343.37194577322055,343.37194577322055,0.0,0.0,0,0,0.0,0.0,0,upper-middle,177335.74156672682,4,1.6604919247587728,1.6604919247587728,4.3361,3303.2381183383804,3303.2381183383804,0.0,9.62,30,1.0,343.37194577322055,343.37194577322055,3187.1220342553006,3187.1220342553006,0.0,2853.238118338382,2853.238118338382,9.28183584444674,9.28183584444674,301-400,301-400,0.0,0.0,0.0,0.0,0.0,0.0,0.0,1.0,True,0.0,False,False,False,,False
KLNC0185,Kalyanpur,Residential,Res-B,795.3408386808318,0.2496895288497994,1.2505924552389824,20.677352524575834,0.34315857555114415,LT-A,230.74871768358497,230.74871768358497,0.0,0.0,0,0,0.0,0.0,0,middle,37831.39921152711,4,1.145803232389914,1.145803232389914,4.1854,2099.8133309206232,2099.8133309206232,0.0,9.1,30,1.0,230.74871768358497,230.74871768358497,2080.6801374666543,2080.6801374666543,0.0,1805.8133309206232,1805.8133309206232,9.01708212445971,9.01708212445971,201-300,201-300,0.0,0.0,0.0,0.0,0.0,0.0,0.0,1.0,True,0.0,False,False,False,,False
KLNC0186,Kalyanpur,Residential,Res-C,795.3408386808318,0.22606670836853315,3.9496940167687944,23.788929817354674,0.2576147243114066,LT-A,123.62714317689979,123.62714317689979,0.0,0.0,0,0,0.0,0.0,0,lower-middle,18250.17867570092,5,1.0132872349674096,1.0132872349674096,1.0455,1050.830717003648,1050.830717003648,0.0,8.5,30,1.0,123.62714317689979,123.62714317689979,966.7788028538307,966.7788028538307,0.0,876.8307170036483,876.8307170036483,7.820117637681342,7.820117637681342,76-200,76-200,0.0,0.0,0.0,0.0,0.0,0.0,0.0,1.0,True,0.0,False,False,False,,False
KLNC0187,Kalyanpur,Residential,Res-C,795.3408386808318,0.1899178181863862,3.384880532208874,30.97198577296225,0.2510411461906082,LT-A,71.6588313799534,71.6588313799534,0.0,0.0,0,0,0.0,0.0,0,lower-middle,11733.174867356644,4,0.5664748644743902,0.5664748644743902,1.2307000000000001,442.851577928112,442.851577928112,0.0,6.18,30,1.0,71.6588313799534,71.6588313799534,519.2680268245175,519.2680268245175,0.0,442.85157792811196,442.85157792811196,7.246392619372007,7.246392619372007,1-75,1-75,0.0,0.0,0.0,0.0,0.0,0.0,0.0,1.0,True,0.0,False,False,False,,False
KLNC0188,Kalyanpur,Residential,Res-A,795.3408386808318,0.5336532230172036,1.9615351925068358,20.002762803257855,0.4210844039135849,LT-A,245.26101189061117,245.26101189061117,0.0,0.0,0,0,0.0,0.0,0,upper-middle,81790.01025247788,4,1.8018739831481057,1.8018739831481057,4.3698999999999995,2231.875208204562,2231.875208204562,0.0,9.1,30,1.0,245.26101189061117,245.26101189061117,2227.4815586147897,2227.4815586147897,0.0,1937.8752082045617,1937.8752082045617,9.082085821321932,9.082085821321932,201-300,201-300,0.0,0.0,0.0,0.0,0.0,0.0,0.0,1.0,True,0.0,False,False,False,,False
KLNC0189,Kalyanpur,Residential,Res-C,795.3408386808318,0.12802226034288533,3.412481526956635,27.856627287806667,0.24848109181523756,LT-A,88.27329098937403,88.27329098937403,0.0,0.0,0,0,0.0,0.0,0,lower-middle,15987.787939812632,3,0.827126814712164,0.827126814712164,1.9146,750.3229734096793,750.3229734096793,0.0,8.5,30,1.0,88.27329098937403,88.27329098937403,689.5729820801632,689.5729820801632,0.0,576.3229734096793,576.3229734096793,7.811796460190559,7.811796460190559,76-200,76-200,0.0,0.0,0.0,0.0,0.0,0.0,0.0,1.0,True,0.0,False,False,False,,False
KLNC0190,Kalyanpur,Residential,Res-A,795.3408386808318,0.572105531467074,1.905811070968124,20.84186838143294,0.381375330713161,LT-A,508.1890243384362,467.4021963948703,0.0,40.78682794356586,0,243,850.0736996959505,122.36048383069753,16,upper-middle,146048.20152030978,4,2.8568675400058887,2.8568675400058887,5.385700000000001,7627.917255319925,6893.346484056306,122.36048383069753,15.01,30,1.0,508.1890243384362,467.4021963948703,5510.522488085924,4867.701686281353,0.0,5021.917255319927,4409.706967887003,10.843450417410251,10.414374865643605,401-600,401-600,642.8208018045707,11.665333064049504,734.5707712636195,40.78682794356587,8.025916733770948,0.0,0.0,0.9197408326622906,True,-84.89241406068231,False,True,False,0.756194200614007,True
KLNC0191,Kalyanpur,Residential,Res-B,795.3408386808318,0.23309120820054208,1.6502328341089372,19.46598812608788,0.4040871111593173,LT-A,165.95021071848316,165.95021071848316,0.0,0.0,0,0,0.0,0.0,0,middle,28703.940434091623,4,1.6027745235783262,1.6027745235783262,2.945,1410.5767911071073,1410.5767911071073,0.0,8.5,30,1.0,165.95021071848316,165.95021071848316,1428.2801306624622,1428.2801306624622,0.0,1236.5767911071068,1236.5767911071068,8.606678620525448,8.606678620525448,76-200,76-200,0.0,0.0,0.0,0.0,0.0,0.0,0.0,1.0,True,0.0,False,False,False,,False
KLNC0192,Kalyanpur,Residential,Res-B,795.3408386808318,0.29569274091837844,1.5079350923093402,18.25250650938809,0.34779362442489486,LT-A,250.8319266950383,250.8319266950383,0.0,0.0,0,0,0.0,0.0,0,middle,43448.76487098224,5,1.4639899231403852,1.4639899231403852,3.7754000000000003,2282.570532924849,2282.570532924849,0.0,9.1,30,1.0,250.8319266950383,250.8319266950383,2254.494199571091,2254.494199571091,0.0,1988.5705329248485,1988.5705329248485,8.988067146301145,8.988067146301145,201-300,201-300,0.0,0.0,0.0,0.0,0.0,0.0,0.0,1.0,True,0.0,False,False,False,,False
KLNC0193,Kalyanpur,Residential,Res-C,795.3408386808318,0.1689220680426724,3.823996897860437,26.772653676565973,0.22138442371303385,LT-A,57.58392751263782,57.58392751263782,0.0,0.0,0,0,0.0,0.0,0,lower-middle,10008.933523196614,5,0.6192905294294364,0.6192905294294364,1.8803999999999998,355.8686720281016,355.8686720281016,0.0,6.18,30,1.0,57.58392751263782,57.58392751263782,456.58774562950686,456.58774562950686,0.0,355.86867202810174,355.86867202810174,7.929083085367884,7.929083085367884,1-75,1-75,0.0,0.0,0.0,0.0,0.0,0.0,0.0,1.0,True,0.0,False,False,False,,False
KLNC0194,Kalyanpur,Residential,Res-B,795.3408386808318,0.3013804452921745,1.547435604110036,22.04864813161683,0.33530421066171834,LT-A,147.5259144782692,147.5259144782692,0.0,0.0,0,0,0.0,0.0,0,middle,49803.17521097182,4,1.57246501825503,1.57246501825503,3.3202000000000007,1253.970273065288,1253.970273065288,0.0,8.5,30,1.0,147.5259144782692,147.5259144782692,1280.3896067185524,1280.3896067185524,0.0,1079.970273065288,1079.970273065288,8.679082663182921,8.679082663182921,76-200,76-200,0.0,0.0,0.0,0.0,0.0,0.0,0.0,1.0,True,0.0,False,False,False,,False
KLNC0195,Kalyanpur,Residential,Res-B,795.3408386808318,0.3438737311933886,0.9620586042841752,18.64105650906136,0.41267465000571946,LT-A,177.4525156401119,177.4525156401119,0.0,0.0,0,0,0.0,0.0,0,middle,53316.79928829639,5,1.130991245155322,1.130991245155322,2.1955,1508.346382940951,1508.346382940951,0.0,8.5,30,1.0,177.4525156401119,177.4525156401119,1497.8852520879987,1497.8852520879987,0.0,1334.3463829409511,1334.3463829409511,8.441048280914943,8.441048280914943,76-200,76-200,0.0,0.0,0.0,0.0,0.0,0.0,0.0,1.0,True,0.0,False,False,False,,False
KLNC0196,Kalyanpur,Residential,Res-B,795.3408386808318,0.5205287195938789,1.7094261234261179,15.912398984252015,0.44943524555546976,LT-A,220.80886560213392,220.80886560213392,0.0,0.0,0,0,0.0,0.0,0,middle,27955.027986871937,4,1.0455167591691916,1.0455167591691916,3.0254000000000003,2009.360676979419,2009.360676979419,0.0,9.1,30,1.0,220.80886560213392,220.80886560213392,1934.5488508283897,1934.5488508283897,0.0,1715.3606769794187,1715.3606769794187,8.76119192747528,8.76119192747528,201-300,201-300,0.0,0.0,0.0,0.0,0.0,0.0,0.0,1.0,True,0.0,False,False,False,,False
KLNC0197,Kalyanpur,Residential,Res-A,795.3408386808318,0.5588334232276342,2.413485904614641,16.04504532850091,0.3443692127098381,LT-A,247.80190017616022,247.80190017616022,0.0,0.0,0,0,0.0,0.0,0,upper-middle,87281.39219726087,4,1.3695633336899735,1.3695633336899735,3.6509000000000005,2254.997291603058,2254.997291603058,0.0,9.1,30,1.0,247.80190017616022,247.80190017616022,2220.0518461832107,2220.0518461832107,0.0,1960.9972916030579,1960.9972916030579,8.958978299218025,8.958978299218025,201-300,201-300,0.0,0.0,0.0,0.0,0.0,0.0,0.0,1.0,True,0.0,False,False,False,,False
KLNC0198,Kalyanpur,Residential,Res-C,795.3408386808318,0.1986083888473691,2.300060290578588,30.543670880771,0.23109028615775534,LT-A,29.61236767658408,29.61236767658408,0.0,0.0,0,0,0.0,0.0,0,lower-middle,11415.925346605718,5,0.11118289088639638,0.11118289088639638,0.16060000000000002,157.53779603942732,157.53779603942732,0.0,5.32,30,1.0,29.61236767658408,29.61236767658408,187.46468584139865,187.46468584139865,0.0,157.5377960394273,157.5377960394273,6.330621309610308,6.330621309610308,lifeline 0-50,lifeline 0-50,0.0,0.0,0.0,0.0,0.0,0.0,0.0,1.0,True,0.0,False,False,False,,False
KLNC0199,Kalyanpur,Residential,Res-B,795.3408386808318,0.38765882138297797,1.3040461614035568,22.22923303758519,0.3515682992500393,LT-A,191.96585339432207,191.96585339432207,0.0,0.0,0,0,0.0,0.0,0,middle,37302.62500260303,5,0.9522478873816265,0.9522478873816265,2.9255,1631.7097538517378,1631.7097538517378,0.0,8.5,30,1.0,191.96585339432207,191.96585339432207,1659.6097915443245,1659.6097915443245,0.0,1457.7097538517376,1457.7097538517376,8.64533854432578,8.64533854432578,76-200,76-200,0.0,0.0,0.0,0.0,0.0,0.0,0.0,1.0,True,0.0,False,False,False,,False
KLNC0200,Kalyanpur,Residential,Res-B,795.3408386808318,0.2624041244538256,1.1294315318036399,21.384631843987613,0.3634699120153256,LT-A,164.15427843725308,164.15427843725308,0.0,0.0,0,0,0.0,0.0,0,middle,53255.838443407454,5,0.751260863167833,0.751260863167833,2.1752000000000002,1395.311366716651,1395.311366716651,0.0,8.5,30,1.0,164.15427843725308,164.15427843725308,1378.303255052484,1378.303255052484,0.0,1221.3113667166513,1221.3113667166513,8.39638947077052,8.39638947077052,76-200,76-200,0.0,0.0,0.0,0.0,0.0,0.0,0.0,1.0,True,0.0,False,False,False,,False
KLNC0201,Kalyanpur,Residential,Res-B,795.3408386808318,0.3994181535898989,1.3942739279651717,17.133104060786856,0.46641397129197737,LT-A,150.05807366268996,150.05807366268996,0.0,0.0,0,0,0.0,0.0,0,middle,55915.279934525206,5,0.6635466394749787,0.6635466394749787,3.4153,1275.493626132865,1275.493626132865,0.0,8.5,30,1.0,150.05807366268996,150.05807366268996,1307.183037439508,1307.183037439508,0.0,1101.4936261328648,1101.4936261328648,8.711180981690308,8.711180981690308,76-200,76-200,0.0,0.0,0.0,0.0,0.0,0.0,0.0,1.0,True,0.0,False,False,False,,False
KLNC0202,Kalyanpur,Residential,Res-C,795.3408386808318,0.23665063096644112,3.406441134724813,33.69858543501419,0.28783473805949267,LT-A,80.8431790782079,80.8431790782079,0.0,0.0,0,0,0.0,0.0,0,lower-middle,13668.714631670979,3,0.4720775634133549,0.4720775634133549,1.1796,687.1670221647672,687.1670221647672,0.0,8.5,30,1.0,80.8431790782079,80.8431790782079,590.8457332730054,590.8457332730054,0.0,513.1670221647671,513.1670221647671,7.3085415493299655,7.3085415493299655,76-200,76-200,0.0,0.0,0.0,0.0,0.0,0.0,0.0,1.0,True,0.0,False,False,False,,False
KLNC0203,Kalyanpur,Residential,Res-A,795.3408386808318,0.6185730472619146,1.359738564312634,20.11647488443911,0.40349940711199445,LT-A,616.5633648290708,524.07886010471,0.0,92.48450472436059,0,393,1860.4622164873904,148.64037167189855,30,upper-middle,187094.18678541319,5,3.2456122519295847,3.2445273875509613,5.356199999999999,10697.374379784376,8944.127851144822,148.64037167189855,17.35,30,1.0,616.5633648290708,524.07886010471,7257.951518773597,5759.653294680282,0.0,6687.374379784378,5260.423690171697,11.771623052540125,10.990050797945779,601-above,401-600,1498.2982240933152,20.643541365876857,1753.2465286395545,92.48450472436082,15.000000000000032,0.001084864378623429,0.03342556948934533,0.8500000000000001,True,-213.5236207221767,False,True,False,0.8053365506783299,True
KLNC0204,Kalyanpur,Residential,Res-B,795.3408386808318,0.32314117605780507,1.5471168314397905,21.80958012146826,0.4518153348592133,LT-A,160.28747346764567,160.28747346764567,0.0,0.0,0,0,0.0,0.0,0,middle,54882.8610731222,4,0.6635893524804684,0.6635893524804684,0.95,1362.4435244749882,1362.4435244749882,0.0,8.5,30,1.0,160.28747346764567,160.28747346764567,1289.7607006987378,1289.7607006987378,0.0,1188.4435244749882,1188.4435244749882,8.046547074429235,8.046547074429235,76-200,76-200,0.0,0.0,0.0,0.0,0.0,0.0,0.0,1.0,True,0.0,False,False,False,,False
KLNC0205,Kalyanpur,Residential,Res-C,795.3408386808318,0.22992905843302397,4.296485439360794,34.45825681900061,0.33072343602859255,LT-A,86.45133420714836,86.45133420714836,0.0,0.0,0,0,0.0,0.0,0,lower-middle,18767.850357209067,4,0.7412240372044498,0.7412240372044498,1.8205,734.836340760761,734.836340760761,0.0,8.5,30,1.0,86.45133420714836,86.45133420714836,669.1622077987992,669.1622077987992,0.0,560.8363407607611,560.8363407607611,7.740334072755911,7.740334072755911,76-200,76-200,0.0,0.0,0.0,0.0,0.0,0.0,0.0,1.0,True,0.0,False,False,False,,False
KLNC0206,Kalyanpur,Residential,Res-C,795.3408386808318,0.20076639663583032,3.155371240230227,30.771058638502534,0.3662569528252074,LT-A,51.76104645358434,51.76104645358434,0.0,0.0,0,0,0.0,0.0,0,lower-middle,23597.238156606894,3,0.6070347956085209,0.6070347956085209,1.1393999999999997,319.8832670831512,319.8832670831512,0.0,6.18,30,1.0,51.76104645358434,51.76104645358434,386.1249704373088,386.1249704373088,0.0,319.8832670831512,319.8832670831512,7.459759740050048,7.459759740050048,1-75,1-75,0.0,0.0,0.0,0.0,0.0,0.0,0.0,1.0,True,0.0,False,False,False,,False
KLNC0207,Kalyanpur,Residential,Res-A,795.3408386808318,0.5564960066065645,2.2196305706259367,21.45852321100826,0.3912725448741114,LT-A,196.6817703768606,196.6817703768606,0.0,0.0,0,0,0.0,0.0,0,upper-middle,159683.841459528,5,1.0242843098660122,1.0242843098660122,3.1549000000000005,1671.7950482033148,1671.7950482033148,0.0,8.5,30,1.0,196.6817703768606,196.6817703768606,1711.8158906134809,1711.8158906134809,0.0,1497.7950482033152,1497.7950482033152,8.703480181887127,8.703480181887127,76-200,76-200,0.0,0.0,0.0,0.0,0.0,0.0,0.0,1.0,True,0.0,False,False,False,,False
KLNC0208,Kalyanpur,Residential,Res-B,795.3408386808318,0.3495470497852088,1.175867368761005,17.063550915448403,0.40328043966689536,LT-A,121.74724787649433,121.74724787649433,0.0,0.0,0,0,0.0,0.0,0,middle,48600.78557576735,4,0.977683324636462,0.977683324636462,2.04,1034.8516069502018,1034.8516069502018,0.0,8.5,30,1.0,121.74724787649433,121.74724787649433,993.858187297712,993.858187297712,0.0,860.8516069502018,860.8516069502018,8.163290789997362,8.163290789997362,76-200,76-200,0.0,0.0,0.0,0.0,0.0,0.0,0.0,1.0,True,0.0,False,False,False,,False
KLNC0209,Kalyanpur,Residential,Res-B,795.3408386808318,0.417499970156177,1.6095618481196847,16.847178737225132,0.4315114118399248,LT-A,234.93937136663226,234.93937136663226,0.0,0.0,0,0,0.0,0.0,0,middle,49924.62344604319,5,1.3854686652497121,1.3854686652497121,2.2801000000000005,2137.948279436354,2137.948279436354,0.0,9.1,30,1.0,234.93937136663226,234.93937136663226,2036.6981034081712,2036.6981034081712,0.0,1843.9482794363535,1843.9482794363535,8.669037001166664,8.669037001166664,201-300,201-300,0.0,0.0,0.0,0.0,0.0,0.0,0.0,1.0,True,0.0,False,False,False,,False
KLNC0210,Kalyanpur,Residential,Res-C,795.3408386808318,0.18534015393336767,3.691234145293329,37.489898870237305,0.33923270798274596,LT-A,107.24230887646992,107.24230887646992,0.0,0.0,0,0,0.0,0.0,0,lower-middle,13407.540149417884,5,0.28121411115055106,0.28121411115055106,0.42569999999999997,911.5596254499943,911.5596254499943,0.0,8.5,30,1.0,107.24230887646992,107.24230887646992,796.487606722494,796.487606722494,0.0,737.5596254499943,737.5596254499943,7.426990476677919,7.426990476677919,76-200,76-200,0.0,0.0,0.0,0.0,0.0,0.0,0.0,1.0,True,0.0,False,False,False,,False
KLNC0211,Kalyanpur,Residential,Res-B,795.3408386808318,0.35539602866722175,1.4652742427626624,19.659708271109988,0.3540019335867717,LT-A,187.17004786215995,187.17004786215995,0.0,0.0,0,0,0.0,0.0,0,middle,38704.19140697059,4,0.7138687581093717,0.7138687581093717,2.4801,1590.9454068283594,1590.9454068283594,0.0,8.5,30,1.0,187.17004786215995,187.17004786215995,1597.1650871697773,1597.1650871697773,0.0,1416.9454068283594,1416.9454068283594,8.533230104989865,8.533230104989865,76-200,76-200,0.0,0.0,0.0,0.0,0.0,0.0,0.0,1.0,True,0.0,False,False,False,,False
KLNC0212,Kalyanpur,Residential,Res-B,795.3408386808318,0.3890633774564215,1.6052976570446438,16.264540522953954,0.36573897905288116,LT-A,124.94269922711035,124.94269922711035,0.0,0.0,0,0,0.0,0.0,0,middle,29236.14319616175,5,0.6299054304298738,0.6299054304298738,1.4005000000000003,1062.0129434304379,1062.0129434304379,0.0,8.5,30,1.0,124.94269922711035,124.94269922711035,994.1756406019599,994.1756406019599,0.0,888.012943430438,888.012943430438,7.957052686966774,7.957052686966774,76-200,76-200,0.0,0.0,0.0,0.0,0.0,0.0,0.0,1.0,True,0.0,False,False,False,,False
KLNC0213,Kalyanpur,Residential,Res-C,795.3408386808318,0.2295364800872594,2.722005201934272,24.2086612261238,0.2690180904218961,LT-A,142.01205682809007,142.01205682809007,0.0,0.0,0,0,0.0,0.0,0,lower-middle,10868.095915459819,3,0.5433692856776633,0.5433692856776633,1.2055,1207.1024830387653,1207.1024830387653,0.0,8.5,30,1.0,142.01205682809007,142.01205682809007,1137.9201571907038,1137.9201571907038,0.0,1033.1024830387655,1033.1024830387655,8.012841885447733,8.012841885447733,76-200,76-200,0.0,0.0,0.0,0.0,0.0,0.0,0.0,1.0,True,0.0,False,False,False,,False
KLNC0214,Kalyanpur,Residential,Res-C,795.3408386808318,0.1446410638815915,3.0410693546614236,27.63088167018305,0.3689614385818419,LT-A,26.390934409700268,26.390934409700268,0.0,0.0,0,0,0.0,0.0,0,lower-middle,23797.83957968557,3,0.8625912668488518,0.8625912668488518,1.5093999999999999,140.3997710596054,140.3997710596054,0.0,5.32,30,1.0,26.390934409700268,26.390934409700268,213.98429961258572,213.98429961258572,0.0,140.39977105960543,140.39977105960543,8.10825021541994,8.10825021541994,lifeline 0-50,lifeline 0-50,0.0,0.0,0.0,0.0,0.0,0.0,0.0,1.0,True,0.0,False,False,False,,False
KLNC0215,Kalyanpur,Residential,Res-B,795.3408386808318,0.3085763117279441,1.5501717309911764,21.114523600713085,0.36450414998850744,LT-A,181.6127473765679,181.6127473765679,0.0,0.0,0,0,0.0,0.0,0,middle,44267.618080161774,5,0.9018652261783376,0.9018652261783376,3.4351,1543.7083527008274,1543.7083527008274,0.0,8.5,30,1.0,181.6127473765679,181.6127473765679,1589.6816803358686,1589.6816803358686,0.0,1369.7083527008272,1369.7083527008272,8.75313932143605,8.75313932143605,76-200,76-200,0.0,0.0,0.0,0.0,0.0,0.0,0.0,1.0,True,0.0,False,False,False,,False
KLNC0216,Kalyanpur,Residential,Res-C,795.3408386808318,0.17965283056509007,2.5263129048660593,23.116966860934923,0.1914683043108779,LT-A,49.72459040777854,49.72459040777854,0.0,0.0,0,0,0.0,0.0,0,lower-middle,24452.373007722992,4,0.8606726462728789,0.8606726462728789,1.2155000000000002,264.5348209693819,264.5348209693819,0.0,5.32,30,1.0,49.72459040777854,49.72459040777854,331.36511201785095,331.36511201785095,0.0,264.5348209693819,264.5348209693819,6.664008879719494,6.664008879719494,lifeline 0-50,lifeline 0-50,0.0,0.0,0.0,0.0,0.0,0.0,0.0,1.0,True,0.0,False,False,False,,False
KLNC0217,Kalyanpur,Residential,Res-B,795.3408386808318,0.3576605217147486,1.4361061093553869,19.071642733131736,0.4170644707044387,LT-A,167.5744134698586,167.5744134698586,0.0,0.0,0,0,0.0,0.0,0,middle,25466.576119959478,5,0.7950072951387638,0.7950072951387638,2.2301,1424.382514493798,1424.382514493798,0.0,8.5,30,1.0,167.5744134698586,167.5744134698586,1411.249050218488,1411.249050218488,0.0,1250.3825144937982,1250.3825144937982,8.421626076419642,8.421626076419642,76-200,76-200,0.0,0.0,0.0,0.0,0.0,0.0,0.0,1.0,True,0.0,False,False,False,,False
KLNC0218,Kalyanpur,Residential,Res-C,795.3408386808318,0.15806218260975924,3.4153735793698763,32.02089590393622,0.20048569882848533,LT-A,53.16553077432892,53.16553077432892,0.0,0.0,0,0,0.0,0.0,0,lower-middle,17531.96290628182,5,0.628204367986294,0.628204367986294,2.2945,328.56298018535267,328.56298018535267,0.0,6.18,30,1.0,53.16553077432892,53.16553077432892,446.1785791946204,446.1785791946204,0.0,328.5629801853527,328.5629801853527,8.392252888220174,8.392252888220174,1-75,1-75,0.0,0.0,0.0,0.0,0.0,0.0,0.0,1.0,True,0.0,False,False,False,,False
KLNC0219,Kalyanpur,Residential,Res-B,795.3408386808318,0.3109226444222815,0.7226720391885173,16.596560340136236,0.34535406955319536,LT-A,176.79741323534165,176.79741323534165,0.0,0.0,0,0,0.0,0.0,0,middle,59352.231048889225,4,0.8952539374610812,0.8952539374610812,2.2603000000000004,1502.7780125004044,1502.7780125004044,0.0,8.5,30,1.0,176.79741323534165,176.79741323534165,1494.8961431254243,1494.8961431254243,0.0,1328.778012500404,1328.778012500404,8.455418638594628,8.455418638594628,76-200,76-200,0.0,0.0,0.0,0.0,0.0,0.0,0.0,1.0,True,0.0,False,False,False,,False
KLNC0220,Kalyanpur,Residential,Res-C,795.3408386808318,0.24898047939938073,3.0884323177365762,29.68535664601121,0.2687330082729637,LT-A,139.68037581207096,139.68037581207096,0.0,0.0,0,0,0.0,0.0,0,lower-middle,18303.615520654057,5,0.6146214554276683,0.6146214554276683,1.1204,1187.2831944026032,1187.2831944026032,0.0,8.5,30,1.0,139.68037581207096,139.68037581207096,1113.3569941227333,1113.3569941227333,0.0,1013.2831944026032,1013.2831944026032,7.970747412798117,7.970747412798117,76-200,76-200,0.0,0.0,0.0,0.0,0.0,0.0,0.0,1.0,True,0.0,False,False,False,,False
KLNC0221,Kalyanpur,Residential,Res-B,795.3408386808318,0.32660682624733084,2.0869007779174495,18.60992977300904,0.36715893054069537,LT-A,191.07866207021164,191.07866207021164,0.0,0.0,0,0,0.0,0.0,0,middle,58233.06479757794,4,1.1611213016431265,1.1611213016431265,3.6202,1624.1686275967986,1624.1686275967986,0.0,8.5,30,1.0,191.07866207021164,191.07866207021164,1682.3278789766387,1682.3278789766387,0.0,1450.1686275967988,1450.1686275967988,8.804373344201402,8.804373344201402,76-200,76-200,0.0,0.0,0.0,0.0,0.0,0.0,0.0,1.0,True,0.0,False,False,False,,False
KLNC0222,Kalyanpur,Residential,Res-C,795.3408386808318,0.25112478838489505,3.3204689846752724,32.99259811235235,0.2650275207977991,LT-A,93.41109109242831,93.41109109242831,0.0,0.0,0,0,0.0,0.0,0,lower-middle,20386.07265137693,4,0.8219707732251087,0.8219707732251087,1.9647000000000001,793.9942742856407,793.9942742856407,0.0,8.5,30,1.0,93.41109109242831,93.41109109242831,737.6372579999226,737.6372579999226,0.0,619.9942742856406,619.9942742856406,7.896677464885257,7.896677464885257,76-200,76-200,0.0,0.0,0.0,0.0,0.0,0.0,0.0,1.0,True,0.0,False,False,False,,False
KLNC0223,Kalyanpur,Residential,Res-A,795.3408386808318,0.6631157501546234,1.9468863455796546,14.656273804795934,0.42480198510700184,LT-A,338.5047723435514,287.7290564920187,0.0,50.77571585153271,0,644,744.1827941545805,81.45498661493642,30,upper-middle,155833.41754540207,4,1.4026013320264041,1.4026013320264041,4.4206,3256.4159099449644,2686.4985368382836,81.45498661493642,9.62,30,1.0,338.5047723435514,287.7290564920187,3141.6851654422126,2635.499594781238,0.0,2806.4159099449644,2324.3344140773697,9.281066094553283,9.159657446186163,301-400,201-300,506.18557066097446,16.11191268396003,569.9173731066808,50.77571585153271,15.000000000000002,0.0,0.0,0.85,True,-156.54223687866966,False,True,False,0.6801898332465751,True
KLNC0224,Kalyanpur,Residential,Res-C,795.3408386808318,0.13583190401170275,1.830023163983332,29.542163882951932,0.23397573807494787,LT-A,48.02847911967818,48.02847911967818,0.0,0.0,0,0,0.0,0.0,0,lower-middle,11212.061618313413,4,0.16372905210053634,0.16372905210053634,0.3054,255.5115089166879,255.5115089166879,0.0,5.32,30,1.0,48.02847911967818,48.02847911967818,290.3370843625223,290.3370843625223,0.0,255.51150891668794,255.51150891668794,6.045102607539485,6.045102607539485,lifeline 0-50,lifeline 0-50,0.0,0.0,0.0,0.0,0.0,0.0,0.0,1.0,True,0.0,False,False,False,,False
KLNC0225,Kalyanpur,Residential,Res-C,795.3408386808318,0.12799904267000406,3.004663022268049,36.31900038361797,0.3520502956704612,LT-A,89.83122882562901,89.83122882562901,0.0,0.0,0,0,0.0,0.0,0,lower-middle,20682.695540122186,5,0.25044514743227037,0.25044514743227037,0.3655,763.5654450178466,763.5654450178466,0.0,8.5,30,1.0,89.83122882562901,89.83122882562901,641.0937172687389,641.0937172687389,0.0,589.5654450178466,589.5654450178466,7.136646416283173,7.136646416283173,76-200,76-200,0.0,0.0,0.0,0.0,0.0,0.0,0.0,1.0,True,0.0,False,False,False,,False
KLNC0226,Kalyanpur,Residential,Res-C,795.3408386808318,0.20515129746496014,2.605435076008921,28.062316637817386,0.2848070996644408,LT-A,77.44625346981394,77.44625346981394,0.0,0.0,0,0,0.0,0.0,0,lower-middle,23850.8417491581,3,0.6079507842939875,0.6079507842939875,0.8645999999999999,658.2931544934186,658.2931544934186,0.0,8.5,30,1.0,77.44625346981394,77.44625346981394,546.6366722180893,546.6366722180893,0.0,484.29315449341846,484.29315449341846,7.05827135241798,7.05827135241798,76-200,76-200,0.0,0.0,0.0,0.0,0.0,0.0,0.0,1.0,True,0.0,False,False,False,,False
KLNC0227,Kalyanpur,Residential,Res-B,795.3408386808318,0.2690832544716064,1.0329582203629966,18.86926168147179,0.4651543810361122,LT-A,161.41513194068727,161.41513194068727,0.0,0.0,0,0,0.0,0.0,0,middle,37841.50545812323,4,1.0243543657417322,1.0243543657417322,2.8703,1372.028621495842,1372.028621495842,0.0,8.5,30,1.0,161.41513194068727,161.41513194068727,1384.510282570634,1384.510282570634,0.0,1198.028621495842,1198.028621495842,8.577326462053003,8.577326462053003,76-200,76-200,0.0,0.0,0.0,0.0,0.0,0.0,0.0,1.0,True,0.0,False,False,False,,False
KLNC0228,Kalyanpur,Residential,Res-A,795.3408386808318,0.5428269772131549,2.811937925449463,19.7192581565042,0.4008406733434346,LT-A,374.58621797539416,374.58621797539416,0.0,0.0,0,0,0.0,0.0,0,upper-middle,185490.23491714595,6,2.275184591781333,2.275184591781333,4.7246,3603.51941692329,3603.51941692329,0.0,9.62,30,1.0,374.58621797539416,374.58621797539416,3519.5502477694563,3519.5502477694563,0.0,3153.519416923292,3153.519416923292,9.395834867583538,9.395834867583538,301-400,301-400,0.0,0.0,0.0,0.0,0.0,0.0,0.0,1.0,True,0.0,False,False,False,,False
KLNC0229,Kalyanpur,Residential,Res-A,795.3408386808318,0.5900965342124275,2.4265487947068016,20.697711975138006,0.3821530370107268,LT-A,505.39554575987125,429.5862138958906,0.0,75.8093318639807,0,502,1569.0797159483247,121.85709925589238,30,upper-middle,67874.5673861,4,3.4428339365042584,3.4428339365042584,6.1507,7585.987141855667,6326.231971321426,121.85709925589238,15.01,30,1.0,505.39554575987125,429.5862138958906,5500.232368948451,4305.4393941061835,0.0,4979.987141855668,3842.0890705773177,10.883025018906238,10.022294139889691,401-600,401-600,1194.7929748422675,21.72259087793215,1259.7551705342412,75.80933186398067,14.999999999999998,0.0,0.0,0.85,True,-252.4296418501649,False,True,False,0.7614609778574285,True
KLNC0230,Kalyanpur,Residential,Res-C,795.3408386808318,0.11089131270651525,3.003151555596907,28.472435293137373,0.28454270725826397,LT-A,163.7130284751444,163.7130284751444,0.0,0.0,0,0,0.0,0.0,0,lower-middle,18337.32068495916,5,0.5425266274181372,0.5425266274181372,1.3147,1391.5607420387275,1391.5607420387275,0.0,8.5,30,1.0,163.7130284751444,163.7130284751444,1336.4170491406637,1336.4170491406637,0.0,1217.5607420387273,1217.5607420387273,8.163168573621276,8.163168573621276,76-200,76-200,0.0,0.0,0.0,0.0,0.0,0.0,0.0,1.0,True,0.0,False,False,False,,False
KLNC0231,Kalyanpur,Residential,Res-B,795.3408386808318,0.32692610833052455,1.8470522802204592,22.186682947210464,0.4416568026391441,LT-A,137.39140375755574,137.39140375755574,0.0,0.0,0,0,0.0,0.0,0,middle,32446.524259626276,5,0.8267800846887008,0.8267800846887008,2.5745,1167.8269319392236,1167.8269319392236,0.0,8.5,30,1.0,137.39140375755574,137.39140375755574,1157.053728536185,1157.053728536185,0.0,993.8269319392238,993.8269319392238,8.421587500320985,8.421587500320985,76-200,76-200,0.0,0.0,0.0,0.0,0.0,0.0,0.0,1.0,True,0.0,False,False,False,,False
KLNC0232,Kalyanpur,Residential,Res-C,795.3408386808318,0.22025089272716217,3.2002939749739885,29.387758715486918,0.3277631074928613,LT-A,86.2006634035418,86.2006634035418,0.0,0.0,0,0,0.0,0.0,0,lower-middle,12578.325581189034,4,0.8474969361740663,0.8474969361740663,0.9695,732.7056389301052,732.7056389301052,0.0,8.5,30,1.0,86.2006634035418,86.2006634035418,629.3958708766105,629.3958708766105,0.0,558.7056389301052,558.7056389301052,7.3015200350621665,7.3015200350621665,76-200,76-200,0.0,0.0,0.0,0.0,0.0,0.0,0.0,1.0,True,0.0,False,False,False,,False
KLNC0233,Kalyanpur,Residential,Res-A,795.3408386808318,0.5377946491594773,2.2801824665229895,21.374748781458727,0.4613764952136315,LT-A,455.2157799958277,455.2157799958277,0.0,0.0,0,0,0.0,0.0,0,upper-middle,84460.06117260896,6,4.071802193809003,4.071802193809003,5.455099999999999,6832.788857737374,6832.788857737374,0.0,15.01,30,1.0,455.2157799958277,455.2157799958277,4678.698210624242,4678.698210624242,0.0,4226.788857737373,4226.788857737373,10.277978963442623,10.277978963442623,401-600,401-600,0.0,0.0,0.0,0.0,0.0,0.0,0.0,1.0,True,0.0,False,False,False,,False
KLNC0234,Kalyanpur,Residential,Res-B,795.3408386808318,0.344252818623279,0.9859674200358867,17.551267538370837,0.41810413830676746,LT-A,172.6953798607305,172.6953798607305,0.0,0.0,0,0,0.0,0.0,0,middle,49983.04204939821,4,1.2781264525487201,1.2781264525487201,3.4603,1467.910728816209,1467.910728816209,0.0,8.5,30,1.0,172.6953798607305,172.6953798607305,1511.2054952570197,1511.2054952570197,0.0,1293.9107288162093,1293.9107288162093,8.750700200988152,8.750700200988152,76-200,76-200,0.0,0.0,0.0,0.0,0.0,0.0,0.0,1.0,True,0.0,False,False,False,,False
KLNC0235,Kalyanpur,Residential,Res-C,795.3408386808318,0.29314052933479506,3.4849111442609373,22.824105208869145,0.32700080713680163,LT-A,88.94193387694922,88.94193387694922,0.0,0.0,0,0,0.0,0.0,0,lower-middle,19738.118565262324,5,0.22967709132068664,0.22967709132068664,0.3654,756.0064379540685,756.0064379540685,0.0,8.5,30,1.0,88.94193387694922,88.94193387694922,633.1567598517718,633.1567598517718,0.0,582.0064379540684,582.0064379540684,7.1187653815549075,7.1187653815549075,76-200,76-200,0.0,0.0,0.0,0.0,0.0,0.0,0.0,1.0,True,0.0,False,False,False,,False
KLNC0236,Kalyanpur,Residential,Res-C,795.3408386808318,0.19831084079004105,3.392268713232235,28.687754060058424,0.35178014388821155,LT-A,107.85080156355686,107.85080156355686,0.0,0.0,0,0,0.0,0.0,0,lower-middle,20428.96709571906,3,0.8155602178832324,0.8155602178832324,2.1746999999999996,916.7318132902333,916.7318132902333,0.0,8.5,30,1.0,107.85080156355686,107.85080156355686,875.772673954745,875.772673954745,0.0,742.7318132902333,742.7318132902333,8.120224061929193,8.120224061929193,76-200,76-200,0.0,0.0,0.0,0.0,0.0,0.0,0.0,1.0,True,0.0,False,False,False,,False
KLNC0237,Kalyanpur,Residential,Res-B,795.3408386808318,0.3949946748648533,1.6685760943014447,21.133902962413806,0.41600650964873886,LT-A,154.56398754948117,154.56398754948117,0.0,0.0,0,0,0.0,0.0,0,middle,48480.737984382184,5,0.6264927532446423,0.6264927532446423,1.1145,1313.7938941705902,1313.7938941705902,0.0,8.5,30,1.0,154.56398754948117,154.56398754948117,1245.9330388791195,1245.9330388791195,0.0,1139.79389417059,1139.79389417059,8.060952998383625,8.060952998383625,76-200,76-200,0.0,0.0,0.0,0.0,0.0,0.0,0.0,1.0,True,0.0,False,False,False,,False
KLNC0238,Kalyanpur,Residential,Res-C,795.3408386808318,0.16448151136263423,3.0781217573084243,28.26322040663675,0.40996720007709425,LT-A,115.95809144230091,115.95809144230091,0.0,0.0,0,0,0.0,0.0,0,lower-middle,24676.77262499466,4,0.8040808989394168,0.8040808989394168,1.4356000000000002,985.6437772595577,985.6437772595577,0.0,8.5,30,1.0,115.95809144230091,115.95809144230091,915.5359261225357,915.5359261225357,0.0,811.6437772595577,811.6437772595577,7.8954035439440915,7.8954035439440915,76-200,76-200,0.0,0.0,0.0,0.0,0.0,0.0,0.0,1.0,True,0.0,False,False,False,,False
KLNC0239,Kalyanpur,Residential,Res-B,795.3408386808318,0.3058131781995502,1.0124474358448898,20.571321119610147,0.4267973253519158,LT-A,115.5090360306217,115.5090360306217,0.0,0.0,0,0,0.0,0.0,0,middle,30159.795073050438,4,0.5592589419256709,0.5592589419256709,0.915,981.8268062602846,981.8268062602846,0.0,8.5,30,1.0,115.5090360306217,115.5090360306217,888.5696465732987,888.5696465732987,0.0,807.8268062602845,807.8268062602845,7.692641866890283,7.692641866890283,76-200,76-200,0.0,0.0,0.0,0.0,0.0,0.0,0.0,1.0,True,0.0,False,False,False,,False
KLNC0240,Kalyanpur,Residential,Res-A,795.3408386808318,0.5905828163751642,1.8864732123460894,24.224199186921716,0.33703321235246625,LT-A,366.2848288522523,366.2848288522523,0.0,0.0,0,0,0.0,0.0,0,upper-middle,129355.27137825698,4,1.7981180598047426,1.7981180598047426,4.4461,3523.660053558668,3523.660053558668,0.0,9.62,30,1.0,366.2848288522523,366.2848288522523,3423.4160662366003,3423.4160662366003,0.0,3073.660053558667,3073.660053558667,9.346322305960147,9.346322305960147,301-400,301-400,0.0,0.0,0.0,0.0,0.0,0.0,0.0,1.0,True,0.0,False,False,False,,False
KLNC0241,Kalyanpur,Residential,Res-A,795.3408386808318,0.7057256840183975,2.7588346967806148,19.318374847457868,0.4539770630597618,LT-A,423.72401792449546,360.1654152358211,0.0,63.55860268867433,0,477,1227.8489115204543,102.08296622623865,30,upper-middle,189802.73986037442,6,2.4620279298465997,2.3550263704869456,3.6455999999999995,6360.097509046675,5303.999916463436,102.08296622623865,15.01,30,1.0,423.72401792449546,360.1654152358211,4102.573344499011,3326.301819297029,0.0,3754.097509046677,3014.791294568599,9.682182673038987,9.235483693288838,401-600,301-400,776.2715252019821,18.921575801755154,1056.097592583239,63.55860268867434,15.000000000000007,0.10700155935965405,4.346074147352217,0.85,True,-349.49442009223355,False,True,False,0.6322207218807723,True
KLNC0242,Kalyanpur,Residential,Res-B,795.3408386808318,0.33342748179093135,1.1932932335766382,22.257193316993458,0.3523509478926824,LT-A,134.00062106655602,134.00062106655602,0.0,0.0,0,0,0.0,0.0,0,middle,39109.47971215932,5,0.7068670211264197,0.7068670211264197,2.1851000000000003,1139.005279065726,1139.005279065726,0.0,8.5,30,1.0,134.00062106655602,134.00062106655602,1109.6184530190126,1109.6184530190126,0.0,965.0052790657262,965.0052790657262,8.280696344443674,8.280696344443674,76-200,76-200,0.0,0.0,0.0,0.0,0.0,0.0,0.0,1.0,True,0.0,False,False,False,,False
KLNC0243,Kalyanpur,Residential,Res-B,795.3408386808318,0.2785730815603576,1.5494883516944298,13.54774922268199,0.3820909941884553,LT-A,126.17254435867062,126.17254435867062,0.0,0.0,0,0,0.0,0.0,0,middle,44576.53398419166,4,0.5906449605021932,0.5906449605021932,1.6851,1072.4666270487003,1072.4666270487003,0.0,8.5,30,1.0,126.17254435867062,126.17254435867062,1017.7028684011353,1017.7028684011353,0.0,898.4666270487003,898.4666270487003,8.065961367221952,8.065961367221952,76-200,76-200,0.0,0.0,0.0,0.0,0.0,0.0,0.0,1.0,True,0.0,False,False,False,,False
KLNC0244,Kalyanpur,Residential,Res-B,795.3408386808318,0.4386167978554843,1.3761348397041417,18.789710905833598,0.3624614675216917,LT-A,132.1233709383672,132.1233709383672,0.0,0.0,0,0,0.0,0.0,0,middle,58600.86025343777,4,0.8941336533383425,0.8941336533383425,1.1042,1123.048652976121,1123.048652976121,0.0,8.5,30,1.0,132.1233709383672,132.1233709383672,1045.1963056249274,1045.1963056249274,0.0,949.0486529761213,949.0486529761213,7.910760209959294,7.910760209959294,76-200,76-200,0.0,0.0,0.0,0.0,0.0,0.0,0.0,1.0,True,0.0,False,False,False,,False
KLNC0245,Kalyanpur,Residential,Res-C,795.3408386808318,0.15340005090732545,2.8301940452653724,29.814825927009398,0.3639100132362564,LT-A,117.1917407017601,117.1917407017601,0.0,0.0,0,0,0.0,0.0,0,lower-middle,12735.681868443742,5,0.30360706531659454,0.30360706531659454,0.38070000000000004,996.129795964961,996.129795964961,0.0,8.5,30,1.0,117.1917407017601,117.1917407017601,885.2862857632088,885.2862857632088,0.0,822.1297959649607,822.1297959649607,7.55416960668042,7.55416960668042,76-200,76-200,0.0,0.0,0.0,0.0,0.0,0.0,0.0,1.0,True,0.0,False,False,False,,False
KLNC0246,Kalyanpur,Residential,Res-C,795.3408386808318,0.15775830928862897,2.902029102677165,20.82946613121346,0.3889940981691571,LT-A,149.5101007533903,149.5101007533903,0.0,0.0,0,0,0.0,0.0,0,lower-middle,16026.177125874005,4,0.5781391311810536,0.5781391311810536,1.1804,1270.8358564038176,1270.8358564038176,0.0,8.5,30,1.0,149.5101007533903,149.5101007533903,1203.7332892240086,1203.7332892240086,0.0,1096.8358564038176,1096.8358564038176,8.051183720419722,8.051183720419722,76-200,76-200,0.0,0.0,0.0,0.0,0.0,0.0,0.0,1.0,True,0.0,False,False,False,,False
KLNC0247,Kalyanpur,Residential,Res-B,795.3408386808318,0.3469660197954587,1.179441115656949,22.89181126109016,0.4804171865237439,LT-A,175.17898388081866,175.17898388081866,0.0,0.0,0,0,0.0,0.0,0,middle,31288.997459703784,4,0.9576411828818536,0.9576411828818536,1.8955000000000002,1489.021362986959,1489.021362986959,0.0,8.5,30,1.0,175.17898388081866,175.17898388081866,1464.3639811363066,1464.3639811363066,0.0,1315.0213629869586,1315.0213629869586,8.359244634804895,8.359244634804895,76-200,76-200,0.0,0.0,0.0,0.0,0.0,0.0,0.0,1.0,True,0.0,False,False,False,,False
KLNC0248,Kalyanpur,Residential,Res-B,795.3408386808318,0.38227955790503043,0.8565601934629048,14.70317824672336,0.4267680123143432,LT-A,178.7472748378107,178.7472748378107,0.0,0.0,0,0,0.0,0.0,0,middle,34646.573052841886,5,1.3692822231165809,1.3692822231165809,3.4352,1519.351836121391,1519.351836121391,0.0,8.5,30,1.0,178.7472748378107,178.7472748378107,1564.1117479274606,1564.1117479274606,0.0,1345.351836121391,1345.351836121391,8.750408918662863,8.750408918662863,76-200,76-200,0.0,0.0,0.0,0.0,0.0,0.0,0.0,1.0,True,0.0,False,False,False,,False
KLNC0249,Kalyanpur,Residential,Res-C,795.3408386808318,0.21198318331739452,3.564508250901995,30.174023956388865,0.19141799583412078,LT-A,94.89104219040178,94.89104219040178,0.0,0.0,0,0,0.0,0.0,0,lower-middle,22046.207957978782,4,0.2764818628870274,0.2764818628870274,0.3054,806.5738586184151,806.5738586184151,0.0,8.5,30,1.0,94.89104219040178,94.89104219040178,686.2525515493359,686.2525515493359,0.0,632.5738586184151,632.5738586184151,7.2320056320210835,7.2320056320210835,76-200,76-200,0.0,0.0,0.0,0.0,0.0,0.0,0.0,1.0,True,0.0,False,False,False,,False
KLNC0250,Kalyanpur,Residential,Res-B,795.3408386808318,0.40940673637894265,1.1346211701071973,20.28782366920073,0.4128075909246736,LT-A,298.6742641047004,298.6742641047004,0.0,0.0,0,0,0.0,0.0,0,middle,38889.789221679945,4,1.1737628904878055,1.1737628904878055,2.0103,2717.9358033527733,2717.9358033527733,0.0,9.1,30,1.0,298.6742641047004,298.6742641047004,2633.7868235204123,2633.7868235204123,0.0,2423.9358033527737,2423.9358033527737,8.818258350498981,8.818258350498981,201-300,201-300,0.0,0.0,0.0,0.0,0.0,0.0,0.0,1.0,True,0.0,False,False,False,,False
KLNC0251,Kalyanpur,Residential,Res-C,795.3408386808318,0.19770622691405057,3.417659898802887,21.495962727687356,0.29840708359581986,LT-A,86.61790402035301,86.61790402035301,0.0,0.0,0,0,0.0,0.0,0,lower-middle,13919.273404461564,3,0.5700011608521393,0.5700011608521393,1.7956,736.2521841730008,736.2521841730008,0.0,8.5,30,1.0,86.61790402035301,86.61790402035301,669.5507533816507,669.5507533816507,0.0,562.2521841730006,562.2521841730006,7.729934832229642,7.729934832229642,76-200,76-200,0.0,0.0,0.0,0.0,0.0,0.0,0.0,1.0,True,0.0,False,False,False,,False
KLNC0252,Kalyanpur,Residential,Res-A,795.3408386808318,0.53395834082598,2.484634641915792,18.269918893033505,0.3374176593490568,LT-A,157.91651467087587,157.91651467087587,0.0,0.0,0,0,0.0,0.0,0,upper-middle,115958.0448811267,5,1.427214916084355,1.427214916084355,2.7252,1342.2903747024448,1342.2903747024448,0.0,8.5,30,1.0,157.91651467087587,157.91651467087587,1346.886213437567,1346.886213437567,0.0,1168.2903747024448,1168.2903747024448,8.529102964593037,8.529102964593037,76-200,76-200,0.0,0.0,0.0,0.0,0.0,0.0,0.0,1.0,True,0.0,False,False,False,,False
KLNC0253,Kalyanpur,Residential,Res-B,795.3408386808318,0.4046359911263727,1.8607638832034628,16.056437330047302,0.3150546909503519,LT-A,142.14169168845086,142.14169168845086,0.0,0.0,0,0,0.0,0.0,0,middle,27874.53193059638,5,0.3417874023548698,0.3417874023548698,0.5103,1208.2043793518326,1208.2043793518326,0.0,8.5,30,1.0,142.14169168845086,142.14169168845086,1108.4188283194242,1108.4188283194242,0.0,1034.2043793518324,1034.2043793518324,7.797985342322222,7.797985342322222,76-200,76-200,0.0,0.0,0.0,0.0,0.0,0.0,0.0,1.0,True,0.0,False,False,False,,False
KLNC0254,Kalyanpur,Residential,Res-B,795.3408386808318,0.3028612466421577,1.7297517085284961,22.451576495658593,0.4246099067367523,LT-A,117.48759846089321,117.48759846089321,0.0,0.0,0,0,0.0,0.0,0,middle,41324.95407879781,4,0.8669779394644956,0.8669779394644956,2.9351,998.6445869175925,998.6445869175925,0.0,8.5,30,1.0,117.48759846089321,117.48759846089321,995.3147262634718,995.3147262634718,0.0,824.6445869175923,824.6445869175923,8.471657769009306,8.471657769009306,76-200,76-200,0.0,0.0,0.0,0.0,0.0,0.0,0.0,1.0,True,0.0,False,False,False,,False
KLNC0255,Kalyanpur,Residential,Res-B,795.3408386808318,0.3009210524796804,1.363221440278097,20.153169128054607,0.45030468386516886,LT-A,117.51262573655765,117.51262573655765,0.0,0.0,0,0,0.0,0.0,0,middle,41280.647947782694,5,0.8663511728421129,0.8663511728421129,3.2302000000000004,998.8573187607399,998.8573187607399,0.0,8.5,30,1.0,117.51262573655765,117.51262573655765,1008.5520046987772,1008.5520046987772,0.0,824.8573187607401,824.8573187607401,8.582499100647881,8.582499100647881,76-200,76-200,0.0,0.0,0.0,0.0,0.0,0.0,0.0,1.0,True,0.0,False,False,False,,False
KLNC0256,Kalyanpur,Residential,Res-C,795.3408386808318,0.15415592938309036,3.9044582269133197,27.34511323682446,0.2705306725717164,LT-A,140.93427729664967,140.93427729664967,0.0,0.0,0,0,0.0,0.0,0,lower-middle,23601.35058767828,5,0.3816049172251653,0.3816049172251653,0.41040000000000004,1197.9413570215222,1197.9413570215222,0.0,8.5,30,1.0,140.93427729664967,140.93427729664967,1097.1884248725983,1097.1884248725983,0.0,1023.9413570215222,1023.9413570215222,7.78510697268592,7.78510697268592,76-200,76-200,0.0,0.0,0.0,0.0,0.0,0.0,0.0,1.0,True,0.0,False,False,False,,False
KLNC0257,Kalyanpur,Residential,Res-B,795.3408386808318,0.35953442343751096,0.9877369815428566,22.15149710525824,0.3311980812535487,LT-A,245.7184548559376,245.7184548559376,0.0,0.0,0,0,0.0,0.0,0,middle,50843.23767893313,4,1.8114195724017976,1.8114195724017976,3.0952,2236.037939189032,2236.037939189032,0.0,9.1,30,1.0,245.7184548559376,245.7184548559376,2175.638156148484,2175.638156148484,0.0,1942.0379391890322,1942.0379391890322,8.854191100233152,8.854191100233152,201-300,201-300,0.0,0.0,0.0,0.0,0.0,0.0,0.0,1.0,True,0.0,False,False,False,,False
KLNC0258,Kalyanpur,Residential,Res-C,795.3408386808318,0.14774571682572665,2.6002878267818264,32.17769900089465,0.40388895410325815,LT-A,60.09352342481335,60.09352342481335,0.0,0.0,0,0,0.0,0.0,0,lower-middle,10303.846695106884,3,0.22035072007499384,0.22035072007499384,0.2604,371.37797476534644,371.37797476534644,0.0,6.18,30,1.0,60.09352342481335,60.09352342481335,411.9968735036138,411.9968735036138,0.0,371.3779747653465,371.3779747653465,6.85592806051867,6.85592806051867,1-75,1-75,0.0,0.0,0.0,0.0,0.0,0.0,0.0,1.0,True,0.0,False,False,False,,False
KLNC0259,Kalyanpur,Residential,Res-B,795.3408386808318,0.38874564793222244,1.5270254552477025,24.061070640130993,0.4418611108593322,LT-A,207.80477628572694,207.80477628572694,0.0,0.0,0,0,0.0,0.0,0,middle,54715.33699173671,5,1.6409329233647671,1.6409329233647671,3.3689999999999998,1891.0234642001158,1891.0234642001158,0.0,9.1,30,1.0,207.80477628572694,207.80477628572694,1825.447537410121,1825.447537410121,0.0,1597.023464200115,1597.023464200115,8.784434939551973,8.784434939551973,201-300,201-300,0.0,0.0,0.0,0.0,0.0,0.0,0.0,1.0,True,0.0,False,False,False,,False
KLNC0260,Kalyanpur,Residential,Res-B,795.3408386808318,0.2875546341727119,1.8680225745132433,21.1695885149148,0.4001535226579249,LT-A,134.3248591291122,134.3248591291122,0.0,0.0,0,0,0.0,0.0,0,middle,52512.86197972091,4,0.7731894498853206,0.7731894498853206,3.4504,1141.761302597454,1141.761302597454,0.0,8.5,30,1.0,134.3248591291122,134.3248591291122,1168.3120077273265,1168.3120077273265,0.0,967.7613025974538,967.7613025974538,8.697660398097662,8.697660398097662,76-200,76-200,0.0,0.0,0.0,0.0,0.0,0.0,0.0,1.0,True,0.0,False,False,False,,False
KLNC0261,Kalyanpur,Residential,Res-B,795.3408386808318,0.45267123104582574,1.199478086691174,20.35270537378823,0.4443988903087425,LT-A,141.85940594599458,141.85940594599458,0.0,0.0,0,0,0.0,0.0,0,middle,39137.391429388466,4,0.7581725980423906,0.7581725980423906,1.5301,1205.804950540954,1205.804950540954,0.0,8.5,30,1.0,141.85940594599458,141.85940594599458,1150.8726080680017,1150.8726080680017,0.0,1031.804950540954,1031.804950540954,8.11276912090084,8.11276912090084,76-200,76-200,0.0,0.0,0.0,0.0,0.0,0.0,0.0,1.0,True,0.0,False,False,False,,False
KLNC0262,Kalyanpur,Residential,Res-B,795.3408386808318,0.45262956750614114,1.9733559025757628,20.022456616462588,0.44067656449412806,LT-A,101.0023534634884,101.0023534634884,0.0,0.0,0,0,0.0,0.0,0,middle,49813.34619236553,4,1.0792367397457194,1.0792367397457194,1.6254,858.5200044396513,858.5200044396513,0.0,8.5,30,1.0,101.0023534634884,101.0023534634884,790.426144661634,790.426144661634,0.0,684.5200044396514,684.5200044396514,7.825819078041257,7.825819078041257,76-200,76-200,0.0,0.0,0.0,0.0,0.0,0.0,0.0,1.0,True,0.0,False,False,False,,False
KLNC0263,Kalyanpur,Residential,Res-B,795.3408386808318,0.27847697381454967,1.5608469049992664,17.652525666753995,0.4615967429245916,LT-A,260.6279276337343,260.6279276337343,0.0,0.0,0,0,0.0,0.0,0,middle,34343.19410699662,5,1.0971467119992102,1.0971467119992102,3.7655000000000003,2371.7141414669823,2371.7141414669823,0.0,9.1,30,1.0,260.6279276337343,260.6279276337343,2347.6583985403313,2347.6583985403313,0.0,2077.7141414669823,2077.7141414669823,9.007700824140162,9.007700824140162,201-300,201-300,0.0,0.0,0.0,0.0,0.0,0.0,0.0,1.0,True,0.0,False,False,False,,False
KLNC0264,Kalyanpur,Residential,Res-C,795.3408386808318,0.2989309726233217,3.373830534101598,24.994893836974942,0.3556899824933779,LT-A,75.83752611701682,75.83752611701682,0.0,0.0,0,0,0.0,0.0,0,lower-middle,23410.71744920638,4,0.5166752081035826,0.5166752081035826,0.8956,644.6189719946428,644.6189719946428,0.0,8.5,30,1.0,75.83752611701682,75.83752611701682,533.6458805943752,533.6458805943752,0.0,470.618971994643,470.618971994643,7.036699480030018,7.036699480030018,76-200,76-200,0.0,0.0,0.0,0.0,0.0,0.0,0.0,1.0,True,0.0,False,False,False,,False
KLNC0265,Kalyanpur,Residential,Res-B,795.3408386808318,0.4435718165530562,1.2777379893184222,19.376367464920804,0.4842804882251953,LT-A,192.34778913835174,192.34778913835174,0.0,0.0,0,0,0.0,0.0,0,middle,34139.4870172221,5,0.9525809556546246,0.9525809556546246,3.4953,1634.95620767599,1634.95620767599,0.0,8.5,30,1.0,192.34778913835174,192.34778913835174,1688.1467480597894,1688.1467480597894,0.0,1460.9562076759898,1460.9562076759898,8.776533151860356,8.776533151860356,76-200,76-200,0.0,0.0,0.0,0.0,0.0,0.0,0.0,1.0,True,0.0,False,False,False,,False
KLNC0266,Kalyanpur,Residential,Res-C,795.3408386808318,0.20519198046186177,3.9743850098967064,28.99134367243322,0.29712109987230567,LT-A,61.80692827041264,61.80692827041264,0.0,0.0,0,0,0.0,0.0,0,lower-middle,21709.964100182176,5,0.6261551386186383,0.6261551386186383,0.9557,381.96681671115,381.96681671115,0.0,6.18,30,1.0,61.80692827041264,61.80692827041264,443.21152754670766,443.21152754670766,0.0,381.9668167111501,381.9668167111501,7.1709036502769505,7.1709036502769505,1-75,1-75,0.0,0.0,0.0,0.0,0.0,0.0,0.0,1.0,True,0.0,False,False,False,,False
KLNC0267,Kalyanpur,Residential,Res-B,795.3408386808318,0.4014896207774774,1.2255649966333075,17.052176622413363,0.47493559426546966,LT-A,118.27618665699892,118.27618665699892,0.0,0.0,0,0,0.0,0.0,0,middle,53745.89767752404,4,0.6142801793536089,0.6142801793536089,0.9005000000000001,1005.3475865844907,1005.3475865844907,0.0,8.5,30,1.0,118.27618665699892,118.27618665699892,912.6270159137152,912.6270159137152,0.0,831.3475865844907,831.3475865844907,7.716067297302496,7.716067297302496,76-200,76-200,0.0,0.0,0.0,0.0,0.0,0.0,0.0,1.0,True,0.0,False,False,False,,False
KLNC0268,Kalyanpur,Residential,Res-B,795.3408386808318,0.3424085612238148,1.7043426615914172,21.454001013385806,0.3643676238588289,LT-A,150.41208457589536,150.41208457589536,0.0,0.0,0,0,0.0,0.0,0,middle,49094.213795239804,5,1.0587543259529557,1.0587543259529557,3.445,1278.5027188951103,1278.5027188951103,0.0,8.5,30,1.0,150.41208457589536,150.41208457589536,1311.6523548398661,1311.6523548398661,0.0,1104.5027188951105,1104.5027188951105,8.720392105050767,8.720392105050767,76-200,76-200,0.0,0.0,0.0,0.0,0.0,0.0,0.0,1.0,True,0.0,False,False,False,,False
KLNC0269,Kalyanpur,Residential,Res-B,795.3408386808318,0.2630735525682501,1.7896079435280547,14.838967157096619,0.48245764049585466,LT-A,149.94000924193037,149.94000924193037,0.0,0.0,0,0,0.0,0.0,0,middle,46210.556877362935,5,1.0271333369893678,1.0271333369893678,2.2900000000000005,1274.4900785564078,1274.4900785564078,0.0,8.5,30,1.0,149.94000924193037,149.94000924193037,1256.5035824842287,1256.5035824842287,0.0,1100.4900785564082,1100.4900785564082,8.380042050396582,8.380042050396582,76-200,76-200,0.0,0.0,0.0,0.0,0.0,0.0,0.0,1.0,True,0.0,False,False,False,,False
KLNC0270,Kalyanpur,Residential,Res-C,795.3408386808318,0.13296373207875872,2.6555386762831015,28.4456631676944,0.3565714480117005,LT-A,54.61056419807865,54.61056419807865,0.0,0.0,0,0,0.0,0.0,0,lower-middle,22152.141614089498,3,0.583871044888462,0.583871044888462,1.8705,337.49328674412607,337.49328674412607,0.0,6.18,30,1.0,54.61056419807865,54.61056419807865,436.85700108133227,436.85700108133227,0.0,337.493286744126,337.493286744126,7.999496205474144,7.999496205474144,1-75,1-75,0.0,0.0,0.0,0.0,0.0,0.0,0.0,1.0,True,0.0,False,False,False,,False
KLNC0271,Kalyanpur,Residential,Res-C,795.3408386808318,0.1935336725067369,3.445795202483263,25.941191055504223,0.35146456015511623,LT-A,159.89028564160887,159.89028564160887,0.0,0.0,0,0,0.0,0.0,0,lower-middle,13047.461661552727,3,1.24142326073346,1.24142326073346,2.0345999999999997,1359.0674279536759,1359.0674279536759,0.0,8.5,30,1.0,159.89028564160887,159.89028564160887,1334.046659351359,1334.046659351359,0.0,1185.0674279536754,1185.0674279536754,8.343512890718078,8.343512890718078,76-200,76-200,0.0,0.0,0.0,0.0,0.0,0.0,0.0,1.0,True,0.0,False,False,False,,False
KLNC0272,Kalyanpur,Residential,Res-C,795.3408386808318,0.29915084598278335,3.322220115647796,32.33323041332612,0.2646873776349108,LT-A,86.05211611514554,86.05211611514554,0.0,0.0,0,0,0.0,0.0,0,lower-middle,20732.56395857375,5,0.4478492961763269,0.4478492961763269,1.0357,731.4429869787369,731.4429869787369,0.0,8.5,30,1.0,86.05211611514554,86.05211611514554,630.9895063276739,630.9895063276739,0.0,557.442986978737,557.442986978737,7.3326436909855035,7.3326436909855035,76-200,76-200,0.0,0.0,0.0,0.0,0.0,0.0,0.0,1.0,True,0.0,False,False,False,,False
KLNC0273,Kalyanpur,Commercial,Commercial,41.84160261653365,0.5012084944257533,2.1443364621981007,23.102722161568444,0.2881872373265468,LT-E,1906.5833694300939,1906.5833694300939,0.0,0.0,0,0,0.0,0.0,0,,0.0,0,5.606391425126202,5.606391425126202,5.250000000000001,28833.305490322517,28833.305490322517,0.0,15.36,30,1.0,1906.5833694300939,1906.5833694300939,31245.501582168552,31245.501582168552,0.0,29285.12055444624,29285.12055444624,16.388216787765383,16.388216787765383,flat,flat,0.0,0.0,0.0,0.0,0.0,0.0,0.0,1.0,True,0.0,False,False,False,,False
KLNC0274,Kalyanpur,Commercial,Commercial,41.84160261653365,0.47484619421810514,2.720810384877539,25.232096106990976,0.3537747936432394,LT-E,4835.6216691654845,4835.6216691654845,0.0,0.0,0,0,0.0,0.0,0,,0.0,0,13.613787660471681,13.613787660471681,13.55,74217.60214766278,74217.60214766278,0.0,15.36,30,1.0,4835.6216691654845,4835.6216691654845,79269.38128030094,79269.38128030094,0.0,74275.14883838184,74275.14883838184,16.3928004925954,16.3928004925954,flat,flat,0.0,0.0,0.0,0.0,0.0,0.0,0.0,1.0,True,0.0,False,False,False,,False
KLNC0275,Kalyanpur,Commercial,Commercial,41.84160261653365,0.47048564402294524,2.1665060719196356,19.719810635322272,0.2226179001925967,LT-E,2505.658561359905,2428.057955314073,107.88048764328319,77.60060604583202,180,308,1763.9929879308766,172.1229149467041,30,,0.0,0,6.536715021449578,6.687028991128292,8.15,38589.95701023469,36604.64752668601,172.1229149467041,15.36,30,1.0,2505.658561359905,2428.057955314073,41181.43627761255,39929.89370330536,0.0,38486.91550248814,37294.970193624154,16.435374281507055,16.445197947567266,flat,flat,1251.54257430719,3.0390940371051745,1985.3094835486845,77.60060604583214,3.097014383464748,-0.1503139696787139,-2.299533774770257,0.951807958608052,True,-340.3274986769825,False,False,False,0.709494075583158,True
KLNC0276,Kalyanpur,Commercial,Commercial,41.84160261653365,0.4761460435361753,2.7764581483599278,26.186042658349027,0.28175989338385754,LT-E,5062.212395112361,5062.212395112361,0.0,0.0,0,0,0.0,0.0,0,,0.0,0,11.37814941916381,11.37814941916381,9.65,77541.3175060035,77541.3175060035,0.0,15.36,30,1.0,5062.212395112361,5062.212395112361,82555.28650837216,82555.28650837216,0.0,77755.58238892586,77755.58238892586,16.30814356744108,16.30814356744108,flat,flat,0.0,0.0,0.0,0.0,0.0,0.0,0.0,1.0,True,0.0,False,False,False,,False
KLNC0277,Kalyanpur,Commercial,Commercial,41.84160261653365,0.6037017406534354,3.5202378439975233,28.415542495627886,0.32741938867091636,LT-E,6248.231154966409,5527.856227434125,49.33037204886831,720.3749275322824,84,599,20643.49900862333,1505.8745108410742,30,,0.0,0,14.051716087072679,14.19458632734132,14.65,95270.19009881547,81508.24125581201,1505.8745108410742,15.36,30,1.0,6248.231154966409,5527.856227434125,102155.89706729824,90537.69023605756,0.0,95972.83054028403,84907.87165338815,16.349570707879394,16.378445189426103,flat,flat,11618.206831240677,11.373016306231287,13761.948843003454,720.3749275322843,11.52926179691182,-0.1428702402686408,-1.0167458507084328,0.8815493444470992,True,-7519.417666541578,False,False,False,0.5628022084040815,True
KLNC0278,Kalyanpur,Commercial,Commercial,41.84160261653365,0.6219141140790558,3.079304407576242,28.027948020183107,0.3415912511738482,LT-E,5064.133853554161,4340.740411422368,0.0,723.3934421317932,0,550,20275.233794211243,1220.1738496746393,30,,0.0,0,12.229069045477239,12.229069045477239,11.8,77970.70914520054,64553.73187989723,1220.1738496746393,15.36,30,1.0,5064.133853554161,4340.740411422368,82789.4507901215,71122.56135541995,0.0,77785.0959905919,66673.77271944757,16.34819560150792,16.384891657714817,flat,flat,11666.889434701545,14.092241612132602,13416.977265303314,723.3934421317927,14.28464300216104,0.0,0.0,0.8571535699783894,True,-7388.170509835058,False,True,False,0.5754256425902494,True
KLNC0279,Kalyanpur,Commercial,Commercial,41.84160261653365,0.5587819108376828,2.9763470623437294,26.64966255794008,0.3221504158582637,LT-E,757.5065025302866,719.7372093300913,41.774255654243724,37.76929320019474,60,290,1130.8736019351952,77.4757049063328,30,,0.0,0,2.6689107779100163,2.7352191202183396,2.85,11514.455312108601,10621.5096385775,77.4757049063328,15.36,30,1.0,757.5065025302866,719.7372093300913,12486.389872808462,11877.246712075714,0.0,11635.299878865202,11055.163535310203,16.48354150241665,16.50219907781436,flat,flat,609.1431607327486,4.878456999482902,892.9456735311014,37.76929320019531,4.98600250612175,-0.06630834230832328,-2.484472049689437,0.9280811514093715,True,-444.25473629611383,False,False,False,0.5386483155061352,True
KLNC0280,Kalyanpur,Commercial,Commercial,41.84160261653365,0.6121447644736214,2.1810007638341204,25.949485617142333,0.43637347206647276,LT-E,3351.05709256288,2848.3985286784477,0.0,502.65856388443206,0,371,13043.731173852486,807.4803158035892,30,,0.0,0,10.984209803670606,10.984209803670606,11.55,52124.639039740076,42194.03252653886,807.4803158035892,15.36,30,1.0,3351.05709256288,2848.3985286784477,55137.323788854126,47030.446470526,0.0,51472.236941765834,43751.40140050095,16.453710654832573,16.51118900568538,flat,flat,8106.877318328123,14.70306638271571,9930.606513201215,502.65856388443217,15.000000000000005,0.0,0.0,0.85,True,-4129.373539720775,False,True,False,0.6215152098947885,True
KLNC0281,Kalyanpur,Commercial,Commercial,41.84160261653365,0.6947987000324164,2.5813765230937813,28.3956435128531,0.3710478980902071,LT-E,2445.0995738242486,2078.3346377506114,0.0,366.76493607363733,0,400,10414.52637776136,589.2233142364589,30,,0.0,0,7.343054059939589,7.343054059939589,9.25,37455.70664868307,30526.243440385388,589.2233142364589,15.36,30,1.0,2445.0995738242486,2078.3346377506114,40308.690926637486,34393.50603764186,0.0,37556.72945394046,31923.22003584939,16.48550077802878,16.548589150622092,flat,flat,5915.184888995624,14.674713450162304,6929.463208297686,366.7649360736373,15.0,0.0,0.0,0.85,True,-3910.118174529278,False,True,False,0.56797444976726,True
KLNC0282,Kalyanpur,Commercial,Commercial,41.84160261653365,0.5278591433295006,3.024292192799971,28.873392507234783,0.4030570506069352,LT-E,6556.291139208728,6545.610623067619,46.509079784948774,10.680516141110923,60,30,449.03978161008376,21.08043946193313,30,,0.0,0,20.18026802671558,20.254091962882168,17.05,100479.3358644255,100077.69457460857,21.08043946193313,15.36,30,1.0,6556.291139208728,6545.610623067619,107351.08849315837,107178.83312883455,0.0,100704.63189824607,100540.57917031863,16.37375250942783,16.374153505422676,flat,flat,172.2553643238207,0.16045982089394348,401.6412898169365,10.680516141109365,0.1629048484018113,-0.07382393616658689,-0.36582237693203734,0.9955334277515588,True,-255.70397782432994,False,False,False,0.3836082489310396,True
KLNC0283,Kalyanpur,Commercial,Commercial,41.84160261653365,0.46627664814315367,2.8053527750693874,25.710981882905187,0.33056496989877127,LT-E,5286.21005259497,5286.21005259497,0.0,0.0,0,0,0.0,0.0,0,,0.0,0,16.83900960308621,16.83900960308621,14.3,82828.56294623415,82828.56294623415,0.0,15.36,30,1.0,5286.21005259497,5286.21005259497,86607.34572825168,86607.34572825168,0.0,81196.18640785874,81196.18640785874,16.383636833677585,16.383636833677585,flat,flat,0.0,0.0,0.0,0.0,0.0,0.0,0.0,1.0,True,0.0,False,False,False,,False
KLNC0284,Kalyanpur,Commercial,Commercial,41.84160261653365,0.5674427116274638,2.801442348807359,24.502284486424983,0.2166632109640127,LT-E,5257.89125884674,4838.432300046258,0.0,419.45895880048363,0,507,10277.702738909069,1258.3768764014512,16,,0.0,0,12.647267113483846,12.641932534968475,11.950000000000001,80317.55120815887,72482.32433486676,1258.3768764014512,15.36,30,1.0,5257.89125884674,4838.432300046258,85928.54522268023,79163.51113514605,0.0,80761.20973588593,74318.32012871052,16.34277716909796,16.361396879396082,flat,flat,6765.034087534179,7.87286002573752,7835.2268732921075,419.4589588004819,7.977703192220175,0.005334578515370225,0.04217969358520767,0.9202229680777979,True,-2254.291774973439,False,True,False,0.6582243385891365,True
KLNC0285,Kalyanpur,Commercial,Commercial,41.84160261653365,0.49238287019574395,2.1532127220967006,26.578542684988925,0.3044376984751405,LT-E,1470.1014728360824,1470.1014728360824,0.0,0.0,0,0,0.0,0.0,0,,0.0,0,7.670311782947254,7.670311782947254,10.15,23054.732020505005,23054.732020505005,0.0,15.36,30,1.0,1470.1014728360824,1470.1014728360824,24668.971553900334,24668.971553900334,0.0,22580.758622762223,22580.758622762223,16.780454961594984,16.780454961594984,flat,flat,0.0,0.0,0.0,0.0,0.0,0.0,0.0,1.0,True,0.0,False,False,False,,False
KLNC0286,Kalyanpur,Commercial,Commercial,41.84160261653365,0.5064741866219781,2.920290727842117,26.730863940200422,0.35029248624246523,LT-E,2942.977040545454,2935.1114332940683,40.28740411685434,7.8656072513860895,60,30,327.9054099351333,15.419666194720627,30,,0.0,0,7.178079346075224,7.2420276065781675,7.300000000000001,44818.687658331975,44499.16538370502,15.419666194720627,15.36,30,1.0,2942.977040545454,2935.1114332940683,48154.18370991709,48027.327196166734,0.0,45204.12734277818,45083.31161539689,16.3624054984106,16.363033665902687,flat,flat,126.85651375035377,0.26343819784080025,319.52227462695737,7.865607251385882,0.26726702733392926,-0.06394826050294355,-0.8908826082830736,0.9918515949775526,True,-185.62922999005892,False,False,False,0.3868692309024383,True
KLNC0287,Kalyanpur,Commercial,Commercial,41.84160261653365,0.47955190684206445,2.851770115716595,32.32371749370286,0.32986583398328,LT-E,5204.246574731048,5204.246574731048,0.0,0.0,0,0,0.0,0.0,0,,0.0,0,17.006497944517307,17.006497944517307,16.25,78650.22320101208,78650.22320101208,0.0,15.36,30,1.0,5204.246574731048,5204.246574731048,85469.71375726235,85469.71375726235,0.0,79937.2273878689,79937.2273878689,16.4230715301339,16.4230715301339,flat,flat,0.0,0.0,0.0,0.0,0.0,0.0,0.0,1.0,True,0.0,False,False,False,,False
KLNC0288,Kalyanpur,Commercial,Commercial,41.84160261653365,0.5768442080828117,2.0175549347711645,24.538852326013345,0.2865266163297989,LT-E,2534.8638322160646,2238.2052414953414,53.61841011715982,296.6585907207222,84,700,7387.839436865495,609.8383923453573,30,,0.0,0,7.576435448968546,7.636140198397999,9.15,38518.97757770904,33041.21466677874,609.8383923453573,15.36,30,1.0,2534.8638322160646,2238.2052414953414,41746.95888598068,36962.44913483686,0.0,38935.50846283875,34378.83250936844,16.469112997475712,16.51432516087859,flat,flat,4784.509751143822,11.460738407823376,5477.762910930302,296.65859072072317,11.703137144900367,-0.0597047494294527,-0.788032179929427,0.8745076754322195,True,-1993.4912933763162,False,False,False,0.6476196176204105,True
KLNC0289,Kalyanpur,Commercial,Commercial,41.84160261653365,0.5268150291363808,2.5434506681347773,30.193056933656216,0.278676276202891,LT-E,3731.709536658177,3722.2527196082565,38.50452499307509,9.456817049920305,60,49,383.4645754192636,18.037747491464394,30,,0.0,0,11.947430211579368,11.746092654918662,12.650000000000002,57403.91850876845,57059.490836983074,18.037747491464394,15.36,30,1.0,3731.709536658177,3722.2527196082565,61380.436407223075,61227.91686184196,0.0,57319.058483069595,57173.801773182815,16.44834245652209,16.44915632388491,flat,flat,152.5195453811175,0.24848234113104062,344.42767178537906,9.456817049920573,0.25341782250258815,0.20133755666070563,1.6851955030929633,0.9933385418122838,True,-212.90728254668173,False,False,False,0.39774090009320734,True
KLNC0290,Kalyanpur,Commercial,Commercial,41.84160261653365,0.587755256124807,2.8511483457026072,20.93501887520453,0.31322121954073856,LT-E,3995.902199877191,3396.5168698956127,0.0,599.3853299815787,0,460,12548.143196685045,963.3315719891065,30,,0.0,0,12.724630238857042,12.718731547253315,12.5,61738.392545084076,50553.48750571936,963.3315719891065,15.36,30,1.0,3995.902199877191,3396.5168698956127,65627.16067961934,55960.27407767644,0.0,61377.05779011365,52170.49912159661,16.423615343147365,16.475782756643955,flat,flat,9666.886601942897,14.730008889360606,11184.90503936472,599.3853299815783,14.999999999999991,0.005898691603727357,0.04635648732420214,0.85,True,-1917.925022753041,False,True,False,0.7703838289394629,True
KLNC0291,Kalyanpur,Commercial,Commercial,41.84160261653365,0.6719364153951406,2.2370798124924667,29.7684947823157,0.363600414057694,LT-E,6928.777360354113,5889.460756300995,0.0,1039.316604053117,0,527,30938.890904929292,1670.3614676457012,30,,0.0,0,15.761496740161778,15.761496740161778,15.85,105508.59558668728,86234.00326218341,1670.3614676457012,15.36,30,1.0,6928.777360354113,5889.460756300995,113245.14626779113,96483.04807762244,0.0,106426.02025503917,90462.11721678328,16.344174502672065,16.382322944320073,flat,flat,16762.09819016869,14.801604079817519,19274.592324503872,1039.3166040531178,15.000000000000012,0.0,0.0,0.85,True,-12506.431247114902,False,True,False,0.5417808363485355,True
KLNC0292,Kalyanpur,Commercial,Commercial,41.84160261653365,0.650507324310981,2.3185226823354608,29.624790067196308,0.3781374829101042,LT-E,7971.366382124463,6775.661424805792,0.0,1195.7049573186694,0,441,35422.50834287149,1921.8129742163912,30,,0.0,0,21.166646261627502,21.166646261627502,18.1,122844.05959329753,99903.22167942238,1921.8129742163912,15.36,30,1.0,7971.366382124463,6775.661424805792,130272.64701090334,110988.31745926781,0.0,122440.18762943175,104074.15948501696,16.342574254651705,16.380440299590237,flat,flat,19284.32955163553,14.803053437627241,22940.837913875148,1195.7049573186705,15.000000000000014,0.0,0.0,0.85,True,-14216.365817019574,False,True,False,0.5444089211575089,True
KLNC0293,Kalyanpur,Commercial,Commercial,41.84160261653365,0.5010613650634076,1.4844864754477742,20.859729913421106,0.28668541257781915,LT-E,5512.036655719837,5160.482347232277,20.155034340033747,351.5543084875597,30,252,7363.247800839983,1024.8517987898297,30,,0.0,0,15.672266985878688,15.584960283726103,14.950000000000001,85289.93700828863,77957.8833665434,1024.8517987898297,15.36,30,1.0,5512.036655719837,5160.482347232277,90310.90218344952,84641.03429616216,0.0,84664.88303185669,79265.00885348777,16.384307257778115,16.4017680133249,flat,flat,5669.867887287357,6.27816548191501,7332.053641745224,351.55430848755987,6.377938508858649,0.08730670215258485,0.5570776852592642,0.9347579951504132,True,-668.5281147627966,False,False,False,0.7700226911608966,True
KLNC0294,Kalyanpur,Commercial,Commercial,41.84160261653365,0.42063225877706556,3.000837817548257,22.347047611540003,0.3192170637376128,LT-E,5638.249760857307,5638.249760857307,0.0,0.0,0,0,0.0,0.0,0,,0.0,0,16.965856732622285,16.965856732622285,15.05,88564.76194221844,88564.76194221844,0.0,15.36,30,1.0,5638.249760857307,5638.249760857307,92355.91714310664,92355.91714310664,0.0,86603.51632676822,86603.51632676822,16.380245831653923,16.380245831653923,flat,flat,0.0,0.0,0.0,0.0,0.0,0.0,0.0,1.0,True,0.0,False,False,False,,False
KLNC0295,Kalyanpur,Commercial,Commercial,41.84160261653365,0.460293172514028,2.44277743147754,25.964902218650835,0.31277205439097316,LT-E,3113.6538674545527,3113.6538674545527,0.0,0.0,0,0,0.0,0.0,0,,0.0,0,13.265439209390737,13.265439209390737,10.950000000000001,48280.07530034874,48280.07530034874,0.0,15.36,30,1.0,3113.6538674545527,3113.6538674545527,51251.78457430702,51251.78457430702,0.0,47825.723404101926,47825.723404101926,16.46033462807667,16.46033462807667,flat,flat,0.0,0.0,0.0,0.0,0.0,0.0,0.0,1.0,True,0.0,False,False,False,,False
KLNC0296,Kalyanpur,Commercial,Commercial,41.84160261653365,0.5958264844843056,2.592489236993659,27.218195293246552,0.13498351076113876,LT-E,3072.9204115002635,2873.662874794269,108.88062503579872,199.25753670599542,150,716,5705.702396237477,398.0071417189077,30,,0.0,0,10.392549969579377,9.69269530614957,10.350000000000001,47472.91992819159,43464.577108908976,398.0071417189077,15.36,30,1.0,3072.9204115002635,2873.662874794269,50538.13539667625,47324.50984468197,0.0,47200.05752064405,44139.46175683997,16.446288425674677,16.468358296228473,flat,flat,3213.625551994279,6.358813056260145,4008.3428192826177,199.25753670599443,6.484305156758445,0.6998546634298073,6.734195798705723,0.9209840301064712,True,-2094.0697025242903,False,False,False,0.5632304892231054,True
KLNC0297,Kalyanpur,Commercial,Commercial,41.84160261653365,0.4162860720427436,3.5694096588002733,30.25640108235271,0.24224357604325236,LT-E,852.4904472715355,852.4904472715355,0.0,0.0,0,0,0.0,0.0,0,,0.0,0,3.699169593683191,3.699169593683191,5.3,13196.915314959844,13196.915314959844,0.0,15.36,30,1.0,852.4904472715355,852.4904472715355,14249.815933595324,14249.815933595324,0.0,13094.253270090785,13094.253270090785,16.71551391479284,16.71551391479284,flat,flat,0.0,0.0,0.0,0.0,0.0,0.0,0.0,1.0,True,0.0,False,False,False,,False
KLNC0298,Kalyanpur,Commercial,Commercial,41.84160261653365,0.49558776652418485,2.3760827792397854,23.345780331058265,0.265028849435301,LT-E,3947.573506870597,3937.867469402171,20.025503206027647,9.706037468426633,30,30,274.17727193636244,21.062590981371258,30,,0.0,0,10.496890123847564,10.447084146536369,11.350000000000001,60764.49993730862,60485.44064761774,21.062590981371258,15.36,30,1.0,3947.573506870597,3937.867469402171,64739.040518808986,64582.501546518215,0.0,60634.72906553237,60485.64433001735,16.399704883552698,16.40037458048908,flat,flat,156.5389722907712,0.24179995723799935,279.05928969087836,9.706037468426075,0.24587350815717798,0.04980597731119474,0.4744831728593792,0.9955121193512918,True,-96.57570866421997,False,False,False,0.5709407318309903,True
KLNC0299,Kalyanpur,Commercial,Commercial,41.84160261653365,0.7393793349908486,3.2202416992126297,23.445967914315606,0.18831240191585086,LT-E,6517.031022873327,5539.476369442327,0.0,977.554653430999,0,896,22919.715038833114,1569.9364971352393,30,,0.0,0,18.354419422139486,17.48064022532917,17.85,99675.45159411123,83073.46358981299,1569.9364971352393,15.36,30,1.0,6517.031022873327,5539.476369442327,106793.50133690101,91027.49988636585,0.0,100101.5965113343,85086.35703463414,16.386833354341817,16.432509828637436,flat,flat,15766.001450535157,14.763071959592576,16601.98800429824,977.5546534309997,15.000000000000009,0.8737791968103146,4.760592948836855,0.85,True,-5583.777091162716,False,True,False,0.6878794707448437,True
KLNC0300,Kalyanpur,Commercial,Commercial,41.84160261653365,0.3954788516848634,3.0637757735942,31.54437258045566,0.35808060323932034,LT-E,4914.108201582147,4914.108201582147,0.0,0.0,0,0,0.0,0.0,0,,0.0,0,17.693804334227476,17.693804334227476,15.750000000000002,75638.28070535585,75638.28070535585,0.0,15.36,30,1.0,4914.108201582147,4914.108201582147,80743.11207511686,80743.11207511686,0.0,75480.70197630177,75480.70197630177,16.430877946301795,16.430877946301795,flat,flat,0.0,0.0,0.0,0.0,0.0,0.0,0.0,1.0,True,0.0,False,False,False,,False
KLNC0301,Kalyanpur,Commercial,Commercial,41.84160261653365,0.6634695580029075,2.5464967917523404,24.610482942403497,0.3278862943176203,LT-E,3990.9292996330933,3392.28990468813,0.0,598.6393949449641,0,618,14732.804617943792,961.6505111827494,30,,0.0,0,12.43738914894018,12.43738914894018,11.85,61330.70895631508,50437.0143025198,961.6505111827494,15.36,30,1.0,3990.9292996330933,3392.28990468813,65485.53274448253,55830.676582810156,0.0,61300.67404236431,52105.572936009674,16.40859254272005,16.458108873788294,flat,flat,9654.856161672375,14.743494871370414,10893.694653795283,598.6393949449634,14.999999999999986,0.0,0.0,0.85,True,-4116.297945088667,False,True,False,0.6553304962663565,True
KLNC0302,Kalyanpur,Commercial,Commercial,41.84160261653365,0.475754613331504,2.7649914705355725,25.33418632487061,0.27740025185061873,LT-E,5878.663035041188,5876.5507640991045,17.796585537279558,2.112270942083095,30,30,102.72007283057786,3.9648987869570727,30,,0.0,0,16.480517051251113,16.508765599722985,17.15,90426.69225820832,90313.50255328335,3.9648987869570727,15.36,30,1.0,5878.663035041188,5876.5507640991045,96431.75242914427,96397.68572339036,0.0,90296.26421823264,90263.81973656225,16.403687684485327,16.403786777832497,flat,flat,34.066705753910355,0.03532727021521438,113.18970492496737,2.1122709420833417,0.035931145049352915,-0.02824854847187197,-0.1714057173329249,0.9984297611375288,True,-64.68846828971044,False,False,False,0.3316460436130973,True
KLNC0303,Kalyanpur,Commercial,Commercial,41.84160261653365,0.5156552506546577,3.2048138142794933,23.42180872014198,0.27782009185692863,LT-E,7775.044281718413,7750.581580932733,24.326323546615363,24.462700785682024,30,32,650.9220363331369,64.4196297158726,30,,0.0,0,23.947212359769477,23.985825571748233,20.3,118968.42562973266,118357.02747150409,64.4196297158726,15.36,30,1.0,7775.044281718413,7750.581580932733,127314.26417555456,126919.72973728311,0.0,119424.68016719482,119048.93308312677,16.374731713735784,16.37551045840474,flat,flat,394.53443827145384,0.3098902081603578,611.3981582285778,24.462700785679772,0.3146310155840439,-0.03861321197875611,-0.16124303488294542,0.9956021819342268,True,-191.9679683458105,False,False,False,0.6061162723787924,True
KLNC0304,Kalyanpur,Commercial,Commercial,41.84160261653365,0.30784625005834465,2.4274031444524407,25.434829516993545,0.41324805828634237,LT-E,5222.188403001623,5222.188403001623,0.0,0.0,0,0,0.0,0.0,0,,0.0,0,17.39156811058918,17.39156811058918,18.15,80818.53898852441,80818.53898852441,0.0,15.36,30,1.0,5222.188403001623,5222.188403001623,85938.62956361016,85938.62956361016,0.0,80212.81387010492,80212.81387010492,16.456439892941077,16.456439892941077,flat,flat,0.0,0.0,0.0,0.0,0.0,0.0,0.0,1.0,True,0.0,False,False,False,,False
KLNC0305,Kalyanpur,Commercial,Commercial,41.84160261653365,0.544500493761359,2.2425813367950345,31.557237070778317,0.30527696190372766,LT-E,1776.0828829846785,1740.0264891800919,104.77678255677834,36.056393804585774,180,132,1372.8106242999183,69.98891716829681,30,,0.0,0,5.238839127838916,5.405151481103643,6.55,27194.084666205206,26045.66594355511,69.98891716829681,15.36,30,1.0,1776.0828829846785,1740.0264891800919,29263.639736776895,28682.122217496522,0.0,27280.63308264466,26726.80687380621,16.47650569527466,16.483727343146175,flat,flat,581.5175192803727,1.987167435462767,1148.418722650098,36.056393804586605,2.030107612094905,-0.16631235326472726,-3.1746031746031704,0.9561016506750661,True,-721.3041878512489,False,False,False,0.42359631327658515,True
KLNC0306,Kalyanpur,Commercial,Commercial,41.84160261653365,0.39521177380977335,1.8171055138778023,30.060323092789105,0.3235259938130926,LT-E,5240.719682262334,5240.719682262333,77.84265257598733,0.0,150,0,141.44831321070066,0.0,30,,0.0,0,19.275764010069935,19.399323776063564,22.0,81855.59998697272,81548.14375005547,0.0,15.36,30,1.0,5240.719682262334,5240.719682262333,86601.32703552692,86601.3270355269,0.0,80497.45431954945,80497.45431954943,16.524701240678176,16.524701240678176,flat,flat,1.4551915228366852e-11,1.680333977145309e-14,307.45623691724904,9.094947017729282e-13,1.735438559805424e-14,-0.12355976599362961,-0.641010991466176,0.9940586287918087,True,-141.4483132106861,False,False,False,1.0287796933067979e-13,True
KLNC0307,Kalyanpur,Commercial,Commercial,41.84160261653365,0.6507709218809288,2.6794854810589954,22.74107766854527,0.24442848218438568,LT-E,2501.664195924184,2126.414566535556,0.0,375.24962938862757,0,888,8533.580967019609,601.4313823186965,30,,0.0,0,7.526662656417871,7.5260659263851775,7.1000000000000005,37795.59223632196,31424.318119681415,601.4313823186965,15.36,30,1.0,2501.664195924184,2126.414566535556,41017.790151865236,34965.764129085444,0.0,38425.56204939546,32661.72774198614,16.396201464086644,16.44353113421958,flat,flat,6052.026022779792,14.75463695233855,6371.274116640543,375.2496293886279,15.000000000000014,0.0005967300326936709,0.00792821546459038,0.85,True,-1880.1235619211202,False,True,False,0.7092012188282417,True
KLNC0308,Kalyanpur,Commercial,Commercial,41.84160261653365,0.38631315777924935,2.80840278788873,28.802085848764797,0.11735472242801101,LT-E,3301.1243089566246,3301.1243089566246,0.0,0.0,0,0,0.0,0.0,0,,0.0,0,10.136238678212756,10.136238678212756,8.35,50807.35613210683,50807.35613210683,0.0,15.36,30,1.0,3301.1243089566246,3301.1243089566246,54029.60785485244,54029.60785485244,0.0,50705.26938557375,50705.26938557375,16.367032198169294,16.367032198169294,flat,flat,0.0,0.0,0.0,0.0,0.0,0.0,0.0,1.0,True,0.0,False,False,False,,False
KLNC0309,Kalyanpur,Commercial,Commercial,41.84160261653365,0.4452184526169219,2.8356535310069253,29.905417255537984,0.2789936366319991,LT-E,3563.323599787192,3563.323599787192,0.0,0.0,0,0,0.0,0.0,0,,0.0,0,8.888068728678046,8.888068728678046,9.450000000000001,54710.415084041764,54710.415084041764,0.0,15.36,30,1.0,3563.323599787192,3563.323599787192,58362.30801736783,58362.30801736783,0.0,54732.65049273127,54732.65049273127,16.37861574538258,16.37861574538258,flat,flat,0.0,0.0,0.0,0.0,0.0,0.0,0.0,1.0,True,0.0,False,False,False,,False
KLNC0310,Kalyanpur,Commercial,Commercial,41.84160261653365,0.5284975998313183,2.100481701596606,23.02689166658585,0.2636237451040669,LT-E,3255.7397015163297,3023.326272497186,154.13549597571458,232.41342901914368,180,440,5675.517640747069,485.1118890947633,30,,0.0,0,15.647593658603768,15.29417213015607,13.950000000000001,50068.39994121359,45004.95179941304,485.1118890947633,15.36,30,1.0,3255.7397015163297,3023.326272497186,53826.84490605536,50078.481122834615,0.0,50008.16181529082,46438.29154555678,16.532907984316445,16.564034645678895,flat,flat,3748.363783220746,6.963744187055381,5063.448141800553,232.41342901914368,7.138575264813072,0.35342152844769714,2.2586318136742367,0.9096771688251151,True,-1442.0419684315593,False,False,False,0.6604443894790447,True
KLNC0311,Kalyanpur,Commercial,Commercial,41.84160261653365,0.5130308819414163,3.1158229058150235,24.413051240429972,0.27919829554078357,LT-E,2655.417379575036,2643.1602569492698,30.518783128282127,12.257122625766337,60,30,394.32488625176967,27.829581592749054,30,,0.0,0,6.8544810131021245,6.90292352600416,9.100000000000001,40730.54375343862,40356.25041390336,27.829581592749054,15.36,30,1.0,2655.417379575036,2643.1602569492698,43686.52149778618,43488.83862407782,0.0,40787.21095027256,40598.94154674078,16.451847394618476,16.4533491715983,flat,flat,197.68287370836333,0.45250312208625015,374.2933395352593,12.257122625766442,0.4615893049448983,-0.04844251290203516,-0.7067276546457539,0.9907868962275925,True,-168.81243095065727,False,False,False,0.5013198015155103,True
KLNC0312,Kalyanpur,Commercial,Commercial,41.84160261653365,0.6847025199727446,1.8706930127381827,17.23508330230406,0.25735938599621083,LT-E,2007.4347267681924,1706.319517752964,0.0,301.1152090152286,0,1138,5189.7457109681645,481.78433442436585,30,,0.0,0,4.733335274337908,4.323974846386735,6.25,30547.225664951795,25448.69579750016,481.78433442436585,15.36,30,1.0,2007.4347267681924,1706.319517752964,32966.5322733174,28110.1461823198,0.0,30834.197403159433,26209.067792685524,16.422218781873347,16.474139743380412,flat,flat,4856.386090997603,14.731261543478402,5098.529867451634,301.1152090152284,14.999999999999977,0.40936042795117356,8.648456198962883,0.8500000000000001,True,148.42471445380397,True,True,True,0.9357657121299741,True
KLNC0313,Kalyanpur,Commercial,Commercial,41.84160261653365,0.7573239288527975,3.216653718689649,24.287391846572902,0.3496238586745406,LT-E,770.3264599429983,654.7774909515485,0.0,115.54896899144977,0,540,2806.3830873628417,184.87835038631962,30,,0.0,0,2.902524571676113,2.6176141842723233,3.1,11773.955948708119,9712.880289066576,184.87835038631962,15.36,30,1.0,770.3264599429983,654.7774909515485,12716.775145960677,10853.201374066575,0.0,11832.214424724454,10057.382261015786,16.508293310996585,16.575403895290098,flat,flat,1863.5737718941018,14.654452488971172,2061.075659641543,115.54896899144978,15.000000000000004,0.28491038740378993,9.815950920245388,0.85,True,-757.9309650824202,False,True,False,0.6640482478268147,True
KLNC0314,Kalyanpur,Commercial,Commercial,41.84160261653365,0.5495779125734669,2.7378869197974147,23.543368253764243,0.39017845917453664,LT-E,4259.77967495704,3902.0046227856383,8.046143826053754,357.7750521714017,14,231,8445.259237217188,1025.6481517909442,30,,0.0,0,14.310217527871039,13.845727715527364,15.95,65876.30797046676,58417.343514780776,1025.6481517909442,15.36,30,1.0,4259.77967495704,3902.0046227856383,70209.00159770715,64438.805556286774,0.0,65430.21580734013,59934.791005987405,16.481838722894796,16.51428221791392,flat,flat,5770.196041420371,8.21859862711509,7458.964455685986,357.7750521714015,8.398909790446139,0.46448981234367537,3.245861297628915,0.9152553565565656,True,-1649.415044005872,False,False,False,0.6832467635797191,True
KLNC0315,Kalyanpur,Commercial,Commercial,41.84160261653365,0.6286606158847438,2.0211845160466693,26.867181794803212,0.38509973516713836,LT-E,1692.5215169791002,1444.7342830835034,15.22748412817117,247.78723389559667,42,939,6688.122214642624,406.2051640749842,30,,0.0,0,4.840206691592432,4.892000855293695,5.95,25813.209829287254,21518.64376688786,406.2051640749842,15.36,30,1.0,1692.5215169791002,1444.7342830835034,27859.262025838925,23862.94951757074,0.0,25997.130500798976,22191.11858816261,16.460211433863233,16.51718921395008,flat,flat,3996.3125082681836,14.344645972896487,4294.566062399394,247.78723389559673,14.640123118662633,-0.05179416370126244,-1.070081651497038,0.85,True,-2285.6045422994566,False,True,False,0.5975238460085054,True
KLNC0316,Kalyanpur,Commercial,Commercial,41.84160261653365,0.42567518102853596,1.9391669969950946,19.6347134549405,0.3378919272159905,LT-E,5506.784544679387,5501.082432922623,26.184596836195453,5.702111756764333,60,30,162.7356364464875,11.04139808888815,30,,0.0,0,17.611928395205528,17.65349124732647,18.85,84994.72123021666,84775.15683203751,11.04139808888815,15.36,30,1.0,5506.784544679387,5501.082432922623,90594.74613658915,90502.78247817606,0.0,84584.21060627539,84496.62616969149,16.45147824498075,16.45181354428343,flat,flat,91.96365841309307,0.10151102832656544,219.56439817915088,5.70211175676377,0.10354702840649734,-0.04156285212094346,-0.23599262493173695,0.9970625416048152,True,-59.730579944506275,False,False,False,0.5651107552176107,True
KLNC0317,Kalyanpur,Commercial,Commercial,41.84160261653365,0.47394895826091216,2.525683788401058,28.096780403821942,0.2230137844428745,LT-E,3008.4709803044952,3008.4709803044952,0.0,0.0,0,0,0.0,0.0,0,,0.0,0,7.738476113778251,7.738476113778251,8.25,46558.37319110728,46558.37319110728,0.0,15.36,30,1.0,3008.4709803044952,3008.4709803044952,49300.2449703509,49300.2449703509,0.0,46210.11425747704,46210.11425747704,16.387143267495002,16.387143267495002,flat,flat,0.0,0.0,0.0,0.0,0.0,0.0,0.0,1.0,True,0.0,False,False,False,,False
KLNC0318,Kalyanpur,Commercial,Commercial,41.84160261653365,0.3983713334562372,2.1207360734244536,25.18196299340167,0.36920121268935646,LT-E,2413.1937194173665,2412.6894220778477,16.614770870384397,0.5042973395181054,30,21,47.93474087792183,1.1962795555104353,30,,0.0,0,7.284859104465456,7.3112317566406695,8.85,37013.729844896945,36937.61475891881,1.1962795555104353,15.36,30,1.0,2413.1937194173665,2412.6894220778477,39756.31330676329,39748.179999271524,0.0,37066.65553025075,37058.90952311574,16.47456355735996,16.474635995643293,flat,flat,8.133307491763844,0.02045790168974299,76.11508597813372,0.504297339518871,0.02089750754202306,-0.026372652175213673,-0.36202007200177455,0.9970370361773533,True,-38.60515383064755,False,False,False,0.16967458971933128,True
KLNC0319,Kalyanpur,Commercial,Commercial,41.84160261653365,0.5023288116838692,1.9087348163592903,24.310248271120358,0.3488275017952898,LT-E,2629.3439609611464,2614.985503300905,24.593396220388193,14.35845766024318,30,30,395.99994212925554,30.53622654314718,30,,0.0,0,7.977672662848143,8.016709799705902,6.3500000000000005,40689.74244339605,40297.41423687341,30.53622654314718,15.36,30,1.0,2629.3439609611464,2614.985503300905,43006.134402381365,42774.56119723699,0.0,40386.72324036321,40166.177330701896,16.356222328044385,16.357475459516895,flat,flat,231.57320514437743,0.5384655197737432,392.32820652263763,14.358457660241584,0.5460851784105456,-0.039037136857759336,-0.4893298899007787,0.9907977744609899,True,-133.89051044173095,False,False,False,0.5847809065305147,True
KLNC0320,Kalyanpur,Commercial,Commercial,41.84160261653365,0.4949986299900036,2.1397181912805507,27.616830136751304,0.23601365912446365,LT-E,2464.0581343860827,2464.0581343860827,0.0,0.0,0,0,0.0,0.0,0,,0.0,0,8.077817835790157,8.077817835790157,7.1,38249.29671915302,38249.29671915302,0.0,15.36,30,1.0,2464.0581343860827,2464.0581343860827,40411.27959137874,40411.27959137874,0.0,37847.93294417023,37847.93294417023,16.40029471197812,16.40029471197812,flat,flat,0.0,0.0,0.0,0.0,0.0,0.0,0.0,1.0,True,0.0,False,False,False,,False
KLNC0321,Kalyanpur,Commercial,Commercial,41.84160261653365,0.6007750892352862,2.2168278716367835,25.20345800020913,0.2843100650949069,LT-E,1577.757382212732,1411.0576776734672,75.18982825574743,166.6997045392645,180,1004,4368.0919089435465,283.6045178804947,30,,0.0,0,3.387151362554059,3.4993301116122946,5.25,24094.099986415866,20943.093532047125,283.6045178804947,15.36,30,1.0,1577.757382212732,1411.0576776734672,25942.19606032694,23253.66322551768,0.0,24234.35339078756,21673.845929064457,16.442449487350334,16.479597959353445,flat,flat,2688.532834809259,10.363551445518512,3151.0064543687404,166.69970453926476,10.565610810546556,-0.11217874905823555,-3.311890643518449,0.87528143549828,True,-1395.9545562537928,False,True,False,0.6154936505123811,True
KLNC0322,Kalyanpur,Commercial,Commercial,41.84160261653365,0.6723098041528844,2.5805451817090614,25.560116176632945,0.20529129420862074,LT-E,2406.8895046385696,2058.076243687724,30.550411862349986,348.81326095084535,60,780,8994.544191984409,559.9233242759356,30,,0.0,0,8.546710011448502,7.126975887475723,8.8,37396.7343698098,31225.384965960453,559.9233242759356,15.36,30,1.0,2406.8895046385696,2058.076243687724,39649.91393081085,34024.25365819561,0.0,36969.82279124843,31612.05110304344,16.47350817492757,16.53206666300657,flat,flat,5625.660272615241,14.188329090529743,6171.3494038493445,348.8132609508457,14.492283932378742,1.4197341239727788,16.611469466859347,0.8500000000000001,True,-2808.960595093232,False,True,False,0.6254525134946375,True
KLNC0323,Kalyanpur,Commercial,Commercial,41.84160261653365,0.5864617522940576,2.1342501355336827,26.70017082561094,0.34620052885380603,LT-E,3116.252365719525,2866.0806248794506,0.0,250.17174084007522,0,204,6679.628216170478,750.5152225202256,16,,0.0,0,10.807123613188251,10.807123613188251,10.15,48741.33199951175,43525.06808952497,750.5152225202256,15.36,30,1.0,3116.252365719525,2866.0806248794506,51218.0931543245,47183.32331805578,0.0,47865.636337451906,44022.99839814836,16.435797600268657,16.462664346729724,flat,flat,4034.7698362687224,7.877626025849137,5216.263909986781,250.17174084007456,8.027967939698982,0.0,0.0,0.91972032060301,True,-1894.3431573815296,False,True,False,0.6040410791877742,True
KLNC0324,Kalyanpur,Commercial,Commercial,41.84160261653365,0.4753427111172905,2.5207009597982757,30.782223703488427,0.32713538375059154,LT-E,6698.496269671568,6687.379153054094,139.51490624013817,11.117116617474524,180,28,693.884928722552,20.776457950612492,30,,0.0,0,17.719254295622477,17.94070652774968,15.35,103049.36151622662,102272.63034653595,20.776457950612492,15.36,30,1.0,6698.496269671568,6687.379153054094,109483.92283726306,109304.62598045642,0.0,102888.90270215529,102718.14379091088,16.344552333777912,16.344912330944705,flat,flat,179.2968568066426,0.16376546634445088,776.731169690669,11.117116617474494,0.1659643622973843,-0.2214522321272021,-1.2497830237805867,0.990009238429148,True,-493.8116139652969,False,False,False,0.25839566386998725,True
KLNC0325,Kalyanpur,Commercial,Commercial,41.84160261653365,0.2813070215268519,2.699693923478403,25.207902663194325,0.3087889287576175,LT-E,4605.052333435435,4605.052333435435,0.0,0.0,0,0,0.0,0.0,0,,0.0,0,11.515278370840043,11.515278370840043,12.650000000000002,70807.86316613325,70807.86316613325,0.0,15.36,30,1.0,4605.052333435435,4605.052333435435,75465.70903364668,75465.70903364668,0.0,70733.60384156827,70733.60384156827,16.38758988377189,16.38758988377189,flat,flat,0.0,0.0,0.0,0.0,0.0,0.0,0.0,1.0,True,0.0,False,False,False,,False
KLNC0326,Kalyanpur,Commercial,Commercial,41.84160261653365,0.573823683652001,2.372414930973574,25.875170914482254,0.28831531159028767,LT-E,4114.4419479622775,3677.9759313647455,98.16668007522838,436.4660165975321,167,488,11526.52487535897,935.0269198335648,30,,0.0,0,15.224027370824551,14.107365142813045,15.15,63193.51490631416,54632.815772373935,935.0269198335648,15.36,30,1.0,4114.4419479622775,3677.9759313647455,67789.39473673562,60750.07082105061,0.0,63197.82832070058,56493.71030576249,16.47596334912662,16.51725621774495,flat,flat,7039.323915685003,10.384107931664918,8560.699133940223,436.46601659753196,10.608146186476068,1.1166622280115064,7.334867448750696,0.8843749177544635,True,-3552.1740398404017,False,False,False,0.610706521853212,True
KLNC0327,Kalyanpur,Commercial,Commercial,41.84160261653365,0.40947203530993925,2.7475896107911026,21.721785297036497,0.3131977598882793,LT-E,1828.2379725298097,1828.2379725298097,0.0,0.0,0,0,0.0,0.0,0,,0.0,0,6.184326482908289,6.184326482908289,6.85,28160.34355600713,28160.34355600713,0.0,15.36,30,1.0,1828.2379725298097,1828.2379725298097,30133.147020960772,30133.147020960772,0.0,28081.735258057877,28081.735258057877,16.48207042722358,16.48207042722358,flat,flat,0.0,0.0,0.0,0.0,0.0,0.0,0.0,1.0,True,0.0,False,False,False,,False
KLNC0328,Kalyanpur,Commercial,Commercial,41.84160261653365,0.38507865495720706,3.0243263339514312,21.56052357848951,0.31162430233545674,LT-E,5809.15574687693,5809.15574687693,0.0,0.0,0,0,0.0,0.0,0,,0.0,0,19.775259850684904,19.775259850684904,18.45,90156.741262258,90156.741262258,0.0,15.36,30,1.0,5809.15574687693,5809.15574687693,95433.5888856311,95433.5888856311,0.0,89228.63227202963,89228.63227202963,16.428133974018053,16.428133974018053,flat,flat,0.0,0.0,0.0,0.0,0.0,0.0,0.0,1.0,True,0.0,False,False,False,,False
KLNC0329,Kalyanpur,Commercial,Commercial,41.84160261653365,0.5178649198745998,1.7639034856841382,26.523441931231517,0.3066077198135349,LT-E,1508.1309474467007,1508.1309474467007,0.0,0.0,0,0,0.0,0.0,0,,0.0,0,3.553885788754477,3.553885788754477,3.3499999999999996,23129.18753157587,23129.18753157587,0.0,15.36,30,1.0,1508.1309474467007,1508.1309474467007,24639.710920420388,24639.710920420388,0.0,23164.89135278132,23164.89135278132,16.33791214359467,16.33791214359467,flat,flat,0.0,0.0,0.0,0.0,0.0,0.0,0.0,1.0,True,0.0,False,False,False,,False
KLNC0330,Kalyanpur,Commercial,Commercial,41.84160261653365,0.34648059045366786,1.266925277939385,29.69415226955377,0.34202995910801565,LT-E,7868.7720522754635,7868.7720522754635,0.0,0.0,0,0,0.0,0.0,0,,0.0,0,21.95314442216484,21.95314442216484,17.95,121029.8775842091,121029.8775842091,0.0,15.36,30,1.0,7868.7720522754635,7868.7720522754635,128603.83065909868,128603.83065909868,0.0,120864.33872295111,120864.33872295111,16.343570484026092,16.343570484026092,flat,flat,0.0,0.0,0.0,0.0,0.0,0.0,0.0,1.0,True,0.0,False,False,False,,False
KLNC0331,Kalyanpur,Commercial,Commercial,41.84160261653365,0.5494556031101845,2.5191606041939796,30.50837975119646,0.32169473375595975,LT-E,7103.61013149936,7058.275184306525,109.53981647317104,45.334947192834655,180,42,1659.0441752092886,92.12372731836825,30,,0.0,0,22.98172396475393,23.155596689314518,20.749999999999996,109263.407196732,107903.0187447767,92.12372731836825,15.36,30,1.0,7103.61013149936,7058.275184306525,116527.89920082167,115796.73717249563,0.0,109111.45161983017,108415.10683094822,16.404039220016443,16.40581220606981,flat,flat,731.1620283260418,0.6274566291339149,1360.3884519553103,45.33494719283499,0.6381958800329901,-0.17387272456058867,-0.7565695455538919,0.9874499202332652,True,-835.7584195648785,False,False,False,0.44071281479518504,True
KLNC0332,Kalyanpur,Commercial,Commercial,41.84160261653365,0.645470383029274,2.579616669266135,20.522389456614157,0.32560811659361594,LT-E,3384.9925083820394,2877.2436321247333,0.0,507.7488762573057,0,767,10420.220184710617,814.7840505554107,30,,0.0,0,8.592773615972881,7.3647264835723245,10.05,51706.06831410624,42704.080999577076,814.7840505554107,15.36,30,1.0,3384.9925083820394,2877.2436321247333,55542.884175185536,47353.91029890769,0.0,51993.48492874813,44194.4621894359,16.408569306327344,16.458081536855694,flat,flat,8188.973876277843,14.743515749829154,9001.987314529164,507.74887625730616,15.000000000000007,1.2280471324005564,14.291626746895458,0.8500000000000001,True,-1416.4622578773633,False,True,False,0.7858734010528263,True
KLNC0333,Kalyanpur,Commercial,Commercial,41.84160261653365,0.5008718578136403,1.9330317542828577,28.751889857076993,0.366746363889481,LT-E,3112.0403904248215,3091.3549431553038,85.52421274154229,20.68544726951711,180,40,760.0667205269735,38.350285166197565,30,,0.0,0,10.995668536918785,11.131421255556154,15.25,48466.396115870964,47708.97546179329,38.350285166197565,15.36,30,1.0,3112.0403904248215,3091.3549431553038,51632.11241677152,51298.49752320874,0.0,47800.94039692525,47483.211926865464,16.591080429301005,16.59417907891517,flat,flat,333.6148935627789,0.6461383777403066,757.4206540776722,20.68544726951768,0.6646908354134161,-0.13575271863736837,-1.2346017723394298,0.9823604049179322,True,-388.1015417979971,False,False,False,0.4389284316138394,True
KLNC0334,Kalyanpur,Commercial,Commercial,41.84160261653365,0.5190240695244206,3.1258343990676756,22.361347737043214,0.3171933268197769,LT-E,2958.8179892482,2834.55316510538,72.3098838241837,124.26482414281931,120,301,3004.7576663903264,326.2455409071903,30,,0.0,0,6.3661094610326625,6.468617977305369,8.950000000000001,44719.861188948766,41935.373533549726,326.2455409071903,15.36,30,1.0,2958.8179892482,2834.55316510538,48565.59153059497,46561.44844681956,0.0,45447.44431485235,43538.73661601863,16.413848944772337,16.426380362172022,flat,flat,2004.1430837754087,4.126672857495938,2784.48765539904,124.26482414282009,4.1998130535360945,-0.10250851627270663,-1.6102223328104457,0.9482263599081956,True,-674.3690417077273,False,False,False,0.6669899227457583,True
KLNC0335,Kalyanpur,Commercial,Commercial,41.84160261653365,0.5110797241775474,2.887522731898998,22.7858738193406,0.29969400543407226,LT-E,2101.1939505327887,2101.1939505327887,0.0,0.0,0,0,0.0,0.0,0,,0.0,0,7.168995536260018,7.168995536260018,8.15,32623.728592726504,32623.728592726504,0.0,15.36,30,1.0,2101.1939505327887,2101.1939505327887,34658.23103419282,34658.23103419282,0.0,32274.339080183632,32274.339080183632,16.494541603551024,16.494541603551024,flat,flat,0.0,0.0,0.0,0.0,0.0,0.0,0.0,1.0,True,0.0,False,False,False,,False
KLNC0336,Kalyanpur,Commercial,Commercial,41.84160261653365,0.5263957338308654,2.1139131118179093,24.87136939129114,0.19222889420024764,LT-E,2235.348441437561,2177.1285723506167,41.648216779688816,58.21986908694453,60,165,1536.0485815084292,144.39330459923949,30,,0.0,0,6.596714497714954,6.420032217084219,7.45,34792.22343484304,33410.22294644399,144.39330459923949,15.36,30,1.0,2235.348441437561,2177.1285723506167,36755.72466350498,35816.75461487075,0.0,34334.95206048094,33440.69487130547,16.442950898459138,16.451373184726467,flat,flat,938.9700486342335,2.554622598875172,1382.000488399055,58.21986908694453,2.6045097939855455,0.1766822806307351,2.6783375374504437,0.9665022443880539,True,-452.6852282749562,False,False,False,0.6112892911968624,True
KLNC0337,Kalyanpur,Commercial,Commercial,41.84160261653365,0.507008687409017,2.272281485723974,15.457680710848907,0.3040878570749878,LT-E,1902.37677370972,1617.0202576532638,0.0,285.35651605645836,0,724,4410.949913960964,456.5704256903334,30,,0.0,0,5.008857444148071,5.008857444148071,7.050000000000001,29266.40844205823,24256.560269314163,456.5704256903334,15.36,30,1.0,1902.37677370972,1617.0202576532638,31347.757606390365,26745.52771543184,0.0,29220.5072441813,24837.431157554132,16.47820665159869,16.540007825410225,flat,flat,4602.229890958526,14.681209255045225,5009.848172744067,285.35651605645626,14.999999999999908,0.0,0.0,0.8499999999999999,True,647.8504026878954,True,True,True,1.0433648036655658,True
KLNC0338,Kalyanpur,Commercial,Commercial,41.84160261653365,0.4649837302391815,2.942367995155056,23.987691235108052,0.20813304550318823,LT-E,2319.075908929075,2317.5684204746476,19.452431557968485,1.5074884544270024,30,30,93.39737962939587,2.8466541035329893,30,,0.0,0,7.361904807524984,7.392781683013823,7.55,34829.56164522108,34722.09741710916,2.8466541035329893,15.36,30,1.0,2319.075908929075,2317.5684204746476,38115.531259208125,38091.21848541511,0.0,35621.00596115059,35597.850938490585,16.435654871172147,16.43585498874457,flat,flat,24.31277379301173,0.06378705212757106,107.46422811192315,1.5074884544274028,0.065003842635041,-0.030876875488838884,-0.4194142181419954,0.9959947576352066,True,-66.23795173285114,False,False,False,0.26031537383046166,True
KLNC0339,Kalyanpur,Commercial,Commercial,41.84160261653365,0.6172976318721086,2.3217816301788,22.389958677522156,0.31117985003107423,LT-E,7123.954240921245,6055.361104783059,0.0,1068.593136138187,0,465,23925.75616121781,1716.5150221458612,30,,0.0,0,23.463369783941655,22.93890991143914,20.55,111498.13570216762,91281.48974258151,1716.5150221458612,15.36,30,1.0,7123.954240921245,6055.361104783059,116837.10899757783,99602.83889794118,0.0,109423.93714055032,93010.34656946779,16.40059790480474,16.448703417417345,flat,flat,17234.270099636648,14.750681737592407,20216.64595958611,1068.5931361381863,14.999999999999995,0.5244598725025149,2.2352282614641976,0.85,True,-4974.971039435302,False,True,False,0.7203229015420773,True
KLNC0340,Kalyanpur,Commercial,Commercial,41.84160261653365,0.5257567337657183,3.1239955415108285,20.831157685675066,0.2712180970486998,LT-E,2484.717200892598,2256.92858986397,9.04361109318732,227.78861102862874,14,350,4773.352676072541,597.6231060810053,30,,0.0,0,10.670504094078158,10.701264676027774,11.95,38207.81784550116,33813.6498636884,597.6231060810053,15.36,30,1.0,2484.717200892598,2256.92858986397,41202.79401599582,37529.01929732611,0.0,38165.256205710306,34666.42314031058,16.582488341608585,16.628359207230417,flat,flat,3673.774718669716,8.916324260057404,4394.1679818127595,227.7886110286281,9.167586997296851,-0.030760581949616395,-0.2882767456758457,0.9068682522973743,True,-501.95485132181966,False,False,False,0.7696424228373704,True
KLNC0341,Kalyanpur,Industrial,Industrial,37.84738363836992,0.6062703761129841,1.7018875497204804,20.322559238193055,0.37151970322762234,LT-C1,3839.5846204653203,3435.0613747265156,55.89624752423623,404.5232457388046,60,734,8316.076752490577,865.0055963030057,30,,0.0,0,13.233333452293133,13.248521697137436,17.4,46282.492022846374,40286.72171441071,865.0055963030057,12.73,30,1.0,3839.5846204653203,3435.0613747265156,52198.7678294497,46791.70786528197,0.0,48877.91221852353,43728.331300268546,13.594899706396813,13.62179674853912,flat,flat,5407.059964167733,10.358596934384257,5995.770308435662,404.5232457388047,10.535599178688772,-0.015188244844303256,-0.11477263003352618,0.8888208525283745,True,-2044.0111920198387,False,True,False,0.6501936099313147,True
KLNC0342,Kalyanpur,Industrial,Industrial,37.84738363836992,0.8290050527914574,1.1785572829107167,16.103049406449557,0.39200092157735844,LT-C1,6184.155937536315,5760.059191668496,0.0,424.0967458678185,0,630,6829.250851823963,679.2518424416284,30,,0.0,0,18.989886179578274,17.205186044209043,21.9,76502.63003896053,70647.13324274961,679.2518424416284,12.73,30,1.0,6184.155937536315,5760.059191668496,83764.28033907915,78095.59118543695,0.0,78724.3050848373,73325.55350993996,13.54498191590714,13.558123030818242,flat,flat,5668.6891536422045,6.767430139309095,5855.496796210922,424.09674586781875,6.857795148625784,1.7847001353692313,9.39816130803616,0.9314220485137422,True,-481.30985574012993,False,True,False,0.8300601744813936,True
KLNC0343,Kalyanpur,Industrial,Industrial,37.84738363836992,0.5801264917410442,2.2705636211298827,21.579602717712515,0.36351544804933283,LT-C1,6299.342681755865,5928.5971836374165,89.3049410022843,370.74549811844713,90,506,8203.313109003459,894.6284882462186,30,,0.0,0,23.087285218540654,23.156482806400394,32.9,77120.73438164264,71183.48810266829,894.6284882462186,12.73,30,1.0,6299.342681755865,5928.5971836374165,85858.32395568976,80902.75425508953,0.0,80190.63233875216,75471.04214770431,13.62972746416104,13.646188423523936,flat,flat,4955.56970060023,5.771798786985089,5937.246278974359,370.74549811844827,5.885463243525395,-0.0691975878597404,-0.2997216312127077,0.935474620916152,True,-2353.1149201570097,False,False,False,0.6040936917501415,True
KLNC0344,Kalyanpur,Industrial,Industrial,37.84738363836992,0.7054136966494513,2.0717702317287046,15.792435011125601,0.3952149101336858,LT-C1,1975.229748528386,1841.6233606065289,74.13598455630122,133.60638792185446,30,720,2263.5629242307673,213.77022067496725,30,,0.0,0,8.764520840878276,8.511068151502174,14.2,23971.277518403553,21920.319711856122,213.77022067496725,12.73,30,1.0,1975.229748528386,1841.6233606065289,27117.58843370467,25331.73864954717,0.0,25144.674698766354,23443.865380521114,13.728827471289456,13.755113662982803,flat,flat,1785.8497841575008,6.585577432607738,2050.9578065474307,133.60638792185705,6.76409354513815,0.2534526893761022,2.891803145632137,0.9173459280541871,True,-263.9429193982992,False,True,False,0.7889552196850861,True
KLNC0345,Kalyanpur,Industrial,Industrial,37.84738363836992,0.6954888052396004,2.046567967191764,19.727231651688914,0.40104611137049706,LT-C1,4975.379139379207,4229.072268472326,0.0,746.306870906881,0,878,14722.568525627139,1195.7275149711875,30,,0.0,0,17.96781404002838,17.919562417849303,22.5,59254.53229614531,49082.55101004688,1195.7275149711875,12.73,30,1.0,4975.379139379207,4229.072268472326,67637.40526651217,57661.89447653535,0.0,63336.57644429731,53836.089977652715,13.59442232877784,13.634643916209226,flat,flat,9975.510789976819,14.74851193754438,10171.981286098431,746.3068709068812,15.000000000000004,0.04825162217907675,0.268544754924459,0.85,True,-3551.3302206791323,False,True,False,0.6775659269381388,True
KLNC0346,Kalyanpur,Industrial,Industrial,37.84738363836992,0.5784397304377872,2.4840206144130272,25.283093471747364,0.4105626408855633,LT-C1,6389.100027367196,6281.310015071081,116.14223826276398,107.79001229611703,60,178,3013.7646702523007,247.84718456118054,30,,0.0,0,20.671136721904226,20.68592453039299,26.2,77132.47560025087,74936.07832680098,247.84718456118054,12.73,30,1.0,6389.100027367196,6281.310015071081,86720.38551580363,85279.61031644762,0.0,81333.2433483844,79961.07649185487,13.573176995874823,13.576723663030757,flat,flat,1440.7751993560087,1.661403130055789,2196.397273449882,107.79001229611549,1.6870922639245847,-0.014787808488765819,-0.0715384387792079,0.9758578036123212,True,-1325.1422863351115,False,False,False,0.4780649310735309,True
KLNC0347,Kalyanpur,Industrial,Industrial,37.84738363836992,0.7128935984571388,2.2620994900098683,16.378522781445213,0.38755931844744873,LT-C1,4748.159786973586,4035.935818927548,0.0,712.2239680460378,0,757,11665.176486133343,1141.6376154855525,30,,0.0,0,15.589152294135918,15.57148049703352,17.7,57737.35064803756,47560.92546862312,1141.6376154855525,12.73,30,1.0,4748.159786973586,4035.935818927548,64358.357792582436,54838.416123695075,0.0,60444.07408817375,51377.46297494769,13.554379102646754,13.587534238407947,flat,flat,9519.94166888736,14.79208294836972,10176.425179414437,712.223968046038,15.0,0.0176717971023983,0.11335957702488929,0.85,True,-1003.597201760429,False,True,False,0.8160992403504507,True
KLNC0348,Kalyanpur,Industrial,Industrial,37.84738363836992,0.5407022596950631,1.8016032067576087,21.080493806680614,0.41035478052209784,LT-C1,3822.596643714025,3718.9115822159647,52.045265436620056,103.68506149806103,60,176,2279.4972138623393,262.77801658004495,30,,0.0,0,11.702383677239588,11.784995209678668,15.6,46387.98676161447,44451.675417273465,262.77801658004495,12.73,30,1.0,3822.596643714025,3718.9115822159647,51880.978038203524,50495.0716636897,0.0,48661.65527447954,47341.74444160923,13.57218217713813,13.577916696153748,flat,flat,1385.9063745138264,2.6713189051549655,1936.3113443410039,103.68506149806035,2.7124248557211157,-0.08261153243907948,-0.7059376509740815,0.9674296873886903,True,-630.8128227684679,False,False,False,0.607987746633641,True
KLNC0349,Kalyanpur,Industrial,Industrial,37.84738363836992,0.5686289383924172,2.0736595239112,16.16035014504871,0.30027390278705984,LT-C1,3867.349199753605,3444.7797996456793,69.43764400667622,422.56940010792607,60,598,6972.859498139671,682.600476546638,30,,0.0,0,14.634790763733484,12.739572603767122,18.099999999999998,46373.75054393513,40404.63616559931,682.600476546638,12.73,30,1.0,3867.349199753605,3444.7797996456793,52605.163078506564,46956.88919196397,0.0,49231.355312863394,43852.046849489496,13.602382500617768,13.631318087964237,flat,flat,5648.273886542593,10.737109355812198,5969.11437833582,422.5694001079255,10.926590237438296,1.8952181599663618,12.9500871625914,0.8835521608084191,True,-641.9851350504405,False,True,False,0.810036956581375,True
KLNC0350,Kalyanpur,Industrial,Industrial,37.84738363836992,0.6490678318257149,1.8140652092756826,15.428039548730455,0.42461133835133336,LT-C1,3707.809997668967,3156.0589860538544,11.051220088080363,551.7510116151128,24,896,8532.484062131833,882.7812849347747,30,,0.0,0,12.659013694757867,11.933388186985074,18.5,44948.02080902852,37435.86168190283,882.7812849347747,12.73,30,1.0,3707.809997668967,3156.0589860538544,50492.84233384224,43117.86243708884,0.0,47200.42127032595,40176.63089246557,13.617969196260375,13.661931740699439,flat,flat,7374.979896753401,14.605990781807117,7512.159127125691,551.7510116151125,14.880779003292735,0.7256255077727936,5.732085652717771,0.8500000000000001,True,-274.7228804436563,False,True,False,0.8643414793453208,True
KLNC0351,Kalyanpur,Industrial,Industrial,37.84738363836992,0.5226793150094735,1.777737364849414,25.716877416022207,0.3579150458677165,LT-C1,4022.960575661585,4016.188722124266,25.77533619169891,6.771853537320245,30,30,219.9727055380597,13.062699136762943,30,,0.0,0,13.044926855869182,13.085840087919498,17.099999999999998,48661.52660613155,48460.6433504306,13.062699136762943,12.73,30,1.0,4022.960575661585,4016.188722124266,54634.74253458058,54544.226554274006,0.0,51212.28812817198,51126.08243264191,13.58073028731975,13.58109150942094,flat,flat,90.51598030657624,0.16567476317708452,200.88325570095185,6.771853537319203,0.16833009943691918,-0.040913232050316495,-0.3136332806029402,0.9957538763572917,True,-116.39402609472052,False,False,False,0.4114873255987441,True
KLNC0352,Kalyanpur,Industrial,Industrial,37.84738363836992,0.5668202681550005,1.732666979915341,25.756059121004235,0.4329379043120656,LT-C1,3259.799373648443,3208.451175245296,54.3356677779945,51.34819840314763,30,81,1416.6728512191062,120.4015835917977,30,,0.0,0,11.50244788275625,11.588694974467353,10.3,39235.305181043936,38152.64459129355,120.4015835917977,12.73,30,1.0,3259.799373648443,3208.451175245296,44091.22832787192,43404.88263391625,0.0,41497.246026544686,40843.583460872615,13.525749064281827,13.528297693542996,flat,flat,686.3456939556709,1.5566490660043664,1082.6605897503832,51.34819840314731,1.5751950509051484,-0.0862470917111029,-0.7498151053603045,0.9775806860676368,True,-609.9255736716376,False,False,False,0.4844771983630813,True
KLNC0353,Kalyanpur,Industrial,Industrial,37.84738363836992,0.736221288197259,1.7902372211473032,21.75501500597185,0.3464180897517008,LT-C1,6878.185823925011,6260.228353927664,24.160310328935214,617.957469997349,30,960,13486.926719670057,991.5075364672716,30,,0.0,0,18.501773233350992,16.358823417125542,27.4,83911.3094824711,75435.80083273473,991.5075364672716,12.73,30,1.0,6878.185823925011,6260.228353927664,93318.23081549366,85058.30229277413,0.0,87559.3055385654,79692.70694549917,13.567273871970205,13.587092592143,flat,flat,8259.928522719536,8.851355678882134,8475.508649736366,617.9574699973473,8.984309028811788,2.1429498162254497,11.582402341644766,0.9087518700140652,True,-4235.490660483249,False,True,False,0.6124396383553278,True
KLNC0354,Kalyanpur,Industrial,Industrial,37.84738363836992,0.5370861011437649,2.2900333952852754,22.232846226213926,0.34340018578708353,LT-C1,3709.679947200432,3709.679947200432,0.0,0.0,0,0,0.0,0.0,0,,0.0,0,12.504816823560745,12.504816823560745,19.0,45510.601150046125,45510.601150046125,0.0,12.73,30,1.0,3709.679947200432,3709.679947200432,50543.03701425457,50543.03701425457,0.0,47224.2257278615,47224.2257278615,13.624635476275431,13.624635476275431,flat,flat,0.0,0.0,0.0,0.0,0.0,0.0,0.0,1.0,True,0.0,False,False,False,,False
KLNC0355,Kalyanpur,Industrial,Industrial,37.84738363836992,0.6446192350262605,2.20653479351065,24.82653158194638,0.3713924887619942,LT-C1,2523.0419877664344,2198.1675446324207,23.031271841971463,324.87444313401426,28,431,8116.324925291962,606.3771197461366,30,,0.0,0,10.949589693961371,10.936655900969795,14.1,30945.653217458013,26055.482708474257,606.3771197461366,12.73,30,1.0,2523.0419877664344,2198.1675446324207,34434.88072948005,30092.446485329252,0.0,32118.32450426671,27982.672843170716,13.648159997513204,13.689787459017976,flat,flat,4342.434244150798,12.610568563500776,4890.170508983756,324.87444313401375,12.87629951103645,0.01293379299157671,0.11812125707970239,0.8675856551374482,True,-3167.513561395028,False,True,False,0.5350246921015906,True
KLNC0356,Kalyanpur,Industrial,Industrial,37.84738363836992,0.7464353217531766,1.9895393205422105,24.286845034188506,0.3107599401760826,LT-C1,3406.3531637490414,3293.3912263195903,0.0,112.9619374294517,0,630,2743.4890691107917,180.73909988712256,30,,0.0,0,10.061855649955572,9.70324632478271,14.2,40821.87388038291,39264.758122596475,180.73909988712256,12.73,30,1.0,3406.3531637490414,3293.3912263195903,46246.69956325156,44736.7938266008,0.0,43362.875774525295,41924.870311048384,13.576601526646263,13.583807920869084,flat,flat,1509.9057366507623,3.264894037650548,1557.115757786436,112.96193742945115,3.3162133225529953,0.35860932517286237,3.564047603629116,0.9668378667744699,True,-1052.8442325729068,False,True,False,0.5503596692441521,True
KLNC0357,Kalyanpur,Hospital,Hospital,4.522339746454612,0.0377893415976123,221.113753919836,4642.427384737005,0.05852971793905632,LT-D1,37404.389510879555,37404.389510879555,0.0,0.0,0,0,0.0,0.0,0,,0.0,0,73.21842972874462,73.21842972874462,95.0,338509.72507346,338509.72507346,0.0,9.05,30,1.0,37404.389510879555,37404.389510879555,361420.211327133,361420.211327133,0.0,338509.72507346,338509.72507346,9.662507958377699,9.662507958377699,flat,flat,0.0,0.0,0.0,0.0,0.0,0.0,0.0,1.0,True,0.0,False,False,False,,False
KLNC0358,Kalyanpur,Hospital,Hospital,4.522339746454612,0.003908112470187727,206.18344060507442,4588.668188137328,0.05803399663311229,LT-D1,38274.62892316876,38274.62892316876,0.0,0.0,0,0,0.0,0.0,0,,0.0,0,70.3687940336608,70.3687940336608,77.5,346385.39175467734,346385.39175467734,0.0,9.05,30,1.0,38274.62892316876,38274.62892316876,368587.1613424112,368587.1613424112,0.0,346385.39175467734,346385.39175467734,9.630064920611014,9.630064920611014,flat,flat,0.0,0.0,0.0,0.0,0.0,0.0,0.0,1.0,True,0.0,False,False,False,,False
KLNC0359,Kalyanpur,Hospital,Hospital,4.522339746454612,0.015936268317640008,195.74293973991718,5531.592915403516,0.04795029808799475,LT-D1,48012.403976748865,48012.403976748865,0.0,0.0,0,0,0.0,0.0,0,,0.0,0,84.3113585833576,84.3113585833576,92.5,434512.2559895773,434512.2559895773,0.0,9.05,30,1.0,48012.403976748865,48012.403976748865,462065.36878905614,462065.36878905614,0.0,434512.2559895773,434512.2559895773,9.623874884765657,9.623874884765657,flat,flat,0.0,0.0,0.0,0.0,0.0,0.0,0.0,1.0,True,0.0,False,False,False,,False
KLNC0360,Kalyanpur,Hospital,Hospital,4.522339746454612,0.01711322030701757,224.91845628927456,5273.9872883233675,0.04538790375689651,LT-D1,26974.98673051504,26974.98673051504,0.0,0.0,0,0,0.0,0.0,0,,0.0,0,54.489540911414394,54.489540911414394,66.5,244123.62991116112,244123.62991116112,0.0,9.05,30,1.0,26974.98673051504,26974.98673051504,260519.3114067192,260519.3114067192,0.0,244123.62991116114,244123.62991116114,9.657810549059908,9.657810549059908,flat,flat,0.0,0.0,0.0,0.0,0.0,0.0,0.0,1.0,True,0.0,False,False,False,,False
KLNC0361,Kalyanpur,Hospital,Hospital,4.522339746454612,0.03261323162684451,210.46261928938443,4766.239371593706,0.03542444232877773,LT-D1,34660.11384443765,34660.11384443765,0.0,0.0,0,0,0.0,0.0,0,,0.0,0,58.80363180761417,58.80363180761417,63.5,313674.03029216087,313674.03029216087,0.0,9.05,30,1.0,34660.11384443765,34660.11384443765,333358.2318067688,333358.2318067688,0.0,313674.03029216075,313674.03029216075,9.617920855740843,9.617920855740843,flat,flat,0.0,0.0,0.0,0.0,0.0,0.0,0.0,1.0,True,0.0,False,False,False,,False
KLNC0362,Kalyanpur,Hospital,Hospital,4.522339746454612,0.03417771210627867,199.0739899462726,5024.235883625232,0.06387566139427248,LT-D1,29284.95221533036,29284.95221533036,0.0,0.0,0,0,0.0,0.0,0,,0.0,0,50.910285534710546,50.910285534710546,81.5,265028.8175487397,265028.8175487397,0.0,9.05,30,1.0,29284.95221533036,29284.95221533036,283414.7584261768,283414.7584261768,0.0,265028.8175487398,265028.8175487398,9.677828952639103,9.677828952639103,flat,flat,0.0,0.0,0.0,0.0,0.0,0.0,0.0,1.0,True,0.0,False,False,False,,False
KLNC0363,Kalyanpur,Hospital,Hospital,4.522339746454612,0.023823052468548447,188.3520924466487,5200.9479305826335,0.05220050271431097,LT-D1,43522.871709786916,43522.871709786916,0.0,0.0,0,0,0.0,0.0,0,,0.0,0,76.2937059780185,76.2937059780185,83.0,393881.9889735715,393881.9889735715,0.0,9.05,30,1.0,43522.871709786916,43522.871709786916,418805.08842225024,418805.08842225024,0.0,393881.9889735716,393881.9889735716,9.622643726610399,9.622643726610399,flat,flat,0.0,0.0,0.0,0.0,0.0,0.0,0.0,1.0,True,0.0,False,False,False,,False
KLNC0364,Kalyanpur,Hospital,Hospital,4.522339746454612,0.018513896723701982,161.06402043621407,4670.8371939848585,0.04522862190276618,LT-D1,28110.84001988761,28110.84001988761,0.0,0.0,0,0,0.0,0.0,0,,0.0,0,50.23133778568722,50.23133778568722,63.0,254403.10217998287,254403.10217998287,0.0,9.05,30,1.0,28110.84001988761,28110.84001988761,271092.25728898204,271092.25728898204,0.0,254403.1021799829,254403.1021799829,9.643691084905042,9.643691084905042,flat,flat,0.0,0.0,0.0,0.0,0.0,0.0,0.0,1.0,True,0.0,False,False,False,,False
KLNC0365,Kalyanpur,Hospital,Hospital,4.522339746454612,0.03814120972885127,185.90627963937695,5253.265756948205,0.048055103668772775,LT-D1,29995.114798812825,29995.114798812825,0.0,0.0,0,0,0.0,0.0,0,,0.0,0,52.62070690485271,52.62070690485271,74.5,271455.788929256,271455.788929256,0.0,9.05,30,1.0,29995.114798812825,29995.114798812825,289722.0783757189,289722.0783757189,0.0,271455.7889292561,271455.7889292561,9.658975480473433,9.658975480473433,flat,flat,0.0,0.0,0.0,0.0,0.0,0.0,0.0,1.0,True,0.0,False,False,False,,False
KLNC0366,Kalyanpur,Hospital,Hospital,4.522339746454612,0.00829964306758106,220.03191581555143,5039.953404808149,0.05024071452997755,LT-D1,48322.86802780281,48322.86802780281,0.0,0.0,0,0,0.0,0.0,0,,0.0,0,83.31339148271047,83.31339148271047,103.0,437321.9556516155,437321.9556516155,0.0,9.05,30,1.0,48322.86802780281,48322.86802780281,465677.0534341962,465677.0534341962,0.0,437321.95565161546,437321.95565161546,9.63678424811761,9.63678424811761,flat,flat,0.0,0.0,0.0,0.0,0.0,0.0,0.0,1.0,True,0.0,False,False,False,,False
KLNC0367,Kalyanpur,Hospital,Hospital,4.522339746454612,0.009738867770621112,169.0829512191493,4550.49007262783,0.059557090351027235,LT-D1,23117.055570837485,23117.055570837485,0.0,0.0,0,0,0.0,0.0,0,,0.0,0,38.75709721547267,38.75709721547267,52.0,209209.35291607928,209209.35291607928,0.0,9.05,30,1.0,23117.055570837485,23117.055570837485,222945.8205618832,222945.8205618832,0.0,209209.35291607925,209209.35291607925,9.644213549546194,9.644213549546194,flat,flat,0.0,0.0,0.0,0.0,0.0,0.0,0.0,1.0,True,0.0,False,False,False,,False
KLNC0368,Kalyanpur,Hospital,Hospital,4.522339746454612,0.009993166646579123,221.9266035588224,5172.880271456225,0.0418363285757814,LT-D1,45088.00955231303,45088.00955231303,0.0,0.0,0,0,0.0,0.0,0,,0.0,0,75.98232035164787,75.98232035164787,92.5,408046.4864484331,408046.4864484331,0.0,9.05,30,1.0,45088.00955231303,45088.00955231303,434276.3107708546,434276.3107708546,0.0,408046.48644843296,408046.48644843296,9.63174722244034,9.63174722244034,flat,flat,0.0,0.0,0.0,0.0,0.0,0.0,0.0,1.0,True,0.0,False,False,False,,False
KLNC0369,Kalyanpur,Educational,Educational,32.2077240164891,0.4690381512156441,4.064632193778081,35.81225941100693,0.24571338445952592,LT-D1,2060.390987255386,2060.390987255386,0.0,0.0,0,0,0.0,0.0,0,,0.0,0,7.41064259289127,7.41064259289127,10.5,18646.538434661245,18646.538434661245,0.0,9.05,30,1.0,2060.390987255386,2060.390987255386,20240.365356394308,20240.365356394308,0.0,18646.538434661245,18646.538434661245,9.823555568623496,9.823555568623496,flat,flat,0.0,0.0,0.0,0.0,0.0,0.0,0.0,1.0,True,0.0,False,False,False,,False
KLNC0370,Kalyanpur,Educational,Educational,32.2077240164891,0.4587274846804966,2.947621845248375,46.03745692149742,0.21499514548298096,LT-D1,5876.466546057578,5876.466546057578,0.0,0.0,0,0,0.0,0.0,0,,0.0,0,20.42311075402005,20.42311075402005,19.2,53182.02224182108,53182.02224182108,0.0,9.05,30,1.0,5876.466546057578,5876.466546057578,57050.72335391214,57050.72335391214,0.0,53182.02224182108,53182.02224182108,9.708337979425153,9.708337979425153,flat,flat,0.0,0.0,0.0,0.0,0.0,0.0,0.0,1.0,True,0.0,False,False,False,,False
KLNC0371,Kalyanpur,Educational,Educational,32.2077240164891,0.531266200040287,5.237368719919592,31.80489005311126,0.25833929285337953,LT-D1,8611.299861791722,8611.299861791722,0.0,0.0,0,0,0.0,0.0,0,,0.0,0,24.003963551179567,24.003963551179567,23.0,77932.26374921508,77932.26374921508,0.0,9.05,30,1.0,8611.299861791722,8611.299861791722,83277.87693667584,83277.87693667584,0.0,77932.26374921508,77932.26374921508,9.67076727941843,9.67076727941843,flat,flat,0.0,0.0,0.0,0.0,0.0,0.0,0.0,1.0,True,0.0,False,False,False,,False
KLNC0372,Kalyanpur,Educational,Educational,32.2077240164891,0.4868033167919624,3.9950675865648555,38.466483696681394,0.27352798409765894,LT-D1,12662.007886338344,12662.007886338344,0.0,0.0,0,0,0.0,0.0,0,,0.0,0,42.5291484389807,42.5291484389807,32.9,114591.17137136203,114591.17137136203,0.0,9.05,30,1.0,12662.007886338344,12662.007886338344,122393.42993993012,122393.42993993012,0.0,114591.17137136203,114591.17137136203,9.666194417078696,9.666194417078696,flat,flat,0.0,0.0,0.0,0.0,0.0,0.0,0.0,1.0,True,0.0,False,False,False,,False
KLNC0373,Kalyanpur,Educational,Educational,32.2077240164891,0.4395674766469571,4.912210485270211,43.22831502913025,0.2389128763463667,LT-D1,6121.597027338107,6121.597027338107,0.0,0.0,0,0,0.0,0.0,0,,0.0,0,21.95695663531587,21.95695663531587,20.4,55400.45309740989,55400.45309740989,0.0,9.05,30,1.0,6121.597027338107,6121.597027338107,59455.67575228037,59455.67575228037,0.0,55400.453097409874,55400.453097409874,9.712445214338759,9.712445214338759,flat,flat,0.0,0.0,0.0,0.0,0.0,0.0,0.0,1.0,True,0.0,False,False,False,,False
KLNC0374,Kalyanpur,Educational,Educational,32.2077240164891,0.4343457537371318,3.3912784002327694,34.01609151027222,0.1872248814081816,LT-D1,3048.4868669879943,3048.4868669879943,0.0,0.0,0,0,0.0,0.0,0,,0.0,0,10.37099576130964,10.37099576130964,10.399999999999999,27588.806146241357,27588.806146241357,0.0,9.05,30,1.0,3048.4868669879943,3048.4868669879943,29623.446453553417,29623.446453553417,0.0,27588.80614624135,27588.80614624135,9.717426299042042,9.717426299042042,flat,flat,0.0,0.0,0.0,0.0,0.0,0.0,0.0,1.0,True,0.0,False,False,False,,False
KLNC0375,Kalyanpur,Educational,Educational,32.2077240164891,0.4606482083948239,3.6624518161939505,37.78252894701446,0.2853843975932727,LT-D1,1865.530575496687,1865.530575496687,0.0,0.0,0,0,0.0,0.0,0,,0.0,0,5.875064105477131,5.875064105477131,7.699999999999999,16883.05170824502,16883.05170824502,0.0,9.05,30,1.0,1865.530575496687,1865.530575496687,18212.30429365727,18212.30429365727,0.0,16883.05170824502,16883.05170824502,9.762533261513736,9.762533261513736,flat,flat,0.0,0.0,0.0,0.0,0.0,0.0,0.0,1.0,True,0.0,False,False,False,,False
KLNC0376,Kalyanpur,Educational,Educational,32.2077240164891,0.3313934983333149,3.131211075989609,42.58881058329511,0.1951621247570469,LT-D1,8475.028906180214,8475.028906180214,0.0,0.0,0,0,0.0,0.0,0,,0.0,0,30.993240185565814,30.993240185565814,30.2,76699.01160093093,76699.01160093093,0.0,9.05,30,1.0,8475.028906180214,8475.028906180214,82436.56218097749,82436.56218097749,0.0,76699.01160093094,76699.01160093094,9.726994809523609,9.726994809523609,flat,flat,0.0,0.0,0.0,0.0,0.0,0.0,0.0,1.0,True,0.0,False,False,False,,False
KLNC0377,Kalyanpur,Educational,Educational,32.2077240164891,0.5036900145674883,4.4127163079740965,37.57295131637641,0.32500525976784445,LT-D1,1433.614602272143,1433.614602272143,0.0,0.0,0,0,0.0,0.0,0,,0.0,0,4.600056864714095,4.600056864714095,6.199999999999999,12974.2121505629,12974.2121505629,0.0,9.05,30,1.0,1433.614602272143,1433.614602272143,14013.52275809104,14013.52275809104,0.0,12974.212150562895,12974.212150562895,9.774958162312895,9.774958162312895,flat,flat,0.0,0.0,0.0,0.0,0.0,0.0,0.0,1.0,True,0.0,False,False,False,,False
KLNC0378,Kalyanpur,Educational,Educational,32.2077240164891,0.39754905007601565,4.833672427015431,34.46061966599529,0.2608034419367525,LT-D1,2208.65278582822,2208.65278582822,0.0,0.0,0,0,0.0,0.0,0,,0.0,0,6.627911913800073,6.627911913800073,6.699999999999999,19988.307711745387,19988.307711745387,0.0,9.05,30,1.0,2208.65278582822,2208.65278582822,21409.823097332664,21409.823097332664,0.0,19988.307711745394,19988.307711745394,9.693611976816094,9.693611976816094,flat,flat,0.0,0.0,0.0,0.0,0.0,0.0,0.0,1.0,True,0.0,False,False,False,,False
KLNC0379,Kalyanpur,Educational,Educational,32.2077240164891,0.6147414106029814,5.150926800877877,47.53082801981596,0.28448832878702596,LT-D1,6055.336358196331,6055.336358196331,0.0,0.0,0,0,0.0,0.0,0,,0.0,0,28.880287883726243,28.880287883726243,30.5,54800.79404167681,54800.79404167681,0.0,9.05,30,1.0,6055.336358196331,6055.336358196331,59462.333743760646,59462.333743760646,0.0,54800.7940416768,54800.7940416768,9.81982341299243,9.81982341299243,flat,flat,0.0,0.0,0.0,0.0,0.0,0.0,0.0,1.0,True,0.0,False,False,False,,False
KLNC0380,Kalyanpur,Educational,Educational,32.2077240164891,0.4508284368759,3.4632079336706045,44.0156019830533,0.2949352804623851,LT-D1,2222.8960990708947,2222.8960990708947,0.0,0.0,0,0,0.0,0.0,0,,0.0,0,8.524818869120455,8.524818869120455,10.899999999999999,20117.209696591603,20117.209696591603,0.0,9.05,30,1.0,2222.8960990708947,2222.8960990708947,21809.77018142118,21809.77018142118,0.0,20117.2096965916,20117.2096965916,9.811421321283088,9.811421321283088,flat,flat,0.0,0.0,0.0,0.0,0.0,0.0,0.0,1.0,True,0.0,False,False,False,,False
KLNC0381,Kalyanpur,Educational,Educational,32.2077240164891,0.330826757125844,3.2941521918975045,38.97553422070491,0.23221206305820513,LT-D1,2118.5998176252397,2118.5998176252397,0.0,0.0,0,0,0.0,0.0,0,,0.0,0,7.820078710449452,7.820078710449452,8.0,19173.32834950842,19173.32834950842,0.0,9.05,30,1.0,2118.5998176252397,2118.5998176252397,20635.994766983844,20635.994766983844,0.0,19173.32834950842,19173.32834950842,9.740392968651788,9.740392968651788,flat,flat,0.0,0.0,0.0,0.0,0.0,0.0,0.0,1.0,True,0.0,False,False,False,,False
KLNC0382,Kalyanpur,Educational,Educational,32.2077240164891,0.33118449150036844,2.94684428180822,45.526644313392026,0.21510852836776767,LT-D1,13178.298639672968,13178.298639672968,0.0,0.0,0,0,0.0,0.0,0,,0.0,0,40.838684398062064,40.838684398062064,29.4,119263.60268904033,119263.60268904033,0.0,9.05,30,1.0,13178.298639672968,13178.298639672968,127078.98282349239,127078.98282349239,0.0,119263.60268904037,119263.60268904037,9.643049250752597,9.643049250752597,flat,flat,0.0,0.0,0.0,0.0,0.0,0.0,0.0,1.0,True,0.0,False,False,False,,False
KLNC0383,Kalyanpur,Educational,Educational,32.2077240164891,0.30159119155994407,4.439560063318042,50.90996134567339,0.2324504501146672,LT-D1,7217.893956392481,7217.893956392481,0.0,0.0,0,0,0.0,0.0,0,,0.0,0,26.685276264428524,26.685276264428524,25.7,65321.94030535197,65321.94030535197,0.0,9.05,30,1.0,7217.893956392481,7217.893956392481,70207.13732061956,70207.13732061956,0.0,65321.94030535196,65321.94030535196,9.726817510035744,9.726817510035744,flat,flat,0.0,0.0,0.0,0.0,0.0,0.0,0.0,1.0,True,0.0,False,False,False,,False
KLNC0384,Kalyanpur,Educational,Educational,32.2077240164891,0.4524330246720962,4.773367206291792,38.626811548543785,0.21801567309757516,LT-D1,2652.8061462973474,2652.8061462973474,0.0,0.0,0,0,0.0,0.0,0,,0.0,0,8.065809489181756,8.065809489181756,11.399999999999999,24007.895623990997,24007.895623990997,0.0,9.05,30,1.0,2652.8061462973474,2652.8061462973474,25926.490405190547,25926.490405190547,0.0,24007.895623990997,24007.895623990997,9.773232183353251,9.773232183353251,flat,flat,0.0,0.0,0.0,0.0,0.0,0.0,0.0,1.0,True,0.0,False,False,False,,False
KLNC0385,Kalyanpur,Educational,Educational,32.2077240164891,0.36646437455266223,5.5499215811632,43.31624308657588,0.2421527587240822,LT-D1,2642.4778693758676,2642.4778693758676,0.0,0.0,0,0,0.0,0.0,0,,0.0,0,7.041405375516168,7.041405375516168,10.2,23914.4247178516,23914.4247178516,0.0,9.05,30,1.0,2642.4778693758676,2642.4778693758676,25752.745953744186,25752.745953744186,0.0,23914.424717851605,23914.424717851605,9.745680844557757,9.745680844557757,flat,flat,0.0,0.0,0.0,0.0,0.0,0.0,0.0,1.0,True,0.0,False,False,False,,False
KLNC0386,Kalyanpur,Educational,Educational,32.2077240164891,0.3924167669538951,3.3122326787161347,43.24120089413816,0.2644653248668255,LT-D1,1688.691948814847,1688.691948814847,0.0,0.0,0,0,0.0,0.0,0,,0.0,0,6.909226935497092,6.909226935497092,7.3999999999999995,15282.662136774366,15282.662136774366,0.0,9.05,30,1.0,1688.691948814847,1688.691948814847,16512.995243613084,16512.995243613084,0.0,15282.662136774366,15282.662136774366,9.778571666195358,9.778571666195358,flat,flat,0.0,0.0,0.0,0.0,0.0,0.0,0.0,1.0,True,0.0,False,False,False,,False
KLNC0387,Kalyanpur,Educational,Educational,32.2077240164891,0.4079888236138065,5.207509461439235,39.582630904179176,0.2056148487501925,LT-D1,2104.967459254294,2104.967459254294,0.0,0.0,0,0,0.0,0.0,0,,0.0,0,9.247256299618826,9.247256299618826,10.1,19049.955506251365,19049.955506251365,0.0,9.05,30,1.0,2104.967459254294,2104.967459254294,20638.75328156393,20638.75328156393,0.0,19049.955506251365,19049.955506251365,9.804784957994276,9.804784957994276,flat,flat,0.0,0.0,0.0,0.0,0.0,0.0,0.0,1.0,True,0.0,False,False,False,,False
KLNC0388,Kalyanpur,Educational,Educational,32.2077240164891,0.35495301808208246,6.425524253941575,34.67126990144977,0.19350608841170366,LT-D1,7763.343870338437,7763.343870338437,0.0,0.0,0,0,0.0,0.0,0,,0.0,0,31.241048402109836,31.241048402109836,32.2,70258.2620265629,70258.2620265629,0.0,9.05,30,1.0,7763.343870338437,7763.343870338437,75799.77512789101,75799.77512789101,0.0,70258.26202656286,70258.26202656286,9.763804926573036,9.763804926573036,flat,flat,0.0,0.0,0.0,0.0,0.0,0.0,0.0,1.0,True,0.0,False,False,False,,False
KLNC0389,Kalyanpur,Government,Government,43.345383890742546,0.3367858279638008,4.142981442114474,39.117959638549756,0.18171592811232304,LT-E,2651.129985748426,2651.129985748426,0.0,0.0,0,0,0.0,0.0,0,,0.0,0,8.951063689014443,8.951063689014443,9.8,38785.999950741265,38785.999950741265,0.0,15.36,30,1.0,2651.129985748426,2651.129985748426,43683.52441015062,43683.52441015062,0.0,40721.356581095824,40721.356581095824,16.477322743501226,16.477322743501226,flat,flat,0.0,0.0,0.0,0.0,0.0,0.0,0.0,1.0,True,0.0,False,False,False,,False
KLNC0390,Kalyanpur,Government,Government,43.345383890742546,0.3087955469856391,5.308017201938748,49.29081841448871,0.23108689653166029,LT-E,5838.317926486511,5838.317926486511,0.0,0.0,0,0,0.0,0.0,0,,0.0,0,18.714981540556863,18.714981540556863,18.499999999999996,85105.63359855408,85105.63359855408,0.0,15.36,30,1.0,5838.317926486511,5838.317926486511,95908.64151837444,95908.64151837444,0.0,89676.5633508328,89676.5633508328,16.427444124491537,16.427444124491537,flat,flat,0.0,0.0,0.0,0.0,0.0,0.0,0.0,1.0,True,0.0,False,False,False,,False
KLNC0391,Kalyanpur,Government,Government,43.345383890742546,0.41589094004298055,5.161368792096398,44.3695918947802,0.2521626893876839,LT-E,2490.775003239409,2490.775003239409,0.0,0.0,0,0,0.0,0.0,0,,0.0,0,7.276379414218476,7.276379414218476,11.6,36454.7691209765,36454.7691209765,0.0,15.36,30,1.0,2490.775003239409,2490.775003239409,41267.41925224519,41267.41925224519,0.0,38258.304049757324,38258.304049757324,16.568103983127468,16.568103983127468,flat,flat,0.0,0.0,0.0,0.0,0.0,0.0,0.0,1.0,True,0.0,False,False,False,,False
KLNC0392,Kalyanpur,Government,Government,43.345383890742546,0.3219565555329886,4.5840102120725,46.405603830690204,0.24705330790570498,LT-E,2926.780498993545,2926.780498993545,0.0,0.0,0,0,0.0,0.0,0,,0.0,0,10.059721069255067,10.059721069255067,11.600000000000001,43155.33412453986,43155.33412453986,0.0,15.36,30,1.0,2926.780498993545,2926.780498993545,48299.31588776789,48299.31588776789,0.0,44955.348464540846,44955.348464540846,16.50254124092222,16.50254124092222,flat,flat,0.0,0.0,0.0,0.0,0.0,0.0,0.0,1.0,True,0.0,False,False,False,,False
KLNC0393,Kalyanpur,Government,Government,43.345383890742546,0.4081764995476865,4.803008539231635,40.366617797756014,0.21373290094275615,LT-E,4060.832729162799,4060.832729162799,0.0,0.0,0,0,0.0,0.0,0,,0.0,0,15.72236161628048,15.72236161628048,15.000000000000002,59678.99196200602,59678.99196200602,0.0,15.36,30,1.0,4060.832729162799,4060.832729162799,66910.61025593762,66910.61025593762,0.0,62374.39071994059,62374.39071994059,16.477066335537597,16.477066335537597,flat,flat,0.0,0.0,0.0,0.0,0.0,0.0,0.0,1.0,True,0.0,False,False,False,,False
KLNC0394,Kalyanpur,Government,Government,43.345383890742546,0.31907161789768845,4.212186634537179,33.28690736283832,0.2286489556523901,LT-E,1278.9380026648748,1278.9380026648748,0.0,0.0,0,0,0.0,0.0,0,,0.0,0,3.544058375572552,3.544058375572552,7.1,19283.765569755273,19283.765569755273,0.0,15.36,30,1.0,1278.9380026648748,1278.9380026648748,21297.6621069791,21297.6621069791,0.0,19644.487720932477,19644.487720932477,16.6526149528765,16.6526149528765,flat,flat,0.0,0.0,0.0,0.0,0.0,0.0,0.0,1.0,True,0.0,False,False,False,,False
KLNC0395,Kalyanpur,Government,Government,43.345383890742546,0.2957766345451226,4.4025964740729435,47.03768802476532,0.20848684926261046,LT-E,5482.576401318383,5482.576401318383,0.0,0.0,0,0,0.0,0.0,0,,0.0,0,19.01988456163023,19.01988456163023,13.200000000000001,80545.04748431328,80545.04748431328,0.0,15.36,30,1.0,5482.576401318383,5482.576401318383,89670.39220046288,89670.39220046288,0.0,84212.37352425036,84212.37352425036,16.35552076919531,16.35552076919531,flat,flat,0.0,0.0,0.0,0.0,0.0,0.0,0.0,1.0,True,0.0,False,False,False,,False
KLNC0396,Kalyanpur,Government,Government,43.345383890742546,0.22178768546063687,4.418628087525342,51.40772438122065,0.1417994212384862,LT-E,3872.3461416357104,3872.3461416357104,0.0,0.0,0,0,0.0,0.0,0,,0.0,0,15.627326323768823,15.627326323768823,17.3,56257.06529131458,56257.06529131458,0.0,15.36,30,1.0,3872.3461416357104,3872.3461416357104,64088.04857230073,64088.04857230073,0.0,59479.23673552451,59479.23673552451,16.550185915257416,16.550185915257416,flat,flat,0.0,0.0,0.0,0.0,0.0,0.0,0.0,1.0,True,0.0,False,False,False,,False
KLNC0397,Kalyanpur,Government,Government,43.345383890742546,0.23046946966162035,4.088093431579646,42.754606977981624,0.23537782473576746,LT-E,3380.2186451865264,3380.2186451865264,0.0,0.0,0,0,0.0,0.0,0,,0.0,0,10.507023911526217,10.507023911526217,12.8,49403.40739684992,49403.40739684992,0.0,15.36,30,1.0,3380.2186451865264,3380.2186451865264,55725.766309568295,55725.766309568295,0.0,51920.158390065044,51920.158390065044,16.485846674126385,16.485846674126385,flat,flat,0.0,0.0,0.0,0.0,0.0,0.0,0.0,1.0,True,0.0,False,False,False,,False
KLNC0398,Kalyanpur,Government,Government,43.345383890742546,0.2607253018916155,4.275370891142514,46.13608812519161,0.16753806423864676,LT-E,3337.877224375454,3337.877224375454,0.0,0.0,0,0,0.0,0.0,0,,0.0,0,12.472847437049264,12.472847437049264,11.600000000000001,48777.580653905046,48777.580653905046,0.0,15.36,30,1.0,3337.877224375454,3337.877224375454,54929.48387472732,54929.48387472732,0.0,51269.794166406966,51269.794166406966,16.456412319061588,16.456412319061588,flat,flat,0.0,0.0,0.0,0.0,0.0,0.0,0.0,1.0,True,0.0,False,False,False,,False
KLNC0399,Kalyanpur,Government,Government,43.345383890742546,0.3681111396238556,3.2613018353081786,45.67065926333949,0.20775123447994442,LT-E,3716.172412559262,3716.172412559262,0.0,0.0,0,0,0.0,0.0,0,,0.0,0,11.132712150396255,11.132712150396255,12.8,54302.949357527614,54302.949357527614,0.0,15.36,30,1.0,3716.172412559262,3716.172412559262,61144.028669755775,61144.028669755775,0.0,57080.40825691026,57080.40825691026,16.453496200314067,16.453496200314067,flat,flat,0.0,0.0,0.0,0.0,0.0,0.0,0.0,1.0,True,0.0,False,False,False,,False
KLNC0400,Kalyanpur,Government,Government,43.345383890742546,0.3137441869168885,7.514141065823928,40.10964104342511,0.2237138607551086,LT-E,5837.264069899267,5837.264069899267,0.0,0.0,0,0,0.0,0.0,0,,0.0,0,18.560230684290595,18.560230684290595,21.8,85951.53919947064,85951.53919947064,0.0,15.36,30,1.0,5837.264069899267,5837.264069899267,96203.49491933538,96203.49491933538,0.0,89660.37611365275,89660.37611365275,16.480922186718125,16.480922186718125,flat,flat,0.0,0.0,0.0,0.0,0.0,0.0,0.0,1.0,True,0.0,False,False,False,,False
