consumer_id,substation,category,archetype,w_h,lambda_h,gamma_sh_h,gamma_cu_h,y_max_h,tariff_class,baseline_kwh,optimised_kwh,energy_shifted_kwh,energy_curtailed_kwh,n_shift_slots,n_curtail_slots,discomfort_J2_tk,incentive_received_tk,n_dr_events,income_band,monthly_income_bdt,household_size,peak_baseline_kw,peak_optimised_kw,connected_load_kw,J1_baseline_tk,J1_optimised_tk,rebate_tk,marginal_rate_tk_per_kwh,period_days,scale_to_30d,baseline_kwh_30d,optimised_kwh_30d,bill_baseline_tk,bill_optimised_tk,surcharge_tk,energy_charge_baseline_tk,energy_charge_optimised_tk,eff_rate_baseline,eff_rate_optimised,slab_baseline,slab_optimised,saving_tk,saving_pct,J1_saving_tk,energy_saving_kwh,energy_saving_pct,peak_reduction_kw,peak_reduction_pct,qoe,qoe_ok,net_benefit_tk,gained_unweighted,gained_lambda,gained,saving_per_discomfort,participated
DHNC0001,Dhanmondi,Residential,Res-A,597.3547737671756,0.48811259340679575,1.6288542526025491,20.445468599887178,0.336160097220683,LT-A,741.8844889317587,630.6018155919948,0.0,111.28267333976379,0,673,2275.2264034796426,0.0,30,upper-middle,174354.85781382807,4,4.522244194721653,4.421243345264988,6.269699999999999,12871.695882966014,10940.941500521112,0.0,17.35,30,1.0,741.8844889317587,630.6018155919948,9581.274447114316,7553.982345547164,0.0,8861.695882966014,6930.9415005211085,12.914779308717476,11.979005069079378,601-above,601-above,2027.2921015671518,21.1588981482284,1930.7543824449021,111.28267333976396,15.000000000000021,0.10100084945666499,2.2334231657492714,0.8500000000000001,True,-247.9343019124908,False,False,False,0.8910287338731171,True
DHNC0002,Dhanmondi,Residential,Res-A,597.3547737671756,0.6788997760026314,2.2891494141129978,16.94157897705322,0.41494041295175105,LT-A,206.54885510342336,175.5665268379098,0.0,30.982328265513495,0,611,524.8895612031852,0.0,30,upper-middle,112596.59401203739,5,0.9056059902486513,0.9045794922039998,3.6806,1879.5945814411518,1597.6553942249793,0.0,9.1,30,1.0,206.54885510342336,175.5665268379098,1827.18877051321,1546.545712028345,0.0,1585.5945814411525,1318.3154781222333,8.84627886026431,8.808887091878164,201-300,76-200,280.64305848486515,15.359281044948617,281.9391872161725,30.98232826551356,15.000000000000027,0.0010264980446514915,0.11334929933156107,0.8500000000000001,True,-244.24650271832002,False,True,False,0.5346706797551037,True
DHNC0003,Dhanmondi,Residential,Res-A,597.3547737671756,0.5757809152833336,2.1309659713479836,15.287353625277056,0.44008259670880423,LT-A,176.71666423334503,150.20916459834322,0.0,26.507499635001757,0,712,405.2295206421743,0.0,30,upper-middle,122947.57133679508,4,0.9728447772494944,0.9668433080169715,2.3800000000000003,1502.0916459834327,1276.7778990859172,0.0,8.5,30,1.0,176.71666423334503,150.20916459834322,1499.4542282826044,1262.8747940402134,0.0,1328.0916459834327,1102.7778990859174,8.485075444286647,8.407441699160762,76-200,76-200,236.57943424239102,15.777702965522101,225.31374689751556,26.507499635001807,15.000000000000028,0.006001469232522871,0.6168989517002611,0.85,True,-168.65008639978328,False,False,False,0.5838158924539344,True
DHNC0004,Dhanmondi,Residential,Res-B,597.3547737671756,0.39681518577343594,0.8814824867709768,20.296420716600025,0.3494072353236943,LT-A,125.77903603831048,122.10754389415983,0.0,3.6714921441506285,0,276,74.51814921537304,0.0,12,middle,53546.145812606715,4,0.7631324280611624,0.7631324280611624,2.2843999999999998,1069.1218063256392,1037.9141231003587,0.0,8.5,30,1.0,125.77903603831048,122.10754389415983,1040.619936641921,1007.8518692553764,0.0,895.121806325639,863.9141231003586,8.273397295913153,8.253805105841458,76-200,76-200,32.768067386544544,3.1488986740237794,31.20768322528056,3.6714921441506476,2.9190016554367326,0.0,0.0,0.9708099834456329,True,-41.7500818288285,False,False,False,0.4397327058115463,True
DHNC0005,Dhanmondi,Residential,Res-B,597.3547737671756,0.30768563832642065,1.3545743690674348,18.996613699464877,0.410064197023275,LT-A,196.82248550892285,191.9681486433955,0.0,4.854336865527337,0,115,92.215962201494,0.0,5,middle,59531.87269822272,5,0.9916189913789257,0.9916189913789257,3.5601,1672.9911268258438,1631.7292634688613,0.0,8.5,30,1.0,196.82248550892285,191.9681486433955,1730.9410931671366,1687.6161366423048,0.0,1498.9911268258443,1457.7292634688617,8.794427571074776,8.791125760020012,76-200,76-200,43.324956524831805,2.5029711696057366,41.26186335698253,4.854336865527358,2.4663527914381964,0.0,0.0,0.9753364720856181,True,-48.89100567666219,False,False,False,0.46982057650893216,True
DHNC0006,Dhanmondi,Residential,Res-C,597.3547737671756,0.24558693229210504,3.294708550330959,30.654584092625228,0.26969991655302733,LT-A,114.42690706294435,114.42690706294435,0.0,0.0,0,0,0.0,0.0,0,lower-middle,10736.852167504177,4,0.2689426569645353,0.2689426569645353,0.38070000000000004,972.6287100350271,972.6287100350271,0.0,8.5,30,1.0,114.42690706294435,114.42690706294435,860.6101455367783,860.6101455367783,0.0,798.628710035027,798.628710035027,7.5210469952086605,7.5210469952086605,76-200,76-200,0.0,0.0,0.0,0.0,0.0,0.0,0.0,1.0,True,0.0,False,False,False,,False
DHNC0007,Dhanmondi,Residential,Res-C,597.3547737671756,0.22703155796447627,3.368434981796543,21.03050655633284,0.3025223374839223,LT-A,149.25384920148198,149.25384920148198,0.0,0.0,0,0,0.0,0.0,0,lower-middle,24775.58637255295,4,1.2511246302574692,1.2511246302574692,1.9195,1268.6577182125968,1268.6577182125968,0.0,8.5,30,1.0,149.25384920148198,149.25384920148198,1234.0405541232267,1234.0405541232267,0.0,1094.6577182125968,1094.6577182125968,8.268065183748531,8.268065183748531,76-200,76-200,0.0,0.0,0.0,0.0,0.0,0.0,0.0,1.0,True,0.0,False,False,False,,False
DHNC0008,Dhanmondi,Residential,Res-B,597.3547737671756,0.371762262432816,1.958195354437911,18.025530948896996,0.3590640949863418,LT-A,188.3564219134829,168.61978370731657,0.0,19.736638206166372,0,651,355.7633828124348,0.0,21,middle,43471.247693859405,5,0.922622061291981,0.922622061291981,2.2004,1601.0295862646053,1433.2681615121912,0.0,8.5,30,1.0,188.3564219134829,168.61978370731657,1595.4187055778348,1419.2692095878006,0.0,1427.0295862646046,1259.268161512191,8.47021136508238,8.416979184668573,76-200,76-200,176.1494959900342,11.040957171568056,167.7614247524141,19.736638206166333,10.478346321120867,0.0,0.0,0.8952165367887911,True,-179.61388682240062,False,False,False,0.49513104636432903,True
DHNC0009,Dhanmondi,Residential,Res-A,597.3547737671756,0.635185299989375,1.225327892006244,18.6717274672704,0.41414587042128215,LT-A,398.077109371363,338.3655429656584,0.0,59.71156640570442,0,631,1114.9180945711319,0.0,30,upper-middle,177614.14505977277,4,2.560466022218713,2.2501332784056722,3.9807,3829.5017921525105,3255.0765233296333,0.0,9.62,30,1.0,398.077109371363,338.3655429656584,3724.025751760138,3120.8792194961156,0.0,3379.5017921525123,2805.076523329634,9.355036157796311,9.223395479760367,301-400,301-400,603.1465322640224,16.196089191352904,574.4252688228771,59.711566405704616,15.00000000000004,0.31033274381304077,12.120166450954464,0.8500000000000001,True,-511.77156230710943,False,False,False,0.5409783330281591,True
DHNC0010,Dhanmondi,Residential,Res-A,597.3547737671756,0.5028732002408461,1.8157646555528526,23.248261484397293,0.3230992493504371,LT-A,196.77862878463787,178.6770755167557,0.0,18.101553267882224,0,725,420.82964364547223,0.0,25,upper-middle,156299.7761650142,6,0.9831174001378662,0.9822815322352695,3.7399000000000004,1672.6183446694224,1518.755141892423,0.0,8.5,30,1.0,196.77862878463787,178.6770755167557,1738.4788519028932,1576.9224889870447,0.0,1498.618344669422,1344.7551418924236,8.834693394502468,8.825544544124613,76-200,76-200,161.55636291584847,9.292972574214126,153.86320277699951,18.101553267882167,9.198942679742528,0.0008358679025967097,0.08502218580196962,0.9080105732025745,True,-259.27328072962376,False,False,False,0.3838996737880746,True
DHNC0011,Dhanmondi,Residential,Res-A,597.3547737671756,0.3692491721558849,2.485346922333847,20.579846039237896,0.3491485285830399,LT-A,495.66845075302064,436.5728160126629,0.0,59.09563474035776,0,459,1216.179064547601,0.0,24,upper-middle,199144.37502718804,4,2.681841055030918,2.681841055030918,5.570199999999999,7439.983445802839,6552.95796835007,0.0,15.01,30,1.0,495.66845075302064,436.5728160126629,5321.328438092982,4389.951686767574,0.0,4833.98344580284,3946.9579683500697,10.735660964519342,10.055485650394326,401-600,401-600,931.3767513254079,17.502711252665843,887.0254774527693,59.09563474035775,11.922411977316598,0.0,0.0,0.880775880226834,True,-284.8023132221931,False,False,False,0.7658220557117261,True
DHNC0012,Dhanmondi,Residential,Res-A,597.3547737671756,0.5386261237165179,2.408977113564393,20.594169461062933,0.3788994379258158,LT-A,157.25263141484473,139.06315792833087,0.0,18.189473486513833,0,690,374.5970993887771,0.0,30,upper-middle,104924.43749387428,4,0.9674737262491748,0.8776915511837206,2.9512,1336.64736702618,1182.0368423908124,0.0,8.5,30,1.0,157.25263141484473,139.06315792833087,1350.9276553774891,1188.586604510353,0.0,1162.6473670261803,1008.0368423908124,8.590811124893907,8.547099190160173,76-200,76-200,162.34105086713612,12.017005516240854,154.6105246353677,18.18947348651386,11.567039179477137,0.08978217506545427,9.280063388753018,0.8843296082052288,True,-212.256048521641,False,False,False,0.43337508787981777,True
DHNC0013,Dhanmondi,Residential,Res-B,597.3547737671756,0.4151720167605782,1.6924710884998417,21.58504930244223,0.42377541672191993,LT-A,185.82639660692382,174.77253590698479,0.0,11.053860699938996,0,302,238.5981281905118,0.0,12,middle,56263.97878643399,5,1.0613030785431088,1.0613030785431088,1.7252,1579.5243711588523,1485.566555209371,0.0,8.5,30,1.0,185.82639660692382,174.77253590698479,1551.8819097167952,1453.226202969839,0.0,1405.5243711588525,1311.5665552093706,8.351245775913478,8.31495746988106,76-200,76-200,98.65570674695618,6.357165846785338,93.9578159494813,11.053860699939037,5.948487890727993,0.0,0.0,0.9405151210927203,True,-139.94242144355562,False,False,False,0.4134806399997541,True
DHNC0014,Dhanmondi,Residential,Res-B,597.3547737671756,0.3658805028771735,1.3716573692530845,16.91677503786368,0.3233193602958268,LT-A,139.96076086458442,133.46576754102898,0.0,6.494993323555409,0,384,109.8743409270134,0.0,24,middle,52192.10494958036,4,0.8231676560421688,0.8231676560421688,2.8141,1189.6664673489672,1134.4590240987463,0.0,8.5,30,1.0,139.96076086458442,133.46576754102898,1190.551600716416,1132.5837853036837,0.0,1015.6664673489676,960.4590240987463,8.50632415372695,8.48594966462478,76-200,76-200,57.96781541273231,4.868988070559067,55.20744325022088,6.494993323555434,4.640581605468339,0.0,0.0,0.9535941839453168,True,-51.9065255142811,False,False,False,0.5275828271064559,True
DHNC0015,Dhanmondi,Residential,Res-A,597.3547737671756,0.5129785330001845,1.316171549000022,18.17328596237249,0.4865116293721594,LT-A,578.3988813460238,491.63904914412024,0.0,86.7598322019036,0,524,1576.711240652647,0.0,30,upper-middle,83791.43714369864,5,3.202978446236219,3.202978446236219,4.6006,8681.76720900382,7379.502127653249,0.0,15.01,30,1.0,578.3988813460238,491.63904914412024,6582.442029454009,5215.063694035906,0.0,6075.767209003818,4773.502127653244,11.380454288112809,10.607505044838597,401-600,401-600,1367.3783354181023,20.773116258367136,1302.2650813505707,86.75983220190358,15.0,0.0,0.0,0.85,True,-209.33290523454457,False,False,False,0.867234468913981,True
DHNC0016,Dhanmondi,Residential,Res-A,597.3547737671756,0.5202448578294103,1.449290396516837,27.850003669213212,0.3477793964255179,LT-A,205.91342095875007,196.05624749218063,0.0,9.85717346656944,0,377,274.52231721203003,0.0,13,upper-middle,140591.20841218322,5,0.8430372817850791,0.8430372817850791,2.6751000000000005,1873.812130724626,1784.111852178844,0.0,9.1,30,1.0,205.91342095875007,196.05624749218063,1776.774647260857,1685.073918867712,0.0,1579.8121307246256,1492.4781036835354,8.628746193366348,8.594849388489486,201-300,76-200,91.7007283931448,5.1610781668071475,89.70027854578211,9.857173466569435,4.7870475953794625,0.0,0.0,0.9521295240462053,True,-182.82158881888523,False,False,False,0.33403742662684444,True
DHNC0017,Dhanmondi,Residential,Res-A,597.3547737671756,0.6267937956030032,1.7266259395684538,22.191994917413318,0.41451152558965887,LT-A,445.16895505283173,378.39361179490703,0.0,66.77534325792476,0,546,1481.8780781883956,0.0,30,upper-middle,125784.29300369692,5,3.889339225488028,3.83692173301608,5.3001,6681.986015343003,5679.688113041554,0.0,15.01,30,1.0,445.16895505283173,378.39361179490703,4513.519726110155,3583.388282740356,0.0,4075.9860153430045,3190.1465454670056,10.138891481268049,9.470002058815377,401-600,301-400,930.131443369799,20.60767427223378,1002.2979023014486,66.7753432579247,14.999999999999988,0.052417492471947824,1.3477223104747456,0.85,True,-551.7466348185967,False,True,False,0.6276706950863933,True
DHNC0018,Dhanmondi,Residential,Res-B,597.3547737671756,0.2257660077084152,1.493458400861342,16.960060365187232,0.3785107765602678,LT-A,166.20105462023224,166.20105462023224,0.0,0.0,0,0,0.0,0.0,0,middle,48210.726844112214,5,0.8779939686360916,0.8779939686360916,2.4252,1412.708964271974,1412.708964271974,0.0,8.5,30,1.0,166.20105462023224,166.20105462023224,1407.5957324855729,1407.5957324855729,0.0,1238.708964271974,1238.708964271974,8.469234661006906,8.469234661006906,76-200,76-200,0.0,0.0,0.0,0.0,0.0,0.0,0.0,1.0,True,0.0,False,False,False,,False
DHNC0019,Dhanmondi,Residential,Res-B,597.3547737671756,0.41725187886000425,1.9210553598697473,18.434665121911685,0.4507181261917123,LT-A,159.37148827089507,139.8013722128064,0.0,19.570116058088654,0,800,360.7685359278107,0.0,25,middle,41001.29658024218,4,1.0075919079701723,1.0062657815252996,2.9,1354.6576503026076,1188.3116638088547,0.0,8.5,30,1.0,159.37148827089507,139.8013722128064,1367.5805328177385,1192.9172469992973,0.0,1180.657650302608,1014.3116638088544,8.581086539727636,8.532943762407655,76-200,76-200,174.66328581844118,12.771700212679107,166.3459864937529,19.570116058088672,12.279559079491026,0.0013261264448727328,0.13161344730767627,0.8772044092050899,True,-186.10525010936954,False,False,False,0.4841422364321457,True
DHNC0020,Dhanmondi,Residential,Res-A,597.3547737671756,0.4524087566689231,1.669019248356296,18.06735840768602,0.43758001754558074,LT-A,275.89435902555635,235.9161279533754,0.0,39.97823107218094,0,618,722.3010292863826,0.0,29,upper-middle,196485.8508143802,5,1.8755679711321622,1.8755679711321622,5.2801,2510.6386671325627,2146.836764375716,0.0,9.1,30,1.0,275.89435902555635,235.9161279533754,2560.323010489191,2178.3310125945018,0.0,2216.6386671325627,1852.836764375716,9.280084665493382,9.233497648049775,201-300,201-300,381.9919978946891,14.919679912641312,363.80190275684663,39.97823107218096,14.490412639599398,0.0,0.0,0.8550958736040061,True,-340.30903139169345,False,False,False,0.528854289841022,True
DHNC0021,Dhanmondi,Residential,Res-A,597.3547737671756,0.593499683187066,1.5735730355305488,25.14225263506083,0.36812831116610345,LT-A,657.973080885311,559.2771187525146,0.0,98.6959621327967,0,758,2481.438814003172,0.0,30,upper-middle,154326.830346587,4,3.292968961196623,3.231044378901237,5.964899999999999,11415.832953360152,9703.458010356127,0.0,17.35,30,1.0,657.973080885311,559.2771187525146,8039.176691028153,6341.239120099008,0.0,7405.832953360145,5788.749552475245,12.218093603785949,11.33827740752803,601-above,401-600,1697.9375709291453,21.12078930699546,1712.3749430040243,98.69596213279635,14.999999999999956,0.061924582295386,1.880509140082614,0.8499999999999999,True,-783.5012430740267,False,False,False,0.6842552640618826,True
DHNC0022,Dhanmondi,Residential,Res-B,597.3547737671756,0.3775815483160288,2.0624570062445944,14.334308694458459,0.2780412155954435,LT-A,133.95380611275885,118.27490963284386,0.0,15.67889647991495,0,841,224.74614213155903,0.0,29,middle,39560.95363024633,5,0.6353992997170809,0.6301258269565703,1.2202,1138.60735195845,1005.3367318791729,0.0,8.5,30,1.0,133.95380611275885,118.27490963284386,1066.6485395563727,926.7143884731314,0.0,964.6073519584503,831.3367318791728,7.9628087510891294,7.835257632830956,76-200,76-200,139.93415108324132,13.119049611359427,133.27062007927702,15.678896479914997,11.704703983339531,0.0052734727605106,0.8299462657353694,0.8829529601666051,True,-84.81199104831771,False,False,False,0.6226320494583993,True
DHNC0023,Dhanmondi,Residential,Res-C,597.3547737671756,0.213198259329218,2.8827300304863437,33.724644661196976,0.3274178334648801,LT-A,272.03224092858227,272.03224092858227,0.0,0.0,0,0,0.0,0.0,0,lower-middle,15421.258152628776,3,1.0955845399535906,1.0955845399535906,2.0695,2475.493392450099,2475.493392450099,0.0,9.1,30,1.0,272.03224092858227,272.03224092858227,2381.8330120726037,2381.8330120726037,0.0,2181.493392450099,2181.493392450099,8.755701176971579,8.755701176971579,201-300,201-300,0.0,0.0,0.0,0.0,0.0,0.0,0.0,1.0,True,0.0,False,False,False,,False
DHNC0024,Dhanmondi,Residential,Res-A,597.3547737671756,0.5438622565982701,2.1514496998727797,19.1830401460924,0.3976973462845833,LT-A,431.11695257040515,366.44940968484434,0.0,64.66754288556078,0,725,1240.5200713228642,0.0,30,upper-middle,101357.95179186048,4,2.596500948654084,2.579757274713622,5.3059,6471.065458081782,5500.405639369513,0.0,15.01,30,1.0,431.11695257040515,366.44940968484434,4292.308920985871,3462.9956772266128,0.0,3865.0654580817813,3075.243321168203,9.956251767401561,9.450133048938122,401-600,301-400,829.3132437592581,19.320912334724937,970.659818712269,64.6675428855608,15.000000000000007,0.016743673940462056,0.6448552984023082,0.85,True,-411.2068275636061,False,False,False,0.6685206172237875,True
DHNC0025,Dhanmondi,Residential,Res-A,597.3547737671756,0.5916118861150873,3.0040159166063707,19.287078447991448,0.40669407087305026,LT-A,567.3292533741046,482.22986536798885,0.0,85.09938800611572,0,545,1641.3185723500164,0.0,30,upper-middle,148933.5771814863,5,3.3153360078658327,3.3153360078658327,6.1248,8515.612093145312,7238.270279173515,0.0,15.01,30,1.0,567.3292533741046,482.22986536798885,6475.196377802576,5133.987473132189,0.0,5909.61209314531,4632.270279173513,11.413471699709346,10.646349058481583,401-600,401-600,1341.2089046703868,20.713022840019867,1277.341813971797,85.09938800611576,15.000000000000014,0.0,0.0,0.85,True,-300.10966767962964,False,True,False,0.8171533103107845,True
DHNC0026,Dhanmondi,Residential,Res-A,597.3547737671756,0.5556293189257726,2.0643005858025623,19.53619905640408,0.4003143373493477,LT-A,470.1141317899835,399.59701202148585,0.0,70.51711976849752,0,705,1377.6364886816552,0.0,30,upper-middle,102517.59120326015,5,3.371064558176016,3.340259707054781,5.2899,7056.413118167653,5997.951150442503,0.0,15.01,30,1.0,470.1141317899835,399.59701202148585,4906.218364076035,3797.1140084290287,0.0,4450.413118167652,3394.123255646694,10.436228209935656,9.502358361540658,401-600,301-400,1109.1043556470063,22.606094416180326,1058.4619677251503,70.51711976849765,15.000000000000027,0.0308048511212351,0.9138018744411913,0.85,True,-268.53213303464895,False,True,False,0.8050776563768112,True
DHNC0027,Dhanmondi,Residential,Res-A,597.3547737671756,0.4867852658952684,2.4202441469979568,17.81778807269764,0.42524066546633366,LT-A,275.0476850721528,233.7905323113298,0.0,41.25715276082291,0,870,735.1112043752548,0.0,30,upper-middle,155912.04588368593,6,1.1719317158741753,1.1676749022422381,3.6559000000000004,2502.9339341565897,2127.493844033102,0.0,9.1,30,1.0,275.0476850721528,233.7905323113298,2480.6058208644195,2086.3937262347563,0.0,2208.93393415659,1833.4938440331011,9.018820937226527,8.924201102619445,201-300,201-300,394.21209462966317,15.891766894761686,375.4400901234876,41.257152760822976,15.000000000000021,0.004256813631937195,0.3632305171263262,0.85,True,-340.89910974559166,False,False,False,0.5362618502933718,True
DHNC0028,Dhanmondi,Residential,Res-A,597.3547737671756,0.61996519333977,1.8398461430494026,16.922215960258317,0.3835220657433097,LT-A,623.2412291604629,529.7550447863933,0.0,93.48618437406944,0,631,1581.9934012785293,0.0,30,upper-middle,105057.52740933542,6,3.2768272328076478,3.2130087303339083,6.095199999999999,10813.235325934029,9191.250027043927,0.0,17.35,30,1.0,623.2412291604629,529.7550447863933,7412.195412230733,5881.7027033559525,0.0,6803.235325934032,5345.623222243764,11.892979901562885,11.102683704933021,601-above,401-600,1530.4927088747809,20.648304905039897,1621.985298890102,93.48618437406958,15.000000000000023,0.06381850247373944,1.9475699492114673,0.85,True,-51.50069240374842,False,True,False,0.9674456970793135,True
DHNC0029,Dhanmondi,Residential,Res-A,597.3547737671756,0.3877822224185491,1.9151285083763858,22.42925195829573,0.42543746447560704,LT-A,624.4129303924487,546.5307196384339,0.0,77.88221075401476,0,398,1746.8397280708864,0.0,25,upper-middle,144519.6067555219,6,3.1068196972156823,3.1068196972156823,4.985199999999999,10833.564342308986,9482.307985726824,0.0,17.35,30,1.0,624.4129303924487,546.5307196384339,7384.589879424435,6097.1447268615375,0.0,6823.564342308986,5597.426101772893,11.826452528430439,11.156087860706533,601-above,401-600,1287.4451525628974,17.434213322395674,1351.256356582162,77.88221075401486,12.472869628927327,0.0,0.0,0.8752713037107269,True,-459.394575507989,False,False,False,0.7370138953644482,True
DHNC0030,Dhanmondi,Residential,Res-A,597.3547737671756,0.5028414762307929,2.3198939873165827,19.733661271810234,0.41990902395522134,LT-A,404.32435633914633,343.67570288827426,0.0,60.648653450871926,0,628,1196.8199837909117,0.0,30,upper-middle,106153.87130008996,5,2.1577045951524205,2.123655281036932,5.2299999999999995,6068.908588650584,5158.572300352997,0.0,15.01,30,1.0,404.32435633914633,343.67570288827426,3866.6970180831154,3229.611274874458,0.0,3462.9085886505864,2856.160261785198,9.563354167167063,9.397263896553008,401-600,301-400,637.0857432086573,16.47622609760326,910.3362882975862,60.648653450872075,15.000000000000032,0.03404931411548873,1.5780340919690852,0.8500000000000001,True,-559.7342405822544,False,False,False,0.5323154290845784,True
DHNC0031,Dhanmondi,Residential,Res-A,597.3547737671756,0.4501017239159658,2.000386186131422,20.765947932948635,0.5183352959572349,LT-A,441.85756643749727,375.5789314718727,0.0,66.27863496562459,0,465,1376.3386827630693,0.0,30,upper-middle,164420.88079508737,6,2.7046567135470405,2.7046567135470405,5.1242,6632.282072226834,5637.439761392809,0.0,15.01,30,1.0,441.85756643749727,375.5789314718727,4453.573395838175,3547.200006797386,0.0,4026.282072226834,3163.0693207594154,10.079205911862896,9.444619251926909,401-600,301-400,906.3733890407893,20.351598783300332,994.8423108340257,66.27863496562458,14.999999999999996,0.0,0.0,0.85,True,-469.96529372227997,False,False,False,0.6585395007725853,True
DHNC0032,Dhanmondi,Residential,Res-A,597.3547737671756,0.5899478234236094,1.1987759357678045,23.34255452098799,0.38945466751973734,LT-A,349.49508962096536,297.0708261778206,0.0,52.4242634431448,0,519,1223.716227644245,0.0,30,upper-middle,151810.27950763196,5,1.8606251097774307,1.8288263631230106,5.3008999999999995,3362.1427621536864,2857.821347830634,0.0,9.62,30,1.0,349.49508962096536,297.0708261778206,3291.5195902613714,2763.581434129076,0.0,2912.142762153687,2409.3445182181677,9.417927999592475,9.30276954383549,301-400,201-300,527.9381561322953,16.03934418905807,504.3214143230525,52.42426344314475,14.999999999999986,0.03179874665442006,1.7090356615806315,0.85,True,-695.7780715119497,False,False,False,0.43142204393956585,True
DHNC0033,Dhanmondi,Residential,Res-A,597.3547737671756,0.630866255796793,1.8274076021818968,18.19049195254879,0.40568111721098243,LT-A,384.79949945318106,327.0795745352038,0.0,57.719924917977146,0,705,1049.9538297221839,0.0,30,upper-middle,192056.4880951592,6,1.7967119512109364,1.7967119512109364,3.8556,3701.7711847396004,3146.5055070286617,0.0,9.62,30,1.0,384.79949945318106,327.0795745352038,3584.3917039765815,3001.362742380093,0.0,3251.7711847396017,2696.5055070286603,9.314959372530831,9.176246320624507,301-400,301-400,583.0289615964884,16.2657714264227,555.2656777109387,57.719924917977266,15.000000000000028,0.0,0.0,0.8500000000000001,True,-466.9248681256954,False,False,False,0.5552900947566018,True
DHNC0034,Dhanmondi,Residential,Res-A,597.3547737671756,0.6192260535940651,2.633587939386754,19.682452953675327,0.4719360101086126,LT-A,320.73820057350525,272.6274704874795,0.0,48.1107300860258,0,552,946.9371814851754,0.0,30,upper-middle,154781.5376330074,6,1.4470815531004906,1.4470815531004906,3.8059000000000007,3085.501489517121,2622.6762660895524,0.0,9.62,30,1.0,320.73820057350525,272.6274704874795,2935.1167539929766,2464.0956705078665,0.0,2635.5014895171207,2186.9099814360634,9.151129328358007,9.038324957136082,301-400,201-300,471.02108348511,16.047780138365056,462.82522342756874,48.11073008602574,14.999999999999986,0.0,0.0,0.85,True,-475.9160980000654,False,False,False,0.4974153435884321,True
DHNC0035,Dhanmondi,Residential,Res-A,597.3547737671756,0.5083908399120235,2.1820544165119893,19.766779548659564,0.3776643895006368,LT-A,541.4722637248677,460.2514241661377,0.0,81.22083955873015,0,660,1605.4744303144669,0.0,30,upper-middle,166744.4203574104,4,2.7252667279185627,2.7252667279185627,5.974899999999999,8127.498678510266,6908.373876733723,0.0,15.01,30,1.0,541.4722637248677,460.2514241661377,6061.066702435777,4780.9856605704135,0.0,5521.498678510265,4302.373876733727,11.193678990574334,10.38776940067569,401-600,401-600,1280.0810418653637,21.11973196650243,1219.1248017765429,81.22083955873,14.999999999999972,0.0,0.0,0.8500000000000001,True,-325.3933884491032,False,False,False,0.7973225967944143,True
DHNC0036,Dhanmondi,Residential,Res-A,597.3547737671756,0.6694184478906218,2.645255280384111,22.031219559416964,0.43559306185384855,LT-A,353.040811548088,300.0846898158747,0.0,52.95612173221319,0,551,1166.6879448976013,0.0,30,upper-middle,105475.6400832551,6,2.338062951529534,2.338062951529534,5.1809,3396.2526070926065,2886.8147160287162,0.0,9.62,30,1.0,353.040811548088,300.0846898158747,3322.042927447237,2787.13314183015,0.0,2946.252607092607,2436.8147160287144,9.409798580736433,9.28782185968992,301-400,301-400,534.909785617087,16.10183243562504,509.4378910638902,52.95612173221332,15.000000000000034,0.0,0.0,0.8500000000000001,True,-631.7781592805143,False,False,False,0.4584857398728289,True
DHNC0037,Dhanmondi,Residential,Res-B,597.3547737671756,0.373662659294406,1.5498417477578863,24.849552099919027,0.3831361657790525,LT-A,89.70684034796955,89.70684034796955,0.0,0.0,0,0,0.0,0.0,0,middle,38741.55515039892,5,0.7117994791378291,0.7117994791378291,2.4604000000000004,762.508142957741,762.508142957741,0.0,8.5,30,1.0,89.70684034796955,89.70684034796955,726.4371901056282,726.4371901056282,0.0,588.5081429577411,588.5081429577411,8.097901868885415,8.097901868885415,76-200,76-200,0.0,0.0,0.0,0.0,0.0,0.0,0.0,1.0,True,0.0,False,False,False,,False
DHNC0038,Dhanmondi,Residential,Res-B,597.3547737671756,0.3611700969112339,1.1930796815998574,19.39370265168716,0.4024133036902081,LT-A,122.61475577696295,115.2945502087537,0.0,7.320205568209277,0,340,141.96589013907538,0.0,12,middle,43616.96248348577,5,0.7351805302782848,0.7351805302782848,1.9703,1042.2254241041853,980.0036767744066,0.0,8.5,30,1.0,122.61475577696295,115.2945502087537,998.5269253093944,933.1940906131268,0.0,868.2254241041851,806.0036767744065,8.143611419213862,8.094000010611728,76-200,76-200,65.33283469626758,6.542921681959067,62.22174732977874,7.320205568209246,5.970085347251964,0.0,0.0,0.9402991465274801,True,-76.6330554428078,False,False,False,0.46020093018305286,True
DHNC0039,Dhanmondi,Residential,Res-B,597.3547737671756,0.46261831626981004,1.8251244820142152,16.311687278592327,0.4964853678372352,LT-A,267.8041982701952,227.63356852966578,0.0,40.170629740529264,0,578,655.2507501116337,0.0,30,middle,36637.73077401458,4,1.7540977811110463,1.7540977811110463,4.1742,2437.0182042587758,2071.4654736199586,0.0,9.1,30,1.0,267.8041982701952,227.63356852966578,2434.251334471715,2050.4209673009564,0.0,2143.0182042587758,1777.4654736199586,9.089668310635409,9.007550953688714,201-300,201-300,383.83036717075856,15.767902095206534,365.55273063881714,40.17062974052939,15.000000000000044,0.0,0.0,0.8500000000000001,True,-271.42038294087513,False,False,False,0.5857763109853231,True
DHNC0040,Dhanmondi,Residential,Res-B,597.3547737671756,0.3761296333985647,1.686090203702411,23.74351437944194,0.40926000879701546,LT-A,241.854593958359,241.854593958359,0.0,0.0,0,0,0.0,0.0,0,middle,33680.82766666332,5,1.7412662609423442,1.7412662609423442,3.7952000000000004,2200.8768050210656,2200.8768050210656,0.0,9.1,30,1.0,241.854593958359,241.854593958359,2169.5889652721203,2169.5889652721203,0.0,1906.876805021067,1906.876805021067,8.970633676057716,8.970633676057716,201-300,201-300,0.0,0.0,0.0,0.0,0.0,0.0,0.0,1.0,True,0.0,False,False,False,,False
DHNC0041,Dhanmondi,Residential,Res-B,597.3547737671756,0.3638272743587208,1.4856929780336916,25.671088940326786,0.4049784624561687,LT-A,231.40151671267756,231.40151671267756,0.0,0.0,0,0,0.0,0.0,0,middle,53533.129071948075,5,1.2714816312702506,1.2714816312702506,4.1953,2105.7538020853654,2105.7538020853654,0.0,9.1,30,1.0,231.40151671267756,231.40151671267756,2087.354222189634,2087.354222189634,0.0,1811.7538020853658,1811.7538020853658,9.020486347033854,9.020486347033854,201-300,201-300,0.0,0.0,0.0,0.0,0.0,0.0,0.0,1.0,True,0.0,False,False,False,,False
DHNC0042,Dhanmondi,Residential,Res-A,597.3547737671756,0.549967476616753,1.7809577910166634,19.959102707478078,0.3414967659649226,LT-A,586.5865757346617,498.59858937446234,0.0,87.98798636019922,0,816,1756.161256787397,0.0,30,upper-middle,177588.57713129412,4,2.7947687083347503,2.7947687083347503,4.1101,8804.66450177727,7483.96482651068,0.0,15.01,30,1.0,586.5865757346617,498.59858937446234,6689.853136866135,5303.118477836214,0.0,6198.664501777272,4877.96482651068,11.404715712233148,10.636047896744879,401-600,401-600,1386.7346590299212,20.728925294158813,1320.69967526659,87.98798636019933,15.000000000000012,0.0,0.0,0.8500000000000001,True,-369.42659775747575,False,False,False,0.78963970630278,True
DHNC0043,Dhanmondi,Residential,Res-A,597.3547737671756,0.5423794757208616,1.8737282007905378,23.43746981849498,0.4861530073156113,LT-A,444.5260782543428,377.8471665161914,0.0,66.67891173815143,0,373,1562.7849813930147,0.0,30,upper-middle,142262.97519142774,4,3.7811730375004524,3.7811730375004524,6.150799999999999,6672.336434597685,5671.485969408032,0.0,15.01,30,1.0,444.5260782543428,377.8471665161914,4540.90353632757,3615.3845089800493,0.0,4066.336434597685,3184.8897418857614,10.215156676880987,9.56837798286129,401-600,301-400,925.5190273475205,20.381825333731463,1000.8504651896528,66.67891173815138,14.999999999999991,0.0,0.0,0.85,True,-637.2659540454943,False,False,False,0.59222416286759,True
DHNC0044,Dhanmondi,Residential,Res-A,597.3547737671756,0.5661221423403757,1.9613235060803325,20.085203574377765,0.433040524072717,LT-A,240.79483692437557,208.37072399998644,0.0,32.42411292438911,0,750,651.2449088049685,0.0,30,upper-middle,80180.76947656665,5,1.601118112256346,1.4870195714579022,2.9010000000000002,2191.233016011818,1896.1735883998767,0.0,9.1,30,1.0,240.79483692437557,208.37072399998644,2120.028766812409,1810.2163678198704,0.0,1897.2330160118177,1602.1735883998765,8.804294950386451,8.687479378437002,201-300,201-300,309.8123989925384,14.613594109779939,295.0594276119414,32.424112924389135,13.465451891965735,0.11409854079844384,7.126178882434386,0.8653454810803428,True,-341.4325098124301,False,False,False,0.47572333357821217,True
DHNC0045,Dhanmondi,Residential,Res-A,597.3547737671756,0.6970842693450517,2.7420637165616464,16.07154413136144,0.4033189634141048,LT-A,358.13514373014027,304.4148721706191,0.0,53.72027155952104,0,735,863.3677151175631,0.0,30,upper-middle,150447.38829950657,5,1.5801558631935804,1.5793856350815785,4.3149,3445.260082683949,2928.4710702813554,0.0,9.62,30,1.0,358.13514373014027,304.4148721706191,3335.310176818147,2792.681713795424,0.0,2995.2600826839493,2478.471070281356,9.312993251875188,9.173933237500222,301-400,301-400,542.6284630227228,16.269205388878856,516.7890124025935,53.720271559521166,15.000000000000036,0.0007702281120018917,0.04874380622460996,0.85,True,-320.73925209484025,False,True,False,0.6285021474874517,True
DHNC0046,Dhanmondi,Residential,Res-B,597.3547737671756,0.15581542793144929,1.4403344825380575,19.702328953383024,0.4150585132356771,LT-A,211.6008884640585,211.6008884640585,0.0,0.0,0,0,0.0,0.0,0,middle,32234.677972628102,4,1.3667714567211422,1.3667714567211422,2.8155,1925.5680850229326,1925.5680850229326,0.0,9.1,30,1.0,211.6008884640585,211.6008884640585,1837.310039274079,1837.310039274079,0.0,1631.5680850229323,1631.5680850229323,8.682903236420746,8.682903236420746,201-300,201-300,0.0,0.0,0.0,0.0,0.0,0.0,0.0,1.0,True,0.0,False,False,False,,False
DHNC0047,Dhanmondi,Residential,Res-B,597.3547737671756,0.35338904348443756,2.2457394450041455,21.206963881489493,0.34947213666921706,LT-A,166.57813096673863,164.09880886708234,0.0,2.4793220996562972,0,90,52.5788942179898,0.0,3,middle,39173.478942151974,4,0.9413984127095423,0.9413984127095423,1.2504,1415.9141132172786,1394.8398753702,0.0,8.5,30,1.0,166.57813096673863,164.09880886708234,1359.1524588781424,1337.02450913871,0.0,1241.9141132172783,1220.8398753702,8.159249062228524,8.147679549713738,76-200,76-200,22.127949739432324,1.6280697279315486,21.07423784707862,2.4793220996562866,1.488383910461418,0.0,0.0,0.9851161608953858,True,-30.450944478557474,False,False,False,0.42085232237275305,True
DHNC0048,Dhanmondi,Residential,Res-B,597.3547737671756,0.26535170408461367,1.1447438651956108,22.043622442568132,0.37362263545321006,LT-A,254.3248654332369,254.3248654332369,0.0,0.0,0,0,0.0,0.0,0,middle,37696.0701599607,4,1.318344304216851,1.318344304216851,3.0655,2314.3562754424565,2314.3562754424565,0.0,9.1,30,1.0,254.3248654332369,254.3248654332369,2256.5626392145787,2256.5626392145787,0.0,2020.3562754424559,2020.3562754424559,8.87275664284958,8.87275664284958,201-300,201-300,0.0,0.0,0.0,0.0,0.0,0.0,0.0,1.0,True,0.0,False,False,False,,False
DHNC0049,Dhanmondi,Residential,Res-B,597.3547737671756,0.22365065821942623,0.744780050031915,21.35467766058071,0.4484452533960946,LT-A,125.29698922599817,125.29698922599817,0.0,0.0,0,0,0.0,0.0,0,middle,52127.79319011733,5,0.799211508859545,0.799211508859545,1.8702,1065.0244084209842,1065.0244084209842,0.0,8.5,30,1.0,125.29698922599817,125.29698922599817,1018.0514488420338,1018.0514488420338,0.0,891.0244084209845,891.0244084209845,8.12510703673633,8.12510703673633,76-200,76-200,0.0,0.0,0.0,0.0,0.0,0.0,0.0,1.0,True,0.0,False,False,False,,False
DHNC0050,Dhanmondi,Residential,Res-B,597.3547737671756,0.3843318738526791,1.6152969810799442,23.225283360431796,0.4536027977550854,LT-A,147.13363333260193,146.4019187431187,0.0,0.7317145894832451,0,26,16.994278679710394,0.0,1,middle,52322.32573249229,5,0.609624165543079,0.609624165543079,2.6752,1250.6358833271167,1244.4163093165091,0.0,8.5,30,1.0,147.13363333260193,146.4019187431187,1248.4439974934724,1241.9134447823344,0.0,1076.6358833271165,1070.416309316509,8.485102754659167,8.482904154838529,76-200,76-200,6.530552711137943,0.5230953670528653,6.21957401060763,0.7317145894832322,0.49731293444589914,0.0,0.0,0.995026870655541,True,-10.46372596857245,False,False,False,0.3842794880688183,True
DHNC0051,Dhanmondi,Residential,Res-A,597.3547737671756,0.6108901610029398,2.171157917307993,17.651499822220806,0.34557135171563014,LT-A,649.498883370988,552.0740508653396,0.0,97.42483250564815,0,591,1719.6944136533402,0.0,30,upper-middle,102642.37060160656,4,3.289320262604461,3.289320262604461,5.5310999999999995,11268.805626486637,9578.484782513646,0.0,17.35,30,1.0,649.498883370988,552.0740508653396,7865.667417810974,6208.584588663184,0.0,7258.805626486642,5680.631503488747,12.110363264963729,11.24592720656158,601-above,401-600,1657.08282914779,21.06728826845006,1690.3208439729915,97.4248325056484,15.00000000000003,0.0,0.0,0.8500000000000001,True,-62.61158450555013,False,True,False,0.9635914474057415,True
DHNC0052,Dhanmondi,Residential,Res-B,597.3547737671756,0.3726478772544336,1.5993264397284146,21.294148290770202,0.35856588258422034,LT-A,150.49813153630498,143.79263327080724,0.0,6.70549826549772,0,261,142.78787442901083,0.0,9,middle,37964.12933085576,4,0.7707490196024964,0.7707490196024964,2.2041000000000004,1279.2341180585925,1222.2373828018615,0.0,8.5,30,1.0,150.49813153630498,143.79263327080724,1257.696633961522,1197.850061941955,0.0,1105.2341180585922,1048.2373828018617,8.356892016683444,8.33039937231014,76-200,76-200,59.84657201956702,4.758426666934848,56.99673525673097,6.705498265497738,4.45553589074304,0.0,0.0,0.9554446410925698,True,-82.94130240944381,False,False,False,0.4191292310981256,True
DHNC0053,Dhanmondi,Residential,Res-A,597.3547737671756,0.49341982964292497,1.9036623324733057,19.896239606905134,0.355579348519636,LT-A,513.7550022660504,436.69175192614296,0.0,77.06325033990758,0,652,1533.2688936497148,0.0,30,upper-middle,116973.28594294217,6,4.090200695867592,4.090200695867592,5.939799999999999,7711.462584013417,6554.743196411406,0.0,15.01,30,1.0,513.7550022660504,436.69175192614296,5622.680893214087,4408.125536231976,0.0,5105.462584013416,3948.7431964114057,10.944284471029551,10.09436408356418,401-600,401-600,1214.5553569821104,21.601001018000783,1156.719387602011,77.06325033990743,14.999999999999975,0.0,0.0,0.85,True,-318.71353666760433,False,False,False,0.7921346099254939,True
DHNC0054,Dhanmondi,Residential,Res-A,597.3547737671756,0.654369338908928,2.6974398097544334,14.292182457781125,0.3781775349548564,LT-A,421.104037435801,357.9384318204308,0.0,63.165605615370154,0,579,902.7743605111141,0.0,30,upper-middle,103119.96323648613,4,2.118022367630691,2.118022367630691,5.2259,6320.771601911372,5372.655861624667,0.0,15.01,30,1.0,421.104037435801,357.9384318204308,4130.972372006941,3373.4982898181715,0.0,3714.7716019113727,2993.3677141125445,9.809861708193013,9.424800440290735,401-600,301-400,757.4740821887699,18.336459651042592,948.1157402867057,63.16560561537017,15.000000000000005,0.0,0.0,0.85,True,-145.30027832234418,False,True,False,0.8390513901612346,True
DHNC0055,Dhanmondi,Residential,Res-B,597.3547737671756,0.4501029581823479,1.0486494732999003,19.248389868490342,0.4114363438339284,LT-A,136.12540807363925,117.75037632796612,0.0,18.37503174567313,0,723,353.6897748866031,0.0,27,middle,56853.40933719749,4,0.8014233717856606,0.7956538176222662,2.9041,1157.065968625934,1000.8781987877121,0.0,8.5,30,1.0,136.12540807363925,117.75037632796612,1160.2900770572303,996.2929187270978,0.0,983.0659686259336,826.8781987877121,8.523684839420666,8.461059317145255,76-200,76-200,163.9971583301325,14.134151586133358,156.1877698382218,18.375031745673127,13.49860544457127,0.005769554163394419,0.7199133899151468,0.8650139455542873,True,-189.69261655647063,False,False,False,0.46367514690723477,True
DHNC0056,Dhanmondi,Residential,Res-B,597.3547737671756,0.31168061113997875,0.8916788839015665,22.210695148560767,0.3570721263989111,LT-A,182.08517895680382,182.08517895680382,0.0,0.0,0,0,0.0,0.0,0,middle,46247.68036695517,4,1.0352773503428032,1.0352773503428032,2.9351,1547.7240211328324,1547.7240211328324,0.0,8.5,30,1.0,182.08517895680382,182.08517895680382,1571.848132189474,1571.848132189474,0.0,1373.7240211328324,1373.7240211328324,8.632488054188993,8.632488054188993,76-200,76-200,0.0,0.0,0.0,0.0,0.0,0.0,0.0,1.0,True,0.0,False,False,False,,False
DHNC0057,Dhanmondi,Residential,Res-A,597.3547737671756,0.534181624612049,2.320484940642834,17.00229511239342,0.4097995579764519,LT-A,307.2130744885073,261.1311133152312,0.0,46.0819611732761,0,463,783.499103225896,0.0,30,upper-middle,129693.24868113289,6,1.9898865958128031,1.9838284539841602,5.2048,2955.389776579441,2512.081310092524,0.0,9.62,30,1.0,307.2130744885073,261.1311133152312,2860.190945408412,2415.9394677270334,0.0,2505.38977657944,2082.2931311686034,9.31012115994891,9.251825403166606,301-400,201-300,444.2514776813787,15.532231454496237,443.30846648691704,46.08196117327611,15.000000000000007,0.006058141828642949,0.30444658712665973,0.85,True,-339.2476255445173,False,False,False,0.5670095547681737,True
DHNC0058,Dhanmondi,Residential,Res-B,597.3547737671756,0.3753761035399734,0.9749767563836497,20.970445025741377,0.45520066062159603,LT-A,122.32622612310952,116.88489091602433,0.0,5.44133520708519,0,167,114.10722082681106,0.0,9,middle,25958.75429682545,4,0.31683256362057566,0.31683256362057566,0.4343,1039.7729220464312,993.5215727862068,0.0,8.5,30,1.0,122.32622612310952,116.88489091602433,931.1115681487524,882.5476514255172,0.0,865.772922046431,819.5215727862069,7.6117084427314765,7.550570860861575,76-200,76-200,48.56391672323525,5.215692553341447,46.2513492602244,5.441335207085189,4.448216363356956,0.0,0.0,0.9555178363664304,True,-65.5433041035758,False,False,False,0.42559897937523417,True
DHNC0059,Dhanmondi,Residential,Res-B,597.3547737671756,0.49879553975368274,1.6396220544385596,22.33318191518406,0.3061357628546531,LT-A,186.75369561814352,168.2742000786711,0.0,18.479495539472325,0,800,412.70593558386787,0.0,25,middle,41228.7419215112,5,0.9512570634449838,0.94779664003243,2.9252,1587.40641275422,1430.3307006687053,0.0,8.5,30,1.0,186.75369561814352,168.2742000786711,1613.078053391931,1448.1485557021397,0.0,1413.40641275422,1256.3307006687044,8.637462557582808,8.605885840046216,76-200,76-200,164.92949768979133,10.224520589253734,157.07571208551462,18.479495539472424,9.895116387553351,0.0034604234125538147,0.3637737416657773,0.9010488361244671,True,-247.77643789407654,False,False,False,0.3996295751270465,True
DHNC0060,Dhanmondi,Residential,Res-B,597.3547737671756,0.27185582904113936,1.4099785115727772,24.08497875075221,0.3898636541751338,LT-A,221.00999712624505,221.00999712624505,0.0,0.0,0,0,0.0,0.0,0,middle,33370.29055587796,5,1.5588965110607325,1.5588965110607325,3.4153,2011.1909738488298,2011.1909738488298,0.0,9.1,30,1.0,221.00999712624505,221.00999712624505,1953.6652525412717,1953.6652525412717,0.0,1717.19097384883,1717.19097384883,8.83971439276252,8.83971439276252,201-300,201-300,0.0,0.0,0.0,0.0,0.0,0.0,0.0,1.0,True,0.0,False,False,False,,False
DHNC0061,Dhanmondi,Residential,Res-A,597.3547737671756,0.7369027246697445,1.6991966792046487,18.0081702904721,0.36820080051322784,LT-A,420.37400567712103,357.3179048255529,0.0,63.05610085156816,0,695,1135.5250019882221,0.0,30,upper-middle,168489.3703277356,6,2.0980278784337933,2.0783734571729466,4.5648,6309.813825213586,5363.341751431549,0.0,15.01,30,1.0,420.37400567712103,357.3179048255529,4090.312196474266,3338.0758366429095,0.0,3703.813825213587,2987.3982444218186,9.730173943285957,9.342033498916322,401-600,301-400,752.2363598313564,18.390683246128816,946.4720737820371,63.05610085156815,14.999999999999998,0.01965442126084671,0.936804580286083,0.85,True,-383.28864215686576,False,True,False,0.6624568886763788,True
DHNC0062,Dhanmondi,Residential,Res-A,597.3547737671756,0.48731446560119257,2.4022804059400995,16.921357370916528,0.3299821605950508,LT-A,541.7017373274599,460.4464767283409,0.0,81.255260599119,0,585,1374.9493028646452,0.0,30,upper-middle,156196.8953638039,5,3.134362305600136,3.134362305600136,6.080099999999999,8130.943077285174,6911.301615692399,0.0,15.01,30,1.0,541.7017373274599,460.4464767283409,6069.3226411494325,4788.699106477016,0.0,5524.943077285174,4305.301615692397,11.204177913648657,10.40012107488077,401-600,401-600,1280.623534672416,21.099941630881673,1219.6414615927752,81.25526059911903,15.000000000000007,0.0,0.0,0.85,True,-94.32576819222913,False,False,False,0.9313969118747101,True
DHNC0063,Dhanmondi,Residential,Res-B,597.3547737671756,0.33523784533369644,1.5660940153818146,18.022696333792343,0.49290146020150627,LT-A,192.55977707048777,181.16143372210652,0.0,11.398343348381228,0,213,205.42888087617666,0.0,12,middle,29241.158177920846,5,1.0765110476120967,1.0765110476120967,2.8551,1636.758105099146,1539.8721866379053,0.0,8.5,30,1.0,192.55977707048777,181.16143372210652,1661.8059203541034,1560.0757059698008,0.0,1462.7581050991462,1365.8721866379055,8.630078127613269,8.611522187238188,76-200,76-200,101.7302143843026,6.12166638343818,96.88591846124064,11.398343348381246,5.9193791776196365,0.0,0.0,0.9408062082238037,True,-103.69866649187406,False,False,False,0.4952089207243504,True
DHNC0064,Dhanmondi,Residential,Res-A,597.3547737671756,0.6914948309573203,2.780215578476369,26.291413067498453,0.3348758144912507,LT-A,436.5674191334551,371.0823062634368,0.0,65.48511287001826,0,950,1721.6961522374095,0.0,30,upper-middle,124625.29158061539,6,1.9434235199937748,1.9079972619933847,3.5396000000000005,6552.87696119316,5569.945417014185,0.0,15.01,30,1.0,436.5674191334551,371.0823062634368,4300.3171692528185,3431.898735566975,0.0,3946.8769611931607,3119.811786254262,9.850293404369342,9.248349160389823,401-600,301-400,868.4184336858434,20.19428799101187,982.931544178975,65.48511287001827,15.000000000000004,0.03542625800039012,1.8228789368826614,0.85,True,-853.2777185515661,False,True,False,0.5043970346087495,True
DHNC0065,Dhanmondi,Residential,Res-A,597.3547737671756,0.5212327085366473,2.3367844782002796,19.793607418636608,0.4292521320476982,LT-A,641.0435271182372,544.8869980505015,0.0,96.1565290677356,0,561,1903.2845871054776,0.0,30,upper-middle,138327.82890473545,5,3.6686335388922786,3.6047856711832984,6.2909,11122.105195501415,9453.789416176201,0.0,17.35,30,1.0,641.0435271182372,544.8869980505015,7745.1391452764865,6128.820222774929,0.0,7112.105195501415,5572.753840738027,12.0820799487582,11.247873861374272,601-above,401-600,1616.3189225015576,20.868817101721138,1668.315779325214,96.15652906773573,15.000000000000025,0.06384786770898021,1.7403719131962874,0.85,True,-286.96566460392,False,False,False,0.8492260870770049,True
DHNC0066,Dhanmondi,Residential,Res-C,597.3547737671756,0.20600209382229745,3.4602325176572646,36.05098993839413,0.33363861003919887,LT-A,63.09386822946161,63.09386822946161,0.0,0.0,0,0,0.0,0.0,0,lower-middle,24999.624123708876,5,0.6378323315962104,0.6378323315962104,2.6456,389.92010565807266,389.92010565807266,0.0,6.18,30,1.0,63.09386822946161,63.09386822946161,526.0870709409764,526.0870709409764,0.0,389.92010565807277,389.92010565807277,8.33816479642186,8.33816479642186,1-75,1-75,0.0,0.0,0.0,0.0,0.0,0.0,0.0,1.0,True,0.0,False,False,False,,False
DHNC0067,Dhanmondi,Residential,Res-C,597.3547737671756,0.2740719845978558,2.6039186196870965,23.03562046025037,0.33434910525213996,LT-A,75.1916472500326,75.1916472500326,0.0,0.0,0,0,0.0,0.0,0,lower-middle,16075.723411627623,4,0.8324575360206663,0.8324575360206663,1.9245,639.1290016252772,639.1290016252772,0.0,8.5,30,1.0,75.1916472500326,75.1916472500326,573.255901706541,573.255901706541,0.0,465.1290016252771,465.1290016252771,7.623930618254841,7.623930618254841,76-200,76-200,0.0,0.0,0.0,0.0,0.0,0.0,0.0,1.0,True,0.0,False,False,False,,False
DHNC0068,Dhanmondi,Residential,Res-C,597.3547737671756,0.12065000734674704,1.921443902105509,30.758437729388486,0.35390460484766173,LT-A,23.22873740460795,23.22873740460795,0.0,0.0,0,0,0.0,0.0,0,lower-middle,16464.430652637795,5,0.09364494383941682,0.09364494383941682,0.1506,123.57688299251417,123.57688299251417,0.0,5.32,30,1.0,23.22873740460795,23.22873740460795,151.80572714214003,151.80572714214003,0.0,123.57688299251431,123.57688299251431,6.535255209868871,6.535255209868871,lifeline 0-50,lifeline 0-50,0.0,0.0,0.0,0.0,0.0,0.0,0.0,1.0,True,0.0,False,False,False,,False
DHNC0069,Dhanmondi,Residential,Res-B,597.3547737671756,0.376498305944611,1.2970345042020428,22.65407166376952,0.4261374077787824,LT-A,230.43421755477934,227.017749255052,0.0,3.4164682997273323,0,71,77.3969176990198,0.0,3,middle,37386.9339515951,5,1.1890448001695697,1.1890448001695697,3.5655,2096.951379748492,2065.861518220973,0.0,9.1,30,1.0,230.43421755477934,227.017749255052,2050.3374987359166,2017.6931441320219,0.0,1802.951379748492,1771.8615182209733,8.897712850516681,8.887821109816244,201-300,201-300,32.644354603894726,1.5921454211329,31.089861527519133,3.4164682997273417,1.4826219543176877,0.0,0.0,0.9851737804568231,True,-44.75256309512507,False,False,False,0.42177848387763583,True
DHNC0070,Dhanmondi,Residential,Res-A,597.3547737671756,0.531736900350527,2.714477174650556,19.975056525157697,0.3763576297484161,LT-A,299.6852394551699,254.73245353689438,0.0,44.9527859182755,0,644,897.9344396808657,0.0,30,upper-middle,192713.4802004682,5,1.4783867503475456,1.4415184563242822,3.9409000000000005,2727.1356790420464,2318.0653271857395,0.0,9.1,30,1.0,299.6852394551699,254.73245353689438,2728.5861529941485,2299.062283545026,0.0,2433.135679042046,2024.0653271857389,9.104839991301338,9.02539998976628,201-300,201-300,429.5238694491227,15.741627545012461,409.07035185630684,44.95278591827551,15.000000000000009,0.036868294023263415,2.493819294213524,0.85,True,-468.410570231743,False,False,False,0.4783465812958232,True
DHNC0071,Dhanmondi,Residential,Res-B,597.3547737671756,0.36788192240753104,1.4029410475569473,20.784209143308615,0.2748376150271935,LT-A,136.53075810234316,130.47133373778897,0.0,6.059424364554196,0,205,125.94034328095432,0.0,9,middle,34131.21836943714,5,1.4443860398529669,1.4443860398529669,1.88,1160.5114438699175,1109.0063367712064,0.0,8.5,30,1.0,136.53075810234316,130.47133373778897,1118.7450160634125,1064.6646536097664,0.0,986.5114438699168,935.0063367712062,8.194087776358817,8.160142332486965,76-200,76-200,54.0803624536461,4.834020413690114,51.50510709871105,6.059424364554189,4.438138664704446,0.0,0.0,0.9556186133529555,True,-71.85998082730822,False,False,False,0.42941253806971763,True
DHNC0072,Dhanmondi,Residential,Res-B,597.3547737671756,0.3330476810833455,1.9650288905814168,14.07474209117346,0.4371846900377921,LT-A,153.79687796322426,132.26543937239398,0.0,21.531438590830227,0,772,303.04944501787486,0.0,28,middle,47198.435917628696,4,0.9944238077557326,0.9895603086529988,2.2252,1307.273462687406,1124.2562346653497,0.0,8.5,30,1.0,153.79687796322426,132.26543937239398,1288.0684558217765,1095.9003663986164,0.0,1133.2734626874062,950.2562346653489,8.375127459542956,8.285613926046876,76-200,76-200,192.16808942316015,14.919089785531513,183.01722802205632,21.531438590830277,13.999919163494885,0.004863499102733759,0.4890770981951807,0.8600008083650514,True,-110.8813555947147,False,False,False,0.634114638988451,True
DHNC0073,Dhanmondi,Residential,Res-C,597.3547737671756,0.27669156475197243,3.104490022004411,30.341011769127714,0.3207884787519277,LT-A,73.4460231550191,73.4460231550191,0.0,0.0,0,0,0.0,0.0,0,lower-middle,16316.833378094476,3,0.6633339823234214,0.6633339823234214,1.0647,453.8964230980181,453.8964230980181,0.0,6.18,30,1.0,73.4460231550191,73.4460231550191,523.5445142529189,523.5445142529189,0.0,453.89642309801803,453.89642309801803,7.128289480669332,7.128289480669332,1-75,1-75,0.0,0.0,0.0,0.0,0.0,0.0,0.0,1.0,True,0.0,False,False,False,,False
DHNC0074,Dhanmondi,Residential,Res-C,597.3547737671756,0.25500329342308664,3.0151844437722772,31.598997511809383,0.31561763726110437,LT-A,117.37901300795615,117.37901300795615,0.0,0.0,0,0,0.0,0.0,0,lower-middle,15288.983507680383,4,0.7462881801220801,0.7462881801220801,1.8606,997.7216105676272,997.7216105676272,0.0,8.5,30,1.0,117.37901300795615,117.37901300795615,946.9601510960088,946.9601510960088,0.0,823.7216105676273,823.7216105676273,8.067542287408926,8.067542287408926,76-200,76-200,0.0,0.0,0.0,0.0,0.0,0.0,0.0,1.0,True,0.0,False,False,False,,False
DHNC0075,Dhanmondi,Residential,Res-A,597.3547737671756,0.586994457392021,1.6369474234215833,20.62796938161052,0.40556805424510706,LT-A,424.2818280677285,360.63955385756907,0.0,63.642274210159286,0,634,1312.810883783226,0.0,30,upper-middle,139977.14360622162,4,2.605297385589501,2.6046479395637085,6.2911,6368.470239296605,5413.199703402112,0.0,15.01,30,1.0,424.2818280677285,360.63955385756907,4228.031261261435,3447.757643515305,0.0,3762.4702392966046,3019.352508109814,9.965148119863645,9.560120642997918,401-600,301-400,780.2736177461302,18.45477409060914,955.2705358944922,63.64227421015943,15.000000000000037,0.0006494460257924217,0.02492790379265941,0.85,True,-532.5372660370958,False,False,False,0.5943534041228824,True
DHNC0076,Dhanmondi,Residential,Res-C,597.3547737671756,0.1327133031948235,2.7743487325696563,23.382769687855124,0.26298602684805067,LT-A,123.63919120523688,123.63919120523688,0.0,0.0,0,0,0.0,0.0,0,lower-middle,21889.38236982401,3,1.314783036934591,1.314783036934591,2.0303999999999998,1050.9331252445136,1050.9331252445136,0.0,8.5,30,1.0,123.63919120523688,123.63919120523688,1010.3204215067392,1010.3204215067392,0.0,876.9331252445136,876.9331252445136,8.17152240853502,8.17152240853502,76-200,76-200,0.0,0.0,0.0,0.0,0.0,0.0,0.0,1.0,True,0.0,False,False,False,,False
DHNC0077,Dhanmondi,Residential,Res-B,597.3547737671756,0.3221470310977124,1.3845802906183318,24.473522486717076,0.410292560808066,LT-A,191.89553268386084,191.89553268386084,0.0,0.0,0,0,0.0,0.0,0,middle,27843.811143533094,4,0.7408720534525541,0.7408720534525541,1.695,1631.1120278128171,1631.1120278128171,0.0,8.5,30,1.0,191.89553268386084,191.89553268386084,1604.717129203458,1604.717129203458,0.0,1457.1120278128171,1457.1120278128171,8.36245172964582,8.36245172964582,76-200,76-200,0.0,0.0,0.0,0.0,0.0,0.0,0.0,1.0,True,0.0,False,False,False,,False
DHNC0078,Dhanmondi,Residential,Res-A,597.3547737671756,0.5301739904086313,2.398306763569622,25.686399216898955,0.40281165781497297,LT-A,273.0102025259504,238.96706515352972,0.0,34.043137372420595,0,464,874.4456171437279,0.0,25,upper-middle,115013.71448270917,4,1.8883483512547863,1.8883483512547863,3.8657999999999997,2484.392842986147,2174.6002928971207,0.0,9.1,30,1.0,273.0102025259504,238.96706515352972,2470.394265135456,2145.1120875419765,0.0,2190.3928429861485,1880.6002928971204,9.048725074296952,8.976601382972174,201-300,201-300,325.28217759347945,13.16721715979387,309.79255008902646,34.04313737242066,12.469547678968066,0.0,0.0,0.8753045232103196,True,-549.1634395502484,False,False,False,0.3719867436193171,True
DHNC0079,Dhanmondi,Residential,Res-A,597.3547737671756,0.7559855961338333,1.9879933891445358,13.221746105664202,0.26414028414178736,LT-A,306.173609098205,260.2475677334743,0.0,45.92604136473073,0,966,607.2224585627017,0.0,30,upper-middle,129571.53251648652,5,1.1191541082594143,1.0073930507059903,3.3612,2945.3901195247317,2503.5816015960213,0.0,9.62,30,1.0,306.173609098205,260.2475677334743,2768.3885455009686,2326.194429693347,0.0,2495.390119524732,2074.252866374616,9.041891473451617,8.93839066375313,301-400,201-300,442.19411580762153,15.97297881203312,441.80851792871044,45.926041364730736,14.999999999999995,0.11176105755342403,9.986208041289553,0.8500000000000001,True,-165.0283427550802,False,True,False,0.7282242439686717,True
DHNC0080,Dhanmondi,Residential,Res-B,597.3547737671756,0.3835874861090613,1.6180952166118254,19.487705549763938,0.4181810500925293,LT-A,250.52593063203358,233.2343689132659,0.0,17.291561718767706,0,267,336.97286327091507,0.0,14,middle,46459.29470414681,4,1.2065862998479697,1.2065862998479697,2.3452,2279.7859687515065,2122.43275711072,0.0,9.1,30,1.0,250.52593063203358,233.2343689132659,2188.498587189081,2023.2777149662556,0.0,1985.7859687515056,1828.4327571107196,8.735617034403894,8.67486950741236,201-300,201-300,165.22087222282516,7.549507831075903,157.3532116407864,17.291561718767667,6.902104574621895,0.0,0.0,0.9309789542537809,True,-171.7519910480899,False,False,False,0.4903091323706771,True
DHNC0081,Dhanmondi,Residential,Res-B,597.3547737671756,0.35618136336895034,1.1554517184882758,23.20823638608728,0.3949818018779935,LT-A,274.73326518153254,274.73326518153254,0.0,0.0,0,0,0.0,0.0,0,middle,34772.93484212256,4,1.278246582089067,1.278246582089067,3.5853,2500.0727131519466,2500.0727131519466,0.0,9.1,30,1.0,274.73326518153254,274.73326518153254,2474.488078809544,2474.488078809544,0.0,2206.072713151946,2206.072713151946,9.006874639569048,9.006874639569048,201-300,201-300,0.0,0.0,0.0,0.0,0.0,0.0,0.0,1.0,True,0.0,False,False,False,,False
DHNC0082,Dhanmondi,Residential,Res-A,597.3547737671756,0.49120124132193704,2.6894370637299585,18.39035190504291,0.4739510273566162,LT-A,409.5268214075858,348.0977981964479,0.0,61.429023211137874,0,340,1129.7013540358746,0.0,30,upper-middle,75220.55508087776,5,3.0770120255378766,3.0722269463282794,6.1361,6146.997589327863,5224.947950928682,0.0,15.01,30,1.0,409.5268214075858,348.0977981964479,3988.6494787942565,3314.23786958232,0.0,3540.9975893278634,2898.7008186498288,9.739653840217004,9.520996360085967,401-600,301-400,674.4116092119366,16.908269648598125,922.0496383991813,61.42902321113792,15.00000000000001,0.004785079209597143,0.15551057876547258,0.85,True,-455.289744823938,False,False,False,0.5969822084417189,True
DHNC0083,Dhanmondi,Residential,Res-B,597.3547737671756,0.26951104732940345,1.523825895347486,23.304458443309,0.45191451505381003,LT-A,146.50897687551065,146.50897687551065,0.0,0.0,0,0,0.0,0.0,0,middle,49012.57213054981,5,0.6314812020861154,0.6314812020861154,1.1500000000000001,1245.3263034418405,1245.3263034418405,0.0,8.5,30,1.0,146.50897687551065,146.50897687551065,1175.6076186139326,1175.6076186139326,0.0,1071.3263034418405,1071.3263034418405,8.024133699417284,8.024133699417284,76-200,76-200,0.0,0.0,0.0,0.0,0.0,0.0,0.0,1.0,True,0.0,False,False,False,,False
DHNC0084,Dhanmondi,Residential,Res-A,597.3547737671756,0.7331690598187465,2.4488969421029436,16.322234016387533,0.431860687729734,LT-A,352.78281064135996,299.8653890451561,0.0,52.917421596204036,0,585,863.7305388370814,0.0,30,upper-middle,95335.18356135538,6,1.6981349128710093,1.6981349128710093,3.7508,3393.7706383698833,2884.7050426144015,0.0,9.62,30,1.0,352.78281064135996,299.8653890451561,3256.3694502883773,2721.924072326467,0.0,2943.770638369883,2434.7750403109208,9.230521873694158,9.077153188614835,301-400,201-300,534.4453779619103,16.412307820741315,509.0655957554818,52.91742159620384,14.999999999999956,0.0,0.0,0.8499999999999999,True,-329.2851608751712,False,True,False,0.6187640171684591,True
DHNC0085,Dhanmondi,Residential,Res-A,597.3547737671756,0.6736100926775647,1.9868070264811128,19.33159891978047,0.36727078265988844,LT-A,310.9052122174596,264.26943038484063,0.0,46.63578183261894,0,629,901.5442296985738,0.0,30,upper-middle,180325.8797727904,4,1.6229157285343612,1.5978450898167775,3.6357999999999997,2990.9081415319615,2542.271920302167,0.0,9.62,30,1.0,310.9052122174596,264.26943038484063,2828.2923286085593,2376.733187327152,0.0,2540.9081415319615,2110.8518165020496,9.096960158488233,8.993598631010972,301-400,201-300,451.5591412814074,15.96578743695712,448.6362212297945,46.63578183261899,15.000000000000014,0.025070638717583638,1.5447899282006885,0.85,True,-449.98508841716637,False,True,False,0.5008729759519216,True
DHNC0086,Dhanmondi,Residential,Res-A,597.3547737671756,0.6230555433772546,1.5570026983407022,20.061566683706182,0.4581621263660644,LT-A,539.8436450995874,458.86709833464937,0.0,80.97654676493812,0,583,1624.516392741058,0.0,30,upper-middle,164119.03066891507,6,2.5636619043549516,2.5308327543219162,4.835,8103.053112944807,6887.595146003085,0.0,15.01,30,1.0,539.8436450995874,458.86709833464937,5985.129268592047,4708.898403303241,0.0,5497.053112944807,4281.595146003087,11.086782854483621,10.262009240568968,401-600,401-600,1276.230865288806,21.323363423176804,1215.4579669417226,80.97654676493806,14.999999999999991,0.032829150033035326,1.2805569243459012,0.85,True,-348.28552745225215,False,True,False,0.7856066402231944,True
DHNC0087,Dhanmondi,Residential,Res-B,597.3547737671756,0.21161235627272412,1.361524328097211,21.092606679225057,0.3002456237068272,LT-A,88.55859844515962,88.55859844515962,0.0,0.0,0,0,0.0,0.0,0,middle,50487.08734509231,5,0.8637849199766358,0.8637849199766358,1.9245,752.7480867838568,752.7480867838568,0.0,8.5,30,1.0,88.55859844515962,88.55859844515962,692.5559411230495,692.5559411230495,0.0,578.7480867838567,578.7480867838567,7.820312801719852,7.820312801719852,76-200,76-200,0.0,0.0,0.0,0.0,0.0,0.0,0.0,1.0,True,0.0,False,False,False,,False
DHNC0088,Dhanmondi,Residential,Res-B,597.3547737671756,0.23587258841013198,1.253406232104537,21.221598608521774,0.36573677895293133,LT-A,139.24796596601095,139.24796596601095,0.0,0.0,0,0,0.0,0.0,0,middle,55421.88139955043,5,0.6174283178350306,0.6174283178350306,1.4091,1183.607710711093,1183.607710711093,0.0,8.5,30,1.0,139.24796596601095,139.24796596601095,1122.2294062466478,1122.2294062466478,0.0,1009.6077107110931,1009.6077107110931,8.059215791493665,8.059215791493665,76-200,76-200,0.0,0.0,0.0,0.0,0.0,0.0,0.0,1.0,True,0.0,False,False,False,,False
DHNC0089,Dhanmondi,Residential,Res-A,597.3547737671756,0.6794311585276996,1.7485755286136215,19.495009730592262,0.38001036812254624,LT-A,276.61450220386786,235.1223268732877,0.0,41.492175330580174,0,649,808.8903618131008,0.0,30,upper-middle,129932.3732876731,6,1.85709812678959,1.823151205172476,3.6508,2517.191970055197,2139.613174546918,0.0,9.1,30,1.0,276.61450220386786,235.1223268732877,2495.3518485579575,2098.894113274264,0.0,2223.1919700551975,1845.6131745469181,9.021044915131949,8.926817547214057,201-300,201-300,396.45773528369364,15.887849062760555,377.5787955082792,41.49217533058015,14.999999999999993,0.03394692161711399,1.8279551913500038,0.85,True,-412.4326265294071,False,True,False,0.49012542861191577,True
DHNC0090,Dhanmondi,Residential,Res-B,597.3547737671756,0.1882727188565905,1.7819618005134863,22.694593129798683,0.4157784281662945,LT-A,229.82260820529396,229.82260820529396,0.0,0.0,0,0,0.0,0.0,0,middle,37951.39612120647,5,0.9576792143850454,0.9576792143850454,2.1752000000000002,2091.3857346681752,2091.3857346681752,0.0,9.1,30,1.0,229.82260820529396,229.82260820529396,1983.181341401584,1983.181341401584,0.0,1797.385734668175,1797.385734668175,8.629182989821718,8.629182989821718,201-300,201-300,0.0,0.0,0.0,0.0,0.0,0.0,0.0,1.0,True,0.0,False,False,False,,False
DHNC0091,Dhanmondi,Residential,Res-B,597.3547737671756,0.36537588881509103,0.9266405327948963,15.342522876656076,0.3522625580780329,LT-A,258.93270217081755,222.6804579159382,0.0,36.252244254879386,0,588,556.2008868106108,0.0,28,middle,28375.88590199275,5,1.1266393845116296,1.1089781818168962,3.5502,2356.287589754439,2026.3921670350367,0.0,9.1,30,1.0,258.93270217081755,222.6804579159382,2321.9657892421615,1975.5755953867895,0.0,2062.2875897544395,1732.3921670350376,8.967448954015719,8.871795998068984,201-300,201-300,346.390193855372,14.91797146453334,329.8954227194024,36.25224425487934,14.000643391487795,0.01766120269473337,1.5676003286880535,0.8599935660851219,True,-209.81069295523878,False,False,False,0.6227789312628688,True
DHNC0092,Dhanmondi,Residential,Res-C,597.3547737671756,0.2797513479855124,3.0538910185974264,29.417064223411064,0.2089996357266461,LT-A,98.60577813484387,98.60577813484387,0.0,0.0,0,0,0.0,0.0,0,lower-middle,22567.968364117936,5,1.175593797826386,1.175593797826386,2.2005000000000003,838.149114146173,838.149114146173,0.0,8.5,30,1.0,98.60577813484387,98.60577813484387,794.3986198534816,794.3986198534816,0.0,664.1491141461729,664.1491141461729,8.056309020422086,8.056309020422086,76-200,76-200,0.0,0.0,0.0,0.0,0.0,0.0,0.0,1.0,True,0.0,False,False,False,,False
DHNC0093,Dhanmondi,Residential,Res-A,597.3547737671756,0.559079773870333,1.4391584748501116,19.926639767636438,0.4510629377070036,LT-A,171.4582587207953,145.739519912676,0.0,25.718738808119298,0,875,512.4880435073245,0.0,30,upper-middle,154112.80220261024,4,1.0168275362828154,1.0152699321455472,3.5111,1457.3951991267604,1238.785919257746,0.0,8.5,30,1.0,171.4582587207953,145.739519912676,1502.404469083098,1272.8647252206335,0.0,1283.39519912676,1064.7859192577462,8.762508614587249,8.733833664220294,76-200,76-200,229.53974386246455,15.278159016829221,218.60927986901447,25.718738808119298,15.000000000000002,0.0015576041372682425,0.15318272584968806,0.85,True,-282.94829964485996,False,False,False,0.4478928762738715,True
DHNC0094,Dhanmondi,Residential,Res-B,597.3547737671756,0.3218232321193188,0.7652534770998968,16.9947477693154,0.37235028111843205,LT-A,161.62611818797333,151.99724503641124,0.0,9.628873151562107,0,322,163.64027051353102,0.0,12,middle,27333.352298509282,4,0.9657980823887327,0.9657980823887327,2.4001,1373.8220045977732,1291.9765828094953,0.0,8.5,30,1.0,161.62611818797333,151.99724503641124,1365.657514827662,1279.7198219499703,0.0,1199.8220045977732,1117.9765828094955,8.449485331568653,8.41936195385259,76-200,76-200,85.93769287769169,6.292770474633717,81.84542178827792,9.62887315156209,5.9574982431760075,0.0,0.0,0.9404250175682398,True,-77.70257763583933,False,False,False,0.5251622513700606,True
DHNC0095,Dhanmondi,Residential,Res-A,597.3547737671756,0.6200072548994119,1.823127168363572,19.549965101920588,0.39891607412699753,LT-A,325.6271144175251,276.7830472548964,0.0,48.84406716262876,0,602,954.8998084652578,0.0,30,upper-middle,181525.43008280644,6,1.541534604039834,1.541534604039834,4.4207,3132.5328406965914,2662.6529145921036,0.0,9.62,30,1.0,325.6271144175251,276.7830472548964,3011.612352731421,2530.9148865205357,0.0,2682.5328406965914,2224.7257300195574,9.248653503927429,9.144038667186697,301-400,201-300,480.6974662108855,15.961465484590361,469.8799261044878,48.844067162628676,14.999999999999972,0.0,0.0,0.85,True,-474.2023422543723,False,False,False,0.5034009452609234,True
DHNC0096,Dhanmondi,Residential,Res-B,597.3547737671756,0.3602043962834787,1.3467678119957975,21.20941154353606,0.4481222050650018,LT-A,143.68775835431532,140.11982008083538,0.0,3.5679382734799017,0,136,75.67387120416873,0.0,5,middle,58503.74792024447,4,0.7859930622080519,0.7859930622080519,1.9500000000000002,1221.3459460116796,1191.0184706871007,0.0,8.5,30,1.0,143.68775835431532,140.11982008083538,1185.7082433122641,1153.8643942214558,0.0,1047.34594601168,1017.0184706871007,8.25197815661138,8.234840678183781,76-200,76-200,31.843849090808362,2.685639512959182,30.327475324578927,3.567938273479939,2.4831191705850593,0.0,0.0,0.9751688082941496,True,-43.83002211336037,False,False,False,0.42080375411076026,True
DHNC0097,Dhanmondi,Residential,Res-A,597.3547737671756,0.4878372937826064,2.7119790640448502,19.071561812167655,0.4709007288421273,LT-A,388.7135700900934,330.4065345765795,0.0,58.30703551351404,0,497,1112.0062318802372,0.0,30,upper-middle,71772.06258148629,6,1.8877619490143358,1.8877619490143358,4.625699999999999,3739.424544266699,3178.5108626266933,0.0,9.62,30,1.0,388.7135700900934,330.4065345765795,3657.8891414800337,3068.9297757580293,0.0,3289.424544266699,2728.5108626266947,9.41024297307715,9.288344674208412,301-400,301-400,588.9593657220043,16.101072037511315,560.9136816400055,58.30703551351394,14.99999999999998,0.0,0.0,0.8499999999999999,True,-523.0468661582329,False,False,False,0.529636749180948,True
DHNC0098,Dhanmondi,Residential,Res-A,597.3547737671756,0.6171879925586085,1.86908245954529,19.522170341322564,0.3240799482193965,LT-A,375.3941728735684,319.0850469425331,0.0,56.30912593103526,0,693,1099.2763481966538,0.0,30,upper-middle,156153.7893329358,4,1.6515744590922738,1.3860559749680679,4.3896999999999995,3611.2919430437273,3069.598151587168,0.0,9.62,30,1.0,375.3941728735684,319.0850469425331,3512.942310195914,2944.163829166527,0.0,3161.2919430437278,2619.5981515871686,9.358009697660018,9.226893761952963,301-400,301-400,568.778481029387,16.190942828140738,541.6937914565592,56.30912593103528,15.000000000000009,0.265518484124206,16.07668868106245,0.85,True,-530.4978671672668,False,False,False,0.517411733603165,True
DHNC0099,Dhanmondi,Residential,Res-A,597.3547737671756,0.6470900631171688,2.0195213745570406,17.363084943226003,0.30305133565418113,LT-A,377.74136314827007,321.0801586760296,0.0,56.66120447224051,0,922,983.8133062370091,0.0,30,upper-middle,79930.86904805066,6,2.0760980991822704,1.845759694865568,4.2951999999999995,3633.8719134863577,3088.7911264634035,0.0,9.62,30,1.0,377.74136314827007,321.0801586760296,3532.483829160676,2960.1490027865752,0.0,3183.871913486358,2638.791126463405,9.351593904674175,9.21934577020491,301-400,301-400,572.3348263741009,16.20205085298546,545.0807870229542,56.661204472240456,14.999999999999988,0.2303384043167025,11.094774587358264,0.85,True,-411.4784798629082,False,True,False,0.5817514590885402,True
DHNC0100,Dhanmondi,Residential,Res-B,597.3547737671756,0.35988056870341334,1.7517758842397146,23.870853211884896,0.38021399345249357,LT-A,312.6194029235564,312.6194029235564,0.0,0.0,0,0,0.0,0.0,0,middle,55701.915655791425,4,1.3826132404676084,1.3826132404676084,3.2853000000000003,3007.398656124612,3007.398656124612,0.0,9.62,30,1.0,312.6194029235564,312.6194029235564,2830.150318930843,2830.150318930843,0.0,2557.3986561246124,2557.3986561246124,9.053021957254805,9.053021957254805,301-400,301-400,0.0,0.0,0.0,0.0,0.0,0.0,0.0,1.0,True,0.0,False,False,False,,False
DHNC0101,Dhanmondi,Residential,Res-B,597.3547737671756,0.2838378233362614,1.8446021907381414,20.21462780848373,0.3775159030050212,LT-A,125.84105324269851,125.84105324269851,0.0,0.0,0,0,0.0,0.0,0,middle,58343.4708719024,4,0.6799512318739235,0.6799512318739235,2.1500000000000004,1069.6489525629372,1069.6489525629372,0.0,8.5,30,1.0,125.84105324269851,125.84105324269851,1035.2464001910844,1035.2464001910844,0.0,895.6489525629373,895.6489525629373,8.226619004805183,8.226619004805183,76-200,76-200,0.0,0.0,0.0,0.0,0.0,0.0,0.0,1.0,True,0.0,False,False,False,,False
DHNC0102,Dhanmondi,Residential,Res-B,597.3547737671756,0.43763179735255564,1.3596382252684036,17.351705164294355,0.39938801021533243,LT-A,227.9174838633324,194.89335814284294,0.0,33.0241257204894,0,678,573.0248928105219,0.0,29,middle,28329.887947583044,5,1.0130939955126856,1.00904591267756,2.7853000000000003,2074.0491031563242,1773.5295590998708,0.0,9.1,30,1.0,227.9174838633324,194.89335814284294,1991.883288314141,1679.5549514248733,0.0,1780.0491031563247,1482.593544214165,8.739493147039772,8.617815237161029,201-300,76-200,312.3283368892678,15.680052075421115,300.51954405645347,33.02412572048945,14.489509607034762,0.004048082835125699,0.39957623409633664,0.8551049039296525,True,-260.6965559212541,False,False,False,0.5450519529045018,True
DHNC0103,Dhanmondi,Residential,Res-B,597.3547737671756,0.34399121704786173,1.7158226186616217,19.892222407599437,0.4033162206172016,LT-A,182.7025392819645,174.5527517889386,0.0,8.149787493025897,0,251,162.1173853859434,0.0,9,middle,57259.13851682858,5,0.8367026554190634,0.8367026554190634,1.7103,1552.9715838966986,1483.6983902059783,0.0,8.5,30,1.0,182.7025392819645,174.5527517889386,1523.3443930915332,1450.607539716277,0.0,1378.9715838966983,1309.698390205978,8.337839195220809,8.31042492799132,76-200,76-200,72.73685337525626,4.774813476527216,69.27319369072029,8.149787493025912,4.460686493496601,0.0,0.0,0.9553931350650341,True,-89.38053201068715,False,False,False,0.44866781685441,True
DHNC0104,Dhanmondi,Residential,Res-A,597.3547737671756,0.5021083113826268,1.8103028159051269,14.292280005757455,0.3478539691340587,LT-A,319.6251644563124,271.6813897878655,0.0,47.94377466844684,0,769,685.2258520943838,0.0,30,upper-middle,96400.63855611792,5,1.430351739471404,1.4140156440420975,4.4597999999999995,3074.794082069724,2613.5749697592655,0.0,9.62,30,1.0,319.6251644563124,271.6813897878655,2952.7109661732115,2483.8928594230547,0.0,2624.7940820697254,2178.300647069576,9.238042853089558,9.142668407882226,301-400,201-300,468.81810675015686,15.877548196251563,461.2191123104585,47.943774668446906,15.000000000000014,0.016336095429306585,1.1421033706956372,0.8500000000000001,True,-216.4077453442269,False,False,False,0.6841804133881121,True
DHNC0105,Dhanmondi,Residential,Res-B,597.3547737671756,0.3304087616294176,1.5670779724363568,22.347756279299084,0.3772570758877692,LT-A,187.5986226071353,187.5986226071353,0.0,0.0,0,0,0.0,0.0,0,middle,35841.58937921624,5,1.1254614668133551,1.1254614668133551,1.3551,1594.5882921606499,1594.5882921606499,0.0,8.5,30,1.0,187.5986226071353,187.5986226071353,1551.3776167686824,1551.3776167686824,0.0,1420.5882921606499,1420.5882921606499,8.269664218257837,8.269664218257837,76-200,76-200,0.0,0.0,0.0,0.0,0.0,0.0,0.0,1.0,True,0.0,False,False,False,,False
DHNC0106,Dhanmondi,Residential,Res-C,597.3547737671756,0.15393130858359566,4.0329806284459035,30.330459799894996,0.29074990478531276,LT-A,113.68956414820126,113.68956414820126,0.0,0.0,0,0,0.0,0.0,0,lower-middle,12879.522623318326,4,0.6812977102039717,0.6812977102039717,2.0794,966.3612952597106,966.3612952597106,0.0,8.5,30,1.0,113.68956414820126,113.68956414820126,923.6809000226962,923.6809000226962,0.0,792.3612952597107,792.3612952597107,8.12458827635773,8.12458827635773,76-200,76-200,0.0,0.0,0.0,0.0,0.0,0.0,0.0,1.0,True,0.0,False,False,False,,False
DHNC0107,Dhanmondi,Residential,Res-A,597.3547737671756,0.557484310602678,1.6381212734416744,21.377176898680318,0.3393327594558448,LT-A,449.009329793266,381.65793032427604,0.0,67.3513994689899,0,622,1439.7827808222808,0.0,30,upper-middle,64271.16672555324,5,2.8753624723808864,2.8753624723808864,6.124899999999999,6739.630040196923,5728.685534167384,0.0,15.01,30,1.0,449.009329793266,381.65793032427604,4610.419632206767,3652.734844205512,0.0,4133.630040196922,3221.5492897195354,10.267981813049428,9.570703381171622,401-600,301-400,957.6847880012551,20.772182673160735,1010.9445060295393,67.35139946898994,15.000000000000009,0.0,0.0,0.85,True,-482.0979928210256,False,False,False,0.6651592175969124,True
DHNC0108,Dhanmondi,Residential,Res-C,597.3547737671756,0.19741231039466128,3.99773353758389,29.614292231630586,0.3510915771272179,LT-A,69.55073368864824,69.55073368864824,0.0,0.0,0,0,0.0,0.0,0,lower-middle,23602.939218343476,4,0.6783694919701949,0.6783694919701949,1.6555,429.823534195846,429.823534195846,0.0,6.18,30,1.0,69.55073368864824,69.55073368864824,524.3222609056384,524.3222609056384,0.0,429.8235341958461,429.8235341958461,7.538702082609603,7.538702082609603,1-75,1-75,0.0,0.0,0.0,0.0,0.0,0.0,0.0,1.0,True,0.0,False,False,False,,False
DHNC0109,Dhanmondi,Residential,Res-A,597.3547737671756,0.6129149615948626,2.5315376903989684,24.58211003653971,0.3437703767417473,LT-A,320.82976655817487,272.70530157444864,0.0,48.12446498372625,0,801,1183.0008936795612,0.0,30,upper-middle,78043.99174262353,4,1.4504629464167051,1.4504629464167051,4.3096,3086.382354289641,2623.425001146196,0.0,9.62,30,1.0,320.82976655817487,272.70530157444864,2958.254832004124,2487.0525165438567,0.0,2636.382354289642,2187.6182443274824,9.220637049173911,9.119927270152063,301-400,201-300,471.2023154602675,15.928388263327635,462.9573531434453,48.12446498372623,15.0,0.0,0.0,0.85,True,-711.7985782192936,False,False,False,0.398311039305015,True
DHNC0110,Dhanmondi,Residential,Res-B,597.3547737671756,0.2571048194034073,1.2349953177464772,20.63678170823202,0.34458614989381275,LT-A,212.33231444808825,212.33231444808825,0.0,0.0,0,0,0.0,0.0,0,middle,52961.88037280864,5,1.1822873022027829,1.1822873022027829,3.27,1932.224061477603,1932.224061477603,0.0,9.1,30,1.0,212.33231444808825,212.33231444808825,1864.3422645514831,1864.3422645514831,0.0,1638.224061477603,1638.224061477603,8.780303974915151,8.780303974915151,201-300,201-300,0.0,0.0,0.0,0.0,0.0,0.0,0.0,1.0,True,0.0,False,False,False,,False
DHNC0111,Dhanmondi,Residential,Res-B,597.3547737671756,0.430488709856657,1.5158841865796902,22.19913960444847,0.4524799655460593,LT-A,172.34652583608207,162.08266409779904,0.0,10.263861738283016,0,335,227.84889960890172,0.0,12,middle,51205.31236870124,4,0.9404599829223522,0.9404599829223522,2.6851,1464.9454696066975,1377.7026448312918,0.0,8.5,30,1.0,172.34652583608207,162.08266409779904,1473.9056530870325,1382.3006870728564,0.0,1290.9454696066975,1203.7026448312918,8.551989347837837,8.528368501142047,76-200,76-200,91.60496601417617,6.215117353157136,87.24282477540578,10.263861738283026,5.955363294090961,0.0,0.0,0.9404463670590905,True,-136.24393359472555,False,False,False,0.40204260881406206,True
DHNC0112,Dhanmondi,Residential,Res-B,597.3547737671756,0.16698648147232786,1.3511995224705382,23.00698741016478,0.4748293862600975,LT-A,174.34417141018622,174.34417141018622,0.0,0.0,0,0,0.0,0.0,0,middle,26349.872728267077,4,1.1537196491849602,1.1537196491849602,3.5002,1481.9254569865832,1481.9254569865832,0.0,8.5,30,1.0,174.34417141018622,174.34417141018622,1527.680549835912,1527.680549835912,0.0,1307.925456986583,1307.925456986583,8.762441195935821,8.762441195935821,76-200,76-200,0.0,0.0,0.0,0.0,0.0,0.0,0.0,1.0,True,0.0,False,False,False,,False
DHNC0113,Dhanmondi,Residential,Res-A,597.3547737671756,0.6447319702863745,2.603107947370416,21.208381228990326,0.4323949456730005,LT-A,491.31541311088574,417.61810114425293,0.0,73.69731196663288,0,667,1563.0006877401813,0.0,30,upper-middle,99300.82040415319,5,3.0068384590450066,2.95419444768412,6.130199999999999,7374.644350794397,6268.447698175238,0.0,15.01,30,1.0,491.31541311088574,417.61810114425293,5277.418388334115,4115.911903083998,0.0,4768.644350794395,3662.4476981752364,10.741406126298436,9.85568367799816,401-600,401-600,1161.5064852501164,22.00898999817145,1106.196652619159,73.69731196663281,14.99999999999999,0.05264401136088637,1.7508094324963,0.85,True,-401.49420249006494,False,True,False,0.7431260231429881,True
DHNC0114,Dhanmondi,Residential,Res-B,597.3547737671756,0.29956352265588493,1.522699838024442,21.4037922857379,0.4169815294527727,LT-A,154.7281126268614,154.7281126268614,0.0,0.0,0,0,0.0,0.0,0,middle,57235.23012462056,5,0.696458307991284,0.696458307991284,2.1653000000000002,1315.1889573283215,1315.1889573283215,0.0,8.5,30,1.0,154.7281126268614,154.7281126268614,1293.7381351947379,1293.7381351947379,0.0,1141.1889573283217,1141.1889573283217,8.361364416786275,8.361364416786275,76-200,76-200,0.0,0.0,0.0,0.0,0.0,0.0,0.0,1.0,True,0.0,False,False,False,,False
DHNC0115,Dhanmondi,Residential,Res-C,597.3547737671756,0.22901995291017696,2.637214272916025,27.487891435327487,0.2993469436230885,LT-A,276.27879879111384,276.27879879111384,0.0,0.0,0,0,0.0,0.0,0,lower-middle,21228.989157116936,4,0.9819170001913283,0.9819170001913283,2.9053999999999998,2514.1370689991363,2514.1370689991363,0.0,9.1,30,1.0,276.27879879111384,276.27879879111384,2459.2720624490926,2459.2720624490926,0.0,2220.137068999136,2220.137068999136,8.901414343807376,8.901414343807376,201-300,201-300,0.0,0.0,0.0,0.0,0.0,0.0,0.0,1.0,True,0.0,False,False,False,,False
DHNC0116,Dhanmondi,Residential,Res-C,597.3547737671756,0.24010005367935383,2.433398541464079,30.5398638846975,0.2449282520739063,LT-A,194.0721989559309,194.0721989559309,0.0,0.0,0,0,0.0,0.0,0,lower-middle,11795.02671914664,4,0.699770504499517,0.699770504499517,1.1857,1649.6136911254132,1649.6136911254132,0.0,8.5,30,1.0,194.0721989559309,194.0721989559309,1601.6837456816831,1601.6837456816831,0.0,1475.6136911254125,1475.6136911254125,8.253030337670296,8.253030337670296,76-200,76-200,0.0,0.0,0.0,0.0,0.0,0.0,0.0,1.0,True,0.0,False,False,False,,False
DHNC0117,Dhanmondi,Residential,Res-A,597.3547737671756,0.452317747486829,1.8548671686669864,20.487121623211667,0.421523848380875,LT-A,467.1984284849003,397.1186642121652,0.0,70.07976427273506,0,637,1435.7326539815274,0.0,30,upper-middle,77981.71386030191,4,2.638256655005639,2.6135922366899935,5.395600000000001,7012.648411558354,5960.751149824601,0.0,15.01,30,1.0,467.1984284849003,397.1186642121652,4864.926792136272,3776.7415872070806,0.0,4406.6484115583535,3370.281549721029,10.412977646164116,9.510360321894398,401-600,301-400,1088.185204929191,22.367966701742507,1051.897261733753,70.07976427273513,15.00000000000002,0.024664418315645698,0.9348756220835905,0.85,True,-347.54744905233633,False,False,False,0.7579302469101549,True
DHNC0118,Dhanmondi,Residential,Res-A,597.3547737671756,0.4161240097152156,2.9075472504567674,18.416406136013766,0.3864285210042961,LT-A,341.36000661012395,295.2865096173909,0.0,46.073496992733176,0,418,848.5082327245829,0.0,27,upper-middle,79320.61611333897,6,2.1252071206320147,2.1252071206320147,4.0762,3283.883263589392,2840.6562225192993,0.0,9.62,30,1.0,341.36000661012395,295.2865096173909,3155.337846768862,2692.52301939417,0.0,2833.8832635893923,2393.107237518257,9.243431525863118,9.118340769725412,301-400,201-300,462.81482737469196,14.667679020445462,443.2270410700926,46.073496992733055,13.497040104453355,0.0,0.0,0.865029598955466,True,-385.6934053498909,False,False,False,0.5454452997922967,True
DHNC0119,Dhanmondi,Residential,Res-A,597.3547737671756,0.5929811574274501,1.702838077506243,21.287890860045955,0.4668097643736977,LT-A,402.81525057410425,342.3929629879886,0.0,60.42228758611564,0,485,1286.2630636475392,0.0,30,upper-middle,172149.11517222284,4,2.6918850538047177,2.6918850538047177,4.631200000000001,6046.256911117304,5139.318374449709,0.0,15.01,30,1.0,402.81525057410425,342.3929629879886,3816.50567667317,3190.2472391416727,0.0,3440.2569111173048,2843.82030394445,9.474580893433833,9.317502355483834,401-600,301-400,626.2584375314973,16.40921016728066,906.9385366675951,60.42228758611566,15.000000000000004,0.0,0.0,0.85,True,-660.0046261160419,False,False,False,0.486882081302697,True
DHNC0120,Dhanmondi,Residential,Res-A,597.3547737671756,0.6693120389377587,2.4156871392877686,19.214057546425,0.4070760016499477,LT-A,208.23913787743916,177.00326719582333,0.0,31.235870681615875,0,748,600.1678167892569,0.0,30,upper-middle,86962.46928898283,5,0.8757192936260122,0.8757192936260122,2.4095999999999997,1894.9761546846964,1610.7297314819918,0.0,9.1,30,1.0,208.23913787743916,177.00326719582333,1787.288322418931,1503.317519722723,0.0,1600.9761546846964,1330.5277711644983,8.58286458845625,8.493162547443623,201-300,76-200,283.970802696208,15.888359988380584,284.2464232027046,31.235870681615836,14.99999999999998,0.0,0.0,0.85,True,-316.1970140930489,False,False,False,0.47315233298476184,True
DHNC0121,Dhanmondi,Residential,Res-B,597.3547737671756,0.3958161204649836,1.848921678733609,16.51732695526949,0.43794952641429774,LT-A,201.26326844563383,173.08696947102746,0.0,28.17629897460637,0,749,465.39714255299793,0.0,28,middle,55536.216113784445,5,0.980790266136546,0.9782527364743872,3.0803000000000003,1831.4957428552675,1575.0914221863497,0.0,9.1,30,1.0,201.26326844563383,173.08696947102746,1750.211759998031,1497.94243252892,0.0,1537.4957428552677,1297.2392405037335,8.696131060153217,8.654276154391024,201-300,76-200,252.26932746911098,14.413646007577665,256.40432066891776,28.176298974606368,13.999722449214564,0.0025375296621588106,0.25872296552803825,0.8600027755078543,True,-213.12781508388696,False,False,False,0.5420517326025124,True
DHNC0122,Dhanmondi,Residential,Res-A,597.3547737671756,0.6239782536225481,2.203838436259529,17.04372823726525,0.36643698001391417,LT-A,774.3666950791597,658.2116908172857,0.0,116.15500426187397,0,822,1979.7143260377666,0.0,30,upper-middle,70682.44995396018,6,4.309447436951095,4.309447436951095,5.244599999999999,13435.262159623426,11419.972835679911,0.0,17.35,30,1.0,774.3666950791597,658.2116908172857,10127.812127604593,8011.758337463901,0.0,9425.262159623422,7409.972835679906,13.078832279285043,12.172008563864754,601-above,601-above,2116.0537901406924,20.89349371295236,2015.2893239435143,116.15500426187407,15.000000000000014,0.0,0.0,0.85,True,136.33946410292583,True,True,True,1.068868251499598,True
DHNC0123,Dhanmondi,Residential,Res-B,597.3547737671756,0.22875012203564316,1.8549766699505468,20.51698252864201,0.3655789187545959,LT-A,161.09481302468106,161.09481302468106,0.0,0.0,0,0,0.0,0.0,0,middle,30132.385914562532,5,1.4084606705359426,1.4084606705359426,3.3604,1369.3059107097886,1369.3059107097886,0.0,8.5,30,1.0,161.09481302468106,161.09481302468106,1403.2648462452785,1403.2648462452785,0.0,1195.305910709789,1195.305910709789,8.710800924610073,8.710800924610073,76-200,76-200,0.0,0.0,0.0,0.0,0.0,0.0,0.0,1.0,True,0.0,False,False,False,,False
DHNC0124,Dhanmondi,Residential,Res-A,597.3547737671756,0.5702043216646395,2.2111492521452227,20.587233383993745,0.466278451071593,LT-A,541.5601708204397,460.3261451973736,0.0,81.23402562306593,0,546,1672.3838442233869,0.0,30,upper-middle,116793.82222525164,5,3.1673615288603747,3.1673615288603747,6.1598999999999995,8128.818164014798,6909.495439412578,0.0,15.01,30,1.0,541.5601708204397,460.3261451973736,6070.610662215539,4790.321801383207,0.0,5522.8181640148,4303.495439412578,11.209485093814845,10.406364816252758,401-600,401-600,1280.2888608323328,21.089951770438145,1219.3227246022198,81.23402562306609,15.000000000000025,0.0,0.0,0.8500000000000001,True,-392.09498339105403,False,True,False,0.7655472547493227,True
DHNC0125,Dhanmondi,Residential,Res-B,597.3547737671756,0.41405614001254704,1.436540351688341,18.80449150062013,0.39199597299222144,LT-A,151.38680043394024,133.2870431222197,0.0,18.099757311720566,0,696,340.3567325315366,0.0,24,middle,56069.69557721629,4,0.8681061253983784,0.8681061253983784,2.9351,1286.7878036884922,1132.9398665388674,0.0,8.5,30,1.0,151.38680043394024,133.2870431222197,1297.8651038729167,1136.3247698658108,0.0,1112.787803688492,958.9398665388675,8.57317216661342,8.525395591706836,76-200,76-200,161.5403340071059,12.446619723810949,153.84793714962484,18.099757311720538,11.955967931047343,0.0,0.0,0.8804403206895264,True,-178.81639852443067,False,False,False,0.47462065111974244,True
DHNC0126,Dhanmondi,Residential,Res-B,597.3547737671756,0.41140734744983,1.4338049915316722,18.509266069495663,0.47950604528756563,LT-A,145.76305529479862,135.87856382318455,0.0,9.884491471614046,0,504,182.9546826097651,0.0,24,middle,44014.58397167955,5,1.4788227158229676,1.4788227158229676,3.2744999999999997,1238.9859700057882,1154.967792497069,0.0,8.5,30,1.0,145.76305529479862,135.87856382318455,1262.6407185060775,1174.4216321219221,0.0,1064.9859700057882,980.9677924970687,8.662282194568773,8.64317077747575,76-200,76-200,88.21908638415539,6.986871648534654,84.01817750871919,9.88449147161407,6.781204916172463,0.0,0.0,0.9321879508382755,True,-94.7355962256097,False,False,False,0.4821909181320225,True
DHNC0127,Dhanmondi,Residential,Res-A,597.3547737671756,0.645659020407348,1.1850026127045972,14.818037789135468,0.4343907672402399,LT-A,421.67282805492425,358.4219038466856,0.0,63.25092420823865,0,574,937.2545851154235,0.0,30,upper-middle,193475.89984484648,6,2.358010065497659,2.358010065497659,4.4948999999999995,6329.309149104414,5379.912776738752,0.0,15.01,30,1.0,421.67282805492425,358.4219038466856,4107.699696559634,3346.1447407553715,0.0,3723.309149104413,2998.0187150051156,9.74143796627226,9.335770790913157,401-600,301-400,761.5549558042621,18.53969403951549,949.3963723656625,63.250924208238644,15.000000000000002,0.0,0.0,0.85,True,-175.6996293111614,False,True,False,0.8125379890357923,True
DHNC0128,Dhanmondi,Residential,Res-C,597.3547737671756,0.16227986621095042,3.2347334831624597,31.475182094804932,0.32831804290700506,LT-A,40.70580839446334,40.70580839446334,0.0,0.0,0,0,0.0,0.0,0,lower-middle,12683.130690239224,4,0.5372044126176874,0.5372044126176874,1.1804,216.55490065854485,216.55490065854485,0.0,5.32,30,1.0,40.70580839446334,40.70580839446334,279.43828569147223,279.43828569147223,0.0,216.55490065854497,216.55490065854497,6.864825849508996,6.864825849508996,lifeline 0-50,lifeline 0-50,0.0,0.0,0.0,0.0,0.0,0.0,0.0,1.0,True,0.0,False,False,False,,False
DHNC0129,Dhanmondi,Residential,Res-A,597.3547737671756,0.35121625022901065,2.0187778236759084,22.052901256339783,0.3794330004399687,LT-A,368.01852512194097,366.1980171763622,0.0,1.8205079455787783,0,23,40.1474819602308,0.0,1,upper-middle,127110.07724594354,5,1.360999615608951,1.360999615608951,3.9957000000000003,3540.3382116730722,3522.8249252366045,0.0,9.62,30,1.0,368.01852512194097,366.1980171763622,3421.065492256725,3402.6765414984347,0.0,3090.338211673072,3072.8249252366045,9.295905664322667,9.291903237858588,301-400,301-400,18.38895075829032,0.5375211553216991,17.51328643646775,1.820507945578754,0.49467834397073857,0.0,0.0,0.9950532165602926,True,-21.758531201940478,False,False,False,0.4580349715707203,True
DHNC0130,Dhanmondi,Residential,Res-A,597.3547737671756,0.6051349260522151,1.1927483365818308,18.68758025735684,0.39615446959569034,LT-A,291.6511099615775,247.90344346734088,0.0,43.74766649423664,0,634,817.5380286831277,0.0,30,upper-middle,117043.0415260297,5,1.2133883557043317,1.2133883557043317,3.6712000000000002,2654.0251006503554,2255.9213355528022,0.0,9.1,30,1.0,291.6511099615775,247.90344346734088,2639.926275682873,2221.9173223304424,0.0,2360.0251006503554,1961.921335552802,9.05165859314117,8.962833638989611,201-300,201-300,418.0089533524306,15.834114657020248,398.10376509755315,43.747666494236626,15.0,0.0,0.0,0.85,True,-399.5290753306971,False,False,False,0.5113021519326144,True
DHNC0131,Dhanmondi,Residential,Res-C,597.3547737671756,0.24408045691363653,3.061510023470542,30.789086251012765,0.2564978801446237,LT-A,92.34181344449863,92.34181344449863,0.0,0.0,0,0,0.0,0.0,0,lower-middle,10855.34010447135,4,0.5898951703101828,0.5898951703101828,2.1605,784.9054142782385,784.9054142782385,0.0,8.5,30,1.0,92.34181344449863,92.34181344449863,736.7287349921503,736.7287349921503,0.0,610.9054142782384,610.9054142782384,7.978278826362401,7.978278826362401,76-200,76-200,0.0,0.0,0.0,0.0,0.0,0.0,0.0,1.0,True,0.0,False,False,False,,False
DHNC0132,Dhanmondi,Residential,Res-A,597.3547737671756,0.5276488814373492,1.3891837278710417,22.25116427635159,0.4030942051735977,LT-A,267.4003681184043,228.643512363799,0.0,38.75685575460527,0,923,862.3851642305846,0.0,29,upper-middle,199670.40133154308,6,0.915791085474901,0.9074306093312954,2.8842000000000003,2433.343349877479,2080.6559625105706,0.0,9.1,30,1.0,267.4003681184043,228.643512363799,2373.5037373713526,2003.1819806360998,0.0,2139.343349877479,1786.655962510571,8.876217164818451,8.761158188686322,201-300,201-300,370.32175673525285,15.602324567872092,352.6873873669083,38.75685575460528,14.493942557866575,0.008360476143605577,0.9129239491635904,0.8550605744213343,True,-492.0634074953317,False,False,False,0.4294157321985611,True
DHNC0133,Dhanmondi,Residential,Res-B,597.3547737671756,0.3139515290792878,1.8400260204212102,19.5057887952798,0.40540945869736483,LT-A,133.54810465178795,132.18096788070142,0.0,1.367136771086515,0,87,26.667081111074346,0.0,3,middle,50477.705370387834,5,0.6885241749247835,0.6885241749247835,3.4,1135.1588895401976,1123.5382269859622,0.0,8.5,30,1.0,133.54810465178795,132.18096788070142,1159.1568340172075,1146.9551383352602,0.0,961.1588895401976,949.5382269859621,8.679695133372217,8.677157965513105,76-200,76-200,12.201695681947285,1.052635443614712,11.620662554235423,1.3671367710865354,1.023703612006471,0.0,0.0,0.9897629638799355,True,-14.46538542912706,False,False,False,0.4575564768834091,True
DHNC0134,Dhanmondi,Residential,Res-B,597.3547737671756,0.3582040537323322,1.4656104498572111,26.21101875825832,0.31168782349906043,LT-A,115.35518579447488,115.35518579447488,0.0,0.0,0,0,0.0,0.0,0,middle,44273.66948967376,4,0.728351248386059,0.728351248386059,1.1901000000000002,980.5190792530365,980.5190792530365,0.0,8.5,30,1.0,115.35518579447488,115.35518579447488,899.3284432156883,899.3284432156883,0.0,806.5190792530365,806.5190792530365,7.796168304197409,7.796168304197409,76-200,76-200,0.0,0.0,0.0,0.0,0.0,0.0,0.0,1.0,True,0.0,False,False,False,,False
DHNC0135,Dhanmondi,Residential,Res-C,597.3547737671756,0.18259931476100183,3.508521985019845,28.883654160057354,0.21538046807133604,LT-A,295.40846620307053,295.40846620307053,0.0,0.0,0,0,0.0,0.0,0,lower-middle,12016.518148096231,4,1.2232286083000776,1.2232286083000776,2.1455,2688.2170424479427,2688.2170424479427,0.0,9.1,30,1.0,295.40846620307053,295.40846620307053,2608.544444570339,2608.544444570339,0.0,2394.217042447942,2394.217042447942,8.83029683643923,8.83029683643923,201-300,201-300,0.0,0.0,0.0,0.0,0.0,0.0,0.0,1.0,True,0.0,False,False,False,,False
DHNC0136,Dhanmondi,Residential,Res-B,597.3547737671756,0.38046397072847193,1.975237097298614,20.316459074652148,0.30551655242849357,LT-A,116.77221535066711,111.91972486802152,0.0,4.852490482645581,0,276,98.58542430080799,0.0,12,middle,42216.70883679408,4,0.8027958701016208,0.8027958701016208,2.0695,992.5638304806705,951.317661378183,0.0,8.5,30,1.0,116.77221535066711,111.91972486802152,950.756972004704,907.4484944470921,0.0,818.5638304806705,777.317661378183,8.141979401089374,8.10803006813301,76-200,76-200,43.30847755761192,4.555157504266784,41.246169102487556,4.852490482645592,4.155518046886031,0.0,0.0,0.9584448195311398,True,-55.27694674319606,False,False,False,0.439298992368966,True
DHNC0137,Dhanmondi,Residential,Res-A,597.3547737671756,0.4426322184329279,2.2429414507506262,19.995416366935615,0.4160937605132725,LT-A,229.1168175173366,200.5015162729717,0.0,28.615301244364918,0,700,572.1748628463673,0.0,25,upper-middle,166337.5309832687,6,1.6506936583080898,1.644697869102205,3.5197,2084.963039407763,1824.563798084043,0.0,9.1,30,1.0,229.1168175173366,200.5015162729717,2035.729961378151,1762.3107579882446,0.0,1790.963039407763,1530.5637980840427,8.885118008520319,8.789513370008414,201-300,201-300,273.41920338990644,13.431015339814852,260.39924132372016,28.6153012443649,12.489393644008548,0.005995789205884838,0.36322846311957957,0.8751060635599145,True,-298.7556594564609,False,False,False,0.47785951663402815,True
DHNC0138,Dhanmondi,Residential,Res-B,597.3547737671756,0.28540239578523013,1.0646311953541094,20.182606577519802,0.47300406365270453,LT-A,142.7903953391316,142.7903953391316,0.0,0.0,0,0,0.0,0.0,0,middle,40651.31900756202,4,0.9926962791241454,0.9926962791241454,1.5950000000000002,1213.7183603826188,1213.7183603826188,0.0,8.5,30,1.0,142.7903953391316,142.7903953391316,1162.0437784017497,1162.0437784017497,0.0,1039.7183603826188,1039.7183603826188,8.138108838776304,8.138108838776304,76-200,76-200,0.0,0.0,0.0,0.0,0.0,0.0,0.0,1.0,True,0.0,False,False,False,,False
DHNC0139,Dhanmondi,Residential,Res-C,597.3547737671756,0.22382332739651156,2.330494277519323,34.376064211421664,0.3836028079326256,LT-A,140.01108368504399,140.01108368504399,0.0,0.0,0,0,0.0,0.0,0,lower-middle,14946.549838235462,5,1.2207766548256243,1.2207766548256243,2.6005,1190.0942113228737,1190.0942113228737,0.0,8.5,30,1.0,140.01108368504399,140.01108368504399,1181.5809718890175,1181.5809718890175,0.0,1016.0942113228739,1016.0942113228739,8.43919596070689,8.43919596070689,76-200,76-200,0.0,0.0,0.0,0.0,0.0,0.0,0.0,1.0,True,0.0,False,False,False,,False
DHNC0140,Dhanmondi,Residential,Res-B,597.3547737671756,0.4018824595556023,1.8634108840162094,15.813734465224497,0.4193672889328731,LT-A,200.59952118619543,180.45396416826907,0.0,20.14555701792635,0,952,318.5764893355272,0.0,28,middle,45456.46366414768,4,1.1192668364678084,1.115271792587724,3.3505,1825.4556427943787,1642.1310739312485,0.0,9.1,30,1.0,200.59952118619543,180.45396416826907,1755.7854749340975,1575.6086802018015,0.0,1531.4556427943785,1359.858695430287,8.752690258439783,8.731360862389167,201-300,76-200,180.176794732296,10.261891176600539,183.32456886313025,20.145557017926365,10.042674528234473,0.003995043880084426,0.3569339991071314,0.8995732547176554,True,-138.39969460323118,False,False,False,0.5655683980575618,True
DHNC0141,Dhanmondi,Residential,Res-A,597.3547737671756,0.6088898224691233,2.2283803579028647,17.670244894482693,0.35632299383632754,LT-A,458.2905911169027,389.5470024493673,0.0,68.7435886675354,0,798,1214.7160466809355,0.0,30,upper-middle,70174.81340823162,5,2.227857710348002,2.227857710348002,5.2602,6878.941772664711,5847.100506765006,0.0,15.01,30,1.0,458.2905911169027,389.5470024493673,4718.563681297945,3694.2890917410587,0.0,4272.94177266471,3297.4421635629133,10.296008193836808,9.483551583024276,401-600,301-400,1024.274589556886,21.70733847710066,1031.841265899705,68.74358866753539,14.999999999999996,0.0,0.0,0.85,True,-190.44145712404952,False,True,False,0.8432214198170777,True
DHNC0142,Dhanmondi,Residential,Res-B,597.3547737671756,0.26652176687619006,1.7915009806486129,19.534737983460815,0.43871806627031984,LT-A,182.87998459457563,182.87998459457563,0.0,0.0,0,0,0.0,0.0,0,middle,33061.08590087226,4,1.1544578227660356,1.1544578227660356,3.0093,1554.479869053893,1554.479869053893,0.0,8.5,30,1.0,182.87998459457563,182.87998459457563,1582.2139925065874,1582.2139925065874,0.0,1380.4798690538928,1380.4798690538928,8.65165204390288,8.65165204390288,76-200,76-200,0.0,0.0,0.0,0.0,0.0,0.0,0.0,1.0,True,0.0,False,False,False,,False
DHNC0143,Dhanmondi,Residential,Res-C,597.3547737671756,0.3112628688198376,3.2920784238183085,22.751183166487603,0.3659745079914144,LT-A,81.94383717146094,81.94383717146094,0.0,0.0,0,0,0.0,0.0,0,lower-middle,11995.91351094237,4,0.5614341776240442,0.5614341776240442,1.3555000000000001,696.5226159574179,696.5226159574179,0.0,8.5,30,1.0,81.94383717146094,81.94383717146094,608.426296755289,608.426296755289,0.0,522.522615957418,522.522615957418,7.424918306939977,7.424918306939977,76-200,76-200,0.0,0.0,0.0,0.0,0.0,0.0,0.0,1.0,True,0.0,False,False,False,,False
DHNC0144,Dhanmondi,Residential,Res-A,597.3547737671756,0.6065253730617778,2.2523247459122304,18.249456829128974,0.4303080673705305,LT-A,246.03424934100113,209.12911193985101,0.0,36.90513740115018,0,543,673.4987117753632,0.0,30,upper-middle,134930.99992835874,5,1.081796149672319,1.062913708245767,4.4108,2238.9116690031105,1903.0749186526443,0.0,9.1,30,1.0,246.03424934100113,209.12911193985101,2236.673532453266,1884.0449445852767,0.0,1944.9116690031103,1609.0749186526443,9.090903150452268,9.009003706414433,201-300,201-300,352.6285878679894,15.765760302139999,335.8367503504662,36.905137401150114,14.999999999999977,0.018882441426552043,1.745471310123596,0.85,True,-320.8701239073738,False,False,False,0.523577226953337,True
DHNC0145,Dhanmondi,Residential,Res-B,597.3547737671756,0.3125034082147129,1.647736992587228,16.025294852254472,0.35153536236565264,LT-A,276.6241913219139,264.64014845392535,0.0,11.98404286798847,0,483,192.0478204815725,0.0,21,middle,31459.562443619987,4,1.4238470909785188,1.4238470909785188,3.4603,2517.280141029415,2408.2253509307197,0.0,9.1,30,1.0,276.6241913219139,264.64014845392535,2487.0433780808876,2372.535848477257,0.0,2223.2801410294164,2114.2253509307207,8.990693714081782,8.965139501084895,201-300,201-300,114.5075296036307,4.604162943550658,109.05479009869532,11.984042867988535,4.332246869198229,0.0,0.0,0.9566775313080179,True,-77.5402908779418,False,False,False,0.5962448796164183,True
DHNC0146,Dhanmondi,Residential,Res-C,597.3547737671756,0.19737309389563926,2.6030978909432863,29.659219542562127,0.28417363309577537,LT-A,41.18644797174788,41.18644797174788,0.0,0.0,0,0,0.0,0.0,0,lower-middle,23389.768064950345,5,0.16882759939953645,0.16882759939953645,0.18449999999999997,219.11190320969874,219.11190320969874,0.0,5.32,30,1.0,41.18644797174788,41.18644797174788,252.11749837018368,252.11749837018368,0.0,219.11190320969874,219.11190320969874,6.121370275560674,6.121370275560674,lifeline 0-50,lifeline 0-50,0.0,0.0,0.0,0.0,0.0,0.0,0.0,1.0,True,0.0,False,False,False,,False
DHNC0147,Dhanmondi,Residential,Res-A,597.3547737671756,0.49518829491185457,1.542102778650558,19.192653210862858,0.4059737239951341,LT-A,321.4607804578542,273.24166338917615,0.0,48.21911706867816,0,546,925.4527920331379,0.0,30,upper-middle,79048.09692468209,5,1.6166045452996751,1.6079164630432372,5.3601,3092.452708004559,2628.5848018038737,0.0,9.62,30,1.0,321.4607804578542,273.24166338917615,3010.9557534047854,2538.5045036835786,0.0,2642.4527080045573,2192.499136841503,9.366479323282622,9.290327368809802,301-400,201-300,472.45124972120675,15.691072483777267,463.8679062006854,48.21911706867803,14.99999999999997,0.008688082256437912,0.5374278008619217,0.8499999999999999,True,-453.0015423119312,False,False,False,0.5105082115353211,True
DHNC0148,Dhanmondi,Residential,Res-B,597.3547737671756,0.40918796720865547,1.9024943608927443,16.891189329737724,0.3716199752578359,LT-A,195.00369110682632,167.7037003913811,0.0,27.299990715445187,0,919,461.1293118746666,0.0,28,middle,58115.81179844599,4,0.8453655058433606,0.8391404313264346,2.7004,1657.5313744080233,1425.481453326739,0.0,8.5,30,1.0,195.00369110682632,167.7037003913811,1676.795583128425,1433.143165993076,0.0,1483.5313744080238,1251.4814533267393,8.59878894399926,8.545686008409213,76-200,76-200,243.65241713534897,14.53083605341819,232.0499210812843,27.299990715445233,13.999730241254683,0.006225074516925999,0.736376688414284,0.8600026975874534,True,-217.47689473931763,False,False,False,0.5283819762938273,True
DHNC0149,Dhanmondi,Residential,Res-A,597.3547737671756,0.5396076492738332,1.3128248443899624,22.757152077173938,0.3571229000447335,LT-A,430.83250778286373,366.20763161543425,0.0,64.62487616742958,0,638,1470.6781349107287,0.0,30,upper-middle,115837.25944743413,6,2.9583157319067195,2.866252660512515,6.1049999999999995,6466.795941820785,5496.776550547669,0.0,15.01,30,1.0,430.83250778286373,366.20763161543425,4323.066238911824,3495.7937869475013,0.0,3860.7959418207847,3072.9174161404776,10.034215526490904,9.545933741267687,401-600,301-400,827.272451964323,19.136242801881263,970.0193912731156,64.62487616742948,14.99999999999998,0.09206307139420433,3.1120096614862347,0.85,True,-643.4056829464057,False,False,False,0.5625108800672685,True
DHNC0150,Dhanmondi,Residential,Res-A,597.3547737671756,0.5605663207416891,1.7732139806178404,22.943637602189742,0.49110428308766557,LT-A,320.272319299007,272.23147140415597,0.0,48.04084789485106,0,641,1102.2318042013826,0.0,30,upper-middle,150942.08383172465,5,1.5288066960492408,1.5288066960492408,2.8696999999999995,3081.019711656448,2618.86675490798,0.0,9.62,30,1.0,320.272319299007,272.23147140415597,2889.1244672392695,2419.02547926671,0.0,2631.0197116564473,2183.3063897778193,9.020837247386266,8.885914133253957,301-400,201-300,470.09898797255937,16.27133040833533,462.1529567484681,48.04084789485103,14.999999999999995,0.0,0.0,0.85,True,-632.1328162288232,False,False,False,0.426497390277327,True
DHNC0151,Dhanmondi,Residential,Res-A,597.3547737671756,0.5978021759555344,1.7720737173452736,20.99496096849947,0.38178548622700903,LT-A,444.5688377726652,377.88351210676535,0.0,66.68532566589977,0,545,1400.0558095272418,0.0,30,upper-middle,127209.47928057211,4,2.1560452760811186,2.0942873411112632,4.531199999999999,6672.978254967701,5672.031516722548,0.0,15.01,30,1.0,444.5688377726652,377.88351210676535,4470.153087716089,3544.3272757904365,0.0,4066.9782549677043,3185.2393864670826,10.055030195350643,9.379417630661376,401-600,301-400,925.8258119256529,20.71127752805173,1000.946738245153,66.68532566589982,15.00000000000001,0.06175793496985538,2.8644080741248685,0.85,True,-474.2299976015888,False,False,False,0.6612777902320033,True
DHNC0152,Dhanmondi,Residential,Res-C,597.3547737671756,0.26984488059976824,4.034408274759668,33.1032838944287,0.2997743069533413,LT-A,67.20627665050526,67.20627665050526,0.0,0.0,0,0,0.0,0.0,0,lower-middle,22224.829500437707,5,0.8674896319499349,0.8674896319499349,0.9456,415.3347897001224,415.3347897001224,0.0,6.18,30,1.0,67.20627665050526,67.20627665050526,477.8024891851286,477.8024891851286,0.0,415.3347897001225,415.3347897001225,7.109492044468683,7.109492044468683,1-75,1-75,0.0,0.0,0.0,0.0,0.0,0.0,0.0,1.0,True,0.0,False,False,False,,False
DHNC0153,Dhanmondi,Residential,Res-C,597.3547737671756,0.20180371131682417,3.2750628221636133,30.84181303024937,0.308125762072875,LT-A,45.246899873122096,45.246899873122096,0.0,0.0,0,0,0.0,0.0,0,lower-middle,12013.797017809451,4,0.49312282140590263,0.49312282140590263,1.1295,240.7135073250096,240.7135073250096,0.0,5.32,30,1.0,45.246899873122096,45.246899873122096,302.5601326912601,302.5601326912601,0.0,240.71350732500957,240.71350732500957,6.6868698969360585,6.6868698969360585,lifeline 0-50,lifeline 0-50,0.0,0.0,0.0,0.0,0.0,0.0,0.0,1.0,True,0.0,False,False,False,,False
DHNC0154,Dhanmondi,Residential,Res-C,597.3547737671756,0.24037137470215791,3.2851265664787643,27.295174314761667,0.3186717335902451,LT-A,153.86444099116545,153.86444099116545,0.0,0.0,0,0,0.0,0.0,0,lower-middle,10588.159136947655,4,0.6875231662527604,0.6875231662527604,1.0497,1307.8477484249065,1307.8477484249065,0.0,8.5,30,1.0,153.86444099116545,153.86444099116545,1236.8319058461518,1236.8319058461518,0.0,1133.8477484249063,1133.8477484249063,8.038451885820505,8.038451885820505,76-200,76-200,0.0,0.0,0.0,0.0,0.0,0.0,0.0,1.0,True,0.0,False,False,False,,False
DHNC0155,Dhanmondi,Residential,Res-B,597.3547737671756,0.4559772438988185,1.641028113337226,16.44046621754149,0.3851228167814672,LT-A,219.3618826517549,202.04416783254442,0.0,17.31771481921052,0,930,284.7113054502482,0.0,30,middle,30955.723415962086,4,0.7443248021868961,0.6785299373285351,1.4500000000000002,1996.1931321309696,1838.6019272761541,0.0,9.1,30,1.0,219.3618826517549,202.04416783254442,1851.2477887375182,1685.777023639962,0.0,1702.1931321309696,1544.6019272761541,8.43924097641176,8.343606458549921,201-300,201-300,165.4707650975563,8.938336947881037,157.5912048548155,17.317714819210494,7.894587067664351,0.06579486485836106,8.839536807728235,0.9210541293233564,True,-119.24054035269188,False,False,False,0.5811878978106525,True
DHNC0156,Dhanmondi,Residential,Res-B,597.3547737671756,0.26887214950561944,1.8249952942968952,20.815633395100633,0.47513807440757183,LT-A,95.23959968379535,95.23959968379535,0.0,0.0,0,0,0.0,0.0,0,middle,41901.58429061521,4,0.8644688300963509,0.8644688300963509,3.2104000000000004,809.5365973122605,809.5365973122605,0.0,8.5,30,1.0,95.23959968379535,95.23959968379535,808.8920671778735,808.8920671778735,0.0,635.5365973122605,635.5365973122605,8.493232540492329,8.493232540492329,76-200,76-200,0.0,0.0,0.0,0.0,0.0,0.0,0.0,1.0,True,0.0,False,False,False,,False
DHNC0157,Dhanmondi,Residential,Res-B,597.3547737671756,0.4815690479379899,1.9484105407164771,21.25782955592494,0.3657223113983215,LT-A,199.53514267074084,172.58618366928985,0.0,26.948959001450998,0,623,572.8763771624544,0.0,27,middle,49862.31474200881,5,0.9259105048448533,0.9259105048448533,3.7403,1696.0487127012968,1466.9825611889637,0.0,8.5,30,1.0,199.53514267074084,172.58618366928985,1763.0983783363617,1522.578919248412,0.0,1522.048712701297,1292.9825611889637,8.836029356721916,8.822136783359102,76-200,76-200,240.51945908794983,13.641862646082238,229.06615151233314,26.948959001450987,13.505871016375448,0.0,0.0,0.8649412898362454,True,-332.3569180745046,False,False,False,0.41984530812612664,True
DHNC0158,Dhanmondi,Residential,Res-A,597.3547737671756,0.6526978462334457,2.120443514784503,21.280756465248757,0.40285917864703485,LT-A,363.14754051208837,308.6754094352751,0.0,54.47213107681328,0,565,1159.208155588772,0.0,30,upper-middle,176484.38687158463,5,2.324365353044163,2.324365353044163,3.4508,3493.479339726291,2969.4574387673474,0.0,9.62,30,1.0,363.14754051208837,308.6754094352751,3347.8335867126043,2797.6105907057135,0.0,3043.47933972629,2519.4574387673465,9.218935042191653,9.063276520225473,301-400,301-400,550.2229960068908,16.43519553034835,524.0219009589437,54.47213107681324,14.999999999999995,0.0,0.0,0.85,True,-608.9851595818811,False,False,False,0.4746541795398495,True
DHNC0159,Dhanmondi,Residential,Res-B,597.3547737671756,0.2550088501330883,1.46479925853654,19.37217605978993,0.46555464241697087,LT-A,245.39837034503063,245.39837034503063,0.0,0.0,0,0,0.0,0.0,0,middle,28667.42908371985,4,1.0624375682733445,1.0624375682733445,2.0151,2233.125170139778,2233.125170139778,0.0,9.1,30,1.0,245.39837034503063,245.39837034503063,2124.9473386467675,2124.9473386467675,0.0,1939.1251701397787,1939.1251701397787,8.659174613340289,8.659174613340289,201-300,201-300,0.0,0.0,0.0,0.0,0.0,0.0,0.0,1.0,True,0.0,False,False,False,,False
DHNC0160,Dhanmondi,Residential,Res-A,597.3547737671756,0.6021525847570287,1.9058545380816994,24.755994199590276,0.41980712611363086,LT-A,480.6523330655176,408.5544831056901,0.0,72.09784995982767,0,487,1784.8539554084234,0.0,30,upper-middle,117223.41703964541,5,3.105748483976048,3.105748483976048,6.0607,7214.59151931342,6132.402791416407,0.0,15.01,30,1.0,480.6523330655176,408.5544831056901,5106.297965279089,3969.999800987229,0.0,4608.591519313419,3526.4027914164085,10.623682886780143,9.717185749153115,401-600,401-600,1136.2981642918603,22.252876193638947,1082.1887278970125,72.0978499598275,14.99999999999997,0.0,0.0,0.85,True,-648.5557911165631,False,False,False,0.636633692548724,True
DHNC0161,Dhanmondi,Residential,Res-A,597.3547737671756,0.6500823110581533,1.7594897228145405,13.019921379441838,0.35409351320800403,LT-A,245.2795361666398,225.78596430590767,0.0,19.493571860732185,0,810,253.80477303123286,0.0,30,upper-middle,183233.91761301667,5,1.2904224827297242,1.2904224827297242,3.5752,2232.043779116423,2054.65227518376,0.0,9.1,30,1.0,245.2795361666398,225.78596430590767,2192.6122880722432,2006.3512089429478,0.0,1938.043779116422,1760.6522751837597,8.939238561600224,8.886075868846431,201-300,201-300,186.26107912929547,8.494939125469246,177.391503932663,19.493571860732118,7.947492141166002,0.0,0.0,0.9205250785883397,True,-67.54369390193739,False,True,False,0.7338753992084083,True
DHNC0162,Dhanmondi,Residential,Res-B,597.3547737671756,0.39562024028313764,1.7758874718913007,21.088216461684308,0.4034305649029983,LT-A,248.65636493228286,233.93550786566232,0.0,14.720857066620578,0,337,310.43662032240985,0.0,12,middle,50742.67573239722,4,1.1102497760801993,1.1102497760801993,2.8150999999999997,2262.7729208837745,2128.8131215775275,0.0,9.1,30,1.0,248.65636493228286,233.93550786566232,2191.3574769279626,2050.699687656403,0.0,1968.772920883774,1834.813121577527,8.812794627335359,8.766089878215578,201-300,201-300,140.65778927155952,6.418751424744537,133.95979930624708,14.720857066620539,5.92016097019254,0.0,0.0,0.9407983902980744,True,-169.77883105085033,False,False,False,0.4530966389386558,True
DHNC0163,Dhanmondi,Residential,Res-A,597.3547737671756,0.5049334583726315,2.6893518104502148,20.6980335715682,0.3933724772832,LT-A,340.73497998049345,289.6247329834193,0.0,51.110246997074015,0,709,1057.8816081965806,0.0,30,upper-middle,60315.6499277848,6,1.3626364427430746,1.2547508621744365,3.9558,3277.8705074123454,2786.1899313004938,0.0,9.62,30,1.0,340.73497998049345,289.6247329834193,3143.714812782964,2633.115103656571,0.0,2827.870507412347,2341.5850701491154,9.226275544010589,9.091471838516341,301-400,201-300,510.599709126393,16.24192204236192,491.6805761118517,51.11024699707417,15.000000000000046,0.10788558056863806,7.9174148866485226,0.85,True,-547.2818990701876,False,False,False,0.4826624313819349,True
DHNC0164,Dhanmondi,Residential,Res-A,597.3547737671756,0.7406513183741963,2.389622745228639,20.22200935199739,0.3624957517971772,LT-A,562.9184885460242,478.4807152641204,0.0,84.4377732819036,0,385,1707.5014409684907,0.0,30,upper-middle,112409.89724414435,4,3.123549905833586,3.0559524052723273,4.3759,8449.406513075823,7181.995536114448,0.0,15.01,30,1.0,562.9184885460242,478.4807152641204,6328.5540287296135,4997.77250292017,0.0,5843.406513075823,4575.9955361144475,11.2423986021063,10.445086590713295,401-600,401-600,1330.7815258094433,21.02820833587136,1267.4109769613742,84.43777328190373,15.00000000000002,0.0675975005612588,2.164124236818267,0.8500000000000001,True,-376.71991515904733,False,True,False,0.7793735887301081,True
DHNC0165,Dhanmondi,Residential,Res-B,597.3547737671756,0.2849052141893808,1.0913564944962277,17.849611629468374,0.4104760526573604,LT-A,160.1638698695981,155.39180063957429,0.0,4.772069230023823,0,204,85.17958242486142,0.0,6,middle,27817.085715624868,5,0.856104329999187,0.856104329999187,0.9104000000000001,1361.3928938915847,1320.8303054363823,0.0,8.5,30,1.0,160.1638698695981,155.39180063957429,1286.9111785861628,1244.3204607082005,0.0,1187.3928938915838,1146.8303054363814,8.034965561421172,8.007632678086775,76-200,76-200,42.590717877962334,3.30953049337513,40.56258845520233,4.772069230023817,2.9794917130243737,0.0,0.0,0.9702050828697563,True,-42.58886454689909,False,False,False,0.5000108789630712,True
DHNC0166,Dhanmondi,Residential,Res-B,597.3547737671756,0.2941040742871551,2.105858664566605,22.138117240529624,0.4277214857653215,LT-A,214.16075611934482,214.16075611934482,0.0,0.0,0,0,0.0,0.0,0,middle,46621.18764263855,4,1.081108964756739,1.081108964756739,3.0052,1948.8628806860384,1948.8628806860384,0.0,9.1,30,1.0,214.16075611934482,214.16075611934482,1870.1353447203398,1870.1353447203398,0.0,1654.862880686038,1654.862880686038,8.732390465030738,8.732390465030738,201-300,201-300,0.0,0.0,0.0,0.0,0.0,0.0,0.0,1.0,True,0.0,False,False,False,,False
DHNC0167,Dhanmondi,Residential,Res-A,597.3547737671756,0.6776672187453736,2.3879356089678265,21.198795043489724,0.45088796953381155,LT-A,480.8684776675046,408.73820601737884,0.0,72.13027165012569,0,523,1529.0748451422514,0.0,30,upper-middle,64471.532924041625,6,2.6226779461370295,2.6226779461370295,5.5408,7217.835849789242,6135.160472320858,0.0,15.01,30,1.0,480.8684776675046,408.73820601737884,5086.7769222787065,3949.9677759368997,0.0,4611.835849789244,3529.1604723208566,10.578312279799606,9.663808564470123,401-600,401-600,1136.8091463418068,22.34831925423917,1082.6753774683839,72.13027165012574,15.000000000000009,0.0,0.0,0.85,True,-392.2656988004446,False,True,False,0.7434620678990035,True
DHNC0168,Dhanmondi,Residential,Res-C,597.3547737671756,0.21444653867106891,3.000780284007591,32.755549761242996,0.34230538132313115,LT-A,88.11674674271877,88.11674674271877,0.0,0.0,0,0,0.0,0.0,0,lower-middle,14727.353646780603,5,0.1970740994190237,0.1970740994190237,0.2895,748.9923473131097,748.9923473131097,0.0,8.5,30,1.0,88.11674674271877,88.11674674271877,625.791964678765,625.791964678765,0.0,574.9923473131096,574.9923473131096,7.1018505313857965,7.1018505313857965,76-200,76-200,0.0,0.0,0.0,0.0,0.0,0.0,0.0,1.0,True,0.0,False,False,False,,False
DHNC0169,Dhanmondi,Residential,Res-A,597.3547737671756,0.6770819405915616,2.2379500482238224,21.543764303355694,0.3096033500134145,LT-A,408.60854383871293,347.3172622629059,0.0,61.29128157580693,0,747,1320.444924119792,0.0,30,upper-middle,143599.90987984807,6,2.2480006346288075,2.2055257211408366,5.1189,6133.21424301908,5213.232106566219,0.0,15.01,30,1.0,408.60854383871293,347.3172622629059,3929.3184451700354,3261.495156117613,0.0,3527.214243019081,2891.192062969155,9.61633941438343,9.39053571615679,401-600,301-400,667.8232890524223,16.99590650061256,919.9821364528607,61.291281575807034,15.000000000000023,0.042474913487970944,1.8894529135657674,0.8500000000000001,True,-652.6216350673697,False,True,False,0.505756262039928,True
DHNC0170,Dhanmondi,Residential,Res-A,597.3547737671756,0.5583362248293069,1.3921107454813,21.706379678890432,0.3539338502678929,LT-A,198.36510262610145,168.61033723218625,0.0,29.754765393915218,0,746,645.8682348966336,0.0,30,upper-middle,115462.22810377824,4,1.4887619775362513,1.3629512755943305,3.1011,1686.1033723218627,1433.1878664735832,0.0,8.5,30,1.0,198.36510262610145,168.61033723218625,1724.4670509379555,1458.9057697972623,0.0,1512.1033723218623,1259.1878664735832,8.693399333391847,8.65252862751982,76-200,76-200,265.56128114069315,15.399614680735803,252.9155058482795,29.754765393915193,14.99999999999999,0.1258107019419208,8.450692846825968,0.85,True,-380.3069537559404,False,False,False,0.41116944105974534,True
DHNC0171,Dhanmondi,Residential,Res-A,597.3547737671756,0.5682930476215415,2.122059295573791,24.96575083020658,0.40159814303214303,LT-A,391.44162509371256,332.7253813296556,0.0,58.716243764056884,0,716,1465.8951114991155,0.0,30,upper-middle,157540.10829092073,5,1.5018078016414391,1.5018078016414391,4.391,3765.6684334015144,3200.818168391288,0.0,9.62,30,1.0,391.44162509371256,332.7253813296556,3675.0949550715904,3082.002176810851,0.0,3315.668433401515,2750.8181683912867,9.388615618463568,9.262900727604197,301-400,301-400,593.0927782607396,16.1381620206106,564.8502650102264,58.71624376405697,15.000000000000023,0.0,0.0,0.85,True,-872.8023332383759,False,False,False,0.40459428072872555,True
DHNC0172,Dhanmondi,Residential,Res-B,597.3547737671756,0.3421006814184893,1.3214229628585188,16.881221266909378,0.3660783259765816,LT-A,195.65225707438245,178.4410153083,0.0,17.211241766082424,0,714,290.54678053150946,0.0,21,middle,51370.35420241056,4,1.1502755382389827,1.1502755382389827,3.4252,1663.0441851322503,1516.74863012055,0.0,8.5,30,1.0,195.65225707438245,178.4410153083,1714.5477143888634,1560.9373816265775,0.0,1489.0441851322507,1342.74863012055,8.763240148755514,8.747637861898962,76-200,76-200,153.6103327622859,8.959233474411592,146.29555501170034,17.211241766082452,8.796853163589693,0.0,0.0,0.9120314683641032,True,-136.93644776922355,False,False,False,0.5286939765131111,True
DHNC0173,Dhanmondi,Residential,Res-B,597.3547737671756,0.2512079061374616,2.1945723523164173,18.198152633996628,0.3644342281680544,LT-A,186.67736281449746,186.67736281449746,0.0,0.0,0,0,0.0,0.0,0,middle,29015.0491817229,5,1.352832332002189,1.352832332002189,3.4603,1586.7575839232284,1586.7575839232284,0.0,8.5,30,1.0,186.67736281449746,186.67736281449746,1635.9946931193897,1635.9946931193897,0.0,1412.7575839232284,1412.7575839232284,8.76375511445964,8.76375511445964,76-200,76-200,0.0,0.0,0.0,0.0,0.0,0.0,0.0,1.0,True,0.0,False,False,False,,False
DHNC0174,Dhanmondi,Residential,Res-B,597.3547737671756,0.2732280258618284,1.4359966557187553,18.00957000415341,0.3506301875340158,LT-A,129.56457345591136,127.63921403093211,0.0,1.9253594249792605,0,84,34.67489534732054,0.0,3,middle,25068.316550649124,4,0.28309112789184326,0.28309112789184326,0.4145,1101.2988743752467,1084.9333192629229,0.0,8.5,30,1.0,129.56457345591136,127.63921403093211,995.7138180940088,978.529985226069,0.0,927.2988743752466,910.9333192629229,7.685077730239535,7.666374261666418,76-200,76-200,17.183832867939827,1.7257802950684211,16.36555511232382,1.9253594249792485,1.4860230490662758,0.0,0.0,0.9851397695093371,True,-17.491062479380716,False,False,False,0.49556985524594194,True
DHNC0175,Dhanmondi,Residential,Res-A,597.3547737671756,0.6394057187816466,2.1935544596943926,18.907009987104693,0.40083182947450985,LT-A,350.44495861986434,297.8782148268848,0.0,52.566743792979665,0,542,993.87994988344,0.0,30,upper-middle,186064.45614912937,5,2.0222656437542774,1.9813718818926829,5.3257,3371.2805019230955,2865.5884266346316,0.0,9.62,30,1.0,350.44495861986434,297.8782148268848,3302.2078970192497,2772.3897126708844,0.0,2921.280501923095,2416.691754924652,9.422900275193372,9.307124773398044,301-400,201-300,529.8181843483653,16.044361859427678,505.6920752884639,52.56674379297954,14.999999999999968,0.040893761861594546,2.022175572625388,0.85,True,-464.06176553507464,False,False,False,0.5330806647326986,True
DHNC0176,Dhanmondi,Residential,Res-B,597.3547737671756,0.3532600872529154,1.4412970982982565,16.49979177055076,0.42522691662214157,LT-A,164.82714776086524,145.0862672315143,0.0,19.740880529350942,0,708,325.72041810161045,0.0,24,middle,28857.599862192437,4,1.0477177173297025,1.0477177173297025,2.3352999999999997,1401.0307559673547,1233.2332714678716,0.0,8.5,30,1.0,164.82714776086524,145.0862672315143,1391.3690237657224,1215.1816650412652,0.0,1227.0307559673547,1059.2332714678716,8.441382640342418,8.37558018569875,76-200,76-200,176.18735872445723,12.662877763916894,167.79748449948306,19.74088052935093,11.976716698387225,0.0,0.0,0.8802328330161276,True,-149.53305937715322,False,False,False,0.5409159172499113,True
DHNC0177,Dhanmondi,Residential,Res-B,597.3547737671756,0.47541626776928436,1.4329237348584436,23.276329883391497,0.4290658721705346,LT-A,137.50287259780438,123.0849616631685,0.0,14.417910934635891,0,584,335.59605114394236,0.0,21,middle,32448.63988102806,4,1.0077413877766288,1.0077413877766288,3.2653000000000003,1168.774417081337,1046.2221741369322,0.0,8.5,30,1.0,137.50287259780438,123.0849616631685,1188.512867935404,1059.833012843779,0.0,994.7744170813372,872.2221741369323,8.643549370868794,8.610580842069837,76-200,76-200,128.6798550916251,10.826963557841669,122.55224294440495,14.417910934635884,10.48553434720469,0.0,0.0,0.895144656527953,True,-206.91619605231728,False,False,False,0.3834367378668359,True
DHNC0178,Dhanmondi,Residential,Res-C,597.3547737671756,0.21976540770322892,3.943079033686634,33.47710977935631,0.4177045662050843,LT-A,110.50175643627949,110.50175643627949,0.0,0.0,0,0,0.0,0.0,0,lower-middle,17512.542736004933,5,0.7556820742584218,0.7556820742584218,1.7857,939.264929708376,939.264929708376,0.0,8.5,30,1.0,110.50175643627949,110.50175643627949,882.2775461937945,882.2775461937945,0.0,765.2649297083757,765.2649297083757,7.984285269732859,7.984285269732859,76-200,76-200,0.0,0.0,0.0,0.0,0.0,0.0,0.0,1.0,True,0.0,False,False,False,,False
DHNC0179,Dhanmondi,Residential,Res-A,597.3547737671756,0.5119691663512222,2.2315486460968836,20.396027473219906,0.3541748035130683,LT-A,314.8356808863034,267.85281096071435,0.0,46.98286992558911,0,960,958.2639057730327,0.0,30,upper-middle,135085.50856606936,6,1.6313604004480429,1.6062827830984758,3.2597,3028.7192501262393,2576.744041442072,0.0,9.62,30,1.0,314.8356808863034,267.85281096071435,2851.407982632551,2394.386378729626,0.0,2578.719250126239,2143.4605797425006,9.05681330211832,8.939187048818418,301-400,201-300,457.0216039029251,16.027927490087958,451.9752086841672,46.98286992558906,14.92298134484826,0.02507761734956704,1.5372211647824496,0.8507701865515173,True,-501.24230187010755,False,False,False,0.47692665992072947,True
DHNC0180,Dhanmondi,Residential,Res-B,597.3547737671756,0.1882437980913956,1.4653823685409062,17.345931153401406,0.41282223685614505,LT-A,120.82145582857991,120.82145582857991,0.0,0.0,0,0,0.0,0.0,0,middle,27261.705246860292,5,0.6677148991074134,0.6677148991074134,2.9405,1026.9823745429294,1026.9823745429294,0.0,8.5,30,1.0,120.82145582857991,120.82145582857991,1025.3075432700757,1025.3075432700757,0.0,852.9823745429293,852.9823745429293,8.48613796480627,8.48613796480627,76-200,76-200,0.0,0.0,0.0,0.0,0.0,0.0,0.0,1.0,True,0.0,False,False,False,,False
DHNC0181,Dhanmondi,Residential,Res-B,597.3547737671756,0.36992056864598466,1.7486257100618186,23.21693724325289,0.3879546053496831,LT-A,200.7730212435238,200.7730212435238,0.0,0.0,0,0,0.0,0.0,0,middle,48624.323927768026,4,0.9606548943759903,0.9606548943759903,3.4053999999999998,1827.0344933160666,1827.0344933160666,0.0,9.1,30,1.0,200.7730212435238,200.7730212435238,1759.8643579818697,1759.8643579818697,0.0,1533.0344933160666,1533.0344933160666,8.765442423896564,8.765442423896564,201-300,201-300,0.0,0.0,0.0,0.0,0.0,0.0,0.0,1.0,True,0.0,False,False,False,,False
DHNC0182,Dhanmondi,Residential,Res-C,597.3547737671756,0.1545830785143941,3.238529035275376,31.375717658221962,0.2594110335162222,LT-A,101.31242876408855,101.31242876408855,0.0,0.0,0,0,0.0,0.0,0,lower-middle,14374.21012696876,3,0.6701002253701012,0.6701002253701012,2.0655,861.155644494753,861.155644494753,0.0,8.5,30,1.0,101.31242876408855,101.31242876408855,812.6019767194903,812.6019767194903,0.0,687.1556444947527,687.1556444947527,8.020753096460433,8.020753096460433,76-200,76-200,0.0,0.0,0.0,0.0,0.0,0.0,0.0,1.0,True,0.0,False,False,False,,False
DHNC0183,Dhanmondi,Residential,Res-A,597.3547737671756,0.7370821876441755,2.346129486768895,21.209303882818524,0.4573739653989894,LT-A,323.56101541733983,275.0268631047389,0.0,48.534152312600995,0,673,1029.3755850929538,0.0,30,upper-middle,177536.23042166387,5,1.4344623579571776,1.4344623579571776,3.8001000000000005,3112.656968314809,2645.7584230675875,0.0,9.62,30,1.0,323.56101541733983,275.0268631047389,2963.3742267305497,2486.7660869657802,0.0,2662.656968314809,2208.744454253124,9.158625685817837,9.04190252142294,301-400,201-300,476.6081397647695,16.083292331613638,466.8985452472216,48.53415231260095,14.999999999999993,0.0,0.0,0.85,True,-552.7674453281843,False,True,False,0.46300703714643787,True
DHNC0184,Dhanmondi,Residential,Res-B,597.3547737671756,0.36209494428208144,1.3739730394625518,19.03032012183989,0.4366460248957618,LT-A,136.6261290781602,128.48838282445854,0.0,8.137746253701675,0,396,154.86391627824614,0.0,12,middle,39096.01209839082,4,0.8652294506181384,0.8652294506181384,2.1802,1161.322097164362,1092.1512540078977,0.0,8.5,30,1.0,136.6261290781602,128.48838282445854,1132.8350220225798,1060.2056367082926,0.0,987.3220971643617,918.1512540078976,8.291496141082316,8.251373496985721,76-200,76-200,72.62938531428722,6.411294133951975,69.17084315646434,8.137746253701664,5.956215190028749,0.0,0.0,0.9404378480997124,True,-82.23453096395892,False,False,False,0.46898843229427956,True
DHNC0185,Dhanmondi,Residential,Res-A,597.3547737671756,0.6435557369502026,1.994372378250133,20.753420012738122,0.2907551319598885,LT-A,678.3049265963324,576.5591876068825,0.0,101.74573898944986,0,679,2111.5720557544782,0.0,30,upper-middle,101724.37914442638,4,3.5186382955203857,3.469814603648401,5.435199999999999,11768.590476446367,10003.301904979415,0.0,17.35,30,1.0,678.3049265963324,576.5591876068825,8386.212320268685,6590.253396278271,0.0,7758.590476446367,6048.153405979306,12.363484314274226,11.430315460989112,601-above,401-600,1795.9589239904144,21.415614766272384,1765.288571466952,101.74573898944993,15.00000000000001,0.048823691871984654,1.3875734807451676,0.85,True,-315.61313176406384,False,True,False,0.850531678090761,True
DHNC0186,Dhanmondi,Residential,Res-C,597.3547737671756,0.19145118179644144,3.580549520508513,32.04712381852901,0.32059796572795074,LT-A,69.4315714943234,69.4315714943234,0.0,0.0,0,0,0.0,0.0,0,lower-middle,13347.33947258841,3,0.5137433357182297,0.5137433357182297,1.8007,429.08711183491846,429.08711183491846,0.0,6.18,30,1.0,69.4315714943234,69.4315714943234,529.9523374266645,529.9523374266645,0.0,429.08711183491863,429.08711183491863,7.632728541510722,7.632728541510722,1-75,1-75,0.0,0.0,0.0,0.0,0.0,0.0,0.0,1.0,True,0.0,False,False,False,,False
DHNC0187,Dhanmondi,Residential,Res-A,597.3547737671756,0.48842405294875635,2.1158213152780507,20.76935820768468,0.4539564087964498,LT-A,428.53483194547914,364.25460715365733,0.0,64.28022479182187,0,453,1335.0590143718418,0.0,30,upper-middle,185384.98332178156,4,3.0003723278592656,2.9691634624420926,4.4611,6432.307827501642,5467.4616533763965,0.0,15.01,30,1.0,428.53483194547914,364.25460715365733,4214.357728876724,3403.570296859092,0.0,3826.307827501642,3054.1293208181833,9.834341142688958,9.343932046474647,401-600,301-400,810.7874320176315,19.23869505576441,964.8461741252459,64.28022479182181,14.999999999999986,0.031208865417172937,1.0401664195936688,0.85,True,-524.2715823542103,False,False,False,0.6073045635358036,True
DHNC0188,Dhanmondi,Residential,Res-A,597.3547737671756,0.5435030539379561,2.203693340109789,20.959722633403675,0.4478948527046247,LT-A,256.82233735703744,218.2989867534818,0.0,38.52335060355563,0,564,807.43874355989,0.0,30,upper-middle,169469.64407765243,5,1.5865676900245038,1.5722886103818863,3.9857000000000005,2337.083269949041,1986.5207794566843,0.0,9.1,30,1.0,256.82233735703744,218.2989867534818,2321.0068034464925,1952.9161884295188,0.0,2043.0832699490406,1692.5207794566845,9.037402382253852,8.946061626181002,201-300,201-300,368.09061501697374,15.859092462391377,350.5624904923568,38.52335060355563,15.000000000000004,0.014279079642617543,0.8999981363793567,0.85,True,-439.34812854291624,False,False,False,0.45587435325943265,True
DHNC0189,Dhanmondi,Residential,Res-A,597.3547737671756,0.6576605475091104,1.4899924882044497,18.165013843164513,0.2830118113125864,LT-A,471.25382777354855,400.5657536075161,0.0,70.68807416603227,0,752,1284.0498457726158,0.0,30,upper-middle,176355.6358530384,6,2.938370911064099,2.9317128447979623,5.850099999999999,7073.519954880961,6012.491961648819,0.0,15.01,30,1.0,471.25382777354855,400.5657536075161,4948.885362625011,3834.805969731258,0.0,4467.519954880963,3406.491961648817,10.501528201916479,9.573474355195858,401-600,401-600,1114.0793928937533,22.511723575322787,1061.0279932321428,70.68807416603244,15.000000000000034,0.006658066266136853,0.22659039541491058,0.8500000000000001,True,-169.9704528788625,False,True,False,0.8676293966013516,True
DHNC0190,Dhanmondi,Residential,Res-A,597.3547737671756,0.5626465803360258,1.6527010920472744,18.975153415342046,0.2878824544320605,LT-A,288.99722191496437,245.64763862771966,0.0,43.34958328724466,0,885,822.5649933666147,0.0,30,upper-middle,174416.76540729107,5,1.5062091064230008,1.5030017113694107,4.4009,2629.874719426175,2235.393511512249,0.0,9.1,30,1.0,288.99722191496437,245.64763862771966,2646.748145397485,2232.542877087861,0.0,2335.874719426176,1941.393511512249,9.158386118245366,9.08839543322984,201-300,201-300,414.205268309624,15.64959133077693,394.481207913926,43.34958328724471,15.00000000000002,0.003207395053590023,0.21294487199105172,0.85,True,-408.35972505699067,False,False,False,0.5035532409595432,True
DHNC0191,Dhanmondi,Residential,Res-B,597.3547737671756,0.29555106612026616,1.2716708417043814,22.37186997509349,0.4116523611323483,LT-A,133.1071634158445,133.1071634158445,0.0,0.0,0,0,0.0,0.0,0,middle,59124.879853399936,5,0.7031146268222593,0.7031146268222593,2.0992,1131.4108890346781,1131.4108890346781,0.0,8.5,30,1.0,133.1071634158445,133.1071634158445,1097.856153486412,1097.856153486412,0.0,957.4108890346782,957.4108890346782,8.247911872755964,8.247911872755964,76-200,76-200,0.0,0.0,0.0,0.0,0.0,0.0,0.0,1.0,True,0.0,False,False,False,,False
DHNC0192,Dhanmondi,Residential,Res-B,597.3547737671756,0.3422305177513686,1.5242602978158897,20.097390113242465,0.42356896764341256,LT-A,265.92883052436093,254.1552938519148,0.0,11.773536672446225,0,173,236.61735951871833,0.0,9,middle,33497.46465980764,5,1.7557382811452507,1.7557382811452507,3.8150000000000004,2419.952357771685,2312.8131740524236,0.0,9.1,30,1.0,265.92883052436093,254.1552938519148,2400.491475660269,2287.9953327550456,0.0,2125.9523577716845,2018.8131740524245,9.026819209210815,9.002351664916178,201-300,201-300,112.49614290522322,4.686379603755124,107.13918371926138,11.773536672446141,4.427326156863463,0.0,0.0,0.955726738431365,True,-124.12121661349511,False,False,False,0.47543486722208933,True
DHNC0193,Dhanmondi,Residential,Res-A,597.3547737671756,0.7097269345131867,1.156327101681303,18.089557186589285,0.4744303348468466,LT-A,476.5944399781197,405.10527398140175,0.0,71.48916599671799,0,491,1293.2073565192038,0.0,30,upper-middle,72459.56373133221,6,2.1200685808937583,2.087791467340312,4.690600000000001,7153.682544071576,6080.6301624608395,0.0,15.01,30,1.0,476.5944399781197,405.10527398140175,4981.922131275155,3855.2171305838824,0.0,4547.682544071577,3474.6301624608404,10.453168802187188,9.516580943749634,401-600,401-600,1126.7050006912727,22.61586935729333,1073.0523816107361,71.48916599671793,14.999999999999995,0.03227711355344631,1.5224561056340562,0.8499999999999999,True,-166.50235582793107,False,True,False,0.8712485240757609,True
DHNC0194,Dhanmondi,Residential,Res-A,597.3547737671756,0.6427142214034034,1.5702511115791538,18.516800898870876,0.31923556863429875,LT-A,334.59165580777807,284.8707804701065,0.0,49.720875337671444,0,958,920.6715491452413,0.0,30,upper-middle,85935.35692595234,5,1.4724080506086916,1.445561268725393,4.3612,3218.7717288708254,2740.456908122425,0.0,9.62,30,1.0,334.59165580777807,284.8707804701065,3099.539235314366,2605.5692273918676,0.0,2768.771728870825,2298.3241022779694,9.263647737512745,9.1464952042187,301-400,201-300,493.97000792249855,15.9368851439107,478.3148207484005,49.72087533767154,14.86016595890127,0.026846781883298698,1.823324850213925,0.8513983404109876,True,-426.7015412227428,False,False,False,0.5365322827463325,True
DHNC0195,Dhanmondi,Residential,Res-A,597.3547737671756,0.5924501972587916,2.2522801917930018,20.56967815694718,0.4221933148788218,LT-A,383.626717143779,326.0827095722122,0.0,57.54400757156687,0,702,1183.6617156080622,0.0,30,upper-middle,61891.426952874215,4,2.4697400117185975,2.4697400117185975,4.7609,3690.489018923154,3136.9156660846807,0.0,9.62,30,1.0,383.626717143779,326.0827095722122,3612.4691598693116,3031.2171393889153,0.0,3240.4890189231537,2686.915666084681,9.416625585322304,9.295853629790946,301-400,301-400,581.2520204803964,16.090158690833622,553.5733528384735,57.544007571566794,14.999999999999988,0.0,0.0,0.85,True,-602.4096951276658,False,False,False,0.4910626176515304,True
DHNC0196,Dhanmondi,Residential,Res-B,597.3547737671756,0.5040506711758292,1.4461266252144434,21.074834489436938,0.4138229815053944,LT-A,184.42997330882844,158.6100515109263,0.0,25.819921797902133,0,674,544.1505784209925,0.0,28,middle,26188.75015460708,5,0.4652543238299651,0.45784918885724607,0.5301,1567.654773125041,1348.1854378428732,0.0,8.5,30,1.0,184.42997330882844,158.6100515109263,1486.7149217812937,1256.2721197350172,0.0,1393.6547731250416,1174.1854378428734,8.061135048215759,7.920507608236136,76-200,76-200,230.44280204627648,15.50013379634164,219.46933528216778,25.81992179790214,13.999851181817728,0.007405134972719052,1.5916316288605585,0.8600014881818228,True,-313.707776374716,False,False,False,0.42349087033036287,True
DHNC0197,Dhanmondi,Residential,Res-B,597.3547737671756,0.38170790356125045,1.5817875526293583,11.83732480074288,0.36496108215752054,LT-A,142.63618358316248,121.24075604568814,0.0,21.395427537474376,0,959,253.26462501184264,0.0,30,middle,52503.68072658706,4,0.6367368148000918,0.6367368148000918,1.9752,1212.4075604568814,1030.5464263883496,0.0,8.5,30,1.0,142.63618358316248,121.24075604568814,1177.4342584797253,986.4800677077667,0.0,1038.4075604568811,856.5464263883492,8.254807643484341,8.136538404099223,76-200,76-200,190.95419077195857,16.21782187809908,181.86113406853178,21.395427537474333,14.999999999999973,0.0,0.0,0.85,True,-62.310434239884074,False,False,False,0.7539710323264829,True
DHNC0198,Dhanmondi,Residential,Res-A,597.3547737671756,0.582665101452224,2.8900995364682327,18.307478913899896,0.3986089783288254,LT-A,198.92741235186574,170.05534706187436,0.0,28.87206528999141,0,720,528.5747264972589,0.0,30,upper-middle,150902.50038495928,6,0.9635224544317684,0.8775313002157121,3.0399000000000003,1690.883004990858,1445.4704500259318,0.0,8.5,30,1.0,198.92741235186574,170.05534706187436,1726.7867452404016,1469.1035625272286,0.0,1516.8830049908588,1271.470450025932,8.680486639951038,8.638973063238627,76-200,76-200,257.683182713173,14.922698672747721,245.41255496492613,28.872065289991383,14.513869631462379,0.0859911542160563,8.924665307023806,0.854861303685376,True,-270.8915437840859,False,False,False,0.4875056823484149,True
DHNC0199,Dhanmondi,Residential,Res-C,597.3547737671756,0.18569645165214865,2.9372983612479016,29.785752251555113,0.32348636970340516,LT-A,66.26842719769236,66.26842719769236,0.0,0.0,0,0,0.0,0.0,0,lower-middle,17079.823740065272,4,0.8287716501633359,0.8287716501633359,1.8795,409.5388800817387,409.5388800817387,0.0,6.18,30,1.0,66.26842719769236,66.26842719769236,512.9017740858258,512.9017740858258,0.0,409.5388800817388,409.5388800817388,7.739760784660456,7.739760784660456,1-75,1-75,0.0,0.0,0.0,0.0,0.0,0.0,0.0,1.0,True,0.0,False,False,False,,False
DHNC0200,Dhanmondi,Residential,Res-B,597.3547737671756,0.30423721747245286,1.717766025505796,19.883910109897162,0.4070526525571934,LT-A,114.47357097509132,114.47357097509132,0.0,0.0,0,0,0.0,0.0,0,middle,43958.28093996609,5,0.6905869350352372,0.6905869350352372,2.09,973.0253532882763,973.0253532882763,0.0,8.5,30,1.0,114.47357097509132,114.47357097509132,931.1456209526899,931.1456209526899,0.0,799.0253532882762,799.0253532882762,8.134153700466817,8.134153700466817,76-200,76-200,0.0,0.0,0.0,0.0,0.0,0.0,0.0,1.0,True,0.0,False,False,False,,False
DHNC0201,Dhanmondi,Residential,Res-B,597.3547737671756,0.42458784804715627,1.3300839432782243,16.958552710896452,0.41813244652571674,LT-A,190.29240288607247,163.6518989891864,0.0,26.640503896885967,0,700,451.7843895801829,0.0,28,middle,28133.04373634094,4,1.5936451603438886,1.5887111250941013,3.4504,1617.4854245316153,1391.0411414080847,0.0,8.5,30,1.0,190.29240288607247,163.6518989891864,1667.8223357581967,1430.0558384784888,0.0,1443.485424531616,1217.0411414080845,8.764524019157598,8.738400515431735,76-200,76-200,237.7664972797079,14.256104633088428,226.44428312353057,26.64050389688606,13.999772714434455,0.004934035249787305,0.309606891958471,0.8600022728556559,True,-214.017892300475,False,False,False,0.5262831181499001,True
DHNC0202,Dhanmondi,Residential,Res-A,597.3547737671756,0.5909588327366487,1.4763025286395615,16.556396477226393,0.4672089696148597,LT-A,374.2765801961385,318.13509316671764,0.0,56.14148702942078,0,675,929.5007180801535,0.0,30,upper-middle,183299.58402590355,6,1.5440490753157445,1.5401703373809619,3.8662000000000005,3600.5407014868515,3060.4595962638246,0.0,9.62,30,1.0,374.2765801961385,318.13509316671764,3478.567156561195,2911.4819960770146,0.0,3150.5407014868524,2610.4595962638236,9.294108529949328,9.151715917587445,301-400,301-400,567.0851604841805,16.302262827226354,540.081105223027,56.14148702942089,15.000000000000028,0.003878737934782661,0.25120561235979455,0.85,True,-362.41555759597304,False,False,False,0.6100965275803898,True
DHNC0203,Dhanmondi,Residential,Res-A,597.3547737671756,0.6411255705993048,1.9061482747056824,18.82788782410678,0.40219453381448217,LT-A,562.9712005700226,478.5255204845191,0.0,84.44568008550338,0,508,1589.9337918802657,0.0,30,upper-middle,122538.23616237249,6,2.667232547149621,2.667232547149621,5.2998,8450.19772055604,7182.668062472633,0.0,15.01,30,1.0,562.9712005700226,478.5255204845191,6370.12878658384,5039.222645596264,0.0,5844.197720556039,4576.668062472632,11.315194773966988,10.530729145843516,401-600,401-600,1330.9061409875767,20.892923606043958,1267.5296580834065,84.44568008550345,15.00000000000001,0.0,0.0,0.85,True,-259.02765089268905,False,True,False,0.8370827438126456,True
DHNC0204,Dhanmondi,Residential,Res-B,597.3547737671756,0.29678192501097866,1.1629787109242602,18.670605026511264,0.46878793201449176,LT-A,288.241538944138,282.4368876197464,0.0,5.804651324391637,0,140,108.37635219433176,0.0,5,middle,49059.637302173134,5,1.0071083097475904,1.0071083097475904,2.49,2622.9980043916557,2570.175677339692,0.0,9.1,30,1.0,288.241538944138,282.4368876197464,2555.2569046112385,2499.793461206677,0.0,2328.9980043916557,2276.1756773396924,8.864984949676023,8.850803739815413,201-300,201-300,55.46344340456153,2.170562314281266,52.82232705196384,5.804651324391557,2.0138149919871595,0.0,0.0,0.9798618500801282,True,-52.91290878977023,False,False,False,0.5117670255694614,True
DHNC0205,Dhanmondi,Commercial,Commercial,36.75972604031296,0.3929028511933754,2.819600506079391,22.6799402583588,0.3503874248885441,LT-E,5527.507947039162,4834.394585950746,0.0,693.113361088415,0,404,15719.76962175552,0.0,28,,0.0,0,15.108285123514976,15.108285123514976,15.25,85931.63420717974,73702.83863846079,0.0,15.36,30,1.0,5527.507947039162,4834.394585950746,90588.77316984761,79410.24088221362,0.0,84902.52206652153,74256.30084020345,16.38871875677211,16.426098339797925,flat,flat,11178.532287633992,12.339864970546655,12228.795568718953,693.1133610884162,12.539346261088344,0.0,0.0,0.8746065373891168,True,-4541.237334121528,False,False,False,0.7111129842617642,True
DHNC0206,Dhanmondi,Commercial,Commercial,36.75972604031296,0.514576196150373,1.4134098951550444,30.40825417980485,0.33497538261693155,LT-E,4561.599662205395,3900.678424809386,0.0,660.9212373960102,0,419,20097.46097956902,0.0,30,,0.0,0,14.256703397672208,14.256703397672208,18.45,71618.81134881343,59844.875996925286,0.0,15.36,30,1.0,4561.599662205395,3900.678424809386,75313.00435204862,64653.66663532577,0.0,70066.17081147488,59914.42060507216,16.510217890457547,16.57497993787714,flat,flat,10659.337716722854,14.153382683946672,11773.93535188814,660.9212373960095,14.488804067397579,0.0,0.0,0.8551119593260241,True,-9438.123262846166,False,False,False,0.5303823068774252,True
DHNC0207,Dhanmondi,Commercial,Commercial,36.75972604031296,0.6566966432504908,2.457304117367897,25.252742995768624,0.3105242108174119,LT-E,6477.417823883452,5505.805150300936,0.0,971.612673582518,0,529,24535.885137410954,0.0,30,,0.0,0,21.311158646561022,21.311158646561022,23.349999999999998,101014.81449061268,84661.12518066412,0.0,15.36,30,1.0,6477.417823883452,5505.805150300936,106674.36966359231,91004.20046405349,0.0,99493.13777484982,84569.16710862237,16.46865657951907,16.528772446493026,flat,flat,15670.169199538825,14.68972279747814,16353.68930994856,971.6126735825164,14.999999999999979,0.0,0.0,0.85,True,-8865.71593787213,False,True,False,0.6386632930411719,True
DHNC0208,Dhanmondi,Commercial,Commercial,36.75972604031296,0.6931669308980044,2.705210199752775,24.331916757007466,0.32323266666570655,LT-E,1607.4617786820572,1405.20305185116,0.0,202.25872683089756,0,600,4921.34250462771,0.0,30,,0.0,0,3.8974722365177,3.2232764804147083,3.8500000000000005,24490.936034639213,21368.708520296022,0.0,15.36,30,1.0,1607.4617786820572,1405.20305185116,26288.96856658422,23026.939820255506,0.0,24690.6129205564,21583.918876433814,16.354335086049943,16.386912759633358,flat,flat,3262.028746328713,12.408355763622701,3122.2275143431907,202.25872683089733,12.582490576959618,0.6741957561029919,17.298282455640273,0.8741750942304036,True,-1659.3137582989966,False,True,False,0.6628331076858223,True
DHNC0209,Dhanmondi,Commercial,Commercial,36.75972604031296,0.5756622526090331,2.3545064352215004,25.68027968345465,0.2976101358776818,LT-E,2928.0023760763497,2488.8020196648977,0.0,439.2003564114525,0,536,11278.787989719065,0.0,30,,0.0,0,11.07355662768989,11.07355662768989,11.05,45585.58008231626,38201.11303815628,0.0,15.36,30,1.0,2928.0023760763497,2488.8020196648977,48267.04732135937,41183.62397315547,0.0,44974.11649653273,38227.99902205283,16.48463393190251,16.54756933165001,flat,flat,7083.423348203905,14.675485121438772,7384.467044159974,439.20035641145205,14.999999999999988,0.0,0.0,0.85,True,-4195.36464151516,False,False,False,0.628030543233958,True
DHNC0210,Dhanmondi,Commercial,Commercial,36.75972604031296,0.4166613055621715,2.0610091887221964,28.50312797047764,0.3025509299744306,LT-E,2440.1545526624254,2340.198934492565,0.0,99.95561816986032,0,153,2849.047776063728,0.0,12,,0.0,0,6.069810265900839,6.069810265900839,5.8500000000000005,37588.644422784906,35764.408164998546,0.0,15.36,30,1.0,2440.1545526624254,2340.198934492565,39907.637625339594,38295.553415496084,0.0,37480.77392889485,35945.455633805796,16.354553272782177,16.364229916974928,flat,flat,1612.0842098435096,4.039538057797506,1824.2362577863605,99.95561816986037,4.096282264613113,0.0,0.0,0.9590371773538688,True,-1236.9635662202186,False,False,False,0.5658326348148435,True
DHNC0211,Dhanmondi,Commercial,Commercial,36.75972604031296,0.3309563825878632,2.7043448773310153,25.962007428145675,0.29033380252283075,LT-E,2801.1579929867053,2801.1579929867053,0.0,0.0,0,0,0.0,0.0,0,,0.0,0,8.090227136078058,8.090227136078058,9.55,43028.283304961275,43028.283304961275,0.0,15.36,30,1.0,2801.1579929867053,2801.1579929867053,46079.55111088959,46079.55111088959,0.0,43025.786772275795,43025.786772275795,16.450179256671543,16.450179256671543,flat,flat,0.0,0.0,0.0,0.0,0.0,0.0,0.0,1.0,True,0.0,False,False,False,,False
DHNC0212,Dhanmondi,Commercial,Commercial,36.75972604031296,0.3848580286085137,2.431777569126155,26.681538029202063,0.28939145466639205,LT-E,6956.566754980034,6676.225480764336,0.0,280.3412742156967,0,147,7479.936369141077,0.0,12,,0.0,0,19.3003610580339,19.3003610580339,19.45,107709.19367726622,102594.53766600584,0.0,15.36,30,1.0,6956.566754980034,6676.225480764336,114033.53362431799,109512.18955376721,0.0,106852.86535649332,102546.8233845402,16.392214384011226,16.403309005859036,flat,flat,4521.344070550782,3.9649249890354987,5114.6560112603765,280.3412742156979,4.029879739384497,0.0,0.0,0.9597012026061552,True,-2958.5922985902953,False,False,False,0.604462905487252,True
DHNC0213,Dhanmondi,Commercial,Commercial,36.75972604031296,0.6558010365980831,2.36380319691189,22.13118992262571,0.2227033106883785,LT-E,5165.165533836952,4390.39070376141,0.0,774.7748300755428,0,947,17146.688911671903,0.0,30,,0.0,0,16.01989261484622,15.861641498583674,16.75,79615.49484259787,67246.57444950705,0.0,15.36,30,1.0,5165.165533836952,4390.39070376141,84886.66472972235,72391.09627026402,0.0,79336.94259973557,67436.40120977526,16.434451940335812,16.488531694512723,flat,flat,12495.568459458329,14.720296172837038,12368.920393090812,774.774830075542,14.999999999999984,0.15825111626254618,0.9878413049778441,0.85,True,-4651.120452213574,False,True,False,0.7287452711031857,True
DHNC0214,Dhanmondi,Commercial,Commercial,36.75972604031296,0.6212236734908011,2.8789088994748235,28.285413739680667,0.4565934015238867,LT-E,2413.2783371729643,2051.2865865970202,0.0,361.99175057594454,0,520,10239.086435391879,0.0,30,,0.0,0,6.821606551391843,6.66373745945951,7.75,37136.681158568594,30983.954356283255,0.0,15.36,30,1.0,2413.2783371729643,2051.2865865970202,39653.72802192556,33815.525068636736,0.0,37067.955258976726,31507.76197013023,16.43147721964717,16.485032023114314,flat,flat,5838.202953288826,14.722961104844252,6152.726802285339,361.991750575944,14.999999999999975,0.15786909193233356,2.3142509135201124,0.8500000000000001,True,-4400.883482103052,False,False,False,0.5701878766360254,True
DHNC0215,Dhanmondi,Commercial,Commercial,36.75972604031296,0.6467175420978678,2.7310507966849196,27.600778882103835,0.33500843064687036,LT-E,5707.275238553411,4851.183952770398,0.0,856.0912857830112,0,458,23628.78628179287,0.0,30,,0.0,0,22.561858245977593,22.561858245977593,18.55,87798.98242178715,73334.6933833367,0.0,15.36,30,1.0,5707.275238553411,4851.183952770398,93799.91004738942,79992.86979028097,0.0,87663.7476641804,74514.1855145533,16.43514744369755,16.48934993376182,flat,flat,13807.040257108456,14.719673238634119,14464.289038450457,856.0912857830135,15.00000000000003,0.0,0.0,0.8500000000000001,True,-9821.746024684413,False,True,False,0.5843313360427427,True
DHNC0216,Dhanmondi,Commercial,Commercial,36.75972604031296,0.6843026500271181,2.2001983258006925,30.705553673979338,0.21492979394346134,LT-E,6774.509675504226,5758.333224178592,0.0,1016.1764513256338,0,745,31202.2605684131,0.0,30,,0.0,0,18.845208173597825,18.845208173597825,19.25,104080.73724267003,88043.48741186663,0.0,15.36,30,1.0,6774.509675504226,5758.333224178592,111078.41704653215,94689.52323955233,0.0,104056.4686157449,88447.99832338317,16.396524968910697,16.443911728130235,flat,flat,16388.893806979817,14.754345842103874,16037.249830803397,1016.1764513256339,15.000000000000002,0.0,0.0,0.85,True,-14813.366761433284,False,True,False,0.5252470016089392,True
DHNC0217,Dhanmondi,Commercial,Commercial,36.75972604031296,0.5594556761762538,1.667942366413967,25.3877336197858,0.29401798082547626,LT-E,5716.382667002519,4858.925266952142,0.0,857.4574000503779,0,626,21768.9000627931,0.0,30,,0.0,0,17.672538503218316,17.602183599929155,23.2,88352.86416425776,74263.89181905171,0.0,15.36,30,1.0,5716.382667002519,4858.925266952142,94386.21965341663,80557.14670540414,0.0,87803.6377651587,74633.09210038489,16.511529257524256,16.579210891205005,flat,flat,13829.072948012486,14.651580494263282,14088.972345206043,857.4574000503771,14.999999999999988,0.07035490328916083,0.3981029849013973,0.85,True,-7939.827114780612,False,False,False,0.635267418570625,True
DHNC0218,Dhanmondi,Commercial,Commercial,36.75972604031296,0.6802465858525626,2.0540294808245325,27.22421221522437,0.3084273996828563,LT-E,7580.40414073512,6443.343519624852,0.0,1137.0606211102684,0,589,30955.57965068078,0.0,30,,0.0,0,21.407562111848844,21.407562111848844,15.549999999999999,116978.08450422413,97687.89452433726,0.0,15.36,30,1.0,7580.40414073512,6443.343519624852,123726.232981776,105387.7192845096,0.0,116435.00760169144,98969.75646143772,16.321851801660998,16.356060943130586,flat,flat,18338.513697266404,14.82184760281802,19290.18997988687,1137.0606211102677,14.999999999999996,0.0,0.0,0.85,True,-12617.065953414374,False,True,False,0.592413836348986,True
DHNC0219,Dhanmondi,Commercial,Commercial,36.75972604031296,0.6270678478423948,2.9891760978754376,19.864238074552585,0.29010856675534097,LT-E,3154.9136566333536,2681.6766081383516,0.0,473.237048495003,0,710,9400.493397003325,0.0,30,,0.0,0,10.985978270487802,10.985978270487802,11.450000000000001,48472.90884730661,40875.451615844664,0.0,15.36,30,1.0,3154.9136566333536,2681.6766081383516,51964.47245418272,44332.105336055334,0.0,48459.47376588831,41190.55270100508,16.47096501196633,16.531488249372153,flat,flat,7632.367118127389,14.687664009014767,7597.457231461944,473.237048495002,14.999999999999968,0.0,0.0,0.85,True,-1768.126278875936,False,True,False,0.8119113322881992,True
DHNC0220,Dhanmondi,Commercial,Commercial,36.75972604031296,0.5807873989824072,2.055049455480988,23.18714525601814,0.38595612009737834,LT-E,5262.7241154011745,4473.315498090998,0.0,789.4086173101763,0,445,18304.132275923494,0.0,30,,0.0,0,20.608582597204187,20.608582597204187,21.75,81555.08799658016,67754.04448112308,0.0,15.36,30,1.0,5262.7241154011745,4473.315498090998,86932.58953319014,74201.00735321161,0.0,80835.44241256204,68710.12605067772,16.51855343866212,16.58747463372014,flat,flat,12731.582179978534,14.645350205652992,13801.043515457073,789.4086173101769,15.000000000000012,0.0,0.0,0.85,True,-5572.55009594496,False,False,False,0.6955578111028587,True
DHNC0221,Dhanmondi,Commercial,Commercial,36.75972604031296,0.5589000280252951,2.829419353198406,28.54300586178374,0.2467620754474981,LT-E,4137.841385690013,3517.165177836512,0.0,620.6762078535022,0,599,17715.96463903222,0.0,30,,0.0,0,15.856202003544492,15.856202003544492,19.849999999999998,65620.09053244603,55450.19349374056,0.0,15.36,30,1.0,4137.841385690013,3517.165177836512,68610.93086840854,58600.66498814727,0.0,63557.243684198605,54023.65713156883,16.581334196542,16.661334348872938,flat,flat,10010.265880261271,14.589899529945647,10169.897038705472,620.6762078535012,14.99999999999998,0.0,0.0,0.85,True,-7705.698758770948,False,False,False,0.5650421009650485,True
DHNC0222,Dhanmondi,Commercial,Commercial,36.75972604031296,0.6322130225419605,2.1727364585216584,26.615730072782977,0.2934694288160982,LT-E,696.4988576373756,592.0240289917697,0.0,104.47482864560642,0,631,2780.673838631715,0.0,30,,0.0,0,2.1336408667060462,2.1336408667060462,2.1500000000000004,10757.36403518226,9066.357878934976,0.0,15.36,30,1.0,696.4988576373756,592.0240289917697,11436.308575975594,9751.338539579261,0.0,10698.222453310089,9093.489085313582,16.419709021159342,16.471187083716874,flat,flat,1684.970036396333,14.73351322415322,1691.0061562472838,104.47482864560595,14.999999999999945,0.0,0.0,0.8499999999999999,True,-1095.7038022353822,False,True,False,0.605957452825699,True
DHNC0223,Dhanmondi,Commercial,Commercial,36.75972604031296,0.541191106590681,1.80178742632775,25.944636977001533,0.2858198224790632,LT-E,4706.153050309702,4000.230092763247,0.0,705.9229575464553,0,715,18314.914867274045,0.0,30,,0.0,0,13.301461859778009,13.301461859778009,13.85,72463.4643356107,60858.52671049826,0.0,15.36,30,1.0,4706.153050309702,4000.230092763247,77209.66139539487,65824.53593608564,0.0,72286.51085275701,61443.53422484347,16.40610931476482,16.45518742913508,flat,flat,11385.12545930923,14.745726446079571,11604.937625112434,705.9229575464551,14.999999999999996,0.0,0.0,0.85,True,-6929.789407964814,False,False,False,0.6216313612056538,True
DHNC0224,Dhanmondi,Commercial,Commercial,36.75972604031296,0.49540835928590315,2.3471349593404414,20.136337286721055,0.3029088882884094,LT-E,7610.757017753505,6469.143465090478,0.0,1141.6135526630255,0,662,22987.91554751458,0.0,30,,0.0,0,18.22716121434781,18.106101317058723,17.549999999999997,116038.48590634805,97214.36533592522,0.0,15.36,30,1.0,7610.757017753505,6469.143465090478,124404.76418232854,105992.82080497923,0.0,116901.22779269384,99366.04362378974,16.345911962782587,16.384367015038336,flat,flat,18411.943377349307,14.80003076921124,18824.120570422834,1141.6135526630278,15.000000000000027,0.1210598972890864,0.66417307591372,0.8500000000000001,True,-4575.972170165274,False,False,False,0.8009400999970169,True
DHNC0225,Dhanmondi,Commercial,Commercial,36.75972604031296,0.3523582117299305,2.8203413142065736,21.134675718766466,0.2561773630171333,LT-E,1698.9761437990423,1600.8127537022183,0.0,98.16339009682505,0,417,2074.6514171511694,0.0,25,,0.0,0,4.659328971950496,4.659328971950496,6.1499999999999995,26147.369916033516,24546.292537828085,0.0,15.36,30,1.0,1698.9761437990423,1600.8127537022183,27982.262247190953,26399.083091709377,0.0,26096.273568753288,24588.483896866073,16.470073667203145,16.491049956127544,flat,flat,1583.1791554815754,5.657795433035459,1601.0773782054312,98.16339009682406,5.777796848714021,0.0,0.0,0.9422220315128592,True,-491.472261669594,False,False,False,0.763106101773731,True
DHNC0226,Dhanmondi,Commercial,Commercial,36.75972604031296,0.5271543560437628,2.773143849109208,23.210124088636636,0.2822106297931066,LT-E,9176.6106747667,7800.119073551692,0.0,1376.4916012150052,0,763,31948.540871166402,0.0,30,,0.0,0,22.90971033806363,22.87350880744544,22.15,139931.58060691014,117741.02771242693,0.0,15.36,30,1.0,9176.6106747667,7800.119073551692,150093.55196263734,127893.49541824168,0.0,140952.7399644165,119809.82896975399,16.35609892172452,16.39635167261708,flat,flat,22200.05654439566,14.790812965717473,22190.552894483204,1376.491601215008,15.00000000000003,0.03620153061818954,0.1580182816979665,0.85,True,-9748.484326770744,False,False,False,0.6948691846027697,True
DHNC0227,Dhanmondi,Commercial,Commercial,36.75972604031296,0.49467697318626824,2.9534732211235446,20.486380641145466,0.43438225640973105,LT-E,3244.391337522349,2757.7326368939966,0.0,486.65870062835245,0,398,9969.875383397684,0.0,30,,0.0,0,9.080969435693426,9.080969435693426,7.65,50084.87389232355,41433.50282071948,0.0,15.36,30,1.0,3244.391337522349,2757.7326368939966,53048.46849156045,45199.63696782637,0.0,49833.850944343285,42358.773302691785,16.350822996609306,16.3901447018933,flat,flat,7848.831523734079,14.795585521913342,8651.371071604073,486.65870062835256,15.000000000000005,0.0,0.0,0.85,True,-2121.043859663605,False,False,False,0.7872547270554987,True
DHNC0228,Dhanmondi,Commercial,Commercial,36.75972604031296,0.6516896871580147,3.058026654715455,22.200605524447667,0.38836257964370446,LT-E,2706.0614371430615,2300.1522215716027,0.0,405.90921557145936,0,571,9011.430373639956,0.0,30,,0.0,0,7.750347530480868,6.531560007731274,9.55,41720.714301608976,34916.91076991954,0.0,15.36,30,1.0,2706.0614371430615,2300.1522215716027,44545.83385824329,37999.33002950681,0.0,41565.10367451742,35330.33812333982,16.46150129735147,16.52035446747232,flat,flat,6546.5038287364805,14.696107944839914,6803.803531689438,405.90921557145884,14.999999999999986,1.2187875227495937,15.725585439314802,0.85,True,-2464.9265449034756,False,True,False,0.7264666714716205,True
DHNC0229,Dhanmondi,Commercial,Commercial,36.75972604031296,0.590393138286517,2.5226482250364226,29.089849645647973,0.3161351929983345,LT-E,917.5030609977321,779.8776018480726,0.0,137.6254591496598,0,570,4003.503914076871,0.0,30,,0.0,0,2.100352964339147,2.100352964339147,2.55,13982.214199998656,11810.505731523206,0.0,15.36,30,1.0,917.5030609977321,779.8776018480726,15038.464367771421,12818.840962605715,0.0,14092.847016925163,11978.919964386394,16.39064217553449,16.43699079474646,flat,flat,2219.6234051657066,14.759641349568438,2171.70846847545,137.6254591496595,14.999999999999964,0.0,0.0,0.85,True,-1783.8805089111643,False,False,False,0.5544201911133907,True
DHNC0230,Dhanmondi,Commercial,Commercial,36.75972604031296,0.5774431112276123,1.6267790832387652,24.585688524801867,0.2794428950969283,LT-E,7652.996666365846,6505.047166410972,0.0,1147.9494999548774,0,620,28223.128848092667,0.0,30,,0.0,0,23.619083959375175,23.472435381463573,21.35,117702.14054572977,98853.47933908498,0.0,15.36,30,1.0,7652.996666365846,6505.047166410972,125445.10523514835,106930.97569987614,0.0,117550.02879537939,99917.52447607252,16.391632023892946,16.438155322226994,flat,flat,18514.129535272208,14.758750052915376,18848.661206644785,1147.9494999548742,14.999999999999964,0.14664857791160202,0.6208902011773089,0.8499999999999999,True,-9708.999312820459,False,False,False,0.6559913904274084,True
DHNC0231,Dhanmondi,Commercial,Commercial,36.75972604031296,0.5347339615124203,2.577467126557817,29.181009756382927,0.27644437413835965,LT-E,2343.065916282715,2000.9219899981258,0.0,342.1439262845889,0,681,9984.105250997754,0.0,30,,0.0,0,7.457981334213692,7.456204640880739,6.65,36366.809297202875,30657.160107942087,0.0,15.36,30,1.0,2343.065916282715,2000.9219899981258,38417.39209780763,32899.29485468977,0.0,35989.4924741025,30734.16176637121,16.396206282901762,16.442067716353392,flat,flat,5518.09724311786,14.363539380989796,5709.649189260788,342.14392628458927,14.602402941672343,0.0017766933329523837,0.023822710909743833,0.8539759705832768,True,-4466.008007879895,False,False,False,0.552688208346603,True
DHNC0232,Dhanmondi,Commercial,Commercial,36.75972604031296,0.6482744673170733,2.2493560494953146,24.122724742555242,0.2957585698823511,LT-E,5698.4874195185575,4843.714306590774,0.0,854.7731129277839,0,447,20619.45652049401,0.0,30,,0.0,0,18.05931136774204,18.05931136774204,16.15,89891.49389426506,74847.65212579223,0.0,15.36,30,1.0,5698.4874195185575,4843.714306590774,93431.38010199528,79645.599336696,0.0,87528.76676380503,74399.45174923429,16.395821070337455,16.443083612161715,flat,flat,13785.780765299278,14.754979269545087,15043.841768472834,854.7731129277836,14.999999999999998,0.0,0.0,0.85,True,-6833.675755194734,False,True,False,0.6685811894022214,True
DHNC0233,Dhanmondi,Commercial,Commercial,36.75972604031296,0.5967002966737178,3.069427328958588,33.2631280115955,0.37652431369686484,LT-E,6240.888484049824,5304.755211442351,0.0,936.1332726074735,0,390,31138.72088265622,0.0,30,,0.0,0,20.28796372332333,20.28796372332333,17.2,97297.58962208495,80357.10745505094,0.0,15.36,30,1.0,6240.888484049824,5304.755211442351,102278.44947075556,87180.49205014223,0.0,95860.04711500529,81481.0400477545,16.388443685887694,16.434404336338464,flat,flat,15097.957420613326,14.761621337376923,16940.482167034017,936.1332726074734,14.999999999999996,0.0,0.0,0.85,True,-16040.763462042894,False,False,False,0.4848611950859758,True
DHNC0234,Dhanmondi,Commercial,Commercial,36.75972604031296,0.6554704558593628,2.36136812067222,23.043213619672162,0.2699455911723886,LT-E,5546.543790471945,4714.562221901153,0.0,831.9815685707919,0,606,19171.529012206676,0.0,30,,0.0,0,16.53308329146391,15.396974249964028,16.45,85568.54280674878,71963.9563443969,0.0,15.36,30,1.0,5546.543790471945,4714.562221901153,91009.18325273153,77590.98451482179,0.0,85194.91262164907,72415.67572840171,16.408269129519976,16.457728387670556,flat,flat,13418.19873790974,14.743785471239255,13604.586462351886,831.9815685707918,15.0,1.136109041499882,6.871731191764208,0.85,True,-5753.330274296935,False,True,False,0.6999023776020296,True
DHNC0235,Dhanmondi,Commercial,Commercial,36.75972604031296,0.6219672504552761,2.760704304791504,24.085020703443952,0.19347192942494412,LT-E,2620.346980742921,2331.8609522475695,0.0,288.4860284953519,0,900,6948.19196896487,0.0,30,,0.0,0,9.731589257217298,8.248028178918943,8.45,39437.23744140362,35114.22239347049,0.0,15.36,30,1.0,2620.346980742921,2331.8609522475695,43059.48110542183,38406.7784378488,0.0,40248.52962421127,35817.38422652266,16.432740175964636,16.470441087334276,flat,flat,4652.70266757303,10.805292001038968,4323.015047933128,288.48602849535155,11.009459076048012,1.4835610782983544,15.24479752572882,0.8899054092395198,True,-2295.48930139184,False,True,False,0.6696278238072605,True
DHNC0236,Dhanmondi,Commercial,Commercial,36.75972604031296,0.5362486358709379,2.314911023784496,24.917129630932198,0.2770154233276872,LT-E,1199.2081007497957,1034.0700334812707,0.0,165.1380672685269,0,720,4114.766629131487,0.0,30,,0.0,0,3.463704053661075,2.9108400729949735,4.95,18361.191506908286,15837.408779778267,0.0,15.36,30,1.0,1199.2081007497957,1034.0700334812707,19808.603248892705,17145.256499985935,0.0,18419.83642751686,15883.315714272318,16.518069913393287,16.580362978187466,flat,flat,2663.34674890677,13.445404077421006,2523.7827271300193,165.138067268525,13.770593040963755,0.5528639806661015,15.961640258547318,0.8622940695903608,True,-1451.4198802247174,False,False,False,0.6472655654517467,True
DHNC0237,Dhanmondi,Commercial,Commercial,36.75972604031296,0.5943932155910552,1.8408089122367497,24.019907968417005,0.25468565164154633,LT-E,2135.7736467944937,1815.4075997753203,0.0,320.36604701917423,0,810,7695.162965606116,0.0,30,,0.0,0,8.13680718629048,7.0026713929317825,9.700000000000001,32875.379866836985,27846.501697956544,0.0,15.36,30,1.0,2135.7736467944937,1815.4075997753203,35362.40737550159,30195.543769176362,0.0,32805.48321476342,27884.660732548917,16.55718873981602,16.63292792919532,flat,flat,5166.863606325231,14.611176075938586,5028.878168880441,320.3660470191735,14.999999999999973,1.1341357933586966,13.938339294429591,0.8499999999999999,True,-2528.2993592808853,False,False,False,0.6714430388828365,True
DHNC0238,Dhanmondi,Commercial,Commercial,36.75972604031296,0.47997822091744036,2.4017191139130976,23.345961102992693,0.24925097212373026,LT-E,5043.218360259085,4286.7356062202225,0.0,756.4827540388629,0,795,17660.81695087608,0.0,30,,0.0,0,16.569233928371567,16.569233928371567,15.600000000000001,76626.15068721182,64716.32642227729,0.0,15.36,30,1.0,5043.218360259085,4286.7356062202225,82811.22571425851,70610.67185711974,0.0,77463.83401357954,65844.25891154261,16.420313339358216,16.47189804630378,flat,flat,12200.553857138773,14.732970985403577,11909.824264934527,756.4827540388624,14.999999999999993,0.0,0.0,0.85,True,-5460.263093737307,False,False,False,0.6908261317171714,True
DHNC0239,Dhanmondi,Commercial,Commercial,36.75972604031296,0.5309041370305612,3.534261446984237,25.372307192456343,0.2778303441550011,LT-E,5044.2679810233585,4287.627783869854,0.0,756.6401971535037,0,578,19197.70751633943,0.0,30,,0.0,0,13.739604554225258,13.739604554225258,14.25,77379.68621324937,64922.70634337665,0.0,15.36,30,1.0,5044.2679810233585,4287.627783869854,82700.57899794473,70497.48589825301,0.0,77479.95618851879,65857.96276024096,16.394961431285182,16.442072272100212,flat,flat,12203.093099691716,14.755752919208687,12456.979869872717,756.6401971535042,15.000000000000009,0.0,0.0,0.8500000000000001,True,-6994.614416647713,False,False,False,0.6356536627774695,True
DHNC0240,Dhanmondi,Commercial,Commercial,36.75972604031296,0.5139635627285517,2.407827629123505,28.36644347438087,0.35167601573353247,LT-E,4461.895577249598,3803.7723906039237,0.0,658.1231866456739,0,378,18668.614173163915,0.0,30,,0.0,0,15.497517479912196,15.497517479912196,15.65,69288.6062510713,57590.87841695844,0.0,15.36,30,1.0,4461.895577249598,3803.7723906039237,73440.37686988151,62826.16611566008,0.0,68534.71606655382,58425.94391967627,16.45945665881128,16.51680480957621,flat,flat,10614.210754221429,14.452827186640436,11697.727834112855,658.1231866456747,14.749856316703738,0.0,0.0,0.8525014368329628,True,-8054.403418942486,False,False,False,0.5685591150884317,True
DHNC0241,Dhanmondi,Commercial,Commercial,36.75972604031296,0.5493012594831621,2.5576217647419357,23.960548145381686,0.3315462354669829,LT-E,6058.818915342006,5149.996078040705,0.0,908.822837301301,0,544,21775.89334878021,0.0,30,,0.0,0,16.203903719264588,16.203903719264588,16.15,93169.78184151926,77817.9324410773,0.0,15.36,30,1.0,6058.818915342006,5149.996078040705,99242.80646663587,84585.31174664048,0.0,93063.4585396532,79103.93975870522,16.379893152993144,16.424344885874287,flat,flat,14657.49471999539,14.769327109792131,15351.849400441963,908.8228373013017,15.00000000000001,0.0,0.0,0.85,True,-7118.39862878482,False,False,False,0.6731064707761548,True
DHNC0242,Dhanmondi,Commercial,Commercial,36.75972604031296,0.6022173759091141,2.61374720452666,19.16476328725613,0.39072288364503527,LT-E,1286.0168637148374,1093.1143341576117,0.0,192.90252955722562,0,595,3696.9313164771584,0.0,30,,0.0,0,4.441644813163508,4.022640497813775,4.45,19755.49736795478,16586.739953860448,0.0,15.36,30,1.0,1286.0168637148374,1093.1143341576117,21161.404977992897,18050.27298129396,0.0,19753.219026659903,16790.236172660916,16.454998044788663,16.512703582104308,flat,flat,3111.131996698936,14.701916058666246,3168.7574140943325,192.90252955722576,15.00000000000001,0.41900431534973315,9.433539442594519,0.85,True,-585.7993197782225,False,True,False,0.8415444406101554,True
DHNC0243,Dhanmondi,Commercial,Commercial,36.75972604031296,0.4144046394142541,1.4088210840379785,28.810943825935528,0.333962701796865,LT-E,574.3167216106594,547.9488907691973,0.0,26.36783084146176,0,87,759.682093185125,0.0,12,,0.0,0,2.236192384751572,2.236192384751572,2.25,9045.689622682501,8563.067230310267,0.0,15.36,30,1.0,574.3167216106594,547.9488907691973,9475.205086136715,9049.944710325613,0.0,8821.504843939729,8416.49496221487,16.498222547941314,16.516038015190652,flat,flat,425.26037581110177,4.4881390106616825,482.62239237223366,26.367830841462137,4.591165440475788,0.0,0.0,0.9540883455952428,True,-334.4217173740233,False,False,False,0.5597872842153081,True
DHNC0244,Dhanmondi,Commercial,Commercial,36.75972604031296,0.4942634446712661,2.576528950499988,25.289705148453457,0.32329122011640754,LT-E,5016.304300581455,4279.287575906856,0.0,737.0167246745987,0,474,18638.935656499503,0.0,30,,0.0,0,14.947977908150243,14.947977908150243,14.25,77294.08676701349,64694.08523663733,0.0,15.36,30,1.0,5016.304300581455,4279.287575906856,82249.5807597777,70362.97502422576,0.0,77050.43405693115,65729.8571659293,16.39644962333005,16.442684389892776,flat,flat,11886.605735551944,14.451873949690475,12600.001530376161,737.0167246745996,14.692424552257918,0.0,0.0,0.853075754477421,True,-6752.329920947559,False,False,False,0.6377298551061319,True
DHNC0245,Dhanmondi,Commercial,Commercial,36.75972604031296,0.3664571726211237,2.386994486715139,24.048459376606445,0.3424125730057815,LT-E,2124.4700980233383,2016.403462202679,0.0,108.0666358206589,0,393,2598.836101499639,0.0,14,,0.0,0,4.771432980967091,4.771432980967091,6.1499999999999995,32093.57073254671,30386.784434990546,0.0,15.36,30,1.0,2124.4700980233383,2016.403462202679,34844.6287409204,33101.73003840481,0.0,32631.860705638475,30971.95717943315,16.401562334692656,16.416223567799836,flat,flat,1742.8987025155948,5.001914973680839,1706.786297556162,108.06663582065926,5.086757206948087,0.0,0.0,0.9491324279305193,True,-855.9373989840442,False,False,False,0.670645871630715,True
DHNC0246,Dhanmondi,Commercial,Commercial,36.75972604031296,0.6510325112512118,2.4483558809391615,32.49961576662916,0.22112441054451876,LT-E,1798.0165874923164,1571.109384861528,0.0,226.90720263078788,0,690,7374.396900181272,0.0,30,,0.0,0,5.349787166456938,4.610642775914879,7.3500000000000005,27552.907886636724,23989.928976276537,0.0,15.36,30,1.0,1798.0165874923164,1571.109384861528,29692.986523076077,26033.427159046725,0.0,27617.53478388198,24132.24015147307,16.514300663092722,16.570092069904614,flat,flat,3659.559364029352,12.32465909478423,3562.978910360187,226.90720263078833,12.619861474540373,0.7391443905420587,13.816332641726007,0.8738013852545965,True,-3714.83753615192,False,False,False,0.4962520208180543,True
DHNC0247,Dhanmondi,Commercial,Commercial,36.75972604031296,0.49182991268432225,3.068634848080208,20.831769344647114,0.3341118873415201,LT-E,8231.516395522589,6996.788936194201,0.0,1234.7274593283887,0,632,25721.55763623114,0.0,30,,0.0,0,19.17476137805277,19.15865182782389,18.45,126164.56261360589,105628.77042499538,0.0,15.36,30,1.0,8231.516395522589,6996.788936194201,134501.42142698832,114587.73696294006,0.0,126436.09183522697,107470.67805994292,16.339810912622173,16.37718930896726,flat,flat,19913.68446404826,14.805556887633372,20535.792188610503,1234.7274593283882,14.999999999999998,0.01610955022888305,0.08401434527014179,0.85,True,-5807.873172182881,False,False,False,0.7742021204811498,True
DHNC0248,Dhanmondi,Commercial,Commercial,36.75972604031296,0.6479858294063585,2.9963009164403234,27.70938720083289,0.3452087192246569,LT-E,4968.895869357745,4223.561488954083,0.0,745.3343804036622,0,621,20652.758940697942,0.0,30,,0.0,0,14.437190463300405,14.437190463300405,16.25,76995.06880766597,64607.89134441485,0.0,15.36,30,1.0,4968.895869357745,4223.561488954083,81673.97758100172,69653.22469385144,0.0,76322.24055333497,64873.90447033471,16.437047530955503,16.491585330535884,flat,flat,12020.752887150273,14.717971676141845,12387.177463251122,745.3343804036622,15.000000000000009,0.0,0.0,0.8499999999999999,True,-8632.00605354767,False,True,False,0.5820410203627758,True
DHNC0249,Dhanmondi,Commercial,Commercial,36.75972604031296,0.6575246329297171,2.387304942356936,19.738096995422765,0.2606412942673965,LT-E,3085.669791352396,2622.8193226495364,0.0,462.8504687028595,0,958,9135.787445633929,0.0,30,,0.0,0,7.988087917930544,7.988087917930544,10.25,47510.74192107855,40289.85588342786,0.0,15.36,30,1.0,3085.669791352396,2622.8193226495364,50734.30739493144,43269.455035691724,0.0,47395.8879951728,40286.50479589688,16.441910776426752,16.497306795796177,flat,flat,7464.852359239718,14.713618343364802,7220.886037650693,462.8504687028594,15.000000000000002,0.0,0.0,0.85,True,-1670.9350863942109,False,True,False,0.8171000478789855,True
DHNC0250,Dhanmondi,Commercial,Commercial,36.75972604031296,0.5382462551099008,3.1941314430145407,17.499407546439382,0.2430916694858724,LT-E,6329.762520361548,5380.298142307318,0.0,949.4643780542327,0,821,16615.06410239761,0.0,30,,0.0,0,18.823267520696554,18.823267520696554,20.2,97628.1877294337,82281.06101463926,0.0,15.36,30,1.0,6329.762520361548,5380.298142307318,103995.30992839104,88682.34843913242,0.0,97225.15231275337,82641.3794658404,16.42957529510143,16.482794464825208,flat,flat,15312.961489258625,14.724665467897355,15347.126714794445,949.4643780542301,14.999999999999968,0.0,0.0,0.8499999999999999,True,-1302.1026131389845,False,True,False,0.9216312013535304,True
DHNC0251,Dhanmondi,Commercial,Commercial,36.75972604031296,0.5590233038953479,2.70498748732697,27.589228826542918,0.3125255801161915,LT-E,4578.423261211303,3891.6597720296077,0.0,686.7634891816957,0,540,18947.275052748828,0.0,30,,0.0,0,17.008448034790778,16.667261426860826,21.25,72005.05992844459,60169.769952409406,0.0,15.36,30,1.0,4578.423261211303,3891.6597720296077,75848.93535681588,64772.81380329351,0.0,70324.5812922056,59775.894098374774,16.566606237438325,16.644007338162737,flat,flat,11076.121553522375,14.602870167415025,11835.289976035187,686.7634891816951,14.999999999999995,0.34118660792995215,2.005983186896623,0.8499999999999999,True,-7871.153499226453,False,False,False,0.5845759626482794,True
DHNC0252,Dhanmondi,Commercial,Commercial,36.75972604031296,0.36693762076825037,1.462540541830387,22.113647065527733,0.34680301745181513,LT-E,1749.3945798051477,1680.4849620302198,0.0,68.90961777492815,0,416,1523.842966895177,0.0,25,,0.0,0,5.124934260846789,5.124934260846789,6.450000000000001,26520.572440914595,25415.30457772338,0.0,15.36,30,1.0,1749.3945798051477,1680.4849620302198,28823.760783097423,27712.386467623382,0.0,26870.70074580707,25812.249016784175,16.476420537617013,16.490707797910684,flat,flat,1111.3743154740405,3.8557574906247587,1105.2678631912167,68.90961777492794,3.9390551777405918,0.0,0.0,0.960609448222594,True,-412.4686514211364,False,False,False,0.7293233880512378,True
DHNC0253,Dhanmondi,Commercial,Commercial,36.75972604031296,0.6988064319277402,2.13775404733667,28.650220690396807,0.3005873336984089,LT-E,4317.664064550847,3670.0144548682215,0.0,647.6496096826272,0,846,18555.304247456625,0.0,30,,0.0,0,12.461752481472509,12.461752481472509,11.200000000000001,66545.10177468054,56075.0163165287,0.0,15.36,30,1.0,4317.664064550847,3670.0144548682215,70693.68603307605,60248.39312811467,0.0,66319.320031501,56371.42202677588,16.37313254949354,16.416391234698285,flat,flat,10445.292904961381,14.775425488599158,10470.085458151843,647.6496096826254,14.999999999999961,0.0,0.0,0.85,True,-8110.011342495243,False,True,False,0.5629276009523324,True
DHNC0254,Dhanmondi,Commercial,Commercial,36.75972604031296,0.5817491403872718,3.413798905296532,20.060375196781678,0.3431925544801178,LT-E,8962.724365207096,7618.31571042603,0.0,1344.4086547810641,0,599,26969.34203270868,0.0,30,,0.0,0,18.737081295251716,18.737081295251716,20.25,135537.1015883473,113266.73709590062,0.0,15.36,30,1.0,8962.724365207096,7618.31571042603,146464.44356206,124781.82077775101,0.0,137667.44624958097,117017.32931214382,16.341509299407733,16.379187411067925,flat,flat,21682.622784309002,14.804018133671894,22270.364492446664,1344.4086547810657,15.000000000000016,0.0,0.0,0.8500000000000001,True,-5286.719248399677,False,True,False,0.8039729986001182,True
DHNC0255,Dhanmondi,Commercial,Commercial,36.75972604031296,0.3816433062533817,2.1532672813052427,21.29337066626516,0.34362470074083606,LT-E,7039.1215643033875,6088.491008916628,0.0,950.6305553867603,0,423,20242.128782527798,0.0,28,,0.0,0,19.97846541018854,19.300106803167754,18.75,109298.21843748832,92675.69005497759,0.0,15.36,30,1.0,7039.1215643033875,6088.491008916628,115298.82758908502,99967.05799180736,0.0,108120.90722770002,93519.2218969594,16.37971819861522,16.419020385413244,flat,flat,15331.769597277656,13.297420206143594,16622.528382510733,950.6305553867596,13.504960053646082,0.6783586070207868,3.3954490151923284,0.8649503994635391,True,-4910.359185250141,False,False,False,0.757418834846631,True
DHNC0256,Dhanmondi,Commercial,Commercial,36.75972604031296,0.4174670995026155,2.8882362692771646,30.714750386613446,0.3182763680302469,LT-E,3198.4780850036404,3130.910942966477,0.0,67.56714203716209,0,99,2075.3079020082896,0.0,9,,0.0,0,12.415184878541622,12.415184878541622,11.55,48054.967089228354,46809.569527199375,0.0,15.36,30,1.0,3198.4780850036404,3130.910942966477,52676.52955493871,51586.806688163335,0.0,49128.62338565591,48090.79208396508,16.4692482346268,16.476612598659816,flat,flat,1089.7228667753734,2.0687066440830213,1245.3975620289784,67.56714203716365,2.112477879837865,0.0,0.0,0.9788752212016218,True,-985.5850352329162,False,False,False,0.5250897304061923,True
DHNC0257,Dhanmondi,Commercial,Commercial,36.75972604031296,0.629677090893026,1.5069545431503717,26.033240783128228,0.361498859078496,LT-E,7750.515128550931,6587.937859268292,0.0,1162.5772692826397,0,521,30265.65398022667,0.0,30,,0.0,0,19.432903503833273,19.432903503833273,18.849999999999998,118573.79158095835,98913.94214725692,0.0,15.36,30,1.0,7750.515128550931,6587.937859268292,126781.63299326942,108031.58679427902,0.0,119047.9123745423,101190.72551836097,16.35783311050359,16.39839189471011,flat,flat,18750.0461989904,14.789244905834115,19659.849433701427,1162.5772692826386,14.999999999999986,0.0,0.0,0.85,True,-11515.607781236271,False,True,False,0.6195156467208767,True
DHNC0258,Dhanmondi,Commercial,Commercial,36.75972604031296,0.607697060183224,3.13551123995833,26.528377093143472,0.2748842027398379,LT-E,6245.641426328133,5308.795212378915,0.0,936.8462139492204,0,750,24853.009641928697,0.0,30,,0.0,0,15.500950543015255,14.456562721594986,17.05,95081.52647687931,80087.6896838653,0.0,15.36,30,1.0,6245.641426328133,5308.795212378915,102340.92992382012,87231.47418524713,0.0,95933.05230840012,81543.09446214013,16.385975905118084,16.431501064844806,flat,flat,15109.455738572986,14.76384448511467,14993.836793014008,936.8462139492185,14.999999999999977,1.044387821420269,6.737572760599971,0.8499999999999999,True,-9743.55390335571,False,False,False,0.6079527572822536,True
DHNC0259,Dhanmondi,Commercial,Commercial,36.75972604031296,0.45461745249307833,1.7515220777982081,26.96614190871414,0.3234694337733327,LT-E,4964.042714443808,4393.21760651256,0.0,570.8251079312488,0,411,15392.950865531118,0.0,28,,0.0,0,13.254884112047966,13.254884112047966,11.350000000000001,75760.53593862987,65785.11720448683,0.0,15.36,30,1.0,4964.042714443808,4393.21760651256,81132.65589854974,71926.38855783458,0.0,76247.6960938569,67479.82243603293,16.344068849866893,16.372143381017594,flat,flat,9206.26734071516,11.347178566700567,9975.418734143037,570.8251079312477,11.49919814892659,0.0,0.0,0.8850080185107339,True,-6186.683524815959,False,False,False,0.5980833318535709,True
DHNC0260,Dhanmondi,Commercial,Commercial,36.75972604031296,0.5638238482917743,1.6459911596907078,30.415768497242343,0.3930933119169888,LT-E,5238.639892146789,4452.8439083247695,0.0,785.7959838220183,0,575,23900.5887299933,0.0,30,,0.0,0,10.683711300951497,10.683711300951497,10.25,79095.61695776712,65842.09924107164,0.0,15.36,30,1.0,5238.639892146789,4452.8439083247695,85457.40918054341,72784.09155346187,0.0,80465.50874337468,68395.68243186845,16.312900092379333,16.34552952044627,flat,flat,12673.317627081546,14.829981096556521,13253.517716695482,785.7959838220195,15.000000000000021,0.0,0.0,0.85,True,-11227.271102911753,False,False,False,0.5302512741528229,True
DHNC0261,Dhanmondi,Commercial,Commercial,36.75972604031296,0.4724582862294126,2.2372207371232444,22.667328883808295,0.4020960903347974,LT-E,1387.1971599959058,1265.5329595907997,0.0,121.6642004051063,0,720,2757.8024439681076,0.0,30,,0.0,0,3.860254500351716,3.5222983881153094,4.75,21076.778217355528,19208.01609913309,0.0,15.36,30,1.0,1387.1971599959058,1265.5329595907997,22821.59079641397,20859.390572280416,0.0,21307.348377537113,19438.58625931468,16.451584139980017,16.482692461068055,flat,flat,1962.200224133554,8.59799933158858,1868.7621182224393,121.66420040510616,8.770505297564569,0.33795611223640654,8.754762469821994,0.9122949470243542,True,-795.6022198345536,False,False,False,0.7115086247114246,True
DHNC0262,Dhanmondi,Commercial,Commercial,36.75972604031296,0.4953936037527889,3.0815172003993276,25.14894791466731,0.3496681127410229,LT-E,2337.2094712431353,1991.8331292301316,0.0,345.37634201300364,0,578,8685.851636243353,0.0,30,,0.0,0,6.573971182997175,6.067868099950696,7.0,35743.071751278374,30050.116111996722,0.0,15.36,30,1.0,2337.2094712431353,1991.8331292301316,38356.014352209284,32785.78470822356,0.0,35899.53747829456,30594.55686497482,16.4110298302908,16.46010613393888,flat,flat,5570.229643985724,14.522441233951831,5692.955639281652,345.37634201300375,14.777295157429855,0.5061030830464786,7.69858992317241,0.8522270484257015,True,-3115.6219922576292,False,False,False,0.6412991929015792,True
DHNC0263,Dhanmondi,Commercial,Commercial,36.75972604031296,0.6023643008208747,3.1296951413551577,19.40823694129841,0.3256603412593536,LT-E,5893.196217414975,5009.2167848027275,0.0,883.9794326122461,0,633,17156.482279373,0.0,30,,0.0,0,16.34211746563203,16.34211746563203,20.15,89928.3313839134,75372.83817276762,0.0,15.36,30,1.0,5893.196217414975,5009.2167848027275,96949.64359446871,82692.82330529839,0.0,90519.49389949402,76941.56981456988,16.451114135309627,16.508134276834852,flat,flat,14256.820289170326,14.705387003592577,14555.49321114579,883.9794326122474,15.00000000000002,0.0,0.0,0.85,True,-2899.661990202676,False,True,False,0.830987381737986,True
DHNC0264,Dhanmondi,Commercial,Commercial,36.75972604031296,0.6628197138815369,2.7195113147399637,22.984476266533402,0.20479180861785368,LT-E,3416.513498371206,3037.0206989689373,0.0,379.49279940226955,0,930,8722.443241181787,0.0,30,,0.0,0,9.058842770378284,7.9074965820747565,9.8,52315.378548351706,46397.38868636635,0.0,15.36,30,1.0,3416.513498371206,3037.0206989689373,56027.62970173081,49907.16983297101,0.0,52477.647334981724,46648.63793616287,16.399065810347746,16.432937006295152,flat,flat,6120.459868759797,10.924002855988611,5917.989861985356,379.4927994022687,11.107604275036195,1.1513461883035276,12.709638719730744,0.8889239572496378,True,-2601.9833724219898,False,True,False,0.7016909940855686,True
DHNC0265,Dhanmondi,Commercial,Commercial,36.75972604031296,0.6654722756464848,1.5587888962256895,20.01552066281002,0.26168628033352276,LT-E,2848.381353809079,2471.8514734787195,0.0,376.5298803303598,0,780,7536.441599917701,0.0,30,,0.0,0,9.142864668545823,7.432845119389203,8.450000000000001,43732.77311794755,37871.09780788779,0.0,15.36,30,1.0,2848.381353809079,2471.8514734787195,46737.21947423283,40664.545564264794,0.0,43751.137594507454,37967.638632633134,16.40834343046522,16.45104732244944,flat,flat,6072.673909968034,12.993228904676329,5861.675310059763,376.52988033035945,13.219082473870087,1.7100195491566197,18.703323423779818,0.8678091752612991,True,-1463.7676899496664,False,True,False,0.805774692135125,True
DHNC0266,Dhanmondi,Commercial,Commercial,36.75972604031296,0.40102203880365117,2.6261337223807715,25.781407050104715,0.2371815583638487,LT-E,2024.6277634953303,1895.8467096641214,0.0,128.7810538312105,0,474,3320.1567691638866,0.0,23,,0.0,0,5.610739372809656,5.610739372809656,6.85,31211.646364958335,29075.88526155877,0.0,15.36,30,1.0,2024.6277634953303,1895.8467096641214,33300.52156965269,31223.54073346295,0.0,31098.28244728827,29120.205460440902,16.447725438755445,16.469443744739618,flat,flat,2076.9808361897376,6.2370819983868495,2135.7611033995636,128.78105383120896,6.360727445961746,0.0,0.0,0.9363927255403818,True,-1243.175932974149,False,False,False,0.625567098361076,True
DHNC0267,Dhanmondi,Commercial,Commercial,36.75972604031296,0.6745888735298629,2.87436078000358,15.974972525226818,0.2708616911729081,LT-E,12448.36789533793,10581.11271103724,0.0,1867.2551843006895,0,905,29829.35026679085,0.0,30,,0.0,0,23.931442082722274,23.931442082722274,20.4,187218.3607457345,157707.66265636205,0.0,15.36,30,1.0,12448.36789533793,10581.11271103724,202695.07741601014,172579.9858036086,0.0,191206.9308723906,162525.891241532,16.28286367499807,16.310192558821257,flat,flat,30115.091612401535,14.857337433308015,29510.698089372454,1867.2551843006895,15.0,0.0,0.0,0.85,True,285.7413456106842,True,True,True,1.0095792011242297,True
DHNC0268,Dhanmondi,Commercial,Commercial,36.75972604031296,0.4647852731168096,1.918530410352436,21.219009027306075,0.45386505712300956,LT-E,3108.3149689400234,2642.0677235990197,0.0,466.24724534100335,0,446,9893.304507847342,0.0,30,,0.0,0,12.263890444535967,12.263890444535967,14.250000000000002,46904.28856437264,39099.87375821101,0.0,15.36,30,1.0,3108.3149689400234,2642.0677235990197,51477.5288190647,43957.89324620499,0.0,47743.71792291876,40582.16023448094,16.561233122594142,16.637686026581346,flat,flat,7519.635572859705,14.6076079123573,7804.414806161629,466.2472453410037,15.000000000000007,0.0,0.0,0.8500000000000001,True,-2373.668934987638,False,False,False,0.7600731956542074,True
DHNC0269,Dhanmondi,Commercial,Commercial,36.75972604031296,0.4864136240076534,3.4631325281096297,25.069526174169695,0.3606881446210819,LT-E,2643.495271087436,2255.1252592492083,0.0,388.370011838228,0,490,9736.25217704105,0.0,30,,0.0,0,9.639982074212732,8.82054133479156,10.15,40779.57955960957,34141.31075150664,0.0,15.36,30,1.0,2643.495271087436,2255.1252592492083,43593.46673209816,37329.83518117123,0.0,40604.08736390301,34638.72398206784,16.49084347110083,16.553331141170993,flat,flat,6263.631550926933,14.368280433900386,6638.268808102934,388.3700118382276,14.691534200417411,0.8194407394211716,8.50043841485144,0.8530846579958258,True,-3472.620626114116,False,False,False,0.6433308666446762,True
DHNC0270,Dhanmondi,Commercial,Commercial,36.75972604031296,0.5370389990461566,2.7225671100081303,21.061782399713195,0.33488997486573524,LT-E,5821.666449917623,4948.416482429981,0.0,873.2499674876436,0,468,18392.200795781366,0.0,30,,0.0,0,23.45201800027378,23.45201800027378,22.55,91891.431387903,76613.20416032251,0.0,15.36,30,1.0,5821.666449917623,4948.416482429981,96022.81150427143,81939.03602863074,0.0,89420.7966707347,76007.67717012452,16.494042097796612,16.558637762113662,flat,flat,14083.775475640694,14.667114256505807,15278.227227580486,873.2499674876417,14.99999999999997,0.0,0.0,0.85,True,-4308.425320140672,False,False,False,0.7657471572880555,True
DHNC0271,Dhanmondi,Commercial,Commercial,36.75972604031296,0.57617130045686,3.5346336283932436,19.418589271898536,0.25923880914233566,LT-E,2544.07785580434,2220.519315406965,0.0,323.558540397375,0,1020,6283.050401391619,0.0,30,,0.0,0,6.2719060996284135,5.469331398676719,7.85,38563.550135679914,33598.25045901157,0.0,15.36,30,1.0,2544.07785580434,2220.519315406965,41772.71265841239,36554.36051888353,0.0,39077.035865154656,34107.17668465098,16.419588953658597,16.462077256096304,flat,flat,5218.352139528863,12.492251059204234,4965.299676668343,323.55854039737505,12.718106863717747,0.8025747009516948,12.796344336201786,0.8728189313628225,True,-1064.6982618627562,False,True,False,0.830544370354416,True
DHNC0272,Dhanmondi,Commercial,Commercial,36.75972604031296,0.4299018931112148,1.6347311060845564,21.784241601095413,0.3119781376474623,LT-E,3517.340334645197,3004.6369263115103,0.0,512.7034083336868,0,535,11168.854916846107,0.0,30,,0.0,0,10.236912856448784,10.236912856448784,8.45,53901.53031309153,45406.015272656194,0.0,15.36,30,1.0,3517.340334645197,3004.6369263115103,57526.18991715773,49257.309347552036,0.0,54026.34754015022,46151.223188144795,16.355025230437516,16.39376422362627,flat,flat,8268.880569605695,14.374114784089711,8495.515040435334,512.7034083336866,14.576451510354183,0.0,0.0,0.8542354848964582,True,-2899.9743472404116,False,False,False,0.7403516861100641,True
DHNC0273,Dhanmondi,Commercial,Commercial,36.75972604031296,0.35034506219439576,1.7780734419366597,31.079222980183964,0.337397598094451,LT-E,1088.242674531563,1088.242674531563,0.0,0.0,0,0,0.0,0.0,0,,0.0,0,3.7450528215171843,3.7450528215171843,3.95,16829.604196760116,16829.604196760116,0.0,15.36,30,1.0,1088.242674531563,1088.242674531563,17924.452854845047,17924.452854845047,0.0,16715.407480804806,16715.407480804806,16.471007133184404,16.471007133184404,flat,flat,0.0,0.0,0.0,0.0,0.0,0.0,0.0,1.0,True,0.0,False,False,False,,False
DHNC0274,Dhanmondi,Commercial,Commercial,36.75972604031296,0.5206705527102051,2.9028153403622694,29.603850088806983,0.25693295717310927,LT-E,6837.775770907468,5884.177081681005,0.0,953.598689226461,0,617,28230.192640743004,0.0,30,,0.0,0,22.54216472948664,22.54216472948664,20.25,106474.62557897522,90508.38202526723,0.0,15.36,30,1.0,6837.775770907468,5884.177081681005,112193.27263319564,96813.63297335124,0.0,105028.2358411387,90380.95997462023,16.407860741871918,16.453215399440918,flat,flat,15379.639659844397,13.708165649224394,15966.243553707987,953.5986892264627,13.946036272258558,0.0,0.0,0.8605396372774147,True,-12850.552980898607,False,False,False,0.5447940031995337,True
DHNC0275,Dhanmondi,Commercial,Commercial,36.75972604031296,0.4599966576065344,2.277267601772285,25.800315482414177,0.20434207715574956,LT-E,6248.413429466077,5422.264781561921,0.0,826.1486479041558,0,886,21314.895751297132,0.0,30,,0.0,0,18.415102417184226,18.415102417184226,18.25,96255.6079127348,82996.27608233996,0.0,15.36,30,1.0,6248.413429466077,5422.264781561921,102499.03679042889,89174.91139703066,0.0,95975.63027659894,83285.98704479111,16.40401006550992,16.446063589565835,flat,flat,13324.125393398223,12.999268881561234,13259.331830394847,826.148647904156,13.22173472082096,0.0,0.0,0.8677826527917905,True,-7990.770357898909,False,False,False,0.625108635241032,True
DHNC0276,Dhanmondi,Commercial,Commercial,36.75972604031296,0.6527267515818407,2.3091136553626446,15.39477646054663,0.24597520606413512,LT-E,5976.804632192927,5080.28393736399,0.0,896.5206948289394,0,870,13801.735689145462,0.0,30,,0.0,0,19.15437575342423,19.15437575342423,17.349999999999998,92630.87018499359,78339.82437581783,0.0,15.36,30,1.0,5976.804632192927,5080.28393736399,98033.48010800751,83574.39434180643,0.0,91803.71915048335,78033.16127791088,16.402323003828624,16.450732945680734,flat,flat,14459.085766201082,14.749130348398234,14291.045809175761,896.5206948289369,14.999999999999966,0.0,0.0,0.8499999999999999,True,657.3500770556202,True,True,True,1.04762807315406,True
DHNC0277,Dhanmondi,Commercial,Commercial,36.75972604031296,0.6536572705484058,3.400052167892826,20.827783094581548,0.3344004464389872,LT-E,1536.1009443087082,1305.6858026624025,0.0,230.41514164630635,0,760,4799.036591916553,0.0,30,,0.0,0,4.712920564054598,4.707063853489109,5.6499999999999995,23857.50842074724,20137.54447502188,0.0,15.36,30,1.0,1536.1009443087082,1305.6858026624025,25308.161029810846,21592.02562533923,0.0,23594.510504581758,20055.333928894503,16.475584578981092,16.536923034095402,flat,flat,3716.135404471617,14.68354575464542,3719.963945725358,230.41514164630576,14.999999999999968,0.005856710565488754,0.12426923997314598,0.8499999999999999,True,-1082.901187444936,False,True,False,0.7743502957929174,True
DHNC0278,Dhanmondi,Commercial,Commercial,36.75972604031296,0.4205304817142217,1.6862573629512183,28.829394236703838,0.25059898799987146,LT-E,2263.6432243286886,2203.6747328981446,0.0,59.96849143054295,0,120,1728.8552812315183,0.0,12,,0.0,0,7.877607871055033,7.877607871055033,7.25,34267.445940264945,33192.81655715221,0.0,15.36,30,1.0,2263.6432243286886,2203.6747328981446,37193.16292197309,36225.99109218127,0.0,34769.559925688656,33848.4438973155,16.43066474532584,16.43890114605932,flat,flat,967.1718297918196,2.600402207848881,1074.6293831127332,59.96849143054396,2.6492024355264006,0.0,0.0,0.9735079756447365,True,-761.6834514396987,False,False,False,0.5594290281502755,True
DHNC0279,Dhanmondi,Commercial,Commercial,36.75972604031296,0.49866380170915275,2.473975649184761,28.137690116573776,0.3271746664292288,LT-E,6555.233487518936,5641.44631606931,0.0,913.7871714496267,0,570,25711.860262750062,0.0,30,,0.0,0,17.36847529571119,17.36847529571119,16.95,100454.76081116352,85167.52236235343,0.0,15.36,30,1.0,6555.233487518936,5641.44631606931,107324.5806867054,92587.02118556583,0.0,100688.38636829086,86652.6154148246,16.3723505640264,16.411929848882444,flat,flat,14737.559501139578,13.731765273940791,15287.238448810094,913.7871714496259,13.939811193445093,0.0,0.0,0.8606018880655489,True,-10974.300761610484,False,False,False,0.5731813781864141,True
DHNC0280,Dhanmondi,Commercial,Commercial,36.75972604031296,0.4959327830201956,1.7363544235997714,27.609719786311214,0.22749718725283105,LT-E,2142.1003449276586,1849.6108684222233,0.0,292.4894765054355,0,551,8075.552486759932,0.0,30,,0.0,0,6.854564280814256,6.854564280814256,7.15,33014.859624069206,28271.046843686338,0.0,15.36,30,1.0,2142.1003449276586,1849.6108684222233,35223.46936299328,30506.199085913617,0.0,32902.66129808884,28410.02293896535,16.443426399888292,16.49330656882243,flat,flat,4717.270277079664,13.392406717425043,4743.812780382868,292.4894765054353,13.65433123607069,0.0,0.0,0.8634566876392931,True,-3358.2822096802684,False,False,False,0.5841421109965844,True
DHNC0281,Dhanmondi,Commercial,Commercial,36.75972604031296,0.40690717559017625,2.8039934617759914,22.75615450847333,0.31933600480849184,LT-E,2688.981372435192,2337.7943429890956,0.0,351.18702944609754,0,577,7991.666303447168,0.0,28,,0.0,0,8.457113212583959,8.457113212583959,9.25,41443.13677450977,35650.835253577134,0.0,15.36,30,1.0,2688.981372435192,2337.7943429890956,44242.01657463478,38578.07216372814,0.0,41302.75388060455,35908.52110831251,16.45307662900185,16.501910135688988,flat,flat,5663.944410906639,12.802184098800645,5792.301520932633,351.1870294460964,13.060225446190238,0.0,0.0,0.8693977455380972,True,-2327.7218925405286,False,False,False,0.7087313453595433,True
DHNC0282,Dhanmondi,Commercial,Commercial,36.75972604031296,0.6429336322230459,2.2876661716839486,28.451605633779188,0.3484042617023189,LT-E,1070.3315265082542,909.781797532016,0.0,160.54972897623816,0,792,4567.897573442058,0.0,30,,0.0,0,2.927005586891676,2.9188704542867505,4.250000000000001,16396.72258632338,13861.353467308763,0.0,15.36,30,1.0,1070.3315265082542,909.781797532016,17663.931859525124,15074.585830596352,0.0,16440.292247166784,13974.248410091765,16.503234205527164,16.569452006502544,flat,flat,2589.3460289287723,14.658944846033753,2535.3691190146164,160.54972897623827,15.000000000000012,0.008135132604925488,0.27793362067219574,0.85,True,-1978.551544513286,False,True,False,0.5668572876903666,True
DHNC0283,Dhanmondi,Commercial,Commercial,36.75972604031296,0.43040963432368,2.4189978798335483,28.861382800331608,0.3052752673770928,LT-E,817.0730088220594,781.0794306850324,0.0,35.9935781370274,0,148,1038.8244369663946,0.0,14,,0.0,0,3.2589199778356406,3.2589199778356406,3.75,12643.8120371136,12034.654328042021,0.0,15.36,30,1.0,817.0730088220594,781.0794306850324,13532.128486282172,12951.624058088202,0.0,12550.24141550683,11997.380055322097,16.56171277251085,16.58169905553549,flat,flat,580.5044281939699,4.2898235025069456,609.1577090715782,35.99357813702693,4.405185062827788,0.0,0.0,0.9559481493717216,True,-458.32000877242467,False,False,False,0.558808984017719,True
DHNC0284,Dhanmondi,Commercial,Commercial,36.75972604031296,0.5306444062632876,1.866892792145785,36.54599073510335,0.15836365897749238,LT-E,4602.68755955397,4285.11179881826,0.0,317.57576073571056,0,484,11606.120809540682,0.0,24,,0.0,0,11.440139840952352,11.440139840952352,15.450000000000001,70567.3645741096,65381.13009872041,0.0,15.36,30,1.0,4602.68755955397,4285.11179881826,75692.16996048643,70570.30809134089,0.0,70697.28091474898,65819.31722984847,16.44521140770665,16.46872039856758,flat,flat,5121.861869145534,6.766699741623603,5186.234475389188,317.57576073571,6.899789669114216,0.0,0.0,0.9310021033088577,True,-6484.258940395148,False,False,False,0.44130695804365266,True
DHNC0285,Dhanmondi,Commercial,Commercial,36.75972604031296,0.4992204322784264,2.6801797906183356,29.135876762743163,0.34757885995432136,LT-E,10123.072178052735,8728.245767520415,0.0,1394.8264105323212,0,584,40639.49040268912,0.0,30,,0.0,0,21.272418915195974,21.272418915195974,19.549999999999997,153148.76480981585,129649.93029308619,0.0,15.36,30,1.0,10123.072178052735,8728.245767520415,165112.38308763452,142616.62273856925,0.0,155490.38865489,134065.85498911358,16.310501415331743,16.339666244192486,flat,flat,22495.76034906527,13.624514363120477,23498.834516729665,1394.8264105323196,13.778686805734376,0.0,0.0,0.862213131942656,True,-18143.730053623854,False,False,False,0.5535443512248549,True
DHNC0286,Dhanmondi,Commercial,Commercial,36.75972604031296,0.6054259239827195,2.0212405933831943,25.720123315705244,0.29013420190562084,LT-E,4792.4294688319205,4073.5650485071324,0.0,718.8644203247878,0,599,18489.281538026513,0.0,30,,0.0,0,16.27724976429667,16.27724976429667,15.65,74164.24114859883,62232.380441165296,0.0,15.36,30,1.0,4792.4294688319205,4073.5650485071324,78771.22747332123,67177.38210232303,0.0,73611.7166412583,62569.95914506955,16.43659609090094,16.49105422458934,flat,flat,11593.845370998199,14.718375913241776,11931.86070743353,718.8644203247882,15.000000000000004,0.0,0.0,0.8500000000000001,True,-6895.436167028314,False,False,False,0.6270576467318854,True
DHNC0287,Dhanmondi,Commercial,Commercial,36.75972604031296,0.7040617239182783,1.7959685668619916,22.47423918233528,0.30310476040145334,LT-E,1994.9811292691606,1695.7339598787864,0.0,299.24716939037404,0,702,6725.352459516067,0.0,30,,0.0,0,5.6991551404589265,5.6991551404589265,7.050000000000001,30697.624425244645,25775.34115919442,0.0,15.36,30,1.0,1994.9811292691606,1695.7339598787864,32841.28065285302,28015.022304925067,0.0,30642.910145574308,26046.47362373816,16.461950527263415,16.520882973251076,flat,flat,4826.258347927953,14.695706902978772,4922.2832660502245,299.2471693903742,15.000000000000005,0.0,0.0,0.8500000000000001,True,-1899.0941115881142,False,True,False,0.7176216231015546,True
DHNC0288,Dhanmondi,Commercial,Commercial,36.75972604031296,0.5537523747963661,3.633346171602608,25.479238727404752,0.26332591884030865,LT-E,3274.5294432664505,2783.3500267764825,0.0,491.17941648996725,0,695,12514.877610735248,0.0,30,,0.0,0,11.926369076643361,10.655101942536094,13.15,50198.746919203026,42353.26165843829,0.0,15.36,30,1.0,3274.5294432664505,2783.3500267764825,54054.28586100131,46132.544231851105,0.0,50296.77224857268,42752.25641128677,16.507497274808557,16.57446738212771,flat,flat,7921.741629150209,14.655159166325289,7845.4852607647335,491.17941648996793,15.00000000000001,1.2712671341072674,10.659297275957366,0.8500000000000001,True,-4593.135981585039,False,False,False,0.6329859448529442,True
DHNC0289,Dhanmondi,Commercial,Commercial,36.75972604031296,0.6046533629411428,2.1669608655338646,27.879633180580345,0.3344375784815317,LT-E,1749.962519037337,1487.4681411817367,0.0,262.4943778556006,0,489,7318.246966578799,0.0,30,,0.0,0,7.316396132117715,7.316396132117715,6.2,26834.789462256977,22385.209791783098,0.0,15.36,30,1.0,1749.962519037337,1487.4681411817367,28809.29550703417,24575.78618097905,0.0,26879.424292413496,22847.510648551473,16.46280717079718,16.521890789173156,flat,flat,4233.509326055122,14.694942210653693,4449.579670473879,262.4943778556003,14.999999999999988,0.0,0.0,0.85,True,-3084.7376405236773,False,False,False,0.5784868077544862,True
DHNC0290,Dhanmondi,Commercial,Commercial,36.75972604031296,0.5794405349968783,3.03055432224512,23.844465693107843,0.33447502371159277,LT-E,2056.1275767706384,1747.7084402550427,0.0,308.41913651559577,0,559,7354.089519744067,0.0,30,,0.0,0,7.668302106556256,7.668302106556256,7.15,31535.43154626861,26371.40011796411,0.0,15.36,30,1.0,2056.1275767706384,1747.7084402550427,33836.900558156856,28862.71672443333,0.0,31582.119579197006,26844.801642317456,16.45661530949418,16.51460624646374,flat,flat,4974.183833723528,14.700471236052474,5164.031428304501,308.4191365155957,14.999999999999998,0.0,0.0,0.85,True,-2379.905686020539,False,False,False,0.6763833674269221,True
DHNC0291,Dhanmondi,Commercial,Commercial,36.75972604031296,0.5540261349457536,3.3443128677788536,27.073891840687292,0.2608366193620848,LT-E,1460.659345721593,1241.5604438633545,0.0,219.09890185823906,0,780,5931.859971323331,0.0,30,,0.0,0,4.3682736492455785,4.3682736492455785,3.75,22557.64178521288,19098.49317130539,0.0,15.36,30,1.0,1460.659345721593,1241.5604438633545,23911.888927797852,20378.26183862818,0.0,22435.727550283667,19070.368417741123,16.370613037076716,16.41342710244319,flat,flat,3533.627089169673,14.777699494337272,3459.1486139074914,219.09890185823838,14.999999999999963,0.0,0.0,0.8499999999999999,True,-2398.2328821536576,False,False,False,0.5957030520363684,True
DHNC0292,Dhanmondi,Commercial,Commercial,36.75972604031296,0.6693112280756993,2.2357811218750157,27.920842687340475,0.20085928381015405,LT-E,1951.9823770653913,1841.0799704441688,0.0,110.90240662122268,0,690,3096.488648918625,0.0,30,,0.0,0,4.7652990928206895,4.443842841744682,6.1499999999999995,29551.937485878796,27841.070168152022,0.0,15.36,30,1.0,1951.9823770653913,1841.0799704441688,32062.74677731063,30274.112763323552,0.0,29982.44931172441,28278.98834602243,16.42573578226343,16.44367069835635,flat,flat,1788.6340139870772,5.578542681978867,1710.8673177267738,110.90240662122255,5.681527042675105,0.3214562510760075,6.745772821695652,0.9431847295732488,True,-1307.854634931548,False,True,False,0.5776329955582802,True
DHNC0293,Dhanmondi,Commercial,Commercial,36.75972604031296,0.7072615102006656,2.6657741346552397,24.119470383945483,0.28412725796912086,LT-E,4847.249312273253,4120.161915432264,0.0,727.087396840988,0,720,17536.962934646224,0.0,30,,0.0,0,12.469377103369606,12.469377103369606,12.3,74545.33179034723,62414.99820946358,0.0,15.36,30,1.0,4847.249312273253,4120.161915432264,79338.78690834301,67612.32137209155,0.0,74453.74943651716,63285.68702103958,16.367795794504918,16.410112699417553,flat,flat,11726.46553625146,14.780243047828025,12130.333580883656,727.0873968409887,15.000000000000014,0.0,0.0,0.85,True,-5810.497398394764,False,True,False,0.6686713988021564,True
DHNC0294,Dhanmondi,Commercial,Commercial,36.75972604031296,0.32600353053043274,2.594542221558996,24.039203533833213,0.30322598628585806,LT-E,4908.093251191203,4812.678659750414,0.0,95.41459144079028,0,108,2293.690783742698,0.0,9,,0.0,0,16.7524966567308,16.7524966567308,15.15,74207.2671251472,72448.58537571058,0.0,15.36,30,1.0,4908.093251191203,4812.678659750414,80589.40295521173,79050.55642445468,0.0,75388.31233829688,73922.74421376636,16.419696780547625,16.425479865417454,flat,flat,1538.846530757044,1.9094899258805424,1758.681749436626,95.41459144078908,1.9440256441262966,0.0,0.0,0.9805597435587368,True,-754.8442529856538,False,False,False,0.6709040911984016,True
DHNC0295,Dhanmondi,Commercial,Commercial,36.75972604031296,0.7022150177433839,2.3366454656229823,23.060413925077206,0.3032798758860713,LT-E,6668.0098296546785,5667.808355206479,0.0,1000.2014744482018,0,528,23065.06000924807,0.0,30,,0.0,0,22.78816272229275,22.78816272229275,18.0,102443.54733592921,85600.92132313237,0.0,15.36,30,1.0,6668.0098296546785,5667.808355206479,109242.66253267064,93111.41315277008,0.0,102420.63098349585,87057.53633597151,16.38309860414949,16.42811600488175,flat,flat,16131.24937990056,14.766437402673402,16842.62601279684,1000.2014744481994,14.999999999999964,0.0,0.0,0.85,True,-6933.81062934751,False,True,False,0.6993803342992666,True
DHNC0296,Dhanmondi,Commercial,Commercial,36.75972604031296,0.3520447464476696,2.8956815538607668,22.676042552884944,0.35636360804847306,LT-E,6571.289296080001,5992.180996601315,0.0,579.1082994786856,0,281,13131.88444170751,0.0,21,,0.0,0,16.33705705099296,16.33705705099296,13.850000000000001,100407.92051271087,90148.7878536975,0.0,15.36,30,1.0,6571.289296080001,5992.180996601315,107290.57876717826,97950.720113186,0.0,100935.00358778881,92039.9001077962,16.327173243031737,16.346422140576585,flat,flat,9339.858653992254,8.70519924611447,10259.132659013369,579.1082994786857,8.812704377878228,0.0,0.0,0.9118729562212178,True,-3792.0257877152562,False,False,False,0.7112352149801444,True
DHNC0297,Dhanmondi,Commercial,Commercial,36.75972604031296,0.5863202349534723,1.6484889158406848,25.0884851223427,0.34536079170147704,LT-E,3245.767896875684,2758.90271234433,0.0,486.8651845313525,0,638,12214.709938701473,0.0,30,,0.0,0,11.57053083442687,11.57053083442687,17.049999999999997,48754.97074850484,40990.75302297585,0.0,15.36,30,1.0,3245.767896875684,2758.90271234433,53958.96964081103,46106.80794468935,0.0,49854.9948960105,42376.74566160891,16.624407953739063,16.712009357340072,flat,flat,7852.161696121679,14.552097173817822,7764.2177255289935,486.86518453135386,15.000000000000039,0.0,0.0,0.8500000000000001,True,-4362.5482425797945,False,False,False,0.6428447122794657,True
DHNC0298,Dhanmondi,Commercial,Commercial,36.75972604031296,0.5405293472980536,2.3116474300126146,30.8533975883118,0.2632742923427735,LT-E,3601.4538042765926,3091.9996679812048,0.0,509.4541362953868,0,841,15718.391020131558,0.0,30,,0.0,0,11.372787207601974,9.647288140496176,10.850000000000001,56024.39193152841,47901.686317232496,0.0,15.36,30,1.0,3601.4538042765926,3091.9996679812048,59109.571955372885,50893.09564520087,0.0,55318.33043368846,47493.1149001913,16.412697529309543,16.459605792399532,flat,flat,8216.476310172016,13.900415852064317,8122.705614295912,509.4541362953878,14.14579122715471,1.7254990671057975,15.17217402918093,0.8585420877284532,True,-7501.914709959541,False,False,False,0.5227301127480952,True
DHNC0299,Dhanmondi,Commercial,Commercial,36.75972604031296,0.6663597973455004,2.8632957164641852,26.046314563239044,0.2602642222062006,LT-E,3704.0153614722226,3174.005940399118,0.0,530.0094210731035,0,930,13804.792102750269,0.0,30,,0.0,0,9.489300473169573,7.83784353209555,11.250000000000002,57442.422725276636,49091.259478787266,0.0,15.36,30,1.0,3704.0153614722226,3174.005940399118,60801.484749824005,52253.49280675698,0.0,56893.675952213336,48752.731244530456,16.415019597990394,16.4629473882416,flat,flat,8547.991943067027,14.058853954371187,8351.16324648937,530.0094210731045,14.30905029676884,1.6514569410740227,17.403358084649316,0.8569094970323119,True,-5256.800159683242,False,True,False,0.6192046848256445,True
DHNC0300,Dhanmondi,Commercial,Commercial,36.75972604031296,0.5223876129692759,2.2300324679609522,23.168897795516074,0.2229072829537041,LT-E,8719.411614941624,7411.499872700383,0.0,1307.9117422412437,0,874,30302.87348154274,0.0,30,,0.0,0,20.97798471007713,20.97798471007713,19.2,133438.94380304802,112635.79125135933,0.0,15.36,30,1.0,8719.411614941624,7411.499872700383,142441.0705257785,121347.06994691177,0.0,133930.16240550333,113840.63804467788,16.336087435268087,16.372808747374222,flat,flat,21094.00057886672,14.808931511820672,20803.15255168869,1307.911742241241,14.99999999999997,0.0,0.0,0.85,True,-9208.872902676023,False,False,False,0.6961056215251309,True
DHNC0301,Dhanmondi,Industrial,Industrial,14.47858698270381,0.64109546629323,1.9314080391619006,21.692244497993098,0.3930560711344345,LT-C1,7284.486907979365,6668.538164810522,0.0,615.9487431688418,0,840,13361.310735050076,0.0,30,,0.0,0,19.706692923481913,17.959389132063365,22.099999999999998,89462.21202899778,81983.52060240645,0.0,12.73,30,1.0,7284.486907979365,6668.538164810522,98481.9342555062,90248.85537993985,0.0,92731.51833857733,84890.49083803795,13.519405759056266,13.533529110799376,flat,flat,8233.078875566353,8.359989004893082,7478.691426591322,615.9487431688431,8.4556229004151,1.747303791418549,8.866550050802857,0.9154437709958492,True,-5128.231859483723,False,True,False,0.6161879652996107,True
DHNC0302,Dhanmondi,Industrial,Industrial,14.47858698270381,0.5212760914480201,1.4909214570160256,23.083847683087743,0.2804173413556501,LT-C1,4049.6938469318047,3447.5832369367804,0.0,602.1106099950241,0,990,13899.029609496185,0.0,30,,0.0,0,20.614429258276274,18.587482706077843,27.7,48291.915560427806,41085.03293879017,0.0,12.73,30,1.0,4049.6938469318047,3447.5832369367804,55526.31280501397,47478.20133651548,0.0,51552.60267144188,43887.73460620522,13.711237170948793,13.771444537681543,flat,flat,8048.111468498493,14.494229964017629,7206.882621637633,602.1106099950243,14.868052567756578,2.0269465521984316,9.832659089432,0.8513194743224343,True,-5850.918140997692,False,False,False,0.5790412492538192,True
DHNC0303,Dhanmondi,Industrial,Industrial,14.47858698270381,0.49599792343830024,2.25997773640286,29.01122131867415,0.22767469880949162,LT-C1,6322.511717951913,6166.672136678172,0.0,155.83958127374237,0,389,4521.096582542048,0.0,25,,0.0,0,17.729522001978033,17.729522001978033,28.9,75554.13473865687,73614.3170519572,0.0,12.73,30,1.0,6322.511717951913,6166.672136678172,85966.41287800425,83883.38311490878,0.0,80485.57416952786,78501.73629991313,13.596876797225113,13.602698709403837,flat,flat,2083.0297630954738,2.4230739580253524,1939.8176866996655,155.8395812737408,2.464836574857671,0.0,0.0,0.975351634251423,True,-2438.0668194465743,False,False,False,0.4607355151710256,True
DHNC0304,Dhanmondi,Industrial,Industrial,14.47858698270381,0.5018743873637556,1.2591435934393829,32.384439177920285,0.36553444967874105,LT-C1,6031.123953358,5853.607984934174,0.0,177.51596842382727,0,176,5748.755082531052,0.0,14,,0.0,0,19.081020802469276,19.081020802469276,23.099999999999998,73274.45507049089,71027.00205129021,0.0,12.73,30,1.0,6031.123953358,5853.607984934174,81779.2583225597,79406.49113062264,0.0,76776.20792624734,74516.42964821204,13.55953864569916,13.565392717619028,flat,flat,2372.7671919370623,2.901429091687554,2247.4530192006787,177.51596842382605,2.943331455242086,0.0,0.0,0.970566685447579,True,-3375.9878905939895,False,False,False,0.4127445260535233,True
DHNC0305,Dhanmondi,Industrial,Industrial,14.47858698270381,0.5642186273022922,2.794753600378697,22.093102792218883,0.2430501395860642,LT-C1,4881.074823680002,4452.568239642113,0.0,428.5065840378878,0,990,9467.040008291633,0.0,30,,0.0,0,16.45701683857687,14.797131732843368,19.0,59466.40372616503,54390.256459395634,0.0,12.73,30,1.0,4881.074823680002,4452.568239642113,66200.48663071875,60472.85337517631,0.0,62136.08250544642,56681.193690644104,13.56268629801664,13.58156688914373,flat,flat,5727.633255542438,8.651950381411044,5076.147266769396,428.5065840378884,8.778939055779999,1.6598851057335011,10.086184647041053,0.9122106094422001,True,-3739.406752749195,False,False,False,0.6050078219301847,True
DHNC0306,Dhanmondi,Industrial,Industrial,14.47858698270381,0.5453134971602427,2.167430620779739,23.17082870525355,0.4115320770874388,LT-C1,5800.346071787433,5140.243733506739,0.0,660.1023382806941,0,930,15295.1182082393,0.0,30,,0.0,0,17.45205186268975,15.408214607535804,25.9,70261.69415631314,62269.93362645028,0.0,12.73,30,1.0,5800.346071787433,5140.243733506739,78835.68576854673,70012.42786391784,0.0,73838.40549385402,65435.30272754079,13.591548640864586,13.620449047491855,flat,flat,8823.257904628888,11.191959350151459,7991.760529862862,660.1023382806943,11.380395757615156,2.043837255153946,11.711157354072549,0.8861960424238485,True,-6471.860303610412,False,False,False,0.5768675851014936,True
DHNC0307,Dhanmondi,Industrial,Industrial,14.47858698270381,0.6974453330359125,2.0714032150209554,24.627662615054753,0.4317833288610417,LT-C1,5965.253866382069,5473.993212464701,0.0,491.2606539173667,0,720,12098.601640728088,0.0,30,,0.0,0,21.189877474572178,19.19650509064766,25.4,71737.34982039739,65876.29095974215,0.0,12.73,30,1.0,5965.253866382069,5473.993212464701,81014.72580499592,74448.29027440943,0.0,75937.68171904374,69683.93359467565,13.581102769416821,13.600362182562627,flat,flat,6566.435530586488,8.105236999001924,5861.058860655234,491.26065391736756,8.235368769230899,1.9933723839245197,9.40719164759949,0.9176463123076911,True,-5532.166110141599,False,True,False,0.5427433455186746,True
DHNC0308,Dhanmondi,Industrial,Industrial,14.47858698270381,0.5309080451289837,2.2838677552891444,21.971698422387796,0.35274565625729815,LT-C1,4201.948765605741,3571.6564507648786,0.0,630.2923148408607,0,676,13848.592659632097,0.0,30,,0.0,0,13.257987379164799,13.257987379164799,14.299999999999999,50776.47442144283,42767.477404859885,0.0,12.73,30,1.0,4201.948765605741,3571.6564507648786,56886.06817546913,48461.26594914875,0.0,53490.80778616108,45467.186618236905,13.538020415931607,13.56828872462542,flat,flat,8424.802226320382,14.809956983375049,8008.997016582944,630.2923148408622,15.000000000000027,0.0,0.0,0.8500000000000001,True,-5423.790433311715,False,False,False,0.6083507857717722,True
DHNC0309,Dhanmondi,Hospital,Hospital,4.814693903588424,0.016630041174563848,203.500666911624,4703.267161525637,0.05656954737372731,LT-D1,22006.45320041576,22006.45320041576,0.0,0.0,0,0,0.0,0.0,0,,0.0,0,45.05410823560656,45.05410823560656,65.5,199158.40146376262,199158.40146376262,0.0,9.05,30,1.0,22006.45320041576,22006.45320041576,213242.82153695077,213242.82153695077,0.0,199158.40146376262,199158.40146376262,9.690013179085218,9.690013179085218,flat,flat,0.0,0.0,0.0,0.0,0.0,0.0,0.0,1.0,True,0.0,False,False,False,,False
DHNC0310,Dhanmondi,Hospital,Hospital,4.814693903588424,0.02394617403656705,148.15073185425626,5231.754544743296,0.05265985600532536,LT-D1,30900.50910490375,30900.50910490375,0.0,0.0,0,0,0.0,0.0,0,,0.0,0,58.385771719150014,58.385771719150014,66.0,279649.6073993789,279649.6073993789,0.0,9.05,30,1.0,30900.50910490375,30900.50910490375,297790.0877693479,297790.0877693479,0.0,279649.60739937896,279649.60739937896,9.637060889786122,9.637060889786122,flat,flat,0.0,0.0,0.0,0.0,0.0,0.0,0.0,1.0,True,0.0,False,False,False,,False
DHNC0311,Dhanmondi,Hospital,Hospital,4.814693903588424,0.014616071793586642,195.92644763840457,5480.099858110343,0.060391494665966425,LT-D1,24701.38782218669,24701.38782218669,0.0,0.0,0,0,0.0,0.0,0,,0.0,0,59.07225655585807,59.07225655585807,60.0,223547.55979078962,223547.55979078962,0.0,9.05,30,1.0,24701.38782218669,24701.38782218669,238504.93778032903,238504.93778032903,0.0,223547.55979078956,223547.55979078956,9.655527839051409,9.655527839051409,flat,flat,0.0,0.0,0.0,0.0,0.0,0.0,0.0,1.0,True,0.0,False,False,False,,False
DHNC0312,Dhanmondi,Hospital,Hospital,4.814693903588424,0.027409746570700017,212.73879948446003,4544.480490477846,0.061159214859654976,LT-D1,31060.11401194996,31060.11401194996,0.0,0.0,0,0,0.0,0.0,0,,0.0,0,67.4354911185826,67.4354911185826,86.0,281094.03180814727,281094.03180814727,0.0,9.05,30,1.0,31060.11401194996,31060.11401194996,300566.7333985545,300566.7333985545,0.0,281094.03180814715,281094.03180814715,9.676935934070155,9.676935934070155,flat,flat,0.0,0.0,0.0,0.0,0.0,0.0,0.0,1.0,True,0.0,False,False,False,,False
DHNC0313,Dhanmondi,Hospital,Hospital,4.814693903588424,0.020289454843405254,231.83374862731577,5173.874861358773,0.03733697974269898,LT-D1,49824.79926274749,49824.79926274749,0.0,0.0,0,0,0.0,0.0,0,,0.0,0,82.07757946538727,82.07757946538727,89.5,450914.43332786474,450914.43332786474,0.0,9.05,30,1.0,49824.79926274749,49824.79926274749,479098.654994258,479098.654994258,0.0,450914.4333278648,450914.4333278648,9.615666537215048,9.615666537215048,flat,flat,0.0,0.0,0.0,0.0,0.0,0.0,0.0,1.0,True,0.0,False,False,False,,False
DHNC0314,Dhanmondi,Hospital,Hospital,4.814693903588424,0.02372968375790455,177.01608998883538,4679.745013009436,0.05303152282921396,LT-D1,25554.59829809075,25554.59829809075,0.0,0.0,0,0,0.0,0.0,0,,0.0,0,49.22378104840009,49.22378104840009,75.5,231269.1145977213,231269.1145977213,0.0,9.05,30,1.0,25554.59829809075,25554.59829809075,247589.0703276074,247589.0703276074,0.0,231269.11459772132,231269.11459772132,9.68863088511571,9.68863088511571,flat,flat,0.0,0.0,0.0,0.0,0.0,0.0,0.0,1.0,True,0.0,False,False,False,,False
DHNC0315,Dhanmondi,Hospital,Hospital,4.814693903588424,0.016563046078337307,229.51633065859806,5453.733398889927,0.06086118313933252,LT-D1,29330.03724798479,29330.03724798479,0.0,0.0,0,0,0.0,0.0,0,,0.0,0,46.92197700017128,46.92197700017128,81.0,265436.83709426236,265436.83709426236,0.0,9.05,30,1.0,29330.03724798479,29330.03724798479,283811.67894897546,283811.67894897546,0.0,265436.83709426236,265436.83709426236,9.676485459236012,9.676485459236012,flat,flat,0.0,0.0,0.0,0.0,0.0,0.0,0.0,1.0,True,0.0,False,False,False,,False
DHNC0316,Dhanmondi,Hospital,Hospital,4.814693903588424,0.024771789241766328,203.93604222368197,4731.018020566219,0.04448847013362316,LT-D1,44230.892498530724,44230.892498530724,0.0,0.0,0,0,0.0,0.0,0,,0.0,0,73.70401636342632,73.70401636342632,98.5,400289.5771117031,400289.5771117031,0.0,9.05,30,1.0,44230.892498530724,44230.892498530724,426509.55596728827,426509.55596728827,0.0,400289.5771117031,400289.5771117031,9.642797869870163,9.642797869870163,flat,flat,0.0,0.0,0.0,0.0,0.0,0.0,0.0,1.0,True,0.0,False,False,False,,False
DHNC0317,Dhanmondi,Hospital,Hospital,4.814693903588424,0.022737780837967733,160.06959039199393,4322.4074458270625,0.04243938000165077,LT-D1,34930.54897930112,34930.54897930112,0.0,0.0,0,0,0.0,0.0,0,,0.0,0,62.8354348271412,62.8354348271412,90.5,316121.4682626752,316121.4682626752,0.0,9.05,30,1.0,34930.54897930112,34930.54897930112,337629.0416758089,337629.0416758089,0.0,316121.46826267516,316121.46826267516,9.665723887588442,9.665723887588442,flat,flat,0.0,0.0,0.0,0.0,0.0,0.0,0.0,1.0,True,0.0,False,False,False,,False
DHNC0318,Dhanmondi,Hospital,Hospital,4.814693903588424,0.014521438655400468,182.68763064615874,4961.456517676134,0.030427274149959653,LT-D1,35805.28612169057,35805.28612169057,0.0,0.0,0,0,0.0,0.0,0,,0.0,0,61.25072959474063,61.25072959474063,70.5,324037.8394012997,324037.8394012997,0.0,9.05,30,1.0,35805.28612169057,35805.28612169057,344681.2313713647,344681.2313713647,0.0,324037.8394012997,324037.8394012997,9.626545929556457,9.626545929556457,flat,flat,0.0,0.0,0.0,0.0,0.0,0.0,0.0,1.0,True,0.0,False,False,False,,False
DHNC0319,Dhanmondi,Hospital,Hospital,4.814693903588424,0.0024523965637052135,207.62745203256551,5446.579025493103,0.04184405493283834,LT-D1,31078.639931126643,31078.639931126643,0.0,0.0,0,0,0.0,0.0,0,,0.0,0,59.22581177766142,59.22581177766142,64.0,281261.6913766961,281261.6913766961,0.0,9.05,30,1.0,31078.639931126643,31078.639931126643,299356.775945531,299356.775945531,0.0,281261.69137669617,281261.69137669617,9.63223540698484,9.63223540698484,flat,flat,0.0,0.0,0.0,0.0,0.0,0.0,0.0,1.0,True,0.0,False,False,False,,False
DHNC0320,Dhanmondi,Hospital,Hospital,4.814693903588424,0.037957836647058714,193.6585223388535,5379.5031045777105,0.05177342758850394,LT-D1,32714.048027601504,32714.048027601504,0.0,0.0,0,0,0.0,0.0,0,,0.0,0,57.418980177970916,57.418980177970916,75.5,296062.13464979373,296062.13464979373,0.0,9.05,30,1.0,32714.048027601504,32714.048027601504,315621.7413822833,315621.7413822833,0.0,296062.1346497936,296062.1346497936,9.647896252887653,9.647896252887653,flat,flat,0.0,0.0,0.0,0.0,0.0,0.0,0.0,1.0,True,0.0,False,False,False,,False
DHNC0321,Dhanmondi,Hospital,Hospital,4.814693903588424,0.005100790342473634,185.84229440426094,5447.090590675787,0.05727623131120524,LT-D1,23503.83111336417,23503.83111336417,0.0,0.0,0,0,0.0,0.0,0,,0.0,0,42.92341220103859,42.92341220103859,63.0,212709.67157594574,212709.67157594574,0.0,9.05,30,1.0,23503.83111336417,23503.83111336417,227314.15515474303,227314.15515474303,0.0,212709.67157594574,212709.67157594574,9.671366087441518,9.671366087441518,flat,flat,0.0,0.0,0.0,0.0,0.0,0.0,0.0,1.0,True,0.0,False,False,False,,False
DHNC0322,Dhanmondi,Hospital,Hospital,4.814693903588424,0.014335873804396769,189.37166293007928,5126.750908951591,0.06314227125730845,LT-D1,44628.683000452154,44628.683000452154,0.0,0.0,0,0,0.0,0.0,0,,0.0,0,73.99414263258036,73.99414263258036,79.5,403889.5811540921,403889.5811540921,0.0,9.05,30,1.0,44628.683000452154,44628.683000452154,429092.56021179666,429092.56021179666,0.0,403889.58115409204,403889.58115409204,9.61472603185376,9.61472603185376,flat,flat,0.0,0.0,0.0,0.0,0.0,0.0,0.0,1.0,True,0.0,False,False,False,,False
DHNC0323,Dhanmondi,Hospital,Hospital,4.814693903588424,0.02239825758785686,220.78378237291795,4413.421033505057,0.048010324575007694,LT-D1,36191.961729358656,36191.961729358656,0.0,0.0,0,0,0.0,0.0,0,,0.0,0,61.03258791983948,61.03258791983948,83.0,327537.2536506959,327537.2536506959,0.0,9.05,30,1.0,36191.961729358656,36191.961729358656,349143.11633323063,349143.11633323063,0.0,327537.25365069584,327537.25365069584,9.64697959574842,9.64697959574842,flat,flat,0.0,0.0,0.0,0.0,0.0,0.0,0.0,1.0,True,0.0,False,False,False,,False
DHNC0324,Dhanmondi,Hospital,Hospital,4.814693903588424,0.003905349751327291,194.1036797230429,5103.287522251214,0.039939568684935776,LT-D1,25702.675711718843,25702.675711718843,0.0,0.0,0,0,0.0,0.0,0,,0.0,0,47.65739670810146,47.65739670810146,58.0,232609.21519105555,232609.21519105555,0.0,9.05,30,1.0,25702.675711718843,25702.675711718843,247893.67595060833,247893.67595060833,0.0,232609.21519105555,232609.21519105555,9.644664187144688,9.644664187144688,flat,flat,0.0,0.0,0.0,0.0,0.0,0.0,0.0,1.0,True,0.0,False,False,False,,False
DHNC0325,Dhanmondi,Hospital,Hospital,4.814693903588424,0.0,207.47741865642996,4713.893497238453,0.04511011470860236,LT-D1,44400.20457823594,44400.20457823594,0.0,0.0,0,0,0.0,0.0,0,,0.0,0,89.35465963110865,89.35465963110865,91.0,401821.8514330354,401821.8514330354,0.0,9.05,30,1.0,44400.20457823594,44400.20457823594,427645.944004687,427645.944004687,0.0,401821.8514330353,401821.8514330353,9.631621026681264,9.631621026681264,flat,flat,0.0,0.0,0.0,0.0,0.0,0.0,0.0,1.0,True,0.0,False,False,False,,False
DHNC0326,Dhanmondi,Hospital,Hospital,4.814693903588424,0.03218772128327588,216.68618364747255,5390.139588074574,0.05898577593261918,LT-D1,34343.32673452184,34343.32673452184,0.0,0.0,0,0,0.0,0.0,0,,0.0,0,57.6598209085352,57.6598209085352,67.0,310807.10694742255,310807.10694742255,0.0,9.05,30,1.0,34343.32673452184,34343.32673452184,330568.4622947938,330568.4622947938,0.0,310807.10694742267,310807.10694742267,9.625405973338834,9.625405973338834,flat,flat,0.0,0.0,0.0,0.0,0.0,0.0,0.0,1.0,True,0.0,False,False,False,,False
DHNC0327,Dhanmondi,Hospital,Hospital,4.814693903588424,0.005840878787664358,143.2846859852504,4968.894814039807,0.05860395675866731,LT-D1,20902.025204677026,20902.025204677026,0.0,0.0,0,0,0.0,0.0,0,,0.0,0,36.10631841621307,36.10631841621307,77.5,189163.32810232707,189163.32810232707,0.0,9.05,30,1.0,20902.025204677026,20902.025204677026,203503.99450744345,203503.99450744345,0.0,189163.3281023271,189163.3281023271,9.736089805398738,9.736089805398738,flat,flat,0.0,0.0,0.0,0.0,0.0,0.0,0.0,1.0,True,0.0,False,False,False,,False
DHNC0328,Dhanmondi,Hospital,Hospital,4.814693903588424,0.02067568259434245,185.50359104459903,5619.892444989653,0.04825367170259909,LT-D1,32879.67445547996,32879.67445547996,0.0,0.0,0,0,0.0,0.0,0,,0.0,0,63.79832527256518,63.79832527256518,83.0,297561.05382209364,297561.05382209364,0.0,9.05,30,1.0,32879.67445547996,32879.67445547996,317668.10651319835,317668.10651319835,0.0,297561.05382209364,297561.05382209364,9.661534421313394,9.661534421313394,flat,flat,0.0,0.0,0.0,0.0,0.0,0.0,0.0,1.0,True,0.0,False,False,False,,False
DHNC0329,Dhanmondi,Hospital,Hospital,4.814693903588424,0.02785635448884497,191.60449919524615,4632.594507963568,0.04778631207598971,LT-D1,36583.630990767604,36583.630990767604,0.0,0.0,0,0,0.0,0.0,0,,0.0,0,70.77440340792191,70.77440340792191,83.5,331081.8604664467,331081.8604664467,0.0,9.05,30,1.0,36583.630990767604,36583.630990767604,352896.4534897692,352896.4534897692,0.0,331081.86046644684,331081.86046644684,9.646293818643304,9.646293818643304,flat,flat,0.0,0.0,0.0,0.0,0.0,0.0,0.0,1.0,True,0.0,False,False,False,,False
DHNC0330,Dhanmondi,Hospital,Hospital,4.814693903588424,0.02628912023917463,160.3227770815427,4743.542574570133,0.033789998960842935,LT-D1,32882.515612081705,32882.515612081705,0.0,0.0,0,0,0.0,0.0,0,,0.0,0,62.96478424668328,62.96478424668328,79.0,297586.76628933946,297586.76628933946,0.0,9.05,30,1.0,32882.515612081705,32882.515612081705,317443.10460380645,317443.10460380645,0.0,297586.76628933946,297586.76628933946,9.65385703298112,9.65385703298112,flat,flat,0.0,0.0,0.0,0.0,0.0,0.0,0.0,1.0,True,0.0,False,False,False,,False
DHNC0331,Dhanmondi,Hospital,Hospital,4.814693903588424,0.011608331301340511,192.42172752242715,4799.754525427693,0.052909374646598534,LT-D1,37704.14969422633,37704.14969422633,0.0,0.0,0,0,0.0,0.0,0,,0.0,0,98.38232240238827,98.38232240238827,76.0,341222.5547327483,341222.5547327483,0.0,9.05,30,1.0,37704.14969422633,37704.14969422633,363071.6824693858,363071.6824693858,0.0,341222.55473274837,341222.55473274837,9.629488674690448,9.629488674690448,flat,flat,0.0,0.0,0.0,0.0,0.0,0.0,0.0,1.0,True,0.0,False,False,False,,False
DHNC0332,Dhanmondi,Hospital,Hospital,4.814693903588424,0.015548338931975091,221.8071712759399,5320.754271707167,0.062108805227988555,LT-D1,45340.87717568275,45340.87717568275,0.0,0.0,0,0,0.0,0.0,0,,0.0,0,79.32906463500024,79.32906463500024,84.0,410334.93843992887,410334.93843992887,0.0,9.05,30,1.0,45340.87717568275,45340.87717568275,436143.6853619254,436143.6853619254,0.0,410334.9384399289,410334.9384399289,9.619215871629372,9.619215871629372,flat,flat,0.0,0.0,0.0,0.0,0.0,0.0,0.0,1.0,True,0.0,False,False,False,,False
DHNC0333,Dhanmondi,Hospital,Hospital,4.814693903588424,0.024507403381296422,209.97572017480576,5342.0734221345365,0.04952026837793293,LT-D1,48420.4112855426,48420.4112855426,0.0,0.0,0,0,0.0,0.0,0,,0.0,0,84.81196802998193,84.81196802998193,93.5,438204.7221341604,438204.7221341604,0.0,9.05,30,1.0,48420.4112855426,48420.4112855426,466005.4582408686,466005.4582408686,0.0,438204.7221341606,438204.7221341606,9.62415324175507,9.62415324175507,flat,flat,0.0,0.0,0.0,0.0,0.0,0.0,0.0,1.0,True,0.0,False,False,False,,False
DHNC0334,Dhanmondi,Hospital,Hospital,4.814693903588424,0.0067017974693638835,234.64890033777314,5390.711743176818,0.04817353368262177,LT-D1,32545.904237231076,32545.904237231076,0.0,0.0,0,0,0.0,0.0,0,,0.0,0,63.065504871798666,63.065504871798666,65.0,294540.4333469412,294540.4333469412,0.0,9.05,30,1.0,32545.904237231076,32545.904237231076,313362.4550142883,313362.4550142883,0.0,294540.43334694125,294540.43334694125,9.628322283816454,9.628322283816454,flat,flat,0.0,0.0,0.0,0.0,0.0,0.0,0.0,1.0,True,0.0,False,False,False,,False
DHNC0335,Dhanmondi,Hospital,Hospital,4.814693903588424,0.022961530469241872,187.04444220653824,4988.3284184140975,0.07097486051732639,LT-D1,33582.30113948468,33582.30113948468,0.0,0.0,0,0,0.0,0.0,0,,0.0,0,58.60052294440424,58.60052294440424,76.0,303919.8253123364,303919.8253123364,0.0,9.05,30,1.0,33582.30113948468,33582.30113948468,323903.8165779532,323903.8165779532,0.0,303919.8253123364,303919.8253123364,9.645075101691601,9.645075101691601,flat,flat,0.0,0.0,0.0,0.0,0.0,0.0,0.0,1.0,True,0.0,False,False,False,,False
DHNC0336,Dhanmondi,Hospital,Hospital,4.814693903588424,0.01653400829334393,218.9371563962186,4910.509323245152,0.04243252313012764,LT-D1,24633.071626922156,24633.071626922156,0.0,0.0,0,0,0.0,0.0,0,,0.0,0,40.13990591240052,40.13990591240052,56.0,222929.29822364554,222929.29822364554,0.0,9.05,30,1.0,24633.071626922156,24633.071626922156,237603.76313482778,237603.76313482778,0.0,222929.2982236455,222929.2982236455,9.64572208993799,9.64572208993799,flat,flat,0.0,0.0,0.0,0.0,0.0,0.0,0.0,1.0,True,0.0,False,False,False,,False
DHNC0337,Dhanmondi,Hospital,Hospital,4.814693903588424,0.02302398059149883,200.4303429117814,5132.041884079142,0.061513572460502194,LT-D1,32233.54428016043,32233.54428016043,0.0,0.0,0,0,0.0,0.0,0,,0.0,0,73.2114935327898,73.2114935327898,78.5,291713.57573545194,291713.57573545194,0.0,9.05,30,1.0,32233.54428016043,32233.54428016043,311244.7545222245,311244.7545222245,0.0,291713.5757354519,291713.5757354519,9.655927124147931,9.655927124147931,flat,flat,0.0,0.0,0.0,0.0,0.0,0.0,0.0,1.0,True,0.0,False,False,False,,False
DHNC0338,Dhanmondi,Hospital,Hospital,4.814693903588424,0.016422063077190203,194.64554458961362,5302.904592442369,0.05609713711192996,LT-D1,14014.655501809943,14014.655501809943,0.0,0.0,0,0,0.0,0.0,0,,0.0,0,29.308687330618206,29.308687330618206,52.0,126832.63229138002,126832.63229138002,0.0,9.05,30,1.0,14014.655501809943,14014.655501809943,136450.263905949,136450.263905949,0.0,126832.63229138,126832.63229138,9.73625529991279,9.73625529991279,flat,flat,0.0,0.0,0.0,0.0,0.0,0.0,0.0,1.0,True,0.0,False,False,False,,False
DHNC0339,Dhanmondi,Hospital,Hospital,4.814693903588424,0.002471039839849594,176.38564616844732,4584.2316355382045,0.05540497246522073,LT-D1,34086.91874877377,34086.91874877377,0.0,0.0,0,0,0.0,0.0,0,,0.0,0,76.61542874292483,76.61542874292483,110.5,308486.6146764027,308486.6146764027,0.0,9.05,30,1.0,34086.91874877377,34086.91874877377,330872.4454102228,330872.4454102228,0.0,308486.61467640265,308486.61467640265,9.706727904883614,9.706727904883614,flat,flat,0.0,0.0,0.0,0.0,0.0,0.0,0.0,1.0,True,0.0,False,False,False,,False
DHNC0340,Dhanmondi,Hospital,Hospital,4.814693903588424,0.003545166700024159,167.64219589185518,5160.402884215824,0.03983472518395974,LT-D1,35182.5093943934,35182.5093943934,0.0,0.0,0,0,0.0,0.0,0,,0.0,0,73.78468798097153,73.78468798097153,95.0,318401.7100192602,318401.7100192602,0.0,9.05,30,1.0,35182.5093943934,35182.5093943934,340306.7955202233,340306.7955202233,0.0,318401.7100192603,318401.7100192603,9.672612936883173,9.672612936883173,flat,flat,0.0,0.0,0.0,0.0,0.0,0.0,0.0,1.0,True,0.0,False,False,False,,False
DHNC0341,Dhanmondi,Hospital,Hospital,4.814693903588424,0.009985232816985356,229.23391133396044,4770.200959454512,0.0391474237017074,LT-D1,37660.78326602419,37660.78326602419,0.0,0.0,0,0,0.0,0.0,0,,0.0,0,67.54073851483618,67.54073851483618,93.5,340830.08855751896,340830.08855751896,0.0,9.05,30,1.0,37660.78326602419,37660.78326602419,363762.09298539493,363762.09298539493,0.0,340830.08855751896,340830.08855751896,9.658909386347368,9.658909386347368,flat,flat,0.0,0.0,0.0,0.0,0.0,0.0,0.0,1.0,True,0.0,False,False,False,,False
DHNC0342,Dhanmondi,Hospital,Hospital,4.814693903588424,0.02431826859545381,212.16292211078587,4981.977632148627,0.045197538033509656,LT-D1,34125.31506273374,34125.31506273374,0.0,0.0,0,0,0.0,0.0,0,,0.0,0,66.60511832016661,66.60511832016661,93.5,308834.1013177403,308834.1013177403,0.0,9.05,30,1.0,34125.31506273374,34125.31506273374,330166.30638362735,330166.30638362735,0.0,308834.10131774034,308834.10131774034,9.67511379093999,9.67511379093999,flat,flat,0.0,0.0,0.0,0.0,0.0,0.0,0.0,1.0,True,0.0,False,False,False,,False
DHNC0343,Dhanmondi,Hospital,Hospital,4.814693903588424,0.024730784856170425,216.2140942749209,5547.71839768843,0.07245488125905893,LT-D1,27867.678844733324,27867.678844733324,0.0,0.0,0,0,0.0,0.0,0,,0.0,0,44.95684013797295,44.95684013797295,66.5,252202.49354483667,252202.49354483667,0.0,9.05,30,1.0,27867.678844733324,27867.678844733324,269002.1182220784,269002.1182220784,0.0,252202.4935448366,252202.4935448366,9.652835448579772,9.652835448579772,flat,flat,0.0,0.0,0.0,0.0,0.0,0.0,0.0,1.0,True,0.0,False,False,False,,False
DHNC0344,Dhanmondi,Hospital,Hospital,4.814693903588424,0.03420663712426954,181.04457700185043,5235.360451282767,0.05535557970120828,LT-D1,30384.15521373263,30384.15521373263,0.0,0.0,0,0,0.0,0.0,0,,0.0,0,49.66386734733176,49.66386734733176,81.5,274976.6046842804,274976.6046842804,0.0,9.05,30,1.0,30384.15521373263,30384.15521373263,293859.9349184943,293859.9349184943,0.0,274976.6046842803,274976.6046842803,9.671486103575438,9.671486103575438,flat,flat,0.0,0.0,0.0,0.0,0.0,0.0,0.0,1.0,True,0.0,False,False,False,,False
DHNC0345,Dhanmondi,Educational,Educational,32.739518771825146,0.4365537037657608,4.2433803337762015,34.63733483890979,0.32311389987056516,LT-D1,3465.141977074819,3465.141977074819,0.0,0.0,0,0,0.0,0.0,0,,0.0,0,11.623962110814045,11.623962110814045,11.7,31359.534892527114,31359.534892527114,0.0,9.05,30,1.0,3465.141977074819,3465.141977074819,33664.611637153466,33664.611637153466,0.0,31359.534892527114,31359.534892527114,9.715218556664233,9.715218556664233,flat,flat,0.0,0.0,0.0,0.0,0.0,0.0,0.0,1.0,True,0.0,False,False,False,,False
DHNC0346,Dhanmondi,Educational,Educational,32.739518771825146,0.370369890033534,2.803941043120874,45.61069786975598,0.25987652303710246,LT-D1,5822.333377870826,5822.333377870826,0.0,0.0,0,0,0.0,0.0,0,,0.0,0,21.772634044283723,21.772634044283723,19.9,52692.11706973097,52692.11706973097,0.0,9.05,30,1.0,5822.333377870826,5822.333377870826,56580.42292321753,56580.42292321753,0.0,52692.11706973098,52692.11706973098,9.717826041749,9.717826041749,flat,flat,0.0,0.0,0.0,0.0,0.0,0.0,0.0,1.0,True,0.0,False,False,False,,False
DHNC0347,Dhanmondi,Educational,Educational,32.739518771825146,0.462158480968223,4.457624654847699,42.20418803913577,0.2088605630883451,LT-D1,6933.509268942299,6933.509268942299,0.0,0.0,0,0,0.0,0.0,0,,0.0,0,25.0787745296523,25.0787745296523,23.5,62748.25888392781,62748.25888392781,0.0,9.05,30,1.0,6933.509268942299,6933.509268942299,67366.1718281242,67366.1718281242,0.0,62748.25888392781,62748.25888392781,9.716028235497095,9.716028235497095,flat,flat,0.0,0.0,0.0,0.0,0.0,0.0,0.0,1.0,True,0.0,False,False,False,,False
DHNC0348,Dhanmondi,Educational,Educational,32.739518771825146,0.36144885300820156,3.592732414471748,46.20889901545992,0.30100583154234234,LT-D1,6852.837076818185,6852.837076818185,0.0,0.0,0,0,0.0,0.0,0,,0.0,0,30.066614805234245,30.066614805234245,28.6,62018.17554520457,62018.17554520457,0.0,9.05,30,1.0,6852.837076818185,6852.837076818185,66920.8843224648,66920.8843224648,0.0,62018.175545204576,62018.175545204576,9.765427599153806,9.765427599153806,flat,flat,0.0,0.0,0.0,0.0,0.0,0.0,0.0,1.0,True,0.0,False,False,False,,False
DHNC0349,Dhanmondi,Educational,Educational,32.739518771825146,0.4169601800715898,4.622834450564423,39.23229582132096,0.25110814158365913,LT-D1,2353.050280657641,2353.050280657641,0.0,0.0,0,0,0.0,0.0,0,,0.0,0,8.230918575985537,8.230918575985537,9.7,21295.10503995165,21295.10503995165,0.0,9.05,30,1.0,2353.050280657641,2353.050280657641,22970.960291949235,22970.960291949235,0.0,21295.105039951653,21295.105039951653,9.762205457645049,9.762205457645049,flat,flat,0.0,0.0,0.0,0.0,0.0,0.0,0.0,1.0,True,0.0,False,False,False,,False
DHNC0350,Dhanmondi,Educational,Educational,32.739518771825146,0.43158050630257283,4.49548201856944,45.51697226380524,0.246387067676031,LT-D1,2686.0644939748354,2686.0644939748354,0.0,0.0,0,0,0.0,0.0,0,,0.0,0,8.369988942306064,8.369988942306064,10.0,24308.883670472267,24308.883670472267,0.0,9.05,30,1.0,2686.0644939748354,2686.0644939748354,26154.327853995877,26154.327853995877,0.0,24308.883670472263,24308.883670472263,9.737043884338284,9.737043884338284,flat,flat,0.0,0.0,0.0,0.0,0.0,0.0,0.0,1.0,True,0.0,False,False,False,,False
DHNC0351,Dhanmondi,Educational,Educational,32.739518771825146,0.31346514343235793,3.5037274302173085,50.834086367090016,0.29099256425840747,LT-D1,1264.4165079005807,1264.4165079005807,0.0,0.0,0,0,0.0,0.0,0,,0.0,0,5.737322915864963,5.737322915864963,6.5,11442.969396500255,11442.969396500255,0.0,9.05,30,1.0,1264.4165079005807,1264.4165079005807,12424.617866325269,12424.617866325269,0.0,11442.969396500255,11442.969396500255,9.826364800436629,9.826364800436629,flat,flat,0.0,0.0,0.0,0.0,0.0,0.0,0.0,1.0,True,0.0,False,False,False,,False
DHNC0352,Dhanmondi,Educational,Educational,32.739518771825146,0.4255470353518045,4.49268537211934,34.717231328057366,0.22545690802160842,LT-D1,8014.528725341744,8014.528725341744,0.0,0.0,0,0,0.0,0.0,0,,0.0,0,33.230125495837676,33.230125495837676,29.7,72531.48496434277,72531.48496434277,0.0,9.05,30,1.0,8014.528725341744,8014.528725341744,78029.15921255993,78029.15921255993,0.0,72531.48496434279,72531.48496434279,9.735963509099872,9.735963509099872,flat,flat,0.0,0.0,0.0,0.0,0.0,0.0,0.0,1.0,True,0.0,False,False,False,,False
DHNC0353,Dhanmondi,Educational,Educational,32.739518771825146,0.3353160431669157,4.545044752864905,35.686849485983096,0.32471502592926327,LT-D1,2643.32670160035,2643.32670160035,0.0,0.0,0,0,0.0,0.0,0,,0.0,0,8.96741344011169,8.96741344011169,8.899999999999999,23922.106649483172,23922.106649483172,0.0,9.05,30,1.0,2643.32670160035,2643.32670160035,25678.91198195733,25678.91198195733,0.0,23922.106649483172,23922.106649483172,9.714619069375926,9.714619069375926,flat,flat,0.0,0.0,0.0,0.0,0.0,0.0,0.0,1.0,True,0.0,False,False,False,,False
DHNC0354,Dhanmondi,Educational,Educational,32.739518771825146,0.4236205036854403,4.84169941527356,37.079713856871,0.20133595384126587,LT-D1,7609.519105531896,7609.519105531896,0.0,0.0,0,0,0.0,0.0,0,,0.0,0,26.9157728259069,26.9157728259069,24.4,68866.14790506366,68866.14790506366,0.0,9.05,30,1.0,7609.519105531896,7609.519105531896,73846.65530031684,73846.65530031684,0.0,68866.14790506366,68866.14790506366,9.704510137392585,9.704510137392585,flat,flat,0.0,0.0,0.0,0.0,0.0,0.0,0.0,1.0,True,0.0,False,False,False,,False
DHNC0355,Dhanmondi,Educational,Educational,32.739518771825146,0.24942240980668434,4.23109302777571,35.04688879149605,0.191633513842854,LT-D1,1748.0666044766858,1748.0666044766858,0.0,0.0,0,0,0.0,0.0,0,,0.0,0,5.3537754146042,5.3537754146042,6.199999999999999,15820.002770514011,15820.002770514011,0.0,9.05,30,1.0,1748.0666044766858,1748.0666044766858,17001.602909039706,17001.602909039706,0.0,15820.002770514007,15820.002770514007,9.72594686352322,9.72594686352322,flat,flat,0.0,0.0,0.0,0.0,0.0,0.0,0.0,1.0,True,0.0,False,False,False,,False
DHNC0356,Dhanmondi,Educational,Educational,32.739518771825146,0.41873766070636464,3.2580375943903976,34.76120859822342,0.20914481236293325,LT-D1,4285.9583252420625,4285.9583252420625,0.0,0.0,0,0,0.0,0.0,0,,0.0,0,29.73812416400169,29.73812416400169,29.4,38787.92284344067,38787.92284344067,0.0,9.05,30,1.0,4285.9583252420625,4285.9583252420625,42579.5189856127,42579.5189856127,0.0,38787.92284344067,38787.92284344067,9.934655391967185,9.934655391967185,flat,flat,0.0,0.0,0.0,0.0,0.0,0.0,0.0,1.0,True,0.0,False,False,False,,False
DHNC0357,Dhanmondi,Educational,Educational,32.739518771825146,0.4728203908338361,4.98261446366993,28.757581026694208,0.20064736579495232,LT-D1,1515.8369927693113,1508.2868079596037,0.0,7.550184809707421,0,22,217.12505143167695,0.0,1,,0.0,0,7.104431945232094,7.104431945232094,6.9,13718.324784562268,13649.995612034416,0.0,9.05,30,1.0,1515.8369927693113,1508.2868079596037,14838.941023790381,14767.195392636135,0.0,13718.324784562268,13649.995612034414,9.789272259862743,9.790707784955739,flat,flat,71.74563115424644,0.48349562842268184,68.32917252785228,7.550184809707616,0.4980868553625968,0.0,0.0,0.9950191314463741,True,-145.3794202774305,False,False,False,0.3304346075276474,True
DHNC0358,Dhanmondi,Educational,Educational,32.739518771825146,0.48581155724299757,4.309313493874986,38.70324926636249,0.24579604272785258,LT-D1,7041.636469805724,7041.636469805724,0.0,0.0,0,0,0.0,0.0,0,,0.0,0,24.81956938853613,24.81956938853613,25.4,63726.81005174182,63726.81005174182,0.0,9.05,30,1.0,7041.636469805724,7041.636469805724,68513.35055432889,68513.35055432889,0.0,63726.810051741806,63726.810051741806,9.729748311789681,9.729748311789681,flat,flat,0.0,0.0,0.0,0.0,0.0,0.0,0.0,1.0,True,0.0,False,False,False,,False
DHNC0359,Dhanmondi,Educational,Educational,32.739518771825146,0.41839045612008413,3.7751454312552837,42.960828816280866,0.27005700062082294,LT-D1,9189.61475623746,9189.61475623746,0.0,0.0,0,0,0.0,0.0,0,,0.0,0,29.028567069362886,29.028567069362886,29.7,83166.01354394901,83166.01354394901,0.0,9.05,30,1.0,9189.61475623746,9189.61475623746,89195.41422114648,89195.41422114648,0.0,83166.01354394903,83166.01354394903,9.70611027634265,9.70611027634265,flat,flat,0.0,0.0,0.0,0.0,0.0,0.0,0.0,1.0,True,0.0,False,False,False,,False
DHNC0360,Dhanmondi,Educational,Educational,32.739518771825146,0.4253787577854916,4.363641038277214,33.91610222872434,0.23161490656973377,LT-D1,1576.4145784897685,1576.4145784897685,0.0,0.0,0,0,0.0,0.0,0,,0.0,0,6.512676588128933,6.512676588128933,7.3999999999999995,14266.551935332407,14266.551935332407,0.0,9.05,30,1.0,1576.4145784897685,1576.4145784897685,15446.079532099026,15446.079532099026,0.0,14266.551935332405,14266.551935332405,9.798234387616885,9.798234387616885,flat,flat,0.0,0.0,0.0,0.0,0.0,0.0,0.0,1.0,True,0.0,False,False,False,,False
DHNC0361,Dhanmondi,Educational,Educational,32.739518771825146,0.4501929380081632,3.996084964521187,42.44725316639333,0.2833122781417269,LT-D1,5025.852178478843,5025.852178478843,0.0,0.0,0,0,0.0,0.0,0,,0.0,0,36.90535748207996,36.90535748207996,30.0,45483.96221523354,45483.96221523354,0.0,9.05,30,1.0,5025.852178478843,5025.852178478843,49648.1603259952,49648.1603259952,0.0,45483.96221523353,45483.96221523353,9.878555628554526,9.878555628554526,flat,flat,0.0,0.0,0.0,0.0,0.0,0.0,0.0,1.0,True,0.0,False,False,False,,False
DHNC0362,Dhanmondi,Educational,Educational,32.739518771825146,0.4437629005562763,2.7077671518088318,29.967611161218514,0.1267373419356394,LT-D1,3447.5544090048816,3447.5544090048816,0.0,0.0,0,0,0.0,0.0,0,,0.0,0,9.649722547098584,9.649722547098584,11.2,31200.36740149417,31200.36740149417,0.0,9.05,30,1.0,3447.5544090048816,3447.5544090048816,33465.985771568885,33465.985771568885,0.0,31200.36740149418,31200.36740149418,9.707166820676418,9.707166820676418,flat,flat,0.0,0.0,0.0,0.0,0.0,0.0,0.0,1.0,True,0.0,False,False,False,,False
DHNC0363,Dhanmondi,Educational,Educational,32.739518771825146,0.4930050805370748,5.227658039172555,50.08401153606023,0.2323925665387503,LT-D1,5422.848149486044,5422.848149486044,0.0,0.0,0,0,0.0,0.0,0,,0.0,0,23.367866100135583,23.367866100135583,21.5,49076.7757528487,49076.7757528487,0.0,9.05,30,1.0,5422.848149486044,5422.848149486044,52885.114540491144,52885.114540491144,0.0,49076.775752848705,49076.775752848705,9.752276494318467,9.752276494318467,flat,flat,0.0,0.0,0.0,0.0,0.0,0.0,0.0,1.0,True,0.0,False,False,False,,False
DHNC0364,Dhanmondi,Educational,Educational,32.739518771825146,0.5835529517501461,3.235464351948533,31.64007838012213,0.25287845442559204,LT-D1,10222.138061035404,9005.889839062072,0.0,1216.2482219733324,0,527,38482.18907292042,0.0,24,,0.0,0,29.908354946726693,29.908354946726693,33.6,92510.34945237041,81503.30304351174,0.0,9.05,30,1.0,10222.138061035404,9005.889839062072,99252.66692498894,87695.26819568736,0.0,92510.34945237041,81503.30304351177,9.70957996579197,9.737546179536709,flat,flat,11557.398729301582,11.644421341379356,11007.046408858674,1216.248221973332,11.898178391949225,0.0,0.0,0.8810182160805077,True,-26924.790343618835,False,False,False,0.30033111441247046,True
DHNC0365,Dhanmondi,Educational,Educational,32.739518771825146,0.35226327553687514,3.4480985441813177,54.84267242388408,0.2668580072106845,LT-D1,1753.8644879585272,1753.8644879585272,0.0,0.0,0,0,0.0,0.0,0,,0.0,0,5.981002026217684,5.981002026217684,9.0,15872.473616024678,15872.473616024678,0.0,9.05,30,1.0,1753.8644879585272,1753.8644879585272,17233.097296825905,17233.097296825905,0.0,15872.473616024672,15872.473616024672,9.825786094161117,9.825786094161117,flat,flat,0.0,0.0,0.0,0.0,0.0,0.0,0.0,1.0,True,0.0,False,False,False,,False
DHNC0366,Dhanmondi,Educational,Educational,32.739518771825146,0.35877638936333167,4.5529332815843455,53.598308362919994,0.3325314733202795,LT-D1,2858.1145146683666,2858.1145146683666,0.0,0.0,0,0,0.0,0.0,0,,0.0,0,9.662886921311733,9.662886921311733,8.1,25865.93635774872,25865.93635774872,0.0,9.05,30,1.0,2858.1145146683666,2858.1145146683666,27669.533175636156,27669.533175636156,0.0,25865.93635774872,25865.93635774872,9.68104428063713,9.68104428063713,flat,flat,0.0,0.0,0.0,0.0,0.0,0.0,0.0,1.0,True,0.0,False,False,False,,False
DHNC0367,Dhanmondi,Educational,Educational,32.739518771825146,0.4059622780314546,4.1779766880093225,38.19390307475588,0.25553883871632005,LT-D1,5809.848488642301,5809.848488642301,0.0,0.0,0,0,0.0,0.0,0,,0.0,0,17.960879751142343,17.960879751142343,19.9,52579.12882221282,52579.12882221282,0.0,9.05,30,1.0,5809.848488642301,5809.848488642301,56461.78526332347,56461.78526332347,0.0,52579.12882221283,52579.12882221283,9.718288759801718,9.718288759801718,flat,flat,0.0,0.0,0.0,0.0,0.0,0.0,0.0,1.0,True,0.0,False,False,False,,False
DHNC0368,Dhanmondi,Educational,Educational,32.739518771825146,0.41992286778448656,4.741160889539289,44.412983588425284,0.2317070690940586,LT-D1,10160.79564883413,10160.79564883413,0.0,0.0,0,0,0.0,0.0,0,,0.0,0,29.382920279226052,29.382920279226052,26.9,91955.20062194893,91955.20062194893,0.0,9.05,30,1.0,10160.79564883413,10160.79564883413,98247.66065304633,98247.66065304633,0.0,91955.20062194888,91955.20062194888,9.669288119608966,9.669288119608966,flat,flat,0.0,0.0,0.0,0.0,0.0,0.0,0.0,1.0,True,0.0,False,False,False,,False
DHNC0369,Dhanmondi,Educational,Educational,32.739518771825146,0.3632137103997266,4.559885814236791,35.40860451704644,0.32846279770200826,LT-D1,7583.863356457181,7583.863356457181,0.0,0.0,0,0,0.0,0.0,0,,0.0,0,26.02636350747746,26.02636350747746,23.9,68633.96337593748,68633.96337593748,0.0,9.05,30,1.0,7583.863356457181,7583.863356457181,73571.36154473438,73571.36154473438,0.0,68633.9633759375,68633.9633759375,9.70103996956815,9.70103996956815,flat,flat,0.0,0.0,0.0,0.0,0.0,0.0,0.0,1.0,True,0.0,False,False,False,,False
DHNC0370,Dhanmondi,Educational,Educational,32.739518771825146,0.38306042794847356,2.1786841075605743,42.63478750112108,0.2043893762333689,LT-D1,1882.5041430744652,1882.5041430744652,0.0,0.0,0,0,0.0,0.0,0,,0.0,0,5.738412217474011,5.738412217474011,6.5,17036.66249482391,17036.66249482391,0.0,9.05,30,1.0,1882.5041430744652,1882.5041430744652,18297.995619565107,18297.995619565107,0.0,17036.66249482391,17036.66249482391,9.72002940173147,9.72002940173147,flat,flat,0.0,0.0,0.0,0.0,0.0,0.0,0.0,1.0,True,0.0,False,False,False,,False
DHNC0371,Dhanmondi,Educational,Educational,32.739518771825146,0.27171975974612883,3.740395979207008,37.775810704808514,0.24183206174693353,LT-D1,2129.9438088217307,2129.9438088217307,0.0,0.0,0,0,0.0,0.0,0,,0.0,0,7.376294159225337,7.376294159225337,10.5,19275.99146983667,19275.99146983667,0.0,9.05,30,1.0,2129.9438088217307,2129.9438088217307,20901.291043328496,20901.291043328496,0.0,19275.991469836663,19275.991469836663,9.813071573419084,9.813071573419084,flat,flat,0.0,0.0,0.0,0.0,0.0,0.0,0.0,1.0,True,0.0,False,False,False,,False
DHNC0372,Dhanmondi,Educational,Educational,32.739518771825146,0.5368335513195504,4.884377832831235,41.92583368114126,0.2540941898484331,LT-D1,7729.641010084132,7729.641010084132,0.0,0.0,0,0,0.0,0.0,0,,0.0,0,22.650004438587207,22.650004438587207,25.9,69953.25114126143,69953.25114126143,0.0,9.05,30,1.0,7729.641010084132,7729.641010084132,75082.61369832447,75082.61369832447,0.0,69953.2511412614,69953.2511412614,9.71359647884957,9.71359647884957,flat,flat,0.0,0.0,0.0,0.0,0.0,0.0,0.0,1.0,True,0.0,False,False,False,,False
DHNC0373,Dhanmondi,Educational,Educational,32.739518771825146,0.3094311046613334,4.764529120689227,32.496229266862,0.21644183021231903,LT-D1,9005.656627407636,9005.656627407636,0.0,0.0,0,0,0.0,0.0,0,,0.0,0,35.34619233637836,35.34619233637836,36.4,81501.19247803908,81501.19247803908,0.0,9.05,30,1.0,9005.656627407636,9005.656627407636,87869.45210194107,87869.45210194107,0.0,81501.19247803911,81501.19247803911,9.757139955183384,9.757139955183384,flat,flat,0.0,0.0,0.0,0.0,0.0,0.0,0.0,1.0,True,0.0,False,False,False,,False
DHNC0374,Dhanmondi,Educational,Educational,32.739518771825146,0.3222190604612124,4.79007612617849,45.275450421139354,0.21852862803999912,LT-D1,3260.0825388039098,3260.0825388039098,0.0,0.0,0,0,0.0,0.0,0,,0.0,0,11.647484520284689,11.647484520284689,12.0,29503.746976175385,29503.746976175385,0.0,9.05,30,1.0,3260.0825388039098,3260.0825388039098,31734.934324984155,31734.934324984155,0.0,29503.746976175385,29503.746976175385,9.734395969197568,9.734395969197568,flat,flat,0.0,0.0,0.0,0.0,0.0,0.0,0.0,1.0,True,0.0,False,False,False,,False
DHNC0375,Dhanmondi,Educational,Educational,32.739518771825146,0.3026898906288089,4.127863837105567,39.81720502515763,0.20771817725993247,LT-D1,1703.519706480597,1703.519706480597,0.0,0.0,0,0,0.0,0.0,0,,0.0,0,7.4867292219083765,7.4867292219083765,9.7,15416.853343649405,15416.853343649405,0.0,9.05,30,1.0,1703.519706480597,1703.519706480597,16798.796010831877,16798.796010831877,0.0,15416.853343649405,15416.853343649405,9.861227872460313,9.861227872460313,flat,flat,0.0,0.0,0.0,0.0,0.0,0.0,0.0,1.0,True,0.0,False,False,False,,False
DHNC0376,Dhanmondi,Educational,Educational,32.739518771825146,0.20541893768358338,4.312979857758088,35.90230209313436,0.25677766332967505,LT-D1,9235.023019568325,9235.023019568325,0.0,0.0,0,0,0.0,0.0,0,,0.0,0,28.382216382006675,28.382216382006675,24.2,83576.95832709334,83576.95832709334,0.0,9.05,30,1.0,9235.023019568325,9235.023019568325,89280.40624344801,89280.40624344801,0.0,83576.95832709335,83576.95832709335,9.667588922547296,9.667588922547296,flat,flat,0.0,0.0,0.0,0.0,0.0,0.0,0.0,1.0,True,0.0,False,False,False,,False
DHNC0377,Dhanmondi,Educational,Educational,32.739518771825146,0.43811567004436713,3.3839478070976057,35.948435787191066,0.3058658187081055,LT-D1,2103.876926811757,2103.876926811757,0.0,0.0,0,0,0.0,0.0,0,,0.0,0,9.930490233753652,9.930490233753652,9.2,19040.086187646404,19040.086187646404,0.0,9.05,30,1.0,2103.876926811757,2103.876926811757,20571.690497028725,20571.690497028725,0.0,19040.086187646404,19040.086187646404,9.777991400002346,9.777991400002346,flat,flat,0.0,0.0,0.0,0.0,0.0,0.0,0.0,1.0,True,0.0,False,False,False,,False
DHNC0378,Dhanmondi,Educational,Educational,32.739518771825146,0.4816491029794667,5.158419025566614,42.53273055423192,0.276893781959671,LT-D1,2786.2359027217335,2786.2359027217335,0.0,0.0,0,0,0.0,0.0,0,,0.0,0,11.696037480027535,11.696037480027535,14.399999999999999,25215.434919631705,25215.434919631705,0.0,9.05,30,1.0,2786.2359027217335,2786.2359027217335,27383.406665613275,27383.406665613275,0.0,25215.43491963169,25215.43491963169,9.828100570688866,9.828100570688866,flat,flat,0.0,0.0,0.0,0.0,0.0,0.0,0.0,1.0,True,0.0,False,False,False,,False
DHNC0379,Dhanmondi,Educational,Educational,32.739518771825146,0.4381471069849552,3.1579990253677863,33.18754801360217,0.3358005869065283,LT-D1,1669.6811061887217,1669.6811061887217,0.0,0.0,0,0,0.0,0.0,0,,0.0,0,5.703121173397317,5.703121173397317,9.0,15110.614011007934,15110.614011007934,0.0,9.05,30,1.0,1669.6811061887217,1669.6811061887217,16433.14471155833,16433.14471155833,0.0,15110.614011007932,15110.614011007932,9.842085803479717,9.842085803479717,flat,flat,0.0,0.0,0.0,0.0,0.0,0.0,0.0,1.0,True,0.0,False,False,False,,False
DHNC0380,Dhanmondi,Educational,Educational,32.739518771825146,0.33115418513199735,4.810497182721823,41.44513323841348,0.18957900798980465,LT-D1,6689.94462675858,6689.94462675858,0.0,0.0,0,0,0.0,0.0,0,,0.0,0,23.394954682006677,23.394954682006677,21.0,60543.99887216517,60543.99887216517,0.0,9.05,30,1.0,6689.94462675858,6689.94462675858,64894.19881577341,64894.19881577341,0.0,60543.99887216515,60543.99887216515,9.700259484392179,9.700259484392179,flat,flat,0.0,0.0,0.0,0.0,0.0,0.0,0.0,1.0,True,0.0,False,False,False,,False
DHNC0381,Dhanmondi,Government,Government,40.10834784300581,0.21450600222503097,5.651652236831009,47.03397045234639,0.1799333365366406,LT-E,2771.988814367883,2771.988814367883,0.0,0.0,0,0,0.0,0.0,0,,0.0,0,14.638804442456838,14.638804442456838,14.9,41315.91580229897,41315.91580229897,0.0,15.36,30,1.0,2771.988814367883,2771.988814367883,46114.685598125216,46114.685598125216,0.0,42577.74818869068,42577.74818869068,16.635956595171574,16.635956595171574,flat,flat,0.0,0.0,0.0,0.0,0.0,0.0,0.0,1.0,True,0.0,False,False,False,,False
DHNC0382,Dhanmondi,Government,Government,40.10834784300581,0.23231166362550154,4.578121974598633,41.7771067231075,0.16064296344947016,LT-E,4194.159562054971,4194.159562054971,0.0,0.0,0,0,0.0,0.0,0,,0.0,0,13.674971257670553,13.674971257670553,15.2,61356.91262499324,61356.91262499324,0.0,15.36,30,1.0,4194.159562054971,4194.159562054971,69079.80541682255,69079.80541682255,0.0,64422.29087316435,64422.29087316435,16.470476240769486,16.470476240769486,flat,flat,0.0,0.0,0.0,0.0,0.0,0.0,0.0,1.0,True,0.0,False,False,False,,False
DHNC0383,Dhanmondi,Government,Government,40.10834784300581,0.2608962333024273,5.049328655751301,46.71068699085297,0.23867463371769498,LT-E,4730.693519114761,4730.693519114761,0.0,0.0,0,0,0.0,0.0,0,,0.0,0,17.116547947271194,17.116547947271194,15.2,69628.91792316237,69628.91792316237,0.0,15.36,30,1.0,4730.693519114761,4730.693519114761,77733.02507628287,77733.02507628287,0.0,72663.45245360273,72663.45245360273,16.431634127680457,16.431634127680457,flat,flat,0.0,0.0,0.0,0.0,0.0,0.0,0.0,1.0,True,0.0,False,False,False,,False
DHNC0384,Dhanmondi,Government,Government,40.10834784300581,0.28512303230894437,4.083540727475435,53.5793575301884,0.28458148583902204,LT-E,3456.002911684309,3456.002911684309,0.0,0.0,0,0,0.0,0.0,0,,0.0,0,10.168609401004325,10.168609401004325,10.7,50615.12532497298,50615.12532497298,0.0,15.36,30,1.0,3456.002911684309,3456.002911684309,56749.56495964453,56749.56495964453,0.0,53084.20472347098,53084.20472347098,16.420577878502773,16.420577878502773,flat,flat,0.0,0.0,0.0,0.0,0.0,0.0,0.0,1.0,True,0.0,False,False,False,,False
DHNC0385,Dhanmondi,Government,Government,40.10834784300581,0.42417851733137607,4.567059112705617,48.492504691236604,0.17787203267985435,LT-E,3732.092967129338,3732.092967129338,0.0,0.0,0,0,0.0,0.0,0,,0.0,0,12.843783979531125,12.843783979531125,12.8,54801.5858492495,54801.5858492495,0.0,15.36,30,1.0,3732.092967129338,3732.092967129338,61400.79537386196,61400.79537386196,0.0,57324.94797510663,57324.94797510663,16.45210768184331,16.45210768184331,flat,flat,0.0,0.0,0.0,0.0,0.0,0.0,0.0,1.0,True,0.0,False,False,False,,False
DHNC0386,Dhanmondi,Government,Government,40.10834784300581,0.4429461785539398,5.176557922685045,40.54779580674895,0.2024741235901543,LT-E,5013.957003097361,5013.957003097361,0.0,0.0,0,0,0.0,0.0,0,,0.0,0,18.149343254650304,18.149343254650304,19.699999999999996,72305.02586775293,72305.02586775293,0.0,15.36,30,1.0,5013.957003097361,5013.957003097361,82726.74854595424,82726.74854595424,0.0,77014.37956757547,77014.37956757547,16.499293570896196,16.499293570896196,flat,flat,0.0,0.0,0.0,0.0,0.0,0.0,0.0,1.0,True,0.0,False,False,False,,False
DHNC0387,Dhanmondi,Government,Government,40.10834784300581,0.31110659417398084,5.243476615266453,46.30805845970432,0.16962637426140878,LT-E,1402.4940234925111,1402.4940234925111,0.0,0.0,0,0,0.0,0.0,0,,0.0,0,3.89759917056872,3.89759917056872,5.0,21038.986313340098,21038.986313340098,0.0,15.36,30,1.0,1402.4940234925111,1402.4940234925111,23091.92361088722,23091.92361088722,0.0,21542.30820084497,21542.30820084497,16.464899831361404,16.464899831361404,flat,flat,0.0,0.0,0.0,0.0,0.0,0.0,0.0,1.0,True,0.0,False,False,False,,False
DHNC0388,Dhanmondi,Government,Government,40.10834784300581,0.2737511603071893,4.5692528235920316,54.32865152751748,0.15329904937543964,LT-E,2990.7014155456927,2990.7014155456927,0.0,0.0,0,0,0.0,0.0,0,,0.0,0,12.938462554355365,12.938462554355365,13.8,44506.548306800774,44506.548306800774,0.0,15.36,30,1.0,2990.7014155456927,2990.7014155456927,49538.13242992093,49538.13242992093,0.0,45937.17374278184,45937.17374278184,16.56405155406731,16.56405155406731,flat,flat,0.0,0.0,0.0,0.0,0.0,0.0,0.0,1.0,True,0.0,False,False,False,,False
DHNC0389,Dhanmondi,Government,Government,40.10834784300581,0.22052371203161392,6.123279084965549,45.381028203834916,0.2192831868283564,LT-E,4849.479917936167,4849.479917936167,0.0,0.0,0,0,0.0,0.0,0,,0.0,0,19.904549101188042,19.904549101188042,16.4,70762.56072902579,70762.56072902579,0.0,15.36,30,1.0,4849.479917936167,4849.479917936167,79762.2121164745,79762.2121164745,0.0,74488.01153949952,74488.01153949952,16.447580661478348,16.447580661478348,flat,flat,0.0,0.0,0.0,0.0,0.0,0.0,0.0,1.0,True,0.0,False,False,False,,False
DHNC0390,Dhanmondi,Government,Government,40.10834784300581,0.38352130254084926,4.364334182347049,38.655692287951254,0.26676512853047185,LT-E,5941.784003919296,5941.784003919296,0.0,0.0,0,0,0.0,0.0,0,,0.0,0,18.883764147600143,18.883764147600143,19.7,87715.18443315054,87715.18443315054,0.0,15.36,30,1.0,5941.784003919296,5941.784003919296,97690.7424152104,97690.7424152104,0.0,91265.80230020039,91265.80230020039,16.441314990711884,16.441314990711884,flat,flat,0.0,0.0,0.0,0.0,0.0,0.0,0.0,1.0,True,0.0,False,False,False,,False
DHNC0391,Dhanmondi,Government,Government,40.10834784300581,0.3141137985170737,4.936280945274297,48.00265519147711,0.2247929815966807,LT-E,6558.624063726129,6558.624063726129,0.0,0.0,0,0,0.0,0.0,0,,0.0,0,22.81994789455659,22.81994789455659,19.7,96822.85950861344,96822.85950861344,0.0,15.36,30,1.0,6558.624063726129,6558.624063726129,107639.138899775,107639.138899775,0.0,100740.46561883333,100740.46561883333,16.411847645773182,16.411847645773182,flat,flat,0.0,0.0,0.0,0.0,0.0,0.0,0.0,1.0,True,0.0,False,False,False,,False
DHNC0392,Dhanmondi,Government,Government,40.10834784300581,0.3034097215677384,5.556333505804884,37.43465532315043,0.16482253526554197,LT-E,5771.503566372906,5771.503566372906,0.0,0.0,0,0,0.0,0.0,0,,0.0,0,18.968065198698234,18.968065198698234,17.4,85801.2427981819,85801.2427981819,0.0,15.36,30,1.0,5771.503566372906,5771.503566372906,94727.10951846222,94727.10951846222,0.0,88650.29477948783,88650.29477948783,16.41289976330957,16.41289976330957,flat,flat,0.0,0.0,0.0,0.0,0.0,0.0,0.0,1.0,True,0.0,False,False,False,,False
DHNC0393,Dhanmondi,Government,Government,40.10834784300581,0.18159718084455764,3.54293397007197,50.43057107565218,0.2284846978308394,LT-E,3647.552886460389,3647.552886460389,0.0,0.0,0,0,0.0,0.0,0,,0.0,0,10.52104042835738,10.52104042835738,10.7,53744.0957220855,53744.0957220855,0.0,15.36,30,1.0,3647.552886460389,3647.552886460389,59838.88295283315,59838.88295283315,0.0,56026.41233603157,56026.41233603157,16.40521325268603,16.40521325268603,flat,flat,0.0,0.0,0.0,0.0,0.0,0.0,0.0,1.0,True,0.0,False,False,False,,False
DHNC0394,Dhanmondi,Government,Government,40.10834784300581,0.35628264985294444,4.496219998021219,65.92749288804146,0.14926816193134843,LT-E,1993.519026030114,1993.519026030114,0.0,0.0,0,0,0.0,0.0,0,,0.0,0,7.834373360124957,7.834373360124957,9.9,28875.39207981945,28875.39207981945,0.0,15.36,30,1.0,1993.519026030114,1993.519026030114,33087.02485181368,33087.02485181368,0.0,30620.45223982255,30620.45223982255,16.597295746759464,16.597295746759464,flat,flat,0.0,0.0,0.0,0.0,0.0,0.0,0.0,1.0,True,0.0,False,False,False,,False
DHNC0395,Dhanmondi,Government,Government,40.10834784300581,0.35836353371193885,4.9475882081239275,48.75543700333948,0.20028808663630257,LT-E,3421.673257501811,3421.673257501811,0.0,0.0,0,0,0.0,0.0,0,,0.0,0,12.47458441809272,12.47458441809272,15.3,49782.79300763385,49782.79300763385,0.0,15.36,30,1.0,3421.673257501811,3421.673257501811,56630.596296989206,56630.596296989206,0.0,52556.901235227815,52556.901235227815,16.550556419386353,16.550556419386353,flat,flat,0.0,0.0,0.0,0.0,0.0,0.0,0.0,1.0,True,0.0,False,False,False,,False
DHNC0396,Dhanmondi,Government,Government,40.10834784300581,0.20598818935870067,5.136662048119668,41.947682310780834,0.15487645273890532,LT-E,5298.224887221339,5298.224887221339,0.0,0.0,0,0,0.0,0.0,0,,0.0,0,20.674075309702765,20.674075309702765,18.799999999999997,78374.22099913209,78374.22099913209,0.0,15.36,30,1.0,5298.224887221339,5298.224887221339,87226.37098110575,87226.37098110575,0.0,81380.73426771976,81380.73426771976,16.463319854822497,16.463319854822497,flat,flat,0.0,0.0,0.0,0.0,0.0,0.0,0.0,1.0,True,0.0,False,False,False,,False
DHNC0397,Dhanmondi,Government,Government,40.10834784300581,0.255892363485157,4.04753070826415,39.192437476425134,0.2220476088950185,LT-E,1555.65682572885,1555.65682572885,0.0,0.0,0,0,0.0,0.0,0,,0.0,0,5.119509490769415,5.119509490769415,5.8999999999999995,23119.14243846683,23119.14243846683,0.0,15.36,30,1.0,1555.65682572885,1555.65682572885,25647.18328535489,25647.18328535489,0.0,23894.888843195135,23894.888843195135,16.48640166724353,16.48640166724353,flat,flat,0.0,0.0,0.0,0.0,0.0,0.0,0.0,1.0,True,0.0,False,False,False,,False
DHNC0398,Dhanmondi,Government,Government,40.10834784300581,0.36155389717129827,3.634177264595016,32.999050497904534,0.20564667221077634,LT-E,4047.264311228186,4047.264311228186,0.0,0.0,0,0,0.0,0.0,0,,0.0,0,18.435443171704957,18.435443171704957,16.2,58592.831703664546,58592.831703664546,0.0,15.36,30,1.0,4047.264311228186,4047.264311228186,66805.1788114882,66805.1788114882,0.0,62165.97982046494,62165.97982046494,16.506255503539236,16.506255503539236,flat,flat,0.0,0.0,0.0,0.0,0.0,0.0,0.0,1.0,True,0.0,False,False,False,,False
DHNC0399,Dhanmondi,Government,Government,40.10834784300581,0.2888627765561266,5.881696546095652,40.86776083978893,0.19804290851475675,LT-E,3631.482811234373,3631.482811234373,0.0,0.0,0,0,0.0,0.0,0,,0.0,0,10.937568201404526,10.937568201404526,11.9,53467.7086122383,53467.7086122383,0.0,15.36,30,1.0,3631.482811234373,3631.482811234373,59693.104779587964,59693.104779587964,0.0,55779.57598055997,55779.57598055997,16.43766689323741,16.43766689323741,flat,flat,0.0,0.0,0.0,0.0,0.0,0.0,0.0,1.0,True,0.0,False,False,False,,False
DHNC0400,Dhanmondi,Government,Government,40.10834784300581,0.3457403325530782,4.969014278788857,38.9736920735138,0.1392693656832132,LT-E,3973.131432307371,3973.131432307371,0.0,0.0,0,0,0.0,0.0,0,,0.0,0,17.748545251248505,17.748545251248505,17.4,58010.74012064277,58010.74012064277,0.0,15.36,30,1.0,3973.131432307371,3973.131432307371,65722.96374025328,65722.96374025328,0.0,61027.29880024122,61027.29880024122,16.54185492224834,16.54185492224834,flat,flat,0.0,0.0,0.0,0.0,0.0,0.0,0.0,1.0,True,0.0,False,False,False,,False
KLNC0001,Kalyanpur,Residential,Res-A,795.3408386808318,0.600582756415974,2.0809388366858643,21.19130373823998,0.3836459432442986,LT-A,194.06846911678335,172.3130704154382,0.0,21.755398701345197,0,780,461.0252618267177,0.0,30,upper-middle,167586.8164301546,6,0.731272626339894,0.7033209060776785,2.9251000000000005,1649.581987492659,1464.6610985312248,0.0,8.5,30,1.0,194.06846911678335,172.3130704154382,1678.3579968672911,1484.191063457786,0.0,1475.5819874926583,1290.6610985312248,8.648277613079518,8.61334000885409,76-200,76-200,194.1669334095052,11.568862767772071,184.92088896143423,21.755398701345143,11.210166597570023,0.027951720262215485,3.8223392009238952,0.8878983340242995,True,-266.85832841721253,False,False,False,0.42116332766703213,True
KLNC0002,Kalyanpur,Residential,Res-B,795.3408386808318,0.392048891739897,1.859888519419387,16.4094765491582,0.4399819126522117,LT-A,147.00148496907693,126.23402549308209,0.0,20.76745947599487,0,870,340.78313925693095,0.0,30,middle,57637.972393621305,5,0.7586383038988945,0.706328620726017,2.1401000000000003,1249.512622237154,1072.9892166911975,0.0,8.5,30,1.0,147.00148496907693,126.23402549308209,1223.6666633490115,1038.3170875257576,0.0,1075.512622237154,898.9892166911977,8.324178926535474,8.22533452030855,76-200,76-200,185.34957582325387,15.147064259802335,176.5234055459564,20.76745947599484,14.127380740652697,0.05230968317287754,6.895207229063004,0.8587261925934728,True,-155.43356343367708,False,False,False,0.5438930348121211,True
KLNC0003,Kalyanpur,Residential,Res-B,795.3408386808318,0.31253359247106965,1.732791702648039,17.931590157456885,0.37962710625590257,LT-A,147.3833782378852,147.3833782378852,0.0,0.0,0,0,0.0,0.0,0,middle,46376.03718881258,4,0.8450251098223547,0.8450251098223547,3.3451999999999997,1252.7587150220243,1252.7587150220243,0.0,8.5,30,1.0,147.3833782378852,147.3833782378852,1280.2199707731254,1280.2199707731254,0.0,1078.7587150220243,1078.7587150220243,8.686325324330516,8.686325324330516,76-200,76-200,0.0,0.0,0.0,0.0,0.0,0.0,0.0,1.0,True,0.0,False,False,False,,False
KLNC0004,Kalyanpur,Residential,Res-B,795.3408386808318,0.3488239342497505,1.7695884254185854,19.235740794383148,0.3090469178977664,LT-A,218.2714637512353,218.2714637512353,0.0,0.0,0,0,0.0,0.0,0,middle,38813.17651432089,4,0.9288235027459004,0.9288235027459004,3.0303999999999998,1986.2703201362413,1986.2703201362413,0.0,9.1,30,1.0,218.2714637512353,218.2714637512353,1910.5244761430533,1910.5244761430533,0.0,1692.2703201362413,1692.2703201362413,8.752974132800448,8.752974132800448,201-300,201-300,0.0,0.0,0.0,0.0,0.0,0.0,0.0,1.0,True,0.0,False,False,False,,False
KLNC0005,Kalyanpur,Residential,Res-B,795.3408386808318,0.2303365000807064,1.1832281241129703,24.81357689150563,0.4142116007907988,LT-A,158.80991321724065,158.80991321724065,0.0,0.0,0,0,0.0,0.0,0,middle,51469.20792514579,4,1.1944969795852936,1.1944969795852936,1.9504,1349.8842623465455,1349.8842623465455,0.0,8.5,30,1.0,158.80991321724065,158.80991321724065,1320.6911154638726,1320.6911154638726,0.0,1175.8842623465455,1175.8842623465455,8.316175537841024,8.316175537841024,76-200,76-200,0.0,0.0,0.0,0.0,0.0,0.0,0.0,1.0,True,0.0,False,False,False,,False
KLNC0006,Kalyanpur,Residential,Res-C,795.3408386808318,0.21340384414805877,2.919496639625219,29.764767719181382,0.31453070014096296,LT-A,157.04912212149483,157.04912212149483,0.0,0.0,0,0,0.0,0.0,0,lower-middle,13415.181293881897,3,0.8323639610851843,0.8323639610851843,1.8195000000000001,1334.9175380327054,1334.9175380327054,0.0,8.5,30,1.0,157.04912212149483,157.04912212149483,1299.2033649343414,1299.2033649343414,0.0,1160.917538032706,1160.917538032706,8.272592341708629,8.272592341708629,76-200,76-200,0.0,0.0,0.0,0.0,0.0,0.0,0.0,1.0,True,0.0,False,False,False,,False
KLNC0007,Kalyanpur,Residential,Res-B,795.3408386808318,0.3711474664541121,1.277428534199561,24.192425018101538,0.41834025064705954,LT-A,308.33323298059753,308.33323298059753,0.0,0.0,0,0,0.0,0.0,0,middle,55525.96153290447,4,1.5442357928271422,1.5442357928271422,3.4651,2966.1657012733485,2966.1657012733485,0.0,9.62,30,1.0,308.33323298059753,308.33323298059753,2794.7848963370157,2794.7848963370157,0.0,2516.165701273348,2516.165701273348,9.064170181463647,9.064170181463647,301-400,301-400,0.0,0.0,0.0,0.0,0.0,0.0,0.0,1.0,True,0.0,False,False,False,,False
KLNC0008,Kalyanpur,Residential,Res-B,795.3408386808318,0.32920401833424145,1.614212049409864,27.314569880187896,0.5285618007783728,LT-A,89.40493815747836,89.40493815747836,0.0,0.0,0,0,0.0,0.0,0,middle,29834.869520907792,4,0.6446147172505707,0.6446147172505707,1.8551000000000002,759.9419743385658,759.9419743385658,0.0,8.5,30,1.0,89.40493815747836,89.40493815747836,697.0489830554944,697.0489830554944,0.0,585.9419743385661,585.9419743385661,7.796537835837529,7.796537835837529,76-200,76-200,0.0,0.0,0.0,0.0,0.0,0.0,0.0,1.0,True,0.0,False,False,False,,False
KLNC0009,Kalyanpur,Residential,Res-C,795.3408386808318,0.15073666989710616,3.778105991197679,32.691610826821176,0.2741819268216439,LT-A,51.842367924303254,51.842367924303254,0.0,0.0,0,0,0.0,0.0,0,lower-middle,13051.301877711123,3,0.47591987924698276,0.47591987924698276,1.2055,320.3858337721942,320.3858337721942,0.0,6.18,30,1.0,51.842367924303254,51.842367924303254,389.5676754608038,389.5676754608038,0.0,320.3858337721941,320.3858337721941,7.514465312032513,7.514465312032513,1-75,1-75,0.0,0.0,0.0,0.0,0.0,0.0,0.0,1.0,True,0.0,False,False,False,,False
KLNC0010,Kalyanpur,Residential,Res-B,795.3408386808318,0.3821574190574076,1.4966452488186885,13.59067619644184,0.41184887252484165,LT-A,175.9200852730623,153.7667878318,0.0,22.15329744126233,0,1020,301.07829220765984,0.0,30,middle,47437.31026745803,5,0.9793652321284972,0.9392243518686707,2.6802,1495.3207248210294,1307.0176965703,0.0,8.5,30,1.0,175.9200852730623,153.7667878318,1505.5835810620813,1307.865401398815,0.0,1321.3207248210297,1133.0176965703,8.558338172273631,8.505512925388299,76-200,76-200,197.71817966326626,13.132328364247321,188.30302825072954,22.15329744126231,12.59281872611423,0.04014088025982654,4.098662985267162,0.8740718127388576,True,-103.36011254439359,False,False,False,0.6567002164569739,True
KLNC0011,Kalyanpur,Residential,Res-C,795.3408386808318,0.20951903377750813,3.493843195435373,32.80544666038003,0.29694070432106623,LT-A,93.65850189384331,93.65850189384331,0.0,0.0,0,0,0.0,0.0,0,lower-middle,19709.98748449153,3,0.826642099368265,0.826642099368265,1.1155000000000002,796.0972660976678,796.0972660976678,0.0,8.5,30,1.0,93.65850189384331,93.65850189384331,702.3956794025515,702.3956794025515,0.0,622.0972660976681,622.0972660976681,7.499539979816012,7.499539979816012,76-200,76-200,0.0,0.0,0.0,0.0,0.0,0.0,0.0,1.0,True,0.0,False,False,False,,False
KLNC0012,Kalyanpur,Residential,Res-B,795.3408386808318,0.4036850190399678,1.5518451735964476,24.444940820505106,0.3937807169986934,LT-A,181.54710115999396,181.54710115999396,0.0,0.0,0,0,0.0,0.0,0,middle,51976.77548011011,4,1.2165557704070715,1.2165557704070715,3.4603,1543.1503598599497,1543.1503598599497,0.0,8.5,30,1.0,181.54710115999396,181.54710115999396,1590.207107852946,1590.207107852946,0.0,1369.1503598599486,1369.1503598599486,8.75919856440741,8.75919856440741,76-200,76-200,0.0,0.0,0.0,0.0,0.0,0.0,0.0,1.0,True,0.0,False,False,False,,False
KLNC0013,Kalyanpur,Residential,Res-B,795.3408386808318,0.4255166560663444,1.6082007986045987,20.83956236059255,0.41371433983194356,LT-A,223.19365894402856,209.83128787872647,0.0,13.362371065302106,0,338,278.4659651007408,0.0,12,middle,58601.35172425176,5,0.9644685370473545,0.9644685370473545,2.9702,2031.0622963906596,1909.4647196964106,0.0,9.1,30,1.0,223.19365894402856,209.83128787872647,1954.9012312101927,1827.2237756812312,0.0,1737.0622963906599,1615.4647196964108,8.758766895346401,8.70806157724814,201-300,201-300,127.67745552896145,6.531146100405389,121.59757669424903,13.362371065302085,5.986895473877705,0.0,0.0,0.9401310452612228,True,-150.78850957177934,False,False,False,0.4585029106977993,True
KLNC0014,Kalyanpur,Residential,Res-C,795.3408386808318,0.14746752506643143,3.465057032154486,30.48384853630084,0.3127428996078858,LT-A,72.94498600864941,72.94498600864941,0.0,0.0,0,0,0.0,0.0,0,lower-middle,15853.082842197064,3,0.8967806247641592,0.8967806247641592,1.4655000000000002,450.80001353345335,450.80001353345335,0.0,6.18,30,1.0,72.94498600864941,72.94498600864941,537.9685642101259,537.9685642101259,0.0,450.8000135334533,450.8000135334533,7.374990299488667,7.374990299488667,1-75,1-75,0.0,0.0,0.0,0.0,0.0,0.0,0.0,1.0,True,0.0,False,False,False,,False
KLNC0015,Kalyanpur,Residential,Res-B,795.3408386808318,0.32939105487226666,0.889466566543538,24.570258704592014,0.30690308519488163,LT-A,287.4463324779864,287.4463324779864,0.0,0.0,0,0,0.0,0.0,0,middle,35169.24225746089,4,1.292244833944055,1.292244833944055,3.4053999999999998,2615.761625549676,2615.761625549676,0.0,9.1,30,1.0,287.4463324779864,287.4463324779864,2588.02784682716,2588.02784682716,0.0,2321.761625549676,2321.761625549676,9.003516672196051,9.003516672196051,201-300,201-300,0.0,0.0,0.0,0.0,0.0,0.0,0.0,1.0,True,0.0,False,False,False,,False
KLNC0016,Kalyanpur,Residential,Res-A,795.3408386808318,0.520864224473589,2.231647099081475,21.85181458523158,0.39213598298015845,LT-A,385.015929297915,327.26353990322787,0.0,57.75238939468728,0,680,1261.9945049068008,0.0,30,upper-middle,102433.19711162837,5,1.371121771723235,1.318660379343313,3.8557000000000006,3703.853239845942,3148.275253869051,0.0,9.62,30,1.0,385.015929297915,327.26353990322787,3586.5822718382396,3003.225386562505,0.0,3253.8532398459424,2698.275253869052,9.315412685336035,9.1767796298071,301-400,301-400,583.3568852757348,16.264979890639605,555.5779859768909,57.75238939468716,14.999999999999977,0.05246139237992198,3.826165805389273,0.85,True,-678.637619631066,False,False,False,0.4622499408734083,True
KLNC0017,Kalyanpur,Residential,Res-A,795.3408386808318,0.6347834657658254,2.566842441083259,18.724920891875,0.4424893859693185,LT-A,419.6739374129215,356.72284680098306,0.0,62.95109061193821,0,658,1178.754191765798,0.0,30,upper-middle,117717.58123190212,6,2.221130256296523,2.221130256296523,4.4561,6299.30580056795,5354.409930482758,0.0,15.01,30,1.0,419.6739374129215,356.72284680098306,4074.4851005963487,3327.2714855367294,0.0,3693.3058005679513,2981.6737862254568,9.708692242633646,9.327329368934494,401-600,301-400,747.2136150596193,18.33884764851038,944.8958700851927,62.95109061193841,15.000000000000046,0.0,0.0,0.8500000000000001,True,-431.5405767061786,False,True,False,0.6339011307694932,True
KLNC0018,Kalyanpur,Residential,Res-C,795.3408386808318,0.17096124064546941,2.059943784010889,36.433514286261385,0.4234869944164563,LT-A,130.33681937508302,130.33681937508302,0.0,0.0,0,0,0.0,0.0,0,lower-middle,23809.4518307932,3,0.6687005540961437,0.6687005540961437,1.8794,1107.862964688206,1107.862964688206,0.0,8.5,30,1.0,130.33681937508302,130.33681937508302,1063.437652922616,1063.437652922616,0.0,933.8629646882057,933.8629646882057,8.159149947201469,8.159149947201469,76-200,76-200,0.0,0.0,0.0,0.0,0.0,0.0,0.0,1.0,True,0.0,False,False,False,,False
KLNC0019,Kalyanpur,Residential,Res-B,795.3408386808318,0.32440036463950483,2.1641998342855757,15.84816320585779,0.44543034363704603,LT-A,165.53529670858504,155.57328691288484,0.0,9.962009795700148,0,495,157.87955710060996,0.0,15,middle,55430.70758599974,4,0.7653926901209732,0.7653926901209732,3.3505,1407.0500220229726,1322.3729387595213,0.0,8.5,30,1.0,165.53529670858504,155.57328691288484,1442.4595731241216,1353.5486356974973,0.0,1233.0500220229728,1148.3729387595213,8.713909370419561,8.70039235241866,76-200,76-200,88.91093742662429,6.163842584098101,84.67708326345132,9.962009795700197,6.018057776063142,0.0,0.0,0.9398194222393689,True,-68.96861967398567,False,False,False,0.5631567446693881,True
KLNC0020,Kalyanpur,Residential,Res-A,795.3408386808318,0.5058681940370112,1.8335127923765298,22.7347888732094,0.35435001660351423,LT-A,424.775646102099,361.05929918678424,0.0,63.716346915314844,0,526,1448.5776948918503,0.0,30,upper-middle,149984.3332024566,5,2.656946317760034,2.44208257604755,5.095,6375.882447992504,5419.500080793631,0.0,15.01,30,1.0,424.775646102099,361.05929918678424,4183.066070392131,3399.2494810857074,0.0,3769.882447992506,3023.3904581768643,9.847706921942248,9.414657062543064,401-600,301-400,783.8165893064238,18.7378486525542,956.382367198873,63.71634691531477,14.99999999999998,0.21486374171248368,8.086868006186394,0.8500000000000001,True,-664.7611055854265,False,False,False,0.5410939241094299,True
KLNC0021,Kalyanpur,Residential,Res-C,795.3408386808318,0.1796208954088581,4.155415100215868,31.959009363203855,0.3072714833669354,LT-A,22.517097936160862,22.517097936160862,0.0,0.0,0,0,0.0,0.0,0,lower-middle,19403.633100705265,5,0.6075833218783241,0.6075833218783241,1.0747,119.79096102037579,119.79096102037579,0.0,5.32,30,1.0,22.517097936160862,22.517097936160862,173.1747790713946,173.1747790713946,0.0,119.79096102037579,119.79096102037579,7.690812535539413,7.690812535539413,lifeline 0-50,lifeline 0-50,0.0,0.0,0.0,0.0,0.0,0.0,0.0,1.0,True,0.0,False,False,False,,False
KLNC0022,Kalyanpur,Residential,Res-A,795.3408386808318,0.5449767250065608,2.465489933810007,16.83157259508086,0.40815519603200934,LT-A,495.4606379628792,421.1415422684473,0.0,74.31909569443188,0,547,1250.9072543815919,0.0,30,upper-middle,113012.50462837957,5,2.697363150072563,2.5468206702259244,5.375800000000001,7436.864175822816,6321.334549449395,0.0,15.01,30,1.0,495.4606379628792,421.1415422684473,5309.480164613958,4138.174056921865,0.0,4830.864175822817,3715.334549449394,10.71625020797667,9.826088479972555,401-600,401-600,1171.306107692093,22.06065511833881,1115.5296263734208,74.3190956944319,15.000000000000002,0.1505424798466386,5.581097963861069,0.85,True,-79.60114668949882,False,True,False,0.9363652689592474,True
KLNC0023,Kalyanpur,Residential,Res-B,795.3408386808318,0.28333146299306267,1.5272318474735098,19.884069081357843,0.4631187847940537,LT-A,144.4710047399311,144.4710047399311,0.0,0.0,0,0,0.0,0.0,0,middle,39897.49151689027,4,0.7496791921377006,0.7496791921377006,2.3802,1228.0035402894143,1228.0035402894143,0.0,8.5,30,1.0,144.4710047399311,144.4710047399311,1211.6705373038849,1211.6705373038849,0.0,1054.003540289414,1054.003540289414,8.386946152171287,8.386946152171287,76-200,76-200,0.0,0.0,0.0,0.0,0.0,0.0,0.0,1.0,True,0.0,False,False,False,,False
KLNC0024,Kalyanpur,Residential,Res-B,795.3408386808318,0.5191440572926781,1.3695151704288657,22.161345587665387,0.36038538423186395,LT-A,188.10013921583683,159.8851183334612,0.0,28.215020882375505,0,842,625.2828285375192,0.0,30,middle,49313.59411585582,4,0.9773922177056812,0.9298264150139315,3.6755,1598.8511833346124,1359.0235058344208,0.0,8.5,30,1.0,188.10013921583683,159.8851183334612,1658.1832925013439,1406.3642311261412,0.0,1424.851183334613,1185.0235058344201,8.815428310760844,8.796092130306873,76-200,76-200,251.81906137520264,15.186443049690695,239.8276775001916,28.215020882375626,15.000000000000053,0.0475658026917497,4.866603378877427,0.8500000000000001,True,-373.46376716231657,False,False,False,0.4027282533316723,True
KLNC0025,Kalyanpur,Residential,Res-B,795.3408386808318,0.3532868149175582,1.6677398119803657,23.67345533359682,0.43947825431039883,LT-A,355.6283736337721,355.6283736337721,0.0,0.0,0,0,0.0,0.0,0,middle,42075.88740382971,4,1.5088144117309192,1.5088144117309192,3.0650000000000004,3421.144954356887,3421.144954356887,0.0,9.62,30,1.0,355.6283736337721,355.6283736337721,3254.8687020747325,3254.8687020747325,0.0,2971.144954356888,2971.144954356888,9.15244379636202,9.15244379636202,301-400,301-400,0.0,0.0,0.0,0.0,0.0,0.0,0.0,1.0,True,0.0,False,False,False,,False
KLNC0026,Kalyanpur,Residential,Res-B,795.3408386808318,0.2924049097337309,1.667937102912673,25.110809911064575,0.464294482372165,LT-A,170.3623938407903,170.3623938407903,0.0,0.0,0,0,0.0,0.0,0,middle,48440.06842838645,4,0.8745521096132798,0.8745521096132798,3.5254,1448.0803476467177,1448.0803476467177,0.0,8.5,30,1.0,170.3623938407903,170.3623938407903,1493.2545050290537,1493.2545050290537,0.0,1274.0803476467177,1274.0803476467177,8.765165077596603,8.765165077596603,76-200,76-200,0.0,0.0,0.0,0.0,0.0,0.0,0.0,1.0,True,0.0,False,False,False,,False
KLNC0027,Kalyanpur,Residential,Res-C,795.3408386808318,0.1991305890778492,2.9778415135983103,31.703589875801953,0.31933038236867384,LT-A,36.394329360224944,36.394329360224944,0.0,0.0,0,0,0.0,0.0,0,lower-middle,15963.003042255115,3,0.711406709276422,0.711406709276422,1.5247,193.6178321963967,193.6178321963967,0.0,5.32,30,1.0,36.394329360224944,36.394329360224944,270.53799380621655,270.53799380621655,0.0,193.6178321963967,193.6178321963967,7.433520511629079,7.433520511629079,lifeline 0-50,lifeline 0-50,0.0,0.0,0.0,0.0,0.0,0.0,0.0,1.0,True,0.0,False,False,False,,False
KLNC0028,Kalyanpur,Residential,Res-B,795.3408386808318,0.3529914409703355,1.5603096955010143,22.81881880766631,0.37208256074393364,LT-A,156.8862443835734,156.8862443835734,0.0,0.0,0,0,0.0,0.0,0,middle,36310.43206079908,4,0.9944296282796875,0.9944296282796875,2.7054,1333.5330772603731,1333.5330772603731,0.0,8.5,30,1.0,156.8862443835734,156.8862443835734,1336.8178711233925,1336.8178711233925,0.0,1159.5330772603738,1159.5330772603738,8.520937424284233,8.520937424284233,76-200,76-200,0.0,0.0,0.0,0.0,0.0,0.0,0.0,1.0,True,0.0,False,False,False,,False
KLNC0029,Kalyanpur,Residential,Res-C,795.3408386808318,0.2395666656731631,3.0188364301731414,29.94161215712026,0.37374322831677054,LT-A,161.4231949992065,161.4231949992065,0.0,0.0,0,0,0.0,0.0,0,lower-middle,24160.178340529506,5,1.1978466497649216,1.1978466497649216,2.5697,1372.097157493255,1372.097157493255,0.0,8.5,30,1.0,161.4231949992065,161.4231949992065,1371.325785367918,1371.325785367918,0.0,1198.097157493255,1198.097157493255,8.49522142945231,8.49522142945231,76-200,76-200,0.0,0.0,0.0,0.0,0.0,0.0,0.0,1.0,True,0.0,False,False,False,,False
KLNC0030,Kalyanpur,Residential,Res-B,795.3408386808318,0.3523472829534758,1.7656969624723562,18.469308048006667,0.3736769619831169,LT-A,227.950860415352,226.82743814673358,0.0,1.1234222686184114,0,22,20.748831947103934,0.0,1,middle,58941.842922671865,5,1.0908413259248695,1.0908413259248695,2.8254,2074.352829779703,2064.129687135275,0.0,9.1,30,1.0,227.950860415352,226.82743814673358,1993.9706112686883,1983.2363114920395,0.0,1780.3528297797031,1770.1296871352756,8.74737040972537,8.743370412750037,201-300,201-300,10.734299776648868,0.5383379131059027,10.223142644427753,1.1234222686184125,0.49283528325859854,0.0,0.0,0.995071647167414,True,-10.014532170455066,False,False,False,0.5173447741065315,True
KLNC0031,Kalyanpur,Residential,Res-B,795.3408386808318,0.3219102715511489,1.406572255258939,16.01266275342019,0.4257500895003859,LT-A,187.43414806820167,177.14730214794028,0.0,10.286845920261445,0,302,164.7197945175429,0.0,11,middle,38619.85076703158,4,1.0792978324710538,1.0792978324710538,2.815,1593.190258579714,1505.752068257492,0.0,8.5,30,1.0,187.43414806820167,177.14730214794028,1614.2912715087,1522.4811716703668,0.0,1419.1902585797143,1331.7520682574923,8.612578274271067,8.59443611734433,76-200,76-200,91.81009983833314,5.6873317386228806,87.438190322222,10.286845920261385,5.4882453524521635,0.0,0.0,0.9451175464754781,True,-72.90969467920976,False,False,False,0.5573713839750767,True
KLNC0032,Kalyanpur,Residential,Res-C,795.3408386808318,0.10369065390990995,2.876264260783613,31.97630214901201,0.2307241014133571,LT-A,66.98183477311001,66.98183477311001,0.0,0.0,0,0,0.0,0.0,0,lower-middle,18915.717810407474,3,0.9807076862057156,0.9807076862057156,1.9456,413.94773889781993,413.94773889781993,0.0,6.18,30,1.0,66.98183477311001,66.98183477311001,520.4460858427108,520.4460858427108,0.0,413.9477388978198,413.9477388978198,7.769958640363266,7.769958640363266,1-75,1-75,0.0,0.0,0.0,0.0,0.0,0.0,0.0,1.0,True,0.0,False,False,False,,False
KLNC0033,Kalyanpur,Residential,Res-B,795.3408386808318,0.40356690065112233,1.4213299637031604,23.693244766899557,0.4481203742184637,LT-A,204.34555372549886,204.34555372549886,0.0,0.0,0,0,0.0,0.0,0,middle,56833.65120711585,4,0.9667662754066545,0.9667662754066545,3.7053,1859.5445389020397,1859.5445389020397,0.0,9.1,30,1.0,204.34555372549886,204.34555372549886,1807.2254958471417,1807.2254958471417,0.0,1565.5445389020397,1565.5445389020397,8.84396779327443,8.84396779327443,201-300,201-300,0.0,0.0,0.0,0.0,0.0,0.0,0.0,1.0,True,0.0,False,False,False,,False
KLNC0034,Kalyanpur,Residential,Res-B,795.3408386808318,0.32192801084640915,1.113875315077433,24.295718783544665,0.31004052471065063,LT-A,176.85747166513067,176.85747166513067,0.0,0.0,0,0,0.0,0.0,0,middle,31488.43767673682,5,1.1256523430040584,1.1256523430040584,2.9,1503.2885091536107,1503.2885091536107,0.0,8.5,30,1.0,176.85747166513067,176.85747166513067,1523.6429346112911,1523.6429346112911,0.0,1329.2885091536107,1329.2885091536107,8.615089429165991,8.615089429165991,76-200,76-200,0.0,0.0,0.0,0.0,0.0,0.0,0.0,1.0,True,0.0,False,False,False,,False
KLNC0035,Kalyanpur,Residential,Res-B,795.3408386808318,0.3040733129698308,1.5989765801717628,19.756049846577888,0.3787045968811743,LT-A,260.3715433999295,260.3715433999295,0.0,0.0,0,0,0.0,0.0,0,middle,42679.177260143886,5,1.4370197138387333,1.4370197138387333,2.775,2369.3810449393586,2369.3810449393586,0.0,9.1,30,1.0,260.3715433999295,260.3715433999295,2301.5275971863266,2301.5275971863266,0.0,2075.3810449393586,2075.3810449393586,8.839397605179881,8.839397605179881,201-300,201-300,0.0,0.0,0.0,0.0,0.0,0.0,0.0,1.0,True,0.0,False,False,False,,False
KLNC0036,Kalyanpur,Residential,Res-C,795.3408386808318,0.19539040066585514,3.619558040782637,30.47905252985122,0.26027266592396675,LT-A,48.68053031797447,48.68053031797447,0.0,0.0,0,0,0.0,0.0,0,lower-middle,12023.68750671378,5,0.4806327419918769,0.4806327419918769,0.8956999999999999,258.98042129162434,258.98042129162434,0.0,5.32,30,1.0,48.68053031797447,48.68053031797447,311.42981235620545,311.42981235620545,0.0,258.9804212916242,258.9804212916242,6.397420289425549,6.397420289425549,lifeline 0-50,lifeline 0-50,0.0,0.0,0.0,0.0,0.0,0.0,0.0,1.0,True,0.0,False,False,False,,False
KLNC0037,Kalyanpur,Residential,Res-A,795.3408386808318,0.559232945737869,1.5951474409398703,18.75590587010299,0.38435298898197146,LT-A,498.969369837785,424.12396436211714,0.0,74.84540547566773,0,680,1403.7933799113152,0.0,30,upper-middle,171218.7172095058,6,2.7878931728785177,2.7652841737957456,5.454899999999999,7489.530241265151,6366.100705075379,0.0,15.01,30,1.0,498.969369837785,424.12396436211714,5368.267843328411,4188.666830329147,0.0,4883.530241265153,3760.1007050753783,10.758712193242715,9.876043756756133,401-600,401-600,1179.6010129992637,21.973587150001304,1123.429536189772,74.84540547566786,15.000000000000021,0.02260899908277203,0.8109707826224952,0.8500000000000001,True,-224.1923669120515,False,True,False,0.8402953239983117,True
KLNC0038,Kalyanpur,Residential,Res-B,795.3408386808318,0.25439017950751497,1.5374664328346785,19.557180910699085,0.3528916157546679,LT-A,146.48680932215314,146.48680932215314,0.0,0.0,0,0,0.0,0.0,0,middle,45984.08211888981,5,0.9203493343369314,0.9203493343369314,1.245,1245.1378792383018,1245.1378792383018,0.0,8.5,30,1.0,146.48680932215314,146.48680932215314,1179.5992732002167,1179.5992732002167,0.0,1071.1378792383016,1071.1378792383016,8.0525972178563,8.0525972178563,76-200,76-200,0.0,0.0,0.0,0.0,0.0,0.0,0.0,1.0,True,0.0,False,False,False,,False
KLNC0039,Kalyanpur,Residential,Res-A,795.3408386808318,0.45256220215246334,2.1672081547135975,17.876524147486094,0.4742689118458004,LT-A,345.65121415007525,293.803532027564,0.0,51.847682122511294,0,550,926.8563414542563,0.0,30,upper-middle,168141.34928702348,4,1.4740896395716563,1.4740896395716563,4.4359,3325.164680123724,2826.389978105165,0.0,9.62,30,1.0,345.65121415007525,293.803532027564,3214.54610412991,2694.215938523374,0.0,2875.164680123724,2379.6121414508325,9.299970526746694,9.170127805919666,301-400,201-300,520.330165606536,16.18673830616516,498.77470201855886,51.84768212251123,14.999999999999984,0.0,0.0,0.85,True,-406.5261758477203,False,False,False,0.5613924643274572,True
KLNC0040,Kalyanpur,Residential,Res-A,795.3408386808318,0.6393877585534664,2.0487404134513207,22.689455870940307,0.4110446627076573,LT-A,329.7420277218724,280.2807235635914,0.0,49.46130415828086,0,848,1122.2500780184698,0.0,30,upper-middle,165171.10207226788,5,1.3540848644358545,1.3540848644358545,3.566100000000001,3172.118306684411,2696.3005606817487,0.0,9.62,30,1.0,329.7420277218724,280.2807235635914,3015.489232018633,2526.647323650116,0.0,2722.1183066844123,2256.5545844286817,9.14499511285261,9.014702443769233,301-400,201-300,488.8419083685171,16.211031469718623,475.81774600266226,49.461304158280996,15.000000000000044,0.0,0.0,0.85,True,-633.4081696499527,False,False,False,0.43559088829082876,True
KLNC0041,Kalyanpur,Residential,Res-A,795.3408386808318,0.6625774712277507,1.7907421799791072,19.403387954960223,0.38089375414900073,LT-A,598.0766632169616,508.36516373441714,0.0,89.71149948254418,0,490,1740.7070284810188,0.0,30,upper-middle,140256.5812842087,6,3.492687034073403,3.492687034073403,6.170599999999999,8977.130714886593,7630.561107653602,0.0,15.01,30,1.0,598.0766632169616,508.36516373441714,6961.8107106309235,5547.912623036282,0.0,6371.1307148865935,5024.5611076536015,11.640331647759709,10.913243115011422,401-600,401-600,1413.8980875946418,20.30934402504755,1346.5696072329902,89.71149948254447,15.000000000000037,0.0,0.0,0.8500000000000001,True,-326.80894088637706,False,True,False,0.8122550575489098,True
KLNC0042,Kalyanpur,Residential,Res-B,795.3408386808318,0.3277432706825899,1.5078162837848745,18.042766626499347,0.40004995793571535,LT-A,141.7471169549564,141.7471169549564,0.0,0.0,0,0,0.0,0.0,0,middle,28690.343002382295,5,0.72990797741203,0.72990797741203,1.9203000000000001,1204.8504941171295,1204.8504941171295,0.0,8.5,30,1.0,141.7471169549564,141.7471169549564,1167.0782488229859,1167.0782488229859,0.0,1030.8504941171295,1030.8504941171295,8.233523713881626,8.233523713881626,76-200,76-200,0.0,0.0,0.0,0.0,0.0,0.0,0.0,1.0,True,0.0,False,False,False,,False
KLNC0043,Kalyanpur,Residential,Res-C,795.3408386808318,0.20481074205967115,3.2706898531150816,27.424694930941747,0.2920576381594991,LT-A,135.69884112477337,135.69884112477337,0.0,0.0,0,0,0.0,0.0,0,lower-middle,15648.748516563308,4,0.8173517821899122,0.8173517821899122,2.4156,1153.440149560574,1153.440149560574,0.0,8.5,30,1.0,135.69884112477337,135.69884112477337,1134.9401170386025,1134.9401170386025,0.0,979.4401495605737,979.4401495605737,8.363668456055859,8.363668456055859,76-200,76-200,0.0,0.0,0.0,0.0,0.0,0.0,0.0,1.0,True,0.0,False,False,False,,False
KLNC0044,Kalyanpur,Residential,Res-B,795.3408386808318,0.3777414740373137,1.4828404051747412,21.39679749098817,0.42031081019087385,LT-A,166.20379424258113,166.20379424258113,0.0,0.0,0,0,0.0,0.0,0,middle,41392.868168416375,5,1.2383183150434895,1.2383183150434895,3.3901,1412.7322510619388,1412.7322510619388,0.0,8.5,30,1.0,166.20379424258113,166.20379424258113,1450.1722736150366,1450.1722736150366,0.0,1238.7322510619397,1238.7322510619397,8.725265751144356,8.725265751144356,76-200,76-200,0.0,0.0,0.0,0.0,0.0,0.0,0.0,1.0,True,0.0,False,False,False,,False
KLNC0045,Kalyanpur,Residential,Res-A,795.3408386808318,0.5844538642712598,1.7232522710693503,20.461367683902434,0.44721385567296573,LT-A,658.176394340554,559.4499351894711,0.0,98.72645915108315,0,575,2020.0783808200856,0.0,30,upper-middle,154884.96552883065,5,3.6849676186991096,3.6849676186991096,6.1956999999999995,11419.360441808616,9706.456375537322,0.0,17.35,30,1.0,658.176394340554,559.4499351894711,8053.058833899043,6354.141073553659,0.0,7409.360441808612,5791.343527193962,12.235411210649138,11.357836821272803,601-above,401-600,1698.9177603453836,21.096552196959674,1712.9040662712941,98.72645915108285,14.999999999999963,0.0,0.0,0.8499999999999999,True,-321.160620474702,False,True,False,0.8410157627921738,True
KLNC0046,Kalyanpur,Residential,Res-A,795.3408386808318,0.5638260319744488,2.190236915216195,22.593464229277373,0.3898002184016976,LT-A,459.1114672711171,390.2447471804495,0.0,68.86672009066756,0,472,1555.9377769561547,0.0,30,upper-middle,149170.89401049737,5,2.774207545376214,2.774207545376214,4.6836,6891.263123739467,5857.573655178547,0.0,15.01,30,1.0,459.1114672711171,390.2447471804495,4706.07303992644,3675.9089512697205,0.0,4285.263123739467,3304.154467875924,10.250393151577248,9.419496297716922,401-600,301-400,1030.1640886567197,21.89009987556041,1033.6894685609204,68.86672009066757,15.000000000000002,0.0,0.0,0.85,True,-525.773688299435,False,False,False,0.6620856591527754,True
KLNC0047,Kalyanpur,Residential,Res-B,795.3408386808318,0.4164122938521604,1.4384701894972458,19.662682621994396,0.40878743561513986,LT-A,164.70095864241253,152.35059334536388,0.0,12.350365297048647,0,430,242.8413131015611,0.0,15,middle,53455.04601532105,4,1.061607418336221,1.061607418336221,2.9801,1399.9581484605062,1294.980043435593,0.0,8.5,30,1.0,164.70095864241253,152.35059334536388,1418.6784658835318,1308.4514556073725,0.0,1225.9581484605064,1120.980043435593,8.61366246788927,8.588423759146387,76-200,76-200,110.22701027615926,7.769696441223666,104.97810502491325,12.350365297048654,7.498660237833177,0.0,0.0,0.9250133976216682,True,-132.61430282540184,False,False,False,0.45390551083892433,True
KLNC0048,Kalyanpur,Residential,Res-C,795.3408386808318,0.21054678509349234,3.767947823699151,33.17908466698378,0.2573876670117169,LT-A,68.1916226169997,68.1916226169997,0.0,0.0,0,0,0.0,0.0,0,lower-middle,20019.918668725615,4,0.8199769728802699,0.8199769728802699,0.9344,421.4242277730581,421.4242277730581,0.0,6.18,30,1.0,68.1916226169997,68.1916226169997,483.702479161711,483.702479161711,0.0,421.4242277730581,421.4242277730581,7.093283025078323,7.093283025078323,1-75,1-75,0.0,0.0,0.0,0.0,0.0,0.0,0.0,1.0,True,0.0,False,False,False,,False
KLNC0049,Kalyanpur,Residential,Res-B,795.3408386808318,0.38901355695734774,1.5653892145585275,21.838115131922237,0.4027669172231041,LT-A,169.96485503783546,169.96485503783546,0.0,0.0,0,0,0.0,0.0,0,middle,59317.37989763545,4,1.3776786158131993,1.3776786158131993,1.8155000000000001,1444.7012678216015,1444.7012678216015,0.0,8.5,30,1.0,169.96485503783546,169.96485503783546,1414.2998812126816,1414.2998812126816,0.0,1270.7012678216015,1270.7012678216015,8.321131335639052,8.321131335639052,76-200,76-200,0.0,0.0,0.0,0.0,0.0,0.0,0.0,1.0,True,0.0,False,False,False,,False
KLNC0050,Kalyanpur,Residential,Res-B,795.3408386808318,0.25606462907120897,1.3470828466602953,16.459289872817003,0.42590527849506465,LT-A,246.4585453122403,246.4585453122403,0.0,0.0,0,0,0.0,0.0,0,middle,47448.137668937765,5,1.5602608129079683,1.5602608129079683,3.6755,2242.772762341386,2242.772762341386,0.0,9.1,30,1.0,246.4585453122403,246.4585453122403,2208.300950458456,2208.300950458456,0.0,1948.7727623413866,1948.7727623413866,8.960131399220677,8.960131399220677,201-300,201-300,0.0,0.0,0.0,0.0,0.0,0.0,0.0,1.0,True,0.0,False,False,False,,False
KLNC0051,Kalyanpur,Residential,Res-C,795.3408386808318,0.16366102019524792,3.3488874446319654,25.917190808079965,0.2560423447800304,LT-A,56.9024194746274,56.9024194746274,0.0,0.0,0,0,0.0,0.0,0,lower-middle,11054.914903987574,4,0.1450698591344856,0.1450698591344856,0.20550000000000002,351.6569523531974,351.6569523531974,0.0,6.18,30,1.0,56.9024194746274,56.9024194746274,391.2897999708572,391.2897999708572,0.0,351.6569523531973,351.6569523531973,6.876505491042116,6.876505491042116,1-75,1-75,0.0,0.0,0.0,0.0,0.0,0.0,0.0,1.0,True,0.0,False,False,False,,False
KLNC0052,Kalyanpur,Residential,Res-B,795.3408386808318,0.20627063391958872,1.7133274625056438,20.366565076793147,0.4345825240746983,LT-A,291.8923258904663,291.8923258904663,0.0,0.0,0,0,0.0,0.0,0,middle,36981.51686788709,4,1.413590558674043,1.413590558674043,3.0101,2656.2201656032435,2656.2201656032435,0.0,9.1,30,1.0,291.8923258904663,291.8923258904663,2613.076583883405,2613.076583883405,0.0,2362.220165603243,2362.220165603243,8.952193504614343,8.952193504614343,201-300,201-300,0.0,0.0,0.0,0.0,0.0,0.0,0.0,1.0,True,0.0,False,False,False,,False
KLNC0053,Kalyanpur,Residential,Res-B,795.3408386808318,0.379172830089032,2.305829386049639,18.31306289586838,0.43673165465457464,LT-A,100.05906586808285,95.77695237751428,0.0,4.282113490568569,0,242,78.4186136800287,0.0,11,middle,31577.662763859287,4,0.6511913614769822,0.6511913614769822,1.4104,850.5020598787041,814.1040952088713,0.0,8.5,30,1.0,100.05906586808285,95.77695237751428,772.5258028726395,734.3079399693148,0.0,676.5020598787042,640.1040952088713,7.720697731589178,7.6668543082783405,76-200,76-200,38.21786290332466,4.94713092575179,36.397964669832845,4.282113490568577,4.279585716115004,0.0,0.0,0.95720414283885,True,-40.20075077670404,False,False,False,0.48735703310523854,True
KLNC0054,Kalyanpur,Residential,Res-B,795.3408386808318,0.19145907565073858,1.4301935145390692,22.94831928635001,0.3916981705535348,LT-A,117.33288865854216,117.33288865854216,0.0,0.0,0,0,0.0,0.0,0,middle,39864.59088264488,4,0.5655686038189451,0.5655686038189451,2.0740000000000003,997.3295535976083,997.3295535976083,0.0,8.5,30,1.0,117.33288865854216,117.33288865854216,955.9594312774888,955.9594312774888,0.0,823.3295535976083,823.3295535976083,8.147412393974946,8.147412393974946,76-200,76-200,0.0,0.0,0.0,0.0,0.0,0.0,0.0,1.0,True,0.0,False,False,False,,False
KLNC0055,Kalyanpur,Residential,Res-C,795.3408386808318,0.25535305076101755,2.822092871316445,36.320163997739144,0.2953459076953777,LT-A,62.067836496534554,62.067836496534554,0.0,0.0,0,0,0.0,0.0,0,lower-middle,10878.332634073482,5,0.20778989701093842,0.20778989701093842,0.2955,383.5792295485834,383.5792295485834,0.0,6.18,30,1.0,62.067836496534554,62.067836496534554,424.80819102601265,424.80819102601265,0.0,383.5792295485835,383.5792295485835,6.844256462036196,6.844256462036196,1-75,1-75,0.0,0.0,0.0,0.0,0.0,0.0,0.0,1.0,True,0.0,False,False,False,,False
KLNC0056,Kalyanpur,Residential,Res-B,795.3408386808318,0.3087394560541797,1.481494862369495,14.947118341924053,0.4073086002643656,LT-A,248.091419371688,213.3420287360125,0.0,34.749390635675425,0,700,519.4032541411882,0.0,28,middle,49277.270017408206,5,1.0493393671237194,1.0493393671237194,4.27,2257.6319162823606,1941.4124614977138,0.0,9.1,30,1.0,248.091419371688,213.3420287360125,2250.1205120964787,1918.0900845725994,0.0,1963.6319162823609,1647.4124614977138,9.069723240711406,8.99068081398076,201-300,201-300,332.0304275238793,14.756117538545546,316.2194547846468,34.749390635675496,14.006687826479931,0.0,0.0,0.859933121735201,True,-187.37282661730887,False,False,False,0.6392536528730031,True
KLNC0057,Kalyanpur,Residential,Res-A,795.3408386808318,0.5152007012886163,2.0724870635832118,21.550454499005372,0.36715118363325305,LT-A,478.3834035357462,406.6258930053843,0.0,71.75751053036193,0,637,1546.4069656464635,0.0,30,upper-middle,151928.14713669295,5,2.342908225519633,2.221726230309731,5.245,7180.53488707155,6103.454654010819,0.0,15.01,30,1.0,478.3834035357462,406.6258930053843,5034.566131425128,3903.631886711359,0.0,4574.534887071551,3497.454654010818,10.524123734674944,9.6000573349117,401-600,401-600,1130.9342447137692,22.463390393357233,1077.0802330607312,71.75751053036191,14.999999999999996,0.12118199520990203,5.172289460165478,0.85,True,-415.4727209326943,False,False,False,0.7313302835783534,True
KLNC0058,Kalyanpur,Residential,Res-B,795.3408386808318,0.3042194594787339,1.201483068600502,20.207115891079255,0.42357278553026073,LT-A,122.53195424383613,122.53195424383613,0.0,0.0,0,0,0.0,0.0,0,middle,56814.18924254266,5,0.7304969696021475,0.7304969696021475,2.1104000000000003,1041.5216110726067,1041.5216110726067,0.0,8.5,30,1.0,122.53195424383613,122.53195424383613,1003.9663316262374,1003.9663316262374,0.0,867.5216110726071,867.5216110726071,8.193506239428489,8.193506239428489,76-200,76-200,0.0,0.0,0.0,0.0,0.0,0.0,0.0,1.0,True,0.0,False,False,False,,False
KLNC0059,Kalyanpur,Residential,Res-C,795.3408386808318,0.2046876731057631,3.700551643661855,26.88477883302004,0.32740782777422145,LT-A,44.51326483978089,44.51326483978089,0.0,0.0,0,0,0.0,0.0,0,lower-middle,18842.45212307295,5,0.6609921886138814,0.6609921886138814,1.8597,236.81056894763447,236.81056894763447,0.0,5.32,30,1.0,44.51326483978089,44.51326483978089,330.66386739501604,330.66386739501604,0.0,236.81056894763432,236.81056894763432,7.428434391078552,7.428434391078552,lifeline 0-50,lifeline 0-50,0.0,0.0,0.0,0.0,0.0,0.0,0.0,1.0,True,0.0,False,False,False,,False
KLNC0060,Kalyanpur,Residential,Res-A,795.3408386808318,0.576947928344938,1.752484897195319,16.873747426794203,0.40899664994325513,LT-A,532.125372160583,452.3065663364954,0.0,79.81880582408743,0,653,1346.8423693839813,0.0,30,upper-middle,157822.5630308133,6,3.7955565957208104,3.7955565957208104,5.6259,7987.201836130349,6789.121560710797,0.0,15.01,30,1.0,532.125372160583,452.3065663364954,5898.364117936869,4640.379828746336,0.0,5381.201836130351,4183.121560710796,11.084538393626682,10.259368698384328,401-600,401-600,1257.9842891905328,21.327681100002195,1198.080275419552,79.81880582408758,15.000000000000025,0.0,0.0,0.8500000000000001,True,-88.85808019344859,False,True,False,0.9340248850100472,True
KLNC0061,Kalyanpur,Residential,Res-B,795.3408386808318,0.35253847394885024,0.4753260005692048,17.743987221153308,0.3785594260094232,LT-A,159.3033630779462,157.72569591877513,0.0,1.5776671591710538,0,54,27.99410591156442,0.0,2,middle,25135.214941300288,5,0.7801242614535695,0.7801242614535695,2.0004,1354.078586162543,1340.668415309589,0.0,8.5,30,1.0,159.3033630779462,157.72569591877513,1327.30015547067,1313.219476075068,0.0,1180.0785861625427,1166.6684153095885,8.331902916708858,8.32597040339796,76-200,76-200,14.08067939560192,1.060851182572853,13.410170852954025,1.5776671591710567,0.9903539565571592,0.0,0.0,0.9900964604344284,True,-13.913426515962502,False,False,False,0.502987287398422,True
KLNC0062,Kalyanpur,Residential,Res-B,795.3408386808318,0.3365376397258719,1.267543727784382,17.089411319507775,0.3641858151825496,LT-A,106.55774402797542,105.50363867478853,0.0,1.0541053531868967,0,58,18.014039954705893,0.0,2,middle,35604.736013561254,5,0.6722181515910011,0.6722181515910011,1.0655,905.7408242377911,896.7809287357026,0.0,8.5,30,1.0,106.55774402797542,105.50363867478853,815.3164154496806,805.9085251724877,0.0,731.740824237791,722.7809287357026,7.651404624666503,7.638679909957172,76-200,76-200,9.407890277192905,1.1538943775594248,8.959895502088557,1.054105353186884,0.989233924575338,0.0,0.0,0.9901076607542465,True,-8.606149677512988,False,False,False,0.5222532147618134,True
KLNC0063,Kalyanpur,Residential,Res-B,795.3408386808318,0.22045689378878142,1.82375941788683,17.4788736666114,0.40333496303789773,LT-A,146.87734780981253,146.87734780981253,0.0,0.0,0,0,0.0,0.0,0,middle,44767.132899597214,4,0.8708194081643736,0.8708194081643736,1.9005000000000003,1248.457456383407,1248.457456383407,0.0,8.5,30,1.0,146.87734780981253,146.87734780981253,1211.992379202577,1211.992379202577,0.0,1074.4574563834067,1074.4574563834067,8.251731102688161,8.251731102688161,76-200,76-200,0.0,0.0,0.0,0.0,0.0,0.0,0.0,1.0,True,0.0,False,False,False,,False
KLNC0064,Kalyanpur,Residential,Res-B,795.3408386808318,0.44167362787409004,1.682953225173884,21.069301868194334,0.5102457213809815,LT-A,259.2598630770466,229.45648313550495,0.0,29.803379941541586,0,427,627.9364086808275,0.0,23,middle,40421.99735859067,5,1.3648399851177115,1.3648399851177115,2.7601,2359.264754001124,2088.053996533095,0.0,9.1,30,1.0,259.2598630770466,229.45648313550495,2290.2484017011802,2005.4771063597495,0.0,2065.264754001124,1794.053996533095,8.833794689695436,8.740119603312406,201-300,201-300,284.7712953414307,12.434078990292257,271.210757468029,29.803379941541635,11.49556263272603,0.0,0.0,0.8850443736727399,True,-343.16511333939684,False,False,False,0.4535033984407432,True
KLNC0065,Kalyanpur,Residential,Res-C,795.3408386808318,0.18484318770258573,2.6076930926730424,30.794297348964648,0.27699680350830813,LT-A,56.91191895531039,56.91191895531039,0.0,0.0,0,0,0.0,0.0,0,lower-middle,10785.322676581376,4,0.5243897986799955,0.5243897986799955,0.9695,351.7156591438182,351.7156591438182,0.0,6.18,30,1.0,56.91191895531039,56.91191895531039,412.05639210100907,412.05639210100907,0.0,351.7156591438182,351.7156591438182,7.2402477313157005,7.2402477313157005,1-75,1-75,0.0,0.0,0.0,0.0,0.0,0.0,0.0,1.0,True,0.0,False,False,False,,False
KLNC0066,Kalyanpur,Residential,Res-C,795.3408386808318,0.17315934048959913,2.4292607247185503,34.06868673928574,0.3558799265405525,LT-A,86.01575118502579,86.01575118502579,0.0,0.0,0,0,0.0,0.0,0,lower-middle,24918.85378022799,4,0.4673745531858705,0.4673745531858705,1.0555,731.1338850727191,731.1338850727191,0.0,8.5,30,1.0,86.01575118502579,86.01575118502579,631.5381293263553,631.5381293263553,0.0,557.1338850727193,557.1338850727193,7.342121886116804,7.342121886116804,76-200,76-200,0.0,0.0,0.0,0.0,0.0,0.0,0.0,1.0,True,0.0,False,False,False,,False
KLNC0067,Kalyanpur,Residential,Res-A,795.3408386808318,0.6222414978915985,2.1759718284051344,18.293005864889636,0.4540846467372712,LT-A,509.7281002287867,433.2688851944685,0.0,76.459215034318,0,420,1398.6688690476371,0.0,30,upper-middle,98884.95464927837,5,2.876931892666885,2.876931892666885,5.310099999999999,7651.018784434088,6503.365966768974,0.0,15.01,30,1.0,509.7281002287867,433.2688851944685,5531.445133655792,4326.409675107421,0.0,5045.018784434088,3897.365966768972,10.851756321013212,9.985507436486131,401-600,401-600,1205.035458548371,21.785183246533443,1147.6528176651136,76.45921503431816,15.000000000000032,0.0,0.0,0.85,True,-193.63341049926612,False,True,False,0.8615587900865254,True
KLNC0068,Kalyanpur,Residential,Res-A,795.3408386808318,0.6914632693061308,2.3578308393055987,19.77627064426744,0.32505395135877446,LT-A,370.1210071402325,314.6028560691976,0.0,55.51815107103486,0,1029,1097.941981250112,0.0,30,upper-middle,74353.69706112788,6,1.571624042452283,1.4833080113176793,3.9550000000000005,3560.5640886890355,3026.4794753856804,0.0,9.62,30,1.0,370.1210071402325,314.6028560691976,3440.507793123489,2879.7189491549657,0.0,3110.564088689037,2576.4794753856813,9.29562960964261,9.153505423108953,301-400,301-400,560.7888439685235,16.29959522513993,534.0846133033551,55.51815107103488,15.000000000000002,0.08831603113460362,5.619412069873896,0.8500000000000001,True,-537.1531372815884,False,True,False,0.5107636410168156,True
KLNC0069,Kalyanpur,Residential,Res-B,795.3408386808318,0.3848115109239091,1.9749386701412464,21.90542697371685,0.4014670122453854,LT-A,129.5481947878661,129.5481947878661,0.0,0.0,0,0,0.0,0.0,0,middle,49115.529584660806,4,0.7410736664167299,0.7410736664167299,2.7405000000000004,1101.159655696862,1101.159655696862,0.0,8.5,30,1.0,129.5481947878661,129.5481947878661,1094.3736884817051,1094.3736884817051,0.0,927.1596556968618,927.1596556968618,8.447618203200218,8.447618203200218,76-200,76-200,0.0,0.0,0.0,0.0,0.0,0.0,0.0,1.0,True,0.0,False,False,False,,False
KLNC0070,Kalyanpur,Residential,Res-C,795.3408386808318,0.18623518568195874,3.3987425647336873,30.96986426658371,0.3060999847812303,LT-A,107.0000529816875,107.0000529816875,0.0,0.0,0,0,0.0,0.0,0,lower-middle,20567.288074719247,5,0.5536109480430035,0.5536109480430035,1.0456999999999999,909.5004503443434,909.5004503443434,0.0,8.5,30,1.0,107.0000529816875,107.0000529816875,818.3908428615609,818.3908428615609,0.0,735.5004503443438,735.5004503443438,7.648508762903362,7.648508762903362,76-200,76-200,0.0,0.0,0.0,0.0,0.0,0.0,0.0,1.0,True,0.0,False,False,False,,False
KLNC0071,Kalyanpur,Residential,Res-B,795.3408386808318,0.3991342726771476,1.3328465692852791,19.501223809108577,0.38144986591903524,LT-A,156.97964987528658,151.49966723015598,0.0,5.479982645130592,0,187,106.8663680327225,0.0,7,middle,59168.290080474,4,0.9708313693658621,0.9708313693658621,1.214,1334.3270239399362,1287.7471714563262,0.0,8.5,30,1.0,156.97964987528658,151.49966723015598,1271.880775136933,1222.9719300291422,0.0,1160.327023939936,1113.7471714563258,8.102201630258357,8.072439711509213,76-200,76-200,48.90884510779074,3.8453954225800078,46.57985248361001,5.479982645130605,3.490887289839294,0.0,0.0,0.9650911271016072,True,-57.957522924931766,False,False,False,0.4576635849813371,True
KLNC0072,Kalyanpur,Residential,Res-C,795.3408386808318,0.23306942251404236,3.628124146402593,31.101373226122966,0.3175915929578492,LT-A,104.08105337322073,104.08105337322073,0.0,0.0,0,0,0.0,0.0,0,lower-middle,22837.41718201997,5,0.989028994738717,0.989028994738717,1.6846,884.6889536723761,884.6889536723761,0.0,8.5,30,1.0,104.08105337322073,104.08105337322073,820.5142613559949,820.5142613559949,0.0,710.6889536723761,710.6889536723761,7.883416191165366,7.883416191165366,76-200,76-200,0.0,0.0,0.0,0.0,0.0,0.0,0.0,1.0,True,0.0,False,False,False,,False
KLNC0073,Kalyanpur,Residential,Res-A,795.3408386808318,0.5753504236757753,1.9373482480298512,20.054526092269494,0.354590881045473,LT-A,309.8017707540454,263.33150514093853,0.0,46.470265613106825,0,603,931.9391542527444,0.0,30,upper-middle,151209.69037446362,5,1.1330312963874056,1.1330312963874056,3.8106999999999998,2980.293034653916,2533.249079455829,0.0,9.62,30,1.0,309.8017707540454,263.33150514093853,2824.859556386612,2375.4844016216675,0.0,2530.2930346539165,2102.3166967825405,9.118280859115215,9.020889469151353,301-400,201-300,449.37515476494445,15.907875977372756,447.04395519808713,46.47026561310685,15.000000000000014,0.0,0.0,0.85,True,-482.56399948779995,False,False,False,0.48219366330333696,True
KLNC0074,Kalyanpur,Residential,Res-B,795.3408386808318,0.39298547974525105,1.5955158427645233,24.249187372290137,0.380511073096389,LT-A,157.12556164467628,157.12556164467628,0.0,0.0,0,0,0.0,0.0,0,middle,35348.320008351155,4,0.8964613445292966,0.8964613445292966,2.07,1335.5672739797483,1335.5672739797483,0.0,8.5,30,1.0,157.12556164467628,157.12556164467628,1310.9326376787358,1310.9326376787358,0.0,1161.5672739797483,1161.5672739797483,8.343216876724862,8.343216876724862,76-200,76-200,0.0,0.0,0.0,0.0,0.0,0.0,0.0,1.0,True,0.0,False,False,False,,False
KLNC0075,Kalyanpur,Residential,Res-C,795.3408386808318,0.16986757622427634,3.249467478128988,34.94880400058137,0.31672679493584416,LT-A,90.88608311495511,90.88608311495511,0.0,0.0,0,0,0.0,0.0,0,lower-middle,12550.160719174262,3,0.6111085018213945,0.6111085018213945,1.0304,772.5317064771183,772.5317064771183,0.0,8.5,30,1.0,90.88608311495511,90.88608311495511,673.8989318009743,673.8989318009743,0.0,598.5317064771184,598.5317064771184,7.4147648210189585,7.4147648210189585,76-200,76-200,0.0,0.0,0.0,0.0,0.0,0.0,0.0,1.0,True,0.0,False,False,False,,False
KLNC0076,Kalyanpur,Residential,Res-C,795.3408386808318,0.22453389097888524,3.308611396127238,32.213455726542136,0.2318859665200082,LT-A,69.40192340074715,69.40192340074715,0.0,0.0,0,0,0.0,0.0,0,lower-middle,21887.119703270437,3,0.7950971949909543,0.7950971949909543,1.0606,428.9038866166173,428.9038866166173,0.0,6.18,30,1.0,69.40192340074715,69.40192340074715,497.1215409474483,497.1215409474483,0.0,428.9038866166174,428.9038866166174,7.1629360771015245,7.1629360771015245,1-75,1-75,0.0,0.0,0.0,0.0,0.0,0.0,0.0,1.0,True,0.0,False,False,False,,False
KLNC0077,Kalyanpur,Residential,Res-A,795.3408386808318,0.615969414346815,1.7422656019791152,17.785231715949454,0.3876829591113516,LT-A,293.198153336343,249.21843033589155,0.0,43.97972300045146,0,708,782.189564366301,0.0,30,upper-middle,165873.0045378243,5,1.7830436724537357,1.7093812788468332,4.3149,2668.1031953607217,2267.887716056613,0.0,9.1,30,1.0,293.198153336343,249.21843033589155,2683.095445128758,2262.869191859444,0.0,2374.1031953607217,1973.887716056613,9.15113350680227,9.07986294917914,201-300,201-300,420.22625326931393,15.661994210166752,400.2154793041086,43.97972300045146,15.000000000000002,0.07366239360690252,4.131272539473585,0.85,True,-361.9633110969871,False,False,False,0.5372434923876344,True
KLNC0078,Kalyanpur,Residential,Res-B,795.3408386808318,0.3495357972486087,1.5477142313858296,17.093957788446616,0.48096962998588677,LT-A,209.93787945307758,194.19148452090226,0.0,15.74639493217535,0,254,269.1682102908151,0.0,15,middle,52247.44525573298,5,1.1065261336253138,1.1065261336253138,4.2151,1910.4347030230063,1767.1425091402095,0.0,9.1,30,1.0,209.93787945307758,194.19148452090226,1883.1423481741563,1736.3449093490528,0.0,1616.434703023006,1476.6276184276694,8.96999794929838,8.941406023198494,201-300,76-200,146.79743882510343,7.795344784606126,143.2921938827967,15.74639493217532,7.500502040507053,0.0,0.0,0.9249949795949294,True,-122.3707714657117,False,False,False,0.545374354075841,True
KLNC0079,Kalyanpur,Residential,Res-C,795.3408386808318,0.21094234009187024,3.4530145380294046,34.04207128234568,0.3091273701683401,LT-A,33.95274067293845,33.95274067293845,0.0,0.0,0,0,0.0,0.0,0,lower-middle,22654.459047692406,3,0.6505080651817063,0.6505080651817063,1.0846,180.62858038003256,180.62858038003256,0.0,5.32,30,1.0,33.95274067293845,33.95274067293845,237.49086939903418,237.49086939903418,0.0,180.62858038003256,180.62858038003256,6.994748132021134,6.994748132021134,lifeline 0-50,lifeline 0-50,0.0,0.0,0.0,0.0,0.0,0.0,0.0,1.0,True,0.0,False,False,False,,False
KLNC0080,Kalyanpur,Residential,Res-B,795.3408386808318,0.4384391032439234,1.651415436769434,18.77591864888702,0.49053198893177324,LT-A,127.55037680438078,108.61645067659519,0.0,18.933926127785597,0,750,355.5018566793388,0.0,30,middle,30175.163989974633,4,1.0478588381096026,1.0222210305748378,3.3954999999999997,1084.1782028372368,923.2398307510591,0.0,8.5,30,1.0,127.55037680438078,108.61645067659519,1105.4286629790986,936.4433722886121,0.0,910.1782028372365,749.2398307510591,8.666604448173862,8.6215611581423,76-200,76-200,168.98529069048652,15.286856253127722,160.93837208617765,18.933926127785583,14.844272986212996,0.025637807534764745,2.4466852406395523,0.85155727013787,True,-186.51656598885228,False,False,False,0.4753429202000218,True
KLNC0081,Kalyanpur,Residential,Res-C,795.3408386808318,0.31176107291969146,3.4858944411259603,36.51625339609181,0.3404008711254951,LT-A,71.81672245748855,71.81672245748855,0.0,0.0,0,0,0.0,0.0,0,lower-middle,11924.874374601051,4,0.22753250696814903,0.22753250696814903,0.3754,443.82734478727934,443.82734478727934,0.0,6.18,30,1.0,71.81672245748855,71.81672245748855,488.0687120266432,488.0687120266432,0.0,443.82734478727923,443.82734478727923,6.796031555402049,6.796031555402049,1-75,1-75,0.0,0.0,0.0,0.0,0.0,0.0,0.0,1.0,True,0.0,False,False,False,,False
KLNC0082,Kalyanpur,Residential,Res-B,795.3408386808318,0.4108613265812849,1.4192753278099037,20.710370130975456,0.3981691816465978,LT-A,255.85479395630884,253.3385038816539,0.0,2.5162900746549215,0,40,52.11329880300329,0.0,2,middle,59863.83579319215,5,1.6293156031163902,1.6293156031163902,4.2402999999999995,2328.2786250024096,2305.3803853230497,0.0,9.1,30,1.0,255.85479395630884,253.3385038816539,2322.989786252531,2298.9466345892033,0.0,2034.2786250024105,2011.3803853230506,9.079328748669909,9.074604133855418,201-300,201-300,24.043151663327535,1.0350089270996827,22.898239679359904,2.5162900746549326,0.9834836532649172,0.0,0.0,0.9901651634673508,True,-28.070147139675754,False,False,False,0.46136307268159216,True
KLNC0083,Kalyanpur,Residential,Res-C,795.3408386808318,0.18712425172849612,3.5555786021077602,34.92719067077432,0.3234672835758656,LT-A,197.9023016960585,197.9023016960585,0.0,0.0,0,0,0.0,0.0,0,lower-middle,12426.963274341046,3,1.0285994642716565,1.0285994642716565,2.3746,1682.169564416497,1682.169564416497,0.0,8.5,30,1.0,197.9023016960585,197.9023016960585,1688.297902637322,1688.297902637322,0.0,1508.1695644164972,1508.1695644164972,8.530966482796329,8.530966482796329,76-200,76-200,0.0,0.0,0.0,0.0,0.0,0.0,0.0,1.0,True,0.0,False,False,False,,False
KLNC0084,Kalyanpur,Residential,Res-B,795.3408386808318,0.3641598419340579,2.01448914011138,17.57061204971869,0.4326582759233186,LT-A,180.22977134870482,168.54425367507108,0.0,11.685517673633752,0,308,205.32169764354987,0.0,13,middle,51751.341216421555,4,0.9330096697057129,0.9330096697057129,2.7202,1531.953056463991,1432.6261562381046,0.0,8.5,30,1.0,180.22977134870482,168.54425367507108,1545.8115292871903,1441.5182840500092,0.0,1357.9530564639908,1258.6261562381042,8.576893360733317,8.55275841577517,76-200,76-200,104.29324523718105,6.746828009833327,99.32690022588645,11.68551767363374,6.483677799837433,0.0,0.0,0.9351632220016256,True,-101.02845240636881,False,False,False,0.5079504330723003,True
KLNC0085,Kalyanpur,Residential,Res-B,795.3408386808318,0.27248159147714174,1.6999932062636818,17.857588697108937,0.523234294297175,LT-A,147.48875347718513,147.48875347718513,0.0,0.0,0,0,0.0,0.0,0,middle,45057.64451658995,5,0.7502651532373616,0.7502651532373616,1.54,1253.6544045560734,1253.6544045560734,0.0,8.5,30,1.0,147.48875347718513,147.48875347718513,1201.5511247838774,1201.5511247838774,0.0,1079.6544045560736,1079.6544045560736,8.146730489316557,8.146730489316557,76-200,76-200,0.0,0.0,0.0,0.0,0.0,0.0,0.0,1.0,True,0.0,False,False,False,,False
KLNC0086,Kalyanpur,Residential,Res-C,795.3408386808318,0.2402317189611752,2.1951411936867005,34.2311374286036,0.2899010894010442,LT-A,104.95100946438811,104.95100946438811,0.0,0.0,0,0,0.0,0.0,0,lower-middle,15526.704136744222,5,0.2866190594630768,0.2866190594630768,0.3245,892.0835804472989,892.0835804472989,0.0,8.5,30,1.0,104.95100946438811,104.95100946438811,776.0377594696639,776.0377594696639,0.0,718.0835804472989,718.0835804472989,7.394285804682883,7.394285804682883,76-200,76-200,0.0,0.0,0.0,0.0,0.0,0.0,0.0,1.0,True,0.0,False,False,False,,False
KLNC0087,Kalyanpur,Residential,Res-B,795.3408386808318,0.32591879558938075,1.5055484830709034,20.565285293409918,0.36637289424039765,LT-A,118.33601896053413,118.33601896053413,0.0,0.0,0,0,0.0,0.0,0,middle,48322.306390842896,4,1.207265780833106,1.207265780833106,2.4703000000000004,1005.8561611645403,1005.8561611645403,0.0,8.5,30,1.0,118.33601896053413,118.33601896053413,982.3891992227672,982.3891992227672,0.0,831.8561611645401,831.8561611645401,8.301692146246703,8.301692146246703,76-200,76-200,0.0,0.0,0.0,0.0,0.0,0.0,0.0,1.0,True,0.0,False,False,False,,False
KLNC0088,Kalyanpur,Residential,Res-B,795.3408386808318,0.3520840257410917,1.2160977592612507,18.9892681420591,0.45582195999079816,LT-A,173.14755996584915,173.14755996584915,0.0,0.0,0,0,0.0,0.0,0,middle,43146.519473324144,5,1.338186608511464,1.338186608511464,3.4053999999999998,1471.7542597097176,1471.7542597097176,0.0,8.5,30,1.0,173.14755996584915,173.14755996584915,1512.8201126952035,1512.8201126952035,0.0,1297.7542597097179,1297.7542597097179,8.737172576925632,8.737172576925632,76-200,76-200,0.0,0.0,0.0,0.0,0.0,0.0,0.0,1.0,True,0.0,False,False,False,,False
KLNC0089,Kalyanpur,Residential,Res-B,795.3408386808318,0.3787286158562452,1.370940409789129,24.357709420328234,0.4005897722021906,LT-A,176.57231648242512,176.57231648242512,0.0,0.0,0,0,0.0,0.0,0,middle,39780.47843711246,4,1.3084542484737454,1.3084542484737454,2.7900000000000005,1500.8646901006132,1500.8646901006132,0.0,8.5,30,1.0,176.57231648242512,176.57231648242512,1516.2469246056444,1516.2469246056444,0.0,1326.8646901006136,1326.8646901006136,8.587115776761992,8.587115776761992,76-200,76-200,0.0,0.0,0.0,0.0,0.0,0.0,0.0,1.0,True,0.0,False,False,False,,False
KLNC0090,Kalyanpur,Residential,Res-C,795.3408386808318,0.20288227227004785,2.6487512175104153,26.303453508137743,0.31186930387038764,LT-A,79.6618754260604,79.6618754260604,0.0,0.0,0,0,0.0,0.0,0,lower-middle,20590.24954213757,5,0.7236456095202486,0.7236456095202486,1.7196,677.1259411215134,677.1259411215134,0.0,8.5,30,1.0,79.6618754260604,79.6618754260604,604.1165981775891,604.1165981775891,0.0,503.12594112151345,503.12594112151345,7.583509614185656,7.583509614185656,76-200,76-200,0.0,0.0,0.0,0.0,0.0,0.0,0.0,1.0,True,0.0,False,False,False,,False
KLNC0091,Kalyanpur,Residential,Res-B,795.3408386808318,0.23175851317902704,2.0128132520646473,19.510729521494838,0.41924495841093373,LT-A,166.6468928643913,166.6468928643913,0.0,0.0,0,0,0.0,0.0,0,middle,59648.53647105172,4,0.8661963194215462,0.8661963194215462,3.4804,1416.4985893473263,1416.4985893473263,0.0,8.5,30,1.0,166.6468928643913,166.6468928643913,1458.1091588146924,1458.1091588146924,0.0,1242.498589347326,1242.498589347326,8.749693041089142,8.749693041089142,76-200,76-200,0.0,0.0,0.0,0.0,0.0,0.0,0.0,1.0,True,0.0,False,False,False,,False
KLNC0092,Kalyanpur,Residential,Res-A,795.3408386808318,0.5721177540601304,2.2653768293073213,23.219697669901436,0.34376087767002383,LT-A,182.13084768136008,154.8112205291561,0.0,27.31962715220401,0,798,634.3534829286075,0.0,30,upper-middle,187755.31948929187,4,0.8570080673151557,0.8005155995496933,2.1412,1548.1122052915605,1315.8953744978267,0.0,8.5,30,1.0,182.13084768136008,154.8112205291561,1537.2447355561387,1293.4170632227178,0.0,1374.1122052915607,1141.8953744978267,8.440331526077149,8.35480179538488,76-200,76-200,243.82767233342088,15.861343785653611,232.21683079373383,27.319627152203992,14.99999999999999,0.05649246776546235,6.591824502007616,0.85,True,-390.5258105951866,False,False,False,0.38437192968145517,True
KLNC0093,Kalyanpur,Residential,Res-A,795.3408386808318,0.6169251725254796,2.0186461604359605,23.156078883794986,0.3790161936231305,LT-A,684.3590547071639,581.7051965010892,0.0,102.65385820607455,0,685,2377.0608383457675,0.0,30,upper-middle,135651.37367469555,6,4.2313617703737965,4.2313617703737965,6.1499999999999995,11873.629599169293,10092.585159293896,0.0,17.35,30,1.0,684.3590547071639,581.7051965010892,8528.026079127758,6702.8797494554165,0.0,7863.629599169293,6125.394999481348,12.461333010018969,11.52281222477074,601-above,401-600,1825.1463296723414,21.401744234100846,1781.044439875397,102.65385820607469,15.000000000000016,0.0,0.0,0.8500000000000001,True,-551.9145086734261,False,True,False,0.7678164143844498,True
KLNC0094,Kalyanpur,Residential,Res-C,795.3408386808318,0.204113211016631,2.2317479006555985,29.928101891143733,0.2540906217888701,LT-A,53.71795059082613,53.71795059082613,0.0,0.0,0,0,0.0,0.0,0,lower-middle,19818.53394921832,3,0.7109715025896866,0.7109715025896866,1.6106,331.97693465130544,331.97693465130544,0.0,6.18,30,1.0,53.71795059082613,53.71795059082613,419.6032413838707,419.6032413838707,0.0,331.97693465130544,331.97693465130544,7.811229519532898,7.811229519532898,1-75,1-75,0.0,0.0,0.0,0.0,0.0,0.0,0.0,1.0,True,0.0,False,False,False,,False
KLNC0095,Kalyanpur,Residential,Res-B,795.3408386808318,0.41314127178788324,1.3978661104239862,20.217450276349876,0.48130066271794325,LT-A,135.3794079661305,130.64992483117047,0.0,4.729483134960008,0,153,95.61809011388928,0.0,7,middle,32952.215931415405,4,0.8359392207150389,0.8359392207150389,2.8491999999999997,1150.724967712109,1110.524361064949,0.0,8.5,30,1.0,135.3794079661305,130.64992483117047,1151.2109360977145,1109.0002991181964,0.0,976.7249677121091,936.524361064949,8.503589677284797,8.488334765988407,76-200,76-200,42.210636979518085,3.6666292558512716,40.20060664715993,4.72948313496002,3.493502598373936,0.0,0.0,0.9650649740162607,True,-53.407453134371195,False,False,False,0.44145032523910094,True
KLNC0096,Kalyanpur,Residential,Res-C,795.3408386808318,0.1927346002661165,2.8826048978246153,27.22873106147511,0.31509529779310763,LT-A,185.95607257996576,185.95607257996576,0.0,0.0,0,0,0.0,0.0,0,lower-middle,14728.194745116545,5,0.628124282400951,0.628124282400951,1.1997,1580.6266169297087,1580.6266169297087,0.0,8.5,30,1.0,185.95607257996576,185.95607257996576,1529.8647177761948,1529.8647177761948,0.0,1406.6266169297091,1406.6266169297091,8.227022094792385,8.227022094792385,76-200,76-200,0.0,0.0,0.0,0.0,0.0,0.0,0.0,1.0,True,0.0,False,False,False,,False
KLNC0097,Kalyanpur,Residential,Res-C,795.3408386808318,0.16236447400982798,3.777714184086115,26.27054418336181,0.25368963510144155,LT-A,71.67768496120168,71.67768496120168,0.0,0.0,0,0,0.0,0.0,0,lower-middle,14951.24936470818,5,0.684970291855563,0.684970291855563,0.9806999999999999,442.9680930602262,442.9680930602262,0.0,6.18,30,1.0,71.67768496120168,71.67768496120168,508.3653677132377,508.3653677132377,0.0,442.96809306022635,442.96809306022635,7.092379838835617,7.092379838835617,1-75,1-75,0.0,0.0,0.0,0.0,0.0,0.0,0.0,1.0,True,0.0,False,False,False,,False
KLNC0098,Kalyanpur,Residential,Res-B,795.3408386808318,0.42930711734091065,1.4467379147967967,16.67201629272288,0.3895047023971944,LT-A,224.7949670043892,191.07572195373075,0.0,33.71924505065839,0,540,562.1678028628917,0.0,30,middle,32544.240026368436,5,1.1006923729387919,1.1006923729387919,2.2552,2045.6341997399413,1738.78906977895,0.0,9.1,30,1.0,224.7949670043892,191.07572195373075,1938.670229726939,1622.105138437047,0.0,1751.6341997399418,1450.1436366067114,8.624170974829191,8.489331464255002,201-300,76-200,316.56509128989205,16.328980887816083,306.84512996099124,33.71924505065846,15.000000000000034,0.0,0.0,0.85,True,-245.60271157299962,False,False,False,0.5631149448220887,True
KLNC0099,Kalyanpur,Residential,Res-C,795.3408386808318,0.2854203004773928,3.824503805724428,26.48207450344277,0.2544257265337749,LT-A,126.93117886148636,126.93117886148636,0.0,0.0,0,0,0.0,0.0,0,lower-middle,22922.401402272204,3,0.5786406206266226,0.5786406206266226,1.1356000000000002,1078.915020322634,1078.915020322634,0.0,8.5,30,1.0,126.93117886148636,126.93117886148636,1000.2407313387657,1000.2407313387657,0.0,904.9150203226341,904.9150203226341,7.880181530735474,7.880181530735474,76-200,76-200,0.0,0.0,0.0,0.0,0.0,0.0,0.0,1.0,True,0.0,False,False,False,,False
KLNC0100,Kalyanpur,Residential,Res-B,795.3408386808318,0.41085208515460325,1.213316780431859,19.707908781191055,0.46950952562986237,LT-A,130.85338790198807,123.67182359468808,0.0,7.181564307299979,0,322,141.5336142745255,0.0,11,middle,50449.8708480004,5,0.5615403415495286,0.5615403415495286,2.1500000000000004,1112.2537971668985,1051.2105005548487,0.0,8.5,30,1.0,130.85338790198807,123.67182359468808,1079.9814870252435,1015.8860255825912,0.0,938.2537971668986,877.2105005548486,8.25337046553332,8.21436925610455,76-200,76-200,64.09546144265232,5.934866681761384,61.043296612049744,7.181564307299993,5.488252480462436,0.0,0.0,0.9451174751953757,True,-77.43815283187317,False,False,False,0.4528638781055195,True
KLNC0101,Kalyanpur,Residential,Res-B,795.3408386808318,0.3619942531265559,1.9334610338033051,19.008371391776226,0.3980545240822532,LT-A,200.2673106832954,200.2673106832954,0.0,0.0,0,0,0.0,0.0,0,middle,54487.56534798359,4,0.9792198351706598,0.9792198351706598,2.6854,1822.4325272179883,1822.4325272179883,0.0,9.1,30,1.0,200.2673106832954,200.2673106832954,1723.2802935788875,1723.2802935788875,0.0,1528.432527217988,1528.432527217988,8.604900558654323,8.604900558654323,201-300,201-300,0.0,0.0,0.0,0.0,0.0,0.0,0.0,1.0,True,0.0,False,False,False,,False
KLNC0102,Kalyanpur,Residential,Res-C,795.3408386808318,0.19184279287142128,3.547570531448504,23.285605090526932,0.2813001935964771,LT-A,56.64369023509139,56.64369023509139,0.0,0.0,0,0,0.0,0.0,0,lower-middle,14994.37689965637,4,0.6805432047322644,0.6805432047322644,1.4456000000000002,350.0580056528649,350.0580056528649,0.0,6.18,30,1.0,56.64369023509139,56.64369023509139,431.3118659355081,431.3118659355081,0.0,350.0580056528648,350.0580056528648,7.614473282821281,7.614473282821281,1-75,1-75,0.0,0.0,0.0,0.0,0.0,0.0,0.0,1.0,True,0.0,False,False,False,,False
KLNC0103,Kalyanpur,Residential,Res-C,795.3408386808318,0.14498208722702474,2.8066034889650395,30.073268029218823,0.2621065856758468,LT-A,39.31688544915642,39.31688544915642,0.0,0.0,0,0,0.0,0.0,0,lower-middle,20143.35776806407,4,0.2185236401510102,0.2185236401510102,0.23070000000000002,209.16583058951213,209.16583058951213,0.0,5.32,30,1.0,39.31688544915642,39.31688544915642,241.67412211898778,241.67412211898778,0.0,209.16583058951218,209.16583058951218,6.146827739738299,6.146827739738299,lifeline 0-50,lifeline 0-50,0.0,0.0,0.0,0.0,0.0,0.0,0.0,1.0,True,0.0,False,False,False,,False
KLNC0104,Kalyanpur,Residential,Res-A,795.3408386808318,0.5117608104461273,1.9978806067935764,21.028438571805168,0.40050948977279055,LT-A,369.0878597385064,313.7246807777305,0.0,55.36317896077596,0,520,1164.2012079165336,0.0,30,upper-middle,128120.42554771483,6,2.083388247162442,2.0234284358550987,3.9861000000000004,3550.6252106844317,3018.031429081767,0.0,9.62,30,1.0,369.0878597385064,313.7246807777305,3431.443481218653,2872.2200105358556,0.0,3100.6252106844313,2568.0314290817673,9.297091168617095,9.155224904255407,301-400,301-400,559.2234706827971,16.297032830166064,532.5937816026649,55.36317896077588,14.99999999999998,0.05995981130734318,2.8779950827220016,0.85,True,-604.9777372337364,False,False,False,0.4803495021995289,True
KLNC0105,Kalyanpur,Residential,Res-A,795.3408386808318,0.67981567075355,1.808151917847631,19.986610476957267,0.39516915918861295,LT-A,388.3165390245575,330.0690581708739,0.0,58.247480853683655,0,581,1164.1697110866014,0.0,30,upper-middle,71066.87506438774,4,2.715774372824883,2.3786730105920504,6.0508,3735.605105416243,3175.264339603807,0.0,9.62,30,1.0,388.3165390245575,330.0690581708739,3716.7256406870556,3128.3678365839974,0.0,3285.6051054162435,2725.264339603807,9.57138125000647,9.47791911765467,301-400,301-400,588.3578041030582,15.830003637134144,560.3407658124361,58.24748085368361,14.999999999999995,0.3371013622328327,12.412716078552137,0.8499999999999999,True,-575.8119069835432,False,True,False,0.5053883454448429,True
KLNC0106,Kalyanpur,Residential,Res-A,795.3408386808318,0.5029582047575036,2.7965364051890638,18.56426836610853,0.3638200765411401,LT-A,383.43296609439636,325.9180211802369,0.0,57.51494491415946,0,620,1067.722872448405,0.0,30,upper-middle,107777.29943608391,4,1.800867994276511,1.800867994276511,4.5457,3688.625133828093,3135.33136375388,0.0,9.62,30,1.0,383.43296609439636,325.9180211802369,3601.021760519498,3020.063301941573,0.0,3238.625133828093,2685.331363753879,9.391528843226725,9.26632805085497,301-400,301-400,580.9584585779248,16.133156009979608,553.2937700742132,57.51494491415946,15.000000000000002,0.0,0.0,0.85,True,-486.7644138704802,False,False,False,0.5441097812634881,True
KLNC0107,Kalyanpur,Residential,Res-A,795.3408386808318,0.5670031096063578,2.349543230529751,18.13160267914822,0.44194106860845794,LT-A,268.9617092473896,228.61745286028113,0.0,40.34425638710843,0,413,731.5060271967379,0.0,30,upper-middle,156650.62430867399,6,1.4891579901240966,1.4891579901240966,3.8137,2447.5515541512445,2080.4188210285583,0.0,9.1,30,1.0,268.9617092473896,228.61745286028113,2429.4133018588072,2043.9239320799863,0.0,2153.551554151245,1786.4188210285583,9.0325619533606,8.94036700395365,201-300,201-300,385.4893697788209,15.867591137492866,367.1327331226862,40.34425638710846,15.000000000000007,0.0,0.0,0.8500000000000001,True,-346.01665741791703,False,False,False,0.5269804423294845,True
KLNC0108,Kalyanpur,Residential,Res-C,795.3408386808318,0.1752347294108744,2.552127257006114,30.308500065213742,0.3919125442732509,LT-A,121.12898502449505,121.12898502449505,0.0,0.0,0,0,0.0,0.0,0,lower-middle,24725.06253426955,5,0.730079112476925,0.730079112476925,1.8757000000000001,1029.5963727082078,1029.5963727082078,0.0,8.5,30,1.0,121.12898502449505,121.12898502449505,981.0945613436184,981.0945613436184,0.0,855.5963727082079,855.5963727082079,8.099585422475212,8.099585422475212,76-200,76-200,0.0,0.0,0.0,0.0,0.0,0.0,0.0,1.0,True,0.0,False,False,False,,False
KLNC0109,Kalyanpur,Residential,Res-B,795.3408386808318,0.3631153563145783,1.487198327437679,20.37422836688383,0.4727480952406188,LT-A,152.90311128409724,152.90311128409724,0.0,0.0,0,0,0.0,0.0,0,middle,41356.52381854206,5,0.42067549437703583,0.42067549437703583,0.47519999999999996,1299.6764459148271,1299.6764459148271,0.0,8.5,30,1.0,152.90311128409724,152.90311128409724,1204.0102682105678,1204.0102682105678,0.0,1125.6764459148264,1125.6764459148264,7.8743346561044865,7.8743346561044865,76-200,76-200,0.0,0.0,0.0,0.0,0.0,0.0,0.0,1.0,True,0.0,False,False,False,,False
KLNC0110,Kalyanpur,Residential,Res-C,795.3408386808318,0.23631109570285017,1.7840274898568258,33.386731708351654,0.2911602184593279,LT-A,76.63241938392619,76.63241938392619,0.0,0.0,0,0,0.0,0.0,0,lower-middle,23127.16915755259,3,0.5589823306542387,0.5589823306542387,1.2506000000000002,651.3755647633725,651.3755647633725,0.0,8.5,30,1.0,76.63241938392619,76.63241938392619,556.3958030015413,556.3958030015413,0.0,477.3755647633726,477.3755647633726,7.2605798887023845,7.2605798887023845,76-200,76-200,0.0,0.0,0.0,0.0,0.0,0.0,0.0,1.0,True,0.0,False,False,False,,False
KLNC0111,Kalyanpur,Residential,Res-B,795.3408386808318,0.45919681520826866,1.470782137554738,20.60752193517029,0.4927360845717624,LT-A,176.90212332043112,150.36680482236642,0.0,26.53531849806467,0,550,546.8271580055975,0.0,30,middle,53699.243818457246,4,1.076870370382255,1.0664795374556026,4.1953,1503.668048223664,1278.1178409901142,0.0,8.5,30,1.0,176.90212332043112,150.36680482236642,1581.1641806348478,1344.3364630396202,0.0,1329.6680482236645,1104.1178409901145,8.938073500513111,8.940380588838952,76-200,76-200,236.82771759522757,14.978059868529257,225.55020723354983,26.535318498064697,15.000000000000018,0.010390832926652438,0.9649102819092348,0.85,True,-309.99944041036997,False,False,False,0.4330942860610506,True
KLNC0112,Kalyanpur,Residential,Res-A,795.3408386808318,0.49595060213890263,1.6101594147189184,19.02403895326126,0.5157138385466371,LT-A,280.6573517094078,238.55874895299664,0.0,42.09860275641117,0,467,800.8854587158379,0.0,30,upper-middle,76683.99071121465,6,1.37451331701214,1.37451331701214,2.9846999999999997,2553.9819005556105,2170.884615472269,0.0,9.1,30,1.0,280.6573517094078,238.55874895299664,2504.606265583391,2102.354116245883,0.0,2259.981900555611,1876.8846154722694,8.92407147123891,8.812731142634012,201-300,201-300,402.2521493375084,16.060494412434636,383.0972850833414,42.09860275641117,14.999999999999998,0.0,0.0,0.85,True,-398.6333093783295,False,False,False,0.5022592743567734,True
KLNC0113,Kalyanpur,Residential,Res-B,795.3408386808318,0.32912053200491304,1.4883600522311042,22.54312536254827,0.5115603344902682,LT-A,233.42308058676517,233.42308058676517,0.0,0.0,0,0,0.0,0.0,0,middle,53712.83168363151,5,1.3815974507303448,1.3815974507303448,2.9702,2124.1500333395625,2124.1500333395625,0.0,9.1,30,1.0,233.42308058676517,233.42308058676517,2052.6433550065412,2052.6433550065412,0.0,1830.150033339563,1830.150033339563,8.79366063478696,8.79366063478696,201-300,201-300,0.0,0.0,0.0,0.0,0.0,0.0,0.0,1.0,True,0.0,False,False,False,,False
KLNC0114,Kalyanpur,Residential,Res-A,795.3408386808318,0.5937168009464021,1.5980585559612264,23.787433845270073,0.38862533293840074,LT-A,458.5673313685224,389.78223166324403,0.0,68.78509970527837,0,555,1636.2210087796152,0.0,30,upper-middle,152149.8453319561,5,1.9675599416914458,1.9131601557865483,5.2457,6883.095643841522,5850.631297265293,0.0,15.01,30,1.0,458.5673313685224,389.78223166324403,4722.285796033598,3696.0256920304278,0.0,4277.095643841521,3299.7050686004077,10.29791150176502,9.482283674807535,401-600,301-400,1026.26010400317,21.732274333441644,1032.4643465762292,68.78509970527836,14.999999999999998,0.05439978590489747,2.764834999544247,0.85,True,-609.9609047764452,False,False,False,0.6272136212018278,True
KLNC0115,Kalyanpur,Residential,Res-B,795.3408386808318,0.41409265407289075,1.1569659155199332,20.016568338033238,0.41515820691898464,LT-A,116.70513749056212,111.91283568060493,0.0,4.792301809957209,0,320,95.92543667548885,0.0,10,middle,33748.25935314296,4,0.7385323282191857,0.7385323282191857,2.5844,991.9936686697783,951.2591032851419,0.0,8.5,30,1.0,116.70513749056212,111.91283568060493,972.865392103267,930.094098449399,0.0,817.9936686697781,777.2591032851419,8.336097390587815,8.310879559015492,76-200,76-200,42.77129365386804,4.396424623698402,40.734565384636426,4.792301809957195,4.106333202636213,0.0,0.0,0.9589366679736377,True,-53.15414302162081,False,False,False,0.44588062495416386,True
KLNC0116,Kalyanpur,Residential,Res-A,795.3408386808318,0.4301002129784408,2.411380418735368,22.35096316742703,0.4837293108751009,LT-A,761.7124321357949,647.4555673154254,0.0,114.25686482036923,0,576,2553.7509772257613,0.0,30,upper-middle,194987.857932438,5,4.856851334527162,4.780327742104753,6.2062,13215.710697556036,11233.35409292263,0.0,17.35,30,1.0,761.7124321357949,647.4555673154254,9939.689652433844,7858.215217568762,0.0,9205.710697556042,7223.35409292263,13.049136699218057,12.137072587315357,601-above,601-above,2081.474434865083,20.941040491695944,1982.3566046334072,114.25686482036951,15.000000000000037,0.0765235924224088,1.5755802916676827,0.85,True,-472.2765423606784,False,False,False,0.8150655461035865,True
KLNC0117,Kalyanpur,Residential,Res-C,795.3408386808318,0.17426637193852418,3.42614784504904,22.699498958687727,0.3419746280138019,LT-A,88.04404501993272,88.04404501993272,0.0,0.0,0,0,0.0,0.0,0,lower-middle,16610.156940438694,5,0.56457132164401,0.56457132164401,0.9696,748.3743826694285,748.3743826694285,0.0,8.5,30,1.0,88.04404501993272,88.04404501993272,645.8524618028996,645.8524618028996,0.0,574.3743826694282,574.3743826694282,7.335560987193193,7.335560987193193,76-200,76-200,0.0,0.0,0.0,0.0,0.0,0.0,0.0,1.0,True,0.0,False,False,False,,False
KLNC0118,Kalyanpur,Residential,Res-A,795.3408386808318,0.5043663978687962,1.4153776719656737,21.77401548601847,0.41830236221550343,LT-A,517.1171661504761,439.54959122790456,0.0,77.56757492257142,0,545,1688.957577576968,0.0,30,upper-middle,155299.00605608136,4,2.2667289180690076,2.2415069844114326,5.2412,7761.928663918646,6597.6393643308475,0.0,15.01,30,1.0,517.1171661504761,439.54959122790456,5644.862017114579,4422.35825254739,0.0,5155.928663918647,3991.6393643308475,10.91602133252714,10.06111333238487,401-600,401-600,1222.5037645671891,21.65692909517889,1164.2892995877983,77.56757492257157,15.000000000000028,0.02522193365757497,1.1127018081659785,0.85,True,-466.45381300977897,False,False,False,0.7238214747353404,True
KLNC0119,Kalyanpur,Residential,Res-B,795.3408386808318,0.36233072183357296,1.202357083422494,20.236715474145438,0.3277600791347023,LT-A,185.07200279529576,185.07200279529576,0.0,0.0,0,0,0.0,0.0,0,middle,44963.20687925797,4,1.153528887559556,1.153528887559556,2.6555,1573.1120237600137,1573.1120237600137,0.0,8.5,30,1.0,185.07200279529576,185.07200279529576,1586.1751749480145,1586.1751749480145,0.0,1399.112023760014,1399.112023760014,8.570584156386147,8.570584156386147,76-200,76-200,0.0,0.0,0.0,0.0,0.0,0.0,0.0,1.0,True,0.0,False,False,False,,False
KLNC0120,Kalyanpur,Residential,Res-A,795.3408386808318,0.5517524550624191,2.00193024704392,16.919653410160063,0.4379636869275554,LT-A,492.56205176403125,418.67774399942664,0.0,73.8843077646047,0,534,1250.0968798267095,0.0,30,upper-middle,80253.5823932205,6,2.90402016277686,2.814149566348498,4.539799999999999,7393.356396978108,6284.352937431391,0.0,15.01,30,1.0,492.56205176403125,418.67774399942664,5226.929396827014,4062.475764302964,0.0,4787.356396978109,3678.352937431394,10.61171760615259,9.703108948414815,401-600,401-600,1164.4536325240501,22.27796750480171,1109.0034595467168,73.88430776460461,14.999999999999986,0.08987059642836215,3.094696021064357,0.85,True,-85.64324730265935,False,True,False,0.9314907118922404,True
KLNC0121,Kalyanpur,Residential,Res-B,795.3408386808318,0.37189375286542997,1.594678119294624,19.00451065238027,0.476944415662699,LT-A,174.1314928774703,174.1314928774703,0.0,0.0,0,0,0.0,0.0,0,middle,29957.61604417121,4,0.9091027803756232,0.9091027803756232,2.6854,1480.1176894584974,1480.1176894584974,0.0,8.5,30,1.0,174.1314928774703,174.1314928774703,1489.8497139314222,1489.8497139314222,0.0,1306.1176894584974,1306.1176894584974,8.555888939514077,8.555888939514077,76-200,76-200,0.0,0.0,0.0,0.0,0.0,0.0,0.0,1.0,True,0.0,False,False,False,,False
KLNC0122,Kalyanpur,Residential,Res-B,795.3408386808318,0.3789155775028102,0.9052924791051906,20.63112357633041,0.34385238789762074,LT-A,269.48049306214847,269.48049306214847,0.0,0.0,0,0,0.0,0.0,0,middle,58493.44308682438,5,2.193014582195235,2.193014582195235,4.1754999999999995,2452.272486865552,2452.272486865552,0.0,9.1,30,1.0,269.48049306214847,269.48049306214847,2450.3256612088285,2450.3256612088285,0.0,2158.272486865551,2158.272486865551,9.092775634204166,9.092775634204166,201-300,201-300,0.0,0.0,0.0,0.0,0.0,0.0,0.0,1.0,True,0.0,False,False,False,,False
KLNC0123,Kalyanpur,Residential,Res-B,795.3408386808318,0.32815890636534245,1.2623873721643657,19.479164128281607,0.4231090001059494,LT-A,147.8444801990225,147.8444801990225,0.0,0.0,0,0,0.0,0.0,0,middle,48093.805669736845,4,0.7472921096486982,0.7472921096486982,3.4603,1256.6780816916914,1256.6780816916914,0.0,8.5,30,1.0,147.8444801990225,147.8444801990225,1289.4112157762756,1289.4112157762756,0.0,1082.6780816916912,1082.6780816916912,8.72140247671418,8.72140247671418,76-200,76-200,0.0,0.0,0.0,0.0,0.0,0.0,0.0,1.0,True,0.0,False,False,False,,False
KLNC0124,Kalyanpur,Residential,Res-A,795.3408386808318,0.5692876137856812,1.8226497488137277,20.779220680776294,0.3934314105585832,LT-A,279.2376449235308,237.35199818500115,0.0,41.88564673852962,0,557,870.3510969369448,0.0,30,upper-middle,154562.86958162347,4,1.1773828380022413,1.1773828380022413,3.7459000000000002,2541.06256880413,2159.903183483511,0.0,9.1,30,1.0,279.2376449235308,237.35199818500115,2524.609887244337,2124.392532657686,0.0,2247.0625688041305,1865.9031834835105,9.041080001715747,8.950388237312643,201-300,201-300,400.21735458665125,15.852641495573664,381.1593853206191,41.88564673852966,15.000000000000012,0.0,0.0,0.85,True,-470.1337423502936,False,False,False,0.459834377178531,True
KLNC0125,Kalyanpur,Residential,Res-A,795.3408386808318,0.5039215764942477,2.231338598822091,18.603793823829644,0.5263320968256737,LT-A,577.5812948622486,490.9441006329112,0.0,86.63719422933728,0,379,1611.7804989176745,0.0,30,upper-middle,158962.37825541466,6,3.32979102266436,3.32979102266436,6.2162,8669.495235882352,7369.070950499997,0.0,15.01,30,1.0,577.5812948622486,490.9441006329112,6640.804417676469,5275.358918024997,0.0,6063.495235882351,4763.070950499998,11.497609906602465,10.745335184238193,401-600,401-600,1365.4454996514714,20.561447285165237,1300.4242853823553,86.63719422933735,15.00000000000001,0.0,0.0,0.85,True,-246.3349992662031,False,False,False,0.8471659140735235,True
KLNC0126,Kalyanpur,Residential,Res-B,795.3408386808318,0.45375463187957515,1.3493770046147335,21.777816819493037,0.4466861359339882,LT-A,171.68550727129715,160.5530712415028,0.0,11.132436029794292,0,332,242.4401526115844,0.0,13,middle,58844.80945890211,5,1.1624939891493788,1.1624939891493788,2.8901999999999997,1459.3268118060257,1364.701105552774,0.0,8.5,30,1.0,171.68550727129715,160.5530712415028,1477.0509723963273,1377.6939808304123,0.0,1285.326811806026,1190.7011055527737,8.603236207132463,8.580925734881115,76-200,76-200,99.356991565915,6.726713798151523,94.62570625325179,11.132436029794349,6.484202543784253,0.0,0.0,0.9351579745621578,True,-143.0831610456694,False,False,False,0.40982069387283276,True
KLNC0127,Kalyanpur,Residential,Res-B,795.3408386808318,0.23777612733206838,1.4935613461841528,25.88583312396255,0.4012060646438786,LT-A,232.8621153263047,232.8621153263047,0.0,0.0,0,0,0.0,0.0,0,middle,54484.44314946444,4,1.0377727161824992,1.0377727161824992,2.7403,2119.045249469372,2119.045249469372,0.0,9.1,30,1.0,232.8621153263047,232.8621153263047,2037.1447419428414,2037.1447419428414,0.0,1825.0452494693727,1825.0452494693727,8.74828753955204,8.74828753955204,201-300,201-300,0.0,0.0,0.0,0.0,0.0,0.0,0.0,1.0,True,0.0,False,False,False,,False
KLNC0128,Kalyanpur,Residential,Res-C,795.3408386808318,0.1699294869447564,2.5009266654726434,20.9794660766975,0.2772732429306061,LT-A,31.04327000555308,31.04327000555308,0.0,0.0,0,0,0.0,0.0,0,lower-middle,11505.4524405958,5,0.5822859589312849,0.5822859589312849,1.0945,165.15019642954238,165.15019642954238,0.0,5.32,30,1.0,31.04327000555308,31.04327000555308,221.67515625101953,221.67515625101953,0.0,165.1501964295424,165.1501964295424,7.140844254209233,7.140844254209233,lifeline 0-50,lifeline 0-50,0.0,0.0,0.0,0.0,0.0,0.0,0.0,1.0,True,0.0,False,False,False,,False
KLNC0129,Kalyanpur,Residential,Res-C,795.3408386808318,0.1585793254514138,2.718621424791259,30.162991169550125,0.3806396144504968,LT-A,105.16433645423493,105.16433645423493,0.0,0.0,0,0,0.0,0.0,0,lower-middle,22356.918689018476,3,0.5953294284521123,0.5953294284521123,2.5006,893.8968598609969,893.8968598609969,0.0,8.5,30,1.0,105.16433645423493,105.16433645423493,866.1681628540467,866.1681628540467,0.0,719.8968598609969,719.8968598609969,8.236329843919883,8.236329843919883,76-200,76-200,0.0,0.0,0.0,0.0,0.0,0.0,0.0,1.0,True,0.0,False,False,False,,False
KLNC0130,Kalyanpur,Residential,Res-A,795.3408386808318,0.7185580828701211,2.396878568894213,19.84325961051049,0.3184585579934069,LT-A,446.5883340896875,379.6000839762343,0.0,66.98825011345313,0,897,1329.2652378550592,0.0,30,upper-middle,129648.39774308061,5,3.0300299464756884,3.0300299464756884,5.3502,6703.290894686212,5697.797260483277,0.0,15.01,30,1.0,446.5883340896875,379.6000839762343,4538.099259420521,3597.7842682439427,0.0,4097.29089468621,3201.752807851374,10.161705788107628,9.477827903929521,401-600,301-400,940.3149911765781,20.720458884291766,1005.493634202935,66.9882501134532,15.000000000000018,0.0,0.0,0.85,True,-388.9502466784811,False,True,False,0.7073945548248125,True
KLNC0131,Kalyanpur,Residential,Res-A,795.3408386808318,0.5815446058965135,2.0683886269154517,23.610029962069696,0.41385210163442365,LT-A,334.35732763943236,284.2037284935175,0.0,50.15359914591484,0,595,1184.1279785406825,0.0,30,upper-middle,147055.90263889343,6,1.5723189770691643,1.553139439744549,4.540900000000001,3216.5174918913376,2734.039868107639,0.0,9.62,30,1.0,334.35732763943236,284.2037284935175,3105.0970564859063,2607.120315755559,0.0,2766.5174918913394,2292.2539292910087,9.286762394017014,9.173420523281509,301-400,201-300,497.97674073034705,16.037396953186263,482.4776237836986,50.15359914591488,15.00000000000001,0.019179537324615303,1.2198248322593144,0.8500000000000001,True,-686.1512378103355,False,False,False,0.4205430069679232,True
KLNC0132,Kalyanpur,Residential,Res-A,795.3408386808318,0.5555856385648869,1.6739773032572303,24.452764218932447,0.38097830179786024,LT-A,709.7034247506091,603.2479110380176,0.0,106.45551371259137,0,714,2603.131576619326,0.0,30,upper-middle,88552.7490389319,6,2.914026096450245,2.914026096450245,4.839,12313.354419423069,10466.351256509606,0.0,17.35,30,1.0,709.7034247506091,603.2479110380176,8931.92204039422,6992.568719335086,0.0,8303.354419423067,6456.351256509605,12.58542896778737,11.591534079749849,601-above,601-above,1939.353321059134,21.712609137075926,1847.0031629134628,106.45551371259148,15.000000000000018,0.0,0.0,0.85,True,-663.7782555601921,False,False,False,0.7450077969465387,True
KLNC0133,Kalyanpur,Residential,Res-C,795.3408386808318,0.172183313268504,3.796319493743385,33.50362182709545,0.29064894812264663,LT-A,79.07193083035482,79.07193083035482,0.0,0.0,0,0,0.0,0.0,0,lower-middle,12403.10509739221,5,0.20680288275565248,0.20680288275565248,0.3054,672.1114120580158,672.1114120580158,0.0,8.5,30,1.0,79.07193083035482,79.07193083035482,545.0669826609168,545.0669826609168,0.0,498.11141205801596,498.11141205801596,6.893305588178096,6.893305588178096,76-200,76-200,0.0,0.0,0.0,0.0,0.0,0.0,0.0,1.0,True,0.0,False,False,False,,False
KLNC0134,Kalyanpur,Residential,Res-B,795.3408386808318,0.25526974048492634,1.1893100905372145,21.929697354073838,0.4080075525035801,LT-A,133.549616022314,133.549616022314,0.0,0.0,0,0,0.0,0.0,0,middle,28417.947775134337,4,0.6831867809632647,0.6831867809632647,3.3392999999999997,1135.1717361896688,1135.1717361896688,0.0,8.5,30,1.0,133.549616022314,133.549616022314,1156.4934529991526,1156.4934529991526,0.0,961.1717361896691,961.1717361896691,8.659653898262958,8.659653898262958,76-200,76-200,0.0,0.0,0.0,0.0,0.0,0.0,0.0,1.0,True,0.0,False,False,False,,False
KLNC0135,Kalyanpur,Residential,Res-A,795.3408386808318,0.5861526628118714,2.038938713944505,19.858190057391656,0.40713082018960084,LT-A,690.0053439464314,586.5045423544667,0.0,103.50080159196473,0,561,2055.3385891056205,0.0,30,upper-middle,112992.55069896887,6,3.668958498537145,3.668958498537145,6.039599999999999,11971.592717470587,10175.85380985,0.0,17.35,30,1.0,690.0053439464314,586.5045423544667,8626.018713344114,6773.651199777572,0.0,7961.592717470585,6197.433180740545,12.501379574842533,11.549187961248167,601-above,401-600,1852.3675135665417,21.474188442241626,1795.7389076205873,103.50080159196466,14.999999999999995,0.0,0.0,0.85,True,-202.9710755390788,False,True,False,0.9012468910889269,True
KLNC0136,Kalyanpur,Residential,Res-A,795.3408386808318,0.6920622339741576,2.335114574441804,18.987488874385818,0.40943419871160897,LT-A,207.40070095167295,184.92041507264335,0.0,22.480285879029623,0,930,426.84417802108754,0.0,30,upper-middle,142263.32657971792,4,0.8408967936726965,0.8028800250391048,3.6102000000000003,1887.3463786602242,1682.7757771610543,0.0,9.1,30,1.0,207.40070095167295,184.92041507264335,1832.223517593235,1626.924524523342,0.0,1593.3463786602238,1397.8235281174684,8.834220468812045,8.797971407776842,201-300,76-200,205.29899306989319,11.204909832156778,204.57060149916992,22.480285879029594,10.839059740819193,0.03801676863359171,4.520979140323496,0.8916094025918079,True,-221.54518495119436,False,True,False,0.4809694114177439,True
KLNC0137,Kalyanpur,Residential,Res-C,795.3408386808318,0.16665041979022072,2.4183883073025685,29.754662492550136,0.36851167110203364,LT-A,105.90089903563384,105.90089903563384,0.0,0.0,0,0,0.0,0.0,0,lower-middle,15575.44271765458,3,0.8479604977293661,0.8479604977293661,1.7704,900.1576418028878,900.1576418028878,0.0,8.5,30,1.0,105.90089903563384,105.90089903563384,840.5401638930321,840.5401638930321,0.0,726.1576418028876,726.1576418028876,7.937044647847651,7.937044647847651,76-200,76-200,0.0,0.0,0.0,0.0,0.0,0.0,0.0,1.0,True,0.0,False,False,False,,False
KLNC0138,Kalyanpur,Residential,Res-B,795.3408386808318,0.47422666298307625,1.814803523941996,26.154797182603865,0.41837054097415965,LT-A,165.43710569641112,165.43710569641112,0.0,0.0,0,0,0.0,0.0,0,middle,31053.095539188867,4,0.8977647030923472,0.8977647030923472,2.8901,1406.2153984194945,1406.2153984194945,0.0,8.5,30,1.0,165.43710569641112,165.43710569641112,1421.2795783404695,1421.2795783404695,0.0,1232.2153984194947,1232.2153984194947,8.591056839138728,8.591056839138728,76-200,76-200,0.0,0.0,0.0,0.0,0.0,0.0,0.0,1.0,True,0.0,False,False,False,,False
KLNC0139,Kalyanpur,Residential,Res-B,795.3408386808318,0.5004959321799685,1.4210021274507159,18.082167698185902,0.41960388525953535,LT-A,181.14462603333848,155.3831674741183,0.0,25.76145855922022,0,840,465.8230138176866,0.0,30,middle,42042.22733959032,5,0.8628376231220072,0.8360885752015252,3.4603,1539.7293212833774,1320.7569235300057,0.0,8.5,30,1.0,181.14462603333848,155.3831674741183,1586.6150173475457,1356.6939997065056,0.0,1365.729321283377,1146.7569235300055,8.758830179458593,8.731280368142103,76-200,76-200,229.92101764104018,14.491292161435297,218.97239775337175,25.761458559220188,14.221486512373245,0.02674904792048194,3.100125354257943,0.8577851348762674,True,-235.90199617664643,False,False,False,0.4935802028257592,True
KLNC0140,Kalyanpur,Residential,Res-B,795.3408386808318,0.34213696224597173,0.9838461486685839,18.571916943778948,0.45403060013315305,LT-A,193.86453756974612,193.86453756974612,0.0,0.0,0,0,0.0,0.0,0,middle,39994.28262669851,5,0.9179474268766209,0.9179474268766209,2.1653000000000002,1647.8485693428415,1647.8485693428415,0.0,8.5,30,1.0,193.86453756974612,193.86453756974612,1643.0307278099842,1643.0307278099842,0.0,1473.848569342842,1473.848569342842,8.475148412426257,8.475148412426257,76-200,76-200,0.0,0.0,0.0,0.0,0.0,0.0,0.0,1.0,True,0.0,False,False,False,,False
KLNC0141,Kalyanpur,Residential,Res-B,795.3408386808318,0.46351991341080206,1.4490795049601908,21.972135706339426,0.37404104093100343,LT-A,235.27310494401186,219.48462302323782,0.0,15.788481920774089,0,756,346.90666736033484,0.0,27,middle,46662.42409009307,5,1.573265027101758,1.573265027101758,2.8954999999999997,2140.985254990508,1997.3100695114638,0.0,9.1,30,1.0,235.27310494401186,219.48462302323782,2067.0260677400333,1916.1671229870371,0.0,1846.9852549905079,1703.310069511464,8.785645381064382,8.730302362840991,201-300,201-300,150.8589447529962,7.298357147374374,143.67518547904433,15.788481920774046,6.7107041089678505,0.0,0.0,0.9328929589103213,True,-196.04772260733864,False,False,False,0.4348689689388349,True
KLNC0142,Kalyanpur,Residential,Res-C,795.3408386808318,0.1804081390292199,2.6270175947034486,36.2483244900705,0.33238642483595426,LT-A,74.40157083113665,74.40157083113665,0.0,0.0,0,0,0.0,0.0,0,lower-middle,24665.785328290272,5,0.6410111773188366,0.6410111773188366,1.3106,459.80170773642436,459.80170773642436,0.0,6.18,30,1.0,74.40157083113665,74.40157083113665,540.5892531232456,540.5892531232456,0.0,459.8017077364245,459.8017077364245,7.265831179158544,7.265831179158544,1-75,1-75,0.0,0.0,0.0,0.0,0.0,0.0,0.0,1.0,True,0.0,False,False,False,,False
KLNC0143,Kalyanpur,Residential,Res-B,795.3408386808318,0.3648374174934524,1.7566006488754162,11.633709847784905,0.4150135744432299,LT-A,170.27052415836295,148.2255998717337,0.0,22.044924286629175,0,930,256.4642527670305,0.0,30,middle,48358.898657874,4,0.8801494487532391,0.8801494487532391,3.3604,1447.2994553460846,1259.9175989097373,0.0,8.5,30,1.0,170.27052415836295,148.2255998717337,1485.1580681133894,1288.4071188552232,0.0,1273.299455346085,1085.9175989097364,8.722343902178238,8.692203775664527,76-200,76-200,196.7509492581662,13.247812033105731,187.38185643634733,22.044924286629254,12.946999720354418,0.0,0.0,0.8705300027964562,True,-59.71330350886427,False,False,False,0.7671671476059191,True
KLNC0144,Kalyanpur,Residential,Res-B,795.3408386808318,0.36706814934925475,1.3976334402903554,22.349764146961334,0.3203391432881398,LT-A,140.56622729059168,140.56622729059168,0.0,0.0,0,0,0.0,0.0,0,middle,53739.197090974514,4,0.828921773259824,0.828921773259824,2.6454999999999997,1194.8129319700295,1194.8129319700295,0.0,8.5,30,1.0,140.56622729059168,140.56622729059168,1188.5201285685307,1188.5201285685307,0.0,1020.8129319700294,1020.8129319700294,8.4552324657011,8.4552324657011,76-200,76-200,0.0,0.0,0.0,0.0,0.0,0.0,0.0,1.0,True,0.0,False,False,False,,False
KLNC0145,Kalyanpur,Residential,Res-A,795.3408386808318,0.8064043623364845,2.830842252351717,18.642707821374337,0.42219395607614546,LT-A,408.35776168071163,347.10409742860486,0.0,61.25366425210674,0,624,1141.9341656405882,0.0,30,upper-middle,180137.85600779857,6,1.827733103722328,1.827733103722328,4.689699999999999,6129.4500028274815,5210.032502403359,0.0,15.01,30,1.0,408.35776168071163,347.10409742860486,3906.4382729688555,3240.4142581263372,0.0,3523.4500028274815,2889.1414172631785,9.56621531299125,9.335569018435029,401-600,301-400,666.0240148425182,17.049393035368414,919.4175004241224,61.25366425210677,15.000000000000007,0.0,0.0,0.85,True,-475.91015079806994,False,True,False,0.5832420422143165,True
KLNC0146,Kalyanpur,Residential,Res-A,795.3408386808318,0.5974331617981142,1.8875646101173018,14.05015765959162,0.35995068237152433,LT-A,414.2984062809361,352.15364533879574,0.0,62.14476094214043,0,808,873.1436889547047,0.0,30,upper-middle,168147.66477042582,5,2.12297060852964,2.12297060852964,5.2392,6218.619078276853,5285.826216535323,0.0,15.01,30,1.0,414.2984062809361,352.15364533879574,4024.2987521906934,3315.6526915671757,0.0,3612.619078276851,2937.718068159215,9.713526992092296,9.415358141124146,401-600,301-400,708.6460606235178,17.609181232823598,932.79286174153,62.14476094214035,14.999999999999984,0.0,0.0,0.85,True,-164.4976283311869,False,True,False,0.8116030266128164,True
KLNC0147,Kalyanpur,Residential,Res-C,795.3408386808318,0.22737062934197147,2.886022480498936,28.817244280420656,0.3267959958456918,LT-A,73.91165968650803,73.91165968650803,0.0,0.0,0,0,0.0,0.0,0,lower-middle,17555.401788121202,3,0.8635792689610793,0.8635792689610793,1.9357,456.77405686261955,456.77405686261955,0.0,6.18,30,1.0,73.91165968650803,73.91165968650803,564.9771297057506,564.9771297057506,0.0,456.7740568626196,456.7740568626196,7.643951334634724,7.643951334634724,1-75,1-75,0.0,0.0,0.0,0.0,0.0,0.0,0.0,1.0,True,0.0,False,False,False,,False
KLNC0148,Kalyanpur,Residential,Res-B,795.3408386808318,0.29911872873906786,1.3167242275104125,19.537866384381196,0.44726605797657165,LT-A,277.2706526994575,277.2706526994575,0.0,0.0,0,0,0.0,0.0,0,middle,54460.37272882002,5,1.3385164101949767,1.3385164101949767,2.6954000000000002,2523.1629395650634,2523.1629395650634,0.0,9.1,30,1.0,277.2706526994575,277.2706526994575,2459.4882265433166,2459.4882265433166,0.0,2229.1629395650634,2229.1629395650634,8.870351775776408,8.870351775776408,201-300,201-300,0.0,0.0,0.0,0.0,0.0,0.0,0.0,1.0,True,0.0,False,False,False,,False
KLNC0149,Kalyanpur,Residential,Res-B,795.3408386808318,0.20539644166184615,1.2171188183358135,25.346097929476,0.31992944121867006,LT-A,263.5080008173748,263.5080008173748,0.0,0.0,0,0,0.0,0.0,0,middle,38790.3327822327,4,1.6993479989634905,1.6993479989634905,2.8703,2397.922807438111,2397.922807438111,0.0,9.1,30,1.0,263.5080008173748,263.5080008173748,2335.6991778100164,2335.6991778100164,0.0,2103.922807438111,2103.922807438111,8.863864362998152,8.863864362998152,201-300,201-300,0.0,0.0,0.0,0.0,0.0,0.0,0.0,1.0,True,0.0,False,False,False,,False
KLNC0150,Kalyanpur,Residential,Res-B,795.3408386808318,0.2849171076212952,1.112163276752448,12.405400977940515,0.4822702410402486,LT-A,133.4495586734026,113.43212487239224,0.0,20.017433801010394,0,543,248.32429285091382,0.0,30,middle,58702.144189959334,5,1.0863432200232415,1.0763871069137962,1.2603,1134.321248723922,964.1730614153341,0.0,8.5,30,1.0,133.4495586734026,113.43212487239224,1063.9165411601182,885.2609444861007,0.0,960.3212487239222,790.173061415334,7.972424575519888,7.804323030023399,76-200,76-200,178.6555966740175,16.792256700812967,170.14818730858792,20.01743380101037,14.999999999999984,0.00995611310944522,0.9164795182531922,0.85,True,-69.66869617689633,False,False,False,0.7194447012128481,True
KLNC0151,Kalyanpur,Residential,Res-C,795.3408386808318,0.1910797413923404,2.323539762488519,32.247527661653585,0.35597888757772345,LT-A,57.08882009720424,57.08882009720424,0.0,0.0,0,0,0.0,0.0,0,lower-middle,13547.18850035293,3,0.5918776091131395,0.5918776091131395,1.2307000000000001,352.80890820072204,352.80890820072204,0.0,6.18,30,1.0,57.08882009720424,57.08882009720424,424.72322361075834,424.72322361075834,0.0,352.8089082007222,352.8089082007222,7.439691745031492,7.439691745031492,1-75,1-75,0.0,0.0,0.0,0.0,0.0,0.0,0.0,1.0,True,0.0,False,False,False,,False
KLNC0152,Kalyanpur,Residential,Res-B,795.3408386808318,0.29644792723380115,1.886757504438119,19.492281963467327,0.4139858063231567,LT-A,162.1242959962872,162.1242959962872,0.0,0.0,0,0,0.0,0.0,0,middle,29055.131384991077,5,1.0681071537270677,1.0681071537270677,2.7351,1378.0565159684415,1378.0565159684415,0.0,8.5,30,1.0,162.1242959962872,162.1242959962872,1384.877251766863,1384.877251766863,0.0,1204.056515968441,1204.056515968441,8.54207102801284,8.54207102801284,76-200,76-200,0.0,0.0,0.0,0.0,0.0,0.0,0.0,1.0,True,0.0,False,False,False,,False
KLNC0153,Kalyanpur,Residential,Res-B,795.3408386808318,0.3517770993090745,1.4912064612038993,25.26149459113446,0.41177316016959625,LT-A,159.52422617369936,159.52422617369936,0.0,0.0,0,0,0.0,0.0,0,middle,53355.52904317243,5,0.9424101435175992,0.9424101435175992,1.8155000000000001,1355.955922476445,1355.955922476445,0.0,8.5,30,1.0,159.52422617369936,159.52422617369936,1321.1172686002667,1321.1172686002667,0.0,1181.9559224764446,1181.9559224764446,8.281609008789403,8.281609008789403,76-200,76-200,0.0,0.0,0.0,0.0,0.0,0.0,0.0,1.0,True,0.0,False,False,False,,False
KLNC0154,Kalyanpur,Residential,Res-A,795.3408386808318,0.6976100946356989,2.576721961545935,16.742775020424748,0.24932286566973139,LT-A,333.91074594026463,289.4777379504441,0.0,44.433007989820474,0,930,743.9318562542993,0.0,30,upper-middle,73836.42327725161,4,1.8741067842751218,1.6182319227980864,4.3909,3212.221375945345,2784.7758390832714,0.0,9.62,30,1.0,333.91074594026463,289.4777379504441,3093.9711347426132,2650.898476116494,0.0,2762.2213759453457,2340.2474153490416,9.265862726370935,9.157521040772755,301-400,201-300,443.0726586261194,14.320516880419394,427.44553686207337,44.43300798982051,13.306851765043048,0.2558748614770354,13.653163396236478,0.8669314823495696,True,-300.8591976281799,False,True,False,0.5955823169839675,True
KLNC0155,Kalyanpur,Residential,Res-A,795.3408386808318,0.6051258246986138,1.8475742136225195,21.79660127663725,0.3947900373833879,LT-A,567.4277307324703,482.31357112259957,0.0,85.11415960987057,0,479,1855.1994000124112,0.0,30,upper-middle,191666.9202727416,5,2.6856424399862995,2.6856424399862995,4.564999999999999,8517.090238294377,7239.526702550222,0.0,15.01,30,1.0,567.4277307324703,482.31357112259957,6407.961250209097,5066.51953767773,0.0,5911.090238294379,4633.52670255022,11.292999800939072,10.504617412869496,401-600,401-600,1341.4417125313666,20.93398602383237,1277.5635357441552,85.11415960987074,15.000000000000032,0.0,0.0,0.85,True,-513.7576874810445,False,True,False,0.7230714458631199,True
KLNC0156,Kalyanpur,Residential,Res-B,795.3408386808318,0.277097131120111,1.275423912411577,21.636020320192827,0.41119364624894106,LT-A,468.1057847159279,468.1057847159279,0.0,0.0,0,0,0.0,0.0,0,middle,58288.240772598554,5,2.5004991390302735,2.5004991390302735,3.5650000000000004,7026.2678285860775,7026.2678285860775,0.0,15.01,30,1.0,468.1057847159279,468.1057847159279,4798.497720015382,4798.497720015382,0.0,4420.2678285860775,4420.2678285860775,10.250883190703084,10.250883190703084,401-600,401-600,0.0,0.0,0.0,0.0,0.0,0.0,0.0,1.0,True,0.0,False,False,False,,False
KLNC0157,Kalyanpur,Residential,Res-A,795.3408386808318,0.4151388492268242,1.7306829567158564,21.171383655747523,0.36852149293076525,LT-A,174.7146737099286,174.7146737099286,0.0,0.0,0,0,0.0,0.0,0,upper-middle,162669.6762795134,6,0.8139321907149963,0.8139321907149963,3.5605999999999995,1485.074726534393,1485.074726534393,0.0,8.5,30,1.0,174.7146737099286,174.7146737099286,1533.6509228611126,1533.6509228611126,0.0,1311.074726534393,1311.074726534393,8.778031577401268,8.778031577401268,76-200,76-200,0.0,0.0,0.0,0.0,0.0,0.0,0.0,1.0,True,0.0,False,False,False,,False
KLNC0158,Kalyanpur,Residential,Res-A,795.3408386808318,0.5997320409334194,1.766877820946097,17.421507897358715,0.42602528979541454,LT-A,264.5338066289344,224.85373563459424,0.0,39.68007099434017,0,534,691.2866701956516,0.0,30,upper-middle,122201.13426088405,5,1.3161894107613799,1.3161894107613799,3.0409,2407.2576403233033,2046.168994274808,0.0,9.1,30,1.0,264.5338066289344,224.85373563459424,2353.0242123394682,1973.8811339885478,0.0,2113.2576403233033,1752.1689942748076,8.894984888037735,8.778511632985571,201-300,201-300,379.1430783509204,16.113012197777667,361.0886460484953,39.680070994340184,15.000000000000007,0.0,0.0,0.85,True,-312.1435918447312,False,False,False,0.5484599872924113,True
KLNC0159,Kalyanpur,Residential,Res-C,795.3408386808318,0.20863895915072517,3.4512735023909062,27.5340549800126,0.3414883305343689,LT-A,54.512672584988614,54.512672584988614,0.0,0.0,0,0,0.0,0.0,0,lower-middle,16999.2049298877,4,0.8167199724463886,0.8167199724463886,0.8795000000000001,336.88831657522957,336.88831657522957,0.0,6.18,30,1.0,54.512672584988614,54.512672584988614,392.51868240399114,392.51868240399114,0.0,336.8883165752296,336.8883165752296,7.200503365378579,7.200503365378579,1-75,1-75,0.0,0.0,0.0,0.0,0.0,0.0,0.0,1.0,True,0.0,False,False,False,,False
KLNC0160,Kalyanpur,Residential,Res-B,795.3408386808318,0.41518393424407113,1.3516767620663177,18.236168916422546,0.3801032994314971,LT-A,110.64614992195968,99.90344890394626,0.0,10.742701018013433,0,810,195.9057103831173,0.0,30,middle,59862.01792625753,4,0.9421720934956012,0.9249436296694636,3.3703,940.4922743366574,849.1793156835431,0.0,8.5,30,1.0,110.64614992195968,99.90344890394626,953.4471180534902,857.5685114677202,0.0,766.4922743366573,675.1793156835431,8.61708354719952,8.583973034727189,76-200,76-200,95.87860658576994,10.055996265583234,91.31295865311426,10.74270101801342,9.709059940712264,0.01722846382613752,1.8285899089005395,0.9029094005928773,True,-100.02710379734737,False,False,False,0.48941200538906054,True
KLNC0161,Kalyanpur,Residential,Res-B,795.3408386808318,0.2581010351228221,1.2309482570940573,19.961653618551082,0.3590266355321981,LT-A,170.92578163064,170.92578163064,0.0,0.0,0,0,0.0,0.0,0,middle,38358.118727941175,5,1.0136684190937575,1.0136684190937575,1.99,1452.8691438604396,1452.8691438604396,0.0,8.5,30,1.0,170.92578163064,170.92578163064,1430.5716010534618,1430.5716010534618,0.0,1278.8691438604399,1278.8691438604399,8.36954839349419,8.36954839349419,76-200,76-200,0.0,0.0,0.0,0.0,0.0,0.0,0.0,1.0,True,0.0,False,False,False,,False
KLNC0162,Kalyanpur,Residential,Res-B,795.3408386808318,0.4225394947548845,1.3764716878609224,24.087848180946025,0.37819679651479665,LT-A,206.02856642617473,206.02856642617473,0.0,0.0,0,0,0.0,0.0,0,middle,26224.498035315653,4,1.5132705891733014,1.5132705891733014,4.1953,1874.8599544781896,1874.8599544781896,0.0,9.1,30,1.0,206.02856642617473,206.02856642617473,1844.9156822020996,1844.9156822020996,0.0,1580.85995447819,1580.85995447819,8.95465960960894,8.95465960960894,201-300,201-300,0.0,0.0,0.0,0.0,0.0,0.0,0.0,1.0,True,0.0,False,False,False,,False
KLNC0163,Kalyanpur,Residential,Res-B,795.3408386808318,0.33653845490910966,1.2394124982085146,19.36345252448588,0.4239238549889946,LT-A,145.393515631273,145.393515631273,0.0,0.0,0,0,0.0,0.0,0,middle,52320.561746518506,5,0.7458479152508677,0.7458479152508677,1.1455000000000002,1235.8448828658204,1235.8448828658204,0.0,8.5,30,1.0,145.393515631273,145.393515631273,1165.4536770091117,1165.4536770091117,0.0,1061.8448828658206,1061.8448828658206,8.015857323133824,8.015857323133824,76-200,76-200,0.0,0.0,0.0,0.0,0.0,0.0,0.0,1.0,True,0.0,False,False,False,,False
KLNC0164,Kalyanpur,Residential,Res-C,795.3408386808318,0.22784373264583646,2.9821609132131677,22.108789694387305,0.24988550313116437,LT-A,91.33146486073369,91.33146486073369,0.0,0.0,0,0,0.0,0.0,0,lower-middle,11846.152073229985,5,1.0482873630904592,1.0482873630904592,2.4047,776.3174513162364,776.3174513162364,0.0,8.5,30,1.0,91.33146486073369,91.33146486073369,738.4805938820482,738.4805938820482,0.0,602.3174513162364,602.3174513162364,8.085719363070728,8.085719363070728,76-200,76-200,0.0,0.0,0.0,0.0,0.0,0.0,0.0,1.0,True,0.0,False,False,False,,False
KLNC0165,Kalyanpur,Residential,Res-B,795.3408386808318,0.4213088672460109,0.9994002977178543,18.167349236919744,0.38997527425933215,LT-A,165.37800393988417,140.57130334890155,0.0,24.806700590982633,0,861,450.6719930520848,0.0,30,middle,32198.59898251455,4,0.7301923912242115,0.6854624822542797,2.3204000000000002,1405.713033489015,1194.8560784656631,0.0,8.5,30,1.0,165.37800393988417,140.57130334890155,1395.628325163466,1174.2285223889462,0.0,1231.7130334890153,1020.8560784656631,8.439020256108453,8.353259124833475,76-200,76-200,221.39980277451969,15.863808349446318,210.85695502335193,24.806700590982615,14.999999999999993,0.044729908969931786,6.125770345941211,0.85,True,-229.27219027756513,False,False,False,0.49126594549427033,True
KLNC0166,Kalyanpur,Residential,Res-C,795.3408386808318,0.20161282326438035,2.499000617857179,33.538367442805914,0.2718511879482031,LT-A,89.25701084704615,89.25701084704615,0.0,0.0,0,0,0.0,0.0,0,lower-middle,10754.74117510643,4,0.6521463883855988,0.6521463883855988,0.7505,758.6845921998923,758.6845921998923,0.0,8.5,30,1.0,89.25701084704615,89.25701084704615,647.0158718098868,647.0158718098868,0.0,584.6845921998922,584.6845921998922,7.248908132478638,7.248908132478638,76-200,76-200,0.0,0.0,0.0,0.0,0.0,0.0,0.0,1.0,True,0.0,False,False,False,,False
KLNC0167,Kalyanpur,Residential,Res-A,795.3408386808318,0.6580483890721067,1.8149948398952922,20.470650616321276,0.43710939500077123,LT-A,550.3155967666349,467.76825725163974,0.0,82.54733951499524,0,570,1689.7977465183187,0.0,30,upper-middle,159117.4827318039,4,3.1699708769811616,3.1699708769811616,5.029599999999999,8260.23710746719,7021.201541347111,0.0,15.01,30,1.0,550.3155967666349,467.76825725163974,6158.754322840549,4857.766978414468,0.0,5654.23710746719,4415.201541347113,11.191313419111054,10.384986375424772,401-600,401-600,1300.987344426081,21.124196164169085,1239.0355661200792,82.5473395149952,14.999999999999993,0.0,0.0,0.85,True,-388.8104020922376,False,True,False,0.7699071365828558,True
KLNC0168,Kalyanpur,Residential,Res-A,795.3408386808318,0.5498842611247108,1.70382122695931,25.87292997968994,0.4659582462396695,LT-A,190.0130321283047,161.51107730905892,0.0,28.501954819245704,0,603,737.4290813226302,0.0,30,upper-middle,105074.84643195555,4,1.0893179040743552,1.0893179040743552,2.455,1615.1107730905899,1372.8441571270014,0.0,8.5,30,1.0,190.0130321283047,161.51107730905892,1621.4318117451196,1367.051864983351,0.0,1441.11077309059,1198.844157127001,8.53326634275412,8.464136873828375,76-200,76-200,254.37994676176868,15.688599725201138,242.2666159635885,28.501954819245782,15.00000000000004,0.0,0.0,0.85,True,-483.0491345608615,False,False,False,0.34495513291328384,True
KLNC0169,Kalyanpur,Residential,Res-C,795.3408386808318,0.22164686534472217,2.3614485620214283,31.71108821802674,0.24754983002235956,LT-A,144.9990504079944,144.9990504079944,0.0,0.0,0,0,0.0,0.0,0,lower-middle,22026.305060301005,4,0.8255574352096824,0.8255574352096824,1.9356000000000002,1232.4919284679524,1232.4919284679524,0.0,8.5,30,1.0,144.9990504079944,144.9990504079944,1196.7764848913498,1196.7764848913498,0.0,1058.4919284679522,1058.4919284679522,8.253684982928458,8.253684982928458,76-200,76-200,0.0,0.0,0.0,0.0,0.0,0.0,0.0,1.0,True,0.0,False,False,False,,False
KLNC0170,Kalyanpur,Residential,Res-C,795.3408386808318,0.26985769185900255,3.032898569855549,32.013790162628425,0.29502338480401563,LT-A,182.68775484444646,182.68775484444646,0.0,0.0,0,0,0.0,0.0,0,lower-middle,21685.57749840244,3,1.019353826053312,1.019353826053312,1.8997,1552.8459161777948,1552.8459161777948,0.0,8.5,30,1.0,182.68775484444646,182.68775484444646,1531.5649819866846,1531.5649819866846,0.0,1378.845916177795,1378.845916177795,8.383511983552317,8.383511983552317,76-200,76-200,0.0,0.0,0.0,0.0,0.0,0.0,0.0,1.0,True,0.0,False,False,False,,False
KLNC0171,Kalyanpur,Residential,Res-B,795.3408386808318,0.35187422154497333,1.411180374443599,21.333624866580152,0.3507600306800722,LT-A,99.08393173743946,99.08393173743946,0.0,0.0,0,0,0.0,0.0,0,middle,44648.59294112517,5,0.9924099615009322,0.9924099615009322,2.0401,842.2134197682357,842.2134197682357,0.0,8.5,30,1.0,99.08393173743946,99.08393173743946,791.5925007566472,791.5925007566472,0.0,668.2134197682353,668.2134197682353,7.989110715290067,7.989110715290067,76-200,76-200,0.0,0.0,0.0,0.0,0.0,0.0,0.0,1.0,True,0.0,False,False,False,,False
KLNC0172,Kalyanpur,Residential,Res-B,795.3408386808318,0.295075981539214,1.827204038463083,20.48047428826938,0.3498329015326834,LT-A,129.4289238020002,129.4289238020002,0.0,0.0,0,0,0.0,0.0,0,middle,49840.542054542166,4,0.965742470770985,0.965742470770985,2.7493999999999996,1100.145852317002,1100.145852317002,0.0,8.5,30,1.0,129.4289238020002,129.4289238020002,1093.7016849328518,1093.7016849328518,0.0,926.1458523170018,926.1458523170018,8.45021076282757,8.45021076282757,76-200,76-200,0.0,0.0,0.0,0.0,0.0,0.0,0.0,1.0,True,0.0,False,False,False,,False
KLNC0173,Kalyanpur,Residential,Res-B,795.3408386808318,0.3545741925457492,1.2685375032558732,17.421236517325582,0.4424082313349844,LT-A,156.6746276605171,151.1829671030445,0.0,5.491660557472598,0,300,95.67151744459821,0.0,10,middle,27917.059221207674,5,0.8547186379288575,0.8547186379288575,2.4804,1331.734335114396,1285.055220375879,0.0,8.5,30,1.0,156.6746276605171,151.1829671030445,1325.0066918701152,1275.9936213946721,0.0,1157.7343351143954,1111.0552203758782,8.457059778314216,8.440062037709382,76-200,76-200,49.0130704754431,3.6990809764338644,46.679114738517,5.491660557472613,3.5051371364174897,0.0,0.0,0.9649486286358252,True,-46.65844696915511,False,False,False,0.5123057706681172,True
KLNC0174,Kalyanpur,Residential,Res-A,795.3408386808318,0.5684015373178706,2.078771746790952,22.26526674776932,0.3698020333941224,LT-A,817.2709315666397,694.6802918316438,0.0,122.59063973499599,0,664,2729.5132944793745,0.0,30,upper-middle,77666.51429083326,6,3.9010122594373215,3.9010122594373215,6.175199999999999,14179.650662681202,12052.70306327902,0.0,17.35,30,1.0,817.2709315666397,694.6802918316438,10950.459515815259,8717.16453644297,0.0,10169.650662681199,8042.703063279019,13.398811939663814,12.548455223133896,601-above,601-above,2233.294979372289,20.394532084674996,2126.947599402183,122.59063973499588,14.999999999999991,0.0,0.0,0.85,True,-496.21831510708535,False,True,False,0.8182026385030912,True
KLNC0175,Kalyanpur,Residential,Res-A,795.3408386808318,0.853688122697718,2.2144605176644054,18.922848865971115,0.41223720489799404,LT-A,642.3392289530084,545.9883446100571,0.0,96.35088434295125,0,539,1823.233222524329,0.0,30,upper-middle,91462.94834356205,5,3.1763741182833196,3.1752527144288525,6.2008,11144.585622334695,9472.897778984492,0.0,17.35,30,1.0,642.3392289530084,545.9883446100571,7764.770183451431,6142.204585226806,0.0,7134.5856223346955,5589.285052596957,12.08827023706422,11.24969909314373,601-above,401-600,1622.5655982246253,20.896505110771955,1671.6878433502025,96.3508843429513,15.000000000000007,0.001121403854467129,0.03530452688215439,0.85,True,-200.66762429970368,False,True,False,0.8899385872193177,True
KLNC0176,Kalyanpur,Residential,Res-B,795.3408386808318,0.36248131720143356,1.9203416483226463,18.69247706256143,0.417924702338583,LT-A,136.79105869569145,136.79105869569145,0.0,0.0,0,0,0.0,0.0,0,middle,47854.62691345958,5,0.9399383865620875,0.9399383865620875,2.6454999999999997,1162.7239989133775,1162.7239989133775,0.0,8.5,30,1.0,136.79105869569145,136.79105869569145,1154.826748859046,1154.826748859046,0.0,988.7239989133773,988.7239989133773,8.442267790529352,8.442267790529352,76-200,76-200,0.0,0.0,0.0,0.0,0.0,0.0,0.0,1.0,True,0.0,False,False,False,,False
KLNC0177,Kalyanpur,Residential,Res-C,795.3408386808318,0.1688397852673161,3.066796757675554,28.614286940738346,0.3480122677126475,LT-A,101.60169415745172,101.60169415745172,0.0,0.0,0,0,0.0,0.0,0,lower-middle,22354.20808061966,3,0.26712957912727187,0.26712957912727187,0.39060000000000006,863.6144003383395,863.6144003383395,0.0,8.5,30,1.0,101.60169415745172,101.60169415745172,746.1451203552566,746.1451203552566,0.0,689.6144003383396,689.6144003383396,7.343825578330994,7.343825578330994,76-200,76-200,0.0,0.0,0.0,0.0,0.0,0.0,0.0,1.0,True,0.0,False,False,False,,False
KLNC0178,Kalyanpur,Residential,Res-B,795.3408386808318,0.3166392729119325,1.7294981386322863,18.966784724970893,0.3714389527292738,LT-A,138.13731046617204,138.13731046617204,0.0,0.0,0,0,0.0,0.0,0,middle,44664.357882575176,4,0.7559257244020807,0.7559257244020807,2.6302,1174.1671389624623,1174.1671389624623,0.0,8.5,30,1.0,138.13731046617204,138.13731046617204,1166.1673159105853,1166.1673159105853,0.0,1000.1671389624623,1000.1671389624623,8.44208789048462,8.44208789048462,76-200,76-200,0.0,0.0,0.0,0.0,0.0,0.0,0.0,1.0,True,0.0,False,False,False,,False
KLNC0179,Kalyanpur,Residential,Res-C,795.3408386808318,0.1316661588185951,3.155852190107192,29.74437733255001,0.29387242480383835,LT-A,84.88162886104095,84.88162886104095,0.0,0.0,0,0,0.0,0.0,0,lower-middle,11711.1429890445,3,0.605521624567625,0.605521624567625,1.9096,721.4938453188481,721.4938453188481,0.0,8.5,30,1.0,84.88162886104095,84.88162886104095,659.0818975847906,659.0818975847906,0.0,547.4938453188481,547.4938453188481,7.764717836220702,7.764717836220702,76-200,76-200,0.0,0.0,0.0,0.0,0.0,0.0,0.0,1.0,True,0.0,False,False,False,,False
KLNC0180,Kalyanpur,Residential,Res-A,795.3408386808318,0.6071581692845742,2.3673791153070187,22.605797199437912,0.40148080750319515,LT-A,529.2020928158654,449.82177889348566,0.0,79.38031392237977,0,736,1794.455278157036,0.0,30,upper-middle,76280.75820895495,4,2.3660227419131363,2.3660227419131363,5.391100000000001,7943.323413166139,6751.8249011912185,0.0,15.01,30,1.0,529.2020928158654,449.82177889348566,5841.9370938244465,4590.86365625078,0.0,5337.323413166139,4145.824901191219,11.03914208415108,10.20596127547186,401-600,401-600,1251.0734375736665,21.415387010862975,1191.4985119749208,79.38031392237974,14.999999999999986,0.0,0.0,0.8500000000000001,True,-543.3818405833695,False,True,False,0.6971884185704309,True
KLNC0181,Kalyanpur,Residential,Res-A,795.3408386808318,0.5324673472650755,2.7948791113924796,14.026206534686475,0.42089946849895615,LT-A,411.35997638290104,349.655979925466,0.0,61.70399645743516,0,727,865.4729983275479,0.0,30,upper-middle,85340.30195387031,5,2.1599441516055777,2.1056196929071334,4.625099999999999,6174.5132455073435,5248.336258681243,0.0,15.01,30,1.0,411.35997638290104,349.655979925466,3950.9058177827114,3263.3419632271316,0.0,3568.5132455073444,2913.690526882983,9.604497385776636,9.333007729262226,401-600,301-400,687.5638545555798,17.40268906084549,926.1769868261008,61.70399645743504,14.999999999999972,0.05432445869844438,2.515086265451017,0.85,True,-177.90914377196805,False,False,False,0.7944370949575987,True
KLNC0182,Kalyanpur,Residential,Res-A,795.3408386808318,0.7196187458474552,1.9076053251608416,19.06815648947483,0.43718825722465293,LT-A,207.9845091127997,176.78683274587985,0.0,31.197676366919975,0,484,594.8821750724204,0.0,30,upper-middle,176291.10724015237,6,0.9802048831222069,0.9789802946626989,3.3801,1892.659032926478,1608.7601779875067,0.0,9.1,30,1.0,207.9845091127997,176.78683274587985,1827.6543945728015,1544.1848922569777,0.0,1598.6590329264775,1328.6880783399788,8.787454423259856,8.734727967419655,201-300,76-200,283.4695023158238,15.51001672731908,283.8988549389712,31.197676366919865,14.999999999999956,0.0012245884595080136,0.12493188726089403,0.8499999999999999,True,-311.41267275659663,False,True,False,0.4765136932894559,True
KLNC0183,Kalyanpur,Residential,Res-C,795.3408386808318,0.23756908887641828,2.153444457798093,26.762807630608133,0.3467683289260958,LT-A,233.53572799559632,233.53572799559632,0.0,0.0,0,0,0.0,0.0,0,lower-middle,24148.127551852136,5,0.7370179218076488,0.7370179218076488,1.3245000000000002,2125.1751247599273,2125.1751247599273,0.0,9.1,30,1.0,233.53572799559632,233.53572799559632,1981.1443309979227,1981.1443309979227,0.0,1831.1751247599263,1831.1751247599263,8.483260133264407,8.483260133264407,201-300,201-300,0.0,0.0,0.0,0.0,0.0,0.0,0.0,1.0,True,0.0,False,False,False,,False
KLNC0184,Kalyanpur,Residential,Res-A,795.3408386808318,0.5905775018426409,1.753178479432378,22.22205847903046,0.428530899488239,LT-A,343.37194577322055,291.8661539072374,0.0,51.505791865983085,0,683,1144.5647188546475,0.0,30,upper-middle,177335.74156672682,4,1.6604919247587728,1.6604919247587728,4.3361,3303.2381183383804,2807.7524005876244,0.0,9.62,30,1.0,343.37194577322055,291.8661539072374,3187.1220342553006,2671.3031105836535,0.0,2853.238118338382,2361.9820005558604,9.28183584444674,9.152493616757846,301-400,201-300,515.8189236716471,16.18447358236073,495.48571775075607,51.505791865983156,15.000000000000021,0.0,0.0,0.85,True,-628.7457951830004,False,False,False,0.4506682017840119,True
KLNC0185,Kalyanpur,Residential,Res-B,795.3408386808318,0.2496895288497994,1.2505924552389824,20.677352524575834,0.34315857555114415,LT-A,230.74871768358497,230.74871768358497,0.0,0.0,0,0,0.0,0.0,0,middle,37831.39921152711,4,1.145803232389914,1.145803232389914,4.1854,2099.8133309206232,2099.8133309206232,0.0,9.1,30,1.0,230.74871768358497,230.74871768358497,2080.6801374666543,2080.6801374666543,0.0,1805.8133309206232,1805.8133309206232,9.01708212445971,9.01708212445971,201-300,201-300,0.0,0.0,0.0,0.0,0.0,0.0,0.0,1.0,True,0.0,False,False,False,,False
KLNC0186,Kalyanpur,Residential,Res-C,795.3408386808318,0.22606670836853315,3.9496940167687944,23.788929817354674,0.2576147243114066,LT-A,123.62714317689979,123.62714317689979,0.0,0.0,0,0,0.0,0.0,0,lower-middle,18250.17867570092,5,1.0132872349674096,1.0132872349674096,1.0455,1050.830717003648,1050.830717003648,0.0,8.5,30,1.0,123.62714317689979,123.62714317689979,966.7788028538307,966.7788028538307,0.0,876.8307170036483,876.8307170036483,7.820117637681342,7.820117637681342,76-200,76-200,0.0,0.0,0.0,0.0,0.0,0.0,0.0,1.0,True,0.0,False,False,False,,False
KLNC0187,Kalyanpur,Residential,Res-C,795.3408386808318,0.1899178181863862,3.384880532208874,30.97198577296225,0.2510411461906082,LT-A,71.6588313799534,71.6588313799534,0.0,0.0,0,0,0.0,0.0,0,lower-middle,11733.174867356644,4,0.5664748644743902,0.5664748644743902,1.2307000000000001,442.851577928112,442.851577928112,0.0,6.18,30,1.0,71.6588313799534,71.6588313799534,519.2680268245175,519.2680268245175,0.0,442.85157792811196,442.85157792811196,7.246392619372007,7.246392619372007,1-75,1-75,0.0,0.0,0.0,0.0,0.0,0.0,0.0,1.0,True,0.0,False,False,False,,False
KLNC0188,Kalyanpur,Residential,Res-A,795.3408386808318,0.5336532230172036,1.9615351925068358,20.002762803257855,0.4210844039135849,LT-A,245.26101189061117,208.47186010701952,0.0,36.789151783591684,0,567,735.8846768602352,0.0,30,upper-middle,81790.01025247788,4,1.8018739831481057,1.7586297638037691,4.3698999999999995,2231.875208204562,1897.0939269738774,0.0,9.1,30,1.0,245.26101189061117,208.47186010701952,2227.4815586147897,1875.9612133225714,0.0,1937.8752082045617,1603.0939269738776,9.082085821321932,8.998630378025803,201-300,201-300,351.5203452922183,15.78106646641866,334.7812812306847,36.78915178359165,14.99999999999999,0.04324421934433653,2.3999580297387566,0.85,True,-384.36433156801695,False,False,False,0.47768401265268046,True
KLNC0189,Kalyanpur,Residential,Res-C,795.3408386808318,0.12802226034288533,3.412481526956635,27.856627287806667,0.24848109181523756,LT-A,88.27329098937403,88.27329098937403,0.0,0.0,0,0,0.0,0.0,0,lower-middle,15987.787939812632,3,0.827126814712164,0.827126814712164,1.9146,750.3229734096793,750.3229734096793,0.0,8.5,30,1.0,88.27329098937403,88.27329098937403,689.5729820801632,689.5729820801632,0.0,576.3229734096793,576.3229734096793,7.811796460190559,7.811796460190559,76-200,76-200,0.0,0.0,0.0,0.0,0.0,0.0,0.0,1.0,True,0.0,False,False,False,,False
KLNC0190,Kalyanpur,Residential,Res-A,795.3408386808318,0.572105531467074,1.905811070968124,20.84186838143294,0.381375330713161,LT-A,508.1890243384362,431.96067068767064,0.0,76.22835365076546,0,522,1588.7413137225763,0.0,30,upper-middle,146048.20152030978,4,2.8568675400058887,2.8568675400058887,5.385700000000001,7627.917255319925,6483.729667021938,0.0,15.01,30,1.0,508.1890243384362,431.96067068767064,5510.522488085924,4309.1255203730325,0.0,5021.917255319927,3877.729667021936,10.843450417410251,9.975735785188526,401-600,401-600,1201.3969677128916,21.801870336440565,1144.1875882979866,76.22835365076554,15.000000000000021,0.0,0.0,0.85,True,-387.3443460096846,False,True,False,0.7561942006140074,True
KLNC0191,Kalyanpur,Residential,Res-B,795.3408386808318,0.23309120820054208,1.6502328341089372,19.46598812608788,0.4040871111593173,LT-A,165.95021071848316,165.95021071848316,0.0,0.0,0,0,0.0,0.0,0,middle,28703.940434091623,4,1.6027745235783262,1.6027745235783262,2.945,1410.5767911071073,1410.5767911071073,0.0,8.5,30,1.0,165.95021071848316,165.95021071848316,1428.2801306624622,1428.2801306624622,0.0,1236.5767911071068,1236.5767911071068,8.606678620525448,8.606678620525448,76-200,76-200,0.0,0.0,0.0,0.0,0.0,0.0,0.0,1.0,True,0.0,False,False,False,,False
KLNC0192,Kalyanpur,Residential,Res-B,795.3408386808318,0.29569274091837844,1.5079350923093402,18.25250650938809,0.34779362442489486,LT-A,250.8319266950383,250.8319266950383,0.0,0.0,0,0,0.0,0.0,0,middle,43448.76487098224,5,1.4639899231403852,1.4639899231403852,3.7754000000000003,2282.570532924849,2282.570532924849,0.0,9.1,30,1.0,250.8319266950383,250.8319266950383,2254.494199571091,2254.494199571091,0.0,1988.5705329248485,1988.5705329248485,8.988067146301145,8.988067146301145,201-300,201-300,0.0,0.0,0.0,0.0,0.0,0.0,0.0,1.0,True,0.0,False,False,False,,False
KLNC0193,Kalyanpur,Residential,Res-C,795.3408386808318,0.1689220680426724,3.823996897860437,26.772653676565973,0.22138442371303385,LT-A,57.58392751263782,57.58392751263782,0.0,0.0,0,0,0.0,0.0,0,lower-middle,10008.933523196614,5,0.6192905294294364,0.6192905294294364,1.8803999999999998,355.8686720281016,355.8686720281016,0.0,6.18,30,1.0,57.58392751263782,57.58392751263782,456.58774562950686,456.58774562950686,0.0,355.86867202810174,355.86867202810174,7.929083085367884,7.929083085367884,1-75,1-75,0.0,0.0,0.0,0.0,0.0,0.0,0.0,1.0,True,0.0,False,False,False,,False
KLNC0194,Kalyanpur,Residential,Res-B,795.3408386808318,0.3013804452921745,1.547435604110036,22.04864813161683,0.33530421066171834,LT-A,147.5259144782692,147.5259144782692,0.0,0.0,0,0,0.0,0.0,0,middle,49803.17521097182,4,1.57246501825503,1.57246501825503,3.3202000000000007,1253.970273065288,1253.970273065288,0.0,8.5,30,1.0,147.5259144782692,147.5259144782692,1280.3896067185524,1280.3896067185524,0.0,1079.970273065288,1079.970273065288,8.679082663182921,8.679082663182921,76-200,76-200,0.0,0.0,0.0,0.0,0.0,0.0,0.0,1.0,True,0.0,False,False,False,,False
KLNC0195,Kalyanpur,Residential,Res-B,795.3408386808318,0.3438737311933886,0.9620586042841752,18.64105650906136,0.41267465000571946,LT-A,177.4525156401119,177.4525156401119,0.0,0.0,0,0,0.0,0.0,0,middle,53316.79928829639,5,1.130991245155322,1.130991245155322,2.1955,1508.346382940951,1508.346382940951,0.0,8.5,30,1.0,177.4525156401119,177.4525156401119,1497.8852520879987,1497.8852520879987,0.0,1334.3463829409511,1334.3463829409511,8.441048280914943,8.441048280914943,76-200,76-200,0.0,0.0,0.0,0.0,0.0,0.0,0.0,1.0,True,0.0,False,False,False,,False
KLNC0196,Kalyanpur,Residential,Res-B,795.3408386808318,0.5205287195938789,1.7094261234261179,15.912398984252015,0.44943524555546976,LT-A,220.80886560213392,187.68753576181382,0.0,33.12132984032009,0,644,527.0398153081854,0.0,30,middle,27955.027986871937,4,1.0455167591691916,1.042002128737722,3.0254000000000003,2009.360676979419,1707.9565754325063,0.0,9.1,30,1.0,220.80886560213392,187.68753576181382,1934.5488508283897,1625.8313966741885,0.0,1715.3606769794187,1421.3440539754174,8.76119192747528,8.66243669338523,201-300,76-200,308.7174541542013,15.958111061501802,301.40410154691267,33.1213298403201,15.000000000000005,0.003514630431469712,0.3361620366815138,0.85,True,-218.32236115398416,False,False,False,0.5857573663076657,True
KLNC0197,Kalyanpur,Residential,Res-A,795.3408386808318,0.5588334232276342,2.413485904614641,16.04504532850091,0.3443692127098381,LT-A,247.80190017616022,210.63161514973612,0.0,37.170285026424025,0,759,596.3989081222721,0.0,30,upper-middle,87281.39219726087,4,1.3695633336899735,1.3543926509863193,3.6509000000000005,2254.997291603058,1916.7476978625994,0.0,9.1,30,1.0,247.80190017616022,210.63161514973612,2220.0518461832107,1864.8897727557287,0.0,1960.9972916030579,1622.7476978625987,8.958978299218025,8.853797999080031,201-300,201-300,355.162073427482,15.99791797827104,338.2495937404585,37.1702850264241,15.000000000000027,0.015170682703654181,1.1077021653887495,0.8500000000000001,True,-241.2368346947901,False,False,False,0.5955109383846618,True
KLNC0198,Kalyanpur,Residential,Res-C,795.3408386808318,0.1986083888473691,2.300060290578588,30.543670880771,0.23109028615775534,LT-A,29.61236767658408,29.61236767658408,0.0,0.0,0,0,0.0,0.0,0,lower-middle,11415.925346605718,5,0.11118289088639638,0.11118289088639638,0.16060000000000002,157.53779603942732,157.53779603942732,0.0,5.32,30,1.0,29.61236767658408,29.61236767658408,187.46468584139865,187.46468584139865,0.0,157.5377960394273,157.5377960394273,6.330621309610308,6.330621309610308,lifeline 0-50,lifeline 0-50,0.0,0.0,0.0,0.0,0.0,0.0,0.0,1.0,True,0.0,False,False,False,,False
KLNC0199,Kalyanpur,Residential,Res-B,795.3408386808318,0.38765882138297797,1.3040461614035568,22.22923303758519,0.3515682992500393,LT-A,191.96585339432207,191.96585339432207,0.0,0.0,0,0,0.0,0.0,0,middle,37302.62500260303,5,0.9522478873816265,0.9522478873816265,2.9255,1631.7097538517378,1631.7097538517378,0.0,8.5,30,1.0,191.96585339432207,191.96585339432207,1659.6097915443245,1659.6097915443245,0.0,1457.7097538517376,1457.7097538517376,8.64533854432578,8.64533854432578,76-200,76-200,0.0,0.0,0.0,0.0,0.0,0.0,0.0,1.0,True,0.0,False,False,False,,False
KLNC0200,Kalyanpur,Residential,Res-B,795.3408386808318,0.2624041244538256,1.1294315318036399,21.384631843987613,0.3634699120153256,LT-A,164.15427843725308,164.15427843725308,0.0,0.0,0,0,0.0,0.0,0,middle,53255.838443407454,5,0.751260863167833,0.751260863167833,2.1752000000000002,1395.311366716651,1395.311366716651,0.0,8.5,30,1.0,164.15427843725308,164.15427843725308,1378.303255052484,1378.303255052484,0.0,1221.3113667166513,1221.3113667166513,8.39638947077052,8.39638947077052,76-200,76-200,0.0,0.0,0.0,0.0,0.0,0.0,0.0,1.0,True,0.0,False,False,False,,False
KLNC0201,Kalyanpur,Residential,Res-B,795.3408386808318,0.3994181535898989,1.3942739279651717,17.133104060786856,0.46641397129197737,LT-A,150.05807366268996,127.5493626132865,0.0,22.5087110494035,0,860,385.644088683613,0.0,30,middle,55915.279934525206,5,0.6635466394749787,0.6635466394749787,3.4153,1275.493626132865,1084.1695822129352,0.0,8.5,30,1.0,150.05807366268996,127.5493626132865,1307.183037439508,1106.2927913235822,0.0,1101.4936261328648,910.1695822129352,8.711180981690308,8.673448213753304,76-200,76-200,200.89024611592595,15.368180305447273,191.32404391992986,22.50871104940346,14.999999999999977,0.0,0.0,0.85,True,-184.75384256768706,False,False,False,0.5209213676829847,True
KLNC0202,Kalyanpur,Residential,Res-C,795.3408386808318,0.23665063096644112,3.406441134724813,33.69858543501419,0.28783473805949267,LT-A,80.8431790782079,80.8431790782079,0.0,0.0,0,0,0.0,0.0,0,lower-middle,13668.714631670979,3,0.4720775634133549,0.4720775634133549,1.1796,687.1670221647672,687.1670221647672,0.0,8.5,30,1.0,80.8431790782079,80.8431790782079,590.8457332730054,590.8457332730054,0.0,513.1670221647671,513.1670221647671,7.3085415493299655,7.3085415493299655,76-200,76-200,0.0,0.0,0.0,0.0,0.0,0.0,0.0,1.0,True,0.0,False,False,False,,False
KLNC0203,Kalyanpur,Residential,Res-A,795.3408386808318,0.6185730472619146,1.359738564312634,20.11647488443911,0.40349940711199445,LT-A,616.5633648290708,524.07886010471,0.0,92.48450472436059,0,460,1860.4622164873904,0.0,30,upper-middle,187094.18678541319,5,3.2456122519295847,3.2456122519295847,5.356199999999999,10697.374379784376,9092.76822281672,0.0,17.35,30,1.0,616.5633648290708,524.07886010471,7257.951518773597,5759.653294680282,0.0,6687.374379784378,5260.423690171697,11.771623052540125,10.990050797945779,601-above,401-600,1498.2982240933152,20.643541365876857,1604.6061569676567,92.48450472436082,15.000000000000032,0.0,0.0,0.8500000000000001,True,-362.1639923940752,False,True,False,0.8053365506783299,True
KLNC0204,Kalyanpur,Residential,Res-B,795.3408386808318,0.32314117605780507,1.5471168314397905,21.80958012146826,0.4518153348592133,LT-A,160.28747346764567,160.28747346764567,0.0,0.0,0,0,0.0,0.0,0,middle,54882.8610731222,4,0.6635893524804684,0.6635893524804684,0.95,1362.4435244749882,1362.4435244749882,0.0,8.5,30,1.0,160.28747346764567,160.28747346764567,1289.7607006987378,1289.7607006987378,0.0,1188.4435244749882,1188.4435244749882,8.046547074429235,8.046547074429235,76-200,76-200,0.0,0.0,0.0,0.0,0.0,0.0,0.0,1.0,True,0.0,False,False,False,,False
KLNC0205,Kalyanpur,Residential,Res-C,795.3408386808318,0.22992905843302397,4.296485439360794,34.45825681900061,0.33072343602859255,LT-A,86.45133420714836,86.45133420714836,0.0,0.0,0,0,0.0,0.0,0,lower-middle,18767.850357209067,4,0.7412240372044498,0.7412240372044498,1.8205,734.836340760761,734.836340760761,0.0,8.5,30,1.0,86.45133420714836,86.45133420714836,669.1622077987992,669.1622077987992,0.0,560.8363407607611,560.8363407607611,7.740334072755911,7.740334072755911,76-200,76-200,0.0,0.0,0.0,0.0,0.0,0.0,0.0,1.0,True,0.0,False,False,False,,False
KLNC0206,Kalyanpur,Residential,Res-C,795.3408386808318,0.20076639663583032,3.155371240230227,30.771058638502534,0.3662569528252074,LT-A,51.76104645358434,51.76104645358434,0.0,0.0,0,0,0.0,0.0,0,lower-middle,23597.238156606894,3,0.6070347956085209,0.6070347956085209,1.1393999999999997,319.8832670831512,319.8832670831512,0.0,6.18,30,1.0,51.76104645358434,51.76104645358434,386.1249704373088,386.1249704373088,0.0,319.8832670831512,319.8832670831512,7.459759740050048,7.459759740050048,1-75,1-75,0.0,0.0,0.0,0.0,0.0,0.0,0.0,1.0,True,0.0,False,False,False,,False
KLNC0207,Kalyanpur,Residential,Res-A,795.3408386808318,0.5564960066065645,2.2196305706259367,21.45852321100826,0.3912725448741114,LT-A,196.6817703768606,170.4434985691974,0.0,26.238271807663175,0,900,563.0345646014839,0.0,30,upper-middle,159683.841459528,5,1.0242843098660122,1.0242843098660122,3.1549000000000005,1671.7950482033148,1448.769737838178,0.0,8.5,30,1.0,196.6817703768606,170.4434985691974,1711.8158906134809,1477.6393147300869,0.0,1497.7950482033152,1274.769737838178,8.703480181887127,8.669379161623981,76-200,76-200,234.17657588339398,13.680009466407613,223.02531036513687,26.23827180766321,13.340469611082021,0.0,0.0,0.8665953038891799,True,-328.8579887180899,False,False,False,0.4159186497708968,True
KLNC0208,Kalyanpur,Residential,Res-B,795.3408386808318,0.3495470497852088,1.175867368761005,17.063550915448403,0.40328043966689536,LT-A,121.74724787649433,115.07557014730514,0.0,6.671677729189177,0,207,113.8425126234827,0.0,11,middle,48600.78557576735,4,0.977683324636462,0.977683324636462,2.04,1034.8516069502018,978.1423462520937,0.0,8.5,30,1.0,121.74724787649433,115.07557014730514,993.858187297712,934.3134635646984,0.0,860.8516069502018,804.1423462520937,8.163290789997362,8.11912956302288,76-200,76-200,59.5447237330136,5.9912696292128915,56.709260698108096,6.6716777291891844,5.47994130919265,0.0,0.0,0.9452005869080735,True,-54.29778889046911,False,False,False,0.5230447076475637,True
KLNC0209,Kalyanpur,Residential,Res-B,795.3408386808318,0.417499970156177,1.6095618481196847,16.847178737225132,0.4315114118399248,LT-A,234.93937136663226,199.69846566163747,0.0,35.24090570499485,0,831,593.7098372737452,0.0,30,middle,49924.62344604319,5,1.3854686652497121,1.3854686652497121,2.2801000000000005,2137.948279436354,1817.256037520901,0.0,9.1,30,1.0,234.93937136663226,199.69846566163747,2036.6981034081712,1700.1612160301145,0.0,1843.9482794363535,1523.4369581239184,8.669037001166664,8.513641856972562,201-300,76-200,336.5368873780567,16.523651041600246,320.692241915453,35.24090570499479,14.999999999999979,0.0,0.0,0.85,True,-257.1729498956885,False,False,False,0.5668373105006979,True
KLNC0210,Kalyanpur,Residential,Res-C,795.3408386808318,0.18534015393336767,3.691234145293329,37.489898870237305,0.33923270798274596,LT-A,107.24230887646992,107.24230887646992,0.0,0.0,0,0,0.0,0.0,0,lower-middle,13407.540149417884,5,0.28121411115055106,0.28121411115055106,0.42569999999999997,911.5596254499943,911.5596254499943,0.0,8.5,30,1.0,107.24230887646992,107.24230887646992,796.487606722494,796.487606722494,0.0,737.5596254499943,737.5596254499943,7.426990476677919,7.426990476677919,76-200,76-200,0.0,0.0,0.0,0.0,0.0,0.0,0.0,1.0,True,0.0,False,False,False,,False
KLNC0211,Kalyanpur,Residential,Res-B,795.3408386808318,0.35539602866722175,1.4652742427626624,19.659708271109988,0.3540019335867717,LT-A,187.17004786215995,187.17004786215995,0.0,0.0,0,0,0.0,0.0,0,middle,38704.19140697059,4,0.7138687581093717,0.7138687581093717,2.4801,1590.9454068283594,1590.9454068283594,0.0,8.5,30,1.0,187.17004786215995,187.17004786215995,1597.1650871697773,1597.1650871697773,0.0,1416.9454068283594,1416.9454068283594,8.533230104989865,8.533230104989865,76-200,76-200,0.0,0.0,0.0,0.0,0.0,0.0,0.0,1.0,True,0.0,False,False,False,,False
KLNC0212,Kalyanpur,Residential,Res-B,795.3408386808318,0.3890633774564215,1.6052976570446438,16.264540522953954,0.36573897905288116,LT-A,124.94269922711035,107.18219191412831,0.0,17.760507312982032,0,1050,288.86649090021626,0.0,30,middle,29236.14319616175,5,0.6299054304298738,0.6299054304298738,1.4005000000000003,1062.0129434304379,911.0486312700905,0.0,8.5,30,1.0,124.94269922711035,107.18219191412831,994.1756406019599,835.6631128335953,0.0,888.012943430438,737.0486312700907,7.957052686966774,7.7966600412791305,76-200,76-200,158.51252776836463,15.944117044789735,150.9643121603474,17.760507312982043,14.214922058549803,0.0,0.0,0.857850779414502,True,-130.35396313185163,False,False,False,0.5487397561218685,True
KLNC0213,Kalyanpur,Residential,Res-C,795.3408386808318,0.2295364800872594,2.722005201934272,24.2086612261238,0.2690180904218961,LT-A,142.01205682809007,142.01205682809007,0.0,0.0,0,0,0.0,0.0,0,lower-middle,10868.095915459819,3,0.5433692856776633,0.5433692856776633,1.2055,1207.1024830387653,1207.1024830387653,0.0,8.5,30,1.0,142.01205682809007,142.01205682809007,1137.9201571907038,1137.9201571907038,0.0,1033.1024830387655,1033.1024830387655,8.012841885447733,8.012841885447733,76-200,76-200,0.0,0.0,0.0,0.0,0.0,0.0,0.0,1.0,True,0.0,False,False,False,,False
KLNC0214,Kalyanpur,Residential,Res-C,795.3408386808318,0.1446410638815915,3.0410693546614236,27.63088167018305,0.3689614385818419,LT-A,26.390934409700268,26.390934409700268,0.0,0.0,0,0,0.0,0.0,0,lower-middle,23797.83957968557,3,0.8625912668488518,0.8625912668488518,1.5093999999999999,140.3997710596054,140.3997710596054,0.0,5.32,30,1.0,26.390934409700268,26.390934409700268,213.98429961258572,213.98429961258572,0.0,140.39977105960543,140.39977105960543,8.10825021541994,8.10825021541994,lifeline 0-50,lifeline 0-50,0.0,0.0,0.0,0.0,0.0,0.0,0.0,1.0,True,0.0,False,False,False,,False
KLNC0215,Kalyanpur,Residential,Res-B,795.3408386808318,0.3085763117279441,1.5501717309911764,21.114523600713085,0.36450414998850744,LT-A,181.6127473765679,181.6127473765679,0.0,0.0,0,0,0.0,0.0,0,middle,44267.618080161774,5,0.9018652261783376,0.9018652261783376,3.4351,1543.7083527008274,1543.7083527008274,0.0,8.5,30,1.0,181.6127473765679,181.6127473765679,1589.6816803358686,1589.6816803358686,0.0,1369.7083527008272,1369.7083527008272,8.75313932143605,8.75313932143605,76-200,76-200,0.0,0.0,0.0,0.0,0.0,0.0,0.0,1.0,True,0.0,False,False,False,,False
KLNC0216,Kalyanpur,Residential,Res-C,795.3408386808318,0.17965283056509007,2.5263129048660593,23.116966860934923,0.1914683043108779,LT-A,49.72459040777854,49.72459040777854,0.0,0.0,0,0,0.0,0.0,0,lower-middle,24452.373007722992,4,0.8606726462728789,0.8606726462728789,1.2155000000000002,264.5348209693819,264.5348209693819,0.0,5.32,30,1.0,49.72459040777854,49.72459040777854,331.36511201785095,331.36511201785095,0.0,264.5348209693819,264.5348209693819,6.664008879719494,6.664008879719494,lifeline 0-50,lifeline 0-50,0.0,0.0,0.0,0.0,0.0,0.0,0.0,1.0,True,0.0,False,False,False,,False
KLNC0217,Kalyanpur,Residential,Res-B,795.3408386808318,0.3576605217147486,1.4361061093553869,19.071642733131736,0.4170644707044387,LT-A,167.5744134698586,167.5744134698586,0.0,0.0,0,0,0.0,0.0,0,middle,25466.576119959478,5,0.7950072951387638,0.7950072951387638,2.2301,1424.382514493798,1424.382514493798,0.0,8.5,30,1.0,167.5744134698586,167.5744134698586,1411.249050218488,1411.249050218488,0.0,1250.3825144937982,1250.3825144937982,8.421626076419642,8.421626076419642,76-200,76-200,0.0,0.0,0.0,0.0,0.0,0.0,0.0,1.0,True,0.0,False,False,False,,False
KLNC0218,Kalyanpur,Residential,Res-C,795.3408386808318,0.15806218260975924,3.4153735793698763,32.02089590393622,0.20048569882848533,LT-A,53.16553077432892,53.16553077432892,0.0,0.0,0,0,0.0,0.0,0,lower-middle,17531.96290628182,5,0.628204367986294,0.628204367986294,2.2945,328.56298018535267,328.56298018535267,0.0,6.18,30,1.0,53.16553077432892,53.16553077432892,446.1785791946204,446.1785791946204,0.0,328.5629801853527,328.5629801853527,8.392252888220174,8.392252888220174,1-75,1-75,0.0,0.0,0.0,0.0,0.0,0.0,0.0,1.0,True,0.0,False,False,False,,False
KLNC0219,Kalyanpur,Residential,Res-B,795.3408386808318,0.3109226444222815,0.7226720391885173,16.596560340136236,0.34535406955319536,LT-A,176.79741323534165,176.79741323534165,0.0,0.0,0,0,0.0,0.0,0,middle,59352.231048889225,4,0.8952539374610812,0.8952539374610812,2.2603000000000004,1502.7780125004044,1502.7780125004044,0.0,8.5,30,1.0,176.79741323534165,176.79741323534165,1494.8961431254243,1494.8961431254243,0.0,1328.778012500404,1328.778012500404,8.455418638594628,8.455418638594628,76-200,76-200,0.0,0.0,0.0,0.0,0.0,0.0,0.0,1.0,True,0.0,False,False,False,,False
KLNC0220,Kalyanpur,Residential,Res-C,795.3408386808318,0.24898047939938073,3.0884323177365762,29.68535664601121,0.2687330082729637,LT-A,139.68037581207096,139.68037581207096,0.0,0.0,0,0,0.0,0.0,0,lower-middle,18303.615520654057,5,0.6146214554276683,0.6146214554276683,1.1204,1187.2831944026032,1187.2831944026032,0.0,8.5,30,1.0,139.68037581207096,139.68037581207096,1113.3569941227333,1113.3569941227333,0.0,1013.2831944026032,1013.2831944026032,7.970747412798117,7.970747412798117,76-200,76-200,0.0,0.0,0.0,0.0,0.0,0.0,0.0,1.0,True,0.0,False,False,False,,False
KLNC0221,Kalyanpur,Residential,Res-B,795.3408386808318,0.32660682624733084,2.0869007779174495,18.60992977300904,0.36715893054069537,LT-A,191.07866207021164,191.07866207021164,0.0,0.0,0,0,0.0,0.0,0,middle,58233.06479757794,4,1.1611213016431265,1.1611213016431265,3.6202,1624.1686275967986,1624.1686275967986,0.0,8.5,30,1.0,191.07866207021164,191.07866207021164,1682.3278789766387,1682.3278789766387,0.0,1450.1686275967988,1450.1686275967988,8.804373344201402,8.804373344201402,76-200,76-200,0.0,0.0,0.0,0.0,0.0,0.0,0.0,1.0,True,0.0,False,False,False,,False
KLNC0222,Kalyanpur,Residential,Res-C,795.3408386808318,0.25112478838489505,3.3204689846752724,32.99259811235235,0.2650275207977991,LT-A,93.41109109242831,93.41109109242831,0.0,0.0,0,0,0.0,0.0,0,lower-middle,20386.07265137693,4,0.8219707732251087,0.8219707732251087,1.9647000000000001,793.9942742856407,793.9942742856407,0.0,8.5,30,1.0,93.41109109242831,93.41109109242831,737.6372579999226,737.6372579999226,0.0,619.9942742856406,619.9942742856406,7.896677464885257,7.896677464885257,76-200,76-200,0.0,0.0,0.0,0.0,0.0,0.0,0.0,1.0,True,0.0,False,False,False,,False
KLNC0223,Kalyanpur,Residential,Res-A,795.3408386808318,0.6631157501546234,1.9468863455796546,14.656273804795934,0.42480198510700184,LT-A,338.5047723435514,287.7290564920187,0.0,50.77571585153271,0,688,744.1827941545805,0.0,30,upper-middle,155833.41754540207,4,1.4026013320264041,1.4026013320264041,4.4206,3256.4159099449644,2767.95352345322,0.0,9.62,30,1.0,338.5047723435514,287.7290564920187,3141.6851654422126,2635.499594781238,0.0,2806.4159099449644,2324.3344140773697,9.281066094553283,9.159657446186163,301-400,201-300,506.18557066097446,16.11191268396003,488.4623864917444,50.77571585153271,15.000000000000002,0.0,0.0,0.85,True,-237.99722349360604,False,True,False,0.6801898332465751,True
KLNC0224,Kalyanpur,Residential,Res-C,795.3408386808318,0.13583190401170275,1.830023163983332,29.542163882951932,0.23397573807494787,LT-A,48.02847911967818,48.02847911967818,0.0,0.0,0,0,0.0,0.0,0,lower-middle,11212.061618313413,4,0.16372905210053634,0.16372905210053634,0.3054,255.5115089166879,255.5115089166879,0.0,5.32,30,1.0,48.02847911967818,48.02847911967818,290.3370843625223,290.3370843625223,0.0,255.51150891668794,255.51150891668794,6.045102607539485,6.045102607539485,lifeline 0-50,lifeline 0-50,0.0,0.0,0.0,0.0,0.0,0.0,0.0,1.0,True,0.0,False,False,False,,False
KLNC0225,Kalyanpur,Residential,Res-C,795.3408386808318,0.12799904267000406,3.004663022268049,36.31900038361797,0.3520502956704612,LT-A,89.83122882562901,89.83122882562901,0.0,0.0,0,0,0.0,0.0,0,lower-middle,20682.695540122186,5,0.25044514743227037,0.25044514743227037,0.3655,763.5654450178466,763.5654450178466,0.0,8.5,30,1.0,89.83122882562901,89.83122882562901,641.0937172687389,641.0937172687389,0.0,589.5654450178466,589.5654450178466,7.136646416283173,7.136646416283173,76-200,76-200,0.0,0.0,0.0,0.0,0.0,0.0,0.0,1.0,True,0.0,False,False,False,,False
KLNC0226,Kalyanpur,Residential,Res-C,795.3408386808318,0.20515129746496014,2.605435076008921,28.062316637817386,0.2848070996644408,LT-A,77.44625346981394,77.44625346981394,0.0,0.0,0,0,0.0,0.0,0,lower-middle,23850.8417491581,3,0.6079507842939875,0.6079507842939875,0.8645999999999999,658.2931544934186,658.2931544934186,0.0,8.5,30,1.0,77.44625346981394,77.44625346981394,546.6366722180893,546.6366722180893,0.0,484.29315449341846,484.29315449341846,7.05827135241798,7.05827135241798,76-200,76-200,0.0,0.0,0.0,0.0,0.0,0.0,0.0,1.0,True,0.0,False,False,False,,False
KLNC0227,Kalyanpur,Residential,Res-B,795.3408386808318,0.2690832544716064,1.0329582203629966,18.86926168147179,0.4651543810361122,LT-A,161.41513194068727,161.41513194068727,0.0,0.0,0,0,0.0,0.0,0,middle,37841.50545812323,4,1.0243543657417322,1.0243543657417322,2.8703,1372.028621495842,1372.028621495842,0.0,8.5,30,1.0,161.41513194068727,161.41513194068727,1384.510282570634,1384.510282570634,0.0,1198.028621495842,1198.028621495842,8.577326462053003,8.577326462053003,76-200,76-200,0.0,0.0,0.0,0.0,0.0,0.0,0.0,1.0,True,0.0,False,False,False,,False
KLNC0228,Kalyanpur,Residential,Res-A,795.3408386808318,0.5428269772131549,2.811937925449463,19.7192581565042,0.4008406733434346,LT-A,374.58621797539416,318.398285279085,0.0,56.187932696309126,0,580,1107.9843501188027,0.0,30,upper-middle,185490.23491714595,6,2.275184591781333,2.275184591781333,4.7246,3603.51941692329,3062.9915043847977,0.0,9.62,30,1.0,374.58621797539416,318.398285279085,3519.5502477694563,2951.995939604037,0.0,3153.519416923292,2612.9915043847973,9.395834867583538,9.271393961862987,301-400,301-400,567.5543081654191,16.125762333557002,540.5279125384923,56.18793269630919,15.000000000000018,0.0,0.0,0.85,True,-540.4300419533836,False,False,False,0.5122403652222738,True
KLNC0229,Kalyanpur,Residential,Res-A,795.3408386808318,0.5900965342124275,2.4265487947068016,20.697711975138006,0.3821530370107268,LT-A,505.39554575987125,429.5862138958906,0.0,75.8093318639807,0,618,1569.0797159483247,0.0,30,upper-middle,67874.5673861,4,3.4428339365042584,3.4428339365042584,6.1507,7585.987141855667,6448.089070577318,0.0,15.01,30,1.0,505.39554575987125,429.5862138958906,5500.232368948451,4305.4393941061835,0.0,4979.987141855668,3842.0890705773177,10.883025018906238,10.022294139889691,401-600,401-600,1194.7929748422675,21.72259087793215,1137.8980712783487,75.80933186398067,14.999999999999998,0.0,0.0,0.85,True,-374.2867411060572,False,True,False,0.7614609778574285,True
KLNC0230,Kalyanpur,Residential,Res-C,795.3408386808318,0.11089131270651525,3.003151555596907,28.472435293137373,0.28454270725826397,LT-A,163.7130284751444,163.7130284751444,0.0,0.0,0,0,0.0,0.0,0,lower-middle,18337.32068495916,5,0.5425266274181372,0.5425266274181372,1.3147,1391.5607420387275,1391.5607420387275,0.0,8.5,30,1.0,163.7130284751444,163.7130284751444,1336.4170491406637,1336.4170491406637,0.0,1217.5607420387273,1217.5607420387273,8.163168573621276,8.163168573621276,76-200,76-200,0.0,0.0,0.0,0.0,0.0,0.0,0.0,1.0,True,0.0,False,False,False,,False
KLNC0231,Kalyanpur,Residential,Res-B,795.3408386808318,0.32692610833052455,1.8470522802204592,22.186682947210464,0.4416568026391441,LT-A,137.39140375755574,137.39140375755574,0.0,0.0,0,0,0.0,0.0,0,middle,32446.524259626276,5,0.8267800846887008,0.8267800846887008,2.5745,1167.8269319392236,1167.8269319392236,0.0,8.5,30,1.0,137.39140375755574,137.39140375755574,1157.053728536185,1157.053728536185,0.0,993.8269319392238,993.8269319392238,8.421587500320985,8.421587500320985,76-200,76-200,0.0,0.0,0.0,0.0,0.0,0.0,0.0,1.0,True,0.0,False,False,False,,False
KLNC0232,Kalyanpur,Residential,Res-C,795.3408386808318,0.22025089272716217,3.2002939749739885,29.387758715486918,0.3277631074928613,LT-A,86.2006634035418,86.2006634035418,0.0,0.0,0,0,0.0,0.0,0,lower-middle,12578.325581189034,4,0.8474969361740663,0.8474969361740663,0.9695,732.7056389301052,732.7056389301052,0.0,8.5,30,1.0,86.2006634035418,86.2006634035418,629.3958708766105,629.3958708766105,0.0,558.7056389301052,558.7056389301052,7.3015200350621665,7.3015200350621665,76-200,76-200,0.0,0.0,0.0,0.0,0.0,0.0,0.0,1.0,True,0.0,False,False,False,,False
KLNC0233,Kalyanpur,Residential,Res-A,795.3408386808318,0.5377946491594773,2.2801824665229895,21.374748781458727,0.4613764952136315,LT-A,455.2157799958277,386.93341299645346,0.0,68.28236699937416,0,577,1459.5184408149905,0.0,30,upper-middle,84460.06117260896,6,4.071802193809003,4.071802193809003,5.455099999999999,6832.788857737374,5807.8705290767675,0.0,15.01,30,1.0,455.2157799958277,386.93341299645346,4678.698210624242,3676.4843146771764,0.0,4226.788857737373,3272.299433025882,10.277978963442623,9.501594308452432,401-600,301-400,1002.2138959470658,21.420785244734734,1024.9183286606067,68.28236699937423,15.000000000000018,0.0,0.0,0.85,True,-457.30454486792473,False,False,False,0.6866743632149195,True
KLNC0234,Kalyanpur,Residential,Res-B,795.3408386808318,0.344252818623279,0.9859674200358867,17.551267538370837,0.41810413830676746,LT-A,172.6953798607305,170.98360729374002,0.0,1.711772566990481,0,56,30.043778288093748,0.0,2,middle,49983.04204939821,4,1.2781264525487201,1.2781264525487201,3.4603,1467.910728816209,1453.36066199679,0.0,8.5,30,1.0,172.6953798607305,170.98360729374002,1511.2054952570197,1495.9279250966297,0.0,1293.9107288162093,1279.3606619967902,8.750700200988152,8.748955228946079,76-200,76-200,15.277570160390042,1.0109525281862275,14.550066819419044,1.7117725669904758,0.9912092427550337,0.0,0.0,0.9900879075724496,True,-14.766208127703706,False,False,False,0.5085102816926489,True
KLNC0235,Kalyanpur,Residential,Res-C,795.3408386808318,0.29314052933479506,3.4849111442609373,22.824105208869145,0.32700080713680163,LT-A,88.94193387694922,88.94193387694922,0.0,0.0,0,0,0.0,0.0,0,lower-middle,19738.118565262324,5,0.22967709132068664,0.22967709132068664,0.3654,756.0064379540685,756.0064379540685,0.0,8.5,30,1.0,88.94193387694922,88.94193387694922,633.1567598517718,633.1567598517718,0.0,582.0064379540684,582.0064379540684,7.1187653815549075,7.1187653815549075,76-200,76-200,0.0,0.0,0.0,0.0,0.0,0.0,0.0,1.0,True,0.0,False,False,False,,False
KLNC0236,Kalyanpur,Residential,Res-C,795.3408386808318,0.19831084079004105,3.392268713232235,28.687754060058424,0.35178014388821155,LT-A,107.85080156355686,107.85080156355686,0.0,0.0,0,0,0.0,0.0,0,lower-middle,20428.96709571906,3,0.8155602178832324,0.8155602178832324,2.1746999999999996,916.7318132902333,916.7318132902333,0.0,8.5,30,1.0,107.85080156355686,107.85080156355686,875.772673954745,875.772673954745,0.0,742.7318132902333,742.7318132902333,8.120224061929193,8.120224061929193,76-200,76-200,0.0,0.0,0.0,0.0,0.0,0.0,0.0,1.0,True,0.0,False,False,False,,False
KLNC0237,Kalyanpur,Residential,Res-B,795.3408386808318,0.3949946748648533,1.6685760943014447,21.133902962413806,0.41600650964873886,LT-A,154.56398754948117,154.56398754948117,0.0,0.0,0,0,0.0,0.0,0,middle,48480.737984382184,5,0.6264927532446423,0.6264927532446423,1.1145,1313.7938941705902,1313.7938941705902,0.0,8.5,30,1.0,154.56398754948117,154.56398754948117,1245.9330388791195,1245.9330388791195,0.0,1139.79389417059,1139.79389417059,8.060952998383625,8.060952998383625,76-200,76-200,0.0,0.0,0.0,0.0,0.0,0.0,0.0,1.0,True,0.0,False,False,False,,False
KLNC0238,Kalyanpur,Residential,Res-C,795.3408386808318,0.16448151136263423,3.0781217573084243,28.26322040663675,0.40996720007709425,LT-A,115.95809144230091,115.95809144230091,0.0,0.0,0,0,0.0,0.0,0,lower-middle,24676.77262499466,4,0.8040808989394168,0.8040808989394168,1.4356000000000002,985.6437772595577,985.6437772595577,0.0,8.5,30,1.0,115.95809144230091,115.95809144230091,915.5359261225357,915.5359261225357,0.0,811.6437772595577,811.6437772595577,7.8954035439440915,7.8954035439440915,76-200,76-200,0.0,0.0,0.0,0.0,0.0,0.0,0.0,1.0,True,0.0,False,False,False,,False
KLNC0239,Kalyanpur,Residential,Res-B,795.3408386808318,0.3058131781995502,1.0124474358448898,20.571321119610147,0.4267973253519158,LT-A,115.5090360306217,115.5090360306217,0.0,0.0,0,0,0.0,0.0,0,middle,30159.795073050438,4,0.5592589419256709,0.5592589419256709,0.915,981.8268062602846,981.8268062602846,0.0,8.5,30,1.0,115.5090360306217,115.5090360306217,888.5696465732987,888.5696465732987,0.0,807.8268062602845,807.8268062602845,7.692641866890283,7.692641866890283,76-200,76-200,0.0,0.0,0.0,0.0,0.0,0.0,0.0,1.0,True,0.0,False,False,False,,False
KLNC0240,Kalyanpur,Residential,Res-A,795.3408386808318,0.5905828163751642,1.8864732123460894,24.224199186921716,0.33703321235246625,LT-A,366.2848288522523,311.3421045244146,0.0,54.94272432783785,0,522,1330.943497989674,0.0,30,upper-middle,129355.27137825698,4,1.7981180598047426,1.7981180598047426,4.4461,3523.660053558668,2995.111045524868,0.0,9.62,30,1.0,366.2848288522523,311.3421045244146,3423.4160662366003,2868.439607801112,0.0,3073.660053558667,2545.1110455248686,9.346322305960147,9.21314388936488,301-400,301-400,554.9764584354884,16.21118928280255,528.5490080338,54.94272432783771,14.999999999999964,0.0,0.0,0.85,True,-775.9670395541855,False,False,False,0.4169797284961786,True
KLNC0241,Kalyanpur,Residential,Res-A,795.3408386808318,0.7057256840183975,2.7588346967806148,19.318374847457868,0.4539770630597618,LT-A,423.72401792449546,360.1654152358211,0.0,63.55860268867433,0,511,1227.8489115204545,0.0,30,upper-middle,189802.73986037442,6,2.4620279298465997,2.294535944941879,3.6455999999999995,6360.097509046675,5406.082882689675,0.0,15.01,30,1.0,423.72401792449546,360.1654152358211,4102.573344499011,3326.301819297029,0.0,3754.097509046677,3014.791294568599,9.682182673038987,9.235483693288838,401-600,301-400,776.2715252019821,18.921575801755154,954.0146263570005,63.55860268867434,15.000000000000007,0.1674919849047205,6.803009132197633,0.85,True,-451.57738631847246,False,True,False,0.6322207218807722,True
KLNC0242,Kalyanpur,Residential,Res-B,795.3408386808318,0.33342748179093135,1.1932932335766382,22.257193316993458,0.3523509478926824,LT-A,134.00062106655602,134.00062106655602,0.0,0.0,0,0,0.0,0.0,0,middle,39109.47971215932,5,0.7068670211264197,0.7068670211264197,2.1851000000000003,1139.005279065726,1139.005279065726,0.0,8.5,30,1.0,134.00062106655602,134.00062106655602,1109.6184530190126,1109.6184530190126,0.0,965.0052790657262,965.0052790657262,8.280696344443674,8.280696344443674,76-200,76-200,0.0,0.0,0.0,0.0,0.0,0.0,0.0,1.0,True,0.0,False,False,False,,False
KLNC0243,Kalyanpur,Residential,Res-B,795.3408386808318,0.2785730815603576,1.5494883516944298,13.54774922268199,0.3820909941884553,LT-A,126.17254435867062,108.50366243716944,0.0,17.668881921501185,0,788,239.37358131767758,0.0,28,middle,44576.53398419166,4,0.5906449605021932,0.5877971348343172,1.6851,1072.4666270487003,922.2811307159402,0.0,8.5,30,1.0,126.17254435867062,108.50366243716944,1017.7028684011353,860.0080972517372,0.0,898.4666270487003,748.2811307159402,8.065961367221952,7.9260743640772215,76-200,76-200,157.6947711493981,15.495168191590622,150.18549633276007,17.668881921501182,14.00374543551556,0.0028478256678760028,0.4821552469447385,0.8599625456448443,True,-81.67881016827948,False,False,False,0.6587810161895775,True
KLNC0244,Kalyanpur,Residential,Res-B,795.3408386808318,0.4386167978554843,1.3761348397041417,18.789710905833598,0.3624614675216917,LT-A,132.1233709383672,116.63528743534177,0.0,15.488083503025445,0,840,291.0166115072587,0.0,30,middle,58600.86025343777,4,0.8941336533383425,0.8941336533383425,1.1042,1123.048652976121,991.3999432004048,0.0,8.5,30,1.0,132.1233709383672,116.63528743534177,1045.1963056249274,906.9651603604252,0.0,949.0486529761213,817.399943200405,7.910760209959294,7.776078580534324,76-200,76-200,138.23114526450217,13.22537637385287,131.64870977571627,15.488083503025436,11.722440468348559,0.0,0.0,0.8827755953165144,True,-152.7854662427565,False,False,False,0.47499400308650197,True
KLNC0245,Kalyanpur,Residential,Res-C,795.3408386808318,0.15340005090732545,2.8301940452653724,29.814825927009398,0.3639100132362564,LT-A,117.1917407017601,117.1917407017601,0.0,0.0,0,0,0.0,0.0,0,lower-middle,12735.681868443742,5,0.30360706531659454,0.30360706531659454,0.38070000000000004,996.129795964961,996.129795964961,0.0,8.5,30,1.0,117.1917407017601,117.1917407017601,885.2862857632088,885.2862857632088,0.0,822.1297959649607,822.1297959649607,7.55416960668042,7.55416960668042,76-200,76-200,0.0,0.0,0.0,0.0,0.0,0.0,0.0,1.0,True,0.0,False,False,False,,False
KLNC0246,Kalyanpur,Residential,Res-C,795.3408386808318,0.15775830928862897,2.902029102677165,20.82946613121346,0.3889940981691571,LT-A,149.5101007533903,149.5101007533903,0.0,0.0,0,0,0.0,0.0,0,lower-middle,16026.177125874005,4,0.5781391311810536,0.5781391311810536,1.1804,1270.8358564038176,1270.8358564038176,0.0,8.5,30,1.0,149.5101007533903,149.5101007533903,1203.7332892240086,1203.7332892240086,0.0,1096.8358564038176,1096.8358564038176,8.051183720419722,8.051183720419722,76-200,76-200,0.0,0.0,0.0,0.0,0.0,0.0,0.0,1.0,True,0.0,False,False,False,,False
KLNC0247,Kalyanpur,Residential,Res-B,795.3408386808318,0.3469660197954587,1.179441115656949,22.89181126109016,0.4804171865237439,LT-A,175.17898388081866,175.17898388081866,0.0,0.0,0,0,0.0,0.0,0,middle,31288.997459703784,4,0.9576411828818536,0.9576411828818536,1.8955000000000002,1489.021362986959,1489.021362986959,0.0,8.5,30,1.0,175.17898388081866,175.17898388081866,1464.3639811363066,1464.3639811363066,0.0,1315.0213629869586,1315.0213629869586,8.359244634804895,8.359244634804895,76-200,76-200,0.0,0.0,0.0,0.0,0.0,0.0,0.0,1.0,True,0.0,False,False,False,,False
KLNC0248,Kalyanpur,Residential,Res-B,795.3408386808318,0.38227955790503043,0.8565601934629048,14.70317824672336,0.4267680123143432,LT-A,178.7472748378107,151.93518361213907,0.0,26.812091225671608,0,856,394.2229564584571,0.0,30,middle,34646.573052841886,5,1.3692822231165809,1.3687656904504988,3.4352,1519.351836121391,1291.4490607031826,0.0,8.5,30,1.0,178.7472748378107,151.93518361213907,1564.1117479274606,1324.8138337383411,0.0,1345.351836121391,1117.449060703182,8.750408918662863,8.71959872783866,76-200,76-200,239.2979141891194,15.299285009923564,227.90277541820842,26.812091225671622,15.000000000000009,0.0005165326660820924,0.037722878261460834,0.85,True,-154.92504226933767,False,False,False,0.60701161682434,True
KLNC0249,Kalyanpur,Residential,Res-C,795.3408386808318,0.21198318331739452,3.564508250901995,30.174023956388865,0.19141799583412078,LT-A,94.89104219040178,94.89104219040178,0.0,0.0,0,0,0.0,0.0,0,lower-middle,22046.207957978782,4,0.2764818628870274,0.2764818628870274,0.3054,806.5738586184151,806.5738586184151,0.0,8.5,30,1.0,94.89104219040178,94.89104219040178,686.2525515493359,686.2525515493359,0.0,632.5738586184151,632.5738586184151,7.2320056320210835,7.2320056320210835,76-200,76-200,0.0,0.0,0.0,0.0,0.0,0.0,0.0,1.0,True,0.0,False,False,False,,False
KLNC0250,Kalyanpur,Residential,Res-B,795.3408386808318,0.40940673637894265,1.1346211701071973,20.28782366920073,0.4128075909246736,LT-A,298.6742641047004,284.5779411847121,0.0,14.09632291998837,0,420,285.9837137848367,0.0,10,middle,38889.789221679945,4,1.1737628904878055,1.1737628904878055,2.0103,2717.9358033527733,2589.6592647808793,0.0,9.1,30,1.0,298.6742641047004,284.5779411847121,2633.7868235204123,2499.096458019924,0.0,2423.9358033527737,2295.6592647808798,8.818258350498981,8.781764488196314,201-300,201-300,134.6903655004885,5.113943326683388,128.27653857189398,14.096322919988324,4.719630920408614,0.0,0.0,0.9528036907959138,True,-151.2933482843482,False,False,False,0.47097215333676107,True
KLNC0251,Kalyanpur,Residential,Res-C,795.3408386808318,0.19770622691405057,3.417659898802887,21.495962727687356,0.29840708359581986,LT-A,86.61790402035301,86.61790402035301,0.0,0.0,0,0,0.0,0.0,0,lower-middle,13919.273404461564,3,0.5700011608521393,0.5700011608521393,1.7956,736.2521841730008,736.2521841730008,0.0,8.5,30,1.0,86.61790402035301,86.61790402035301,669.5507533816507,669.5507533816507,0.0,562.2521841730006,562.2521841730006,7.729934832229642,7.729934832229642,76-200,76-200,0.0,0.0,0.0,0.0,0.0,0.0,0.0,1.0,True,0.0,False,False,False,,False
KLNC0252,Kalyanpur,Residential,Res-A,795.3408386808318,0.53395834082598,2.484634641915792,18.269918893033505,0.3374176593490568,LT-A,157.91651467087587,139.9323208129647,0.0,17.984193857911183,0,780,328.56976314062854,0.0,30,upper-middle,115958.0448811267,5,1.427214916084355,1.3602486570799244,2.7252,1342.2903747024448,1189.4247269101998,0.0,8.5,30,1.0,157.91651467087587,139.9323208129647,1346.886213437567,1186.37728325571,0.0,1168.2903747024448,1015.4247269101999,8.529102964593037,8.478222017352495,76-200,76-200,160.50893018185707,11.91703713205297,152.865647792245,17.98419385791118,11.388418681474331,0.06696625900443065,4.692093548752726,0.8861158131852567,True,-168.06083295877147,False,False,False,0.488507915785175,True
KLNC0253,Kalyanpur,Residential,Res-B,795.3408386808318,0.4046359911263727,1.8607638832034628,16.056437330047302,0.3150546909503519,LT-A,142.14169168845086,120.82043793518324,0.0,21.32125375326764,0,889,342.34337468737783,0.0,30,middle,27874.53193059638,5,0.3417874023548698,0.3367752062412136,0.5103,1208.2043793518326,1026.9737224490575,0.0,8.5,30,1.0,142.14169168845086,120.82043793518324,1108.4188283194242,918.1266385715104,0.0,1034.2043793518324,852.9737224490575,7.797985342322222,7.599100402732024,76-200,76-200,190.29218974791377,17.16789582476087,181.23065690277508,21.321253753267627,15.0,0.00501219611365622,1.4664660192631016,0.8499999999999999,True,-152.05118493946406,False,False,False,0.5558518254418838,True
KLNC0254,Kalyanpur,Residential,Res-B,795.3408386808318,0.3028612466421577,1.7297517085284961,22.451576495658593,0.4246099067367523,LT-A,117.48759846089321,117.48759846089321,0.0,0.0,0,0,0.0,0.0,0,middle,41324.95407879781,4,0.8669779394644956,0.8669779394644956,2.9351,998.6445869175925,998.6445869175925,0.0,8.5,30,1.0,117.48759846089321,117.48759846089321,995.3147262634718,995.3147262634718,0.0,824.6445869175923,824.6445869175923,8.471657769009306,8.471657769009306,76-200,76-200,0.0,0.0,0.0,0.0,0.0,0.0,0.0,1.0,True,0.0,False,False,False,,False
KLNC0255,Kalyanpur,Residential,Res-B,795.3408386808318,0.3009210524796804,1.363221440278097,20.153169128054607,0.45030468386516886,LT-A,117.51262573655765,117.51262573655765,0.0,0.0,0,0,0.0,0.0,0,middle,41280.647947782694,5,0.8663511728421129,0.8663511728421129,3.2302000000000004,998.8573187607399,998.8573187607399,0.0,8.5,30,1.0,117.51262573655765,117.51262573655765,1008.5520046987772,1008.5520046987772,0.0,824.8573187607401,824.8573187607401,8.582499100647881,8.582499100647881,76-200,76-200,0.0,0.0,0.0,0.0,0.0,0.0,0.0,1.0,True,0.0,False,False,False,,False
KLNC0256,Kalyanpur,Residential,Res-C,795.3408386808318,0.15415592938309036,3.9044582269133197,27.34511323682446,0.2705306725717164,LT-A,140.93427729664967,140.93427729664967,0.0,0.0,0,0,0.0,0.0,0,lower-middle,23601.35058767828,5,0.3816049172251653,0.3816049172251653,0.41040000000000004,1197.9413570215222,1197.9413570215222,0.0,8.5,30,1.0,140.93427729664967,140.93427729664967,1097.1884248725983,1097.1884248725983,0.0,1023.9413570215222,1023.9413570215222,7.78510697268592,7.78510697268592,76-200,76-200,0.0,0.0,0.0,0.0,0.0,0.0,0.0,1.0,True,0.0,False,False,False,,False
KLNC0257,Kalyanpur,Residential,Res-B,795.3408386808318,0.35953442343751096,0.9877369815428566,22.15149710525824,0.3311980812535487,LT-A,245.7184548559376,245.7184548559376,0.0,0.0,0,0,0.0,0.0,0,middle,50843.23767893313,4,1.8114195724017976,1.8114195724017976,3.0952,2236.037939189032,2236.037939189032,0.0,9.1,30,1.0,245.7184548559376,245.7184548559376,2175.638156148484,2175.638156148484,0.0,1942.0379391890322,1942.0379391890322,8.854191100233152,8.854191100233152,201-300,201-300,0.0,0.0,0.0,0.0,0.0,0.0,0.0,1.0,True,0.0,False,False,False,,False
KLNC0258,Kalyanpur,Residential,Res-C,795.3408386808318,0.14774571682572665,2.6002878267818264,32.17769900089465,0.40388895410325815,LT-A,60.09352342481335,60.09352342481335,0.0,0.0,0,0,0.0,0.0,0,lower-middle,10303.846695106884,3,0.22035072007499384,0.22035072007499384,0.2604,371.37797476534644,371.37797476534644,0.0,6.18,30,1.0,60.09352342481335,60.09352342481335,411.9968735036138,411.9968735036138,0.0,371.3779747653465,371.3779747653465,6.85592806051867,6.85592806051867,1-75,1-75,0.0,0.0,0.0,0.0,0.0,0.0,0.0,1.0,True,0.0,False,False,False,,False
KLNC0259,Kalyanpur,Residential,Res-B,795.3408386808318,0.38874564793222244,1.5270254552477025,24.061070640130993,0.4418611108593322,LT-A,207.80477628572694,207.80477628572694,0.0,0.0,0,0,0.0,0.0,0,middle,54715.33699173671,5,1.6409329233647671,1.6409329233647671,3.3689999999999998,1891.0234642001158,1891.0234642001158,0.0,9.1,30,1.0,207.80477628572694,207.80477628572694,1825.447537410121,1825.447537410121,0.0,1597.023464200115,1597.023464200115,8.784434939551973,8.784434939551973,201-300,201-300,0.0,0.0,0.0,0.0,0.0,0.0,0.0,1.0,True,0.0,False,False,False,,False
KLNC0260,Kalyanpur,Residential,Res-B,795.3408386808318,0.2875546341727119,1.8680225745132433,21.1695885149148,0.4001535226579249,LT-A,134.3248591291122,134.3248591291122,0.0,0.0,0,0,0.0,0.0,0,middle,52512.86197972091,4,0.7731894498853206,0.7731894498853206,3.4504,1141.761302597454,1141.761302597454,0.0,8.5,30,1.0,134.3248591291122,134.3248591291122,1168.3120077273265,1168.3120077273265,0.0,967.7613025974538,967.7613025974538,8.697660398097662,8.697660398097662,76-200,76-200,0.0,0.0,0.0,0.0,0.0,0.0,0.0,1.0,True,0.0,False,False,False,,False
KLNC0261,Kalyanpur,Residential,Res-B,795.3408386808318,0.45267123104582574,1.199478086691174,20.35270537378823,0.4443988903087425,LT-A,141.85940594599458,120.58049505409538,0.0,21.278910891899194,0,702,433.08340405791745,0.0,30,middle,39137.391429388466,4,0.7581725980423906,0.7558474042337899,1.5301,1205.804950540954,1024.9342079598111,0.0,8.5,30,1.0,141.85940594599458,120.58049505409538,1150.8726080680017,960.9583283578012,0.0,1031.804950540954,850.9342079598107,8.11276912090084,7.9694342598833385,76-200,76-200,189.9142797102005,16.501763825017463,180.87074258114285,21.2789108918992,15.000000000000009,0.002325193808600634,0.3066839680838253,0.85,True,-243.16912434771695,False,False,False,0.43851664120752765,True
KLNC0262,Kalyanpur,Residential,Res-B,795.3408386808318,0.45262956750614114,1.9733559025757628,20.022456616462588,0.44067656449412806,LT-A,101.0023534634884,85.85200044396511,0.0,15.150353019523255,0,807,303.34728605749746,0.0,30,middle,49813.34619236553,4,1.0792367397457194,1.0792367397457194,1.6254,858.5200044396513,729.7420037737037,0.0,8.5,30,1.0,101.0023534634884,85.85200044396511,790.426144661634,655.2092439623887,0.0,684.5200044396514,555.7420037737035,7.825819078041257,7.631845974166185,76-200,76-200,135.21690069924534,17.106835548453304,128.77800066594762,15.150353019523294,15.000000000000034,0.0,0.0,0.8500000000000001,True,-168.1303853582521,False,False,False,0.44574949872343966,True
KLNC0263,Kalyanpur,Residential,Res-B,795.3408386808318,0.27847697381454967,1.5608469049992664,17.652525666753995,0.4615967429245916,LT-A,260.6279276337343,260.6279276337343,0.0,0.0,0,0,0.0,0.0,0,middle,34343.19410699662,5,1.0971467119992102,1.0971467119992102,3.7655000000000003,2371.7141414669823,2371.7141414669823,0.0,9.1,30,1.0,260.6279276337343,260.6279276337343,2347.6583985403313,2347.6583985403313,0.0,2077.7141414669823,2077.7141414669823,9.007700824140162,9.007700824140162,201-300,201-300,0.0,0.0,0.0,0.0,0.0,0.0,0.0,1.0,True,0.0,False,False,False,,False
KLNC0264,Kalyanpur,Residential,Res-C,795.3408386808318,0.2989309726233217,3.373830534101598,24.994893836974942,0.3556899824933779,LT-A,75.83752611701682,75.83752611701682,0.0,0.0,0,0,0.0,0.0,0,lower-middle,23410.71744920638,4,0.5166752081035826,0.5166752081035826,0.8956,644.6189719946428,644.6189719946428,0.0,8.5,30,1.0,75.83752611701682,75.83752611701682,533.6458805943752,533.6458805943752,0.0,470.618971994643,470.618971994643,7.036699480030018,7.036699480030018,76-200,76-200,0.0,0.0,0.0,0.0,0.0,0.0,0.0,1.0,True,0.0,False,False,False,,False
KLNC0265,Kalyanpur,Residential,Res-B,795.3408386808318,0.4435718165530562,1.2777379893184222,19.376367464920804,0.4842804882251953,LT-A,192.34778913835174,163.495620767599,0.0,28.852168370752764,0,545,559.050216511471,0.0,30,middle,34139.4870172221,5,0.9525809556546246,0.9525809556546246,3.4953,1634.95620767599,1389.7127765245916,0.0,8.5,30,1.0,192.34778913835174,163.495620767599,1688.1467480597894,1430.6411453508213,0.0,1460.9562076759898,1215.7127765245916,8.776533151860356,8.750333119835714,76-200,76-200,257.5056027089681,15.253745150113456,245.24343115139845,28.852168370752736,14.999999999999986,0.0,0.0,0.85,True,-301.5446138025029,False,False,False,0.4606126517861467,True
KLNC0266,Kalyanpur,Residential,Res-C,795.3408386808318,0.20519198046186177,3.9743850098967064,28.99134367243322,0.29712109987230567,LT-A,61.80692827041264,61.80692827041264,0.0,0.0,0,0,0.0,0.0,0,lower-middle,21709.964100182176,5,0.6261551386186383,0.6261551386186383,0.9557,381.96681671115,381.96681671115,0.0,6.18,30,1.0,61.80692827041264,61.80692827041264,443.21152754670766,443.21152754670766,0.0,381.9668167111501,381.9668167111501,7.1709036502769505,7.1709036502769505,1-75,1-75,0.0,0.0,0.0,0.0,0.0,0.0,0.0,1.0,True,0.0,False,False,False,,False
KLNC0267,Kalyanpur,Residential,Res-B,795.3408386808318,0.4014896207774774,1.2255649966333075,17.052176622413363,0.47493559426546966,LT-A,118.27618665699892,100.53475865844908,0.0,17.741427998549838,0,886,302.52996376510146,0.0,30,middle,53745.89767752404,4,0.6142801793536089,0.6106572522944638,0.9005000000000001,1005.3475865844907,854.5454485968174,0.0,8.5,30,1.0,118.27618665699892,100.53475865844908,912.6270159137152,754.284771026658,0.0,831.3475865844907,680.5454485968171,7.716067297302496,7.502726232120584,76-200,76-200,158.3422448870573,17.350159717606676,150.8021379876733,17.741427998549838,15.000000000000002,0.0036229270591451312,0.5897841377459783,0.85,True,-144.18771887804417,False,False,False,0.5233935935350909,True
KLNC0268,Kalyanpur,Residential,Res-B,795.3408386808318,0.3424085612238148,1.7043426615914172,21.454001013385806,0.3643676238588289,LT-A,150.41208457589536,150.41208457589536,0.0,0.0,0,0,0.0,0.0,0,middle,49094.213795239804,5,1.0587543259529557,1.0587543259529557,3.445,1278.5027188951103,1278.5027188951103,0.0,8.5,30,1.0,150.41208457589536,150.41208457589536,1311.6523548398661,1311.6523548398661,0.0,1104.5027188951105,1104.5027188951105,8.720392105050767,8.720392105050767,76-200,76-200,0.0,0.0,0.0,0.0,0.0,0.0,0.0,1.0,True,0.0,False,False,False,,False
KLNC0269,Kalyanpur,Residential,Res-B,795.3408386808318,0.2630735525682501,1.7896079435280547,14.838967157096619,0.48245764049585466,LT-A,149.94000924193037,149.19611353715456,0.0,0.7438957047758212,0,20,11.038643931473654,0.0,1,middle,46210.556877362935,5,1.0271333369893678,1.0271333369893678,2.2900000000000005,1274.4900785564078,1268.1669650658132,0.0,8.5,30,1.0,149.94000924193037,149.19611353715456,1256.5035824842287,1249.8643133191044,0.0,1100.4900785564082,1094.1669650658137,8.380042050396582,8.377324875877873,76-200,76-200,6.639269165124233,0.5283923784759736,6.323113490594551,0.7438957047758095,0.4961288908389508,0.0,0.0,0.9950387110916105,True,-4.399374766349421,False,False,False,0.6014569548886513,True
KLNC0270,Kalyanpur,Residential,Res-C,795.3408386808318,0.13296373207875872,2.6555386762831015,28.4456631676944,0.3565714480117005,LT-A,54.61056419807865,54.61056419807865,0.0,0.0,0,0,0.0,0.0,0,lower-middle,22152.141614089498,3,0.583871044888462,0.583871044888462,1.8705,337.49328674412607,337.49328674412607,0.0,6.18,30,1.0,54.61056419807865,54.61056419807865,436.85700108133227,436.85700108133227,0.0,337.493286744126,337.493286744126,7.999496205474144,7.999496205474144,1-75,1-75,0.0,0.0,0.0,0.0,0.0,0.0,0.0,1.0,True,0.0,False,False,False,,False
KLNC0271,Kalyanpur,Residential,Res-C,795.3408386808318,0.1935336725067369,3.445795202483263,25.941191055504223,0.35146456015511623,LT-A,159.89028564160887,159.89028564160887,0.0,0.0,0,0,0.0,0.0,0,lower-middle,13047.461661552727,3,1.24142326073346,1.24142326073346,2.0345999999999997,1359.0674279536759,1359.0674279536759,0.0,8.5,30,1.0,159.89028564160887,159.89028564160887,1334.046659351359,1334.046659351359,0.0,1185.0674279536754,1185.0674279536754,8.343512890718078,8.343512890718078,76-200,76-200,0.0,0.0,0.0,0.0,0.0,0.0,0.0,1.0,True,0.0,False,False,False,,False
KLNC0272,Kalyanpur,Residential,Res-C,795.3408386808318,0.29915084598278335,3.322220115647796,32.33323041332612,0.2646873776349108,LT-A,86.05211611514554,86.05211611514554,0.0,0.0,0,0,0.0,0.0,0,lower-middle,20732.56395857375,5,0.4478492961763269,0.4478492961763269,1.0357,731.4429869787369,731.4429869787369,0.0,8.5,30,1.0,86.05211611514554,86.05211611514554,630.9895063276739,630.9895063276739,0.0,557.442986978737,557.442986978737,7.3326436909855035,7.3326436909855035,76-200,76-200,0.0,0.0,0.0,0.0,0.0,0.0,0.0,1.0,True,0.0,False,False,False,,False
KLNC0273,Kalyanpur,Commercial,Commercial,41.84160261653365,0.5012084944257533,2.1443364621981007,23.102722161568444,0.2881872373265468,LT-E,1906.5833694300939,1620.5958640155798,0.0,285.9875054145141,0,663,6607.089879271572,0.0,30,,0.0,0,5.606391425126202,5.606391425126202,5.250000000000001,28833.305490322517,24250.288321621847,0.0,15.36,30,1.0,1906.5833694300939,1620.5958640155798,31245.501582168552,26633.09509484327,0.0,29285.12055444624,24892.352471279304,16.388216787765383,16.43413739737104,flat,flat,4612.406487325283,14.761825714961574,4583.01716870067,285.9875054145141,15.0,0.0,0.0,0.85,True,-1994.6833919462888,False,False,False,0.6980995523908021,True
KLNC0274,Kalyanpur,Commercial,Commercial,41.84160261653365,0.47484619421810514,2.720810384877539,25.232096106990976,0.3537747936432394,LT-E,4835.6216691654845,4110.278418790664,0.0,725.3432503748229,0,427,18301.93060401475,0.0,30,,0.0,0,13.613787660471681,13.613787660471681,13.55,74217.60214766278,61637.96818209504,0.0,15.36,30,1.0,4835.6216691654845,4110.278418790664,79269.38128030094,67571.04533825582,0.0,74275.14883838184,63133.87651262459,16.3928004925954,16.4395299912887,flat,flat,11698.335942045116,14.757698058319832,12579.633965567737,725.3432503748209,14.999999999999961,0.0,0.0,0.85,True,-6603.594661969633,False,False,False,0.6391858976603783,True
KLNC0275,Kalyanpur,Commercial,Commercial,41.84160261653365,0.47048564402294524,2.1665060719196356,19.719810635322272,0.2226179001925967,LT-E,2505.658561359905,2260.694059524714,107.88048764328319,244.96450183519104,180,960,5064.3773200868445,0.0,30,,0.0,0,6.536715021449578,6.131566827583004,8.15,38589.95701023469,34362.84083592894,0.0,15.36,30,1.0,2505.658561359905,2260.694059524714,41181.43627761255,37230.64879201459,0.0,38486.91550248814,34724.260754299605,16.435374281507055,16.468680773125897,flat,flat,3950.7874855979608,9.593612663154554,4227.116174305753,244.9645018351912,9.776451812422549,0.40514819386657397,6.1980397269442,0.8850135843184741,True,-1113.5898344888838,False,False,False,0.7801131779672001,True
KLNC0276,Kalyanpur,Commercial,Commercial,41.84160261653365,0.4761460435361753,2.7764581483599278,26.186042658349027,0.28175989338385754,LT-E,5062.212395112361,4302.8805358455065,0.0,759.3318592668539,0,683,19883.89645860532,0.0,30,,0.0,0,11.37814941916381,11.37814941916381,9.65,77541.3175060035,64984.21589930104,0.0,15.36,30,1.0,5062.212395112361,4302.8805358455065,82555.28650837216,70308.78228211631,0.0,77755.58238892586,66092.24503058697,16.30814356744108,16.339933608754208,flat,flat,12246.504226255842,14.834306492309114,12557.101606702461,759.3318592668547,15.00000000000001,0.0,0.0,0.8500000000000001,True,-7637.392232349477,False,False,False,0.6159006234895082,True
KLNC0277,Kalyanpur,Commercial,Commercial,41.84160261653365,0.6037017406534354,3.5202378439975233,28.415542495627886,0.32741938867091636,LT-E,6248.231154966409,5310.996481721446,0.0,937.2346732449612,0,802,26632.031685968115,0.0,30,,0.0,0,14.051716087072679,14.051716087072679,14.65,95270.19009881547,80211.08751712204,0.0,15.36,30,1.0,6248.231154966409,5310.996481721446,102155.89706729824,87040.17625720348,0.0,95972.83054028403,81576.90595924141,16.349570707879394,16.388671421034584,flat,flat,15115.720810094761,14.796718783778903,15059.102581693427,937.2346732449632,15.000000000000028,0.0,0.0,0.8500000000000001,True,-11516.310875873354,False,False,False,0.5675767056877952,True
KLNC0278,Kalyanpur,Commercial,Commercial,41.84160261653365,0.6219141140790558,3.079304407576242,28.027948020183107,0.3415912511738482,LT-E,5064.133853554161,4304.513775521037,0.0,759.6200780331242,0,618,21290.592062199838,0.0,30,,0.0,0,12.229069045477239,12.229069045477239,11.8,77970.70914520054,65273.10871487189,0.0,15.36,30,1.0,5064.133853554161,4304.513775521037,82789.4507901215,70538.29817160328,0.0,77785.0959905919,66117.33159200313,16.34819560150792,16.38705364883285,flat,flat,12251.152618518216,14.797963389775298,12697.600430328654,759.6200780331237,14.999999999999991,0.0,0.0,0.85,True,-9039.439443681622,False,False,False,0.5754256425902499,True
KLNC0279,Kalyanpur,Commercial,Commercial,41.84160261653365,0.5587819108376828,2.9763470623437294,26.64966255794008,0.3221504158582637,LT-E,757.5065025302866,672.2750749327872,41.774255654243724,85.23142759749898,60,600,2395.7234679029525,0.0,30,,0.0,0,2.6689107779100163,2.45111436156001,2.85,11514.455312108601,10033.758436238879,0.0,15.36,30,1.0,757.5065025302866,672.2750749327872,12486.389872808462,11111.777408515993,0.0,11635.299878865202,10326.145150967612,16.48354150241665,16.52861726225225,flat,flat,1374.6124642924697,11.008886301764091,1480.6968758697221,85.23142759749942,11.251577024461476,0.21779641635000635,8.160498213453184,0.8654254062259741,True,-1021.1110036104828,False,False,False,0.5737776010917105,True
KLNC0280,Kalyanpur,Commercial,Commercial,41.84160261653365,0.6121447644736214,2.1810007638341204,25.949485617142333,0.43637347206647276,LT-E,3351.05709256288,2848.3985286784477,0.0,502.6585638844321,0,364,13043.731173852486,0.0,30,,0.0,0,10.984209803670606,10.984209803670606,11.55,52124.639039740076,43001.51284234245,0.0,15.36,30,1.0,3351.05709256288,2848.3985286784477,55137.323788854126,47030.446470526,0.0,51472.236941765834,43751.40140050095,16.453710654832573,16.51118900568538,flat,flat,8106.877318328123,14.70306638271571,9123.126197397629,502.65856388443217,15.000000000000005,0.0,0.0,0.85,True,-4936.853855524363,False,False,False,0.6215152098947885,True
KLNC0281,Kalyanpur,Commercial,Commercial,41.84160261653365,0.6947987000324164,2.5813765230937813,28.3956435128531,0.3710478980902071,LT-E,2445.0995738242486,2078.3346377506114,0.0,366.76493607363744,0,391,10414.52637776136,0.0,30,,0.0,0,7.343054059939589,7.343054059939589,9.25,37455.70664868307,31115.466754621848,0.0,15.36,30,1.0,2445.0995738242486,2078.3346377506114,40308.690926637486,34393.50603764186,0.0,37556.72945394046,31923.22003584939,16.48550077802878,16.548589150622092,flat,flat,5915.184888995624,14.674713450162304,6340.239894061226,366.7649360736373,15.0,0.0,0.0,0.85,True,-4499.341488765736,False,True,False,0.56797444976726,True
KLNC0282,Kalyanpur,Commercial,Commercial,41.84160261653365,0.5278591433295006,3.024292192799971,28.873392507234783,0.4030570506069352,LT-E,6556.291139208728,5582.149284284409,23.254539892474387,974.1418549243199,30,484,28197.108658399626,0.0,30,,0.0,0,20.18026802671558,20.24831778910958,17.05,100479.3358644255,83626.78547415364,0.0,15.36,30,1.0,6556.291139208728,5582.149284284409,107351.08849315837,91640.12865693893,0.0,100704.63189824607,85741.81300660851,16.37375250942783,16.416638823138626,flat,flat,15710.959836219437,14.63511926776664,16852.550390271863,974.141854924319,14.858123811778851,-0.06804976239400062,-0.33720940823934137,0.8499999999999999,True,-12486.148822180188,False,False,False,0.5571833632502354,True
KLNC0283,Kalyanpur,Commercial,Commercial,41.84160261653365,0.46627664814315367,2.8053527750693874,25.710981882905187,0.33056496989877127,LT-E,5286.21005259497,4493.278544705726,0.0,792.9315078892457,0,453,20387.047633725084,0.0,30,,0.0,0,16.83900960308621,16.83900960308621,14.3,82828.56294623415,68837.26650725039,0.0,15.36,30,1.0,5286.21005259497,4493.278544705726,86607.34572825168,73818.94636901394,0.0,81196.18640785874,69016.75844667995,16.383636833677585,16.428749216091276,flat,flat,12788.399359237737,14.765952300817492,13991.296438983758,792.9315078892441,14.999999999999973,0.0,0.0,0.85,True,-7598.6482744873465,False,False,False,0.6272805944732599,True
KLNC0284,Kalyanpur,Commercial,Commercial,41.84160261653365,0.5674427116274638,2.801442348807359,24.502284486424983,0.2166632109640127,LT-E,5257.89125884674,4469.207570019729,0.0,788.6836888270115,0,986,19324.552113442507,0.0,30,,0.0,0,12.647267113483846,12.647267113483846,11.950000000000001,80317.55120815887,67963.96232986698,0.0,15.36,30,1.0,5257.89125884674,4469.207570019729,85928.54522268023,73208.65468927819,0.0,80761.20973588593,68647.02827550303,16.34277716909796,16.380679022468186,flat,flat,12719.890533402038,14.802869640628703,12353.588878291892,788.6836888270109,14.999999999999998,0.0,0.0,0.8499999999999999,True,-6604.661580040469,False,False,False,0.6582243385891388,True
KLNC0285,Kalyanpur,Commercial,Commercial,41.84160261653365,0.49238287019574395,2.1532127220967006,26.578542684988925,0.3044376984751405,LT-E,1470.1014728360824,1249.58625191067,0.0,220.51522092541242,0,584,5860.973212055836,0.0,30,,0.0,0,7.670311782947254,6.71550870710408,10.15,23054.732020505005,19298.08970079518,0.0,15.36,30,1.0,1470.1014728360824,1249.58625191067,24668.971553900334,21112.502070815284,0.0,22580.758622762223,19193.64482934789,16.780454961594984,16.89559407246469,flat,flat,3556.4694830850494,14.416772402993619,3756.6423197098266,220.51522092541245,15.000000000000005,0.9548030758431736,12.448034745678857,0.85,True,-2304.503728970786,False,False,False,0.6068052786471545,True
KLNC0286,Kalyanpur,Commercial,Commercial,41.84160261653365,0.5064741866219781,2.920290727842117,26.730863940200422,0.35029248624246523,LT-E,2942.977040545454,2503.14198062831,4.028740411685436,439.83505991714395,6,685,11768.936236044201,0.0,30,,0.0,0,7.178079346075224,7.178079346075224,7.300000000000001,44818.687658331975,37640.82338995038,0.0,15.36,30,1.0,2942.977040545454,2503.14198062831,48154.18370991709,41060.523863573384,0.0,45204.12734277818,38448.260822450844,16.3624054984106,16.403593636053692,flat,flat,7093.659846343704,14.731139227852395,7177.864268381592,439.835059917144,14.945242652508922,0.0,0.0,0.85,True,-4675.276389700497,False,False,False,0.6027443520866623,True
KLNC0287,Kalyanpur,Commercial,Commercial,41.84160261653365,0.47955190684206445,2.851770115716595,32.32371749370286,0.32986583398328,LT-E,5204.246574731048,4999.609779064441,0.0,204.6367956666082,0,165,6614.6219719440405,0.0,15,,0.0,0,17.006497944517307,16.780814062124463,16.25,78650.22320101208,74878.35778328517,0.0,15.36,30,1.0,5204.246574731048,4999.609779064441,85469.71375726235,82169.3315167513,0.0,79937.2273878689,76794.00620642981,16.4230715301339,16.43514897119178,flat,flat,3300.3822405110404,3.861464015059495,3771.8654177269054,204.6367956666072,3.93211183843999,0.22568388239284332,1.3270450102609228,0.9606788816155999,True,-3314.239731433,False,False,False,0.49895251074205477,True
KLNC0288,Kalyanpur,Commercial,Commercial,41.84160261653365,0.5768442080828117,2.0175549347711645,24.538852326013345,0.2865266163297989,LT-E,2534.8638322160646,2154.634257383654,0.0,380.22957483240987,0,868,9330.397386795345,0.0,30,,0.0,0,7.576435448968546,6.307622462535424,9.15,38518.97757770904,32707.54517518116,0.0,15.36,30,1.0,2534.8638322160646,2154.634257383654,41746.95888598068,35614.616303083574,0.0,38935.50846283875,33095.182193412926,16.469112997475712,16.52930940879496,flat,flat,6132.3425828971085,14.689315692780799,5811.43240252788,380.22957483241044,15.00000000000003,1.2688129864331223,16.746832926635154,0.8499999999999999,True,-3198.054803898236,False,False,False,0.6572434515571418,True
KLNC0289,Kalyanpur,Commercial,Commercial,41.84160261653365,0.5268150291363808,2.5434506681347773,30.193056933656216,0.278676276202891,LT-E,3731.709536658177,3187.35491615668,38.50452499307509,544.3546205014967,60,645,16533.66440872036,0.0,30,,0.0,0,11.947430211579368,11.746092654918662,12.650000000000002,57403.91850876845,48351.816564201916,0.0,15.36,30,1.0,3731.709536658177,3187.35491615668,61380.436407223075,52601.085087774925,0.0,57319.058483069595,48957.7715121666,16.44834245652209,16.503052365188573,flat,flat,8779.35131944815,14.30317513743682,9052.101944566537,544.3546205014973,14.587272003730979,0.20133755666070563,1.6851955030929633,0.85,True,-7754.313089272211,False,False,False,0.5309985192887822,True
KLNC0290,Kalyanpur,Commercial,Commercial,41.84160261653365,0.587755256124807,2.8511483457026072,20.93501887520453,0.31322121954073856,LT-E,3995.902199877191,3396.516869895613,0.0,599.3853299815787,0,452,12548.143196685043,0.0,30,,0.0,0,12.724630238857042,12.724630238857042,12.5,61738.392545084076,51516.81907770846,0.0,15.36,30,1.0,3995.902199877191,3396.516869895613,65627.16067961934,55960.27407767645,0.0,61377.05779011365,52170.499121596615,16.423615343147365,16.475782756643955,flat,flat,9666.88660194289,14.730008889360596,10221.573467375616,599.3853299815778,14.999999999999979,0.0,0.0,0.85,True,-2881.2565947421535,False,True,False,0.7703838289394624,True
KLNC0291,Kalyanpur,Commercial,Commercial,41.84160261653365,0.6719364153951406,2.2370798124924667,29.7684947823157,0.363600414057694,LT-E,6928.777360354113,5889.460756300995,0.0,1039.3166040531169,0,560,30938.890904929292,0.0,30,,0.0,0,15.761496740161778,15.761496740161778,15.85,105508.59558668728,87904.36472982912,0.0,15.36,30,1.0,6928.777360354113,5889.460756300995,113245.14626779113,96483.04807762244,0.0,106426.02025503917,90462.11721678328,16.344174502672065,16.382322944320073,flat,flat,16762.09819016869,14.801604079817519,17604.230856858165,1039.3166040531178,15.000000000000012,0.0,0.0,0.85,True,-14176.792714760602,False,True,False,0.5417808363485355,True
KLNC0292,Kalyanpur,Commercial,Commercial,41.84160261653365,0.650507324310981,2.3185226823354608,29.624790067196308,0.3781374829101042,LT-E,7971.366382124463,6775.661424805791,0.0,1195.7049573186694,0,423,35422.50834287149,0.0,30,,0.0,0,21.166646261627502,21.166646261627502,18.1,122844.05959329753,101825.03465363875,0.0,15.36,30,1.0,7971.366382124463,6775.661424805791,130272.64701090334,110988.3174592678,0.0,122440.18762943175,104074.15948501695,16.342574254651705,16.380440299590237,flat,flat,19284.329551635543,14.803053437627252,21019.024939658775,1195.7049573186714,15.000000000000025,0.0,0.0,0.85,True,-16138.17879123595,False,True,False,0.5444089211575093,True
KLNC0293,Kalyanpur,Commercial,Commercial,41.84160261653365,0.5010613650634076,1.4844864754477742,20.859729913421106,0.28668541257781915,LT-E,5512.036655719837,4685.23115736186,0.0,826.8054983579752,0,572,17246.9393866789,0.0,30,,0.0,0,15.672266985878688,15.386554557783038,14.950000000000001,85289.93700828863,71397.54421954304,0.0,15.36,30,1.0,5512.036655719837,4685.23115736186,90310.90218344952,76976.18310593207,0.0,84664.88303185669,71965.15057707817,16.384307257778115,16.42953795032719,flat,flat,13334.719077517453,14.765348097653252,13892.392788745594,826.8054983579768,15.000000000000025,0.2857124280956498,1.82304467090235,0.8500000000000001,True,-3912.2203091614465,False,False,False,0.7731643730259093,True
KLNC0294,Kalyanpur,Commercial,Commercial,41.84160261653365,0.42063225877706556,3.000837817548257,22.347047611540003,0.3192170637376128,LT-E,5638.249760857307,4792.512296728713,0.0,845.7374641285963,0,522,18899.735377744848,0.0,30,,0.0,0,16.965856732622285,16.965856732622285,15.05,88564.76194221844,73637.70107569906,0.0,15.36,30,1.0,5638.249760857307,4792.512296728713,92355.91714310664,78715.86332164067,0.0,86603.51632676822,73612.98887775303,16.380245831653923,16.424759801945793,flat,flat,13640.053821465961,14.769009115388382,14927.060866519372,845.7374641285933,14.999999999999952,0.0,0.0,0.85,True,-5259.681556278887,False,False,False,0.7217060741245954,True
KLNC0295,Kalyanpur,Commercial,Commercial,41.84160261653365,0.460293172514028,2.44277743147754,25.964902218650835,0.31277205439097316,LT-E,3113.6538674545527,2663.6312062429424,0.0,450.02266121161017,0,434,11684.794394536491,0.0,30,,0.0,0,13.265439209390737,13.265439209390737,10.950000000000001,48280.07530034874,40490.53656024331,0.0,15.36,30,1.0,3113.6538674545527,2663.6312062429424,51251.78457430702,43993.81909428618,0.0,47825.723404101926,40913.3753278916,16.46033462807667,16.51648283410058,flat,flat,7257.965480020845,14.161390750204879,7789.538740105432,450.0226612116103,14.453201298817099,0.0,0.0,0.855467987011829,True,-4426.828914515647,False,False,False,0.6211461866555805,True
KLNC0296,Kalyanpur,Commercial,Commercial,41.84160261653365,0.5958264844843056,2.592489236993659,27.218195293246552,0.13498351076113876,LT-E,3072.9204115002635,2825.2331433810673,108.88062503579872,247.68726811919763,150,900,7023.872283841491,0.0,30,,0.0,0,10.392549969579377,9.69269530614957,10.350000000000001,47472.91992819159,43193.09164357178,0.0,15.36,30,1.0,3072.9204115002635,2825.2331433810673,50538.13539667625,46543.43513644985,0.0,47200.05752064405,43395.58108233319,16.446288425674677,16.474192668131273,flat,flat,3994.7002602263965,7.90432854095586,4279.828284619813,247.68726811919623,8.060321614326163,0.6998546634298073,6.734195798705723,0.9052238655307939,True,-3029.172023615094,False,False,False,0.5687319043964191,True
KLNC0297,Kalyanpur,Commercial,Commercial,41.84160261653365,0.4162860720427436,3.5694096588002733,30.25640108235271,0.24224357604325236,LT-E,852.4904472715355,852.4904472715355,0.0,0.0,0,0,0.0,0.0,0,,0.0,0,3.699169593683191,3.699169593683191,5.3,13196.915314959844,13196.915314959844,0.0,15.36,30,1.0,852.4904472715355,852.4904472715355,14249.815933595324,14249.815933595324,0.0,13094.253270090785,13094.253270090785,16.71551391479284,16.71551391479284,flat,flat,0.0,0.0,0.0,0.0,0.0,0.0,0.0,1.0,True,0.0,False,False,False,,False
KLNC0298,Kalyanpur,Commercial,Commercial,41.84160261653365,0.49558776652418485,2.3760827792397854,23.345780331058265,0.265028849435301,LT-E,3947.573506870597,3355.437480840007,0.0,592.1360260305896,0,876,13823.877589815946,0.0,30,,0.0,0,10.496890123847564,9.198113492437015,11.350000000000001,60764.49993730862,51327.46205502051,0.0,15.36,30,1.0,3947.573506870597,3355.437480840007,64739.040518808986,55189.07069098763,0.0,60634.72906553237,51539.51970570251,16.399704883552698,16.447652804179647,flat,flat,9549.969827821355,14.751484963770432,9437.03788228811,592.1360260305901,15.000000000000012,1.2987766314105489,12.372965860239862,0.85,True,-4273.907761994591,False,False,False,0.6908314809483571,True
KLNC0299,Kalyanpur,Commercial,Commercial,41.84160261653365,0.7393793349908486,3.2202416992126297,23.445967914315606,0.18831240191585086,LT-E,6517.031022873327,5539.476369442327,0.0,977.554653430999,0,900,22919.715038833114,0.0,30,,0.0,0,18.354419422139486,16.451465387789007,17.85,99675.45159411123,84643.40008694823,0.0,15.36,30,1.0,6517.031022873327,5539.476369442327,106793.50133690101,91027.49988636585,0.0,100101.5965113343,85086.35703463414,16.386833354341817,16.432509828637436,flat,flat,15766.001450535157,14.763071959592576,15032.051507163007,977.5546534309997,15.000000000000009,1.9029540343504792,10.367824721576843,0.85,True,-7153.713588297956,False,True,False,0.6878794707448437,True
KLNC0300,Kalyanpur,Commercial,Commercial,41.84160261653365,0.3954788516848634,3.0637757735942,31.54437258045566,0.35808060323932034,LT-E,4914.108201582147,4914.108201582147,0.0,0.0,0,0,0.0,0.0,0,,0.0,0,17.693804334227476,17.693804334227476,15.750000000000002,75638.28070535585,75638.28070535585,0.0,15.36,30,1.0,4914.108201582147,4914.108201582147,80743.11207511686,80743.11207511686,0.0,75480.70197630177,75480.70197630177,16.430877946301795,16.430877946301795,flat,flat,0.0,0.0,0.0,0.0,0.0,0.0,0.0,1.0,True,0.0,False,False,False,,False
KLNC0301,Kalyanpur,Commercial,Commercial,41.84160261653365,0.6634695580029075,2.5464967917523404,24.610482942403497,0.3278862943176203,LT-E,3990.9292996330933,3392.28990468813,0.0,598.6393949449641,0,719,14732.804617943788,0.0,30,,0.0,0,12.43738914894018,12.43738914894018,11.85,61330.70895631508,51398.66481370255,0.0,15.36,30,1.0,3990.9292996330933,3392.28990468813,65485.53274448253,55830.676582810156,0.0,61300.67404236431,52105.572936009674,16.40859254272005,16.458108873788294,flat,flat,9654.856161672375,14.743494871370414,9932.044142612533,598.6393949449634,14.999999999999986,0.0,0.0,0.85,True,-5077.948456271413,False,True,False,0.6553304962663568,True
KLNC0302,Kalyanpur,Commercial,Commercial,41.84160261653365,0.475754613331504,2.7649914705355725,25.33418632487061,0.27740025185061873,LT-E,5878.663035041188,4998.999170049483,5.33897566118387,879.6638649917041,9,668,22300.330481120243,0.0,30,,0.0,0,16.480517051251113,16.427373098727358,17.15,90426.69225820832,75878.15746976912,0.0,15.36,30,1.0,5878.663035041188,4998.999170049483,96431.75242914427,82244.53361455807,0.0,90296.26421823264,76784.62725196006,16.403687684485327,16.452199893792734,flat,flat,14187.218814586202,14.71218603541466,14548.534788439196,879.6638649917049,14.963672177640671,0.05314395252375448,0.32246532289301005,0.8500000000000001,True,-8113.111666534041,False,False,False,0.6361887249427667,True
KLNC0303,Kalyanpur,Commercial,Commercial,41.84160261653365,0.5156552506546577,3.2048138142794933,23.42180872014198,0.27782009185692863,LT-E,7775.044281718413,6608.787639460651,0.0,1166.2566422577622,0,626,27315.839993556358,0.0,30,,0.0,0,23.947212359769477,23.51074055748114,20.3,118968.42562973266,99877.19852614743,0.0,15.36,30,1.0,7775.044281718413,6608.787639460651,127314.26417555456,108504.87704922137,0.0,119424.68016719482,101510.9781421156,16.374731713735784,16.41827260439504,flat,flat,18809.387126333197,14.773982513378701,19091.22710358523,1166.256642257762,15.0,0.43647180228833804,1.8226413819321876,0.85,True,-8506.45286722316,False,False,False,0.6885890066265661,True
KLNC0304,Kalyanpur,Commercial,Commercial,41.84160261653365,0.30784625005834465,2.4274031444524407,25.434829516993545,0.41324805828634237,LT-E,5222.188403001623,5222.188403001623,0.0,0.0,0,0,0.0,0.0,0,,0.0,0,17.39156811058918,17.39156811058918,18.15,80818.53898852441,80818.53898852441,0.0,15.36,30,1.0,5222.188403001623,5222.188403001623,85938.62956361016,85938.62956361016,0.0,80212.81387010492,80212.81387010492,16.456439892941077,16.456439892941077,flat,flat,0.0,0.0,0.0,0.0,0.0,0.0,0.0,1.0,True,0.0,False,False,False,,False
KLNC0305,Kalyanpur,Commercial,Commercial,41.84160261653365,0.544500493761359,2.2425813367950345,31.557237070778317,0.30527696190372766,LT-E,1776.0828829846785,1551.581163559688,104.77678255677834,224.50171942499026,180,749,7319.624439783038,0.0,30,,0.0,0,5.238839127838916,5.405151481103643,6.55,27194.084666205206,23220.80442491002,0.0,15.36,30,1.0,1776.0828829846785,1551.581163559688,29263.639736776895,25642.87600589065,0.0,27280.63308264466,23832.28667227681,16.47650569527466,16.52693175718886,flat,flat,3620.763730886247,12.372909738688024,3973.280241295186,224.50171942499037,12.640272679601464,-0.16631235326472726,-3.1746031746031704,0.8500000000000001,True,-3698.860708896791,False,False,False,0.49466523326073414,True
KLNC0306,Kalyanpur,Commercial,Commercial,41.84160261653365,0.39521177380977335,1.8171055138778023,30.060323092789105,0.3235259938130926,LT-E,5240.719682262334,5240.719682262333,77.84265257598733,0.0,150,0,141.44831321070066,0.0,30,,0.0,0,19.275764010069935,19.399323776063564,22.0,81855.59998697272,81548.14375005547,0.0,15.36,30,1.0,5240.719682262334,5240.719682262333,86601.32703552692,86601.3270355269,0.0,80497.45431954945,80497.45431954943,16.524701240678176,16.524701240678176,flat,flat,1.4551915228366852e-11,1.680333977145309e-14,307.45623691724904,9.094947017729282e-13,1.735438559805424e-14,-0.12355976599362961,-0.641010991466176,0.9940586287918087,True,-141.4483132106861,False,False,False,1.0287796933067979e-13,True
KLNC0307,Kalyanpur,Commercial,Commercial,41.84160261653365,0.6507709218809288,2.6794854810589954,22.74107766854527,0.24442848218438568,LT-E,2501.664195924184,2126.414566535556,0.0,375.24962938862757,0,902,8533.58096701961,0.0,30,,0.0,0,7.526662656417871,7.526662656417871,7.1000000000000005,37795.59223632196,32025.74950200011,0.0,15.36,30,1.0,2501.664195924184,2126.414566535556,41017.790151865236,34965.764129085444,0.0,38425.56204939546,32661.72774198614,16.396201464086644,16.44353113421958,flat,flat,6052.026022779792,14.75463695233855,5769.842734321846,375.2496293886279,15.000000000000014,0.0,0.0,0.85,True,-2481.5549442398187,False,True,False,0.7092012188282415,True
KLNC0308,Kalyanpur,Commercial,Commercial,41.84160261653365,0.38631315777924935,2.80840278788873,28.802085848764797,0.11735472242801101,LT-E,3301.1243089566246,3301.1243089566246,0.0,0.0,0,0,0.0,0.0,0,,0.0,0,10.136238678212756,10.136238678212756,8.35,50807.35613210683,50807.35613210683,0.0,15.36,30,1.0,3301.1243089566246,3301.1243089566246,54029.60785485244,54029.60785485244,0.0,50705.26938557375,50705.26938557375,16.367032198169294,16.367032198169294,flat,flat,0.0,0.0,0.0,0.0,0.0,0.0,0.0,1.0,True,0.0,False,False,False,,False
KLNC0309,Kalyanpur,Commercial,Commercial,41.84160261653365,0.4452184526169219,2.8356535310069253,29.905417255537984,0.2789936366319991,LT-E,3563.323599787192,3512.361299126129,0.0,50.96230066106284,0,72,1524.0488655712636,0.0,6,,0.0,0,8.888068728678046,8.888068728678046,9.450000000000001,54710.415084041764,53771.077958257054,0.0,15.36,30,1.0,3563.323599787192,3512.361299126129,58362.30801736783,57540.388032306204,0.0,54732.65049273127,53949.86955457734,16.37861574538258,16.382252032734268,flat,flat,821.9199850616278,1.4083061705116864,939.3371257847102,50.96230066106318,1.4301900805222052,0.0,0.0,0.985698099194778,True,-702.1288805096358,False,False,False,0.5393002833629913,True
KLNC0310,Kalyanpur,Commercial,Commercial,41.84160261653365,0.5284975998313183,2.100481701596606,23.02689166658585,0.2636237451040669,LT-E,3255.7397015163297,2767.3787462888813,0.0,488.3609552274495,0,984,11245.434810212862,0.0,30,,0.0,0,15.647593658603768,14.19182360314323,13.950000000000001,50068.39994121359,42513.97091117949,0.0,15.36,30,1.0,3255.7397015163297,2767.3787462888813,53826.84490605536,45950.559420147074,0.0,50008.16181529082,42506.93754299721,16.532907984316445,16.604362334489934,flat,flat,7876.285485908287,14.632634514720047,7554.429030034102,488.36095522744836,14.999999999999966,1.4557700554605368,9.303475583672812,0.85,True,-3369.149324304575,False,False,False,0.7003984833699106,True
KLNC0311,Kalyanpur,Commercial,Commercial,41.84160261653365,0.5130308819414163,3.1158229058150235,24.413051240429972,0.27919829554078357,LT-E,2655.417379575036,2257.1047726387806,0.0,398.3126069362553,0,747,9724.026082844048,0.0,30,,0.0,0,6.8544810131021245,6.8544810131021245,9.100000000000001,40730.54375343862,34224.34628875687,0.0,15.36,30,1.0,2655.417379575036,2257.1047726387806,43686.52149778618,37262.53577311825,0.0,40787.21095027256,34669.129307731666,16.451847394618476,16.508996934845268,flat,flat,6423.985724667931,14.704731584073286,6506.197464681754,398.31260693625563,15.000000000000007,0.0,0.0,0.8500000000000001,True,-3300.0403581761166,False,False,False,0.6606302440921742,True
KLNC0312,Kalyanpur,Commercial,Commercial,41.84160261653365,0.6847025199727446,1.8706930127381827,17.23508330230406,0.25735938599621083,LT-E,2007.4347267681924,1706.319517752964,0.0,301.1152090152286,0,1139,5189.7457109681645,0.0,30,,0.0,0,4.733335274337908,4.505847557043204,6.25,30547.225664951795,25930.480131924527,0.0,15.36,30,1.0,2007.4347267681924,1706.319517752964,32966.5322733174,28110.1461823198,0.0,30834.197403159433,26209.067792685524,16.422218781873347,16.474139743380412,flat,flat,4856.386090997603,14.731261543478402,4616.745533027268,301.1152090152284,14.999999999999977,0.22748771729470452,4.806076563560674,0.8500000000000001,True,-333.35961997056165,False,True,False,0.9357657121299741,True
KLNC0313,Kalyanpur,Commercial,Commercial,41.84160261653365,0.7573239288527975,3.216653718689649,24.287391846572902,0.3496238586745406,LT-E,770.3264599429983,654.7774909515485,0.0,115.54896899144977,0,548,2806.3830873628417,0.0,30,,0.0,0,2.902524571676113,2.6176141842723233,3.1,11773.955948708119,9897.758639452895,0.0,15.36,30,1.0,770.3264599429983,654.7774909515485,12716.775145960677,10853.201374066575,0.0,11832.214424724454,10057.382261015786,16.508293310996585,16.575403895290098,flat,flat,1863.5737718941018,14.654452488971172,1876.1973092552234,115.54896899144978,15.000000000000004,0.28491038740378993,9.815950920245388,0.85,True,-942.8093154687399,False,True,False,0.6640482478268147,True
KLNC0314,Kalyanpur,Commercial,Commercial,41.84160261653365,0.5495779125734669,2.7378869197974147,23.543368253764243,0.39017845917453664,LT-E,4259.77967495704,3620.812723713484,0.0,638.9669512435557,0,401,15043.434235112058,0.0,30,,0.0,0,14.310217527871039,13.707180732241573,15.95,65876.30797046676,54464.164416601605,0.0,15.36,30,1.0,4259.77967495704,3620.812723713484,70209.00159770715,59903.74260805107,0.0,65430.21580734013,55615.68343623912,16.481838722894796,16.544280850464464,flat,flat,10305.258989656075,14.677973985023339,11412.143553865157,638.9669512435557,14.999999999999995,0.6030367956294658,4.214029552345881,0.8500000000000001,True,-4738.175245455983,False,False,False,0.68503367173987,True
KLNC0315,Kalyanpur,Commercial,Commercial,41.84160261653365,0.6286606158847438,2.0211845160466693,26.867181794803212,0.38509973516713836,LT-E,1692.5215169791002,1438.643289432235,0.0,253.87822754686502,0,960,6820.992493244039,0.0,30,,0.0,0,4.840206691592432,4.840206691592432,5.95,25813.209829287254,21900.79124632423,0.0,15.36,30,1.0,1692.5215169791002,1438.643289432235,27859.262025838925,23764.713971963087,0.0,25997.130500798976,22097.56092567913,16.460211433863233,16.518836981015568,flat,flat,4094.5480538758384,14.69725956875033,3912.418582963026,253.87822754686522,15.000000000000012,0.0,0.0,0.85,True,-2726.4444393682006,False,True,False,0.6002862571585219,True
KLNC0316,Kalyanpur,Commercial,Commercial,41.84160261653365,0.42567518102853596,1.9391669969950946,19.6347134549405,0.3378919272159905,LT-E,5506.784544679387,4680.766862977478,0.0,826.0176817019084,0,541,16218.620488931214,0.0,30,,0.0,0,17.611928395205528,17.60645406167141,18.85,84994.72123021666,71077.66682011187,0.0,15.36,30,1.0,5506.784544679387,4680.766862977478,90594.74613658915,77272.73296610077,0.0,84584.21060627539,71896.57901533406,16.45147824498075,16.508562641153823,flat,flat,13322.013170488382,14.705061539002344,13917.054410104785,826.0176817019092,15.00000000000002,0.005474333534117193,0.03108310124408332,0.85,True,-2896.6073184428315,False,False,False,0.8214023615374877,True
KLNC0317,Kalyanpur,Commercial,Commercial,41.84160261653365,0.47394895826091216,2.525683788401058,28.096780403821942,0.2230137844428745,LT-E,3008.4709803044952,2733.1348813865734,0.0,275.3360989179214,0,552,7736.057908541835,0.0,30,,0.0,0,7.738476113778251,7.738476113778251,8.25,46558.37319110728,41881.92677001986,0.0,15.36,30,1.0,3008.4709803044952,2733.1348813865734,49300.2449703509,44859.62436700266,0.0,46210.11425747704,41980.95177809777,16.387143267495002,16.413249368887527,flat,flat,4440.620603348238,9.007299265995172,4676.446421087421,275.33609891792184,9.152027748329962,0.0,0.0,0.9084797225167005,True,-3295.4373051935972,False,False,False,0.5740159466031256,True
KLNC0318,Kalyanpur,Commercial,Commercial,41.84160261653365,0.3983713334562372,2.1207360734244536,25.18196299340167,0.36920121268935646,LT-E,2413.1937194173665,2247.5004673066087,16.614770870384397,165.69325211075756,30,240,4207.716886845976,0.0,30,,0.0,0,7.284859104465456,7.3112317566406695,8.85,37013.729844896945,33894.048224130835,0.0,15.36,30,1.0,2413.1937194173665,2247.5004673066087,39756.31330676329,37084.012536720984,0.0,37066.65553025075,34521.60717782951,16.47456355735996,16.500113382028456,flat,flat,2672.300770042304,6.721701656344719,3119.6816207661104,165.69325211075784,6.866139704306965,-0.026372652175213673,-0.36202007200177455,0.9285846142097036,True,-1535.4161168036717,False,False,False,0.635095193404376,True
KLNC0319,Kalyanpur,Commercial,Commercial,41.84160261653365,0.5023288116838692,1.9087348163592903,24.310248271120358,0.3488275017952898,LT-E,2629.3439609611464,2237.237750464211,5.738459118090578,392.10621049693583,7,519,9543.152522539645,0.0,30,,0.0,0,7.977672662848143,8.010550674245428,6.3500000000000005,40689.74244339605,33931.51322795909,0.0,15.36,30,1.0,2629.3439609611464,2237.237750464211,43006.134402381365,36682.24543948679,0.0,40386.72324036321,34363.97184713028,16.356222328044385,16.396221381422464,flat,flat,6323.888962894576,14.704620749509644,6758.229215436957,392.10621049693555,14.912701279052232,-0.03287801139728508,-0.4121253501713263,0.85,True,-3219.263559645069,False,False,False,0.6626624637883969,True
KLNC0320,Kalyanpur,Commercial,Commercial,41.84160261653365,0.4949986299900036,2.1397181912805507,27.616830136751304,0.23601365912446365,LT-E,2464.0581343860827,2094.4494142281706,0.0,369.60872015791233,0,686,10207.421241663116,0.0,30,,0.0,0,8.077817835790157,8.077817835790157,7.1,38249.29671915302,32211.01576552089,0.0,15.36,30,1.0,2464.0581343860827,2094.4494142281706,40411.27959137874,34450.23015267193,0.0,37847.93294417023,32170.7430025447,16.40029471197812,16.448346719974257,flat,flat,5961.04943870681,14.750954433965827,6038.280953632129,369.6087201579121,14.999999999999988,0.0,0.0,0.8500000000000001,True,-4246.371802956306,False,False,False,0.5839917152018667,True
KLNC0321,Kalyanpur,Commercial,Commercial,41.84160261653365,0.6007750892352862,2.2168278716367835,25.20345800020913,0.2843100650949069,LT-E,1577.757382212732,1400.5045585374228,75.18982825574743,177.25282367530923,180,1050,4634.067003860053,0.0,30,,0.0,0,3.387151362554059,3.09083203306816,5.25,24094.099986415866,21080.81173099094,0.0,15.36,30,1.0,1577.757382212732,1400.5045585374228,25942.19606032694,23083.46252009155,0.0,24234.35339078756,21511.75001913481,16.442449487350334,16.48224732963248,flat,flat,2858.7335402353892,11.019628151709227,3013.2882554249263,177.25282367530917,11.234479120403181,0.296319329485899,8.748334448876278,0.8685927523997136,True,-1775.3334636246636,False,False,False,0.616895167431576,True
KLNC0322,Kalyanpur,Commercial,Commercial,41.84160261653365,0.6723098041528844,2.5805451817090614,25.560116176632945,0.20529129420862074,LT-E,2406.8895046385696,2058.076243687724,30.550411862349986,348.81326095084535,60,780,8994.544191984409,0.0,30,,0.0,0,8.546710011448502,7.206331420583673,8.8,37396.7343698098,31785.30829023639,0.0,15.36,30,1.0,2406.8895046385696,2058.076243687724,39649.91393081085,34024.25365819561,0.0,36969.82279124843,31612.05110304344,16.47350817492757,16.53206666300657,flat,flat,5625.660272615241,14.188329090529743,5611.426079573408,348.8132609508457,14.492283932378742,1.3403785908648285,15.682977298508579,0.8500000000000001,True,-3368.8839193691674,False,True,False,0.6254525134946375,True
KLNC0323,Kalyanpur,Commercial,Commercial,41.84160261653365,0.5864617522940576,2.1342501355336827,26.70017082561094,0.34620052885380603,LT-E,3116.252365719525,2648.814510861597,0.0,467.43785485792887,0,376,12480.670575063836,0.0,30,,0.0,0,10.807123613188251,10.807123613188251,10.15,48741.33199951175,40400.79404679971,0.0,15.36,30,1.0,3116.252365719525,2648.814510861597,51218.0931543245,43679.25543117583,0.0,47865.636337451906,40685.790886834126,16.435797600268657,16.490114823845477,flat,flat,7538.837723148674,14.719090967392146,8340.537952712039,467.4378548579284,14.999999999999988,0.0,0.0,0.85,True,-4941.832851915162,False,False,False,0.6040410791877755,True
KLNC0324,Kalyanpur,Commercial,Commercial,41.84160261653365,0.4753427111172905,2.5207009597982757,30.782223703488427,0.32713538375059154,LT-E,6698.496269671568,6101.710005845297,139.51490624013817,596.7862638262724,180,308,18722.083634335067,0.0,30,,0.0,0,17.719254295622477,17.94070652774968,15.35,103049.36151622662,91498.353083134,0.0,15.36,30,1.0,6698.496269671568,6101.710005845297,109483.92283726306,99858.95397427294,0.0,102888.90270215529,93722.26568978376,16.344552333777912,16.365732537044593,flat,flat,9624.968862990121,8.79121665862912,11551.008433092618,596.7862638262714,8.909257239245012,-0.2214522321272021,-1.2497830237805867,0.9025763096596716,True,-9097.114771344946,False,False,False,0.5140970978966551,True
KLNC0325,Kalyanpur,Commercial,Commercial,41.84160261653365,0.2813070215268519,2.699693923478403,25.207902663194325,0.3087889287576175,LT-E,4605.052333435435,4605.052333435435,0.0,0.0,0,0,0.0,0.0,0,,0.0,0,11.515278370840043,11.515278370840043,12.650000000000002,70807.86316613325,70807.86316613325,0.0,15.36,30,1.0,4605.052333435435,4605.052333435435,75465.70903364668,75465.70903364668,0.0,70733.60384156827,70733.60384156827,16.38758988377189,16.38758988377189,flat,flat,0.0,0.0,0.0,0.0,0.0,0.0,0.0,1.0,True,0.0,False,False,False,,False
KLNC0326,Kalyanpur,Commercial,Commercial,41.84160261653365,0.573823683652001,2.372414930973574,25.875170914482254,0.28831531159028767,LT-E,4114.4419479622775,3497.275655767936,0.0,617.1662921943417,0,681,15969.283293185887,0.0,30,,0.0,0,15.224027370824551,13.946128202842518,15.15,63193.51490631416,53457.57242103148,0.0,15.36,30,1.0,4114.4419479622775,3497.275655767936,67789.39473673562,57835.73677622527,0.0,63197.82832070058,53718.15407259549,16.47596334912662,16.537368646031315,flat,flat,9953.657960510347,14.683208190847557,9735.942485282678,617.1662921943416,15.0,1.2778991679820333,8.39396262799034,0.85,True,-6015.6253326755395,False,False,False,0.623300230684591,True
KLNC0327,Kalyanpur,Commercial,Commercial,41.84160261653365,0.40947203530993925,2.7475896107911026,21.721785297036497,0.3131977598882793,LT-E,1828.2379725298097,1554.0022766503375,0.0,274.2356958794715,0,566,5956.888906677279,0.0,30,,0.0,0,6.184326482908289,6.184326482908289,6.85,28160.34355600713,23563.67614495696,0.0,15.36,30,1.0,1828.2379725298097,1554.0022766503375,30133.147020960772,25710.273717816643,0.0,28081.735258057877,23869.474969349183,16.48207042722358,16.544553443792445,flat,flat,4422.87330314413,14.677767642614812,4596.66741105017,274.23569587947213,15.000000000000036,0.0,0.0,0.85,True,-1534.0156035331493,False,False,False,0.742480407547366,True
KLNC0328,Kalyanpur,Commercial,Commercial,41.84160261653365,0.38507865495720706,3.0243263339514312,21.56052357848951,0.31162430233545674,LT-E,5809.15574687693,5057.353627194173,0.0,751.8021196827539,0,473,16209.247327778412,0.0,30,,0.0,0,19.775259850684904,19.775259850684904,18.45,90156.741262258,76840.41793242325,0.0,15.36,30,1.0,5809.15574687693,5057.353627194173,95433.5888856311,83308.52429938762,0.0,89228.63227202963,77680.9517137025,16.428133974018053,16.47275046210429,flat,flat,12125.06458624349,12.705237985730925,13316.323329834748,751.8021196827567,12.941676078954062,0.0,0.0,0.8705832392104599,True,-4084.1827415349217,False,False,False,0.748033782263554,True
KLNC0329,Kalyanpur,Commercial,Commercial,41.84160261653365,0.5178649198745998,1.7639034856841382,26.523441931231517,0.3066077198135349,LT-E,1508.1309474467007,1281.9113053296958,0.0,226.2196421170052,0,720,6000.123541394364,0.0,30,,0.0,0,3.553885788754477,3.5477980382190957,3.3499999999999996,23129.18753157587,19510.583646961295,0.0,15.36,30,1.0,1508.1309474467007,1281.9113053296958,24639.710920420388,20991.240532357333,0.0,23164.89135278132,19690.157649864126,16.33791214359467,16.374955463052554,flat,flat,3648.470388063055,14.80727756850163,3618.603884614575,226.21964211700492,14.999999999999988,0.006087750535381353,0.17129842930363035,0.8499999999999999,True,-2351.653153331309,False,False,False,0.6080658777927745,True
KLNC0330,Kalyanpur,Commercial,Commercial,41.84160261653365,0.34648059045366786,1.266925277939385,29.69415226955377,0.34202995910801565,LT-E,7868.7720522754635,7868.7720522754635,0.0,0.0,0,0,0.0,0.0,0,,0.0,0,21.95314442216484,21.95314442216484,17.95,121029.8775842091,121029.8775842091,0.0,15.36,30,1.0,7868.7720522754635,7868.7720522754635,128603.83065909868,128603.83065909868,0.0,120864.33872295111,120864.33872295111,16.343570484026092,16.343570484026092,flat,flat,0.0,0.0,0.0,0.0,0.0,0.0,0.0,1.0,True,0.0,False,False,False,,False
KLNC0331,Kalyanpur,Commercial,Commercial,41.84160261653365,0.5494556031101845,2.5191606041939796,30.50837975119646,0.32169473375595975,LT-E,7103.61013149936,6080.424007477415,105.88848925739867,1023.1861240219447,174,499,31482.500938391135,0.0,30,,0.0,0,22.98172396475393,23.155596689314518,20.749999999999996,109263.407196732,91518.4297309294,0.0,15.36,30,1.0,7103.61013149936,6080.424007477415,116527.89920082167,100025.95339259575,0.0,109111.45161983017,93395.31275485309,16.404039220016443,16.450489845706254,flat,flat,16501.945808225923,14.161369012400046,17744.9774658026,1023.186124021945,14.403748306580853,-0.17387272456058867,-0.7565695455538919,0.85,True,-14980.555130165212,False,False,False,0.5241624812628126,True
KLNC0332,Kalyanpur,Commercial,Commercial,41.84160261653365,0.645470383029274,2.579616669266135,20.522389456614157,0.32560811659361594,LT-E,3384.9925083820394,2877.2436321247333,0.0,507.7488762573057,0,799,10420.220184710615,0.0,30,,0.0,0,8.592773615972881,7.3647264835723245,10.05,51706.06831410624,43518.86505013248,0.0,15.36,30,1.0,3384.9925083820394,2877.2436321247333,55542.884175185536,47353.91029890769,0.0,51993.48492874813,44194.4621894359,16.408569306327344,16.458081536855694,flat,flat,8188.973876277843,14.743515749829154,8187.203263973759,507.74887625730616,15.000000000000007,1.2280471324005564,14.291626746895458,0.8500000000000001,True,-2231.246308432772,False,True,False,0.7858734010528265,True
KLNC0333,Kalyanpur,Commercial,Commercial,41.84160261653365,0.5008718578136403,1.9330317542828577,28.751889857076993,0.366746363889481,LT-E,3112.0403904248215,2686.5093231364326,85.52421274154229,425.5310672883886,180,433,12400.143396429616,0.0,30,,0.0,0,10.995668536918785,11.131421255556154,15.25,48466.396115870964,40737.71229985712,0.0,15.36,30,1.0,3112.0403904248215,2686.5093231364326,51632.11241677152,44769.14736354438,0.0,47800.94039692525,41264.783203375606,16.591080429301005,16.664430299194912,flat,flat,6862.9650532271335,13.292047781871997,7728.683816013843,425.53106728838884,13.673700013588194,-0.13575271863736837,-1.2346017723394298,0.8522703131361844,True,-5537.178343202482,False,False,False,0.5534585233266893,True
KLNC0334,Kalyanpur,Commercial,Commercial,41.84160261653365,0.5190240695244206,3.1258343990676756,22.361347737043214,0.3171933268197769,LT-E,2958.8179892482,2514.9952908609703,0.0,443.8226983872301,0,1109,9924.473692229702,0.0,30,,0.0,0,6.3661094610326625,6.311785417774922,8.950000000000001,44719.861188948766,37865.76374596972,0.0,15.36,30,1.0,2958.8179892482,2514.9952908609703,48565.59153059497,41407.61905100573,0.0,45447.44431485235,38630.3276676245,16.413848944772337,16.464292876202748,flat,flat,7157.97247958924,14.738773386668042,6854.097442979044,443.8226983872296,14.999999999999988,0.05432404325774076,0.8533319068775284,0.85,True,-2766.5012126404617,False,False,False,0.7212445416821978,True
KLNC0335,Kalyanpur,Commercial,Commercial,41.84160261653365,0.5110797241775474,2.887522731898998,22.7858738193406,0.29969400543407226,LT-E,2101.1939505327887,1786.014857952871,0.0,315.1790925799183,0,693,7181.631034020286,0.0,30,,0.0,0,7.168995536260018,7.168995536260018,8.15,32623.728592726504,27530.791139076617,0.0,15.36,30,1.0,2101.1939505327887,1786.014857952871,34658.23103419282,29575.022629063904,0.0,32274.339080183632,27433.188218156098,16.494541603551024,16.559225415942382,flat,flat,5083.208405128913,14.666670090905578,5092.937453649887,315.1790925799178,14.999999999999975,0.0,0.0,0.85,True,-2098.4226288913733,False,False,False,0.7078069565324531,True
KLNC0336,Kalyanpur,Commercial,Commercial,41.84160261653365,0.5263957338308654,2.1139131118179093,24.87136939129114,0.19222889420024764,LT-E,2235.348441437561,1919.9353990160437,41.46220821094139,315.413042421517,60,1020,7932.401794478565,0.0,30,,0.0,0,6.596714497714954,5.401644585516346,7.45,34792.22343484304,29671.11757653885,0.0,15.36,30,1.0,2235.348441437561,1919.9353990160437,36755.72466350498,31668.74311533075,0.0,34334.95206048094,29490.20772888643,16.442950898459138,16.49469202534669,flat,flat,5086.98154817423,13.839970765765175,5121.105858304192,315.4130424215175,14.110240559126172,1.1950699121986084,18.116138156540963,0.8514782216716136,True,-2845.420246304335,False,False,False,0.6412914625322029,True
KLNC0337,Kalyanpur,Commercial,Commercial,41.84160261653365,0.507008687409017,2.272281485723974,15.457680710848907,0.3040878570749878,LT-E,1902.37677370972,1617.0202576532638,0.0,285.3565160564582,0,747,4410.949913960964,0.0,30,,0.0,0,5.008857444148071,5.008857444148071,7.050000000000001,29266.40844205823,24713.130695004496,0.0,15.36,30,1.0,1902.37677370972,1617.0202576532638,31347.757606390365,26745.52771543184,0.0,29220.5072441813,24837.431157554132,16.47820665159869,16.540007825410225,flat,flat,4602.229890958526,14.681209255045225,4553.277747053733,285.35651605645626,14.999999999999908,0.0,0.0,0.8499999999999999,True,191.2799769975618,True,True,True,1.0433648036655658,True
KLNC0338,Kalyanpur,Commercial,Commercial,41.84160261653365,0.4649837302391815,2.942367995155056,23.987691235108052,0.20813304550318823,LT-E,2319.075908929075,1971.2145225897134,0.0,347.8613863393613,0,870,8344.391528125234,0.0,30,,0.0,0,7.361904807524984,7.361904807524984,7.55,34829.56164522108,29563.979782898616,0.0,15.36,30,1.0,2319.075908929075,1971.2145225897134,38115.531259208125,32505.222820326897,0.0,35621.00596115059,30277.855066977998,16.435654871172147,16.48994690726135,flat,flat,5610.308438881228,14.719218789652484,5265.581862322466,347.8613863393616,15.000000000000016,0.0,0.0,0.85,True,-2734.0830892440063,False,False,False,0.6723448222643164,True
KLNC0339,Kalyanpur,Commercial,Commercial,41.84160261653365,0.6172976318721086,2.3217816301788,22.389958677522156,0.31117985003107423,LT-E,7123.954240921245,6055.361104783059,0.0,1068.593136138187,0,502,23925.75616121781,0.0,30,,0.0,0,23.463369783941655,22.93890991143914,20.55,111498.13570216762,92998.00476472738,0.0,15.36,30,1.0,7123.954240921245,6055.361104783059,116837.10899757783,99602.83889794118,0.0,109423.93714055032,93010.34656946779,16.40059790480474,16.448703417417345,flat,flat,17234.270099636648,14.750681737592407,18500.130937440248,1068.5931361381863,14.999999999999995,0.5244598725025149,2.2352282614641976,0.85,True,-6691.486061581163,False,True,False,0.7203229015420773,True
KLNC0340,Kalyanpur,Commercial,Commercial,41.84160261653365,0.5257567337657183,3.1239955415108285,20.831157685675066,0.2712180970486998,LT-E,2484.717200892598,2112.0096207587094,0.0,372.7075801338898,0,598,7763.930372415434,0.0,30,,0.0,0,10.670504094078158,10.670504094078158,11.95,38207.81784550116,32158.477008279446,0.0,15.36,30,1.0,2484.717200892598,2112.0096207587094,41202.79401599582,35191.76616359647,0.0,38165.256205710306,32440.467774853776,16.582488341608585,16.662692166598337,flat,flat,6011.027852399355,14.588884069526312,6049.340837221713,372.70758013388877,14.999999999999961,0.0,0.0,0.85,True,-1752.9025200160795,False,False,False,0.7742248531434557,True
KLNC0341,Kalyanpur,Industrial,Industrial,37.84738363836992,0.6062703761129841,1.7018875497204804,20.322559238193055,0.37151970322762234,LT-C1,3839.5846204653203,3300.4016420643266,55.89624752423623,539.1829784009939,60,960,11052.70714651716,0.0,30,,0.0,0,13.233333452293133,11.72646287578242,17.4,46282.492022846374,39608.93075360302,0.0,12.73,30,1.0,3839.5846204653203,3300.4016420643266,52198.7678294497,44991.778548652816,0.0,48877.91221852353,42014.112903478876,13.594899706396813,13.632213114677604,flat,flat,7206.989280796886,13.806818782283248,6673.561269243357,539.1829784009938,14.042742423935692,1.5068705765107122,11.386931206283439,0.8537494200759053,True,-3845.717865720273,False,True,False,0.6520564767761802,True
KLNC0342,Kalyanpur,Industrial,Industrial,37.84738363836992,0.8290050527914574,1.1785572829107167,16.103049406449557,0.39200092157735844,LT-C1,6184.155937536315,5760.059191668496,0.0,424.0967458678185,0,630,6829.250851823963,0.0,30,,0.0,0,18.989886179578274,17.205186044209043,21.9,76502.63003896053,71326.38508519124,0.0,12.73,30,1.0,6184.155937536315,5760.059191668496,83764.28033907915,78095.59118543695,0.0,78724.3050848373,73325.55350993996,13.54498191590714,13.558123030818242,flat,flat,5668.6891536422045,6.767430139309095,5176.244953769288,424.09674586781875,6.857795148625784,1.7847001353692313,9.39816130803616,0.9314220485137422,True,-1160.5616981817584,False,True,False,0.8300601744813936,True
KLNC0343,Kalyanpur,Industrial,Industrial,37.84738363836992,0.5801264917410442,2.2705636211298827,21.579602717712515,0.36351544804933283,LT-C1,6299.342681755865,5566.8261514005535,89.3049410022843,732.5165303553083,90,900,16010.188259451683,0.0,30,,0.0,0,23.087285218540654,20.3498288350306,32.9,77120.73438164264,67933.30587457679,0.0,12.73,30,1.0,6299.342681755865,5566.8261514005535,85858.32395568976,76067.1417526955,0.0,80190.63233875216,70865.69690732905,13.62972746416104,13.664364520087956,flat,flat,9791.182202994256,11.40388229340156,9187.428507065852,732.5165303553113,11.628459783221878,2.737456383510054,11.856986898189705,0.8780446555191874,True,-6219.006056457427,False,False,False,0.6115594672794675,True
KLNC0344,Kalyanpur,Industrial,Industrial,37.84738363836992,0.7054136966494513,2.0717702317287046,15.792435011125601,0.3952149101336858,LT-C1,1975.229748528386,1841.6233606065289,74.13598455630122,133.60638792185446,30,720,2263.5629242307673,0.0,30,,0.0,0,8.764520840878276,8.511068151502174,14.2,23971.277518403553,22134.08993253109,0.0,12.73,30,1.0,1975.229748528386,1841.6233606065289,27117.58843370467,25331.73864954717,0.0,25144.674698766354,23443.865380521114,13.728827471289456,13.755113662982803,flat,flat,1785.8497841575008,6.585577432607738,1837.1875858724634,133.60638792185705,6.76409354513815,0.2534526893761022,2.891803145632137,0.9173459280541871,True,-477.71314007326646,False,True,False,0.7889552196850861,True
KLNC0345,Kalyanpur,Industrial,Industrial,37.84738363836992,0.6954888052396004,2.046567967191764,19.727231651688914,0.40104611137049706,LT-C1,4975.379139379207,4229.072268472326,0.0,746.3068709068812,0,880,14722.568525627139,0.0,30,,0.0,0,17.96781404002838,17.96781404002838,22.5,59254.53229614531,50278.27852501807,0.0,12.73,30,1.0,4975.379139379207,4229.072268472326,67637.40526651217,57661.89447653535,0.0,63336.57644429731,53836.089977652715,13.59442232877784,13.634643916209226,flat,flat,9975.510789976819,14.74851193754438,8976.253771127245,746.3068709068812,15.000000000000004,0.0,0.0,0.85,True,-4747.05773565032,False,True,False,0.6775659269381388,True
KLNC0346,Kalyanpur,Industrial,Industrial,37.84738363836992,0.5784397304377872,2.4840206144130272,25.283093471747364,0.4105626408855633,LT-C1,6389.100027367196,5608.429825884572,116.14223826276398,780.6702014826225,60,960,20026.257388741764,0.0,30,,0.0,0,20.671136721904226,18.37509778082324,26.2,77132.47560025087,67364.65764407175,0.0,12.73,30,1.0,6389.100027367196,5608.429825884572,86720.38551580363,76285.55726768615,0.0,81333.2433483844,71395.3116835106,13.573176995874823,13.601945577638434,flat,flat,10434.828248117483,12.032728159650391,9767.817956179118,780.6702014826242,12.218781958940792,2.2960389410809867,11.107463377415442,0.8705409066621597,True,-9591.429140624281,False,False,False,0.5210573321595112,True
KLNC0347,Kalyanpur,Industrial,Industrial,37.84738363836992,0.7128935984571388,2.2620994900098683,16.378522781445213,0.38755931844744873,LT-C1,4748.159786973586,4035.935818927548,0.0,712.2239680460377,0,762,11665.176486133343,0.0,30,,0.0,0,15.589152294135918,15.580554411643543,17.7,57737.35064803756,48702.563084108675,0.0,12.73,30,1.0,4748.159786973586,4035.935818927548,64358.357792582436,54838.416123695075,0.0,60444.07408817375,51377.46297494769,13.554379102646754,13.587534238407947,flat,flat,9519.94166888736,14.79208294836972,9034.787563928883,712.223968046038,15.0,0.008597882492374254,0.05515298285724279,0.8500000000000001,True,-2145.2348172459824,False,True,False,0.8160992403504507,True
KLNC0348,Kalyanpur,Industrial,Industrial,37.84738363836992,0.5407022596950631,1.8016032067576087,21.080493806680614,0.41035478052209784,LT-C1,3822.596643714025,3249.207147156922,0.0,573.3894965571038,0,751,12087.333730987739,0.0,30,,0.0,0,11.702383677239588,11.577442313917281,15.6,46387.98676161447,39343.203582920316,0.0,12.73,30,1.0,3822.596643714025,3249.207147156922,51880.978038203524,44216.767332473006,0.0,48661.65527447954,41362.40698330762,13.57218217713813,13.608479031927212,flat,flat,7664.210705730518,14.77267969020714,7044.783178694153,573.389496557103,14.999999999999982,0.1249413633223071,1.0676573830450484,0.85,True,-4423.12302525722,False,False,False,0.6340695869166031,True
KLNC0349,Kalyanpur,Industrial,Industrial,37.84738363836992,0.5686289383924172,2.0736595239112,16.16035014504871,0.30027390278705984,LT-C1,3867.349199753605,3441.668769421618,69.43764400667622,425.6804303319875,60,600,7023.134835872332,0.0,30,,0.0,0,14.634790763733484,12.739572603767122,18.099999999999998,46373.75054393513,41051.59356886888,0.0,12.73,30,1.0,3867.349199753605,3441.668769421618,52605.163078506564,46915.30560647407,0.0,49231.355312863394,43812.4434347372,13.602382500617768,13.631557465176497,flat,flat,5689.857472032498,10.81615784279787,5322.156975066253,425.6804303319868,11.007033715990985,1.8952181599663618,12.9500871625914,0.8827477260228923,True,-1333.277363839834,False,True,False,0.8101592244776787,True
KLNC0350,Kalyanpur,Industrial,Industrial,37.84738363836992,0.6490678318257149,1.8140652092756826,15.428039548730455,0.42461133835133336,LT-C1,3707.809997668967,3156.0589860538544,11.051220088080363,551.7510116151128,24,900,8532.484062131833,0.0,30,,0.0,0,12.659013694757867,10.77921371889244,18.5,44948.02080902852,38318.64296683761,0.0,12.73,30,1.0,3707.809997668967,3156.0589860538544,50492.84233384224,43117.86243708884,0.0,47200.42127032595,40176.63089246557,13.617969196260375,13.661931740699439,flat,flat,7374.979896753401,14.605990781807117,6629.3778421909155,551.7510116151125,14.880779003292735,1.8797999758654278,14.849497924501481,0.8500000000000001,True,-1157.504165378432,False,True,False,0.8643414793453208,True
KLNC0351,Kalyanpur,Industrial,Industrial,37.84738363836992,0.5226793150094735,1.777737364849414,25.716877416022207,0.3579150458677165,LT-C1,4022.960575661585,3428.79561034136,23.197802572529017,594.1649653202263,27,707,15321.307178450934,0.0,30,,0.0,0,13.044926855869182,12.984099742276063,17.099999999999998,48661.52660613155,41290.999537396696,0.0,12.73,30,1.0,4022.960575661585,3428.79561034136,54634.74253458058,46692.83652562779,0.0,51212.28812817198,43648.56811964551,13.58073028731975,13.617853564907943,flat,flat,7941.906008952792,14.536365763828817,7370.527068734853,594.1649653202253,14.769345961649488,0.060827113593118654,0.46628941860069745,0.85,True,-7379.401169498142,False,False,False,0.5183569467312097,True
KLNC0352,Kalyanpur,Industrial,Industrial,37.84738363836992,0.5668202681550005,1.732666979915341,25.756059121004235,0.4329379043120656,LT-C1,3259.799373648443,2772.2784187419234,3.6223778518662986,487.5209549065202,2,540,12562.894911793477,0.0,30,,0.0,0,11.50244788275625,11.50244788275625,10.3,39235.305181043936,33090.14098776856,0.0,12.73,30,1.0,3259.799373648443,2772.2784187419234,44091.22832787192,37574.77948411392,0.0,41497.246026544686,35291.104270584685,13.525749064281827,13.553753919552417,flat,flat,6516.448843758,14.779467687541558,6145.164193275377,487.5209549065198,14.955550910511253,0.0,0.0,0.8499999999999999,True,-6046.446068035477,False,False,False,0.5187059901011074,True
KLNC0353,Kalyanpur,Industrial,Industrial,37.84738363836992,0.736221288197259,1.7902372211473032,21.75501500597185,0.3464180897517008,LT-C1,6878.185823925011,6260.228353927664,24.160310328935214,617.957469997349,30,960,13486.926719670057,0.0,30,,0.0,0,18.501773233350992,16.358823417125542,27.4,83911.3094824711,76427.308369202,0.0,12.73,30,1.0,6878.185823925011,6260.228353927664,93318.23081549366,85058.30229277413,0.0,87559.3055385654,79692.70694549917,13.567273871970205,13.587092592143,flat,flat,8259.928522719536,8.851355678882134,7484.0011132691,617.9574699973473,8.984309028811788,2.1429498162254497,11.582402341644766,0.9087518700140652,True,-5226.998196950521,False,True,False,0.6124396383553278,True
KLNC0354,Kalyanpur,Industrial,Industrial,37.84738363836992,0.5370861011437649,2.2900333952852754,22.232846226213926,0.34340018578708353,LT-C1,3709.679947200432,3153.2279551203665,0.0,556.4519920800647,0,717,12371.51157218649,0.0,30,,0.0,0,12.504816823560745,12.504816823560745,19.0,45510.601150046125,38631.20851168911,0.0,12.73,30,1.0,3709.679947200432,3153.2279551203665,50543.03701425457,43105.22146211638,0.0,47224.2257278615,40140.59186868227,13.624635476275431,13.670188795618156,flat,flat,7437.815552138192,14.715806551237744,6879.392638357014,556.4519920800653,15.000000000000014,0.0,0.0,0.8500000000000001,True,-4933.696020048297,False,False,False,0.6012050757693842,True
KLNC0355,Kalyanpur,Industrial,Industrial,37.84738363836992,0.6446192350262605,2.20653479351065,24.82653158194638,0.3713924887619942,LT-C1,2523.0419877664344,2144.5856896014698,0.0,378.45629816496523,0,490,9395.757238779026,0.0,30,,0.0,0,10.949589693961371,10.949589693961371,14.1,30945.653217458013,26123.363738414635,0.0,12.73,30,1.0,2523.0419877664344,2144.5856896014698,34434.88072948005,29376.244620058045,0.0,32118.32450426671,27300.575828626712,13.648159997513204,13.697864702956709,flat,flat,5058.636109422005,14.69044179116687,4822.289479043378,378.45629816496466,14.99999999999998,0.0,0.0,0.85,True,-4337.121129357021,False,False,False,0.5383957866156376,True
KLNC0356,Kalyanpur,Industrial,Industrial,37.84738363836992,0.7464353217531766,1.9895393205422105,24.286845034188506,0.3107599401760826,LT-C1,3406.3531637490414,3293.3912263195903,0.0,112.9619374294517,0,630,2743.4890691107917,0.0,30,,0.0,0,10.061855649955572,9.70324632478271,14.2,40821.87388038291,39445.497222483595,0.0,12.73,30,1.0,3406.3531637490414,3293.3912263195903,46246.69956325156,44736.7938266008,0.0,43362.875774525295,41924.870311048384,13.576601526646263,13.583807920869084,flat,flat,1509.9057366507623,3.264894037650548,1376.3766578993163,112.96193742945115,3.3162133225529953,0.35860932517286237,3.564047603629116,0.9668378667744699,True,-1233.5833324600294,False,True,False,0.5503596692441521,True
KLNC0357,Kalyanpur,Hospital,Hospital,4.522339746454612,0.0377893415976123,221.113753919836,4642.427384737005,0.05852971793905632,LT-D1,37404.389510879555,37404.389510879555,0.0,0.0,0,0,0.0,0.0,0,,0.0,0,73.21842972874462,73.21842972874462,95.0,338509.72507346,338509.72507346,0.0,9.05,30,1.0,37404.389510879555,37404.389510879555,361420.211327133,361420.211327133,0.0,338509.72507346,338509.72507346,9.662507958377699,9.662507958377699,flat,flat,0.0,0.0,0.0,0.0,0.0,0.0,0.0,1.0,True,0.0,False,False,False,,False
KLNC0358,Kalyanpur,Hospital,Hospital,4.522339746454612,0.003908112470187727,206.18344060507442,4588.668188137328,0.05803399663311229,LT-D1,38274.62892316876,38274.62892316876,0.0,0.0,0,0,0.0,0.0,0,,0.0,0,70.3687940336608,70.3687940336608,77.5,346385.39175467734,346385.39175467734,0.0,9.05,30,1.0,38274.62892316876,38274.62892316876,368587.1613424112,368587.1613424112,0.0,346385.39175467734,346385.39175467734,9.630064920611014,9.630064920611014,flat,flat,0.0,0.0,0.0,0.0,0.0,0.0,0.0,1.0,True,0.0,False,False,False,,False
KLNC0359,Kalyanpur,Hospital,Hospital,4.522339746454612,0.015936268317640008,195.74293973991718,5531.592915403516,0.04795029808799475,LT-D1,48012.403976748865,48012.403976748865,0.0,0.0,0,0,0.0,0.0,0,,0.0,0,84.3113585833576,84.3113585833576,92.5,434512.2559895773,434512.2559895773,0.0,9.05,30,1.0,48012.403976748865,48012.403976748865,462065.36878905614,462065.36878905614,0.0,434512.2559895773,434512.2559895773,9.623874884765657,9.623874884765657,flat,flat,0.0,0.0,0.0,0.0,0.0,0.0,0.0,1.0,True,0.0,False,False,False,,False
KLNC0360,Kalyanpur,Hospital,Hospital,4.522339746454612,0.01711322030701757,224.91845628927456,5273.9872883233675,0.04538790375689651,LT-D1,26974.98673051504,26974.98673051504,0.0,0.0,0,0,0.0,0.0,0,,0.0,0,54.489540911414394,54.489540911414394,66.5,244123.62991116112,244123.62991116112,0.0,9.05,30,1.0,26974.98673051504,26974.98673051504,260519.3114067192,260519.3114067192,0.0,244123.62991116114,244123.62991116114,9.657810549059908,9.657810549059908,flat,flat,0.0,0.0,0.0,0.0,0.0,0.0,0.0,1.0,True,0.0,False,False,False,,False
KLNC0361,Kalyanpur,Hospital,Hospital,4.522339746454612,0.03261323162684451,210.46261928938443,4766.239371593706,0.03542444232877773,LT-D1,34660.11384443765,34660.11384443765,0.0,0.0,0,0,0.0,0.0,0,,0.0,0,58.80363180761417,58.80363180761417,63.5,313674.03029216087,313674.03029216087,0.0,9.05,30,1.0,34660.11384443765,34660.11384443765,333358.2318067688,333358.2318067688,0.0,313674.03029216075,313674.03029216075,9.617920855740843,9.617920855740843,flat,flat,0.0,0.0,0.0,0.0,0.0,0.0,0.0,1.0,True,0.0,False,False,False,,False
KLNC0362,Kalyanpur,Hospital,Hospital,4.522339746454612,0.03417771210627867,199.0739899462726,5024.235883625232,0.06387566139427248,LT-D1,29284.95221533036,29284.95221533036,0.0,0.0,0,0,0.0,0.0,0,,0.0,0,50.910285534710546,50.910285534710546,81.5,265028.8175487397,265028.8175487397,0.0,9.05,30,1.0,29284.95221533036,29284.95221533036,283414.7584261768,283414.7584261768,0.0,265028.8175487398,265028.8175487398,9.677828952639103,9.677828952639103,flat,flat,0.0,0.0,0.0,0.0,0.0,0.0,0.0,1.0,True,0.0,False,False,False,,False
KLNC0363,Kalyanpur,Hospital,Hospital,4.522339746454612,0.023823052468548447,188.3520924466487,5200.9479305826335,0.05220050271431097,LT-D1,43522.871709786916,43522.871709786916,0.0,0.0,0,0,0.0,0.0,0,,0.0,0,76.2937059780185,76.2937059780185,83.0,393881.9889735715,393881.9889735715,0.0,9.05,30,1.0,43522.871709786916,43522.871709786916,418805.08842225024,418805.08842225024,0.0,393881.9889735716,393881.9889735716,9.622643726610399,9.622643726610399,flat,flat,0.0,0.0,0.0,0.0,0.0,0.0,0.0,1.0,True,0.0,False,False,False,,False
KLNC0364,Kalyanpur,Hospital,Hospital,4.522339746454612,0.018513896723701982,161.06402043621407,4670.8371939848585,0.04522862190276618,LT-D1,28110.84001988761,28110.84001988761,0.0,0.0,0,0,0.0,0.0,0,,0.0,0,50.23133778568722,50.23133778568722,63.0,254403.10217998287,254403.10217998287,0.0,9.05,30,1.0,28110.84001988761,28110.84001988761,271092.25728898204,271092.25728898204,0.0,254403.1021799829,254403.1021799829,9.643691084905042,9.643691084905042,flat,flat,0.0,0.0,0.0,0.0,0.0,0.0,0.0,1.0,True,0.0,False,False,False,,False
KLNC0365,Kalyanpur,Hospital,Hospital,4.522339746454612,0.03814120972885127,185.90627963937695,5253.265756948205,0.048055103668772775,LT-D1,29995.114798812825,29995.114798812825,0.0,0.0,0,0,0.0,0.0,0,,0.0,0,52.62070690485271,52.62070690485271,74.5,271455.788929256,271455.788929256,0.0,9.05,30,1.0,29995.114798812825,29995.114798812825,289722.0783757189,289722.0783757189,0.0,271455.7889292561,271455.7889292561,9.658975480473433,9.658975480473433,flat,flat,0.0,0.0,0.0,0.0,0.0,0.0,0.0,1.0,True,0.0,False,False,False,,False
KLNC0366,Kalyanpur,Hospital,Hospital,4.522339746454612,0.00829964306758106,220.03191581555143,5039.953404808149,0.05024071452997755,LT-D1,48322.86802780281,48322.86802780281,0.0,0.0,0,0,0.0,0.0,0,,0.0,0,83.31339148271047,83.31339148271047,103.0,437321.9556516155,437321.9556516155,0.0,9.05,30,1.0,48322.86802780281,48322.86802780281,465677.0534341962,465677.0534341962,0.0,437321.95565161546,437321.95565161546,9.63678424811761,9.63678424811761,flat,flat,0.0,0.0,0.0,0.0,0.0,0.0,0.0,1.0,True,0.0,False,False,False,,False
KLNC0367,Kalyanpur,Hospital,Hospital,4.522339746454612,0.009738867770621112,169.0829512191493,4550.49007262783,0.059557090351027235,LT-D1,23117.055570837485,23117.055570837485,0.0,0.0,0,0,0.0,0.0,0,,0.0,0,38.75709721547267,38.75709721547267,52.0,209209.35291607928,209209.35291607928,0.0,9.05,30,1.0,23117.055570837485,23117.055570837485,222945.8205618832,222945.8205618832,0.0,209209.35291607925,209209.35291607925,9.644213549546194,9.644213549546194,flat,flat,0.0,0.0,0.0,0.0,0.0,0.0,0.0,1.0,True,0.0,False,False,False,,False
KLNC0368,Kalyanpur,Hospital,Hospital,4.522339746454612,0.009993166646579123,221.9266035588224,5172.880271456225,0.0418363285757814,LT-D1,45088.00955231303,45088.00955231303,0.0,0.0,0,0,0.0,0.0,0,,0.0,0,75.98232035164787,75.98232035164787,92.5,408046.4864484331,408046.4864484331,0.0,9.05,30,1.0,45088.00955231303,45088.00955231303,434276.3107708546,434276.3107708546,0.0,408046.48644843296,408046.48644843296,9.63174722244034,9.63174722244034,flat,flat,0.0,0.0,0.0,0.0,0.0,0.0,0.0,1.0,True,0.0,False,False,False,,False
KLNC0369,Kalyanpur,Educational,Educational,32.2077240164891,0.4690381512156441,4.064632193778081,35.81225941100693,0.24571338445952592,LT-D1,2060.390987255386,2060.390987255386,0.0,0.0,0,0,0.0,0.0,0,,0.0,0,7.41064259289127,7.41064259289127,10.5,18646.538434661245,18646.538434661245,0.0,9.05,30,1.0,2060.390987255386,2060.390987255386,20240.365356394308,20240.365356394308,0.0,18646.538434661245,18646.538434661245,9.823555568623496,9.823555568623496,flat,flat,0.0,0.0,0.0,0.0,0.0,0.0,0.0,1.0,True,0.0,False,False,False,,False
KLNC0370,Kalyanpur,Educational,Educational,32.2077240164891,0.4587274846804966,2.947621845248375,46.03745692149742,0.21499514548298096,LT-D1,5876.466546057578,5876.466546057578,0.0,0.0,0,0,0.0,0.0,0,,0.0,0,20.42311075402005,20.42311075402005,19.2,53182.02224182108,53182.02224182108,0.0,9.05,30,1.0,5876.466546057578,5876.466546057578,57050.72335391214,57050.72335391214,0.0,53182.02224182108,53182.02224182108,9.708337979425153,9.708337979425153,flat,flat,0.0,0.0,0.0,0.0,0.0,0.0,0.0,1.0,True,0.0,False,False,False,,False
KLNC0371,Kalyanpur,Educational,Educational,32.2077240164891,0.531266200040287,5.237368719919592,31.80489005311126,0.25833929285337953,LT-D1,8611.299861791722,8611.299861791722,0.0,0.0,0,0,0.0,0.0,0,,0.0,0,24.003963551179567,24.003963551179567,23.0,77932.26374921508,77932.26374921508,0.0,9.05,30,1.0,8611.299861791722,8611.299861791722,83277.87693667584,83277.87693667584,0.0,77932.26374921508,77932.26374921508,9.67076727941843,9.67076727941843,flat,flat,0.0,0.0,0.0,0.0,0.0,0.0,0.0,1.0,True,0.0,False,False,False,,False
KLNC0372,Kalyanpur,Educational,Educational,32.2077240164891,0.4868033167919624,3.9950675865648555,38.466483696681394,0.27352798409765894,LT-D1,12662.007886338344,12662.007886338344,0.0,0.0,0,0,0.0,0.0,0,,0.0,0,42.5291484389807,42.5291484389807,32.9,114591.17137136203,114591.17137136203,0.0,9.05,30,1.0,12662.007886338344,12662.007886338344,122393.42993993012,122393.42993993012,0.0,114591.17137136203,114591.17137136203,9.666194417078696,9.666194417078696,flat,flat,0.0,0.0,0.0,0.0,0.0,0.0,0.0,1.0,True,0.0,False,False,False,,False
KLNC0373,Kalyanpur,Educational,Educational,32.2077240164891,0.4395674766469571,4.912210485270211,43.22831502913025,0.2389128763463667,LT-D1,6121.597027338107,6121.597027338107,0.0,0.0,0,0,0.0,0.0,0,,0.0,0,21.95695663531587,21.95695663531587,20.4,55400.45309740989,55400.45309740989,0.0,9.05,30,1.0,6121.597027338107,6121.597027338107,59455.67575228037,59455.67575228037,0.0,55400.453097409874,55400.453097409874,9.712445214338759,9.712445214338759,flat,flat,0.0,0.0,0.0,0.0,0.0,0.0,0.0,1.0,True,0.0,False,False,False,,False
KLNC0374,Kalyanpur,Educational,Educational,32.2077240164891,0.4343457537371318,3.3912784002327694,34.01609151027222,0.1872248814081816,LT-D1,3048.4868669879943,3048.4868669879943,0.0,0.0,0,0,0.0,0.0,0,,0.0,0,10.37099576130964,10.37099576130964,10.399999999999999,27588.806146241357,27588.806146241357,0.0,9.05,30,1.0,3048.4868669879943,3048.4868669879943,29623.446453553417,29623.446453553417,0.0,27588.80614624135,27588.80614624135,9.717426299042042,9.717426299042042,flat,flat,0.0,0.0,0.0,0.0,0.0,0.0,0.0,1.0,True,0.0,False,False,False,,False
KLNC0375,Kalyanpur,Educational,Educational,32.2077240164891,0.4606482083948239,3.6624518161939505,37.78252894701446,0.2853843975932727,LT-D1,1865.530575496687,1865.530575496687,0.0,0.0,0,0,0.0,0.0,0,,0.0,0,5.875064105477131,5.875064105477131,7.699999999999999,16883.05170824502,16883.05170824502,0.0,9.05,30,1.0,1865.530575496687,1865.530575496687,18212.30429365727,18212.30429365727,0.0,16883.05170824502,16883.05170824502,9.762533261513736,9.762533261513736,flat,flat,0.0,0.0,0.0,0.0,0.0,0.0,0.0,1.0,True,0.0,False,False,False,,False
KLNC0376,Kalyanpur,Educational,Educational,32.2077240164891,0.3313934983333149,3.131211075989609,42.58881058329511,0.1951621247570469,LT-D1,8475.028906180214,8475.028906180214,0.0,0.0,0,0,0.0,0.0,0,,0.0,0,30.993240185565814,30.993240185565814,30.2,76699.01160093093,76699.01160093093,0.0,9.05,30,1.0,8475.028906180214,8475.028906180214,82436.56218097749,82436.56218097749,0.0,76699.01160093094,76699.01160093094,9.726994809523609,9.726994809523609,flat,flat,0.0,0.0,0.0,0.0,0.0,0.0,0.0,1.0,True,0.0,False,False,False,,False
KLNC0377,Kalyanpur,Educational,Educational,32.2077240164891,0.5036900145674883,4.4127163079740965,37.57295131637641,0.32500525976784445,LT-D1,1433.614602272143,1433.614602272143,0.0,0.0,0,0,0.0,0.0,0,,0.0,0,4.600056864714095,4.600056864714095,6.199999999999999,12974.2121505629,12974.2121505629,0.0,9.05,30,1.0,1433.614602272143,1433.614602272143,14013.52275809104,14013.52275809104,0.0,12974.212150562895,12974.212150562895,9.774958162312895,9.774958162312895,flat,flat,0.0,0.0,0.0,0.0,0.0,0.0,0.0,1.0,True,0.0,False,False,False,,False
KLNC0378,Kalyanpur,Educational,Educational,32.2077240164891,0.39754905007601565,4.833672427015431,34.46061966599529,0.2608034419367525,LT-D1,2208.65278582822,2208.65278582822,0.0,0.0,0,0,0.0,0.0,0,,0.0,0,6.627911913800073,6.627911913800073,6.699999999999999,19988.307711745387,19988.307711745387,0.0,9.05,30,1.0,2208.65278582822,2208.65278582822,21409.823097332664,21409.823097332664,0.0,19988.307711745394,19988.307711745394,9.693611976816094,9.693611976816094,flat,flat,0.0,0.0,0.0,0.0,0.0,0.0,0.0,1.0,True,0.0,False,False,False,,False
KLNC0379,Kalyanpur,Educational,Educational,32.2077240164891,0.6147414106029814,5.150926800877877,47.53082801981596,0.28448832878702596,LT-D1,6055.336358196331,6055.336358196331,0.0,0.0,0,0,0.0,0.0,0,,0.0,0,28.880287883726243,28.880287883726243,30.5,54800.79404167681,54800.79404167681,0.0,9.05,30,1.0,6055.336358196331,6055.336358196331,59462.333743760646,59462.333743760646,0.0,54800.7940416768,54800.7940416768,9.81982341299243,9.81982341299243,flat,flat,0.0,0.0,0.0,0.0,0.0,0.0,0.0,1.0,True,0.0,False,False,False,,False
KLNC0380,Kalyanpur,Educational,Educational,32.2077240164891,0.4508284368759,3.4632079336706045,44.0156019830533,0.2949352804623851,LT-D1,2222.8960990708947,2222.8960990708947,0.0,0.0,0,0,0.0,0.0,0,,0.0,0,8.524818869120455,8.524818869120455,10.899999999999999,20117.209696591603,20117.209696591603,0.0,9.05,30,1.0,2222.8960990708947,2222.8960990708947,21809.77018142118,21809.77018142118,0.0,20117.2096965916,20117.2096965916,9.811421321283088,9.811421321283088,flat,flat,0.0,0.0,0.0,0.0,0.0,0.0,0.0,1.0,True,0.0,False,False,False,,False
KLNC0381,Kalyanpur,Educational,Educational,32.2077240164891,0.330826757125844,3.2941521918975045,38.97553422070491,0.23221206305820513,LT-D1,2118.5998176252397,2118.5998176252397,0.0,0.0,0,0,0.0,0.0,0,,0.0,0,7.820078710449452,7.820078710449452,8.0,19173.32834950842,19173.32834950842,0.0,9.05,30,1.0,2118.5998176252397,2118.5998176252397,20635.994766983844,20635.994766983844,0.0,19173.32834950842,19173.32834950842,9.740392968651788,9.740392968651788,flat,flat,0.0,0.0,0.0,0.0,0.0,0.0,0.0,1.0,True,0.0,False,False,False,,False
KLNC0382,Kalyanpur,Educational,Educational,32.2077240164891,0.33118449150036844,2.94684428180822,45.526644313392026,0.21510852836776767,LT-D1,13178.298639672968,13178.298639672968,0.0,0.0,0,0,0.0,0.0,0,,0.0,0,40.838684398062064,40.838684398062064,29.4,119263.60268904033,119263.60268904033,0.0,9.05,30,1.0,13178.298639672968,13178.298639672968,127078.98282349239,127078.98282349239,0.0,119263.60268904037,119263.60268904037,9.643049250752597,9.643049250752597,flat,flat,0.0,0.0,0.0,0.0,0.0,0.0,0.0,1.0,True,0.0,False,False,False,,False
KLNC0383,Kalyanpur,Educational,Educational,32.2077240164891,0.30159119155994407,4.439560063318042,50.90996134567339,0.2324504501146672,LT-D1,7217.893956392481,7217.893956392481,0.0,0.0,0,0,0.0,0.0,0,,0.0,0,26.685276264428524,26.685276264428524,25.7,65321.94030535197,65321.94030535197,0.0,9.05,30,1.0,7217.893956392481,7217.893956392481,70207.13732061956,70207.13732061956,0.0,65321.94030535196,65321.94030535196,9.726817510035744,9.726817510035744,flat,flat,0.0,0.0,0.0,0.0,0.0,0.0,0.0,1.0,True,0.0,False,False,False,,False
KLNC0384,Kalyanpur,Educational,Educational,32.2077240164891,0.4524330246720962,4.773367206291792,38.626811548543785,0.21801567309757516,LT-D1,2652.8061462973474,2652.8061462973474,0.0,0.0,0,0,0.0,0.0,0,,0.0,0,8.065809489181756,8.065809489181756,11.399999999999999,24007.895623990997,24007.895623990997,0.0,9.05,30,1.0,2652.8061462973474,2652.8061462973474,25926.490405190547,25926.490405190547,0.0,24007.895623990997,24007.895623990997,9.773232183353251,9.773232183353251,flat,flat,0.0,0.0,0.0,0.0,0.0,0.0,0.0,1.0,True,0.0,False,False,False,,False
KLNC0385,Kalyanpur,Educational,Educational,32.2077240164891,0.36646437455266223,5.5499215811632,43.31624308657588,0.2421527587240822,LT-D1,2642.4778693758676,2642.4778693758676,0.0,0.0,0,0,0.0,0.0,0,,0.0,0,7.041405375516168,7.041405375516168,10.2,23914.4247178516,23914.4247178516,0.0,9.05,30,1.0,2642.4778693758676,2642.4778693758676,25752.745953744186,25752.745953744186,0.0,23914.424717851605,23914.424717851605,9.745680844557757,9.745680844557757,flat,flat,0.0,0.0,0.0,0.0,0.0,0.0,0.0,1.0,True,0.0,False,False,False,,False
KLNC0386,Kalyanpur,Educational,Educational,32.2077240164891,0.3924167669538951,3.3122326787161347,43.24120089413816,0.2644653248668255,LT-D1,1688.691948814847,1688.691948814847,0.0,0.0,0,0,0.0,0.0,0,,0.0,0,6.909226935497092,6.909226935497092,7.3999999999999995,15282.662136774366,15282.662136774366,0.0,9.05,30,1.0,1688.691948814847,1688.691948814847,16512.995243613084,16512.995243613084,0.0,15282.662136774366,15282.662136774366,9.778571666195358,9.778571666195358,flat,flat,0.0,0.0,0.0,0.0,0.0,0.0,0.0,1.0,True,0.0,False,False,False,,False
KLNC0387,Kalyanpur,Educational,Educational,32.2077240164891,0.4079888236138065,5.207509461439235,39.582630904179176,0.2056148487501925,LT-D1,2104.967459254294,2104.967459254294,0.0,0.0,0,0,0.0,0.0,0,,0.0,0,9.247256299618826,9.247256299618826,10.1,19049.955506251365,19049.955506251365,0.0,9.05,30,1.0,2104.967459254294,2104.967459254294,20638.75328156393,20638.75328156393,0.0,19049.955506251365,19049.955506251365,9.804784957994276,9.804784957994276,flat,flat,0.0,0.0,0.0,0.0,0.0,0.0,0.0,1.0,True,0.0,False,False,False,,False
KLNC0388,Kalyanpur,Educational,Educational,32.2077240164891,0.35495301808208246,6.425524253941575,34.67126990144977,0.19350608841170366,LT-D1,7763.343870338437,7763.343870338437,0.0,0.0,0,0,0.0,0.0,0,,0.0,0,31.241048402109836,31.241048402109836,32.2,70258.2620265629,70258.2620265629,0.0,9.05,30,1.0,7763.343870338437,7763.343870338437,75799.77512789101,75799.77512789101,0.0,70258.26202656286,70258.26202656286,9.763804926573036,9.763804926573036,flat,flat,0.0,0.0,0.0,0.0,0.0,0.0,0.0,1.0,True,0.0,False,False,False,,False
KLNC0389,Kalyanpur,Government,Government,43.345383890742546,0.3367858279638008,4.142981442114474,39.117959638549756,0.18171592811232304,LT-E,2651.129985748426,2651.129985748426,0.0,0.0,0,0,0.0,0.0,0,,0.0,0,8.951063689014443,8.951063689014443,9.8,38785.999950741265,38785.999950741265,0.0,15.36,30,1.0,2651.129985748426,2651.129985748426,43683.52441015062,43683.52441015062,0.0,40721.356581095824,40721.356581095824,16.477322743501226,16.477322743501226,flat,flat,0.0,0.0,0.0,0.0,0.0,0.0,0.0,1.0,True,0.0,False,False,False,,False
KLNC0390,Kalyanpur,Government,Government,43.345383890742546,0.3087955469856391,5.308017201938748,49.29081841448871,0.23108689653166029,LT-E,5838.317926486511,5838.317926486511,0.0,0.0,0,0,0.0,0.0,0,,0.0,0,18.714981540556863,18.714981540556863,18.499999999999996,85105.63359855408,85105.63359855408,0.0,15.36,30,1.0,5838.317926486511,5838.317926486511,95908.64151837444,95908.64151837444,0.0,89676.5633508328,89676.5633508328,16.427444124491537,16.427444124491537,flat,flat,0.0,0.0,0.0,0.0,0.0,0.0,0.0,1.0,True,0.0,False,False,False,,False
KLNC0391,Kalyanpur,Government,Government,43.345383890742546,0.41589094004298055,5.161368792096398,44.3695918947802,0.2521626893876839,LT-E,2490.775003239409,2490.775003239409,0.0,0.0,0,0,0.0,0.0,0,,0.0,0,7.276379414218476,7.276379414218476,11.6,36454.7691209765,36454.7691209765,0.0,15.36,30,1.0,2490.775003239409,2490.775003239409,41267.41925224519,41267.41925224519,0.0,38258.304049757324,38258.304049757324,16.568103983127468,16.568103983127468,flat,flat,0.0,0.0,0.0,0.0,0.0,0.0,0.0,1.0,True,0.0,False,False,False,,False
KLNC0392,Kalyanpur,Government,Government,43.345383890742546,0.3219565555329886,4.5840102120725,46.405603830690204,0.24705330790570498,LT-E,2926.780498993545,2926.780498993545,0.0,0.0,0,0,0.0,0.0,0,,0.0,0,10.059721069255067,10.059721069255067,11.600000000000001,43155.33412453986,43155.33412453986,0.0,15.36,30,1.0,2926.780498993545,2926.780498993545,48299.31588776789,48299.31588776789,0.0,44955.348464540846,44955.348464540846,16.50254124092222,16.50254124092222,flat,flat,0.0,0.0,0.0,0.0,0.0,0.0,0.0,1.0,True,0.0,False,False,False,,False
KLNC0393,Kalyanpur,Government,Government,43.345383890742546,0.4081764995476865,4.803008539231635,40.366617797756014,0.21373290094275615,LT-E,4060.832729162799,4060.832729162799,0.0,0.0,0,0,0.0,0.0,0,,0.0,0,15.72236161628048,15.72236161628048,15.000000000000002,59678.99196200602,59678.99196200602,0.0,15.36,30,1.0,4060.832729162799,4060.832729162799,66910.61025593762,66910.61025593762,0.0,62374.39071994059,62374.39071994059,16.477066335537597,16.477066335537597,flat,flat,0.0,0.0,0.0,0.0,0.0,0.0,0.0,1.0,True,0.0,False,False,False,,False
KLNC0394,Kalyanpur,Government,Government,43.345383890742546,0.31907161789768845,4.212186634537179,33.28690736283832,0.2286489556523901,LT-E,1278.9380026648748,1278.9380026648748,0.0,0.0,0,0,0.0,0.0,0,,0.0,0,3.544058375572552,3.544058375572552,7.1,19283.765569755273,19283.765569755273,0.0,15.36,30,1.0,1278.9380026648748,1278.9380026648748,21297.6621069791,21297.6621069791,0.0,19644.487720932477,19644.487720932477,16.6526149528765,16.6526149528765,flat,flat,0.0,0.0,0.0,0.0,0.0,0.0,0.0,1.0,True,0.0,False,False,False,,False
KLNC0395,Kalyanpur,Government,Government,43.345383890742546,0.2957766345451226,4.4025964740729435,47.03768802476532,0.20848684926261046,LT-E,5482.576401318383,5482.576401318383,0.0,0.0,0,0,0.0,0.0,0,,0.0,0,19.01988456163023,19.01988456163023,13.200000000000001,80545.04748431328,80545.04748431328,0.0,15.36,30,1.0,5482.576401318383,5482.576401318383,89670.39220046288,89670.39220046288,0.0,84212.37352425036,84212.37352425036,16.35552076919531,16.35552076919531,flat,flat,0.0,0.0,0.0,0.0,0.0,0.0,0.0,1.0,True,0.0,False,False,False,,False
KLNC0396,Kalyanpur,Government,Government,43.345383890742546,0.22178768546063687,4.418628087525342,51.40772438122065,0.1417994212384862,LT-E,3872.3461416357104,3872.3461416357104,0.0,0.0,0,0,0.0,0.0,0,,0.0,0,15.627326323768823,15.627326323768823,17.3,56257.06529131458,56257.06529131458,0.0,15.36,30,1.0,3872.3461416357104,3872.3461416357104,64088.04857230073,64088.04857230073,0.0,59479.23673552451,59479.23673552451,16.550185915257416,16.550185915257416,flat,flat,0.0,0.0,0.0,0.0,0.0,0.0,0.0,1.0,True,0.0,False,False,False,,False
KLNC0397,Kalyanpur,Government,Government,43.345383890742546,0.23046946966162035,4.088093431579646,42.754606977981624,0.23537782473576746,LT-E,3380.2186451865264,3380.2186451865264,0.0,0.0,0,0,0.0,0.0,0,,0.0,0,10.507023911526217,10.507023911526217,12.8,49403.40739684992,49403.40739684992,0.0,15.36,30,1.0,3380.2186451865264,3380.2186451865264,55725.766309568295,55725.766309568295,0.0,51920.158390065044,51920.158390065044,16.485846674126385,16.485846674126385,flat,flat,0.0,0.0,0.0,0.0,0.0,0.0,0.0,1.0,True,0.0,False,False,False,,False
KLNC0398,Kalyanpur,Government,Government,43.345383890742546,0.2607253018916155,4.275370891142514,46.13608812519161,0.16753806423864676,LT-E,3337.877224375454,3337.877224375454,0.0,0.0,0,0,0.0,0.0,0,,0.0,0,12.472847437049264,12.472847437049264,11.600000000000001,48777.580653905046,48777.580653905046,0.0,15.36,30,1.0,3337.877224375454,3337.877224375454,54929.48387472732,54929.48387472732,0.0,51269.794166406966,51269.794166406966,16.456412319061588,16.456412319061588,flat,flat,0.0,0.0,0.0,0.0,0.0,0.0,0.0,1.0,True,0.0,False,False,False,,False
KLNC0399,Kalyanpur,Government,Government,43.345383890742546,0.3681111396238556,3.2613018353081786,45.67065926333949,0.20775123447994442,LT-E,3716.172412559262,3716.172412559262,0.0,0.0,0,0,0.0,0.0,0,,0.0,0,11.132712150396255,11.132712150396255,12.8,54302.949357527614,54302.949357527614,0.0,15.36,30,1.0,3716.172412559262,3716.172412559262,61144.028669755775,61144.028669755775,0.0,57080.40825691026,57080.40825691026,16.453496200314067,16.453496200314067,flat,flat,0.0,0.0,0.0,0.0,0.0,0.0,0.0,1.0,True,0.0,False,False,False,,False
KLNC0400,Kalyanpur,Government,Government,43.345383890742546,0.3137441869168885,7.514141065823928,40.10964104342511,0.2237138607551086,LT-E,5837.264069899267,5837.264069899267,0.0,0.0,0,0,0.0,0.0,0,,0.0,0,18.560230684290595,18.560230684290595,21.8,85951.53919947064,85951.53919947064,0.0,15.36,30,1.0,5837.264069899267,5837.264069899267,96203.49491933538,96203.49491933538,0.0,89660.37611365275,89660.37611365275,16.480922186718125,16.480922186718125,flat,flat,0.0,0.0,0.0,0.0,0.0,0.0,0.0,1.0,True,0.0,False,False,False,,False
